 Monthly Averaged Recharge Values from SWAT
 
 month:           1 year:        2005
  0.0000000E+00
  0.0000000E+00
  0.0000000E+00
  0.0000000E+00
  0.0000000E+00
  0.0000000E+00
  0.0000000E+00
  0.0000000E+00
  0.0000000E+00
  0.0000000E+00
  0.0000000E+00
  0.0000000E+00
  0.0000000E+00
  0.0000000E+00
  0.0000000E+00
  0.0000000E+00
  0.0000000E+00
  0.0000000E+00
  0.0000000E+00
  0.1581042    
  0.0000000E+00
  0.0000000E+00
  0.0000000E+00
  0.0000000E+00
  0.0000000E+00
  0.0000000E+00
  0.0000000E+00
  0.0000000E+00
  0.0000000E+00
  0.0000000E+00
  0.0000000E+00
  0.0000000E+00
  4.0103819E-02
  0.0000000E+00
  0.0000000E+00
  0.0000000E+00
  0.0000000E+00
  0.0000000E+00
  0.0000000E+00
  0.0000000E+00
  0.0000000E+00
  0.0000000E+00
  0.0000000E+00
  0.0000000E+00
  0.0000000E+00
  0.0000000E+00
  0.0000000E+00
  0.0000000E+00
  0.0000000E+00
  0.0000000E+00
  0.0000000E+00
  0.0000000E+00
  0.0000000E+00
  0.0000000E+00
  6.4171746E-02
  0.0000000E+00
  0.0000000E+00
  0.0000000E+00
  0.0000000E+00
  0.0000000E+00
  0.0000000E+00
  0.0000000E+00
  0.0000000E+00
  0.0000000E+00
  0.0000000E+00
  0.1865813    
  0.2260924    
  0.0000000E+00
  0.0000000E+00
  6.4196937E-02
  0.0000000E+00
  0.0000000E+00
  0.1113395    
  0.0000000E+00
  0.0000000E+00
  0.0000000E+00
  0.0000000E+00
  3.8316636E-03
  3.9155786E-03
  0.0000000E+00
  0.0000000E+00
  0.0000000E+00
  0.0000000E+00
  0.0000000E+00
  0.0000000E+00
  0.0000000E+00
  0.0000000E+00
  1.4832121E-02
  3.4228522E-02
  0.0000000E+00
  0.0000000E+00
  0.1666925    
  0.1208920    
  9.2618220E-02
  0.2617956    
  0.3053897    
  0.3029271    
  0.0000000E+00
  0.0000000E+00
  7.1374610E-02
  0.0000000E+00
  0.0000000E+00
  4.6270330E-02
  4.2595800E-02
  0.1190031    
  0.1140271    
  0.0000000E+00
  0.0000000E+00
  0.0000000E+00
  0.0000000E+00
  0.1905448    
  0.1587393    
  0.1574670    
  0.2311818    
  0.2295003    
  0.0000000E+00
  7.1400724E-02
  4.6257213E-02
  4.5485198E-02
  0.1186881    
  0.1175397    
  0.0000000E+00
  0.0000000E+00
  0.0000000E+00
  0.2156336    
  0.2565376    
  0.2478245    
  0.1802000    
  0.1728648    
  0.0000000E+00
  0.0000000E+00
  0.2392507    
  0.2028056    
  0.1945992    
  0.0000000E+00
  0.0000000E+00
  0.2805347    
  0.2732020    
  0.0000000E+00
  0.0000000E+00
  0.1734895    
  0.2168256    
  0.2152119    
  0.1343963    
  0.1400174    
  0.0000000E+00
  2.8941836E-03
  0.0000000E+00
  0.0000000E+00
  6.1273754E-02
  0.1104380    
  0.1055979    
  3.0825656E-02
  3.5080437E-02
  6.1261199E-02
  0.0000000E+00
  0.0000000E+00
  0.1101132    
  0.1089232    
  3.5067938E-02
  3.1727459E-02
  5.4592728E-03
  1.9354824E-02
  0.1062279    
  0.0000000E+00
  0.0000000E+00
  0.0000000E+00
  0.0000000E+00
  0.0000000E+00
  6.2638670E-03
  1.9194886E-02
  0.1463074    
  0.1403156    
  0.0000000E+00
  0.0000000E+00
  0.2930619    
  0.2112130    
  0.1358696    
  0.0000000E+00
  0.0000000E+00
  0.0000000E+00
  0.0000000E+00
  0.2108715    
  0.1645851    
  0.3474226    
  0.3452772    
  0.1016889    
  9.1795497E-02
  0.3299547    
  0.3179618    
  0.2406302    
  0.1215652    
  0.0000000E+00
  0.3867448    
  0.3761734    
  0.1857093    
  0.2408154    
  0.1306196    
  0.1196524    
 
 month:           2 year:        2005
  0.0000000E+00
  0.0000000E+00
  0.0000000E+00
  0.0000000E+00
  0.0000000E+00
  0.0000000E+00
  0.0000000E+00
  0.0000000E+00
  0.0000000E+00
  0.0000000E+00
  0.0000000E+00
  0.0000000E+00
  0.0000000E+00
  0.0000000E+00
  0.0000000E+00
  0.0000000E+00
  0.0000000E+00
  0.0000000E+00
  0.0000000E+00
  0.9548864    
  0.0000000E+00
  0.0000000E+00
  0.0000000E+00
  0.0000000E+00
  0.0000000E+00
  0.0000000E+00
  0.0000000E+00
  0.0000000E+00
  0.0000000E+00
  0.0000000E+00
  0.0000000E+00
  0.0000000E+00
  0.6021683    
  0.0000000E+00
  0.0000000E+00
  0.0000000E+00
  0.0000000E+00
  0.0000000E+00
  0.0000000E+00
  0.0000000E+00
  0.0000000E+00
  0.0000000E+00
  0.0000000E+00
  0.0000000E+00
  0.0000000E+00
  0.0000000E+00
  0.0000000E+00
  0.0000000E+00
  0.0000000E+00
  0.0000000E+00
  0.0000000E+00
  0.0000000E+00
  0.0000000E+00
  0.0000000E+00
  0.8471621    
  0.0000000E+00
  0.0000000E+00
  0.0000000E+00
  0.0000000E+00
  0.0000000E+00
  0.0000000E+00
  0.0000000E+00
  0.0000000E+00
  6.9589451E-02
  6.8910353E-02
   1.271857    
   1.363609    
  0.0000000E+00
  0.0000000E+00
  0.8472976    
  0.0000000E+00
  0.0000000E+00
  0.9426384    
  0.0000000E+00
  0.0000000E+00
  0.0000000E+00
  0.0000000E+00
  0.5023657    
  0.5040905    
  0.0000000E+00
  0.0000000E+00
  0.0000000E+00
  0.0000000E+00
  0.0000000E+00
  0.0000000E+00
  0.0000000E+00
  0.0000000E+00
  0.9268591    
   1.118172    
  0.0000000E+00
  0.0000000E+00
   1.298220    
   1.093995    
  0.9675617    
   1.498788    
   1.591152    
   1.580941    
  0.2369283    
  0.3467689    
  0.8501251    
  0.0000000E+00
  0.0000000E+00
  0.7772791    
  0.7542418    
  0.9467191    
  0.9199528    
  0.0000000E+00
  0.0000000E+00
  0.0000000E+00
  0.0000000E+00
   1.258368    
   1.169150    
   1.161462    
   1.348687    
   1.340013    
  3.9744031E-02
  0.8502639    
  0.7771905    
  0.7719576    
  0.9450230    
  0.9388416    
  0.0000000E+00
  0.0000000E+00
  0.0000000E+00
   1.243527    
   1.335141    
   1.293502    
   1.148428    
   1.111130    
  4.2801309E-02
  4.2985853E-02
   1.308588    
   1.211407    
   1.171153    
  4.9593642E-02
  4.9392086E-02
   1.399215    
   1.365049    
  7.1597267E-03
  7.3354612E-03
   1.109112    
   1.202098    
   1.194302    
  0.9880024    
   1.018061    
  0.4068836    
  0.5215126    
  0.0000000E+00
  0.0000000E+00
  0.7542866    
  0.8539294    
  0.8289692    
  0.6534994    
  0.6788471    
  0.7542226    
  0.0000000E+00
  0.0000000E+00
  0.8522529    
  0.8461123    
  0.6787658    
  0.6585583    
  0.3598314    
  0.4938060    
  0.6601977    
  0.0000000E+00
  0.0000000E+00
  0.0000000E+00
  0.0000000E+00
  0.0000000E+00
  0.3724974    
  0.4924292    
  0.7451466    
  0.7196598    
  0.2136577    
  0.1864557    
   1.140377    
  0.9849375    
  0.7140456    
  0.0000000E+00
  0.0000000E+00
  0.0000000E+00
  0.0000000E+00
  0.9836943    
  0.8165131    
   1.224134    
   1.217015    
  0.8184054    
  0.7832216    
   1.215857    
   1.178884    
   1.051642    
  0.6387308    
  0.0000000E+00
   1.301460    
   1.267594    
  0.8594802    
   1.052296    
  0.8891117    
  0.8512836    
 
 month:           3 year:        2005
  0.0000000E+00
  0.0000000E+00
  0.0000000E+00
  0.0000000E+00
  0.0000000E+00
  0.0000000E+00
  0.0000000E+00
  0.0000000E+00
  0.0000000E+00
  0.0000000E+00
  0.0000000E+00
  0.0000000E+00
  0.0000000E+00
  0.0000000E+00
  0.0000000E+00
  0.0000000E+00
  0.0000000E+00
  0.0000000E+00
  0.0000000E+00
  0.8910757    
  0.0000000E+00
  0.0000000E+00
  0.0000000E+00
  0.0000000E+00
  0.0000000E+00
  0.0000000E+00
  0.0000000E+00
  0.0000000E+00
  0.0000000E+00
  0.0000000E+00
  0.0000000E+00
  0.0000000E+00
  0.5225995    
  0.0000000E+00
  0.0000000E+00
  0.0000000E+00
  0.0000000E+00
  0.0000000E+00
  0.0000000E+00
  0.0000000E+00
  0.0000000E+00
  0.0000000E+00
  0.0000000E+00
  0.0000000E+00
  0.0000000E+00
  0.0000000E+00
  0.0000000E+00
  0.0000000E+00
  0.0000000E+00
  0.0000000E+00
  0.0000000E+00
  0.0000000E+00
  0.0000000E+00
  0.0000000E+00
  0.4687212    
  0.0000000E+00
  0.0000000E+00
  0.0000000E+00
  0.0000000E+00
  0.0000000E+00
  0.0000000E+00
  0.0000000E+00
  0.0000000E+00
  0.5202003    
  0.5193925    
  0.7906055    
  0.8743924    
  0.0000000E+00
  0.0000000E+00
  0.4688042    
  0.0000000E+00
  0.0000000E+00
  0.5409183    
  0.0000000E+00
  0.0000000E+00
  0.0000000E+00
  0.0000000E+00
  0.2315709    
  0.2324774    
  0.0000000E+00
  0.0000000E+00
  0.0000000E+00
  0.0000000E+00
  0.0000000E+00
  0.0000000E+00
  0.0000000E+00
  0.0000000E+00
  0.8572463    
  0.9969800    
  0.0000000E+00
  0.0000000E+00
   1.062411    
  0.9025729    
  0.8041000    
   1.177048    
   1.266983    
   1.258320    
  0.3498774    
  0.4327736    
  0.6140829    
  0.0000000E+00
  0.0000000E+00
  0.5427660    
  0.5255927    
  0.6896027    
  0.6694654    
  9.1482759E-02
  9.2226103E-02
  0.0000000E+00
  0.0000000E+00
  0.9672796    
  0.8939248    
  0.8879225    
   1.040297    
   1.032853    
  0.6656553    
  0.6141856    
  0.5427004    
  0.5388437    
  0.6883096    
  0.6835994    
  9.1482759E-02
  0.0000000E+00
  0.0000000E+00
   1.241923    
   1.323514    
   1.280664    
   1.169177    
   1.132585    
  0.8890637    
  0.8905651    
   1.328810    
   1.255124    
   1.215002    
  0.9906031    
  0.9889228    
   1.410114    
   1.374701    
  0.6623029    
  0.6636510    
   1.093637    
   1.162984    
   1.155715    
  0.9901853    
   1.019212    
  0.4891229    
  0.5833015    
  9.2310496E-02
  9.3026429E-02
  0.6989212    
  0.7742397    
  0.7525107    
  0.6005470    
  0.6241464    
  0.6988648    
  9.3009859E-02
  9.2332236E-02
  0.7727802    
  0.7674338    
  0.6240715    
  0.6052930    
  0.4192220    
  0.5226580    
  0.6063077    
  0.0000000E+00
  0.0000000E+00
  0.0000000E+00
  7.4211746E-02
  7.4793719E-02
  0.4287377    
  0.5215980    
  0.6648355    
  0.6439163    
  0.4544818    
  0.4319370    
   1.202484    
   1.067597    
  0.7973333    
  0.0000000E+00
  0.0000000E+00
  0.0000000E+00
  0.0000000E+00
   1.066284    
  0.8937972    
   1.287701    
   1.280283    
  0.9805475    
  0.9479710    
   1.316372    
   1.277605    
   1.177578    
  0.7523253    
  0.0000000E+00
   1.400685    
   1.365040    
  0.9708809    
   1.178285    
   1.082631    
   1.046760    
 
 month:           4 year:        2005
  0.0000000E+00
  0.0000000E+00
  0.0000000E+00
  0.0000000E+00
  0.0000000E+00
  0.0000000E+00
  0.0000000E+00
  0.0000000E+00
  0.0000000E+00
  0.0000000E+00
  0.0000000E+00
  0.0000000E+00
  0.0000000E+00
  0.0000000E+00
  0.0000000E+00
  0.0000000E+00
  0.0000000E+00
  0.0000000E+00
  0.0000000E+00
  2.3888307E-02
  0.0000000E+00
  0.0000000E+00
  0.0000000E+00
  0.0000000E+00
  0.0000000E+00
  0.0000000E+00
  0.0000000E+00
  0.0000000E+00
  0.0000000E+00
  0.0000000E+00
  0.0000000E+00
  0.0000000E+00
  1.4465953E-02
  0.0000000E+00
  0.0000000E+00
  0.0000000E+00
  0.0000000E+00
  0.0000000E+00
  0.0000000E+00
  0.0000000E+00
  0.0000000E+00
  0.0000000E+00
  0.0000000E+00
  0.0000000E+00
  0.0000000E+00
  0.0000000E+00
  0.0000000E+00
  0.0000000E+00
  0.0000000E+00
  0.0000000E+00
  0.0000000E+00
  0.0000000E+00
  0.0000000E+00
  0.0000000E+00
  1.1004735E-02
  0.0000000E+00
  0.0000000E+00
  0.0000000E+00
  0.0000000E+00
  0.0000000E+00
  0.0000000E+00
  0.0000000E+00
  0.0000000E+00
  1.5001187E-02
  1.4978067E-02
  1.8530933E-02
  3.3153340E-02
  0.0000000E+00
  0.0000000E+00
  1.1006621E-02
  0.0000000E+00
  0.0000000E+00
  1.2542079E-02
  0.0000000E+00
  0.0000000E+00
  0.0000000E+00
  0.0000000E+00
  5.5326307E-03
  5.5528278E-03
  0.0000000E+00
  0.0000000E+00
  0.0000000E+00
  0.0000000E+00
  0.0000000E+00
  0.0000000E+00
  0.0000000E+00
  0.0000000E+00
  2.1221597E-02
  2.4570679E-02
  0.0000000E+00
  0.0000000E+00
  2.6028171E-02
  2.2213135E-02
  1.9850599E-02
  2.8556887E-02
  4.9869668E-02
  4.9100000E-02
  9.0684015E-03
  1.1043153E-02
  1.5024986E-02
  0.0000000E+00
  0.0000000E+00
  1.3537074E-02
  1.3116262E-02
  1.6707255E-02
  1.6224725E-02
  3.6182564E-03
  3.6476457E-03
  0.0000000E+00
  0.0000000E+00
  2.3462662E-02
  2.1975035E-02
  2.1827361E-02
  2.8197499E-02
  2.7523581E-02
  2.0175934E-02
  1.5027472E-02
  1.3535435E-02
  1.3439314E-02
  1.6676437E-02
  1.6564187E-02
  3.6182564E-03
  0.0000000E+00
  0.0000000E+00
  3.0251045E-02
  4.0874317E-02
  3.7201203E-02
  2.8757056E-02
  2.7867051E-02
  2.7114954E-02
  2.7158506E-02
  3.2434400E-02
  3.0920533E-02
  2.9942190E-02
  3.0222252E-02
  3.0173201E-02
  4.5096278E-02
  4.2101998E-02
  2.1480195E-02
  2.1519134E-02
  2.6679358E-02
  2.8224904E-02
  2.8047863E-02
  2.4446623E-02
  2.5153531E-02
  1.2373262E-02
  1.4617634E-02
  3.6952277E-03
  3.7235857E-03
  1.7171556E-02
  1.8841190E-02
  1.8315788E-02
  1.5067400E-02
  1.5638789E-02
  1.7170202E-02
  3.7229275E-03
  3.6960882E-03
  1.8805908E-02
  1.8676629E-02
  1.5636947E-02
  1.5181082E-02
  1.0058186E-02
  1.2432761E-02
  1.4235491E-02
  0.0000000E+00
  0.0000000E+00
  0.0000000E+00
  2.7125652E-03
  2.7346383E-03
  1.0276292E-02
  1.2408381E-02
  1.5514655E-02
  1.5035924E-02
  1.0964172E-02
  1.0450929E-02
  8.1853084E-02
  3.7032921E-02
  1.9090274E-02
  0.0000000E+00
  0.0000000E+00
  0.0000000E+00
  0.0000000E+00
  3.6895245E-02
  2.1339338E-02
  0.1098496    
  0.1088759    
  2.3376396E-02
  2.2619022E-02
  9.5957197E-02
  9.1425791E-02
  4.9751729E-02
  1.8168854E-02
  0.0000000E+00
  0.1240088    
  0.1192778    
  2.8268343E-02
  4.9826391E-02
  2.5921645E-02
  2.5083087E-02
 
 month:           5 year:        2005
  0.0000000E+00
  0.0000000E+00
  0.0000000E+00
  0.0000000E+00
  0.0000000E+00
  0.0000000E+00
  0.0000000E+00
  0.0000000E+00
  0.0000000E+00
  0.0000000E+00
  0.0000000E+00
  0.0000000E+00
  0.0000000E+00
  0.0000000E+00
  0.0000000E+00
  0.0000000E+00
  0.0000000E+00
  0.0000000E+00
  0.0000000E+00
  0.1643258    
  0.0000000E+00
  0.0000000E+00
  0.0000000E+00
  0.0000000E+00
  0.0000000E+00
  0.0000000E+00
  0.0000000E+00
  0.0000000E+00
  0.0000000E+00
  0.0000000E+00
  0.0000000E+00
  0.0000000E+00
  6.4600427E-03
  0.0000000E+00
  0.0000000E+00
  0.0000000E+00
  0.0000000E+00
  0.0000000E+00
  0.0000000E+00
  0.0000000E+00
  0.0000000E+00
  0.0000000E+00
  0.0000000E+00
  0.0000000E+00
  0.0000000E+00
  0.0000000E+00
  0.0000000E+00
  0.0000000E+00
  0.0000000E+00
  0.0000000E+00
  0.0000000E+00
  0.0000000E+00
  0.0000000E+00
  0.0000000E+00
  1.1252384E-03
  0.0000000E+00
  0.0000000E+00
  0.0000000E+00
  0.0000000E+00
  0.0000000E+00
  0.0000000E+00
  0.0000000E+00
  0.0000000E+00
  2.6651271E-04
  2.6610197E-04
  0.2226360    
  0.3725376    
  0.0000000E+00
  0.0000000E+00
  1.1307758E-03
  0.0000000E+00
  0.0000000E+00
  6.2289860E-02
  0.0000000E+00
  0.0000000E+00
  0.0000000E+00
  0.0000000E+00
  9.8293320E-05
  9.8652104E-05
  0.0000000E+00
  0.0000000E+00
  0.0000000E+00
  0.0000000E+00
  0.0000000E+00
  0.0000000E+00
  0.0000000E+00
  0.0000000E+00
  3.7702531E-04
  4.3652536E-04
  0.0000000E+00
  0.0000000E+00
  0.1099468    
  3.2183941E-02
  2.3995418E-02
  0.4896730    
  0.6178145    
  0.6134396    
  1.6111018E-04
  1.9619391E-04
  5.0796848E-03
  0.0000000E+00
  0.0000000E+00
  2.4050121E-04
  2.3302497E-04
  8.4024489E-02
  7.3333651E-02
  6.4282329E-05
  6.4804459E-05
  0.0000000E+00
  0.0000000E+00
  0.2778704    
  0.2183736    
  0.2157205    
  0.4070965    
  0.4034532    
  3.5844790E-04
  5.0852550E-03
  2.4047201E-04
  2.3876433E-04
  8.3350383E-02
  8.0890454E-02
  6.4282329E-05
  0.0000000E+00
  0.0000000E+00
  0.4685920    
  0.5801598    
  0.5605938    
  0.4245438    
  0.4046089    
  4.8172704E-04
  4.8250100E-04
  0.5476905    
  0.5028312    
  0.4796217    
  5.3693180E-04
  5.3606048E-04
  0.6655480    
  0.6486877    
  3.8161947E-04
  3.8231112E-04
  0.3200032    
  0.4432387    
  0.4396332    
  0.2457211    
  0.2599615    
  2.1982474E-04
  2.5969849E-04
  6.5649809E-05
  6.6153632E-05
  1.1586072E-02
  0.1072879    
  9.6497513E-02
  5.1603974E-03
  6.2905825E-03
  1.1583430E-02
  6.6141933E-05
  6.5665110E-05
  0.1065667    
  0.1039208    
  6.2871580E-03
  5.3991028E-03
  1.7869475E-04
  2.2088183E-04
  4.5992274E-02
  0.0000000E+00
  0.0000000E+00
  0.0000000E+00
  4.8191734E-05
  4.8583883E-05
  1.8256975E-04
  2.2044871E-04
  0.1467046    
  0.1337390    
  1.9479077E-04
  1.8567228E-04
  0.5611845    
  0.2900021    
  9.9852100E-02
  0.0000000E+00
  0.0000000E+00
  0.0000000E+00
  0.0000000E+00
  0.2887098    
  0.1643597    
  0.6618851    
  0.6581874    
  3.4864463E-02
  3.0668790E-02
  0.6559870    
  0.6310722    
  0.3193870    
  5.6481700E-02
  0.0000000E+00
  0.7640700    
  0.7454141    
  0.1952336    
  0.3198093    
  2.6844904E-02
  2.3607356E-02
 
 month:           6 year:        2005
  0.0000000E+00
  0.0000000E+00
  0.0000000E+00
  0.0000000E+00
  0.0000000E+00
  0.0000000E+00
  0.0000000E+00
  0.0000000E+00
  0.0000000E+00
  0.0000000E+00
  0.0000000E+00
  0.0000000E+00
  0.0000000E+00
  0.0000000E+00
  0.0000000E+00
  0.0000000E+00
  0.0000000E+00
  0.0000000E+00
  0.0000000E+00
  0.3185533    
  0.0000000E+00
  0.0000000E+00
  0.0000000E+00
  0.0000000E+00
  0.0000000E+00
  0.0000000E+00
  0.0000000E+00
  0.0000000E+00
  0.0000000E+00
  0.0000000E+00
  0.0000000E+00
  0.0000000E+00
  4.4121008E-02
  0.0000000E+00
  0.0000000E+00
  0.0000000E+00
  0.0000000E+00
  0.0000000E+00
  0.0000000E+00
  0.0000000E+00
  0.0000000E+00
  0.0000000E+00
  0.0000000E+00
  0.0000000E+00
  0.0000000E+00
  0.0000000E+00
  0.0000000E+00
  0.0000000E+00
  0.0000000E+00
  0.0000000E+00
  0.0000000E+00
  0.0000000E+00
  0.0000000E+00
  0.0000000E+00
  6.6155614E-03
  0.0000000E+00
  0.0000000E+00
  0.0000000E+00
  0.0000000E+00
  0.0000000E+00
  0.0000000E+00
  0.0000000E+00
  0.0000000E+00
  4.2475849E-06
  4.2410384E-06
  0.2671697    
  0.3451650    
  0.0000000E+00
  0.0000000E+00
  6.6547059E-03
  0.0000000E+00
  0.0000000E+00
  8.4707931E-02
  0.0000000E+00
  0.0000000E+00
  0.0000000E+00
  0.0000000E+00
  1.3987540E-06
  1.4038602E-06
  0.0000000E+00
  0.0000000E+00
  0.0000000E+00
  0.0000000E+00
  0.0000000E+00
  0.0000000E+00
  0.0000000E+00
  0.0000000E+00
  6.0879570E-06
  7.0861142E-06
  0.0000000E+00
  0.0000000E+00
  0.3189958    
  0.2260958    
  0.1681559    
  0.5261139    
  0.6048669    
  0.6010320    
  2.4660196E-06
  3.0404244E-06
  3.4233257E-02
  0.0000000E+00
  0.0000000E+00
  3.8022927E-06
  3.6840943E-06
  0.1120826    
  0.1038274    
  8.3246499E-07
  8.3922680E-07
  0.0000000E+00
  0.0000000E+00
  0.3125425    
  0.2697857    
  0.2671698    
  0.3931260    
  0.3896430    
  5.7879829E-06
  3.4272563E-02
  3.8018300E-06
  3.7748334E-06
  0.1115602    
  0.1096552    
  8.3246499E-07
  0.0000000E+00
  0.0000000E+00
  0.5564492    
  0.6302749    
  0.6122694    
  0.5134260    
  0.4949584    
  7.8559860E-06
  7.8686062E-06
  0.6469321    
  0.6023448    
  0.5807047    
  8.7914850E-06
  8.7772205E-06
  0.7218844    
  0.7062337    
  6.1621404E-06
  6.1733090E-06
  0.4005233    
  0.4834800    
  0.4798803    
  0.3422202    
  0.3558973    
  3.4433056E-06
  4.1057983E-06
  8.5017439E-07
  8.5669888E-07
  8.0236875E-02
  0.1585048    
  0.1496175    
  3.4801953E-02
  4.2767923E-02
  8.0218256E-02
  8.5654710E-07
  8.5037203E-07
  0.1579084    
  0.1557232    
  4.2743791E-02
  3.6485314E-02
  2.7692390E-06
  3.4598627E-06
  9.1863133E-02
  0.0000000E+00
  0.0000000E+00
  0.0000000E+00
  5.6689680E-07
  5.7150976E-07
  2.8292902E-06
  3.4530785E-06
  0.1642515    
  0.1538506    
  3.0186798E-06
  2.8773709E-06
  0.5695701    
  0.4487468    
  0.2699119    
  0.0000000E+00
  0.0000000E+00
  0.0000000E+00
  0.0000000E+00
  0.4478063    
  0.3394049    
  0.6434563    
  0.6402033    
  0.2450134    
  0.2152687    
  0.6661533    
  0.6452422    
  0.4798688    
  0.2289858    
  0.0000000E+00
  0.7423435    
  0.7258078    
  0.3669663    
  0.4802380    
  0.1876564    
  0.1647363    
 
 month:           7 year:        2005
  0.0000000E+00
  0.0000000E+00
  0.0000000E+00
  0.0000000E+00
  0.0000000E+00
  0.0000000E+00
  0.0000000E+00
  0.0000000E+00
  0.0000000E+00
  0.0000000E+00
  0.0000000E+00
  0.0000000E+00
  0.0000000E+00
  0.0000000E+00
  0.0000000E+00
  0.0000000E+00
  0.0000000E+00
  0.0000000E+00
  0.0000000E+00
  0.5416597    
  0.0000000E+00
  0.0000000E+00
  0.0000000E+00
  0.0000000E+00
  0.0000000E+00
  0.0000000E+00
  0.0000000E+00
  0.0000000E+00
  0.0000000E+00
  0.0000000E+00
  0.0000000E+00
  0.0000000E+00
  0.2040308    
  0.0000000E+00
  0.0000000E+00
  0.0000000E+00
  0.0000000E+00
  0.0000000E+00
  0.0000000E+00
  0.0000000E+00
  0.0000000E+00
  0.0000000E+00
  0.0000000E+00
  0.0000000E+00
  0.0000000E+00
  0.0000000E+00
  0.0000000E+00
  0.0000000E+00
  0.0000000E+00
  0.0000000E+00
  0.0000000E+00
  0.0000000E+00
  0.0000000E+00
  0.0000000E+00
  0.3415842    
  0.0000000E+00
  0.0000000E+00
  0.0000000E+00
  0.0000000E+00
  0.0000000E+00
  0.0000000E+00
  0.0000000E+00
  0.0000000E+00
  0.0000000E+00
  0.0000000E+00
  0.7850286    
  0.8606158    
  0.0000000E+00
  0.0000000E+00
  0.3416645    
  0.0000000E+00
  0.0000000E+00
  0.4282809    
  0.0000000E+00
  0.0000000E+00
  0.0000000E+00
  0.0000000E+00
  6.1295729E-02
  6.1965808E-02
  0.0000000E+00
  0.0000000E+00
  0.0000000E+00
  0.0000000E+00
  0.0000000E+00
  0.0000000E+00
  0.0000000E+00
  0.0000000E+00
  0.2267354    
  0.3255968    
  0.0000000E+00
  0.0000000E+00
  0.6324902    
  0.4903528    
  0.4033965    
  0.9325618    
   1.025703    
   1.019085    
  0.0000000E+00
  0.0000000E+00
  0.2654818    
  0.0000000E+00
  0.0000000E+00
  0.2242126    
  0.2133041    
  0.3640389    
  0.3495990    
  0.0000000E+00
  0.0000000E+00
  0.0000000E+00
  0.0000000E+00
  0.6597449    
  0.6084483    
  0.6035892    
  0.7530028    
  0.7476022    
  0.0000000E+00
  0.2655574    
  0.2241697    
  0.2216453    
  0.3631244    
  0.3597918    
  0.0000000E+00
  0.0000000E+00
  0.0000000E+00
  0.4963001    
  0.6129726    
  0.5890663    
  0.4446810    
  0.4240307    
  0.0000000E+00
  0.0000000E+00
  0.5481552    
  0.4952520    
  0.4724160    
  0.0000000E+00
  0.0000000E+00
  0.6683946    
  0.6484338    
  0.0000000E+00
  0.0000000E+00
  0.3427219    
  0.4571048    
  0.4528833    
  0.2735253    
  0.2887558    
  0.0000000E+00
  0.0000000E+00
  0.0000000E+00
  0.0000000E+00
  9.0524435E-02
  0.1811427    
  0.1694808    
  3.7956666E-02
  4.7872938E-02
  9.0498917E-02
  0.0000000E+00
  0.0000000E+00
  0.1803582    
  0.1774862    
  4.7839839E-02
  3.9881770E-02
  0.0000000E+00
  0.0000000E+00
  1.6320507E-03
  0.0000000E+00
  0.0000000E+00
  0.0000000E+00
  0.0000000E+00
  0.0000000E+00
  0.0000000E+00
  0.0000000E+00
  6.2627748E-02
  5.4148570E-02
  0.0000000E+00
  0.0000000E+00
  0.3148307    
  4.9714301E-02
  4.7952854E-03
  0.0000000E+00
  0.0000000E+00
  0.0000000E+00
  0.0000000E+00
  4.9471613E-02
  1.6253809E-02
  0.4431582    
  0.4396440    
  4.3529328E-03
  3.8244890E-03
  0.3118453    
  0.2918773    
  1.4742170E-02
  4.0681874E-03
  0.0000000E+00
  0.4411488    
  0.4228508    
  6.5195616E-03
  1.4897478E-02
  3.3339236E-03
  2.9267231E-03
 
 month:           8 year:        2005
  0.0000000E+00
  0.0000000E+00
  0.0000000E+00
  0.0000000E+00
  0.0000000E+00
  0.0000000E+00
  0.0000000E+00
  0.0000000E+00
  0.0000000E+00
  0.0000000E+00
  0.0000000E+00
  0.0000000E+00
  0.0000000E+00
  0.0000000E+00
  0.0000000E+00
  0.0000000E+00
  0.0000000E+00
  0.0000000E+00
  0.0000000E+00
  0.3718116    
  0.0000000E+00
  0.0000000E+00
  0.0000000E+00
  0.0000000E+00
  0.0000000E+00
  0.0000000E+00
  0.0000000E+00
  0.0000000E+00
  0.0000000E+00
  0.0000000E+00
  0.0000000E+00
  0.0000000E+00
  5.8525603E-02
  0.0000000E+00
  0.0000000E+00
  0.0000000E+00
  0.0000000E+00
  0.0000000E+00
  0.0000000E+00
  0.0000000E+00
  0.0000000E+00
  0.0000000E+00
  0.0000000E+00
  0.0000000E+00
  0.0000000E+00
  0.0000000E+00
  0.0000000E+00
  0.0000000E+00
  0.0000000E+00
  0.0000000E+00
  0.0000000E+00
  0.0000000E+00
  0.0000000E+00
  0.0000000E+00
  7.0679076E-02
  0.0000000E+00
  0.0000000E+00
  0.0000000E+00
  0.0000000E+00
  0.0000000E+00
  0.0000000E+00
  0.0000000E+00
  0.0000000E+00
  0.0000000E+00
  0.0000000E+00
  0.3970078    
  0.4911811    
  0.0000000E+00
  0.0000000E+00
  7.0735045E-02
  0.0000000E+00
  0.0000000E+00
  0.1737989    
  0.0000000E+00
  0.0000000E+00
  0.0000000E+00
  0.0000000E+00
  1.1032831E-02
  1.1144374E-02
  0.0000000E+00
  0.0000000E+00
  0.0000000E+00
  0.0000000E+00
  0.0000000E+00
  0.0000000E+00
  0.0000000E+00
  0.0000000E+00
  3.6380991E-02
  5.1800720E-02
  0.0000000E+00
  0.0000000E+00
  0.2673829    
  0.1607083    
  9.6061893E-02
  0.5918139    
  0.6882871    
  0.6838361    
  0.0000000E+00
  0.0000000E+00
  6.7891628E-02
  0.0000000E+00
  0.0000000E+00
  3.5739359E-02
  3.4008645E-02
  0.1808399    
  0.1703701    
  0.0000000E+00
  0.0000000E+00
  0.0000000E+00
  0.0000000E+00
  0.3890262    
  0.3317390    
  0.3288450    
  0.4951755    
  0.4914213    
  0.0000000E+00
  6.7948833E-02
  3.5732485E-02
  3.5328522E-02
  0.1801787    
  0.1777665    
  0.0000000E+00
  0.0000000E+00
  0.0000000E+00
  0.5164335    
  0.5867108    
  0.5692517    
  0.4697033    
  0.4524085    
  0.0000000E+00
  0.0000000E+00
  0.5775799    
  0.5216351    
  0.5003584    
  0.0000000E+00
  0.0000000E+00
  0.6794547    
  0.6626395    
  0.0000000E+00
  0.0000000E+00
  0.3811193    
  0.4845434    
  0.4809278    
  0.3099503    
  0.3239811    
  0.0000000E+00
  0.0000000E+00
  0.0000000E+00
  0.0000000E+00
  6.1523885E-02
  0.1706666    
  0.1604475    
  5.7726842E-03
  7.3112086E-03
  6.1496418E-02
  0.0000000E+00
  0.0000000E+00
  0.1699826    
  0.1674744    
  7.3059867E-03
  6.0672937E-03
  0.0000000E+00
  2.2085081E-03
  0.1671116    
  0.0000000E+00
  0.0000000E+00
  0.0000000E+00
  0.0000000E+00
  0.0000000E+00
  0.0000000E+00
  1.5077153E-03
  0.2337876    
  0.2234840    
  0.0000000E+00
  0.0000000E+00
  0.8166837    
  0.6936066    
  0.4593611    
  0.0000000E+00
  0.0000000E+00
  0.0000000E+00
  0.0000000E+00
  0.6924978    
  0.5401670    
  0.8960726    
  0.8908255    
  0.4657512    
  0.4395847    
  0.8945915    
  0.8650591    
  0.7498096    
  0.4013272    
  0.0000000E+00
  0.9554886    
  0.9290219    
  0.6046076    
  0.7505313    
  0.4350902    
  0.4036793    
 
 month:           9 year:        2005
  0.0000000E+00
  0.0000000E+00
  0.0000000E+00
  0.0000000E+00
  0.0000000E+00
  0.0000000E+00
  0.0000000E+00
  0.0000000E+00
  0.0000000E+00
  0.0000000E+00
  0.0000000E+00
  0.0000000E+00
  0.0000000E+00
  0.0000000E+00
  0.0000000E+00
  0.0000000E+00
  0.0000000E+00
  0.0000000E+00
  0.0000000E+00
  0.4394487    
  0.0000000E+00
  0.0000000E+00
  0.0000000E+00
  0.0000000E+00
  0.0000000E+00
  0.0000000E+00
  0.0000000E+00
  0.0000000E+00
  0.0000000E+00
  0.0000000E+00
  0.0000000E+00
  0.0000000E+00
  0.1371882    
  0.0000000E+00
  0.0000000E+00
  0.0000000E+00
  0.0000000E+00
  0.0000000E+00
  0.0000000E+00
  0.0000000E+00
  0.0000000E+00
  0.0000000E+00
  0.0000000E+00
  0.0000000E+00
  0.0000000E+00
  0.0000000E+00
  0.0000000E+00
  0.0000000E+00
  0.0000000E+00
  0.0000000E+00
  0.0000000E+00
  0.0000000E+00
  0.0000000E+00
  0.0000000E+00
  7.0441976E-02
  0.0000000E+00
  0.0000000E+00
  0.0000000E+00
  0.0000000E+00
  0.0000000E+00
  0.0000000E+00
  0.0000000E+00
  0.0000000E+00
  0.0000000E+00
  0.0000000E+00
  0.2836632    
  0.3446127    
  0.0000000E+00
  0.0000000E+00
  7.0479654E-02
  0.0000000E+00
  0.0000000E+00
  0.1421683    
  0.0000000E+00
  0.0000000E+00
  0.0000000E+00
  0.0000000E+00
  1.8231967E-04
  1.8416296E-04
  0.0000000E+00
  0.0000000E+00
  0.0000000E+00
  0.0000000E+00
  0.0000000E+00
  0.0000000E+00
  0.0000000E+00
  0.0000000E+00
  6.0120306E-04
  8.5601769E-04
  0.0000000E+00
  0.0000000E+00
  1.1379912E-02
  6.1164782E-03
  2.9319760E-03
  0.1518452    
  0.2682355    
  0.2655547    
  0.0000000E+00
  0.0000000E+00
  6.4115219E-02
  0.0000000E+00
  0.0000000E+00
  5.9059978E-04
  5.6199956E-04
  0.1313146    
  0.1242782    
  0.0000000E+00
  0.0000000E+00
  0.0000000E+00
  0.0000000E+00
  0.2563089    
  0.1730842    
  0.1712054    
  0.3143747    
  0.3120125    
  0.0000000E+00
  6.4152673E-02
  5.9048668E-04
  5.8381062E-04
  0.1308704    
  0.1292504    
  0.0000000E+00
  0.0000000E+00
  0.0000000E+00
  8.5322879E-02
  0.1603120    
  0.1482448    
  8.1266575E-02
  7.3328041E-02
  0.0000000E+00
  0.0000000E+00
  2.9708100E-02
  2.6800277E-02
  2.5720190E-02
  0.0000000E+00
  0.0000000E+00
  3.4864403E-02
  3.4022991E-02
  0.0000000E+00
  0.0000000E+00
  6.8648905E-02
  0.1372637    
  0.1350955    
  4.3236881E-02
  4.9538214E-02
  0.0000000E+00
  0.0000000E+00
  0.0000000E+00
  0.0000000E+00
  2.9500530E-03
  8.6203115E-03
  8.1052817E-03
  9.5394709E-05
  1.2081912E-04
  2.9486471E-03
  0.0000000E+00
  0.0000000E+00
  8.5858610E-03
  8.4595028E-03
  1.2073294E-04
  1.0026326E-04
  0.0000000E+00
  1.2593072E-04
  9.5277671E-03
  0.0000000E+00
  0.0000000E+00
  0.0000000E+00
  0.0000000E+00
  0.0000000E+00
  0.0000000E+00
  8.5971027E-05
  1.2893625E-02
  1.2366679E-02
  0.0000000E+00
  0.0000000E+00
  3.8853098E-02
  3.6080677E-02
  2.6189998E-02
  0.0000000E+00
  0.0000000E+00
  0.0000000E+00
  0.0000000E+00
  3.6036141E-02
  2.9937744E-02
  4.1068666E-02
  4.0863249E-02
  2.6554635E-02
  2.5062960E-02
  4.5747064E-02
  4.4584721E-02
  4.2245470E-02
  2.2881329E-02
  0.0000000E+00
  4.7268733E-02
  4.6258859E-02
  3.4470946E-02
  4.2274579E-02
  2.4806986E-02
  2.3016192E-02
 
 month:          10 year:        2005
  0.0000000E+00
  0.0000000E+00
  0.0000000E+00
  0.0000000E+00
  0.0000000E+00
  0.0000000E+00
  0.0000000E+00
  0.0000000E+00
  0.0000000E+00
  0.0000000E+00
  0.0000000E+00
  0.0000000E+00
  0.0000000E+00
  0.0000000E+00
  0.0000000E+00
  0.0000000E+00
  0.0000000E+00
  0.0000000E+00
  0.0000000E+00
  0.2903963    
  0.0000000E+00
  0.0000000E+00
  0.0000000E+00
  0.0000000E+00
  0.0000000E+00
  0.0000000E+00
  0.0000000E+00
  0.0000000E+00
  0.0000000E+00
  0.0000000E+00
  0.0000000E+00
  0.0000000E+00
  8.1751116E-02
  0.0000000E+00
  0.0000000E+00
  0.0000000E+00
  0.0000000E+00
  0.0000000E+00
  0.0000000E+00
  0.0000000E+00
  0.0000000E+00
  0.0000000E+00
  0.0000000E+00
  0.0000000E+00
  0.0000000E+00
  0.0000000E+00
  0.0000000E+00
  0.0000000E+00
  0.0000000E+00
  0.0000000E+00
  0.0000000E+00
  0.0000000E+00
  0.0000000E+00
  0.0000000E+00
  6.6556120E-03
  0.0000000E+00
  0.0000000E+00
  0.0000000E+00
  0.0000000E+00
  0.0000000E+00
  0.0000000E+00
  0.0000000E+00
  0.0000000E+00
  0.0000000E+00
  0.0000000E+00
  0.1436013    
  0.2066377    
  0.0000000E+00
  0.0000000E+00
  6.6843331E-03
  0.0000000E+00
  0.0000000E+00
  7.0814259E-02
  0.0000000E+00
  0.0000000E+00
  0.0000000E+00
  0.0000000E+00
  3.0631466E-06
  3.0941155E-06
  0.0000000E+00
  0.0000000E+00
  0.0000000E+00
  0.0000000E+00
  0.0000000E+00
  0.0000000E+00
  0.0000000E+00
  0.0000000E+00
  1.0627866E-05
  1.5208101E-05
  0.0000000E+00
  0.0000000E+00
  2.0217682E-04
  1.0866601E-04
  5.2089799E-05
  1.7296577E-02
  0.1387743    
  0.1361741    
  0.0000000E+00
  0.0000000E+00
  2.9299345E-02
  0.0000000E+00
  0.0000000E+00
  1.0408594E-05
  9.9045510E-06
  9.2610985E-02
  8.6042397E-02
  0.0000000E+00
  0.0000000E+00
  0.0000000E+00
  0.0000000E+00
  0.1736131    
  6.5467812E-02
  6.4120024E-02
  0.2338642    
  0.2314395    
  0.0000000E+00
  2.9330056E-02
  1.0406598E-05
  1.0288943E-05
  9.2187189E-02
  9.0648249E-02
  0.0000000E+00
  0.0000000E+00
  0.0000000E+00
  0.2626066    
  0.3261410    
  0.3122380    
  0.1734364    
  0.1638183    
  0.0000000E+00
  0.0000000E+00
  9.2314132E-02
  4.7875568E-02
  3.8597267E-02
  0.0000000E+00
  0.0000000E+00
  0.2008866    
  0.1903243    
  0.0000000E+00
  0.0000000E+00
  0.2073292    
  0.2717453    
  0.2692000    
  0.1065995    
  0.1139778    
  0.0000000E+00
  0.0000000E+00
  0.0000000E+00
  0.0000000E+00
  4.5883514E-02
  0.1209808    
  0.1129864    
  1.4893004E-06
  1.9230768E-06
  4.5864705E-02
  0.0000000E+00
  0.0000000E+00
  0.1204442    
  0.1184831    
  1.9217057E-06
  1.5653072E-06
  0.0000000E+00
  2.0380560E-06
  0.1354647    
  0.0000000E+00
  0.0000000E+00
  0.0000000E+00
  0.0000000E+00
  0.0000000E+00
  0.0000000E+00
  1.3122146E-06
  0.2210293    
  0.2085084    
  0.0000000E+00
  0.0000000E+00
  0.4453877    
  0.3062593    
  0.1706189    
  0.0000000E+00
  0.0000000E+00
  0.0000000E+00
  0.0000000E+00
  0.3056503    
  0.2226200    
  0.5577375    
  0.5536250    
  0.1498343    
  0.1326899    
  0.3543856    
  0.3388727    
  0.1038610    
  4.0651212E-04
  0.0000000E+00
  0.4361592    
  0.4219307    
  1.8930007E-02
  0.1041533    
  4.4072358E-04
  4.0890815E-04
 
 month:          11 year:        2005
  0.0000000E+00
  0.0000000E+00
  0.0000000E+00
  0.0000000E+00
  0.0000000E+00
  0.0000000E+00
  0.0000000E+00
  0.0000000E+00
  0.0000000E+00
  0.0000000E+00
  0.0000000E+00
  0.0000000E+00
  0.0000000E+00
  0.0000000E+00
  0.0000000E+00
  0.0000000E+00
  0.0000000E+00
  0.0000000E+00
  0.0000000E+00
  1.7592622E-02
  0.0000000E+00
  0.0000000E+00
  0.0000000E+00
  0.0000000E+00
  0.0000000E+00
  0.0000000E+00
  0.0000000E+00
  0.0000000E+00
  0.0000000E+00
  0.0000000E+00
  0.0000000E+00
  0.0000000E+00
  4.8952536E-03
  0.0000000E+00
  0.0000000E+00
  0.0000000E+00
  0.0000000E+00
  0.0000000E+00
  0.0000000E+00
  0.0000000E+00
  0.0000000E+00
  0.0000000E+00
  0.0000000E+00
  0.0000000E+00
  0.0000000E+00
  0.0000000E+00
  0.0000000E+00
  0.0000000E+00
  0.0000000E+00
  0.0000000E+00
  0.0000000E+00
  0.0000000E+00
  0.0000000E+00
  0.0000000E+00
  1.9579341E-04
  0.0000000E+00
  0.0000000E+00
  0.0000000E+00
  0.0000000E+00
  0.0000000E+00
  0.0000000E+00
  0.0000000E+00
  0.0000000E+00
  0.0000000E+00
  0.0000000E+00
  8.4887287E-03
  1.2445427E-02
  0.0000000E+00
  0.0000000E+00
  1.9755530E-04
  0.0000000E+00
  0.0000000E+00
  4.1759061E-03
  0.0000000E+00
  0.0000000E+00
  0.0000000E+00
  0.0000000E+00
  0.0000000E+00
  0.0000000E+00
  0.0000000E+00
  0.0000000E+00
  0.0000000E+00
  0.0000000E+00
  0.0000000E+00
  0.0000000E+00
  0.0000000E+00
  0.0000000E+00
  0.0000000E+00
  0.0000000E+00
  0.0000000E+00
  0.0000000E+00
  3.1668708E-06
  1.5816715E-06
  6.1275102E-07
  6.7941588E-04
  8.2737133E-03
  8.1092892E-03
  0.0000000E+00
  0.0000000E+00
  1.7060174E-03
  0.0000000E+00
  0.0000000E+00
  0.0000000E+00
  0.0000000E+00
  5.6505082E-03
  5.2368017E-03
  0.0000000E+00
  0.0000000E+00
  0.0000000E+00
  0.0000000E+00
  1.0558021E-02
  3.7350205E-03
  3.6527105E-03
  1.4344491E-02
  1.4188943E-02
  0.0000000E+00
  1.7079108E-03
  0.0000000E+00
  0.0000000E+00
  5.6237080E-03
  5.5264183E-03
  0.0000000E+00
  0.0000000E+00
  0.0000000E+00
  1.7027300E-02
  2.0973042E-02
  2.0071071E-02
  1.1170582E-02
  1.0564337E-02
  0.0000000E+00
  0.0000000E+00
  6.0372702E-03
  3.1210734E-03
  2.5126152E-03
  0.0000000E+00
  0.0000000E+00
  1.3182269E-02
  1.2474744E-02
  0.0000000E+00
  0.0000000E+00
  1.3434146E-02
  1.7460100E-02
  1.7295098E-02
  6.8923105E-03
  7.3567564E-03
  0.0000000E+00
  0.0000000E+00
  0.0000000E+00
  0.0000000E+00
  3.0110634E-03
  7.9482077E-03
  7.4141622E-03
  0.0000000E+00
  0.0000000E+00
  3.0098297E-03
  0.0000000E+00
  0.0000000E+00
  7.9123350E-03
  7.7812639E-03
  0.0000000E+00
  0.0000000E+00
  0.0000000E+00
  0.0000000E+00
  8.8908421E-03
  0.0000000E+00
  0.0000000E+00
  0.0000000E+00
  0.0000000E+00
  0.0000000E+00
  0.0000000E+00
  0.0000000E+00
  1.4528320E-02
  1.3686835E-02
  0.0000000E+00
  0.0000000E+00
  2.9218169E-02
  2.0083671E-02
  1.1183419E-02
  0.0000000E+00
  0.0000000E+00
  0.0000000E+00
  0.0000000E+00
  2.0043707E-02
  1.4595585E-02
  3.4967940E-02
  3.4721140E-02
  9.8179560E-03
  8.6932108E-03
  2.3248998E-02
  2.2218307E-02
  6.7847217E-03
  6.5989075E-06
  0.0000000E+00
  2.8652096E-02
  2.7686056E-02
  1.2132241E-03
  6.8038958E-03
  7.1542645E-06
  6.6378057E-06
 
 month:          12 year:        2005
  0.0000000E+00
  0.0000000E+00
  0.0000000E+00
  0.0000000E+00
  0.0000000E+00
  0.0000000E+00
  0.0000000E+00
  0.0000000E+00
  0.0000000E+00
  0.0000000E+00
  0.0000000E+00
  0.0000000E+00
  0.0000000E+00
  0.0000000E+00
  0.0000000E+00
  0.0000000E+00
  0.0000000E+00
  0.0000000E+00
  0.0000000E+00
  3.1255244E-04
  0.0000000E+00
  0.0000000E+00
  0.0000000E+00
  0.0000000E+00
  0.0000000E+00
  0.0000000E+00
  0.0000000E+00
  0.0000000E+00
  0.0000000E+00
  0.0000000E+00
  0.0000000E+00
  0.0000000E+00
  8.6969631E-05
  0.0000000E+00
  0.0000000E+00
  0.0000000E+00
  0.0000000E+00
  0.0000000E+00
  0.0000000E+00
  0.0000000E+00
  0.0000000E+00
  0.0000000E+00
  0.0000000E+00
  0.0000000E+00
  0.0000000E+00
  0.0000000E+00
  0.0000000E+00
  0.0000000E+00
  0.0000000E+00
  0.0000000E+00
  0.0000000E+00
  0.0000000E+00
  0.0000000E+00
  0.0000000E+00
  3.2895175E-06
  0.0000000E+00
  0.0000000E+00
  0.0000000E+00
  0.0000000E+00
  0.0000000E+00
  0.0000000E+00
  0.0000000E+00
  0.0000000E+00
  0.0000000E+00
  0.0000000E+00
  1.5081161E-04
  2.2110683E-04
  0.0000000E+00
  0.0000000E+00
  3.3191207E-06
  0.0000000E+00
  0.0000000E+00
  7.4189622E-05
  0.0000000E+00
  0.0000000E+00
  0.0000000E+00
  0.0000000E+00
  0.0000000E+00
  0.0000000E+00
  0.0000000E+00
  0.0000000E+00
  0.0000000E+00
  0.0000000E+00
  0.0000000E+00
  0.0000000E+00
  0.0000000E+00
  0.0000000E+00
  0.0000000E+00
  0.0000000E+00
  0.0000000E+00
  0.0000000E+00
  0.0000000E+00
  0.0000000E+00
  0.0000000E+00
  1.2010481E-05
  1.4699166E-04
  1.4407055E-04
  0.0000000E+00
  0.0000000E+00
  3.0309291E-05
  0.0000000E+00
  0.0000000E+00
  0.0000000E+00
  0.0000000E+00
  1.0038754E-04
  9.3037590E-05
  0.0000000E+00
  0.0000000E+00
  0.0000000E+00
  0.0000000E+00
  1.8757494E-04
  6.6356821E-05
  6.4894462E-05
  2.5484580E-04
  2.5208230E-04
  0.0000000E+00
  3.0342941E-05
  0.0000000E+00
  0.0000000E+00
  9.9911435E-05
  9.8182965E-05
  0.0000000E+00
  0.0000000E+00
  0.0000000E+00
  3.0250876E-04
  3.7260933E-04
  3.5658476E-04
  1.9845783E-04
  1.8768711E-04
  0.0000000E+00
  0.0000000E+00
  1.0725883E-04
  5.5449345E-05
  4.4639397E-05
  0.0000000E+00
  0.0000000E+00
  2.3419756E-04
  2.2162772E-04
  0.0000000E+00
  0.0000000E+00
  2.3867257E-04
  3.1019803E-04
  3.0726654E-04
  1.2244952E-04
  1.3070086E-04
  0.0000000E+00
  0.0000000E+00
  0.0000000E+00
  0.0000000E+00
  5.3494881E-05
  1.4120871E-04
  1.3172084E-04
  0.0000000E+00
  0.0000000E+00
  5.3472948E-05
  0.0000000E+00
  0.0000000E+00
  1.4057143E-04
  1.3824286E-04
  0.0000000E+00
  0.0000000E+00
  0.0000000E+00
  0.0000000E+00
  1.5795567E-04
  0.0000000E+00
  0.0000000E+00
  0.0000000E+00
  0.0000000E+00
  0.0000000E+00
  0.0000000E+00
  0.0000000E+00
  2.5811174E-04
  2.4316180E-04
  0.0000000E+00
  0.0000000E+00
  5.1909342E-04
  3.5680860E-04
  1.9868584E-04
  0.0000000E+00
  0.0000000E+00
  0.0000000E+00
  0.0000000E+00
  3.5609867E-04
  2.5930678E-04
  6.2124414E-04
  6.1685964E-04
  1.7442688E-04
  1.5444457E-04
  4.1304465E-04
  3.9473278E-04
  1.2053811E-04
  0.0000000E+00
  0.0000000E+00
  5.0903618E-04
  4.9187359E-04
  2.1554275E-05
  1.2087878E-04
  0.0000000E+00
  0.0000000E+00
 
 month:           1 year:        2006
  0.0000000E+00
  0.0000000E+00
  0.0000000E+00
  0.0000000E+00
  0.0000000E+00
  0.0000000E+00
  0.0000000E+00
  0.0000000E+00
  0.0000000E+00
  0.0000000E+00
  0.0000000E+00
  0.0000000E+00
  0.0000000E+00
  0.0000000E+00
  0.0000000E+00
  0.0000000E+00
  0.0000000E+00
  0.0000000E+00
  0.0000000E+00
  4.8544885E-06
  0.0000000E+00
  0.0000000E+00
  0.0000000E+00
  0.0000000E+00
  0.0000000E+00
  0.0000000E+00
  0.0000000E+00
  0.0000000E+00
  0.0000000E+00
  0.0000000E+00
  0.0000000E+00
  0.0000000E+00
  1.1664420E-06
  0.0000000E+00
  0.0000000E+00
  0.0000000E+00
  0.0000000E+00
  0.0000000E+00
  0.0000000E+00
  0.0000000E+00
  0.0000000E+00
  0.0000000E+00
  0.0000000E+00
  0.0000000E+00
  0.0000000E+00
  0.0000000E+00
  0.0000000E+00
  0.0000000E+00
  0.0000000E+00
  0.0000000E+00
  0.0000000E+00
  0.0000000E+00
  0.0000000E+00
  0.0000000E+00
  0.0000000E+00
  0.0000000E+00
  0.0000000E+00
  0.0000000E+00
  0.0000000E+00
  0.0000000E+00
  0.0000000E+00
  0.0000000E+00
  0.0000000E+00
  0.0000000E+00
  0.0000000E+00
  2.2021318E-06
  3.3516656E-06
  0.0000000E+00
  0.0000000E+00
  0.0000000E+00
  0.0000000E+00
  0.0000000E+00
  9.6457632E-07
  0.0000000E+00
  0.0000000E+00
  0.0000000E+00
  0.0000000E+00
  0.0000000E+00
  0.0000000E+00
  0.0000000E+00
  0.0000000E+00
  0.0000000E+00
  0.0000000E+00
  0.0000000E+00
  0.0000000E+00
  0.0000000E+00
  0.0000000E+00
  0.0000000E+00
  0.0000000E+00
  0.0000000E+00
  0.0000000E+00
  0.0000000E+00
  0.0000000E+00
  0.0000000E+00
  0.0000000E+00
  2.1463543E-06
  2.1036992E-06
  0.0000000E+00
  0.0000000E+00
  2.4025201E-07
  0.0000000E+00
  0.0000000E+00
  0.0000000E+00
  0.0000000E+00
  1.3824736E-06
  1.2812548E-06
  0.0000000E+00
  0.0000000E+00
  0.0000000E+00
  0.0000000E+00
  2.8130871E-06
  8.3160990E-07
  8.1328301E-07
  3.8991097E-06
  3.8568278E-06
  0.0000000E+00
  2.4051866E-07
  0.0000000E+00
  0.0000000E+00
  1.3759168E-06
  1.3521131E-06
  0.0000000E+00
  0.0000000E+00
  0.0000000E+00
  4.6984915E-06
  1.4630008E-02
  1.0421349E-02
  2.9762987E-06
  2.8147688E-06
  0.0000000E+00
  0.0000000E+00
  1.5108284E-06
  6.6519073E-07
  4.7693010E-07
  0.0000000E+00
  0.0000000E+00
  3.5831927E-06
  3.3595609E-06
  0.0000000E+00
  0.0000000E+00
  3.6516615E-06
  4.8179172E-06
  4.7723875E-06
  1.7584999E-06
  1.8769987E-06
  0.0000000E+00
  0.0000000E+00
  0.0000000E+00
  0.0000000E+00
  6.4174429E-07
  2.0619120E-06
  1.8916461E-06
  0.0000000E+00
  0.0000000E+00
  6.4148117E-07
  0.0000000E+00
  0.0000000E+00
  2.0526061E-06
  2.0186046E-06
  0.0000000E+00
  0.0000000E+00
  0.0000000E+00
  0.0000000E+00
  2.3397433E-06
  0.0000000E+00
  0.0000000E+00
  0.0000000E+00
  0.0000000E+00
  0.0000000E+00
  0.0000000E+00
  0.0000000E+00
  3.9490760E-06
  3.7203447E-06
  0.0000000E+00
  0.0000000E+00
  8.2252327E-06
  5.5756545E-06
  2.9797181E-06
  0.0000000E+00
  0.0000000E+00
  0.0000000E+00
  0.0000000E+00
  5.5645619E-06
  3.9673610E-06
  9.8783694E-06
  9.8086475E-06
  2.5837262E-06
  2.2877337E-06
  6.4886631E-06
  6.2009985E-06
  1.7310505E-06
  0.0000000E+00
  0.0000000E+00
  8.0658738E-06
  7.7626946E-06
  1.1576045E-07
  1.7359430E-06
  0.0000000E+00
  0.0000000E+00
 
 month:           2 year:        2006
  0.0000000E+00
  0.0000000E+00
  0.0000000E+00
  0.0000000E+00
  0.0000000E+00
  0.0000000E+00
  0.0000000E+00
  0.0000000E+00
  0.0000000E+00
  0.0000000E+00
  0.0000000E+00
  0.0000000E+00
  0.0000000E+00
  0.0000000E+00
  0.0000000E+00
  0.0000000E+00
  0.0000000E+00
  0.0000000E+00
  0.0000000E+00
  0.0000000E+00
  0.0000000E+00
  0.0000000E+00
  0.0000000E+00
  0.0000000E+00
  0.0000000E+00
  0.0000000E+00
  0.0000000E+00
  0.0000000E+00
  0.0000000E+00
  0.0000000E+00
  0.0000000E+00
  0.0000000E+00
  0.0000000E+00
  0.0000000E+00
  0.0000000E+00
  0.0000000E+00
  0.0000000E+00
  0.0000000E+00
  0.0000000E+00
  0.0000000E+00
  0.0000000E+00
  0.0000000E+00
  0.0000000E+00
  0.0000000E+00
  0.0000000E+00
  0.0000000E+00
  0.0000000E+00
  0.0000000E+00
  0.0000000E+00
  0.0000000E+00
  0.0000000E+00
  0.0000000E+00
  0.0000000E+00
  0.0000000E+00
  0.0000000E+00
  0.0000000E+00
  0.0000000E+00
  0.0000000E+00
  0.0000000E+00
  0.0000000E+00
  0.0000000E+00
  0.0000000E+00
  0.0000000E+00
  0.0000000E+00
  0.0000000E+00
  0.0000000E+00
  0.0000000E+00
  0.0000000E+00
  0.0000000E+00
  0.0000000E+00
  0.0000000E+00
  0.0000000E+00
  0.0000000E+00
  0.0000000E+00
  0.0000000E+00
  0.0000000E+00
  0.0000000E+00
  0.0000000E+00
  0.0000000E+00
  0.0000000E+00
  0.0000000E+00
  0.0000000E+00
  0.0000000E+00
  0.0000000E+00
  0.0000000E+00
  0.0000000E+00
  0.0000000E+00
  0.0000000E+00
  0.0000000E+00
  0.0000000E+00
  0.0000000E+00
  0.0000000E+00
  0.0000000E+00
  0.0000000E+00
  0.0000000E+00
  0.0000000E+00
  0.0000000E+00
  0.0000000E+00
  0.0000000E+00
  0.0000000E+00
  0.0000000E+00
  0.0000000E+00
  0.0000000E+00
  0.0000000E+00
  0.0000000E+00
  0.0000000E+00
  0.0000000E+00
  0.0000000E+00
  0.0000000E+00
  0.0000000E+00
  0.0000000E+00
  0.0000000E+00
  0.0000000E+00
  0.0000000E+00
  0.0000000E+00
  0.0000000E+00
  0.0000000E+00
  0.0000000E+00
  0.0000000E+00
  0.0000000E+00
  0.0000000E+00
  0.0000000E+00
  0.0000000E+00
  0.0000000E+00
  0.0000000E+00
  8.5508153E-02
  7.5842649E-02
  0.0000000E+00
  0.0000000E+00
  0.0000000E+00
  0.0000000E+00
  0.0000000E+00
  0.0000000E+00
  0.0000000E+00
  0.0000000E+00
  0.0000000E+00
  1.6017457E-02
  7.1900901E-03
  0.0000000E+00
  0.0000000E+00
  0.0000000E+00
  4.4415038E-02
  4.2248353E-02
  0.0000000E+00
  0.0000000E+00
  0.0000000E+00
  0.0000000E+00
  0.0000000E+00
  0.0000000E+00
  0.0000000E+00
  0.0000000E+00
  0.0000000E+00
  0.0000000E+00
  0.0000000E+00
  0.0000000E+00
  0.0000000E+00
  0.0000000E+00
  0.0000000E+00
  0.0000000E+00
  0.0000000E+00
  0.0000000E+00
  0.0000000E+00
  0.0000000E+00
  0.0000000E+00
  0.0000000E+00
  0.0000000E+00
  0.0000000E+00
  0.0000000E+00
  0.0000000E+00
  0.0000000E+00
  0.0000000E+00
  0.0000000E+00
  0.0000000E+00
  0.0000000E+00
  0.0000000E+00
  0.0000000E+00
  0.0000000E+00
  0.0000000E+00
  0.0000000E+00
  0.0000000E+00
  0.0000000E+00
  0.0000000E+00
  0.0000000E+00
  0.0000000E+00
  0.0000000E+00
  0.0000000E+00
  0.0000000E+00
  0.0000000E+00
  0.0000000E+00
  0.0000000E+00
  0.0000000E+00
  0.0000000E+00
  0.0000000E+00
  0.0000000E+00
  0.0000000E+00
  0.0000000E+00
  0.0000000E+00
  0.0000000E+00
  0.0000000E+00
 
 month:           3 year:        2006
  0.0000000E+00
  0.0000000E+00
  0.0000000E+00
  0.0000000E+00
  0.0000000E+00
  0.0000000E+00
  0.0000000E+00
  0.0000000E+00
  0.0000000E+00
  0.0000000E+00
  0.0000000E+00
  0.0000000E+00
  0.0000000E+00
  0.0000000E+00
  0.0000000E+00
  0.0000000E+00
  0.0000000E+00
  0.0000000E+00
  0.0000000E+00
  4.3689430E-02
  0.0000000E+00
  0.0000000E+00
  0.0000000E+00
  0.0000000E+00
  0.0000000E+00
  0.0000000E+00
  0.0000000E+00
  0.0000000E+00
  0.0000000E+00
  0.0000000E+00
  0.0000000E+00
  0.0000000E+00
  0.0000000E+00
  0.0000000E+00
  0.0000000E+00
  0.0000000E+00
  0.0000000E+00
  0.0000000E+00
  0.0000000E+00
  0.0000000E+00
  0.0000000E+00
  0.0000000E+00
  0.0000000E+00
  0.0000000E+00
  0.0000000E+00
  0.0000000E+00
  0.0000000E+00
  0.0000000E+00
  0.0000000E+00
  0.0000000E+00
  0.0000000E+00
  0.0000000E+00
  0.0000000E+00
  0.0000000E+00
  0.0000000E+00
  0.0000000E+00
  0.0000000E+00
  0.0000000E+00
  0.0000000E+00
  0.0000000E+00
  0.0000000E+00
  0.0000000E+00
  0.0000000E+00
  0.0000000E+00
  0.0000000E+00
  6.7390405E-02
  0.1760655    
  0.0000000E+00
  0.0000000E+00
  0.0000000E+00
  0.0000000E+00
  0.0000000E+00
  8.5419267E-03
  0.0000000E+00
  0.0000000E+00
  0.0000000E+00
  0.0000000E+00
  0.0000000E+00
  0.0000000E+00
  0.0000000E+00
  0.0000000E+00
  0.0000000E+00
  0.0000000E+00
  0.0000000E+00
  0.0000000E+00
  0.0000000E+00
  0.0000000E+00
  0.0000000E+00
  0.0000000E+00
  0.0000000E+00
  0.0000000E+00
  0.0000000E+00
  0.0000000E+00
  0.0000000E+00
  0.2508952    
  0.3647555    
  0.3621137    
  0.0000000E+00
  0.0000000E+00
  0.0000000E+00
  0.0000000E+00
  0.0000000E+00
  0.0000000E+00
  0.0000000E+00
  5.6239832E-02
  5.0278824E-02
  0.0000000E+00
  0.0000000E+00
  0.0000000E+00
  0.0000000E+00
  0.1622402    
  7.7199087E-02
  7.5716838E-02
  0.2514281    
  0.2493437    
  0.0000000E+00
  0.0000000E+00
  0.0000000E+00
  0.0000000E+00
  5.5864658E-02
  5.4496013E-02
  0.0000000E+00
  0.0000000E+00
  0.0000000E+00
  0.3052908    
  0.3715628    
  0.3600215    
  0.2392452    
  0.2269724    
  0.0000000E+00
  0.0000000E+00
  0.3476048    
  0.2558738    
  0.2413000    
  0.0000000E+00
  0.0000000E+00
  0.4208632    
  0.4111626    
  0.0000000E+00
  0.0000000E+00
  0.2192390    
  0.2893268    
  0.2872530    
  0.1403484    
  0.1496608    
  0.0000000E+00
  0.0000000E+00
  0.0000000E+00
  0.0000000E+00
  0.0000000E+00
  7.9199530E-02
  7.3360816E-02
  0.0000000E+00
  0.0000000E+00
  0.0000000E+00
  0.0000000E+00
  0.0000000E+00
  7.8810088E-02
  7.7381149E-02
  0.0000000E+00
  0.0000000E+00
  0.0000000E+00
  0.0000000E+00
  0.0000000E+00
  0.0000000E+00
  0.0000000E+00
  0.0000000E+00
  0.0000000E+00
  0.0000000E+00
  0.0000000E+00
  0.0000000E+00
  7.1942985E-02
  6.5001674E-02
  0.0000000E+00
  0.0000000E+00
  0.2815537    
  9.1696076E-02
  0.0000000E+00
  0.0000000E+00
  0.0000000E+00
  0.0000000E+00
  0.0000000E+00
  9.1206588E-02
  2.6246134E-02
  0.3571332    
  0.3550873    
  0.0000000E+00
  0.0000000E+00
  0.2933196    
  0.2784601    
  0.0000000E+00
  0.0000000E+00
  0.0000000E+00
  0.3989364    
  0.3881248    
  0.0000000E+00
  0.0000000E+00
  0.0000000E+00
  0.0000000E+00
 
 month:           4 year:        2006
  0.0000000E+00
  0.0000000E+00
  0.0000000E+00
  0.0000000E+00
  0.0000000E+00
  0.0000000E+00
  0.0000000E+00
  0.0000000E+00
  0.0000000E+00
  0.0000000E+00
  0.0000000E+00
  0.0000000E+00
  0.0000000E+00
  0.0000000E+00
  0.0000000E+00
  0.0000000E+00
  0.0000000E+00
  0.0000000E+00
  0.0000000E+00
  9.5115360E-03
  0.0000000E+00
  0.0000000E+00
  0.0000000E+00
  0.0000000E+00
  0.0000000E+00
  0.0000000E+00
  0.0000000E+00
  0.0000000E+00
  0.0000000E+00
  0.0000000E+00
  0.0000000E+00
  0.0000000E+00
  0.0000000E+00
  0.0000000E+00
  0.0000000E+00
  0.0000000E+00
  0.0000000E+00
  0.0000000E+00
  0.0000000E+00
  0.0000000E+00
  0.0000000E+00
  0.0000000E+00
  0.0000000E+00
  0.0000000E+00
  0.0000000E+00
  0.0000000E+00
  0.0000000E+00
  0.0000000E+00
  0.0000000E+00
  0.0000000E+00
  0.0000000E+00
  0.0000000E+00
  0.0000000E+00
  0.0000000E+00
  0.0000000E+00
  0.0000000E+00
  0.0000000E+00
  0.0000000E+00
  0.0000000E+00
  0.0000000E+00
  0.0000000E+00
  0.0000000E+00
  0.0000000E+00
  0.0000000E+00
  0.0000000E+00
  1.4671429E-02
  3.8330868E-02
  0.0000000E+00
  0.0000000E+00
  0.0000000E+00
  0.0000000E+00
  0.0000000E+00
  1.8596456E-03
  0.0000000E+00
  0.0000000E+00
  0.0000000E+00
  0.0000000E+00
  0.0000000E+00
  0.0000000E+00
  0.0000000E+00
  0.0000000E+00
  0.0000000E+00
  0.0000000E+00
  0.0000000E+00
  0.0000000E+00
  0.0000000E+00
  0.0000000E+00
  0.0000000E+00
  0.0000000E+00
  0.0000000E+00
  0.0000000E+00
  0.0000000E+00
  0.0000000E+00
  0.0000000E+00
  5.4621883E-02
  7.9410195E-02
  7.8835055E-02
  0.0000000E+00
  0.0000000E+00
  0.0000000E+00
  0.0000000E+00
  0.0000000E+00
  0.0000000E+00
  0.0000000E+00
  1.2243863E-02
  1.0946102E-02
  0.0000000E+00
  0.0000000E+00
  0.0000000E+00
  0.0000000E+00
  3.5320990E-02
  1.6806863E-02
  1.6484164E-02
  5.4737914E-02
  5.4284099E-02
  0.0000000E+00
  0.0000000E+00
  0.0000000E+00
  0.0000000E+00
  1.2162181E-02
  1.1864219E-02
  0.0000000E+00
  0.0000000E+00
  0.0000000E+00
  6.6464253E-02
  8.0517635E-02
  7.8047320E-02
  5.2085578E-02
  4.9413707E-02
  0.0000000E+00
  0.0000000E+00
  7.5676344E-02
  5.5705767E-02
  5.2532952E-02
  0.0000000E+00
  0.0000000E+00
  9.1555126E-02
  8.9481845E-02
  0.0000000E+00
  0.0000000E+00
  4.7730066E-02
  6.2794186E-02
  6.2352218E-02
  3.0554989E-02
  3.2582350E-02
  0.0000000E+00
  0.0000000E+00
  0.0000000E+00
  0.0000000E+00
  0.0000000E+00
  1.7242365E-02
  1.5971234E-02
  0.0000000E+00
  0.0000000E+00
  0.0000000E+00
  0.0000000E+00
  0.0000000E+00
  1.7157588E-02
  1.6846495E-02
  0.0000000E+00
  0.0000000E+00
  0.0000000E+00
  0.0000000E+00
  0.0000000E+00
  0.0000000E+00
  0.0000000E+00
  0.0000000E+00
  0.0000000E+00
  0.0000000E+00
  0.0000000E+00
  0.0000000E+00
  1.5662566E-02
  1.4151380E-02
  0.0000000E+00
  0.0000000E+00
  6.1296470E-02
  1.9962968E-02
  0.0000000E+00
  0.0000000E+00
  0.0000000E+00
  0.0000000E+00
  0.0000000E+00
  1.9856403E-02
  5.7139914E-03
  7.7750735E-02
  7.7305309E-02
  0.0000000E+00
  0.0000000E+00
  6.3858017E-02
  6.0622994E-02
  0.0000000E+00
  0.0000000E+00
  0.0000000E+00
  8.6851634E-02
  8.4497899E-02
  0.0000000E+00
  0.0000000E+00
  0.0000000E+00
  0.0000000E+00
 
 month:           5 year:        2006
  0.0000000E+00
  0.0000000E+00
  0.0000000E+00
  0.0000000E+00
  0.0000000E+00
  0.0000000E+00
  0.0000000E+00
  0.0000000E+00
  0.0000000E+00
  0.0000000E+00
  0.0000000E+00
  0.0000000E+00
  0.0000000E+00
  0.0000000E+00
  0.0000000E+00
  0.0000000E+00
  0.0000000E+00
  0.0000000E+00
  0.0000000E+00
  1.4534258E-02
  0.0000000E+00
  0.0000000E+00
  0.0000000E+00
  0.0000000E+00
  0.0000000E+00
  0.0000000E+00
  0.0000000E+00
  0.0000000E+00
  0.0000000E+00
  0.0000000E+00
  0.0000000E+00
  0.0000000E+00
  0.0000000E+00
  0.0000000E+00
  0.0000000E+00
  0.0000000E+00
  0.0000000E+00
  0.0000000E+00
  0.0000000E+00
  0.0000000E+00
  0.0000000E+00
  0.0000000E+00
  0.0000000E+00
  0.0000000E+00
  0.0000000E+00
  0.0000000E+00
  0.0000000E+00
  0.0000000E+00
  0.0000000E+00
  0.0000000E+00
  0.0000000E+00
  0.0000000E+00
  0.0000000E+00
  0.0000000E+00
  0.0000000E+00
  0.0000000E+00
  0.0000000E+00
  0.0000000E+00
  0.0000000E+00
  0.0000000E+00
  0.0000000E+00
  0.0000000E+00
  0.0000000E+00
  0.0000000E+00
  0.0000000E+00
  9.8633096E-02
  0.2232220    
  0.0000000E+00
  0.0000000E+00
  0.0000000E+00
  0.0000000E+00
  0.0000000E+00
  5.5769812E-02
  0.0000000E+00
  0.0000000E+00
  0.0000000E+00
  0.0000000E+00
  0.0000000E+00
  0.0000000E+00
  0.0000000E+00
  0.0000000E+00
  0.0000000E+00
  0.0000000E+00
  0.0000000E+00
  0.0000000E+00
  0.0000000E+00
  0.0000000E+00
  0.0000000E+00
  0.0000000E+00
  0.0000000E+00
  0.0000000E+00
  2.2100216E-02
  0.0000000E+00
  0.0000000E+00
  0.3516814    
  0.4930206    
  0.4882902    
  0.0000000E+00
  0.0000000E+00
  2.9403865E-02
  0.0000000E+00
  0.0000000E+00
  0.0000000E+00
  0.0000000E+00
  0.1475376    
  0.1359991    
  0.0000000E+00
  0.0000000E+00
  0.0000000E+00
  0.0000000E+00
  0.2287702    
  0.1755926    
  0.1730285    
  0.3656322    
  0.3615701    
  0.0000000E+00
  2.9496692E-02
  0.0000000E+00
  0.0000000E+00
  0.1467942    
  0.1440881    
  0.0000000E+00
  0.0000000E+00
  0.0000000E+00
  0.4717426    
  0.6125585    
  0.5863943    
  0.4116979    
  0.3901798    
  0.0000000E+00
  0.0000000E+00
  0.4892819    
  0.4300133    
  0.4073611    
  0.0000000E+00
  0.0000000E+00
  0.6301634    
  0.6093347    
  0.0000000E+00
  0.0000000E+00
  0.3523820    
  0.4889584    
  0.4842954    
  0.2772644    
  0.2936668    
  0.0000000E+00
  0.0000000E+00
  0.0000000E+00
  0.0000000E+00
  0.1049114    
  0.2344338    
  0.2207146    
  4.4357903E-02
  5.5709481E-02
  0.1048821    
  0.0000000E+00
  0.0000000E+00
  0.2335108    
  0.2301321    
  5.5671614E-02
  4.6557382E-02
  0.0000000E+00
  0.0000000E+00
  0.2098575    
  0.0000000E+00
  0.0000000E+00
  0.0000000E+00
  0.0000000E+00
  0.0000000E+00
  0.0000000E+00
  0.0000000E+00
  0.3476223    
  0.3289478    
  0.0000000E+00
  0.0000000E+00
  0.6722191    
  0.3894515    
  0.1414250    
  0.0000000E+00
  0.0000000E+00
  0.0000000E+00
  0.0000000E+00
  0.3883860    
  0.2252834    
  0.8103781    
  0.8047696    
  5.6513008E-02
  2.3020916E-02
  0.6975526    
  0.6697522    
  0.3297790    
  8.2532749E-02
  0.0000000E+00
  0.8382167    
  0.8120950    
  0.2109382    
  0.3302212    
  0.0000000E+00
  0.0000000E+00
 
 month:           6 year:        2006
  0.0000000E+00
  0.0000000E+00
  0.0000000E+00
  0.0000000E+00
  0.0000000E+00
  0.0000000E+00
  0.0000000E+00
  0.0000000E+00
  0.0000000E+00
  0.0000000E+00
  0.0000000E+00
  0.0000000E+00
  0.0000000E+00
  0.0000000E+00
  0.0000000E+00
  0.0000000E+00
  0.0000000E+00
  0.0000000E+00
  0.0000000E+00
  0.3152886    
  0.0000000E+00
  0.0000000E+00
  0.0000000E+00
  0.0000000E+00
  0.0000000E+00
  0.0000000E+00
  0.0000000E+00
  0.0000000E+00
  0.0000000E+00
  0.0000000E+00
  0.0000000E+00
  0.0000000E+00
  4.7017217E-02
  0.0000000E+00
  0.0000000E+00
  0.0000000E+00
  0.0000000E+00
  0.0000000E+00
  0.0000000E+00
  0.0000000E+00
  0.0000000E+00
  0.0000000E+00
  0.0000000E+00
  0.0000000E+00
  0.0000000E+00
  0.0000000E+00
  0.0000000E+00
  0.0000000E+00
  0.0000000E+00
  0.0000000E+00
  0.0000000E+00
  0.0000000E+00
  0.0000000E+00
  0.0000000E+00
  0.0000000E+00
  0.0000000E+00
  0.0000000E+00
  0.0000000E+00
  0.0000000E+00
  0.0000000E+00
  0.0000000E+00
  0.0000000E+00
  0.0000000E+00
  0.0000000E+00
  0.0000000E+00
  9.8150689E-03
  0.1136393    
  0.0000000E+00
  0.0000000E+00
  0.0000000E+00
  0.0000000E+00
  0.0000000E+00
  1.8226595E-03
  0.0000000E+00
  0.0000000E+00
  0.0000000E+00
  0.0000000E+00
  0.0000000E+00
  0.0000000E+00
  0.0000000E+00
  0.0000000E+00
  0.0000000E+00
  0.0000000E+00
  0.0000000E+00
  0.0000000E+00
  0.0000000E+00
  0.0000000E+00
  0.0000000E+00
  0.0000000E+00
  0.0000000E+00
  0.0000000E+00
  7.2248746E-04
  0.0000000E+00
  0.0000000E+00
  5.8320869E-02
  0.1775999    
  0.1751964    
  0.0000000E+00
  0.0000000E+00
  9.6125394E-04
  0.0000000E+00
  0.0000000E+00
  0.0000000E+00
  0.0000000E+00
  4.7685071E-03
  4.4209897E-03
  0.0000000E+00
  0.0000000E+00
  0.0000000E+00
  0.0000000E+00
  7.3618484E-03
  5.7355417E-03
  5.6518125E-03
  9.7894847E-02
  9.5767349E-02
  0.0000000E+00
  9.6428889E-04
  0.0000000E+00
  0.0000000E+00
  4.7460268E-03
  4.6642018E-03
  0.0000000E+00
  0.0000000E+00
  0.0000000E+00
  0.2060669    
  0.2909274    
  0.2791007    
  0.1674066    
  0.1567605    
  0.0000000E+00
  0.0000000E+00
  0.2374756    
  0.1973316    
  0.1853035    
  0.0000000E+00
  0.0000000E+00
  0.3274930    
  0.3174835    
  0.0000000E+00
  0.0000000E+00
  0.1222694    
  0.2111516    
  0.2085999    
  7.1525842E-02
  7.9481840E-02
  0.0000000E+00
  0.0000000E+00
  0.0000000E+00
  0.0000000E+00
  3.4734670E-03
  2.7257543E-02
  2.0585440E-02
  1.4896422E-03
  1.8651498E-03
  3.4724942E-03
  0.0000000E+00
  0.0000000E+00
  2.6811678E-02
  2.5175789E-02
  1.8638863E-03
  1.5619127E-03
  0.0000000E+00
  0.0000000E+00
  6.6354838E-03
  0.0000000E+00
  0.0000000E+00
  0.0000000E+00
  0.0000000E+00
  0.0000000E+00
  0.0000000E+00
  0.0000000E+00
  8.7872773E-02
  7.9354309E-02
  0.0000000E+00
  0.0000000E+00
  0.3331299    
  0.1030554    
  4.6310867E-03
  0.0000000E+00
  0.0000000E+00
  0.0000000E+00
  0.0000000E+00
  0.1024793    
  2.4981109E-02
  0.4046673    
  0.4021641    
  1.8632694E-03
  7.6723646E-04
  0.3804895    
  0.3647184    
  0.1233770    
  2.7026015E-03
  0.0000000E+00
  0.4595689    
  0.4469199    
  3.5855114E-02
  0.1236830    
  0.0000000E+00
  0.0000000E+00
 
 month:           7 year:        2006
  0.0000000E+00
  0.0000000E+00
  0.0000000E+00
  0.0000000E+00
  0.0000000E+00
  0.0000000E+00
  0.0000000E+00
  0.0000000E+00
  0.0000000E+00
  0.0000000E+00
  0.0000000E+00
  0.0000000E+00
  0.0000000E+00
  0.0000000E+00
  0.0000000E+00
  0.0000000E+00
  0.0000000E+00
  0.0000000E+00
  0.0000000E+00
  5.4852005E-02
  0.0000000E+00
  0.0000000E+00
  0.0000000E+00
  0.0000000E+00
  0.0000000E+00
  0.0000000E+00
  0.0000000E+00
  0.0000000E+00
  0.0000000E+00
  0.0000000E+00
  0.0000000E+00
  0.0000000E+00
  8.1897974E-03
  0.0000000E+00
  0.0000000E+00
  0.0000000E+00
  0.0000000E+00
  0.0000000E+00
  0.0000000E+00
  0.0000000E+00
  0.0000000E+00
  0.0000000E+00
  0.0000000E+00
  0.0000000E+00
  0.0000000E+00
  0.0000000E+00
  0.0000000E+00
  0.0000000E+00
  0.0000000E+00
  0.0000000E+00
  0.0000000E+00
  0.0000000E+00
  0.0000000E+00
  0.0000000E+00
  0.0000000E+00
  0.0000000E+00
  0.0000000E+00
  0.0000000E+00
  0.0000000E+00
  0.0000000E+00
  0.0000000E+00
  0.0000000E+00
  0.0000000E+00
  0.0000000E+00
  0.0000000E+00
  1.2059456E-03
  1.8679857E-02
  0.0000000E+00
  0.0000000E+00
  0.0000000E+00
  0.0000000E+00
  0.0000000E+00
  3.2381573E-05
  0.0000000E+00
  0.0000000E+00
  0.0000000E+00
  0.0000000E+00
  0.0000000E+00
  0.0000000E+00
  0.0000000E+00
  0.0000000E+00
  0.0000000E+00
  0.0000000E+00
  0.0000000E+00
  0.0000000E+00
  0.0000000E+00
  0.0000000E+00
  0.0000000E+00
  0.0000000E+00
  0.0000000E+00
  0.0000000E+00
  1.2805966E-05
  0.0000000E+00
  0.0000000E+00
  8.4360512E-03
  2.8652683E-02
  2.8255198E-02
  0.0000000E+00
  0.0000000E+00
  1.7077740E-05
  0.0000000E+00
  0.0000000E+00
  0.0000000E+00
  0.0000000E+00
  8.4717823E-05
  7.8543810E-05
  0.0000000E+00
  0.0000000E+00
  0.0000000E+00
  0.0000000E+00
  1.3079146E-04
  1.0189825E-04
  1.0041073E-04
  1.5335439E-02
  1.4982919E-02
  0.0000000E+00
  1.7131657E-05
  0.0000000E+00
  0.0000000E+00
  8.4318432E-05
  8.2864724E-05
  0.0000000E+00
  0.0000000E+00
  0.0000000E+00
  3.3694178E-02
  4.7917068E-02
  4.5973193E-02
  2.7195716E-02
  2.5437424E-02
  0.0000000E+00
  0.0000000E+00
  3.9076943E-02
  3.2315850E-02
  3.0322116E-02
  0.0000000E+00
  0.0000000E+00
  5.4197829E-02
  5.2547090E-02
  0.0000000E+00
  0.0000000E+00
  1.9611804E-02
  3.4575667E-02
  3.4140754E-02
  1.1083110E-02
  1.2391191E-02
  0.0000000E+00
  0.0000000E+00
  0.0000000E+00
  0.0000000E+00
  6.1709987E-05
  3.6109483E-03
  2.5092135E-03
  2.6465146E-05
  3.3136443E-05
  6.1692699E-05
  0.0000000E+00
  0.0000000E+00
  3.5373536E-03
  3.2672947E-03
  3.3114011E-05
  2.7749098E-05
  0.0000000E+00
  0.0000000E+00
  1.1788676E-04
  0.0000000E+00
  0.0000000E+00
  0.0000000E+00
  0.0000000E+00
  0.0000000E+00
  0.0000000E+00
  0.0000000E+00
  1.3707226E-02
  1.2305439E-02
  0.0000000E+00
  0.0000000E+00
  5.4998171E-02
  1.6036037E-02
  8.2276376E-05
  0.0000000E+00
  0.0000000E+00
  0.0000000E+00
  0.0000000E+00
  1.5940251E-02
  3.1979606E-03
  6.6913851E-02
  6.6500075E-02
  3.3103042E-05
  1.3599138E-05
  6.3123330E-02
  6.0498297E-02
  1.9825831E-02
  4.8014714E-05
  0.0000000E+00
  7.6356158E-02
  7.4251726E-02
  5.1652258E-03
  1.9877035E-02
  0.0000000E+00
  0.0000000E+00
 
 month:           8 year:        2006
  0.0000000E+00
  0.0000000E+00
  0.0000000E+00
  0.0000000E+00
  0.0000000E+00
  0.0000000E+00
  0.0000000E+00
  0.0000000E+00
  0.0000000E+00
  0.0000000E+00
  0.0000000E+00
  0.0000000E+00
  0.0000000E+00
  0.0000000E+00
  0.0000000E+00
  0.0000000E+00
  0.0000000E+00
  0.0000000E+00
  0.0000000E+00
  8.7924296E-04
  0.0000000E+00
  0.0000000E+00
  0.0000000E+00
  0.0000000E+00
  0.0000000E+00
  0.0000000E+00
  0.0000000E+00
  0.0000000E+00
  0.0000000E+00
  0.0000000E+00
  0.0000000E+00
  0.0000000E+00
  1.3127732E-04
  0.0000000E+00
  0.0000000E+00
  0.0000000E+00
  0.0000000E+00
  0.0000000E+00
  0.0000000E+00
  0.0000000E+00
  0.0000000E+00
  0.0000000E+00
  0.0000000E+00
  0.0000000E+00
  0.0000000E+00
  0.0000000E+00
  0.0000000E+00
  0.0000000E+00
  0.0000000E+00
  0.0000000E+00
  0.0000000E+00
  0.0000000E+00
  0.0000000E+00
  0.0000000E+00
  0.0000000E+00
  0.0000000E+00
  0.0000000E+00
  0.0000000E+00
  0.0000000E+00
  0.0000000E+00
  0.0000000E+00
  0.0000000E+00
  0.0000000E+00
  0.0000000E+00
  0.0000000E+00
  1.9330551E-05
  2.9942647E-04
  0.0000000E+00
  0.0000000E+00
  0.0000000E+00
  0.0000000E+00
  0.0000000E+00
  2.9048556E-07
  0.0000000E+00
  0.0000000E+00
  0.0000000E+00
  0.0000000E+00
  0.0000000E+00
  0.0000000E+00
  0.0000000E+00
  0.0000000E+00
  0.0000000E+00
  0.0000000E+00
  0.0000000E+00
  0.0000000E+00
  0.0000000E+00
  0.0000000E+00
  0.0000000E+00
  0.0000000E+00
  0.0000000E+00
  0.0000000E+00
  0.0000000E+00
  0.0000000E+00
  0.0000000E+00
  1.3522456E-04
  4.5928446E-04
  4.5291311E-04
  0.0000000E+00
  0.0000000E+00
  3.4727400E-08
  0.0000000E+00
  0.0000000E+00
  0.0000000E+00
  0.0000000E+00
  1.1362404E-06
  1.0211877E-06
  0.0000000E+00
  0.0000000E+00
  0.0000000E+00
  0.0000000E+00
  1.8782986E-06
  1.4032782E-06
  1.3827928E-06
  2.4581756E-04
  2.4016674E-04
  0.0000000E+00
  3.4837019E-08
  0.0000000E+00
  0.0000000E+00
  1.1308830E-06
  1.1113863E-06
  0.0000000E+00
  0.0000000E+00
  0.0000000E+00
  5.4009631E-04
  7.6808070E-04
  7.3692144E-04
  4.3593015E-04
  4.0774592E-04
  0.0000000E+00
  0.0000000E+00
  6.2637893E-04
  5.1800272E-04
  4.8604462E-04
  0.0000000E+00
  0.0000000E+00
  8.6875702E-04
  8.4229698E-04
  0.0000000E+00
  0.0000000E+00
  3.1436511E-04
  5.5422611E-04
  5.4725487E-04
  1.7765534E-04
  1.9862302E-04
  0.0000000E+00
  0.0000000E+00
  0.0000000E+00
  0.0000000E+00
  7.7337370E-07
  5.7881232E-05
  4.0221130E-05
  1.7820943E-07
  2.9725717E-07
  7.7315724E-07
  0.0000000E+00
  0.0000000E+00
  5.6701549E-05
  5.2372699E-05
  2.9705600E-07
  2.1995815E-07
  0.0000000E+00
  0.0000000E+00
  1.6929745E-06
  0.0000000E+00
  0.0000000E+00
  0.0000000E+00
  0.0000000E+00
  0.0000000E+00
  0.0000000E+00
  0.0000000E+00
  2.1971822E-04
  1.9724850E-04
  0.0000000E+00
  0.0000000E+00
  8.8158628E-04
  2.5704768E-04
  1.1034958E-06
  0.0000000E+00
  0.0000000E+00
  0.0000000E+00
  0.0000000E+00
  2.5551231E-04
  5.1261326E-05
  1.0725870E-03
  1.0659546E-03
  2.9695758E-07
  0.0000000E+00
  1.0118275E-03
  9.6974982E-04
  3.1779561E-04
  5.4659461E-07
  0.0000000E+00
  1.2239410E-03
  1.1902086E-03
  8.2795348E-05
  3.1861654E-04
  0.0000000E+00
  0.0000000E+00
 
 month:           9 year:        2006
  0.0000000E+00
  0.0000000E+00
  0.0000000E+00
  0.0000000E+00
  0.0000000E+00
  0.0000000E+00
  0.0000000E+00
  0.0000000E+00
  0.0000000E+00
  0.0000000E+00
  0.0000000E+00
  0.0000000E+00
  0.0000000E+00
  0.0000000E+00
  0.0000000E+00
  0.0000000E+00
  0.0000000E+00
  0.0000000E+00
  0.0000000E+00
  0.4158476    
  0.0000000E+00
  0.0000000E+00
  0.0000000E+00
  0.0000000E+00
  0.0000000E+00
  0.0000000E+00
  0.0000000E+00
  0.0000000E+00
  0.0000000E+00
  0.0000000E+00
  0.0000000E+00
  0.0000000E+00
  4.2529400E-02
  0.0000000E+00
  0.0000000E+00
  0.0000000E+00
  0.0000000E+00
  0.0000000E+00
  0.0000000E+00
  0.0000000E+00
  0.0000000E+00
  0.0000000E+00
  0.0000000E+00
  0.0000000E+00
  0.0000000E+00
  0.0000000E+00
  0.0000000E+00
  0.0000000E+00
  0.0000000E+00
  0.0000000E+00
  0.0000000E+00
  0.0000000E+00
  0.0000000E+00
  0.0000000E+00
  2.2760220E-02
  0.0000000E+00
  0.0000000E+00
  0.0000000E+00
  0.0000000E+00
  0.0000000E+00
  0.0000000E+00
  0.0000000E+00
  0.0000000E+00
  0.0000000E+00
  0.0000000E+00
  0.2648157    
  0.4285213    
  0.0000000E+00
  0.0000000E+00
  2.2797670E-02
  0.0000000E+00
  0.0000000E+00
  0.1050526    
  0.0000000E+00
  0.0000000E+00
  0.0000000E+00
  0.0000000E+00
  0.0000000E+00
  0.0000000E+00
  0.0000000E+00
  0.0000000E+00
  0.0000000E+00
  0.0000000E+00
  0.0000000E+00
  0.0000000E+00
  0.0000000E+00
  0.0000000E+00
  0.0000000E+00
  0.0000000E+00
  0.0000000E+00
  0.0000000E+00
  0.0000000E+00
  0.0000000E+00
  0.0000000E+00
  0.1115122    
  0.2283387    
  0.2257952    
  0.0000000E+00
  0.0000000E+00
  0.0000000E+00
  0.0000000E+00
  0.0000000E+00
  0.0000000E+00
  0.0000000E+00
  1.8092819E-02
  1.2546741E-02
  0.0000000E+00
  0.0000000E+00
  0.0000000E+00
  0.0000000E+00
  0.1483488    
  8.8214979E-02
  8.5866749E-02
  0.2857431    
  0.2822082    
  0.0000000E+00
  0.0000000E+00
  0.0000000E+00
  0.0000000E+00
  1.7743908E-02
  1.6479369E-02
  0.0000000E+00
  0.0000000E+00
  0.0000000E+00
  0.1175520    
  0.2623085    
  0.2442994    
  8.3423331E-02
  7.3616691E-02
  0.0000000E+00
  0.0000000E+00
  6.1129294E-02
  1.2181412E-02
  2.9477982E-03
  0.0000000E+00
  0.0000000E+00
  0.1780943    
  0.1683561    
  0.0000000E+00
  0.0000000E+00
  3.0812895E-02
  0.1677772    
  0.1644813    
  9.9192346E-03
  1.7248765E-02
  0.0000000E+00
  0.0000000E+00
  0.0000000E+00
  0.0000000E+00
  0.0000000E+00
  7.1751020E-07
  4.1081410E-07
  0.0000000E+00
  0.0000000E+00
  0.0000000E+00
  0.0000000E+00
  0.0000000E+00
  7.0288633E-07
  6.1607886E-07
  0.0000000E+00
  0.0000000E+00
  0.0000000E+00
  0.0000000E+00
  0.0000000E+00
  0.0000000E+00
  0.0000000E+00
  0.0000000E+00
  0.0000000E+00
  0.0000000E+00
  0.0000000E+00
  0.0000000E+00
  0.1432003    
  0.1292623    
  0.0000000E+00
  0.0000000E+00
  0.4558733    
  7.6982521E-02
  0.0000000E+00
  0.0000000E+00
  0.0000000E+00
  0.0000000E+00
  0.0000000E+00
  7.6110080E-02
  6.0300522E-07
  0.6139622    
  0.6092252    
  0.0000000E+00
  0.0000000E+00
  0.2120806    
  0.1985201    
  5.1004549E-06
  0.0000000E+00
  0.0000000E+00
  0.3164248    
  0.3055310    
  1.1474713E-06
  5.1136280E-06
  0.0000000E+00
  0.0000000E+00
 
 month:          10 year:        2006
  0.0000000E+00
  0.0000000E+00
  0.0000000E+00
  0.0000000E+00
  0.0000000E+00
  0.0000000E+00
  0.0000000E+00
  0.0000000E+00
  0.0000000E+00
  0.0000000E+00
  0.0000000E+00
  0.0000000E+00
  0.0000000E+00
  0.0000000E+00
  0.0000000E+00
  0.0000000E+00
  0.0000000E+00
  0.0000000E+00
  0.0000000E+00
  0.9446949    
  0.0000000E+00
  0.0000000E+00
  0.0000000E+00
  0.0000000E+00
  0.0000000E+00
  0.0000000E+00
  0.0000000E+00
  0.0000000E+00
  0.0000000E+00
  0.0000000E+00
  0.0000000E+00
  0.0000000E+00
  0.3922836    
  0.0000000E+00
  0.0000000E+00
  0.0000000E+00
  0.0000000E+00
  0.0000000E+00
  0.0000000E+00
  0.0000000E+00
  0.0000000E+00
  0.0000000E+00
  0.0000000E+00
  0.0000000E+00
  0.0000000E+00
  0.0000000E+00
  0.0000000E+00
  0.0000000E+00
  0.0000000E+00
  0.0000000E+00
  0.0000000E+00
  0.0000000E+00
  0.0000000E+00
  0.0000000E+00
  0.2952676    
  0.0000000E+00
  0.0000000E+00
  0.0000000E+00
  0.0000000E+00
  0.0000000E+00
  0.0000000E+00
  0.0000000E+00
  0.0000000E+00
  0.0000000E+00
  0.0000000E+00
  0.7044674    
  0.8142294    
  0.0000000E+00
  0.0000000E+00
  0.2953376    
  0.0000000E+00
  0.0000000E+00
  0.4037715    
  0.0000000E+00
  0.0000000E+00
  0.0000000E+00
  0.0000000E+00
  3.1002244E-02
  3.1609371E-02
  0.0000000E+00
  0.0000000E+00
  0.0000000E+00
  0.0000000E+00
  0.0000000E+00
  0.0000000E+00
  0.0000000E+00
  0.0000000E+00
  0.0000000E+00
  0.0000000E+00
  0.0000000E+00
  0.0000000E+00
  0.3212899    
  0.2165378    
  0.1492651    
  0.6072568    
  0.7717041    
  0.7647941    
  0.0000000E+00
  0.0000000E+00
  0.3357310    
  0.0000000E+00
  0.0000000E+00
  0.2157485    
  0.2021316    
  0.4444194    
  0.4280926    
  0.0000000E+00
  0.0000000E+00
  0.0000000E+00
  0.0000000E+00
  0.7703483    
  0.6388869    
  0.6340348    
  0.8751639    
  0.8691674    
  0.0000000E+00
  0.3357755    
  0.2156989    
  0.2127510    
  0.4433735    
  0.4396131    
  0.0000000E+00
  0.0000000E+00
  0.0000000E+00
  0.9519415    
   1.065299    
   1.031515    
  0.8173860    
  0.7871594    
  0.0000000E+00
  0.0000000E+00
  0.6294131    
  0.5282612    
  0.4994264    
  0.0000000E+00
  0.0000000E+00
  0.7976003    
  0.7698135    
  0.0000000E+00
  0.0000000E+00
  0.7815358    
  0.8944103    
  0.8883284    
  0.6229087    
  0.6462687    
  1.2793140E-02
  7.9560660E-02
  0.0000000E+00
  0.0000000E+00
  0.3173316    
  0.4423590    
  0.4254244    
  0.1860846    
  0.2017769    
  0.3172922    
  0.0000000E+00
  0.0000000E+00
  0.4412160    
  0.4370835    
  0.2017294    
  0.1893238    
  0.0000000E+00
  0.0000000E+00
  8.1979051E-02
  0.0000000E+00
  0.0000000E+00
  0.0000000E+00
  0.0000000E+00
  0.0000000E+00
  0.0000000E+00
  0.0000000E+00
  0.2074244    
  0.1935229    
  0.0000000E+00
  0.0000000E+00
  0.5696519    
  0.3670675    
  0.1855610    
  0.0000000E+00
  0.0000000E+00
  0.0000000E+00
  0.0000000E+00
  0.3662650    
  0.2571834    
  0.6880966    
  0.6835501    
  7.9431638E-02
  5.5928990E-02
  0.1780446    
  0.1646852    
  0.0000000E+00
  0.0000000E+00
  0.0000000E+00
  0.3055672    
  0.2938657    
  0.0000000E+00
  0.0000000E+00
  0.0000000E+00
  0.0000000E+00
 
 month:          11 year:        2006
  0.0000000E+00
  0.0000000E+00
  0.0000000E+00
  0.0000000E+00
  0.0000000E+00
  0.0000000E+00
  0.0000000E+00
  0.0000000E+00
  0.0000000E+00
  0.0000000E+00
  0.0000000E+00
  0.0000000E+00
  0.0000000E+00
  0.0000000E+00
  0.0000000E+00
  0.0000000E+00
  0.0000000E+00
  0.0000000E+00
  0.0000000E+00
  0.1705535    
  0.0000000E+00
  0.0000000E+00
  0.0000000E+00
  0.0000000E+00
  0.0000000E+00
  0.0000000E+00
  0.0000000E+00
  0.0000000E+00
  0.0000000E+00
  0.0000000E+00
  0.0000000E+00
  0.0000000E+00
  7.8367338E-02
  0.0000000E+00
  0.0000000E+00
  0.0000000E+00
  0.0000000E+00
  0.0000000E+00
  0.0000000E+00
  0.0000000E+00
  0.0000000E+00
  0.0000000E+00
  0.0000000E+00
  0.0000000E+00
  0.0000000E+00
  0.0000000E+00
  0.0000000E+00
  0.0000000E+00
  0.0000000E+00
  0.0000000E+00
  0.0000000E+00
  0.0000000E+00
  0.0000000E+00
  0.0000000E+00
  6.4725965E-02
  0.0000000E+00
  0.0000000E+00
  0.0000000E+00
  0.0000000E+00
  0.0000000E+00
  0.0000000E+00
  0.0000000E+00
  0.0000000E+00
  0.0000000E+00
  0.0000000E+00
  0.1423121    
  0.1583393    
  0.0000000E+00
  0.0000000E+00
  6.4740784E-02
  0.0000000E+00
  0.0000000E+00
  8.2397759E-02
  0.0000000E+00
  0.0000000E+00
  0.0000000E+00
  0.0000000E+00
  5.7528112E-03
  5.8654668E-03
  0.0000000E+00
  0.0000000E+00
  0.0000000E+00
  0.0000000E+00
  0.0000000E+00
  0.0000000E+00
  0.0000000E+00
  0.0000000E+00
  0.0000000E+00
  0.0000000E+00
  0.0000000E+00
  0.0000000E+00
  9.4890639E-02
  6.6368297E-02
  4.7894780E-02
  0.1359500    
  0.1552510    
  0.1539497    
  0.0000000E+00
  0.0000000E+00
  7.6172575E-02
  0.0000000E+00
  0.0000000E+00
  4.9325444E-02
  4.6351887E-02
  9.4927154E-02
  9.1756053E-02
  0.0000000E+00
  0.0000000E+00
  0.0000000E+00
  0.0000000E+00
  0.1631306    
  0.1414919    
  0.1405361    
  0.1821923    
  0.1801075    
  0.0000000E+00
  7.6182485E-02
  4.9314599E-02
  4.8665889E-02
  9.4724528E-02
  9.3998395E-02
  0.0000000E+00
  0.0000000E+00
  0.0000000E+00
  0.2283628    
  0.2926939    
  0.2792326    
  0.1631064    
  0.1574441    
  0.0000000E+00
  0.0000000E+00
  0.1165227    
  9.5844120E-02
  9.0618044E-02
  0.0000000E+00
  0.0000000E+00
  0.1526200    
  0.1427074    
  0.0000000E+00
  0.0000000E+00
  0.1672845    
  0.2310914    
  0.2287106    
  0.1268266    
  0.1311933    
  4.3615974E-03
  2.0831149E-02
  0.0000000E+00
  0.0000000E+00
  6.7221396E-02
  8.7639585E-02
  8.4467694E-02
  3.5958152E-02
  3.9342947E-02
  6.7212693E-02
  0.0000000E+00
  0.0000000E+00
  8.7425381E-02
  8.6655356E-02
  3.9332651E-02
  3.6649685E-02
  0.0000000E+00
  0.0000000E+00
  1.5156160E-02
  0.0000000E+00
  0.0000000E+00
  0.0000000E+00
  0.0000000E+00
  0.0000000E+00
  0.0000000E+00
  0.0000000E+00
  3.7623327E-02
  3.4925539E-02
  0.0000000E+00
  0.0000000E+00
  0.1090559    
  7.6412514E-02
  4.3304145E-02
  0.0000000E+00
  0.0000000E+00
  0.0000000E+00
  0.0000000E+00
  7.6260470E-02
  5.5932757E-02
  0.1294266    
  0.1285932    
  3.6709961E-02
  3.1493045E-02
  9.8886872E-03
  9.1437753E-03
  0.0000000E+00
  0.0000000E+00
  0.0000000E+00
  1.7030451E-02
  1.6376764E-02
  0.0000000E+00
  0.0000000E+00
  0.0000000E+00
  0.0000000E+00
 
 month:          12 year:        2006
  0.0000000E+00
  0.0000000E+00
  0.0000000E+00
  0.0000000E+00
  0.0000000E+00
  0.0000000E+00
  0.0000000E+00
  0.0000000E+00
  0.0000000E+00
  0.0000000E+00
  0.0000000E+00
  0.0000000E+00
  0.0000000E+00
  0.0000000E+00
  0.0000000E+00
  0.0000000E+00
  0.0000000E+00
  0.0000000E+00
  0.0000000E+00
  0.5097005    
  0.0000000E+00
  0.0000000E+00
  0.0000000E+00
  0.0000000E+00
  0.0000000E+00
  0.0000000E+00
  0.0000000E+00
  0.0000000E+00
  0.0000000E+00
  0.0000000E+00
  0.0000000E+00
  0.0000000E+00
  0.2502349    
  0.0000000E+00
  0.0000000E+00
  0.0000000E+00
  0.0000000E+00
  0.0000000E+00
  0.0000000E+00
  0.0000000E+00
  0.0000000E+00
  0.0000000E+00
  0.0000000E+00
  0.0000000E+00
  0.0000000E+00
  0.0000000E+00
  0.0000000E+00
  0.0000000E+00
  0.0000000E+00
  0.0000000E+00
  0.0000000E+00
  0.0000000E+00
  0.0000000E+00
  0.0000000E+00
  0.2029107    
  0.0000000E+00
  0.0000000E+00
  0.0000000E+00
  0.0000000E+00
  0.0000000E+00
  0.0000000E+00
  0.0000000E+00
  0.0000000E+00
  0.0000000E+00
  0.0000000E+00
  0.4501451    
  0.4994120    
  0.0000000E+00
  0.0000000E+00
  0.2029563    
  0.0000000E+00
  0.0000000E+00
  0.2579613    
  0.0000000E+00
  0.0000000E+00
  0.0000000E+00
  0.0000000E+00
  4.4330638E-02
  4.4755317E-02
  0.0000000E+00
  0.0000000E+00
  0.0000000E+00
  0.0000000E+00
  0.0000000E+00
  0.0000000E+00
  0.0000000E+00
  0.0000000E+00
  0.1247779    
  0.2222911    
  0.0000000E+00
  0.0000000E+00
  0.2768436    
  0.1981129    
  0.1505242    
  0.4893569    
  0.5856342    
  0.5811894    
  0.0000000E+00
  1.8077673E-02
  0.1995640    
  0.0000000E+00
  0.0000000E+00
  0.1576251    
  0.1506150    
  0.2556571    
  0.2463584    
  0.0000000E+00
  0.0000000E+00
  0.0000000E+00
  0.0000000E+00
  0.4463303    
  0.3988678    
  0.3960516    
  0.4949095    
  0.4914580    
  0.0000000E+00
  0.1996030    
  0.1575999    
  0.1560945    
  0.2550651    
  0.2529361    
  0.0000000E+00
  0.0000000E+00
  0.0000000E+00
  0.5748220    
  0.6200256    
  0.6003307    
  0.5290398    
  0.5113159    
  2.4386259E-02
  2.4626186E-02
  0.5437084    
  0.5000227    
  0.4802396    
  0.0000000E+00
  0.0000000E+00
  0.6384200    
  0.6204339    
  0.0000000E+00
  0.0000000E+00
  0.4782873    
  0.5240572    
  0.5205388    
  0.4152061    
  0.4288972    
  8.2650542E-02
  0.1197926    
  0.0000000E+00
  0.0000000E+00
  0.2185501    
  0.2737686    
  0.2641704    
  0.1619194    
  0.1707740    
  0.2185250    
  0.0000000E+00
  0.0000000E+00
  0.2731218    
  0.2707819    
  0.1707475    
  0.1637584    
  4.2718913E-02
  9.0800926E-02
  0.1936414    
  0.0000000E+00
  0.0000000E+00
  0.0000000E+00
  0.0000000E+00
  0.0000000E+00
  4.5257699E-02
  9.0242960E-02
  0.2414353    
  0.2311789    
  0.0000000E+00
  0.0000000E+00
  0.4970143    
  0.4128240    
  0.2828552    
  0.0000000E+00
  0.0000000E+00
  0.0000000E+00
  0.0000000E+00
  0.4122211    
  0.3316951    
  0.5379227    
  0.5346888    
  0.3112037    
  0.2953674    
  0.4630319    
  0.4451534    
  0.2175463    
  7.0373833E-02
  0.0000000E+00
  0.5448876    
  0.5284823    
  0.1346388    
  0.2178303    
  5.3871512E-02
  4.5657136E-02
 
 month:           1 year:        2007
  0.0000000E+00
  0.0000000E+00
  0.4051479    
  0.1228363    
  0.1213228    
  0.0000000E+00
  0.0000000E+00
  0.0000000E+00
  0.0000000E+00
  0.0000000E+00
  0.0000000E+00
  0.0000000E+00
  0.0000000E+00
  0.0000000E+00
  0.0000000E+00
  0.0000000E+00
   1.487191    
   1.112698    
   1.116526    
   2.288265    
  0.0000000E+00
  0.0000000E+00
  0.0000000E+00
  0.0000000E+00
  0.0000000E+00
  0.0000000E+00
  0.0000000E+00
  0.0000000E+00
  0.1213233    
  0.1228812    
  0.0000000E+00
  0.0000000E+00
   1.504238    
  0.0000000E+00
  0.0000000E+00
  0.0000000E+00
  0.0000000E+00
  0.0000000E+00
  0.0000000E+00
  0.0000000E+00
  0.0000000E+00
  0.0000000E+00
  0.0000000E+00
  0.0000000E+00
  0.0000000E+00
  0.0000000E+00
  0.0000000E+00
  0.0000000E+00
  0.0000000E+00
  0.0000000E+00
  0.0000000E+00
  0.0000000E+00
  0.0000000E+00
  0.0000000E+00
   1.485461    
  0.4999869    
  0.4988240    
  0.0000000E+00
  0.0000000E+00
  0.0000000E+00
  0.0000000E+00
  0.3503837    
  0.3292238    
   1.480777    
   1.478698    
   2.274133    
   2.348465    
  0.4988973    
  0.4999578    
   1.485665    
  0.0000000E+00
  0.0000000E+00
   1.565348    
  0.2224489    
  0.2192463    
  0.0000000E+00
  0.0000000E+00
  0.9464312    
  0.9487211    
  0.0000000E+00
  0.0000000E+00
  0.2987929    
  0.3167321    
  0.0000000E+00
  0.0000000E+00
  0.0000000E+00
  0.0000000E+00
   2.244799    
   2.579330    
  0.0000000E+00
  0.0000000E+00
   2.651074    
   2.291447    
   2.068938    
   2.870642    
   2.953501    
   2.936252    
  0.9863778    
   1.189871    
   1.487065    
  0.0000000E+00
  0.0000000E+00
   1.406980    
   1.370859    
   1.567299    
   1.527604    
  0.5146941    
  0.5158877    
  0.0000000E+00
  0.0000000E+00
   2.316988    
   2.234736    
   2.222379    
   2.387605    
   2.373566    
   1.516642    
   1.487251    
   1.406844    
   1.398809    
   1.564775    
   1.555668    
  0.5146962    
  0.0000000E+00
  0.0000000E+00
   2.607566    
   2.676801    
   2.600982    
   2.529885    
   2.460593    
   1.881525    
   1.884154    
   2.856377    
   2.790546    
   2.711823    
   1.609075    
   1.606277    
   2.937844    
   2.872465    
   1.454411    
   1.456616    
   2.298266    
   2.365489    
   2.351748    
   2.164238    
   2.219024    
   1.150122    
   1.326201    
  0.4675706    
  0.4687234    
   1.470622    
   1.548499    
   1.509238    
   1.347953    
   1.391125    
   1.470518    
  0.4686968    
  0.4676040    
   1.545854    
   1.536261    
   1.390990    
   1.356682    
  0.9900552    
   1.203945    
   1.346571    
  0.0000000E+00
  0.0000000E+00
  0.0000000E+00
  0.2587602    
  0.2597779    
   1.010576    
   1.201783    
   1.423679    
   1.381266    
  0.9927601    
  0.9394782    
   2.363507    
   2.228385    
   1.722143    
  0.0000000E+00
  0.0000000E+00
  0.0000000E+00
  0.0000000E+00
   2.226058    
   1.913544    
   2.430649    
   2.417997    
   2.110266    
   2.045386    
   2.587230    
   2.518384    
   2.361092    
   1.558711    
  0.0000000E+00
   2.666749    
   2.604066    
   1.991429    
   2.362346    
   2.130458    
   2.055250    
 
 month:           2 year:        2007
  0.0000000E+00
  0.0000000E+00
  0.1688964    
  7.2555132E-02
  7.1673065E-02
  0.0000000E+00
  0.0000000E+00
  0.0000000E+00
  0.0000000E+00
  0.0000000E+00
  0.0000000E+00
  0.0000000E+00
  0.0000000E+00
  0.0000000E+00
  0.0000000E+00
  0.0000000E+00
  0.3494351    
  0.3268253    
  0.3276331    
  0.3860517    
  0.0000000E+00
  0.0000000E+00
  0.0000000E+00
  0.0000000E+00
  0.0000000E+00
  0.0000000E+00
  0.0000000E+00
  0.0000000E+00
  7.1673356E-02
  7.2581276E-02
  0.0000000E+00
  0.0000000E+00
  0.2758841    
  0.0000000E+00
  0.0000000E+00
  0.0000000E+00
  0.0000000E+00
  0.0000000E+00
  0.0000000E+00
  0.0000000E+00
  0.0000000E+00
  0.0000000E+00
  0.0000000E+00
  0.0000000E+00
  0.0000000E+00
  0.0000000E+00
  0.0000000E+00
  0.0000000E+00
  0.0000000E+00
  0.0000000E+00
  0.0000000E+00
  0.0000000E+00
  0.0000000E+00
  0.0000000E+00
  0.2726003    
  0.2348144    
  0.2343507    
  0.0000000E+00
  0.0000000E+00
  0.0000000E+00
  0.0000000E+00
  0.1824330    
  0.1718230    
  0.4163410    
  0.4158555    
  0.3825522    
  0.3893696    
  0.2343801    
  0.2348028    
  0.2726361    
  0.0000000E+00
  0.0000000E+00
  0.2797034    
  0.1186131    
  0.1170294    
  0.0000000E+00
  0.0000000E+00
  0.1957177    
  0.1961518    
  0.0000000E+00
  0.0000000E+00
  0.1197795    
  0.1245061    
  0.0000000E+00
  0.0000000E+00
  0.0000000E+00
  0.0000000E+00
  0.3892404    
  0.4392934    
  0.0000000E+00
  0.0000000E+00
  0.4426439    
  0.3872951    
  0.3528807    
  0.4634081    
  0.4692817    
  0.4665594    
  0.2162296    
  0.2473572    
  0.2696676    
  0.0000000E+00
  0.0000000E+00
  0.2634958    
  0.2573151    
  0.2768067    
  0.2700370    
  0.2378441    
  0.2383267    
  0.0000000E+00
  0.0000000E+00
  0.3831643    
  0.3765112    
  0.3744715    
  0.3894343    
  0.3871557    
  0.4168188    
  0.2697012    
  0.2634723    
  0.2620771    
  0.2763765    
  0.2748206    
  0.2378450    
  0.0000000E+00
  0.0000000E+00
  0.4160296    
  0.4226974    
  0.4107139    
  0.4096011    
  0.3987154    
  0.4569072    
  0.4574545    
  0.4534347    
  0.4481911    
  0.4359806    
  0.4997298    
  0.4990768    
  0.4593994    
  0.4492374    
  0.4064946    
  0.4070037    
  0.3744367    
  0.3806122    
  0.3784102    
  0.3593113    
  0.3680462    
  0.2189528    
  0.2482742    
  0.2231480    
  0.2236141    
  0.2628427    
  0.2698539    
  0.2632355    
  0.2495079    
  0.2567948    
  0.2628251    
  0.2236031    
  0.2231619    
  0.2694085    
  0.2677881    
  0.2567717    
  0.2509660    
  0.2039737    
  0.2398746    
  0.2538533    
  0.0000000E+00
  0.0000000E+00
  0.0000000E+00
  0.1659112    
  0.1663995    
  0.2072929    
  0.2395071    
  0.2609723    
  0.2535393    
  0.2317961    
  0.2236736    
  0.3955773    
  0.3795955    
  0.2986444    
  0.0000000E+00
  0.0000000E+00
  0.0000000E+00
  0.0000000E+00
  0.3792242    
  0.3293106    
  0.4017445    
  0.3996736    
  0.3719822    
  0.3614168    
  0.4300188    
  0.4189295    
  0.4101703    
  0.2841905    
  0.0000000E+00
  0.4360502    
  0.4259335    
  0.3517312    
  0.4103684    
  0.4044205    
  0.3927632    
 
 month:           3 year:        2007
  0.0000000E+00
  0.0000000E+00
  9.4646387E-02
  1.5797641E-03
  1.5605594E-03
  0.0000000E+00
  0.0000000E+00
  0.0000000E+00
  0.0000000E+00
  0.0000000E+00
  0.0000000E+00
  0.0000000E+00
  0.0000000E+00
  0.0000000E+00
  0.0000000E+00
  0.0000000E+00
  0.8089640    
  0.4771690    
  0.4785193    
   1.607326    
  0.0000000E+00
  0.0000000E+00
  3.6888614E-02
  4.0462628E-02
  0.0000000E+00
  0.0000000E+00
  0.1132492    
  0.0000000E+00
  1.5605651E-03
  1.5803332E-03
  0.0000000E+00
  0.0000000E+00
  0.7853979    
  0.0000000E+00
  0.0000000E+00
  0.0000000E+00
  0.0000000E+00
  0.0000000E+00
  0.0000000E+00
  0.0000000E+00
  0.0000000E+00
  0.0000000E+00
  0.0000000E+00
  0.0000000E+00
  0.0000000E+00
  0.0000000E+00
  0.0000000E+00
  0.0000000E+00
  0.0000000E+00
  0.0000000E+00
  0.0000000E+00
  0.0000000E+00
  0.0000000E+00
  0.0000000E+00
  0.8449523    
  0.2604010    
  0.2600025    
  0.0000000E+00
  0.0000000E+00
  0.0000000E+00
  0.0000000E+00
  0.3925501    
  0.3768291    
  0.8907430    
  0.8898413    
   1.728491    
   1.819992    
  0.2600282    
  0.2603914    
  0.8450863    
  0.0000000E+00
  0.0000000E+00
  0.9523085    
  0.1348037    
  0.1336087    
  0.0000000E+00
  0.0000000E+00
  0.3260657    
  0.3271621    
  0.0000000E+00
  0.0000000E+00
  1.1384849E-02
  1.6849874E-02
  0.0000000E+00
  0.0000000E+00
  0.0000000E+00
  0.0000000E+00
   1.624570    
   1.872506    
  0.0000000E+00
  0.0000000E+00
   2.158467    
   1.855841    
   1.668406    
   2.287469    
   2.356271    
   2.343188    
  0.3353471    
  0.4288795    
  0.8230209    
  0.0000000E+00
  0.0000000E+00
  0.7806556    
  0.7569106    
  0.9281732    
  0.9033993    
  0.2245658    
  0.2250022    
  0.0000000E+00
  0.0000000E+00
   1.669038    
   1.665181    
   1.655836    
   1.755226    
   1.744917    
  0.8662488    
  0.8231503    
  0.7805682    
  0.7754071    
  0.9265652    
  0.9207067    
  0.2245668    
  0.0000000E+00
  0.0000000E+00
   1.941259    
   2.028374    
   1.972919    
   1.961568    
   1.905221    
   1.052358    
   1.053457    
   2.224897    
   2.237072    
   2.172204    
   1.313000    
   1.311706    
   2.297273    
   2.247504    
  0.8145514    
  0.8155022    
   1.621426    
   1.711800    
   1.701665    
   1.581157    
   1.623889    
  0.4931145    
  0.6033404    
  0.1766442    
  0.1770230    
  0.7877379    
  0.8988431    
  0.8748164    
  0.7205507    
  0.7490318    
  0.7876726    
  0.1770145    
  0.1766556    
  0.8971550    
  0.8909723    
  0.7489452    
  0.7264319    
  0.4615146    
  0.5959303    
  0.7656738    
  0.0000000E+00
  0.0000000E+00
  0.0000000E+00
  0.1529776    
  0.1533576    
  0.4737653    
  0.5945383    
  0.8680825    
  0.8412282    
  0.3622415    
  0.3394165    
   1.915334    
   1.784243    
   1.349020    
  0.0000000E+00
  0.0000000E+00
  0.0000000E+00
  0.0000000E+00
   1.782239    
   1.513327    
   1.995621    
   1.985119    
   1.468536    
   1.417481    
   2.211809    
   2.152606    
   2.097620    
   1.379406    
  0.0000000E+00
   2.279775    
   2.226518    
   1.762133    
   2.098767    
   1.792493    
   1.732500    
 
 month:           4 year:        2007
  0.0000000E+00
  0.0000000E+00
  8.0197686E-03
  2.6105919E-05
  2.5788546E-05
  0.0000000E+00
  0.0000000E+00
  0.0000000E+00
  0.0000000E+00
  0.0000000E+00
  0.0000000E+00
  0.0000000E+00
  0.0000000E+00
  0.0000000E+00
  0.0000000E+00
  0.0000000E+00
  0.3319607    
  0.1606656    
  0.1612930    
  0.9982345    
  0.0000000E+00
  0.0000000E+00
  0.2463061    
  0.2609693    
  0.0000000E+00
  0.0000000E+00
  0.3119668    
  0.0000000E+00
  2.5788640E-05
  2.6115316E-05
  0.0000000E+00
  0.0000000E+00
  0.3384121    
  0.0000000E+00
  0.0000000E+00
  0.0000000E+00
  0.0000000E+00
  0.0000000E+00
  0.0000000E+00
  0.0000000E+00
  0.0000000E+00
  0.0000000E+00
  0.0000000E+00
  0.0000000E+00
  0.0000000E+00
  0.0000000E+00
  0.0000000E+00
  0.0000000E+00
  0.0000000E+00
  0.0000000E+00
  0.0000000E+00
  0.0000000E+00
  0.0000000E+00
  0.0000000E+00
  0.4077336    
  8.1290059E-02
  8.1126601E-02
  0.0000000E+00
  0.0000000E+00
  0.0000000E+00
  0.0000000E+00
  0.1782444    
  0.1703789    
  0.5911939    
  0.5904050    
   1.138067    
   1.253147    
  8.1137381E-02
  8.1285886E-02
  0.4077995    
  0.0000000E+00
  0.0000000E+00
  0.5409796    
  1.1612684E-02
  1.1508950E-02
  0.0000000E+00
  0.0000000E+00
  6.4144582E-02
  6.4534053E-02
  0.0000000E+00
  0.0000000E+00
  8.1092736E-04
  1.2817238E-03
  0.0000000E+00
  0.0000000E+00
  0.0000000E+00
  0.0000000E+00
   1.042516    
   1.226561    
  0.0000000E+00
  0.0000000E+00
   1.450474    
   1.224758    
   1.085621    
   1.583552    
   1.672685    
   1.662761    
  0.1177641    
  0.1538516    
  0.4072531    
  0.0000000E+00
  0.0000000E+00
  0.2837841    
  0.2688759    
  0.5266247    
  0.5085814    
  9.3503319E-02
  9.3696564E-02
  0.0000000E+00
  0.0000000E+00
   1.094497    
  0.9833137    
  0.9773803    
   1.197676    
   1.190053    
  0.5875555    
  0.4073413    
  0.2837365    
  0.2806634    
  0.5254823    
  0.5213352    
  9.3504205E-02
  0.0000000E+00
  0.0000000E+00
   1.350918    
   1.448958    
   1.407865    
   1.243237    
   1.204551    
  0.8140463    
  0.8151470    
   1.559616    
   1.446967    
   1.401583    
   1.051164    
   1.049795    
   1.655753    
   1.617913    
  0.5539720    
  0.5547938    
   1.073252    
   1.183017    
   1.175444    
  0.9294744    
  0.9584697    
  0.1747546    
  0.2335293    
  7.0310324E-02
  7.0495993E-02
  0.3903065    
  0.5143605    
  0.4961481    
  0.2488912    
  0.2665349    
  0.3902567    
  7.0492417E-02
  7.0315503E-02
  0.5130923    
  0.5087495    
  0.2664831    
  0.2525681    
  0.2273665    
  0.2937869    
  0.4062783    
  0.0000000E+00
  0.0000000E+00
  0.0000000E+00
  0.1575279    
  0.1578242    
  0.2327364    
  0.2929514    
  0.4943116    
  0.4764372    
  0.2260274    
  0.2142259    
   1.194945    
   1.055644    
  0.7690665    
  0.0000000E+00
  0.0000000E+00
  0.0000000E+00
  0.0000000E+00
   1.054298    
  0.8707030    
   1.301083    
   1.293841    
  0.8890783    
  0.8561472    
   1.338638    
   1.297514    
   1.180927    
  0.7482051    
  0.0000000E+00
   1.439830    
   1.401754    
  0.9781234    
   1.181624    
   1.042247    
   1.004632    
 
 month:           5 year:        2007
  0.0000000E+00
  0.0000000E+00
  1.4248001E-04
  2.2935386E-07
  2.2656548E-07
  0.0000000E+00
  0.0000000E+00
  0.0000000E+00
  0.0000000E+00
  0.0000000E+00
  0.0000000E+00
  0.0000000E+00
  0.0000000E+00
  0.0000000E+00
  0.0000000E+00
  0.0000000E+00
  8.7457284E-02
  2.8544015E-03
  2.8655487E-03
  0.5759311    
  0.0000000E+00
  0.0000000E+00
  0.3145571    
  0.3168898    
  0.0000000E+00
  0.0000000E+00
  5.7394791E-02
  0.0000000E+00
  2.2656634E-07
  2.2943645E-07
  0.0000000E+00
  0.0000000E+00
  0.1339086    
  0.0000000E+00
  0.0000000E+00
  0.0000000E+00
  0.0000000E+00
  0.0000000E+00
  0.0000000E+00
  0.0000000E+00
  0.0000000E+00
  0.0000000E+00
  0.0000000E+00
  0.0000000E+00
  0.0000000E+00
  0.0000000E+00
  0.0000000E+00
  0.0000000E+00
  0.0000000E+00
  0.0000000E+00
  0.0000000E+00
  0.0000000E+00
  0.0000000E+00
  0.0000000E+00
  0.2360910    
  1.4442080E-03
  1.4413046E-03
  0.0000000E+00
  0.0000000E+00
  0.0000000E+00
  0.0000000E+00
  3.1667091E-03
  3.0269697E-03
  0.1465345    
  0.1463304    
  0.7531673    
  0.8945448    
  1.4414953E-03
  1.4441338E-03
  0.2361365    
  0.0000000E+00
  0.0000000E+00
  0.3674792    
  2.0631222E-04
  2.0446930E-04
  0.0000000E+00
  0.0000000E+00
  1.2824575E-02
  1.3241525E-02
  0.0000000E+00
  0.0000000E+00
  1.4407026E-05
  2.2771241E-05
  0.0000000E+00
  0.0000000E+00
  0.0000000E+00
  0.0000000E+00
  0.8070954    
  0.9655684    
  0.0000000E+00
  0.0000000E+00
   1.150135    
  0.9590228    
  0.8407381    
   1.255597    
   1.356003    
   1.347768    
  2.0922101E-03
  2.7333442E-03
  0.2787977    
  0.0000000E+00
  0.0000000E+00
  0.1991722    
  0.1852363    
  0.4160456    
  0.3983474    
  1.6633628E-03
  1.6668468E-03
  0.0000000E+00
  0.0000000E+00
  0.8332226    
  0.7530718    
  0.7471484    
  0.9594786    
  0.9528372    
  0.1464134    
  0.2788857    
  0.1991242    
  0.1960246    
  0.4149265    
  0.4108458    
  1.6633797E-03
  0.0000000E+00
  0.0000000E+00
   1.150529    
   1.251905    
   1.211571    
   1.052954    
   1.015860    
  0.5342804    
  0.5347567    
   1.262665    
   1.151787    
   1.108355    
  0.5958183    
  0.5948623    
   1.380512    
   1.344764    
  3.8427141E-02
  3.8711067E-02
  0.8007559    
  0.9373313    
  0.9301549    
  0.6760148    
  0.7024607    
  5.2555028E-02
  9.4009154E-02
  1.2491404E-03
  1.2524391E-03
  0.2699142    
  0.3871491    
  0.3691703    
  0.2044875    
  0.2184429    
  0.2698776    
  1.2523759E-03
  1.2492326E-03
  0.3858555    
  0.3816835    
  0.2183989    
  0.2072713    
  0.2175566    
  0.2870933    
  0.4887545    
  0.0000000E+00
  0.0000000E+00
  0.0000000E+00
  2.8321410E-03
  2.8376570E-03
  0.2239639    
  0.2863783    
  0.6157306    
  0.5925357    
  0.1333353    
  0.1175296    
   1.499984    
   1.418451    
   1.064861    
  0.2432683    
  0.2481109    
  0.0000000E+00
  0.0000000E+00
   1.416887    
   1.198551    
   1.566715    
   1.560001    
   1.255115    
   1.210031    
   1.674494    
   1.629697    
   1.579408    
  0.9965099    
  0.1988298    
   1.744558    
   1.707870    
   1.311020    
   1.580328    
   1.405302    
   1.354467    
 
 month:           6 year:        2007
  0.0000000E+00
  0.0000000E+00
  2.1498240E-06
  0.0000000E+00
  0.0000000E+00
  0.0000000E+00
  0.0000000E+00
  0.0000000E+00
  0.0000000E+00
  0.0000000E+00
  0.0000000E+00
  0.0000000E+00
  0.0000000E+00
  0.0000000E+00
  0.0000000E+00
  0.0000000E+00
  1.4452486E-03
  4.7169586E-05
  4.7353777E-05
  0.5506961    
  0.0000000E+00
  0.0000000E+00
  5.2271350E-03
  5.2662860E-03
  0.0000000E+00
  0.0000000E+00
  9.4888941E-04
  0.0000000E+00
  0.0000000E+00
  0.0000000E+00
  0.0000000E+00
  0.0000000E+00
  0.1242741    
  0.0000000E+00
  0.0000000E+00
  0.0000000E+00
  0.0000000E+00
  0.0000000E+00
  0.0000000E+00
  0.0000000E+00
  0.0000000E+00
  0.0000000E+00
  0.0000000E+00
  0.0000000E+00
  0.0000000E+00
  0.0000000E+00
  0.0000000E+00
  0.0000000E+00
  0.0000000E+00
  0.0000000E+00
  0.0000000E+00
  0.0000000E+00
  0.0000000E+00
  0.0000000E+00
  0.2686040    
  2.3865821E-05
  2.3817836E-05
  0.0000000E+00
  0.0000000E+00
  0.0000000E+00
  0.0000000E+00
  5.2330481E-05
  5.0021259E-05
  3.3519424E-03
  3.2070132E-03
  0.7844744    
  0.9584098    
  2.3820989E-05
  2.3864599E-05
  0.2686917    
  0.0000000E+00
  0.0000000E+00
  0.3973689    
  3.2316477E-06
  3.2027790E-06
  0.0000000E+00
  0.0000000E+00
  1.8818535E-02
  1.9412553E-02
  0.0000000E+00
  0.0000000E+00
  0.0000000E+00
  1.2637294E-07
  0.0000000E+00
  0.0000000E+00
  0.0000000E+00
  0.0000000E+00
  0.6029485    
  0.7811868    
  6.0686324E-02
  6.3624464E-02
   1.052605    
  0.8483231    
  0.7217379    
   1.316562    
   1.498582    
   1.487687    
  3.4574194E-05
  4.5169058E-05
  0.3068286    
  0.0000000E+00
  0.0000000E+00
  0.2472977    
  0.2310404    
  0.4364671    
  0.4175872    
  2.7487400E-05
  2.7544971E-05
  0.0000000E+00
  0.0000000E+00
  0.8232601    
  0.7595285    
  0.7528582    
  0.9396721    
  0.9322712    
  1.3062244E-02
  0.3069437    
  0.2472335    
  0.2434692    
  0.4352725    
  0.4309210    
  2.7487675E-05
  0.0000000E+00
  0.0000000E+00
   1.196837    
   1.366258    
   1.318737    
   1.105554    
   1.066422    
  0.4766069    
  0.4769605    
   1.287484    
   1.195281    
   1.150120    
  0.5060700    
  0.5053310    
   1.472838    
   1.431844    
  8.5345388E-04
  9.7494840E-04
  0.7751089    
  0.8968184    
  0.8899652    
  0.6834282    
  0.7111269    
  7.6537535E-02
  0.1303197    
  2.0642294E-05
  2.0696809E-05
  0.2750774    
  0.4018746    
  0.3826756    
  0.2330248    
  0.2456691    
  0.2750479    
  2.0695763E-05
  2.0643820E-05
  0.4005855    
  0.3958840    
  0.2456291    
  0.2355682    
  0.2290980    
  0.3149598    
  0.4514095    
  0.0000000E+00
  0.0000000E+00
  0.0000000E+00
  4.6801691E-05
  4.6892845E-05
  0.2370522    
  0.3140861    
  0.5337242    
  0.5103502    
  0.1372283    
  0.1217870    
   1.449064    
   1.286194    
  0.9169183    
  0.3978112    
  0.4045509    
  0.0000000E+00
  0.0000000E+00
   1.284698    
   1.052073    
   1.610017    
   1.601829    
   1.108705    
   1.064125    
   1.610165    
   1.560292    
   1.287156    
  0.8026161    
  0.3500426    
   1.772270    
   1.728568    
   1.033128    
   1.288072    
   1.114982    
   1.080306    
 
 month:           7 year:        2007
  0.0000000E+00
  0.0000000E+00
  8.8083997E-02
  0.0000000E+00
  0.0000000E+00
  0.0000000E+00
  0.0000000E+00
  0.0000000E+00
  0.0000000E+00
  0.0000000E+00
  0.0000000E+00
  0.0000000E+00
  0.0000000E+00
  0.0000000E+00
  0.3476395    
  0.3517111    
   1.434120    
  0.7906130    
  0.7936488    
   3.351510    
  0.0000000E+00
  0.0000000E+00
   2.577489    
   2.593939    
  0.0000000E+00
  0.0000000E+00
   1.520144    
  3.9717890E-03
  0.0000000E+00
  0.0000000E+00
  0.0000000E+00
  0.0000000E+00
   1.660376    
  0.0000000E+00
  0.0000000E+00
  0.0000000E+00
  0.0000000E+00
  0.0000000E+00
  0.0000000E+00
  0.0000000E+00
  0.0000000E+00
  0.0000000E+00
  0.0000000E+00
  0.0000000E+00
  0.0000000E+00
  0.0000000E+00
  0.0000000E+00
  0.0000000E+00
  0.0000000E+00
  0.0000000E+00
  0.0000000E+00
  0.0000000E+00
  0.0000000E+00
  0.0000000E+00
   1.793593    
  0.2743181    
  0.2736180    
  0.0000000E+00
  0.0000000E+00
  0.2302437    
  0.2427631    
  0.8374066    
  0.7978232    
   1.753423    
   1.750810    
   3.425428    
   3.627763    
  0.2736631    
  0.2743011    
   1.793904    
  0.2318065    
  0.2421708    
   1.996110    
  0.3827941    
  0.3797092    
  0.0000000E+00
  0.0000000E+00
  0.6908149    
  0.6938843    
  0.0000000E+00
  0.0000000E+00
  0.1076238    
  0.1161356    
  0.0000000E+00
  0.0000000E+00
  0.0000000E+00
  0.0000000E+00
   3.081342    
   3.568327    
   3.043754    
   3.060888    
   3.869226    
   3.309788    
   2.962528    
   4.083512    
   4.231167    
   4.205916    
  0.5481731    
  0.7495302    
   1.313107    
  0.0000000E+00
  0.0000000E+00
   1.229118    
   1.185606    
   1.466192    
   1.419345    
  0.1639194    
  0.1643853    
  0.0000000E+00
  0.0000000E+00
   2.677461    
   2.582543    
   2.565422    
   2.833519    
   2.814126    
   1.459878    
   1.313390    
   1.228948    
   1.219020    
   1.463225    
   1.452422    
  0.1639192    
   1.747451    
   1.734069    
   3.021933    
   3.213174    
   3.115477    
   2.856197    
   2.767119    
   2.000041    
   2.001724    
   3.194493    
   3.077118    
   2.978330    
   2.197101    
   2.194551    
   3.340057    
   3.261565    
  0.8933130    
  0.8953889    
   1.973631    
   2.131203    
   2.116050    
   1.820036    
   1.881999    
  0.5186926    
  0.6759011    
  1.2287414E-07
  1.2319873E-07
  0.8948627    
   1.013073    
  0.9782271    
  0.7934227    
  0.8318869    
  0.8947744    
  1.2319246E-07
  1.2288325E-07
   1.010697    
   1.002114    
  0.8317631    
  0.8010783    
  0.8175644    
   1.078980    
   1.322252    
  0.0000000E+00
  0.0000000E+00
  0.0000000E+00
  7.0120953E-02
  7.0550889E-02
  0.8416736    
   1.076306    
   1.486454    
   1.428495    
  0.6023679    
  0.5465869    
   3.643166    
   3.450945    
   2.623636    
   2.475900    
   2.485550    
  0.4456824    
  0.4423860    
   3.447254    
   2.936930    
   3.802461    
   3.784632    
   3.147904    
   3.044664    
   4.072464    
   3.961588    
   3.836818    
   2.489951    
   2.829753    
   4.235200    
   4.140225    
   3.199782    
   3.839004    
   3.442072    
   3.328812    
 
 month:           8 year:        2007
  0.0000000E+00
  0.0000000E+00
  6.5242819E-02
  0.0000000E+00
  0.0000000E+00
  0.0000000E+00
  0.0000000E+00
  0.0000000E+00
  0.0000000E+00
  0.0000000E+00
  0.0000000E+00
  0.0000000E+00
  0.0000000E+00
  0.0000000E+00
  0.2787261    
  0.2806275    
  0.5034682    
  0.3406289    
  0.3415362    
   2.244500    
  0.0000000E+00
  0.0000000E+00
   1.599787    
   1.607222    
  0.0000000E+00
  0.0000000E+00
  0.6158718    
  4.4753052E-02
  0.0000000E+00
  0.0000000E+00
  0.0000000E+00
  0.0000000E+00
   1.147115    
  0.0000000E+00
  0.0000000E+00
  0.0000000E+00
  0.0000000E+00
  0.0000000E+00
  0.0000000E+00
  0.0000000E+00
  0.0000000E+00
  0.0000000E+00
  0.0000000E+00
  0.0000000E+00
  0.0000000E+00
  0.0000000E+00
  0.0000000E+00
  0.0000000E+00
  0.0000000E+00
  0.0000000E+00
  0.0000000E+00
  0.0000000E+00
  0.0000000E+00
  0.0000000E+00
   1.118400    
  0.2319639    
  0.2315027    
  0.0000000E+00
  0.0000000E+00
  0.1829944    
  0.1915944    
  0.4851020    
  0.4682453    
  0.8294494    
  0.8280257    
   2.249782    
   2.309991    
  0.2315325    
  0.2319526    
   1.118576    
  0.1840684    
  0.1911874    
   1.199330    
  0.2439650    
  0.2421653    
  0.0000000E+00
  0.0000000E+00
  0.3848845    
  0.3863045    
  0.0000000E+00
  0.0000000E+00
  7.7785552E-02
  8.3406910E-02
  0.0000000E+00
  0.0000000E+00
  0.0000000E+00
  0.0000000E+00
   1.981210    
   2.302368    
  0.9073334    
  0.9110865    
   2.747172    
   2.353276    
   2.108787    
   2.813467    
   2.769622    
   2.754034    
  0.2140927    
  0.3546435    
  0.9764396    
  0.0000000E+00
  0.0000000E+00
  0.9225465    
  0.8973923    
   1.052599    
   1.023019    
  0.1497994    
  0.1502539    
  0.0000000E+00
  0.0000000E+00
   2.066650    
   2.010621    
   2.001113    
   2.098159    
   2.085857    
  0.4614963    
  0.9765984    
  0.9224597    
  0.9173592    
   1.050728    
   1.043905    
  0.1497992    
  0.5977845    
  0.5953947    
   2.763654    
   2.895047    
   2.810694    
   2.685454    
   2.614449    
   1.207705    
   1.209233    
   3.070837    
   2.992712    
   2.911030    
   1.350378    
   1.347991    
   3.203449    
   3.130389    
  0.6173058    
  0.6187034    
   2.200276    
   2.368351    
   2.353498    
   2.069574    
   2.122205    
  0.5470291    
  0.6975755    
  0.0000000E+00
  0.0000000E+00
   1.084833    
   1.249082    
   1.212528    
  0.9788536    
   1.014179    
   1.084739    
  0.0000000E+00
  0.0000000E+00
   1.246611    
   1.237605    
   1.014081    
  0.9865682    
  0.6295871    
  0.8290159    
   1.202791    
  0.0000000E+00
  0.0000000E+00
  0.0000000E+00
  5.4691527E-02
  5.5071335E-02
  0.6478124    
  0.8269558    
   1.357612    
   1.309998    
  0.3829428    
  0.3433616    
   2.620658    
   1.948501    
   1.461686    
  0.6820928    
  0.6854650    
  0.7041305    
  0.7026054    
   1.946130    
   1.644914    
   3.184149    
   3.167489    
   1.468526    
   1.414726    
   3.307846    
   3.219102    
   2.879753    
   1.857449    
  0.7656205    
   3.497128    
   3.413376    
   2.402826    
   2.881385    
   2.313951    
   2.230817    
 
 month:           9 year:        2007
  0.0000000E+00
  0.0000000E+00
  1.0781507E-03
  0.0000000E+00
  0.0000000E+00
  0.0000000E+00
  0.0000000E+00
  0.0000000E+00
  0.0000000E+00
  0.0000000E+00
  0.0000000E+00
  0.0000000E+00
  0.0000000E+00
  0.0000000E+00
  4.6069184E-03
  4.6383622E-03
  1.8781163E-02
  5.6289583E-03
  5.6439536E-03
  0.5300954    
  0.0000000E+00
  0.0000000E+00
  0.1337156    
  0.1343825    
  0.0000000E+00
  0.0000000E+00
  2.2849232E-02
  7.5553020E-04
  0.0000000E+00
  0.0000000E+00
  0.0000000E+00
  0.0000000E+00
  0.2710468    
  0.0000000E+00
  0.0000000E+00
  0.0000000E+00
  0.0000000E+00
  0.0000000E+00
  0.0000000E+00
  0.0000000E+00
  0.0000000E+00
  0.0000000E+00
  0.0000000E+00
  0.0000000E+00
  0.0000000E+00
  0.0000000E+00
  0.0000000E+00
  0.0000000E+00
  0.0000000E+00
  0.0000000E+00
  0.0000000E+00
  0.0000000E+00
  0.0000000E+00
  0.0000000E+00
  0.3938561    
  3.8332511E-03
  3.8256294E-03
  0.0000000E+00
  0.0000000E+00
  3.0240186E-03
  3.1661352E-03
  8.0164075E-03
  7.7378461E-03
  0.3174839    
  0.3169447    
  0.7928696    
  0.8729411    
  3.8261202E-03
  3.8330625E-03
  0.3939317    
  3.0417666E-03
  3.1594089E-03
  0.4730470    
  4.0315711E-03
  4.0018284E-03
  0.0000000E+00
  0.0000000E+00
  0.1137649    
  0.1146150    
  0.0000000E+00
  0.0000000E+00
  1.2854219E-03
  1.3783156E-03
  0.0000000E+00
  0.0000000E+00
  0.0000000E+00
  0.0000000E+00
  0.4088577    
  0.5530921    
  1.4993953E-02
  1.5055994E-02
  0.7778879    
  0.5928694    
  0.4834764    
  0.8145728    
  0.9476222    
  0.9392692    
  8.3486617E-02
  0.1585035    
  0.4032616    
  0.0000000E+00
  0.0000000E+00
  0.3586147    
  0.3395182    
  0.5325313    
  0.5102715    
  2.4754643E-03
  2.4829747E-03
  0.0000000E+00
  0.0000000E+00
  0.9566262    
  0.9054940    
  0.8976681    
   1.067156    
   1.059344    
  0.3530284    
  0.4033983    
  0.3585383    
  0.3540466    
  0.5311225    
  0.5259855    
  2.4754619E-03
  9.8786410E-03
  9.8391417E-03
  0.8188131    
  0.9338949    
  0.9007239    
  0.7262256    
  0.7011178    
  0.3306599    
  0.3313257    
  0.3719611    
  0.3403816    
  0.3222592    
  0.1521006    
  0.1517392    
  0.5002064    
  0.4819717    
  0.2643308    
  0.2648621    
  0.7443410    
  0.8437481    
  0.8372467    
  0.6394029    
  0.6601950    
  0.1687500    
  0.2348692    
  0.0000000E+00
  0.0000000E+00
  0.3841169    
  0.4687527    
  0.4525084    
  0.2849415    
  0.3007263    
  0.3840777    
  0.0000000E+00
  0.0000000E+00
  0.4676403    
  0.4635566    
  0.3006781    
  0.2882213    
  0.1789403    
  0.3081768    
  0.6420591    
  0.0000000E+00
  0.0000000E+00
  0.0000000E+00
  9.0378843E-04
  9.1006485E-04
  0.1907699    
  0.3068434    
  0.8311040    
  0.8001763    
  6.9450945E-02
  4.8835274E-02
   1.569546    
   1.344205    
  0.9931781    
  0.6463237    
  0.6495135    
  0.1184414    
  0.1180568    
   1.342570    
   1.125310    
   1.735684    
   1.726338    
   1.147638    
   1.105099    
   1.485631    
   1.435755    
   1.265774    
  0.7111899    
  0.1813556    
   1.631092    
   1.584084    
  0.9797305    
   1.266862    
  0.9995661    
  0.9559144    
 
 month:          10 year:        2007
  0.0000000E+00
  0.0000000E+00
  1.9154540E-05
  0.0000000E+00
  0.0000000E+00
  0.0000000E+00
  0.0000000E+00
  0.0000000E+00
  0.0000000E+00
  0.0000000E+00
  0.0000000E+00
  0.0000000E+00
  0.0000000E+00
  0.0000000E+00
  8.1847029E-05
  8.2405641E-05
  3.3366814E-04
  1.0000472E-04
  1.0027110E-04
  1.1999111E-02
  0.0000000E+00
  0.0000000E+00
  2.3756062E-03
  2.3874526E-03
  0.0000000E+00
  0.0000000E+00
  4.0594212E-04
  1.3391644E-05
  0.0000000E+00
  0.0000000E+00
  0.0000000E+00
  0.0000000E+00
  6.1438121E-03
  0.0000000E+00
  0.0000000E+00
  0.0000000E+00
  0.0000000E+00
  0.0000000E+00
  0.0000000E+00
  0.0000000E+00
  0.0000000E+00
  0.0000000E+00
  0.0000000E+00
  0.0000000E+00
  0.0000000E+00
  0.0000000E+00
  0.0000000E+00
  0.0000000E+00
  0.0000000E+00
  0.0000000E+00
  0.0000000E+00
  0.0000000E+00
  0.0000000E+00
  0.0000000E+00
  1.4273632E-02
  6.8101937E-05
  6.7966532E-05
  0.0000000E+00
  0.0000000E+00
  5.3725045E-05
  5.6249901E-05
  1.4242038E-04
  1.3747140E-04
  1.5650917E-02
  1.5625022E-02
  3.0378677E-02
  3.3831451E-02
  6.7975270E-05
  6.8098576E-05
  1.4276628E-02
  5.4040367E-05
  5.6130415E-05
  1.7803974E-02
  7.1625334E-05
  7.1096911E-05
  0.0000000E+00
  0.0000000E+00
  3.0628957E-03
  3.0958599E-03
  0.0000000E+00
  0.0000000E+00
  2.2836946E-05
  2.4487304E-05
  0.0000000E+00
  0.0000000E+00
  0.0000000E+00
  0.0000000E+00
  1.5067630E-02
  2.0519858E-02
  2.6638416E-04
  2.6748641E-04
  2.9621953E-02
  2.1670006E-02
  1.7502004E-02
  2.9843275E-02
  3.6403038E-02
  3.5977807E-02
  5.3976891E-03
  8.6204456E-03
  2.1422068E-02
  0.0000000E+00
  0.0000000E+00
  1.5653828E-02
  1.4722498E-02
  2.8204018E-02
  2.7056683E-02
  4.3979333E-05
  4.4112807E-05
  0.0000000E+00
  0.0000000E+00
  4.9362566E-02
  4.3488801E-02
  4.3120731E-02
  5.5497803E-02
  5.5088580E-02
  2.8212884E-02
  2.1427326E-02
  1.5650185E-02
  1.5433840E-02
  2.8131297E-02
  2.7866224E-02
  4.3979333E-05
  1.7550499E-04
  1.7480319E-04
  2.8601125E-02
  3.5196736E-02
  3.3646822E-02
  2.3525985E-02
  2.2619484E-02
  1.2827346E-02
  1.2858132E-02
  6.9100335E-03
  6.1431965E-03
  5.7366309E-03
  2.7022338E-03
  2.6958149E-03
  1.0195681E-02
  9.7840494E-03
  1.0603554E-02
  1.0625267E-02
  2.5659624E-02
  3.1528372E-02
  3.1235969E-02
  2.0473408E-02
  2.1218186E-02
  4.3296292E-03
  6.6787694E-03
  0.0000000E+00
  0.0000000E+00
  1.2443155E-02
  1.5972015E-02
  1.5344685E-02
  7.6513812E-03
  8.2153687E-03
  1.2441680E-02
  0.0000000E+00
  0.0000000E+00
  1.5928015E-02
  1.5766580E-02
  8.2136169E-03
  7.7665774E-03
  6.4551760E-03
  1.0905921E-02
  2.1310516E-02
  0.0000000E+00
  0.0000000E+00
  0.0000000E+00
  1.6056798E-05
  1.6168309E-05
  6.8611810E-03
  1.0859827E-02
  2.6393535E-02
  2.5363708E-02
  3.0275218E-03
  1.7876388E-03
  5.9639990E-02
  4.2894233E-02
  3.1464562E-02
  2.6350046E-02
  2.6502470E-02
  1.3575560E-02
  1.3520782E-02
  4.2840898E-02
  3.5765354E-02
  0.1238370    
  0.1223440    
  3.6970459E-02
  3.5566621E-02
  4.1235786E-02
  3.9593089E-02
  3.7036911E-02
  1.9050505E-02
  5.1442580E-03
  4.5351237E-02
  4.3718647E-02
  2.8194416E-02
  3.7070099E-02
  2.7877955E-02
  2.6412718E-02
 
 month:          11 year:        2007
  0.0000000E+00
  0.0000000E+00
  7.5473622E-08
  0.0000000E+00
  0.0000000E+00
  0.0000000E+00
  0.0000000E+00
  0.0000000E+00
  0.0000000E+00
  0.0000000E+00
  0.0000000E+00
  0.0000000E+00
  0.0000000E+00
  0.0000000E+00
  1.1343285E-06
  1.1420702E-06
  5.3551985E-06
  1.4231081E-06
  1.4268985E-06
  1.9828761E-04
  0.0000000E+00
  0.0000000E+00
  3.9257364E-05
  3.9453142E-05
  0.0000000E+00
  0.0000000E+00
  6.5896579E-06
  0.0000000E+00
  0.0000000E+00
  0.0000000E+00
  0.0000000E+00
  0.0000000E+00
  1.0152773E-04
  0.0000000E+00
  0.0000000E+00
  0.0000000E+00
  0.0000000E+00
  0.0000000E+00
  0.0000000E+00
  0.0000000E+00
  0.0000000E+00
  0.0000000E+00
  0.0000000E+00
  0.0000000E+00
  0.0000000E+00
  0.0000000E+00
  0.0000000E+00
  0.0000000E+00
  0.0000000E+00
  0.0000000E+00
  0.0000000E+00
  0.0000000E+00
  0.0000000E+00
  0.0000000E+00
  2.3587467E-04
  8.8192951E-07
  8.8017589E-07
  0.0000000E+00
  0.0000000E+00
  6.6598892E-07
  6.9728759E-07
  2.1489243E-06
  2.0742509E-06
  2.5863445E-04
  2.5820668E-04
  5.0201378E-04
  5.5907189E-04
  8.8028924E-07
  8.8188608E-07
  2.3592418E-04
  6.6989782E-07
  6.9580642E-07
  2.9421426E-04
  9.6227848E-07
  9.5517885E-07
  0.0000000E+00
  0.0000000E+00
  5.0614959E-05
  5.1159703E-05
  0.0000000E+00
  0.0000000E+00
  1.2673756E-07
  1.7038749E-07
  0.0000000E+00
  0.0000000E+00
  0.0000000E+00
  0.0000000E+00
  2.4899558E-04
  3.3909472E-04
  4.2455367E-06
  4.2631032E-06
  4.8950873E-04
  3.5810127E-04
  2.8922403E-04
  4.9316592E-04
  6.0156727E-04
  5.9454050E-04
  8.9197893E-05
  1.4245458E-04
  3.5400395E-04
  0.0000000E+00
  0.0000000E+00
  2.5868262E-04
  2.4329212E-04
  4.6607692E-04
  4.4711700E-04
  4.8554068E-07
  4.8701395E-07
  0.0000000E+00
  0.0000000E+00
  8.1572641E-04
  7.1866106E-04
  7.1257859E-04
  9.1711216E-04
  9.1034960E-04
  4.6622349E-04
  3.5409094E-04
  2.5862243E-04
  2.5504734E-04
  4.6487528E-04
  4.6049480E-04
  4.8554068E-07
  2.7198075E-06
  2.6756102E-06
  4.7263922E-04
  5.8163312E-04
  5.5602059E-04
  3.8877144E-04
  3.7379144E-04
  2.1197447E-04
  2.1248317E-04
  1.1418968E-04
  1.0151757E-04
  9.4798968E-05
  4.4654967E-05
  4.4548884E-05
  1.6848554E-04
  1.6168338E-04
  1.7522590E-04
  1.7558479E-04
  4.2403030E-04
  5.2101264E-04
  5.1618047E-04
  3.3832723E-04
  3.5063477E-04
  7.1547998E-05
  1.1036800E-04
  0.0000000E+00
  0.0000000E+00
  2.0562565E-04
  2.6394075E-04
  2.5357399E-04
  1.2644065E-04
  1.3576059E-04
  2.0560120E-04
  0.0000000E+00
  0.0000000E+00
  2.6321359E-04
  2.6054593E-04
  1.3573164E-04
  1.2834425E-04
  1.0667306E-04
  1.8022253E-04
  3.5216060E-04
  0.0000000E+00
  0.0000000E+00
  0.0000000E+00
  3.3739681E-08
  3.3973997E-08
  1.1338244E-04
  1.7946072E-04
  4.3615839E-04
  4.1914024E-04
  5.0030412E-05
  2.9541077E-05
  4.4758832E-03
  7.0883567E-04
  5.1995821E-04
  4.3543964E-04
  4.3795849E-04
  2.2968680E-04
  2.2875601E-04
  7.0795440E-04
  5.9102959E-04
  2.6189648E-02
  2.5758984E-02
  6.1094429E-04
  5.8774586E-04
  6.8142969E-04
  6.5428368E-04
  6.1204232E-04
  3.1481343E-04
  8.5009910E-05
  7.4943801E-04
  7.2245952E-04
  4.6591816E-04
  6.1259087E-04
  4.6068887E-04
  4.3647553E-04
 
 month:          12 year:        2007
  0.0000000E+00
  0.0000000E+00
  0.0000000E+00
  0.0000000E+00
  0.0000000E+00
  0.0000000E+00
  0.0000000E+00
  0.0000000E+00
  0.0000000E+00
  0.0000000E+00
  0.0000000E+00
  0.0000000E+00
  0.0000000E+00
  0.0000000E+00
  0.0000000E+00
  0.0000000E+00
  0.0000000E+00
  0.0000000E+00
  0.0000000E+00
  3.3314236E-06
  0.0000000E+00
  0.0000000E+00
  4.6487179E-07
  4.6719018E-07
  0.0000000E+00
  0.0000000E+00
  0.0000000E+00
  0.0000000E+00
  0.0000000E+00
  0.0000000E+00
  0.0000000E+00
  0.0000000E+00
  1.5850486E-06
  0.0000000E+00
  0.0000000E+00
  0.0000000E+00
  0.0000000E+00
  0.0000000E+00
  0.0000000E+00
  0.0000000E+00
  0.0000000E+00
  0.0000000E+00
  0.0000000E+00
  0.0000000E+00
  0.0000000E+00
  0.0000000E+00
  0.0000000E+00
  0.0000000E+00
  0.0000000E+00
  0.0000000E+00
  0.0000000E+00
  0.0000000E+00
  0.0000000E+00
  0.0000000E+00
  4.0321893E-06
  0.0000000E+00
  0.0000000E+00
  0.0000000E+00
  0.0000000E+00
  0.0000000E+00
  0.0000000E+00
  0.0000000E+00
  0.0000000E+00
  4.4212593E-06
  4.4139451E-06
  8.8164543E-06
  9.8529481E-06
  0.0000000E+00
  0.0000000E+00
  4.0330356E-06
  0.0000000E+00
  0.0000000E+00
  5.0647723E-06
  0.0000000E+00
  0.0000000E+00
  0.0000000E+00
  0.0000000E+00
  6.7298367E-07
  6.8022666E-07
  0.0000000E+00
  0.0000000E+00
  0.0000000E+00
  0.0000000E+00
  0.0000000E+00
  0.0000000E+00
  0.0000000E+00
  0.0000000E+00
  4.2564848E-06
  5.8729674E-06
  0.0000000E+00
  0.0000000E+00
  8.5968422E-06
  6.2350491E-06
  4.9788691E-06
  8.6610708E-06
  1.0634308E-05
  1.0478042E-05
  1.3614676E-06
  2.3387572E-06
  6.1637106E-06
  0.0000000E+00
  0.0000000E+00
  4.4220824E-06
  4.1589874E-06
  8.1853268E-06
  7.8208859E-06
  0.0000000E+00
  0.0000000E+00
  0.0000000E+00
  0.0000000E+00
  1.4492285E-05
  1.2738145E-05
  1.2630335E-05
  1.6293514E-05
  1.6173373E-05
  8.1879034E-06
  6.1652240E-06
  4.4210510E-06
  4.3599384E-06
  8.1642256E-06
  8.0872933E-06
  0.0000000E+00
  0.0000000E+00
  0.0000000E+00
  8.3005752E-06
  1.0250564E-05
  9.7991760E-06
  6.7690607E-06
  6.5082363E-06
  3.5945714E-06
  3.6031981E-06
  1.8175562E-06
  1.5848899E-06
  1.4799989E-06
  5.6342543E-07
  5.6208688E-07
  2.8005709E-06
  2.6875055E-06
  2.9126088E-06
  2.9185740E-06
  7.4170621E-06
  9.1501197E-06
  9.0652557E-06
  5.8596729E-06
  6.0728339E-06
  1.0635764E-06
  1.7567270E-06
  0.0000000E+00
  0.0000000E+00
  3.4547093E-06
  4.5119696E-06
  4.3347518E-06
  2.0463083E-06
  2.1971418E-06
  3.4542986E-06
  0.0000000E+00
  0.0000000E+00
  4.4995381E-06
  4.4539338E-06
  2.1966723E-06
  2.0771163E-06
  1.6979149E-06
  2.9956650E-06
  6.1316150E-06
  0.0000000E+00
  0.0000000E+00
  0.0000000E+00
  0.0000000E+00
  0.0000000E+00
  1.8047079E-06
  2.9830014E-06
  7.6292013E-06
  7.3315246E-06
  6.6521164E-07
  2.9371679E-07
  7.9519028E-05
  1.2563993E-05
  9.1316051E-06
  7.6166316E-06
  7.6606893E-06
  3.8949288E-06
  3.8791463E-06
  1.2548372E-05
  1.0416165E-05
  4.6528835E-04
  4.5763704E-04
  1.0800073E-05
  1.0358295E-05
  1.2046084E-05
  1.1566200E-05
  1.0819473E-05
  5.4524235E-06
  1.2975449E-06
  1.3283658E-05
  1.2805467E-05
  8.1825438E-06
  1.0829171E-05
  8.0907012E-06
  7.6347496E-06
 
 month:           1 year:        2008
  0.0000000E+00
  0.0000000E+00
  0.0000000E+00
  0.0000000E+00
  0.0000000E+00
  0.0000000E+00
  0.0000000E+00
  0.0000000E+00
  0.0000000E+00
  0.0000000E+00
  0.0000000E+00
  0.0000000E+00
  0.0000000E+00
  0.0000000E+00
  0.0000000E+00
  0.0000000E+00
  0.0000000E+00
  0.0000000E+00
  0.0000000E+00
  0.0000000E+00
  0.0000000E+00
  0.0000000E+00
  0.0000000E+00
  0.0000000E+00
  0.0000000E+00
  0.0000000E+00
  0.0000000E+00
  0.0000000E+00
  0.0000000E+00
  0.0000000E+00
  0.0000000E+00
  0.0000000E+00
  0.0000000E+00
  0.0000000E+00
  0.0000000E+00
  0.0000000E+00
  0.0000000E+00
  0.0000000E+00
  0.0000000E+00
  0.0000000E+00
  0.0000000E+00
  0.0000000E+00
  0.0000000E+00
  0.0000000E+00
  0.0000000E+00
  0.0000000E+00
  0.0000000E+00
  0.0000000E+00
  0.0000000E+00
  0.0000000E+00
  0.0000000E+00
  0.0000000E+00
  0.0000000E+00
  0.0000000E+00
  0.0000000E+00
  0.0000000E+00
  0.0000000E+00
  0.0000000E+00
  0.0000000E+00
  0.0000000E+00
  0.0000000E+00
  0.0000000E+00
  0.0000000E+00
  0.0000000E+00
  0.0000000E+00
  0.0000000E+00
  0.0000000E+00
  0.0000000E+00
  0.0000000E+00
  0.0000000E+00
  0.0000000E+00
  0.0000000E+00
  0.0000000E+00
  0.0000000E+00
  0.0000000E+00
  0.0000000E+00
  0.0000000E+00
  0.0000000E+00
  0.0000000E+00
  0.0000000E+00
  0.0000000E+00
  0.0000000E+00
  0.0000000E+00
  0.0000000E+00
  0.0000000E+00
  0.0000000E+00
  0.0000000E+00
  0.0000000E+00
  0.0000000E+00
  0.0000000E+00
  0.0000000E+00
  0.0000000E+00
  0.0000000E+00
  0.0000000E+00
  0.0000000E+00
  0.0000000E+00
  0.0000000E+00
  0.0000000E+00
  0.0000000E+00
  0.0000000E+00
  0.0000000E+00
  0.0000000E+00
  0.0000000E+00
  0.0000000E+00
  0.0000000E+00
  0.0000000E+00
  0.0000000E+00
  0.0000000E+00
  0.0000000E+00
  0.0000000E+00
  0.0000000E+00
  0.0000000E+00
  0.0000000E+00
  3.3132679E-08
  3.2888373E-08
  0.0000000E+00
  0.0000000E+00
  0.0000000E+00
  0.0000000E+00
  0.0000000E+00
  0.0000000E+00
  0.0000000E+00
  0.0000000E+00
  0.0000000E+00
  0.0000000E+00
  0.0000000E+00
  0.0000000E+00
  0.0000000E+00
  0.0000000E+00
  0.0000000E+00
  0.0000000E+00
  0.0000000E+00
  0.0000000E+00
  0.0000000E+00
  0.0000000E+00
  0.0000000E+00
  0.0000000E+00
  0.0000000E+00
  0.0000000E+00
  0.0000000E+00
  0.0000000E+00
  0.0000000E+00
  0.0000000E+00
  0.0000000E+00
  0.0000000E+00
  0.0000000E+00
  0.0000000E+00
  0.0000000E+00
  0.0000000E+00
  0.0000000E+00
  0.0000000E+00
  0.0000000E+00
  0.0000000E+00
  0.0000000E+00
  0.0000000E+00
  0.0000000E+00
  0.0000000E+00
  0.0000000E+00
  0.0000000E+00
  0.0000000E+00
  0.0000000E+00
  0.0000000E+00
  0.0000000E+00
  0.0000000E+00
  0.0000000E+00
  0.0000000E+00
  0.0000000E+00
  0.0000000E+00
  0.0000000E+00
  0.0000000E+00
  0.0000000E+00
  0.0000000E+00
  0.0000000E+00
  0.0000000E+00
  0.0000000E+00
  1.0665136E-06
  0.0000000E+00
  0.0000000E+00
  0.0000000E+00
  0.0000000E+00
  0.0000000E+00
  0.0000000E+00
  0.0000000E+00
  0.0000000E+00
  7.3431329E-06
  7.2223756E-06
  0.0000000E+00
  0.0000000E+00
  0.0000000E+00
  0.0000000E+00
  0.0000000E+00
  0.0000000E+00
  0.0000000E+00
  0.0000000E+00
  0.0000000E+00
  0.0000000E+00
  0.0000000E+00
  0.0000000E+00
  0.0000000E+00
 
 month:           2 year:        2008
  0.0000000E+00
  0.0000000E+00
  0.0000000E+00
  0.0000000E+00
  0.0000000E+00
  0.0000000E+00
  0.0000000E+00
  0.0000000E+00
  0.0000000E+00
  0.0000000E+00
  0.0000000E+00
  0.0000000E+00
  0.0000000E+00
  0.0000000E+00
  0.0000000E+00
  0.0000000E+00
  0.0000000E+00
  0.0000000E+00
  0.0000000E+00
  0.0000000E+00
  0.0000000E+00
  0.0000000E+00
  0.0000000E+00
  0.0000000E+00
  0.0000000E+00
  0.0000000E+00
  0.0000000E+00
  0.0000000E+00
  0.0000000E+00
  0.0000000E+00
  0.0000000E+00
  0.0000000E+00
  0.0000000E+00
  0.0000000E+00
  0.0000000E+00
  0.0000000E+00
  0.0000000E+00
  0.0000000E+00
  0.0000000E+00
  0.0000000E+00
  0.0000000E+00
  0.0000000E+00
  0.0000000E+00
  0.0000000E+00
  0.0000000E+00
  0.0000000E+00
  0.0000000E+00
  0.0000000E+00
  0.0000000E+00
  0.0000000E+00
  0.0000000E+00
  0.0000000E+00
  0.0000000E+00
  0.0000000E+00
  0.0000000E+00
  0.0000000E+00
  0.0000000E+00
  0.0000000E+00
  0.0000000E+00
  0.0000000E+00
  0.0000000E+00
  0.0000000E+00
  0.0000000E+00
  0.0000000E+00
  0.0000000E+00
  0.0000000E+00
  0.0000000E+00
  0.0000000E+00
  0.0000000E+00
  0.0000000E+00
  0.0000000E+00
  0.0000000E+00
  0.0000000E+00
  0.0000000E+00
  0.0000000E+00
  0.0000000E+00
  0.0000000E+00
  0.0000000E+00
  0.0000000E+00
  0.0000000E+00
  0.0000000E+00
  0.0000000E+00
  0.0000000E+00
  0.0000000E+00
  0.0000000E+00
  0.0000000E+00
  0.0000000E+00
  0.0000000E+00
  0.0000000E+00
  0.0000000E+00
  0.0000000E+00
  0.0000000E+00
  0.0000000E+00
  0.0000000E+00
  0.0000000E+00
  0.0000000E+00
  0.0000000E+00
  0.0000000E+00
  0.0000000E+00
  0.0000000E+00
  0.0000000E+00
  0.0000000E+00
  0.0000000E+00
  0.0000000E+00
  0.0000000E+00
  0.0000000E+00
  0.0000000E+00
  0.0000000E+00
  0.0000000E+00
  0.0000000E+00
  0.0000000E+00
  0.0000000E+00
  0.0000000E+00
  0.0000000E+00
  0.0000000E+00
  0.0000000E+00
  0.0000000E+00
  0.0000000E+00
  0.0000000E+00
  0.0000000E+00
  0.0000000E+00
  0.0000000E+00
  0.0000000E+00
  0.0000000E+00
  0.0000000E+00
  0.0000000E+00
  0.0000000E+00
  0.0000000E+00
  0.0000000E+00
  0.0000000E+00
  0.0000000E+00
  0.0000000E+00
  0.0000000E+00
  0.0000000E+00
  0.0000000E+00
  0.0000000E+00
  0.0000000E+00
  0.0000000E+00
  0.0000000E+00
  0.0000000E+00
  0.0000000E+00
  0.0000000E+00
  0.0000000E+00
  0.0000000E+00
  0.0000000E+00
  0.0000000E+00
  0.0000000E+00
  0.0000000E+00
  0.0000000E+00
  0.0000000E+00
  0.0000000E+00
  0.0000000E+00
  0.0000000E+00
  0.0000000E+00
  0.0000000E+00
  0.0000000E+00
  0.0000000E+00
  0.0000000E+00
  0.0000000E+00
  0.0000000E+00
  0.0000000E+00
  0.0000000E+00
  0.0000000E+00
  0.0000000E+00
  0.0000000E+00
  0.0000000E+00
  0.0000000E+00
  0.0000000E+00
  0.0000000E+00
  0.0000000E+00
  0.0000000E+00
  0.0000000E+00
  0.0000000E+00
  0.0000000E+00
  0.0000000E+00
  0.0000000E+00
  0.0000000E+00
  0.0000000E+00
  0.0000000E+00
  0.0000000E+00
  0.0000000E+00
  0.0000000E+00
  0.0000000E+00
  0.0000000E+00
  0.0000000E+00
  0.0000000E+00
  0.0000000E+00
  0.0000000E+00
  0.0000000E+00
  0.0000000E+00
  0.0000000E+00
  0.0000000E+00
  0.0000000E+00
  0.0000000E+00
  0.0000000E+00
  0.0000000E+00
  0.0000000E+00
  0.0000000E+00
  0.0000000E+00
 
 month:           3 year:        2008
  0.0000000E+00
  0.0000000E+00
  0.0000000E+00
  0.0000000E+00
  0.0000000E+00
  0.0000000E+00
  0.0000000E+00
  0.0000000E+00
  0.0000000E+00
  0.0000000E+00
  0.0000000E+00
  0.0000000E+00
  0.0000000E+00
  0.0000000E+00
  0.0000000E+00
  0.0000000E+00
  0.0000000E+00
  0.0000000E+00
  0.0000000E+00
  0.0000000E+00
  0.0000000E+00
  0.0000000E+00
  0.0000000E+00
  0.0000000E+00
  0.0000000E+00
  0.0000000E+00
  0.0000000E+00
  0.0000000E+00
  0.0000000E+00
  0.0000000E+00
  0.0000000E+00
  0.0000000E+00
  0.0000000E+00
  0.0000000E+00
  0.0000000E+00
  0.0000000E+00
  0.0000000E+00
  0.0000000E+00
  0.0000000E+00
  0.0000000E+00
  0.0000000E+00
  0.0000000E+00
  0.0000000E+00
  0.0000000E+00
  0.0000000E+00
  0.0000000E+00
  0.0000000E+00
  0.0000000E+00
  0.0000000E+00
  0.0000000E+00
  0.0000000E+00
  0.0000000E+00
  0.0000000E+00
  0.0000000E+00
  3.1851176E-02
  0.0000000E+00
  0.0000000E+00
  0.0000000E+00
  0.0000000E+00
  0.0000000E+00
  0.0000000E+00
  0.0000000E+00
  0.0000000E+00
  0.0000000E+00
  0.0000000E+00
  0.2358094    
  0.3414882    
  0.0000000E+00
  0.0000000E+00
  3.1903807E-02
  0.0000000E+00
  0.0000000E+00
  0.1503228    
  0.0000000E+00
  0.0000000E+00
  0.0000000E+00
  0.0000000E+00
  0.0000000E+00
  0.0000000E+00
  0.0000000E+00
  0.0000000E+00
  0.0000000E+00
  0.0000000E+00
  0.0000000E+00
  0.0000000E+00
  0.0000000E+00
  0.0000000E+00
  0.0000000E+00
  0.0000000E+00
  0.0000000E+00
  0.0000000E+00
  0.1632590    
  8.0292933E-02
  2.9350387E-02
  0.4313756    
  0.5517251    
  0.5469094    
  0.0000000E+00
  0.0000000E+00
  0.1194787    
  0.0000000E+00
  0.0000000E+00
  8.3861329E-02
  7.6711863E-02
  0.2207062    
  0.2107581    
  0.0000000E+00
  0.0000000E+00
  0.0000000E+00
  0.0000000E+00
  0.3437266    
  0.2919686    
  0.2896743    
  0.4532746    
  0.4490559    
  0.0000000E+00
  0.1195261    
  8.3836898E-02
  8.2407333E-02
  0.2200163    
  0.2175144    
  0.0000000E+00
  0.0000000E+00
  0.0000000E+00
  0.4381001    
  0.4985325    
  0.4824071    
  0.3861522    
  0.3719879    
  0.0000000E+00
  0.0000000E+00
  0.4695773    
  0.4524266    
  0.4360966    
  0.0000000E+00
  0.0000000E+00
  0.5350139    
  0.5200932    
  0.0000000E+00
  0.0000000E+00
  0.3518543    
  0.4194673    
  0.4161753    
  0.2879046    
  0.2989089    
  0.0000000E+00
  0.0000000E+00
  0.0000000E+00
  0.0000000E+00
  0.1069512    
  0.1965557    
  0.1879741    
  5.3660445E-02
  6.1729059E-02
  0.1069282    
  0.0000000E+00
  0.0000000E+00
  0.1959820    
  0.1938875    
  6.1708529E-02
  5.5501662E-02
  0.0000000E+00
  0.0000000E+00
  4.0307734E-02
  0.0000000E+00
  0.0000000E+00
  0.0000000E+00
  0.0000000E+00
  0.0000000E+00
  0.0000000E+00
  0.0000000E+00
  0.1455387    
  0.1348143    
  0.0000000E+00
  0.0000000E+00
  0.3159366    
  0.1393940    
  2.5962707E-02
  0.0000000E+00
  0.0000000E+00
  0.0000000E+00
  0.0000000E+00
  0.1388690    
  6.8748049E-02
  0.4023734    
  0.3992021    
  0.0000000E+00
  0.0000000E+00
  0.2911639    
  0.2764319    
  2.1554116E-02
  0.0000000E+00
  0.0000000E+00
  0.3910064    
  0.3769034    
  0.0000000E+00
  2.1805719E-02
  0.0000000E+00
  0.0000000E+00
 
 month:           4 year:        2008
  0.0000000E+00
  0.0000000E+00
  0.0000000E+00
  0.0000000E+00
  0.0000000E+00
  0.0000000E+00
  0.0000000E+00
  0.0000000E+00
  0.0000000E+00
  0.0000000E+00
  0.0000000E+00
  0.0000000E+00
  0.0000000E+00
  0.0000000E+00
  0.0000000E+00
  0.0000000E+00
  0.0000000E+00
  0.0000000E+00
  0.0000000E+00
  0.0000000E+00
  0.0000000E+00
  0.0000000E+00
  0.0000000E+00
  0.0000000E+00
  0.0000000E+00
  0.0000000E+00
  0.0000000E+00
  0.0000000E+00
  0.0000000E+00
  0.0000000E+00
  0.0000000E+00
  0.0000000E+00
  0.0000000E+00
  0.0000000E+00
  0.0000000E+00
  0.0000000E+00
  0.0000000E+00
  0.0000000E+00
  0.0000000E+00
  0.0000000E+00
  0.0000000E+00
  0.0000000E+00
  0.0000000E+00
  0.0000000E+00
  0.0000000E+00
  0.0000000E+00
  0.0000000E+00
  0.0000000E+00
  0.0000000E+00
  0.0000000E+00
  0.0000000E+00
  0.0000000E+00
  0.0000000E+00
  0.0000000E+00
  1.8161772E-03
  0.0000000E+00
  0.0000000E+00
  0.0000000E+00
  0.0000000E+00
  0.0000000E+00
  0.0000000E+00
  0.0000000E+00
  0.0000000E+00
  0.0000000E+00
  0.0000000E+00
  1.3448687E-02
  1.9490330E-02
  0.0000000E+00
  0.0000000E+00
  1.8191778E-03
  0.0000000E+00
  0.0000000E+00
  8.5715102E-03
  0.0000000E+00
  0.0000000E+00
  0.0000000E+00
  0.0000000E+00
  0.0000000E+00
  0.0000000E+00
  0.0000000E+00
  0.0000000E+00
  0.0000000E+00
  0.0000000E+00
  0.0000000E+00
  0.0000000E+00
  0.0000000E+00
  0.0000000E+00
  0.0000000E+00
  0.0000000E+00
  0.0000000E+00
  0.0000000E+00
  9.3091475E-03
  4.5783613E-03
  1.6735806E-03
  2.4608951E-02
  3.0857591E-02
  3.0591860E-02
  0.0000000E+00
  0.0000000E+00
  6.8127597E-03
  0.0000000E+00
  0.0000000E+00
  4.7818343E-03
  4.3741660E-03
  1.2591518E-02
  1.2017577E-02
  0.0000000E+00
  0.0000000E+00
  0.0000000E+00
  0.0000000E+00
  1.9606866E-02
  1.6648259E-02
  1.6517438E-02
  2.5314573E-02
  2.5083350E-02
  0.0000000E+00
  6.8154647E-03
  4.7804401E-03
  4.6989243E-03
  1.2551224E-02
  1.2405117E-02
  0.0000000E+00
  0.0000000E+00
  0.0000000E+00
  2.4992066E-02
  2.8451690E-02
  2.7507205E-02
  2.2018675E-02
  2.1211019E-02
  0.0000000E+00
  0.0000000E+00
  2.6788710E-02
  2.5797697E-02
  2.4866544E-02
  0.0000000E+00
  0.0000000E+00
  3.0545082E-02
  2.9661385E-02
  0.0000000E+00
  0.0000000E+00
  2.0070339E-02
  2.3935044E-02
  2.3740606E-02
  1.6416529E-02
  1.7044002E-02
  0.0000000E+00
  0.0000000E+00
  0.0000000E+00
  0.0000000E+00
  6.0984381E-03
  1.1207753E-02
  1.0718419E-02
  3.0597572E-03
  3.5198359E-03
  6.0971254E-03
  0.0000000E+00
  0.0000000E+00
  1.1175037E-02
  1.1055608E-02
  3.5186654E-03
  3.1647449E-03
  0.0000000E+00
  0.0000000E+00
  2.2983758E-03
  0.0000000E+00
  0.0000000E+00
  0.0000000E+00
  0.0000000E+00
  0.0000000E+00
  0.0000000E+00
  0.0000000E+00
  8.2987240E-03
  7.6872096E-03
  0.0000000E+00
  0.0000000E+00
  1.8020831E-02
  7.9483474E-03
  1.4804124E-03
  0.0000000E+00
  0.0000000E+00
  0.0000000E+00
  0.0000000E+00
  7.9184091E-03
  3.9200638E-03
  2.2962250E-02
  2.2775630E-02
  0.0000000E+00
  0.0000000E+00
  1.6607592E-02
  1.5762342E-02
  1.2290310E-03
  0.0000000E+00
  0.0000000E+00
  2.2323804E-02
  2.1494454E-02
  0.0000000E+00
  1.2433777E-03
  0.0000000E+00
  0.0000000E+00
 
 month:           5 year:        2008
  0.0000000E+00
  0.0000000E+00
  0.0000000E+00
  0.0000000E+00
  0.0000000E+00
  0.0000000E+00
  0.0000000E+00
  0.0000000E+00
  0.0000000E+00
  0.0000000E+00
  0.0000000E+00
  0.0000000E+00
  0.0000000E+00
  0.0000000E+00
  0.0000000E+00
  0.0000000E+00
  0.0000000E+00
  0.0000000E+00
  0.0000000E+00
  0.0000000E+00
  0.0000000E+00
  0.0000000E+00
  0.0000000E+00
  0.0000000E+00
  0.0000000E+00
  0.0000000E+00
  0.0000000E+00
  0.0000000E+00
  0.0000000E+00
  0.0000000E+00
  0.0000000E+00
  0.0000000E+00
  0.0000000E+00
  0.0000000E+00
  0.0000000E+00
  0.0000000E+00
  0.0000000E+00
  0.0000000E+00
  0.0000000E+00
  0.0000000E+00
  0.0000000E+00
  0.0000000E+00
  0.0000000E+00
  0.0000000E+00
  0.0000000E+00
  0.0000000E+00
  0.0000000E+00
  0.0000000E+00
  0.0000000E+00
  0.0000000E+00
  0.0000000E+00
  0.0000000E+00
  0.0000000E+00
  0.0000000E+00
  3.2266398E-05
  0.0000000E+00
  0.0000000E+00
  0.0000000E+00
  0.0000000E+00
  0.0000000E+00
  0.0000000E+00
  0.0000000E+00
  0.0000000E+00
  0.0000000E+00
  0.0000000E+00
  2.3893088E-04
  3.4626730E-04
  0.0000000E+00
  0.0000000E+00
  3.2319713E-05
  0.0000000E+00
  0.0000000E+00
  1.5228231E-04
  0.0000000E+00
  0.0000000E+00
  0.0000000E+00
  0.0000000E+00
  0.0000000E+00
  0.0000000E+00
  0.0000000E+00
  0.0000000E+00
  0.0000000E+00
  0.0000000E+00
  0.0000000E+00
  0.0000000E+00
  0.0000000E+00
  0.0000000E+00
  0.0000000E+00
  0.0000000E+00
  0.0000000E+00
  0.0000000E+00
  1.6538730E-04
  8.1339676E-05
  2.9733012E-05
  4.3720531E-04
  5.4821954E-04
  5.4349826E-04
  0.0000000E+00
  0.0000000E+00
  1.2103624E-04
  0.0000000E+00
  0.0000000E+00
  8.4954605E-05
  7.7711891E-05
  2.2370236E-04
  2.1350564E-04
  0.0000000E+00
  0.0000000E+00
  0.0000000E+00
  0.0000000E+00
  3.4833769E-04
  2.9577478E-04
  2.9345066E-04
  4.4974126E-04
  4.4563354E-04
  0.0000000E+00
  1.2108430E-04
  8.4929816E-05
  8.3481609E-05
  2.2298642E-04
  2.2039069E-04
  0.0000000E+00
  0.0000000E+00
  0.0000000E+00
  4.4401179E-04
  5.0547591E-04
  4.8869580E-04
  3.9118639E-04
  3.7683736E-04
  0.0000000E+00
  0.0000000E+00
  4.7593121E-04
  4.5832471E-04
  4.4178189E-04
  0.0000000E+00
  0.0000000E+00
  5.4266717E-04
  5.2696734E-04
  0.0000000E+00
  0.0000000E+00
  3.5657175E-04
  4.2523266E-04
  4.2177807E-04
  2.9165795E-04
  3.0280577E-04
  0.0000000E+00
  0.0000000E+00
  0.0000000E+00
  0.0000000E+00
  1.0834547E-04
  1.9911818E-04
  1.9042459E-04
  5.4359960E-05
  6.2533778E-05
  1.0832216E-04
  0.0000000E+00
  0.0000000E+00
  1.9853690E-04
  1.9641510E-04
  6.2512976E-05
  5.6225188E-05
  0.0000000E+00
  0.0000000E+00
  4.0833202E-05
  0.0000000E+00
  0.0000000E+00
  0.0000000E+00
  0.0000000E+00
  0.0000000E+00
  0.0000000E+00
  0.0000000E+00
  1.4743599E-04
  1.3657182E-04
  0.0000000E+00
  0.0000000E+00
  3.2016018E-04
  1.4121120E-04
  2.6301172E-05
  0.0000000E+00
  0.0000000E+00
  0.0000000E+00
  0.0000000E+00
  1.4067933E-04
  6.9644266E-05
  4.0794967E-04
  4.0463440E-04
  0.0000000E+00
  0.0000000E+00
  2.9505239E-04
  2.8003557E-04
  2.1835103E-05
  0.0000000E+00
  0.0000000E+00
  3.9660707E-04
  3.8187273E-04
  0.0000000E+00
  2.2089982E-05
  0.0000000E+00
  0.0000000E+00
 
 month:           6 year:        2008
  0.0000000E+00
  0.0000000E+00
  0.0000000E+00
  0.0000000E+00
  0.0000000E+00
  0.0000000E+00
  0.0000000E+00
  0.0000000E+00
  0.0000000E+00
  0.0000000E+00
  0.0000000E+00
  0.0000000E+00
  0.0000000E+00
  0.0000000E+00
  0.0000000E+00
  0.0000000E+00
  0.0000000E+00
  0.0000000E+00
  0.0000000E+00
  0.0000000E+00
  0.0000000E+00
  0.0000000E+00
  0.0000000E+00
  0.0000000E+00
  0.0000000E+00
  0.0000000E+00
  0.0000000E+00
  0.0000000E+00
  0.0000000E+00
  0.0000000E+00
  0.0000000E+00
  0.0000000E+00
  0.0000000E+00
  0.0000000E+00
  0.0000000E+00
  0.0000000E+00
  0.0000000E+00
  0.0000000E+00
  0.0000000E+00
  0.0000000E+00
  0.0000000E+00
  0.0000000E+00
  0.0000000E+00
  0.0000000E+00
  0.0000000E+00
  0.0000000E+00
  0.0000000E+00
  0.0000000E+00
  0.0000000E+00
  0.0000000E+00
  0.0000000E+00
  0.0000000E+00
  0.0000000E+00
  0.0000000E+00
  2.8945229E-07
  0.0000000E+00
  0.0000000E+00
  0.0000000E+00
  0.0000000E+00
  0.0000000E+00
  0.0000000E+00
  0.0000000E+00
  0.0000000E+00
  0.0000000E+00
  0.0000000E+00
  3.6556128E-06
  5.4109337E-06
  0.0000000E+00
  0.0000000E+00
  2.8993068E-07
  0.0000000E+00
  0.0000000E+00
  2.2236072E-06
  0.0000000E+00
  0.0000000E+00
  0.0000000E+00
  0.0000000E+00
  0.0000000E+00
  0.0000000E+00
  0.0000000E+00
  0.0000000E+00
  0.0000000E+00
  0.0000000E+00
  0.0000000E+00
  0.0000000E+00
  0.0000000E+00
  0.0000000E+00
  0.0000000E+00
  0.0000000E+00
  0.0000000E+00
  0.0000000E+00
  2.4498256E-06
  1.0909324E-06
  2.3568407E-07
  6.8682129E-06
  8.6867494E-06
  8.6119389E-06
  0.0000000E+00
  0.0000000E+00
  1.7382041E-06
  0.0000000E+00
  0.0000000E+00
  1.1394160E-06
  1.0103712E-06
  3.3910092E-06
  3.2364430E-06
  0.0000000E+00
  0.0000000E+00
  0.0000000E+00
  0.0000000E+00
  5.4432849E-06
  4.5618917E-06
  4.5260444E-06
  7.0977703E-06
  7.0329420E-06
  0.0000000E+00
  1.7388942E-06
  1.1390838E-06
  1.1196604E-06
  3.3801580E-06
  3.3408094E-06
  0.0000000E+00
  0.0000000E+00
  0.0000000E+00
  6.9751354E-06
  7.9773681E-06
  7.7125469E-06
  6.1452861E-06
  5.8886353E-06
  0.0000000E+00
  0.0000000E+00
  7.5110947E-06
  7.2332336E-06
  6.9401085E-06
  0.0000000E+00
  0.0000000E+00
  8.5987685E-06
  8.3500008E-06
  0.0000000E+00
  0.0000000E+00
  5.5719547E-06
  6.6801294E-06
  6.6258585E-06
  4.4983944E-06
  4.7031031E-06
  0.0000000E+00
  0.0000000E+00
  0.0000000E+00
  0.0000000E+00
  1.5261352E-06
  2.9862024E-06
  2.8558231E-06
  6.5212237E-07
  7.8369783E-07
  1.5258064E-06
  0.0000000E+00
  0.0000000E+00
  2.9774842E-06
  2.9456639E-06
  7.8343720E-07
  6.7449821E-07
  0.0000000E+00
  0.0000000E+00
  4.3626440E-07
  0.0000000E+00
  0.0000000E+00
  0.0000000E+00
  0.0000000E+00
  0.0000000E+00
  0.0000000E+00
  0.0000000E+00
  2.1528413E-06
  1.9942049E-06
  0.0000000E+00
  0.0000000E+00
  4.9726477E-06
  2.0619477E-06
  1.7710519E-07
  0.0000000E+00
  0.0000000E+00
  0.0000000E+00
  0.0000000E+00
  2.0541818E-06
  9.0548048E-07
  6.4086275E-06
  6.3565440E-06
  0.0000000E+00
  0.0000000E+00
  4.5507495E-06
  4.3191385E-06
  1.1726873E-07
  0.0000000E+00
  0.0000000E+00
  6.2304380E-06
  5.9673198E-06
  0.0000000E+00
  1.1863755E-07
  0.0000000E+00
  0.0000000E+00
 
 month:           7 year:        2008
  0.0000000E+00
  0.0000000E+00
  0.0000000E+00
  0.0000000E+00
  0.0000000E+00
  0.0000000E+00
  0.0000000E+00
  0.0000000E+00
  0.0000000E+00
  0.0000000E+00
  0.0000000E+00
  0.0000000E+00
  0.0000000E+00
  0.0000000E+00
  0.0000000E+00
  0.0000000E+00
  0.0000000E+00
  0.0000000E+00
  0.0000000E+00
  0.2113364    
  0.0000000E+00
  0.0000000E+00
  0.0000000E+00
  0.0000000E+00
  0.0000000E+00
  0.0000000E+00
  0.0000000E+00
  0.0000000E+00
  0.0000000E+00
  0.0000000E+00
  0.0000000E+00
  0.0000000E+00
  1.6214114E-03
  0.0000000E+00
  0.0000000E+00
  0.0000000E+00
  0.0000000E+00
  0.0000000E+00
  0.0000000E+00
  0.0000000E+00
  0.0000000E+00
  0.0000000E+00
  0.0000000E+00
  0.0000000E+00
  0.0000000E+00
  0.0000000E+00
  0.0000000E+00
  0.0000000E+00
  0.0000000E+00
  0.0000000E+00
  0.0000000E+00
  0.0000000E+00
  0.0000000E+00
  0.0000000E+00
  7.5911753E-02
  0.0000000E+00
  0.0000000E+00
  0.0000000E+00
  0.0000000E+00
  0.0000000E+00
  0.0000000E+00
  0.0000000E+00
  0.0000000E+00
  0.0000000E+00
  0.0000000E+00
  0.4212584    
  0.5952493    
  0.0000000E+00
  0.0000000E+00
  7.5959891E-02
  0.0000000E+00
  0.0000000E+00
  0.1880564    
  0.0000000E+00
  0.0000000E+00
  0.0000000E+00
  0.0000000E+00
  0.0000000E+00
  0.0000000E+00
  0.0000000E+00
  0.0000000E+00
  0.0000000E+00
  0.0000000E+00
  0.0000000E+00
  0.0000000E+00
  0.0000000E+00
  0.0000000E+00
  0.0000000E+00
  0.0000000E+00
  0.0000000E+00
  0.0000000E+00
  0.2291581    
  8.3675981E-02
  7.5866594E-03
  0.6865495    
  0.8529989    
  0.8460688    
  0.0000000E+00
  0.0000000E+00
  0.0000000E+00
  0.0000000E+00
  0.0000000E+00
  0.0000000E+00
  0.0000000E+00
  0.1160109    
  0.1026232    
  0.0000000E+00
  0.0000000E+00
  0.0000000E+00
  0.0000000E+00
  0.3500261    
  0.2836755    
  0.2802252    
  0.5094444    
  0.5044122    
  0.0000000E+00
  0.0000000E+00
  0.0000000E+00
  0.0000000E+00
  0.1151448    
  0.1119962    
  0.0000000E+00
  0.0000000E+00
  0.0000000E+00
  0.3502947    
  0.5072367    
  0.4825544    
  0.3205068    
  0.3091179    
  0.0000000E+00
  0.0000000E+00
  0.4084737    
  0.3784509    
  0.3650675    
  0.0000000E+00
  0.0000000E+00
  0.5554557    
  0.5343220    
  0.0000000E+00
  0.0000000E+00
  0.2683943    
  0.3130673    
  0.3105824    
  0.2284450    
  0.2370436    
  0.0000000E+00
  0.0000000E+00
  0.0000000E+00
  0.0000000E+00
  5.0070792E-02
  0.1073109    
  0.1014925    
  1.2290101E-02
  1.7739341E-02
  5.0054375E-02
  0.0000000E+00
  0.0000000E+00
  0.1068779    
  0.1054017    
  1.7725458E-02
  1.3532725E-02
  0.0000000E+00
  0.0000000E+00
  0.0000000E+00
  0.0000000E+00
  0.0000000E+00
  0.0000000E+00
  0.0000000E+00
  0.0000000E+00
  0.0000000E+00
  0.0000000E+00
  6.4175017E-02
  5.7557676E-02
  0.0000000E+00
  0.0000000E+00
  0.2347372    
  5.3406250E-02
  0.0000000E+00
  0.0000000E+00
  0.0000000E+00
  0.0000000E+00
  0.0000000E+00
  5.2998997E-02
  0.0000000E+00
  0.3420307    
  0.3379352    
  0.0000000E+00
  0.0000000E+00
  0.2598512    
  0.2482764    
  3.6953852E-02
  0.0000000E+00
  0.0000000E+00
  0.3482339    
  0.3300006    
  0.0000000E+00
  3.7159689E-02
  0.0000000E+00
  0.0000000E+00
 
 month:           8 year:        2008
  0.0000000E+00
  0.0000000E+00
  0.0000000E+00
  0.0000000E+00
  0.0000000E+00
  0.0000000E+00
  0.0000000E+00
  0.0000000E+00
  0.0000000E+00
  0.0000000E+00
  0.0000000E+00
  0.0000000E+00
  0.0000000E+00
  0.0000000E+00
  0.0000000E+00
  0.0000000E+00
  0.0000000E+00
  0.0000000E+00
  0.0000000E+00
   1.070628    
  0.0000000E+00
  0.0000000E+00
  0.0000000E+00
  0.0000000E+00
  0.0000000E+00
  0.0000000E+00
  0.0000000E+00
  0.0000000E+00
  0.0000000E+00
  0.0000000E+00
  0.0000000E+00
  0.0000000E+00
  0.4659553    
  0.0000000E+00
  0.0000000E+00
  0.0000000E+00
  0.0000000E+00
  0.0000000E+00
  0.0000000E+00
  0.0000000E+00
  0.0000000E+00
  0.0000000E+00
  0.0000000E+00
  0.0000000E+00
  0.0000000E+00
  0.0000000E+00
  0.0000000E+00
  0.0000000E+00
  0.0000000E+00
  0.0000000E+00
  0.0000000E+00
  0.0000000E+00
  0.0000000E+00
  0.0000000E+00
  0.3656734    
  0.0000000E+00
  0.0000000E+00
  0.0000000E+00
  0.0000000E+00
  0.0000000E+00
  0.0000000E+00
  0.0000000E+00
  0.0000000E+00
  0.0000000E+00
  0.0000000E+00
  0.8120602    
  0.9289448    
  0.0000000E+00
  0.0000000E+00
  0.3657564    
  0.0000000E+00
  0.0000000E+00
  0.4846752    
  0.0000000E+00
  0.0000000E+00
  0.0000000E+00
  0.0000000E+00
  8.9016490E-02
  8.9630477E-02
  0.0000000E+00
  0.0000000E+00
  0.0000000E+00
  0.0000000E+00
  0.0000000E+00
  0.0000000E+00
  0.0000000E+00
  0.0000000E+00
  6.5456219E-02
  0.1502284    
  0.0000000E+00
  0.0000000E+00
  0.5460477    
  0.3802322    
  0.2858017    
  0.8752469    
  0.9915047    
  0.9841668    
  0.0000000E+00
  0.0000000E+00
  0.3173954    
  0.0000000E+00
  0.0000000E+00
  0.2498981    
  0.2381191    
  0.4583103    
  0.4396444    
  0.0000000E+00
  0.0000000E+00
  0.0000000E+00
  0.0000000E+00
  0.7438030    
  0.6618964    
  0.6563261    
  0.8701268    
  0.8635561    
  0.0000000E+00
  0.3174741    
  0.2498583    
  0.2472586    
  0.4571239    
  0.4528375    
  0.0000000E+00
  0.0000000E+00
  0.0000000E+00
  0.9575553    
   1.079349    
   1.038739    
  0.8607157    
  0.8295742    
  0.0000000E+00
  0.0000000E+00
  0.8055155    
  0.7047812    
  0.6723232    
  0.0000000E+00
  0.0000000E+00
  0.9503926    
  0.9217744    
  0.0000000E+00
  0.0000000E+00
  0.7483848    
  0.8689046    
  0.8628183    
  0.6273373    
  0.6519583    
  2.0136429E-02
  6.6008247E-02
  0.0000000E+00
  0.0000000E+00
  0.2931609    
  0.4319986    
  0.4147185    
  0.1860199    
  0.2032881    
  0.2931173    
  0.0000000E+00
  0.0000000E+00
  0.4307984    
  0.4266069    
  0.2032373    
  0.1895711    
  0.0000000E+00
  1.9196745E-02
  0.2257017    
  0.0000000E+00
  0.0000000E+00
  0.0000000E+00
  0.0000000E+00
  0.0000000E+00
  0.0000000E+00
  1.8829115E-02
  0.3617578    
  0.3444434    
  0.0000000E+00
  0.0000000E+00
  0.8753440    
  0.6366295    
  0.3811396    
  0.0000000E+00
  0.0000000E+00
  0.0000000E+00
  0.0000000E+00
  0.6354610    
  0.4674279    
   1.025999    
   1.019049    
  0.3437585    
  0.3133139    
  0.7542040    
  0.7195352    
  0.3753746    
  0.1000040    
  0.0000000E+00
  0.9594363    
  0.9288868    
  0.2324641    
  0.3759440    
  3.5329856E-02
  2.1950712E-02
 
 month:           9 year:        2008
  0.0000000E+00
  0.0000000E+00
  0.0000000E+00
  0.0000000E+00
  0.0000000E+00
  0.0000000E+00
  0.0000000E+00
  0.0000000E+00
  0.0000000E+00
  0.0000000E+00
  0.0000000E+00
  0.0000000E+00
  0.0000000E+00
  0.0000000E+00
  0.0000000E+00
  0.0000000E+00
  0.0000000E+00
  0.0000000E+00
  0.0000000E+00
  0.2645410    
  0.0000000E+00
  0.0000000E+00
  0.0000000E+00
  0.0000000E+00
  0.0000000E+00
  0.0000000E+00
  0.0000000E+00
  0.0000000E+00
  0.0000000E+00
  0.0000000E+00
  0.0000000E+00
  0.0000000E+00
  0.1363897    
  0.0000000E+00
  0.0000000E+00
  0.0000000E+00
  0.0000000E+00
  0.0000000E+00
  0.0000000E+00
  0.0000000E+00
  0.0000000E+00
  0.0000000E+00
  0.0000000E+00
  0.0000000E+00
  0.0000000E+00
  0.0000000E+00
  0.0000000E+00
  0.0000000E+00
  0.0000000E+00
  0.0000000E+00
  0.0000000E+00
  0.0000000E+00
  0.0000000E+00
  0.0000000E+00
  0.1091315    
  0.0000000E+00
  0.0000000E+00
  0.0000000E+00
  0.0000000E+00
  0.0000000E+00
  0.0000000E+00
  0.0000000E+00
  0.0000000E+00
  0.0000000E+00
  0.0000000E+00
  0.2026790    
  0.2208736    
  0.0000000E+00
  0.0000000E+00
  0.1091533    
  0.0000000E+00
  0.0000000E+00
  0.1332635    
  0.0000000E+00
  0.0000000E+00
  0.0000000E+00
  0.0000000E+00
  4.0000293E-02
  4.0241715E-02
  0.0000000E+00
  0.0000000E+00
  0.0000000E+00
  0.0000000E+00
  0.0000000E+00
  0.0000000E+00
  0.0000000E+00
  0.0000000E+00
  3.8238421E-02
  8.3878636E-02
  0.0000000E+00
  0.0000000E+00
  0.1771558    
  0.1394428    
  0.1165071    
  0.2263283    
  0.2472658    
  0.2455019    
  0.0000000E+00
  0.0000000E+00
  0.1241753    
  0.0000000E+00
  0.0000000E+00
  0.1079215    
  0.1037691    
  0.1512465    
  0.1461778    
  0.0000000E+00
  0.0000000E+00
  0.0000000E+00
  0.0000000E+00
  0.2117668    
  0.1962344    
  0.1947160    
  0.2349554    
  0.2333017    
  0.0000000E+00
  0.1242001    
  0.1079074    
  0.1069784    
  0.1509236    
  0.1497619    
  0.0000000E+00
  0.0000000E+00
  0.0000000E+00
  0.2427112    
  0.3127612    
  0.2959280    
  0.2235840    
  0.2159591    
  0.0000000E+00
  0.0000000E+00
  0.2019859    
  0.1822817    
  0.1746614    
  0.0000000E+00
  0.0000000E+00
  0.2278263    
  0.2212493    
  0.0000000E+00
  0.0000000E+00
  0.2000937    
  0.2385015    
  0.2359279    
  0.1749436    
  0.1810212    
  1.0718785E-02
  3.4380868E-02
  0.0000000E+00
  0.0000000E+00
  0.1052476    
  0.1319206    
  0.1275086    
  8.1158012E-02
  8.5899346E-02
  0.1052361    
  0.0000000E+00
  0.0000000E+00
  0.1316192    
  0.1305622    
  8.5884862E-02
  8.2105406E-02
  0.0000000E+00
  2.0547243E-02
  9.5829621E-02
  0.0000000E+00
  0.0000000E+00
  0.0000000E+00
  0.0000000E+00
  0.0000000E+00
  0.0000000E+00
  2.0153752E-02
  0.1258478    
  0.1207546    
  0.0000000E+00
  0.0000000E+00
  0.2266219    
  0.1896967    
  0.1301906    
  0.0000000E+00
  0.0000000E+00
  0.0000000E+00
  0.0000000E+00
  0.1894299    
  0.1535919    
  0.2532655    
  0.2517083    
  0.1429431    
  0.1339922    
  0.1991894    
  0.1917034    
  0.1437048    
  5.8479544E-02
  0.0000000E+00
  0.2273875    
  0.2210163    
  0.1037297    
  0.1438508    
  3.7815332E-02
  2.3494955E-02
 
 month:          10 year:        2008
  0.0000000E+00
  0.0000000E+00
  0.0000000E+00
  0.0000000E+00
  0.0000000E+00
  0.0000000E+00
  0.0000000E+00
  0.0000000E+00
  0.0000000E+00
  0.0000000E+00
  0.0000000E+00
  0.0000000E+00
  0.0000000E+00
  0.0000000E+00
  0.0000000E+00
  0.0000000E+00
  0.0000000E+00
  0.0000000E+00
  0.0000000E+00
  4.6998644E-03
  0.0000000E+00
  0.0000000E+00
  0.0000000E+00
  0.0000000E+00
  0.0000000E+00
  0.0000000E+00
  0.0000000E+00
  0.0000000E+00
  0.0000000E+00
  0.0000000E+00
  0.0000000E+00
  0.0000000E+00
  2.4231139E-03
  0.0000000E+00
  0.0000000E+00
  0.0000000E+00
  0.0000000E+00
  0.0000000E+00
  0.0000000E+00
  0.0000000E+00
  0.0000000E+00
  0.0000000E+00
  0.0000000E+00
  0.0000000E+00
  0.0000000E+00
  0.0000000E+00
  0.0000000E+00
  0.0000000E+00
  0.0000000E+00
  0.0000000E+00
  0.0000000E+00
  0.0000000E+00
  0.0000000E+00
  0.0000000E+00
  1.9388415E-03
  0.0000000E+00
  0.0000000E+00
  0.0000000E+00
  0.0000000E+00
  0.0000000E+00
  0.0000000E+00
  0.0000000E+00
  0.0000000E+00
  0.0000000E+00
  0.0000000E+00
  3.6008158E-03
  3.9240643E-03
  0.0000000E+00
  0.0000000E+00
  1.9392291E-03
  0.0000000E+00
  0.0000000E+00
  2.3675743E-03
  0.0000000E+00
  0.0000000E+00
  0.0000000E+00
  0.0000000E+00
  7.1064947E-04
  7.1493851E-04
  0.0000000E+00
  0.0000000E+00
  0.0000000E+00
  0.0000000E+00
  0.0000000E+00
  0.0000000E+00
  0.0000000E+00
  0.0000000E+00
  6.7934790E-04
  1.4901964E-03
  0.0000000E+00
  0.0000000E+00
  3.1473699E-03
  2.4773555E-03
  2.0698770E-03
  4.0209726E-03
  4.3929522E-03
  4.3616099E-03
  0.0000000E+00
  0.0000000E+00
  2.2061111E-03
  0.0000000E+00
  0.0000000E+00
  1.9173460E-03
  1.8435733E-03
  2.6870612E-03
  2.5970112E-03
  0.0000000E+00
  0.0000000E+00
  0.0000000E+00
  0.0000000E+00
  3.7622715E-03
  3.4863218E-03
  3.4593451E-03
  4.1742423E-03
  4.1448623E-03
  0.0000000E+00
  2.2065511E-03
  1.9170931E-03
  1.9005910E-03
  2.6813261E-03
  2.6606852E-03
  0.0000000E+00
  0.0000000E+00
  0.0000000E+00
  4.3120328E-03
  9.1593415E-03
  8.5040797E-03
  3.9722170E-03
  3.8367542E-03
  0.0000000E+00
  0.0000000E+00
  3.5885025E-03
  3.2384375E-03
  3.1030539E-03
  0.0000000E+00
  0.0000000E+00
  4.0475866E-03
  3.9307419E-03
  0.0000000E+00
  0.0000000E+00
  3.5548878E-03
  5.4038707E-03
  5.2728392E-03
  3.1080677E-03
  3.2160429E-03
  1.9043109E-04
  6.1081408E-04
  0.0000000E+00
  0.0000000E+00
  1.8698405E-03
  2.3437147E-03
  2.2653311E-03
  1.4418622E-03
  1.5260966E-03
  1.8696353E-03
  0.0000000E+00
  0.0000000E+00
  2.3383603E-03
  2.3195830E-03
  1.5258405E-03
  1.4586931E-03
  0.0000000E+00
  3.6504443E-04
  1.7025196E-03
  0.0000000E+00
  0.0000000E+00
  0.0000000E+00
  0.0000000E+00
  0.0000000E+00
  0.0000000E+00
  3.5805366E-04
  2.2358261E-03
  2.1453402E-03
  0.0000000E+00
  0.0000000E+00
  8.5798852E-02
  3.3701719E-03
  2.3129792E-03
  0.0000000E+00
  0.0000000E+00
  0.0000000E+00
  0.0000000E+00
  3.3654342E-03
  2.7287311E-03
  0.1344032    
  0.1324226    
  2.5395427E-03
  2.3805192E-03
  3.5388223E-03
  3.4058231E-03
  2.5530753E-03
  1.0389540E-03
  0.0000000E+00
  4.0397909E-03
  3.9265999E-03
  1.8428736E-03
  2.5556691E-03
  6.7183137E-04
  4.1741389E-04
 
 month:          11 year:        2008
  0.0000000E+00
  0.0000000E+00
  0.0000000E+00
  0.0000000E+00
  0.0000000E+00
  0.0000000E+00
  0.0000000E+00
  0.0000000E+00
  0.0000000E+00
  0.0000000E+00
  0.0000000E+00
  0.0000000E+00
  0.0000000E+00
  0.0000000E+00
  0.0000000E+00
  0.0000000E+00
  0.0000000E+00
  0.0000000E+00
  0.0000000E+00
  7.7666191E-05
  0.0000000E+00
  0.0000000E+00
  0.0000000E+00
  0.0000000E+00
  0.0000000E+00
  0.0000000E+00
  0.0000000E+00
  0.0000000E+00
  0.0000000E+00
  0.0000000E+00
  0.0000000E+00
  0.0000000E+00
  4.0042451E-05
  0.0000000E+00
  0.0000000E+00
  0.0000000E+00
  0.0000000E+00
  0.0000000E+00
  0.0000000E+00
  0.0000000E+00
  0.0000000E+00
  0.0000000E+00
  0.0000000E+00
  0.0000000E+00
  0.0000000E+00
  0.0000000E+00
  0.0000000E+00
  0.0000000E+00
  0.0000000E+00
  0.0000000E+00
  0.0000000E+00
  0.0000000E+00
  0.0000000E+00
  0.0000000E+00
  3.2039748E-05
  0.0000000E+00
  0.0000000E+00
  0.0000000E+00
  0.0000000E+00
  0.0000000E+00
  0.0000000E+00
  0.0000000E+00
  0.0000000E+00
  0.0000000E+00
  0.0000000E+00
  5.9504193E-05
  6.4845961E-05
  0.0000000E+00
  0.0000000E+00
  3.2046144E-05
  0.0000000E+00
  0.0000000E+00
  3.9124643E-05
  0.0000000E+00
  0.0000000E+00
  0.0000000E+00
  0.0000000E+00
  1.1712376E-05
  1.1783064E-05
  0.0000000E+00
  0.0000000E+00
  0.0000000E+00
  0.0000000E+00
  0.0000000E+00
  0.0000000E+00
  0.0000000E+00
  0.0000000E+00
  1.1196490E-05
  2.4625802E-05
  0.0000000E+00
  0.0000000E+00
  5.2010902E-05
  4.0938805E-05
  3.4205143E-05
  6.6447392E-05
  7.2594426E-05
  7.2076495E-05
  0.0000000E+00
  0.0000000E+00
  3.6456418E-05
  0.0000000E+00
  0.0000000E+00
  3.1684536E-05
  3.0465410E-05
  4.4404227E-05
  4.2916115E-05
  0.0000000E+00
  0.0000000E+00
  0.0000000E+00
  0.0000000E+00
  6.2172279E-05
  5.7612138E-05
  5.7166380E-05
  6.8980204E-05
  6.8494664E-05
  0.0000000E+00
  3.6463702E-05
  3.1680353E-05
  3.1407653E-05
  4.4309458E-05
  4.3968350E-05
  0.0000000E+00
  0.0000000E+00
  0.0000000E+00
  7.1257207E-05
  1.5135997E-04
  1.4053163E-04
  6.5641660E-05
  6.3403131E-05
  0.0000000E+00
  0.0000000E+00
  5.9300713E-05
  5.3515829E-05
  5.1278592E-05
  0.0000000E+00
  0.0000000E+00
  6.6887143E-05
  6.4956301E-05
  0.0000000E+00
  0.0000000E+00
  5.8745249E-05
  8.9300047E-05
  8.7134737E-05
  5.1361443E-05
  5.3145770E-05
  2.9511168E-06
  1.0036276E-05
  0.0000000E+00
  0.0000000E+00
  3.0899486E-05
  3.8730344E-05
  3.7435046E-05
  2.3827064E-05
  2.5219048E-05
  3.0896084E-05
  0.0000000E+00
  0.0000000E+00
  3.8641865E-05
  3.8331582E-05
  2.5214818E-05
  2.4105186E-05
  0.0000000E+00
  5.8944961E-06
  2.8134466E-05
  0.0000000E+00
  0.0000000E+00
  0.0000000E+00
  0.0000000E+00
  0.0000000E+00
  0.0000000E+00
  5.7816173E-06
  3.6947462E-05
  3.5452162E-05
  0.0000000E+00
  0.0000000E+00
  9.6593406E-03
  5.5692733E-05
  3.8222443E-05
  0.0000000E+00
  0.0000000E+00
  0.0000000E+00
  0.0000000E+00
  5.5614466E-05
  4.5092831E-05
  1.5327605E-02
  1.5093811E-02
  4.1966472E-05
  3.9338556E-05
  5.8479731E-05
  5.6281897E-05
  4.2190066E-05
  1.7168919E-05
  0.0000000E+00
  6.6758344E-05
  6.4887849E-05
  3.0453846E-05
  4.2232954E-05
  1.1072601E-05
  6.7758783E-06
 
 month:          12 year:        2008
  0.0000000E+00
  0.0000000E+00
  0.0000000E+00
  0.0000000E+00
  0.0000000E+00
  0.0000000E+00
  0.0000000E+00
  0.0000000E+00
  0.0000000E+00
  0.0000000E+00
  0.0000000E+00
  0.0000000E+00
  0.0000000E+00
  0.0000000E+00
  0.0000000E+00
  0.0000000E+00
  0.0000000E+00
  0.0000000E+00
  0.0000000E+00
  1.1545245E-06
  0.0000000E+00
  0.0000000E+00
  0.0000000E+00
  0.0000000E+00
  0.0000000E+00
  0.0000000E+00
  0.0000000E+00
  0.0000000E+00
  0.0000000E+00
  0.0000000E+00
  0.0000000E+00
  0.0000000E+00
  4.7416856E-07
  0.0000000E+00
  0.0000000E+00
  0.0000000E+00
  0.0000000E+00
  0.0000000E+00
  0.0000000E+00
  0.0000000E+00
  0.0000000E+00
  0.0000000E+00
  0.0000000E+00
  0.0000000E+00
  0.0000000E+00
  0.0000000E+00
  0.0000000E+00
  0.0000000E+00
  0.0000000E+00
  0.0000000E+00
  0.0000000E+00
  0.0000000E+00
  0.0000000E+00
  0.0000000E+00
  3.5100686E-07
  0.0000000E+00
  0.0000000E+00
  0.0000000E+00
  0.0000000E+00
  0.0000000E+00
  0.0000000E+00
  0.0000000E+00
  0.0000000E+00
  0.0000000E+00
  0.0000000E+00
  8.2652758E-07
  9.3444203E-07
  0.0000000E+00
  0.0000000E+00
  3.5107706E-07
  0.0000000E+00
  0.0000000E+00
  4.6330024E-07
  0.0000000E+00
  0.0000000E+00
  0.0000000E+00
  0.0000000E+00
  0.0000000E+00
  0.0000000E+00
  0.0000000E+00
  0.0000000E+00
  0.0000000E+00
  0.0000000E+00
  0.0000000E+00
  0.0000000E+00
  0.0000000E+00
  0.0000000E+00
  0.0000000E+00
  2.1635019E-07
  0.0000000E+00
  0.0000000E+00
  6.9154441E-07
  4.8478290E-07
  3.7472969E-07
  9.5751864E-07
  1.0791321E-06
  1.0714326E-06
  0.0000000E+00
  0.0000000E+00
  4.3170408E-07
  0.0000000E+00
  0.0000000E+00
  3.1502842E-07
  3.0290698E-07
  5.6026170E-07
  5.4148575E-07
  0.0000000E+00
  0.0000000E+00
  0.0000000E+00
  0.0000000E+00
  8.9591344E-07
  8.0024631E-07
  7.9405476E-07
  9.9401700E-07
  9.8702037E-07
  0.0000000E+00
  4.3179028E-07
  3.1498669E-07
  3.1227552E-07
  5.5906611E-07
  5.5476221E-07
  0.0000000E+00
  0.0000000E+00
  0.0000000E+00
  1.0592535E-06
  2.4849626E-06
  2.3071871E-06
  9.4590803E-07
  9.1365030E-07
  0.0000000E+00
  0.0000000E+00
  8.2370116E-07
  7.1155375E-07
  6.8180731E-07
  0.0000000E+00
  0.0000000E+00
  9.6385600E-07
  9.3603182E-07
  0.0000000E+00
  0.0000000E+00
  8.1598523E-07
  1.3630269E-06
  1.3299772E-06
  6.8290888E-07
  7.0663373E-07
  0.0000000E+00
  0.0000000E+00
  0.0000000E+00
  0.0000000E+00
  3.0722285E-07
  4.5863118E-07
  4.4329258E-07
  1.7782895E-07
  2.2156219E-07
  3.0718917E-07
  0.0000000E+00
  0.0000000E+00
  4.5758344E-07
  4.5390905E-07
  2.2152503E-07
  1.7990473E-07
  0.0000000E+00
  0.0000000E+00
  2.7973135E-07
  0.0000000E+00
  0.0000000E+00
  0.0000000E+00
  0.0000000E+00
  0.0000000E+00
  0.0000000E+00
  0.0000000E+00
  4.3751882E-07
  3.8839119E-07
  0.0000000E+00
  0.0000000E+00
  1.7160884E-04
  7.7358567E-07
  4.5261669E-07
  0.0000000E+00
  0.0000000E+00
  0.0000000E+00
  0.0000000E+00
  7.7249803E-07
  5.6894993E-07
  2.7231188E-04
  2.6815833E-04
  5.2950406E-07
  4.6583341E-07
  8.1229774E-07
  7.8176890E-07
  5.3232515E-07
  7.2560773E-08
  0.0000000E+00
  9.6199960E-07
  9.3504514E-07
  3.0279202E-07
  5.3286584E-07
  0.0000000E+00
  0.0000000E+00
 
 month:           1 year:        2009
  0.0000000E+00
  0.0000000E+00
  0.0000000E+00
  0.0000000E+00
  0.0000000E+00
  0.0000000E+00
  0.0000000E+00
  0.0000000E+00
  0.0000000E+00
  0.0000000E+00
  0.0000000E+00
  0.0000000E+00
  0.0000000E+00
  0.0000000E+00
  0.0000000E+00
  0.0000000E+00
  0.0000000E+00
  0.0000000E+00
  0.0000000E+00
  0.0000000E+00
  0.0000000E+00
  0.0000000E+00
  0.0000000E+00
  0.0000000E+00
  0.0000000E+00
  0.0000000E+00
  0.0000000E+00
  0.0000000E+00
  0.0000000E+00
  0.0000000E+00
  0.0000000E+00
  0.0000000E+00
  0.0000000E+00
  0.0000000E+00
  0.0000000E+00
  0.0000000E+00
  0.0000000E+00
  0.0000000E+00
  0.0000000E+00
  0.0000000E+00
  0.0000000E+00
  0.0000000E+00
  0.0000000E+00
  0.0000000E+00
  0.0000000E+00
  0.0000000E+00
  0.0000000E+00
  0.0000000E+00
  0.0000000E+00
  0.0000000E+00
  0.0000000E+00
  0.0000000E+00
  0.0000000E+00
  0.0000000E+00
  0.0000000E+00
  0.0000000E+00
  0.0000000E+00
  0.0000000E+00
  0.0000000E+00
  0.0000000E+00
  0.0000000E+00
  0.0000000E+00
  0.0000000E+00
  0.0000000E+00
  0.0000000E+00
  0.0000000E+00
  0.0000000E+00
  0.0000000E+00
  0.0000000E+00
  0.0000000E+00
  0.0000000E+00
  0.0000000E+00
  0.0000000E+00
  0.0000000E+00
  0.0000000E+00
  0.0000000E+00
  0.0000000E+00
  0.0000000E+00
  0.0000000E+00
  0.0000000E+00
  0.0000000E+00
  0.0000000E+00
  0.0000000E+00
  0.0000000E+00
  0.0000000E+00
  0.0000000E+00
  0.0000000E+00
  0.0000000E+00
  0.0000000E+00
  0.0000000E+00
  0.0000000E+00
  0.0000000E+00
  0.0000000E+00
  0.0000000E+00
  0.0000000E+00
  0.0000000E+00
  0.0000000E+00
  0.0000000E+00
  0.0000000E+00
  0.0000000E+00
  0.0000000E+00
  0.0000000E+00
  0.0000000E+00
  0.0000000E+00
  0.0000000E+00
  0.0000000E+00
  0.0000000E+00
  0.0000000E+00
  0.0000000E+00
  0.0000000E+00
  0.0000000E+00
  0.0000000E+00
  0.0000000E+00
  0.0000000E+00
  0.0000000E+00
  0.0000000E+00
  0.0000000E+00
  0.0000000E+00
  0.0000000E+00
  0.0000000E+00
  0.0000000E+00
  0.0000000E+00
  0.0000000E+00
  0.0000000E+00
  0.0000000E+00
  0.0000000E+00
  0.0000000E+00
  0.0000000E+00
  0.0000000E+00
  0.0000000E+00
  0.0000000E+00
  0.0000000E+00
  0.0000000E+00
  0.0000000E+00
  0.0000000E+00
  0.0000000E+00
  0.0000000E+00
  0.0000000E+00
  0.0000000E+00
  0.0000000E+00
  0.0000000E+00
  0.0000000E+00
  0.0000000E+00
  0.0000000E+00
  0.0000000E+00
  0.0000000E+00
  0.0000000E+00
  0.0000000E+00
  0.0000000E+00
  0.0000000E+00
  0.0000000E+00
  0.0000000E+00
  0.0000000E+00
  0.0000000E+00
  0.0000000E+00
  0.0000000E+00
  0.0000000E+00
  0.0000000E+00
  0.0000000E+00
  0.0000000E+00
  0.0000000E+00
  0.0000000E+00
  0.0000000E+00
  0.0000000E+00
  0.0000000E+00
  0.0000000E+00
  0.0000000E+00
  0.0000000E+00
  0.0000000E+00
  0.0000000E+00
  0.0000000E+00
  0.0000000E+00
  0.0000000E+00
  0.0000000E+00
  0.0000000E+00
  2.5419836E-06
  0.0000000E+00
  0.0000000E+00
  0.0000000E+00
  0.0000000E+00
  0.0000000E+00
  0.0000000E+00
  0.0000000E+00
  0.0000000E+00
  4.2000106E-06
  4.1359481E-06
  0.0000000E+00
  0.0000000E+00
  0.0000000E+00
  0.0000000E+00
  0.0000000E+00
  0.0000000E+00
  0.0000000E+00
  0.0000000E+00
  0.0000000E+00
  0.0000000E+00
  0.0000000E+00
  0.0000000E+00
  0.0000000E+00
 
 month:           2 year:        2009
  0.0000000E+00
  0.0000000E+00
  0.0000000E+00
  0.0000000E+00
  0.0000000E+00
  0.0000000E+00
  0.0000000E+00
  0.0000000E+00
  0.0000000E+00
  0.0000000E+00
  0.0000000E+00
  0.0000000E+00
  0.0000000E+00
  0.0000000E+00
  0.0000000E+00
  0.0000000E+00
  0.0000000E+00
  0.0000000E+00
  0.0000000E+00
  0.0000000E+00
  0.0000000E+00
  0.0000000E+00
  0.0000000E+00
  0.0000000E+00
  0.0000000E+00
  0.0000000E+00
  0.0000000E+00
  0.0000000E+00
  0.0000000E+00
  0.0000000E+00
  0.0000000E+00
  0.0000000E+00
  0.0000000E+00
  0.0000000E+00
  0.0000000E+00
  0.0000000E+00
  0.0000000E+00
  0.0000000E+00
  0.0000000E+00
  0.0000000E+00
  0.0000000E+00
  0.0000000E+00
  0.0000000E+00
  0.0000000E+00
  0.0000000E+00
  0.0000000E+00
  0.0000000E+00
  0.0000000E+00
  0.0000000E+00
  0.0000000E+00
  0.0000000E+00
  0.0000000E+00
  0.0000000E+00
  0.0000000E+00
  0.0000000E+00
  0.0000000E+00
  0.0000000E+00
  0.0000000E+00
  0.0000000E+00
  0.0000000E+00
  0.0000000E+00
  0.0000000E+00
  0.0000000E+00
  0.0000000E+00
  0.0000000E+00
  0.0000000E+00
  0.0000000E+00
  0.0000000E+00
  0.0000000E+00
  0.0000000E+00
  0.0000000E+00
  0.0000000E+00
  0.0000000E+00
  0.0000000E+00
  0.0000000E+00
  0.0000000E+00
  0.0000000E+00
  0.0000000E+00
  0.0000000E+00
  0.0000000E+00
  0.0000000E+00
  0.0000000E+00
  0.0000000E+00
  0.0000000E+00
  0.0000000E+00
  0.0000000E+00
  0.0000000E+00
  0.0000000E+00
  0.0000000E+00
  0.0000000E+00
  0.0000000E+00
  0.0000000E+00
  0.0000000E+00
  0.0000000E+00
  0.0000000E+00
  0.0000000E+00
  0.0000000E+00
  0.0000000E+00
  0.0000000E+00
  0.0000000E+00
  0.0000000E+00
  0.0000000E+00
  0.0000000E+00
  0.0000000E+00
  0.0000000E+00
  0.0000000E+00
  0.0000000E+00
  0.0000000E+00
  0.0000000E+00
  0.0000000E+00
  0.0000000E+00
  0.0000000E+00
  0.0000000E+00
  0.0000000E+00
  0.0000000E+00
  0.0000000E+00
  0.0000000E+00
  0.0000000E+00
  0.0000000E+00
  0.0000000E+00
  0.0000000E+00
  0.0000000E+00
  0.0000000E+00
  0.0000000E+00
  0.0000000E+00
  0.0000000E+00
  0.0000000E+00
  0.0000000E+00
  0.0000000E+00
  0.0000000E+00
  0.0000000E+00
  0.0000000E+00
  0.0000000E+00
  0.0000000E+00
  0.0000000E+00
  0.0000000E+00
  0.0000000E+00
  0.0000000E+00
  0.0000000E+00
  0.0000000E+00
  0.0000000E+00
  0.0000000E+00
  0.0000000E+00
  0.0000000E+00
  0.0000000E+00
  0.0000000E+00
  0.0000000E+00
  0.0000000E+00
  0.0000000E+00
  0.0000000E+00
  0.0000000E+00
  0.0000000E+00
  0.0000000E+00
  0.0000000E+00
  0.0000000E+00
  0.0000000E+00
  0.0000000E+00
  0.0000000E+00
  0.0000000E+00
  0.0000000E+00
  0.0000000E+00
  0.0000000E+00
  0.0000000E+00
  0.0000000E+00
  0.0000000E+00
  0.0000000E+00
  0.0000000E+00
  0.0000000E+00
  0.0000000E+00
  0.0000000E+00
  0.0000000E+00
  0.0000000E+00
  0.0000000E+00
  0.0000000E+00
  0.0000000E+00
  0.0000000E+00
  0.0000000E+00
  0.0000000E+00
  0.0000000E+00
  0.0000000E+00
  0.0000000E+00
  0.0000000E+00
  0.0000000E+00
  0.0000000E+00
  0.0000000E+00
  0.0000000E+00
  0.0000000E+00
  0.0000000E+00
  0.0000000E+00
  0.0000000E+00
  0.0000000E+00
  0.0000000E+00
  0.0000000E+00
  0.0000000E+00
  0.0000000E+00
  0.0000000E+00
  0.0000000E+00
  0.0000000E+00
  0.0000000E+00
 
 month:           3 year:        2009
  0.0000000E+00
  0.0000000E+00
  0.0000000E+00
  0.0000000E+00
  0.0000000E+00
  0.0000000E+00
  0.0000000E+00
  0.0000000E+00
  0.0000000E+00
  0.0000000E+00
  0.0000000E+00
  0.0000000E+00
  0.0000000E+00
  0.0000000E+00
  0.0000000E+00
  0.0000000E+00
  0.0000000E+00
  0.0000000E+00
  0.0000000E+00
  0.6753386    
  0.0000000E+00
  0.0000000E+00
  0.0000000E+00
  0.0000000E+00
  0.0000000E+00
  0.0000000E+00
  0.0000000E+00
  0.0000000E+00
  0.0000000E+00
  0.0000000E+00
  0.0000000E+00
  0.0000000E+00
  0.3314971    
  0.0000000E+00
  0.0000000E+00
  0.0000000E+00
  0.0000000E+00
  0.0000000E+00
  0.0000000E+00
  0.0000000E+00
  0.0000000E+00
  0.0000000E+00
  0.0000000E+00
  0.0000000E+00
  0.0000000E+00
  0.0000000E+00
  0.0000000E+00
  0.0000000E+00
  0.0000000E+00
  0.0000000E+00
  0.0000000E+00
  0.0000000E+00
  0.0000000E+00
  0.0000000E+00
  0.4321971    
  0.0000000E+00
  0.0000000E+00
  0.0000000E+00
  0.0000000E+00
  0.0000000E+00
  0.0000000E+00
  0.0000000E+00
  0.0000000E+00
  0.0000000E+00
  0.0000000E+00
  0.8238875    
  0.8945166    
  0.0000000E+00
  0.0000000E+00
  0.4322827    
  0.0000000E+00
  0.0000000E+00
  0.5139406    
  0.0000000E+00
  0.0000000E+00
  0.0000000E+00
  0.0000000E+00
  0.1557625    
  0.1565838    
  0.0000000E+00
  0.0000000E+00
  0.0000000E+00
  0.0000000E+00
  0.0000000E+00
  0.0000000E+00
  0.0000000E+00
  0.0000000E+00
  0.1468364    
  0.2558809    
  0.0000000E+00
  0.0000000E+00
  0.6450391    
  0.5020958    
  0.4147341    
  0.9974202    
   1.084839    
   1.078154    
  0.0000000E+00
  0.0000000E+00
  0.4127360    
  0.0000000E+00
  0.0000000E+00
  0.3650277    
  0.3492056    
  0.4738474    
  0.4604776    
  0.0000000E+00
  0.0000000E+00
  0.0000000E+00
  0.0000000E+00
  0.7780698    
  0.7351187    
  0.7293360    
  0.8345244    
  0.8293728    
  0.0000000E+00
  0.4128217    
  0.3649657    
  0.3613311    
  0.4730036    
  0.4699126    
  0.0000000E+00
  0.0000000E+00
  0.0000000E+00
  0.9176694    
  0.9637350    
  0.9339082    
  0.9873195    
  0.9559040    
  5.6786076E-03
  6.3854093E-03
   1.053037    
   1.057288    
   1.020208    
  0.0000000E+00
  0.0000000E+00
   1.103892    
   1.077374    
  0.0000000E+00
  0.0000000E+00
  0.7701358    
  0.8068566    
  0.8015171    
  0.7996159    
  0.8266119    
  8.5194521E-02
  0.1519214    
  0.0000000E+00
  0.0000000E+00
  0.3749421    
  0.4275390    
  0.4148036    
  0.3925939    
  0.4129869    
  0.3749068    
  0.0000000E+00
  0.0000000E+00
  0.4266850    
  0.4235513    
  0.4129202    
  0.3966098    
  3.6587818E-03
  7.8699186E-02
  0.3455688    
  0.0000000E+00
  0.0000000E+00
  0.0000000E+00
  0.0000000E+00
  0.0000000E+00
  1.0548891E-02
  7.7921264E-02
  0.4497854    
  0.4330183    
  0.0000000E+00
  0.0000000E+00
  0.8628145    
  0.6179231    
  0.4006484    
  0.0000000E+00
  0.0000000E+00
  0.0000000E+00
  0.0000000E+00
  0.6169168    
  0.4823771    
  0.9528528    
  0.9473228    
  0.3461012    
  0.3209571    
  0.9354439    
  0.9035591    
  0.5868878    
  0.2600155    
  0.0000000E+00
   1.057312    
   1.028493    
  0.4324840    
  0.5874184    
  0.1942176    
  0.1674619    
 
 month:           4 year:        2009
  0.0000000E+00
  0.0000000E+00
  0.0000000E+00
  0.0000000E+00
  0.0000000E+00
  0.0000000E+00
  0.0000000E+00
  0.0000000E+00
  0.0000000E+00
  0.0000000E+00
  0.0000000E+00
  0.0000000E+00
  0.0000000E+00
  0.0000000E+00
  0.0000000E+00
  0.0000000E+00
  0.0000000E+00
  0.0000000E+00
  0.0000000E+00
  0.2012732    
  0.0000000E+00
  0.0000000E+00
  0.0000000E+00
  0.0000000E+00
  0.0000000E+00
  0.0000000E+00
  0.0000000E+00
  0.0000000E+00
  0.0000000E+00
  0.0000000E+00
  0.0000000E+00
  0.0000000E+00
  2.5491226E-02
  0.0000000E+00
  0.0000000E+00
  0.0000000E+00
  0.0000000E+00
  0.0000000E+00
  0.0000000E+00
  0.0000000E+00
  0.0000000E+00
  0.0000000E+00
  0.0000000E+00
  0.0000000E+00
  0.0000000E+00
  0.0000000E+00
  0.0000000E+00
  0.0000000E+00
  0.0000000E+00
  0.0000000E+00
  0.0000000E+00
  0.0000000E+00
  0.0000000E+00
  0.0000000E+00
  3.2150082E-02
  0.0000000E+00
  0.0000000E+00
  0.0000000E+00
  0.0000000E+00
  0.0000000E+00
  0.0000000E+00
  0.0000000E+00
  0.0000000E+00
  0.0000000E+00
  0.0000000E+00
  0.1237143    
  0.2233349    
  0.0000000E+00
  0.0000000E+00
  3.2156240E-02
  0.0000000E+00
  0.0000000E+00
  3.7543453E-02
  0.0000000E+00
  0.0000000E+00
  0.0000000E+00
  0.0000000E+00
  1.2671461E-02
  1.2735457E-02
  0.0000000E+00
  0.0000000E+00
  0.0000000E+00
  0.0000000E+00
  0.0000000E+00
  0.0000000E+00
  0.0000000E+00
  0.0000000E+00
  1.2003931E-02
  2.1420300E-02
  0.0000000E+00
  0.0000000E+00
  0.1445424    
  8.4777460E-02
  4.7956321E-02
  0.2682992    
  0.3339347    
  0.3309772    
  0.0000000E+00
  0.0000000E+00
  3.0568564E-02
  0.0000000E+00
  0.0000000E+00
  2.7434394E-02
  2.6300123E-02
  3.4604091E-02
  3.3631049E-02
  0.0000000E+00
  0.0000000E+00
  0.0000000E+00
  0.0000000E+00
  0.1338505    
  8.1364371E-02
  7.9547152E-02
  0.2104536    
  0.2079570    
  0.0000000E+00
  3.0574683E-02
  2.7429882E-02
  2.7165268E-02
  3.4542624E-02
  3.4317665E-02
  0.0000000E+00
  0.0000000E+00
  0.0000000E+00
  0.3602273    
  0.4239843    
  0.4088494    
  0.3043968    
  0.2914199    
  6.8258098E-04
  7.6251978E-04
  0.3938926    
  0.3268965    
  0.3109673    
  0.0000000E+00
  0.0000000E+00
  0.4649753    
  0.4514615    
  0.0000000E+00
  0.0000000E+00
  0.2370180    
  0.3073802    
  0.3044473    
  0.1714253    
  0.1815925    
  7.0437589E-03
  1.2172200E-02
  0.0000000E+00
  0.0000000E+00
  2.7455181E-02
  7.7541158E-02
  6.9891341E-02
  2.8518932E-02
  2.9956635E-02
  2.7452642E-02
  0.0000000E+00
  0.0000000E+00
  7.7030085E-02
  7.5155213E-02
  2.9951848E-02
  2.8797662E-02
  3.2008282E-04
  6.6614579E-03
  2.5245192E-02
  0.0000000E+00
  0.0000000E+00
  0.0000000E+00
  0.0000000E+00
  0.0000000E+00
  9.2285342E-04
  6.6015301E-03
  3.2115329E-02
  3.0923879E-02
  0.0000000E+00
  0.0000000E+00
  5.9601799E-02
  4.3414555E-02
  2.8560657E-02
  0.0000000E+00
  0.0000000E+00
  0.0000000E+00
  0.0000000E+00
  4.3345787E-02
  3.4149837E-02
  6.5567143E-02
  6.5176934E-02
  2.5560383E-02
  2.3831673E-02
  6.4420678E-02
  6.2215127E-02
  4.1401673E-02
  1.9078368E-02
  0.0000000E+00
  7.2487161E-02
  7.0463143E-02
  3.0864324E-02
  4.1437875E-02
  1.5462340E-02
  1.3414669E-02
 
 month:           5 year:        2009
  0.0000000E+00
  0.0000000E+00
  0.0000000E+00
  0.0000000E+00
  0.0000000E+00
  0.0000000E+00
  0.0000000E+00
  0.0000000E+00
  0.0000000E+00
  0.0000000E+00
  0.0000000E+00
  0.0000000E+00
  0.0000000E+00
  0.0000000E+00
  0.0000000E+00
  0.0000000E+00
  0.0000000E+00
  0.0000000E+00
  0.0000000E+00
  0.1403790    
  0.0000000E+00
  0.0000000E+00
  0.0000000E+00
  0.0000000E+00
  0.0000000E+00
  0.0000000E+00
  0.0000000E+00
  0.0000000E+00
  0.0000000E+00
  0.0000000E+00
  0.0000000E+00
  0.0000000E+00
  4.5287999E-04
  0.0000000E+00
  0.0000000E+00
  0.0000000E+00
  0.0000000E+00
  0.0000000E+00
  0.0000000E+00
  0.0000000E+00
  0.0000000E+00
  0.0000000E+00
  0.0000000E+00
  0.0000000E+00
  0.0000000E+00
  0.0000000E+00
  0.0000000E+00
  0.0000000E+00
  0.0000000E+00
  0.0000000E+00
  0.0000000E+00
  0.0000000E+00
  0.0000000E+00
  0.0000000E+00
  5.7118188E-04
  0.0000000E+00
  0.0000000E+00
  0.0000000E+00
  0.0000000E+00
  0.0000000E+00
  0.0000000E+00
  0.0000000E+00
  0.0000000E+00
  0.0000000E+00
  0.0000000E+00
  1.2374493E-02
  7.7387482E-02
  0.0000000E+00
  0.0000000E+00
  5.7129120E-04
  0.0000000E+00
  0.0000000E+00
  6.6700130E-04
  0.0000000E+00
  0.0000000E+00
  0.0000000E+00
  0.0000000E+00
  2.2512254E-04
  2.2625951E-04
  0.0000000E+00
  0.0000000E+00
  0.0000000E+00
  0.0000000E+00
  0.0000000E+00
  0.0000000E+00
  0.0000000E+00
  0.0000000E+00
  2.1326321E-04
  5.4434582E-04
  0.0000000E+00
  0.0000000E+00
  8.7806933E-02
  2.3134166E-02
  3.5545880E-03
  0.2622458    
  0.3484506    
  0.3452744    
  0.0000000E+00
  0.0000000E+00
  5.4308446E-04
  0.0000000E+00
  0.0000000E+00
  4.8740255E-04
  4.6725085E-04
  1.2915242E-02
  8.3976453E-03
  0.0000000E+00
  0.0000000E+00
  0.0000000E+00
  0.0000000E+00
  7.0037983E-02
  3.3940382E-02
  3.2745190E-02
  0.1454972    
  0.1431495    
  0.0000000E+00
  5.4319325E-04
  4.8732228E-04
  4.8262102E-04
  1.2630440E-02
  1.1590702E-02
  0.0000000E+00
  0.0000000E+00
  0.0000000E+00
  5.2780159E-02
  0.1116010    
  0.1019425    
  4.2340077E-02
  4.0423222E-02
  1.2066436E-05
  1.3515531E-05
  5.7232976E-02
  4.5518365E-02
  4.3151155E-02
  0.0000000E+00
  0.0000000E+00
  0.1059313    
  9.6909240E-02
  0.0000000E+00
  0.0000000E+00
  3.2861266E-02
  4.4055931E-02
  4.3665875E-02
  2.1151001E-02
  2.2627121E-02
  1.2514016E-04
  2.1625267E-04
  0.0000000E+00
  0.0000000E+00
  4.8777185E-04
  8.6683230E-03
  7.4796514E-03
  5.0667039E-04
  5.3221290E-04
  4.8772653E-04
  0.0000000E+00
  0.0000000E+00
  8.5889511E-03
  8.2977703E-03
  5.3212780E-04
  5.1162246E-04
  5.5436908E-06
  1.1834817E-04
  4.4850883E-04
  0.0000000E+00
  0.0000000E+00
  0.0000000E+00
  0.0000000E+00
  0.0000000E+00
  1.6395506E-05
  1.1728347E-04
  5.7056453E-04
  5.4939697E-04
  0.0000000E+00
  0.0000000E+00
  9.2193961E-02
  7.7130774E-04
  5.0741178E-04
  0.0000000E+00
  0.0000000E+00
  0.0000000E+00
  0.0000000E+00
  7.7008590E-04
  6.0670992E-04
  0.2080549    
  0.2056319    
  4.5410864E-04
  4.2339609E-04
  9.8517448E-02
  8.9827783E-02
  7.3554658E-04
  3.3894848E-04
  0.0000000E+00
  0.2159255    
  0.2035844    
  5.4833893E-04
  7.3618983E-04
  2.7470561E-04
  2.3832647E-04
 
 month:           6 year:        2009
  0.0000000E+00
  0.0000000E+00
  0.0000000E+00
  0.0000000E+00
  0.0000000E+00
  0.0000000E+00
  0.0000000E+00
  0.0000000E+00
  0.0000000E+00
  0.0000000E+00
  0.0000000E+00
  0.0000000E+00
  0.0000000E+00
  0.0000000E+00
  0.0000000E+00
  0.0000000E+00
  0.0000000E+00
  0.0000000E+00
  0.0000000E+00
  7.4548364E-02
  0.0000000E+00
  0.0000000E+00
  0.0000000E+00
  0.0000000E+00
  0.0000000E+00
  0.0000000E+00
  0.0000000E+00
  0.0000000E+00
  0.0000000E+00
  0.0000000E+00
  0.0000000E+00
  0.0000000E+00
  7.3855481E-06
  0.0000000E+00
  0.0000000E+00
  0.0000000E+00
  0.0000000E+00
  0.0000000E+00
  0.0000000E+00
  0.0000000E+00
  0.0000000E+00
  0.0000000E+00
  0.0000000E+00
  0.0000000E+00
  0.0000000E+00
  0.0000000E+00
  0.0000000E+00
  0.0000000E+00
  0.0000000E+00
  0.0000000E+00
  0.0000000E+00
  0.0000000E+00
  0.0000000E+00
  0.0000000E+00
  9.3522813E-06
  0.0000000E+00
  0.0000000E+00
  0.0000000E+00
  0.0000000E+00
  0.0000000E+00
  0.0000000E+00
  0.0000000E+00
  0.0000000E+00
  0.0000000E+00
  0.0000000E+00
  2.0449101E-04
  3.2294836E-02
  0.0000000E+00
  0.0000000E+00
  9.3540657E-06
  0.0000000E+00
  0.0000000E+00
  1.0992998E-05
  0.0000000E+00
  0.0000000E+00
  0.0000000E+00
  0.0000000E+00
  3.5262888E-06
  3.5440989E-06
  0.0000000E+00
  0.0000000E+00
  0.0000000E+00
  0.0000000E+00
  0.0000000E+00
  0.0000000E+00
  0.0000000E+00
  0.0000000E+00
  3.3405263E-06
  8.9128816E-06
  0.0000000E+00
  0.0000000E+00
  4.6267226E-02
  9.4279861E-03
  5.8740254E-05
  0.1494698    
  0.1942095    
  0.1926159    
  0.0000000E+00
  0.0000000E+00
  8.8922288E-06
  0.0000000E+00
  0.0000000E+00
  7.9485426E-06
  7.6199085E-06
  8.0969445E-03
  5.1379856E-03
  0.0000000E+00
  0.0000000E+00
  0.0000000E+00
  0.0000000E+00
  3.6632873E-02
  1.8476864E-02
  1.7852239E-02
  7.8066230E-02
  7.6764226E-02
  0.0000000E+00
  8.8940105E-06
  7.9472302E-06
  7.8705652E-06
  7.9104044E-03
  7.2294041E-03
  0.0000000E+00
  0.0000000E+00
  0.0000000E+00
  8.7220297E-04
  3.4330886E-02
  2.9243935E-02
  6.9967814E-04
  6.6800200E-04
  0.0000000E+00
  0.0000000E+00
  9.4578619E-04
  7.5219985E-04
  7.1308151E-04
  0.0000000E+00
  0.0000000E+00
  2.7504219E-02
  2.2730649E-02
  0.0000000E+00
  0.0000000E+00
  5.4303877E-04
  7.2803296E-04
  7.2158751E-04
  3.4952437E-04
  3.7391778E-04
  1.8570452E-06
  3.3873528E-06
  0.0000000E+00
  0.0000000E+00
  7.9545616E-06
  1.4324579E-04
  1.2360273E-04
  8.2627585E-06
  8.7142207E-06
  7.9538240E-06
  0.0000000E+00
  0.0000000E+00
  1.4193416E-04
  1.3712229E-04
  8.7128265E-06
  8.3770819E-06
  0.0000000E+00
  1.7562537E-06
  7.3142628E-06
  0.0000000E+00
  0.0000000E+00
  0.0000000E+00
  0.0000000E+00
  0.0000000E+00
  3.4451411E-08
  1.7404539E-06
  9.3421741E-06
  8.9955856E-06
  0.0000000E+00
  0.0000000E+00
  0.1487311    
  1.2746017E-05
  8.2748493E-06
  0.0000000E+00
  0.0000000E+00
  0.0000000E+00
  0.0000000E+00
  1.2725824E-05
  9.9688359E-06
  0.2203057    
  0.2185887    
  7.4055824E-06
  6.8729851E-06
  0.1438643    
  0.1297823    
  1.2122702E-05
  5.4399429E-06
  0.0000000E+00
  0.2097890    
  0.1976438    
  8.9782616E-06
  1.2133311E-05
  4.3781602E-06
  3.7679104E-06
 
 month:           7 year:        2009
  0.0000000E+00
  0.0000000E+00
  0.0000000E+00
  0.0000000E+00
  0.0000000E+00
  0.0000000E+00
  0.0000000E+00
  0.0000000E+00
  0.0000000E+00
  0.0000000E+00
  0.0000000E+00
  0.0000000E+00
  0.0000000E+00
  0.0000000E+00
  0.0000000E+00
  0.0000000E+00
  0.0000000E+00
  0.0000000E+00
  0.0000000E+00
  1.3244345E-03
  0.0000000E+00
  0.0000000E+00
  0.0000000E+00
  0.0000000E+00
  0.0000000E+00
  0.0000000E+00
  0.0000000E+00
  0.0000000E+00
  0.0000000E+00
  0.0000000E+00
  0.0000000E+00
  0.0000000E+00
  0.0000000E+00
  0.0000000E+00
  0.0000000E+00
  0.0000000E+00
  0.0000000E+00
  0.0000000E+00
  0.0000000E+00
  0.0000000E+00
  0.0000000E+00
  0.0000000E+00
  0.0000000E+00
  0.0000000E+00
  0.0000000E+00
  0.0000000E+00
  0.0000000E+00
  0.0000000E+00
  0.0000000E+00
  0.0000000E+00
  0.0000000E+00
  0.0000000E+00
  0.0000000E+00
  0.0000000E+00
  0.0000000E+00
  0.0000000E+00
  0.0000000E+00
  0.0000000E+00
  0.0000000E+00
  0.0000000E+00
  0.0000000E+00
  0.0000000E+00
  0.0000000E+00
  0.0000000E+00
  0.0000000E+00
  3.4356458E-06
  5.7375367E-04
  0.0000000E+00
  0.0000000E+00
  0.0000000E+00
  0.0000000E+00
  0.0000000E+00
  0.0000000E+00
  0.0000000E+00
  0.0000000E+00
  0.0000000E+00
  0.0000000E+00
  0.0000000E+00
  0.0000000E+00
  0.0000000E+00
  0.0000000E+00
  0.0000000E+00
  0.0000000E+00
  0.0000000E+00
  0.0000000E+00
  0.0000000E+00
  0.0000000E+00
  0.0000000E+00
  0.0000000E+00
  0.0000000E+00
  0.0000000E+00
  8.2198845E-04
  1.6749861E-04
  8.1591622E-07
  2.6554959E-03
  3.4503471E-03
  3.4220335E-03
  0.0000000E+00
  0.0000000E+00
  0.0000000E+00
  0.0000000E+00
  0.0000000E+00
  0.0000000E+00
  0.0000000E+00
  1.4385115E-04
  9.1282040E-05
  0.0000000E+00
  0.0000000E+00
  0.0000000E+00
  0.0000000E+00
  6.5082358E-04
  3.2826193E-04
  3.1716499E-04
  1.3869336E-03
  1.3638022E-03
  0.0000000E+00
  0.0000000E+00
  0.0000000E+00
  0.0000000E+00
  1.4053711E-04
  1.2843843E-04
  0.0000000E+00
  0.0000000E+00
  0.0000000E+00
  1.5495649E-05
  6.0992601E-04
  5.1955093E-04
  1.2401676E-05
  1.1808716E-05
  0.0000000E+00
  0.0000000E+00
  1.6802938E-05
  1.3332611E-05
  1.2639248E-05
  0.0000000E+00
  0.0000000E+00
  4.8864284E-04
  4.0383526E-04
  0.0000000E+00
  0.0000000E+00
  9.5703881E-06
  1.2904259E-05
  1.2790016E-05
  6.0536031E-06
  6.5104355E-06
  0.0000000E+00
  0.0000000E+00
  0.0000000E+00
  0.0000000E+00
  0.0000000E+00
  2.3517475E-06
  2.0003799E-06
  0.0000000E+00
  0.0000000E+00
  0.0000000E+00
  0.0000000E+00
  0.0000000E+00
  2.3302134E-06
  2.2191787E-06
  0.0000000E+00
  0.0000000E+00
  0.0000000E+00
  0.0000000E+00
  0.0000000E+00
  0.0000000E+00
  0.0000000E+00
  0.0000000E+00
  0.0000000E+00
  0.0000000E+00
  0.0000000E+00
  0.0000000E+00
  0.0000000E+00
  0.0000000E+00
  0.0000000E+00
  0.0000000E+00
  2.8721972E-03
  0.0000000E+00
  0.0000000E+00
  0.0000000E+00
  0.0000000E+00
  0.0000000E+00
  0.0000000E+00
  0.0000000E+00
  0.0000000E+00
  4.2508352E-03
  4.2176321E-03
  0.0000000E+00
  0.0000000E+00
  2.7625188E-03
  2.4906087E-03
  0.0000000E+00
  0.0000000E+00
  0.0000000E+00
  4.0236306E-03
  3.7866239E-03
  0.0000000E+00
  0.0000000E+00
  0.0000000E+00
  0.0000000E+00
 
 month:           8 year:        2009
  0.0000000E+00
  0.0000000E+00
  0.0000000E+00
  0.0000000E+00
  0.0000000E+00
  0.0000000E+00
  0.0000000E+00
  0.0000000E+00
  0.0000000E+00
  0.0000000E+00
  0.0000000E+00
  0.0000000E+00
  0.0000000E+00
  0.0000000E+00
  0.0000000E+00
  0.0000000E+00
  0.0000000E+00
  0.0000000E+00
  0.0000000E+00
  2.1229867E-05
  0.0000000E+00
  0.0000000E+00
  0.0000000E+00
  0.0000000E+00
  0.0000000E+00
  0.0000000E+00
  0.0000000E+00
  0.0000000E+00
  0.0000000E+00
  0.0000000E+00
  0.0000000E+00
  0.0000000E+00
  0.0000000E+00
  0.0000000E+00
  0.0000000E+00
  0.0000000E+00
  0.0000000E+00
  0.0000000E+00
  0.0000000E+00
  0.0000000E+00
  0.0000000E+00
  0.0000000E+00
  0.0000000E+00
  0.0000000E+00
  0.0000000E+00
  0.0000000E+00
  0.0000000E+00
  0.0000000E+00
  0.0000000E+00
  0.0000000E+00
  0.0000000E+00
  0.0000000E+00
  0.0000000E+00
  0.0000000E+00
  0.0000000E+00
  0.0000000E+00
  0.0000000E+00
  0.0000000E+00
  0.0000000E+00
  0.0000000E+00
  0.0000000E+00
  0.0000000E+00
  0.0000000E+00
  0.0000000E+00
  0.0000000E+00
  0.0000000E+00
  9.0913500E-06
  0.0000000E+00
  0.0000000E+00
  0.0000000E+00
  0.0000000E+00
  0.0000000E+00
  0.0000000E+00
  0.0000000E+00
  0.0000000E+00
  0.0000000E+00
  0.0000000E+00
  0.0000000E+00
  0.0000000E+00
  0.0000000E+00
  0.0000000E+00
  0.0000000E+00
  0.0000000E+00
  0.0000000E+00
  0.0000000E+00
  0.0000000E+00
  0.0000000E+00
  0.0000000E+00
  0.0000000E+00
  0.0000000E+00
  0.0000000E+00
  1.3145343E-05
  2.4811004E-06
  0.0000000E+00
  4.2565935E-05
  5.5306908E-05
  5.4853073E-05
  0.0000000E+00
  0.0000000E+00
  0.0000000E+00
  0.0000000E+00
  0.0000000E+00
  0.0000000E+00
  0.0000000E+00
  2.1004967E-06
  1.2570783E-06
  0.0000000E+00
  0.0000000E+00
  0.0000000E+00
  0.0000000E+00
  1.0348709E-05
  5.0984841E-06
  4.9261253E-06
  2.2231668E-05
  2.1860889E-05
  0.0000000E+00
  0.0000000E+00
  0.0000000E+00
  0.0000000E+00
  2.0521049E-06
  1.8445066E-06
  0.0000000E+00
  0.0000000E+00
  0.0000000E+00
  0.0000000E+00
  9.6983986E-06
  8.2324841E-06
  0.0000000E+00
  0.0000000E+00
  0.0000000E+00
  0.0000000E+00
  3.4168579E-08
  0.0000000E+00
  0.0000000E+00
  0.0000000E+00
  0.0000000E+00
  7.7117120E-06
  6.3439879E-06
  0.0000000E+00
  0.0000000E+00
  0.0000000E+00
  0.0000000E+00
  0.0000000E+00
  0.0000000E+00
  0.0000000E+00
  0.0000000E+00
  0.0000000E+00
  0.0000000E+00
  0.0000000E+00
  0.0000000E+00
  0.0000000E+00
  0.0000000E+00
  0.0000000E+00
  0.0000000E+00
  0.0000000E+00
  0.0000000E+00
  0.0000000E+00
  0.0000000E+00
  0.0000000E+00
  0.0000000E+00
  0.0000000E+00
  0.0000000E+00
  0.0000000E+00
  0.0000000E+00
  0.0000000E+00
  0.0000000E+00
  0.0000000E+00
  0.0000000E+00
  0.0000000E+00
  0.0000000E+00
  0.0000000E+00
  0.0000000E+00
  0.0000000E+00
  0.0000000E+00
  0.0000000E+00
  4.6039531E-05
  0.0000000E+00
  0.0000000E+00
  0.0000000E+00
  0.0000000E+00
  0.0000000E+00
  0.0000000E+00
  0.0000000E+00
  0.0000000E+00
  6.8138223E-05
  6.7606023E-05
  0.0000000E+00
  0.0000000E+00
  4.4281438E-05
  3.9922885E-05
  0.0000000E+00
  0.0000000E+00
  0.0000000E+00
  6.4496278E-05
  6.0697195E-05
  0.0000000E+00
  0.0000000E+00
  0.0000000E+00
  0.0000000E+00
 
 month:           9 year:        2009
  0.0000000E+00
  0.0000000E+00
  0.0000000E+00
  0.0000000E+00
  0.0000000E+00
  0.0000000E+00
  0.0000000E+00
  0.0000000E+00
  0.0000000E+00
  0.0000000E+00
  0.0000000E+00
  0.0000000E+00
  0.0000000E+00
  0.0000000E+00
  0.0000000E+00
  0.0000000E+00
  0.0000000E+00
  0.0000000E+00
  0.0000000E+00
   1.287994    
  0.0000000E+00
  0.0000000E+00
  0.0000000E+00
  0.0000000E+00
  0.0000000E+00
  0.0000000E+00
  0.0000000E+00
  0.0000000E+00
  0.0000000E+00
  0.0000000E+00
  0.0000000E+00
  0.0000000E+00
  0.7010362    
  0.0000000E+00
  0.0000000E+00
  0.0000000E+00
  0.0000000E+00
  0.0000000E+00
  0.0000000E+00
  0.0000000E+00
  0.0000000E+00
  0.0000000E+00
  0.0000000E+00
  0.0000000E+00
  0.0000000E+00
  0.0000000E+00
  0.0000000E+00
  0.0000000E+00
  0.0000000E+00
  0.0000000E+00
  0.0000000E+00
  0.0000000E+00
  0.0000000E+00
  0.0000000E+00
  0.8302099    
  0.0000000E+00
  0.0000000E+00
  0.0000000E+00
  0.0000000E+00
  0.0000000E+00
  0.0000000E+00
  0.0000000E+00
  0.0000000E+00
  0.3171528    
  0.3160877    
   1.505139    
   1.584415    
  0.0000000E+00
  0.0000000E+00
  0.8303480    
  0.0000000E+00
  0.0000000E+00
  0.9518103    
  0.0000000E+00
  0.0000000E+00
  0.0000000E+00
  0.0000000E+00
  0.3638729    
  0.3652542    
  0.0000000E+00
  0.0000000E+00
  0.0000000E+00
  0.0000000E+00
  0.0000000E+00
  0.0000000E+00
  0.0000000E+00
  0.0000000E+00
   1.341229    
   1.603877    
  0.0000000E+00
  0.0000000E+00
   1.865925    
   1.589492    
   1.416090    
   1.787517    
   1.809751    
   1.798166    
  0.2766257    
  0.3971811    
  0.9011051    
  0.0000000E+00
  0.0000000E+00
  0.8270654    
  0.8011638    
   1.023829    
  0.9961571    
  0.0000000E+00
  0.0000000E+00
  0.0000000E+00
  0.0000000E+00
   1.572419    
   1.502239    
   1.493567    
   1.737378    
   1.726821    
  0.5250296    
  0.9012486    
  0.8269682    
  0.8211924    
   1.022050    
   1.015725    
  0.0000000E+00
  0.0000000E+00
  0.0000000E+00
   1.648622    
   1.795029    
   1.742826    
   1.582969    
   1.531986    
  0.5437894    
  0.5450743    
   1.599736    
   1.542164    
   1.493333    
  0.5046455    
  0.5035143    
   1.722827    
   1.680875    
  0.2870747    
  0.2881930    
   1.390987    
   1.535417    
   1.525920    
   1.285260    
   1.325143    
  0.3985299    
  0.5102336    
  0.0000000E+00
  0.0000000E+00
  0.7351855    
  0.8584993    
  0.8308941    
  0.6473724    
  0.6749231    
  0.7351215    
  0.0000000E+00
  0.0000000E+00
  0.8566399    
  0.8499267    
  0.6748352    
  0.6528237    
  0.4613210    
  0.6156086    
  0.8412560    
  0.0000000E+00
  0.0000000E+00
  0.0000000E+00
  0.0000000E+00
  0.0000000E+00
  0.4750395    
  0.6138428    
  0.9532470    
  0.9215046    
  0.3231048    
  0.2908615    
   1.897014    
   1.817879    
   1.341797    
  0.0000000E+00
  0.0000000E+00
  0.0000000E+00
  0.0000000E+00
   1.815715    
   1.523096    
   1.939574    
   1.930495    
   1.457055    
   1.393813    
   2.162668    
   2.100171    
   1.936435    
   1.157549    
  0.0000000E+00
   2.234243    
   2.182258    
   1.571049    
   1.937546    
   1.463747    
   1.395436    
 
 month:          10 year:        2009
  0.0000000E+00
  0.0000000E+00
  0.3682787    
  3.1886809E-02
  3.1072292E-02
  0.0000000E+00
  0.0000000E+00
  0.0000000E+00
  0.0000000E+00
  0.0000000E+00
  0.0000000E+00
  0.0000000E+00
  0.0000000E+00
  0.0000000E+00
  0.0000000E+00
  0.0000000E+00
   2.073120    
   1.256624    
   1.260498    
   2.577789    
  0.0000000E+00
  0.0000000E+00
  0.4328357    
  0.4434181    
  0.0000000E+00
  0.0000000E+00
  0.3141792    
  0.0000000E+00
  3.1073185E-02
  3.1911198E-02
  0.0000000E+00
  0.0000000E+00
   1.382106    
  0.0000000E+00
  0.0000000E+00
  0.0000000E+00
  0.0000000E+00
  0.0000000E+00
  0.0000000E+00
  0.0000000E+00
  0.0000000E+00
  0.0000000E+00
  0.0000000E+00
  0.0000000E+00
  0.0000000E+00
  0.0000000E+00
  0.0000000E+00
  0.0000000E+00
  0.0000000E+00
  0.0000000E+00
  0.0000000E+00
  0.0000000E+00
  0.0000000E+00
  0.0000000E+00
   1.405287    
  0.6586871    
  0.6576453    
  0.0000000E+00
  0.0000000E+00
  0.0000000E+00
  0.0000000E+00
   1.100393    
   1.055292    
   1.854474    
   1.852797    
   2.482592    
   2.562379    
  0.6576993    
  0.6586612    
   1.405451    
  0.0000000E+00
  0.0000000E+00
   1.511038    
  0.4505555    
  0.4461931    
  0.0000000E+00
  0.0000000E+00
  0.7270004    
  0.7287555    
  0.0000000E+00
  0.0000000E+00
  0.1914759    
  0.2056762    
  0.0000000E+00
  0.0000000E+00
  0.0000000E+00
  0.0000000E+00
   2.527521    
   2.911711    
  0.1324911    
  0.1389603    
   3.345767    
   2.882131    
   2.594014    
   3.518888    
   3.719021    
   3.695852    
  0.9308646    
   1.104888    
   1.429408    
  0.0000000E+00
  0.0000000E+00
   1.320619    
   1.285155    
   1.539402    
   1.500957    
  0.7493876    
  0.7505132    
  0.0000000E+00
  0.0000000E+00
   2.578988    
   2.489651    
   2.476804    
   2.668068    
   2.652725    
   1.928430    
   1.429571    
   1.320509    
   1.313232    
   1.536821    
   1.528414    
  0.7494047    
  3.3031493E-02
  2.8372455E-02
   3.024429    
   3.118736    
   3.033052    
   2.951509    
   2.870405    
   2.250885    
   2.253143    
   4.239206    
   4.267904    
   4.176178    
   2.632028    
   2.629068    
   4.729346    
   4.618504    
   1.856167    
   1.857953    
   2.570255    
   2.666125    
   2.650920    
   2.423841    
   2.485731    
   1.040944    
   1.219851    
  0.6246315    
  0.6254892    
   1.386441    
   1.504293    
   1.466214    
   1.231304    
   1.274121    
   1.386337    
  0.6254689    
  0.6246511    
   1.501685    
   1.492781    
   1.273996    
   1.240021    
  0.7538413    
  0.9510054    
   1.135996    
  0.0000000E+00
  0.0000000E+00
  0.0000000E+00
  0.3681729    
  0.3689252    
  0.7718347    
  0.9489982    
   1.272572    
   1.231979    
  0.7347555    
  0.6955679    
   2.723648    
   2.589408    
   1.970781    
  0.0000000E+00
  0.0000000E+00
  0.0000000E+00
  0.0000000E+00
   2.586560    
   2.204393    
   2.831893    
   2.816934    
   2.267113    
   2.191815    
   3.384511    
   3.282066    
   2.932952    
   1.846694    
  0.0000000E+00
   3.739348    
   3.642407    
   2.424562    
   2.934613    
   2.354824    
   2.264166    
 
 month:          11 year:        2009
  0.0000000E+00
  0.0000000E+00
  0.1776547    
  3.1031346E-02
  3.0324643E-02
  0.0000000E+00
  0.0000000E+00
  0.0000000E+00
  0.0000000E+00
  0.0000000E+00
  0.0000000E+00
  0.0000000E+00
  0.0000000E+00
  0.0000000E+00
  0.0000000E+00
  0.0000000E+00
  0.4912609    
  0.3593619    
  0.3600464    
  0.9177733    
  0.0000000E+00
  0.0000000E+00
  0.5416030    
  0.5503334    
  0.0000000E+00
  0.0000000E+00
  0.3365544    
  0.0000000E+00
  3.0325389E-02
  3.1052537E-02
  0.0000000E+00
  0.0000000E+00
  0.4660849    
  0.0000000E+00
  0.0000000E+00
  0.0000000E+00
  0.0000000E+00
  0.0000000E+00
  0.0000000E+00
  0.0000000E+00
  0.0000000E+00
  0.0000000E+00
  0.0000000E+00
  0.0000000E+00
  0.0000000E+00
  0.0000000E+00
  0.0000000E+00
  0.0000000E+00
  0.0000000E+00
  0.0000000E+00
  0.0000000E+00
  0.0000000E+00
  0.0000000E+00
  0.0000000E+00
  0.5847053    
  0.3586065    
  0.3584187    
  0.0000000E+00
  0.0000000E+00
  0.0000000E+00
  0.0000000E+00
  0.5096567    
  0.4927588    
  0.8246690    
  0.8240537    
   1.161750    
   1.252618    
  0.3584214    
  0.3586030    
  0.5847691    
  0.0000000E+00
  0.0000000E+00
  0.6710498    
  0.2055671    
  0.2047505    
  0.0000000E+00
  0.0000000E+00
  0.2730238    
  0.2737162    
  0.0000000E+00
  0.0000000E+00
  9.9132843E-02
  0.1023443    
  0.0000000E+00
  0.0000000E+00
  0.0000000E+00
  0.0000000E+00
  0.8686705    
   1.022299    
  0.4096510    
  0.4172918    
   1.158279    
  0.9750339    
  0.8621722    
   1.309536    
   1.396997    
   1.387439    
  0.2700835    
  0.3371992    
  0.5248685    
  0.0000000E+00
  0.0000000E+00
  0.4430032    
  0.4299913    
  0.6059451    
  0.5873310    
  0.3078149    
  0.3079744    
  0.0000000E+00
  0.0000000E+00
   1.043134    
  0.9400497    
  0.9350396    
   1.123099    
   1.116138    
  0.7465438    
  0.5249214    
  0.4429761    
  0.4405684    
  0.6046952    
  0.6007488    
  0.3078305    
  5.4386176E-02
  4.8227347E-02
   1.047668    
   1.124746    
   1.089801    
  0.9373179    
  0.9076771    
  0.7787022    
  0.7796608    
   1.097286    
  0.9865273    
  0.9560923    
  0.8419367    
  0.8408316    
   1.190241    
   1.158434    
  0.6324720    
  0.6329864    
  0.8782176    
  0.9556731    
  0.9496527    
  0.7436434    
  0.7661126    
  0.2865908    
  0.3510992    
  0.2657476    
  0.2660035    
  0.4463786    
  0.5100205    
  0.4928920    
  0.3597129    
  0.3734177    
  0.4463369    
  0.2659974    
  0.2657527    
  0.5088208    
  0.5049600    
  0.3733826    
  0.3625679    
  0.2290212    
  0.3072266    
  0.4090361    
  0.0000000E+00
  0.0000000E+00
  0.0000000E+00
  0.1718810    
  0.1720839    
  0.2361505    
  0.3064467    
  0.4987418    
  0.4787262    
  0.2074817    
  0.1931413    
   1.067390    
  0.9349706    
  0.6769943    
  0.0000000E+00
  0.0000000E+00
  0.0000000E+00
  0.0000000E+00
  0.9337748    
  0.7740155    
   1.158591    
   1.152029    
  0.7859025    
  0.7543975    
   1.137598    
   1.099022    
  0.9208532    
  0.5382525    
  0.0000000E+00
   1.245815    
   1.209699    
  0.7306679    
  0.9214735    
  0.7580383    
  0.7265618    
 
 month:          12 year:        2009
  0.0000000E+00
  0.0000000E+00
  3.1562324E-03
  5.5130624E-04
  5.3875084E-04
  0.0000000E+00
  0.0000000E+00
  0.0000000E+00
  0.0000000E+00
  0.0000000E+00
  0.0000000E+00
  0.0000000E+00
  0.0000000E+00
  0.0000000E+00
  0.0000000E+00
  0.0000000E+00
  2.8987760E-02
  6.3844603E-03
  6.3966233E-03
  0.4698204    
  0.0000000E+00
  0.0000000E+00
  8.2197480E-02
  8.3211109E-02
  0.0000000E+00
  0.0000000E+00
  2.3355370E-02
  0.0000000E+00
  5.3876394E-04
  5.5168278E-04
  0.0000000E+00
  0.0000000E+00
  0.1846400    
  0.0000000E+00
  0.0000000E+00
  0.0000000E+00
  0.0000000E+00
  0.0000000E+00
  0.0000000E+00
  0.0000000E+00
  0.0000000E+00
  0.0000000E+00
  0.0000000E+00
  0.0000000E+00
  0.0000000E+00
  0.0000000E+00
  0.0000000E+00
  0.0000000E+00
  0.0000000E+00
  0.0000000E+00
  0.0000000E+00
  0.0000000E+00
  0.0000000E+00
  0.0000000E+00
  0.1675907    
  3.9803628E-02
  3.9809287E-02
  0.0000000E+00
  0.0000000E+00
  0.0000000E+00
  0.0000000E+00
  3.7671044E-02
  3.5863359E-02
  0.2220067    
  0.2219168    
  0.4345005    
  0.5129451    
  3.9807159E-02
  3.9804075E-02
  0.1676050    
  0.0000000E+00
  0.0000000E+00
  0.2434422    
  3.6521249E-03
  3.6376198E-03
  0.0000000E+00
  0.0000000E+00
  3.3393111E-02
  3.3496846E-02
  0.0000000E+00
  0.0000000E+00
  1.7612050E-03
  1.8182610E-03
  0.0000000E+00
  0.0000000E+00
  0.0000000E+00
  0.0000000E+00
  0.2055753    
  0.2659405    
  0.2175991    
  0.2191521    
  0.3053389    
  0.2359615    
  0.1951556    
  0.4633583    
  0.5335309    
  0.5289451    
  1.6594246E-02
  2.6273988E-02
  0.1610408    
  0.0000000E+00
  0.0000000E+00
  6.8928473E-02
  6.2762924E-02
  0.2310087    
  0.2206371    
  1.5602423E-02
  1.5572283E-02
  0.0000000E+00
  0.0000000E+00
  0.3796873    
  0.2789912    
  0.2767861    
  0.4504316    
  0.4469967    
  0.1769114    
  0.1610492    
  6.8932824E-02
  6.7895480E-02
  0.2302778    
  0.2282210    
  1.5606135E-02
  1.4653526E-03
  1.2749057E-03
  0.4328544    
  0.5005478    
  0.4812260    
  0.3361731    
  0.3210840    
  0.2178098    
  0.2182458    
  0.4247548    
  0.3418179    
  0.3250437    
  0.2548203    
  0.2542869    
  0.4935099    
  0.4777561    
  0.1417566    
  0.1416718    
  0.3602909    
  0.4278261    
  0.4246287    
  0.2513134    
  0.2627264    
  3.1738628E-02
  6.5206200E-02
  4.7213002E-03
  4.7258465E-03
  0.1652744    
  0.2337372    
  0.2234943    
  6.9090448E-02
  7.6925077E-02
  0.1652476    
  4.7257380E-03
  4.7213905E-03
  0.2329936    
  0.2308405    
  7.6909393E-02
  7.0626982E-02
  4.3120280E-02
  8.9657165E-02
  0.1837924    
  0.0000000E+00
  0.0000000E+00
  0.0000000E+00
  3.0536565E-03
  3.0572596E-03
  4.7302488E-02
  8.9204252E-02
  0.2522264    
  0.2399457    
  2.1971036E-02
  1.4943318E-02
  0.4608933    
  0.3566012    
  0.2310420    
  0.0000000E+00
  0.0000000E+00
  0.0000000E+00
  0.0000000E+00
  0.3560126    
  0.2779337    
  0.5271127    
  0.5234835    
  0.2881754    
  0.2724483    
  0.4715632    
  0.4535021    
  0.3240171    
  0.1521206    
  0.0000000E+00
  0.5353339    
  0.5180668    
  0.2424589    
  0.3242851    
  0.2860693    
  0.2697352    
 
 month:           1 year:        2010
  0.0000000E+00
  0.0000000E+00
  0.1906202    
  3.1900749E-02
  3.1794947E-02
  0.0000000E+00
  0.0000000E+00
  0.0000000E+00
  0.0000000E+00
  0.0000000E+00
  0.0000000E+00
  0.0000000E+00
  0.0000000E+00
  0.0000000E+00
  6.6107238E-04
  9.9519303E-04
  0.7778234    
  0.5725636    
  0.5736413    
   1.143991    
  2.9264634E-02
  2.9729027E-02
   1.341891    
   1.346924    
  0.0000000E+00
  0.0000000E+00
  0.8900490    
  0.0000000E+00
  3.1797603E-02
  3.1902973E-02
  0.0000000E+00
  0.0000000E+00
  0.6482834    
  0.0000000E+00
  0.0000000E+00
  0.0000000E+00
  0.0000000E+00
  0.0000000E+00
  0.0000000E+00
  0.0000000E+00
  0.0000000E+00
  0.0000000E+00
  0.0000000E+00
  0.0000000E+00
  0.0000000E+00
  0.0000000E+00
  0.0000000E+00
  0.0000000E+00
  0.0000000E+00
  0.0000000E+00
  0.0000000E+00
  0.0000000E+00
  0.0000000E+00
  0.0000000E+00
  0.5677559    
  0.2762175    
  0.2760671    
  0.0000000E+00
  0.0000000E+00
  1.9128418E-02
  3.1665415E-02
  0.4970090    
  0.4812763    
  0.6743140    
  0.6738119    
   1.028068    
   1.083354    
  0.2760724    
  0.2762156    
  0.5678266    
  2.0613896E-02
  3.1062497E-02
  0.6278008    
  0.1936540    
  0.1927168    
  0.0000000E+00
  0.0000000E+00
  0.2754641    
  0.2761897    
  0.0000000E+00
  0.0000000E+00
  4.2237036E-02
  4.8052259E-02
  0.0000000E+00
  0.0000000E+00
  0.0000000E+00
  0.0000000E+00
   1.017421    
   1.167227    
   1.161875    
   1.166184    
   1.226085    
   1.059570    
  0.9554196    
   1.334399    
   1.373509    
   1.365791    
  0.3122101    
  0.3867909    
  0.5499891    
  0.0000000E+00
  0.0000000E+00
  0.4807001    
  0.4675961    
  0.6061472    
  0.5891628    
  0.2761830    
  0.2762820    
  0.1687462    
  0.1563035    
  0.9985308    
  0.9195901    
  0.9146737    
   1.046402    
   1.040375    
  0.6533151    
  0.5500566    
  0.4806639    
  0.4780524    
  0.6050265    
  0.6012595    
  0.2761961    
  0.7688394    
  0.7660250    
   1.096723    
   1.144327    
   1.112138    
   1.020199    
  0.9905477    
  0.7363264    
  0.7370710    
   1.251890    
   1.183263    
   1.148827    
  0.8826429    
  0.8817558    
   1.293946    
   1.266044    
  0.6203866    
  0.6208592    
  0.9365907    
  0.9859338    
  0.9802517    
  0.8337138    
  0.8563825    
  0.3804181    
  0.4487721    
  0.2650074    
  0.2649904    
  0.5166860    
  0.5701714    
  0.5538801    
  0.4459782    
  0.4608378    
  0.5166464    
  0.2649935    
  0.2650027    
  0.5690492    
  0.5652384    
  0.4607965    
  0.4490982    
  0.3638396    
  0.4569907    
  0.5411920    
  0.0000000E+00
  0.0000000E+00
  0.0000000E+00
  0.2646117    
  0.2647748    
  0.3723783    
  0.4560472    
  0.6015302    
  0.5815287    
  0.3760212    
  0.3558834    
   1.158136    
   1.069417    
  0.8074736    
  0.4477326    
  0.4583546    
  0.0000000E+00
  0.0000000E+00
   1.068210    
  0.9062778    
   1.210213    
   1.203932    
  0.9792346    
  0.9460689    
   1.317477    
   1.282755    
   1.211748    
  0.8010512    
  0.1723781    
   1.361521    
   1.330444    
   1.019596    
   1.212405    
   1.142529    
   1.105200    
 
 month:           2 year:        2010
  0.0000000E+00
  0.0000000E+00
   1.165784    
   1.069786    
   1.068068    
  0.0000000E+00
  0.0000000E+00
   1.254869    
   1.270587    
  0.0000000E+00
  0.0000000E+00
  0.7848744    
  0.7729704    
  0.0000000E+00
   1.526164    
   1.533504    
   1.928910    
   1.820117    
   1.823124    
   2.218417    
   1.663327    
   1.666153    
   2.709772    
   2.719614    
   1.113219    
   1.115618    
   2.237063    
   1.068298    
   1.068071    
   1.069834    
  0.0000000E+00
  0.0000000E+00
   1.501571    
   1.253749    
   1.271049    
  0.0000000E+00
  0.0000000E+00
  0.7848760    
  0.7730207    
  0.0000000E+00
  0.0000000E+00
  0.0000000E+00
  0.0000000E+00
  0.0000000E+00
  0.2673437    
  0.2711846    
  0.0000000E+00
  0.0000000E+00
  0.0000000E+00
  0.0000000E+00
  0.0000000E+00
  0.0000000E+00
  0.0000000E+00
  0.0000000E+00
   1.534568    
   1.217869    
   1.216852    
  0.0000000E+00
  0.0000000E+00
   1.842750    
   1.852546    
   1.911879    
   1.862941    
   1.869342    
   1.867836    
   2.319003    
   2.368071    
   1.216914    
   1.217845    
   1.534746    
   1.843954    
   1.852079    
   1.583364    
   1.192628    
   1.188571    
  0.7080831    
  0.7085608    
   1.016996    
   1.019084    
  0.0000000E+00
  0.0000000E+00
  0.7667416    
  0.7847543    
  0.2913568    
  0.2948005    
  0.9223943    
  0.9630591    
   2.036361    
   2.309404    
   2.536441    
   2.545709    
   2.348370    
   2.044677    
   1.855702    
   2.489032    
   2.532004    
   2.518202    
  0.9893876    
   1.146431    
   1.310693    
  0.0000000E+00
  0.0000000E+00
   1.245438    
   1.214443    
   1.360454    
   1.327467    
   1.026536    
   1.027442    
   1.526457    
   1.517887    
   1.975511    
   1.907344    
   1.897205    
   2.023632    
   2.012509    
   1.582221    
   1.310843    
   1.245337    
   1.238657    
   1.358323    
   1.350911    
   1.026546    
   2.018253    
   2.011506    
   2.108555    
   2.157949    
   2.100119    
   2.041297    
   1.986011    
   1.672207    
   1.673825    
   2.354286    
   2.292765    
   2.229288    
   1.909029    
   1.907142    
   2.398974    
   2.349177    
   1.494802    
   1.496088    
   1.872252    
   1.919727    
   1.909280    
   1.761933    
   1.805564    
  0.9984913    
   1.146178    
  0.9755864    
  0.9764246    
   1.248007    
   1.296385    
   1.265206    
   1.143820    
   1.179528    
   1.247921    
  0.9764075    
  0.9756100    
   1.294261    
   1.286808    
   1.179421    
   1.151027    
  0.9617486    
   1.143308    
   1.233771    
  0.0000000E+00
  0.0000000E+00
  0.0000000E+00
  0.9874728    
  0.9884033    
  0.9784246    
   1.141459    
   1.289097    
   1.252558    
   1.091893    
   1.052288    
   2.110647    
   2.002447    
   1.559886    
   2.010271    
   2.018839    
  0.6520478    
  0.6472797    
   2.000405    
   1.726532    
   2.156718    
   2.146113    
   1.936430    
   1.879277    
   2.355947    
   2.296149    
   2.223886    
   1.518501    
   2.293434    
   2.404129    
   2.350255    
   1.894694    
   2.225000    
   2.177006    
   2.112063    
 
 month:           3 year:        2010
  0.0000000E+00
  0.0000000E+00
  5.5029944E-02
  5.3397320E-02
  5.3304538E-02
  0.0000000E+00
  0.0000000E+00
  6.9059230E-02
  6.9652468E-02
  0.0000000E+00
  0.0000000E+00
  4.9923368E-02
  4.9456172E-02
  0.0000000E+00
  9.1304809E-02
  9.1653764E-02
  8.4973961E-02
  8.3506562E-02
  8.3655082E-02
  0.4591529    
  0.3291839    
  0.3299266    
  0.1169262    
  0.1173987    
  0.1981767    
  0.1987425    
  9.9575929E-02
  0.1049325    
  5.3304672E-02
  5.3399935E-02
  0.0000000E+00
  0.0000000E+00
  0.1740986    
  6.9016628E-02
  6.9670245E-02
  0.0000000E+00
  0.0000000E+00
  4.9923413E-02
  4.9457803E-02
  0.0000000E+00
  0.0000000E+00
  0.0000000E+00
  0.0000000E+00
  0.0000000E+00
  2.2474656E-02
  2.2721263E-02
  0.0000000E+00
  0.0000000E+00
  0.0000000E+00
  0.0000000E+00
  0.0000000E+00
  0.0000000E+00
  0.0000000E+00
  0.0000000E+00
  0.1689301    
  7.1945168E-02
  7.1869999E-02
  0.0000000E+00
  0.0000000E+00
  8.8561721E-02
  8.9012340E-02
  8.7083973E-02
  8.4796444E-02
  0.1651242    
  0.1648947    
  0.5271252    
  0.6684104    
  7.1874619E-02
  7.1943417E-02
  0.1689710    
  8.8617608E-02
  8.8990852E-02
  0.2806521    
  5.8303747E-02
  5.8104247E-02
  4.5627054E-02
  4.5668308E-02
  4.7846619E-02
  4.7949068E-02
  0.0000000E+00
  0.0000000E+00
  3.8981967E-02
  3.9824605E-02
  2.3752756E-02
  2.3976233E-02
  5.0355166E-02
  5.2194092E-02
  0.3552897    
  0.4540393    
  0.2046340    
  0.2058541    
  0.5342928    
  0.4189941    
  0.3489815    
  0.7389592    
  0.8753859    
  0.8683572    
  4.3874074E-02
  5.0604198E-02
  0.1640415    
  0.0000000E+00
  0.0000000E+00
  7.8785218E-02
  7.2242916E-02
  0.2719101    
  0.2579426    
  5.7818018E-02
  5.7882268E-02
  6.8781517E-02
  6.8404451E-02
  0.4867778    
  0.3418586    
  0.3384105    
  0.6278440    
  0.6223722    
  0.1418446    
  0.1640792    
  7.8769252E-02
  7.7464916E-02
  0.2709696    
  0.2678922    
  5.7818595E-02
  9.4084866E-02
  9.3731873E-02
  0.4515487    
  0.5999317    
  0.5727427    
  0.3007591    
  0.2843772    
  0.1338989    
  0.1342097    
  0.5566583    
  0.3937716    
  0.3749874    
  0.2355326    
  0.2349906    
  0.7018607    
  0.6782737    
  7.9299830E-02
  7.9384930E-02
  0.3364907    
  0.4799273    
  0.4752977    
  0.2026673    
  0.2127136    
  4.2410653E-02
  4.8588000E-02
  5.3731516E-02
  5.3790487E-02
  9.9130459E-02
  0.1794514    
  0.1682550    
  4.8826020E-02
  5.0340064E-02
  9.9111229E-02
  5.3789239E-02
  5.3733185E-02
  0.1786708    
  0.1761180    
  5.0335478E-02
  4.9129933E-02
  4.2624258E-02
  8.9491405E-02
  0.1911425    
  0.0000000E+00
  0.0000000E+00
  0.0000000E+00
  5.2615475E-02
  5.2676130E-02
  4.6913333E-02
  8.9018956E-02
  0.3099604    
  0.2930746    
  4.5736786E-02
  4.4098921E-02
  0.6516122    
  0.4729974    
  0.3009338    
  0.1074927    
  0.1082882    
  0.1399768    
  0.1392807    
  0.4721418    
  0.3599343    
  0.7756618    
  0.7704757    
  0.3660708    
  0.3459683    
  0.7661320    
  0.7388681    
  0.5614040    
  0.2878152    
  0.2359255    
  0.8838069    
  0.8591366    
  0.4261935    
  0.5618700    
  0.4767877    
  0.4512302    
 
 month:           4 year:        2010
  0.0000000E+00
  0.0000000E+00
  9.0938073E-04
  8.8240131E-04
  8.8086800E-04
  0.0000000E+00
  0.0000000E+00
  1.1412178E-03
  1.1510209E-03
  0.0000000E+00
  0.0000000E+00
  8.2499324E-04
  8.1727328E-04
  0.0000000E+00
  1.5209025E-03
  1.6088334E-03
  0.1364924    
  1.3799628E-03
  1.3824173E-03
  0.7872209    
  0.1798446    
  0.1801057    
  0.2054365    
  0.2074767    
  3.5667449E-02
  3.5743017E-02
  3.2743301E-02
  1.7340308E-03
  8.8087027E-04
  8.8244438E-04
  0.0000000E+00
  0.0000000E+00
  0.3810287    
  1.1405135E-03
  1.1513147E-03
  0.0000000E+00
  0.0000000E+00
  8.2499464E-04
  8.1730023E-04
  0.0000000E+00
  0.0000000E+00
  0.0000000E+00
  0.0000000E+00
  0.0000000E+00
  3.7139797E-04
  3.7547358E-04
  0.0000000E+00
  0.0000000E+00
  0.0000000E+00
  0.0000000E+00
  0.0000000E+00
  0.0000000E+00
  0.0000000E+00
  0.0000000E+00
  0.4566035    
  4.1817948E-02
  4.1666113E-02
  0.0000000E+00
  0.0000000E+00
  0.1448256    
  0.1463145    
  7.2530285E-02
  6.5468073E-02
  0.4520842    
  0.4515584    
  0.9367468    
  0.9996293    
  4.1674770E-02
  4.1814741E-02
  0.4566664    
  0.1450075    
  0.1462455    
  0.5299067    
  9.6348068E-04
  9.6018473E-04
  7.5399649E-04
  7.5467787E-04
  0.1634093    
  0.1640188    
  0.0000000E+00
  0.0000000E+00
  6.4418471E-04
  6.5810973E-04
  3.9251888E-04
  3.9621210E-04
  8.3212892E-04
  8.6251728E-04
  0.9381418    
   1.092425    
  0.6988140    
  0.7015511    
   1.227830    
   1.046222    
  0.9336588    
   1.349057    
   1.410341    
   1.402948    
  0.1799103    
  0.2434752    
  0.5011512    
  0.0000000E+00
  0.0000000E+00
  0.4083664    
  0.3947903    
  0.5749614    
  0.5602892    
  7.5617790E-02
  7.5817250E-02
  0.2234906    
  0.2217220    
  0.9863727    
  0.9036074    
  0.8983583    
   1.051588    
   1.045855    
  0.4763615    
  0.5012227    
  0.4083204    
  0.4054722    
  0.5740263    
  0.5706742    
  7.5620309E-02
  0.3602198    
  0.3586438    
   1.068687    
   1.145023    
   1.115118    
  0.9718679    
  0.9421865    
  0.5237994    
  0.5244392    
   1.225319    
   1.122191    
   1.087656    
  0.6648056    
  0.6640114    
   1.301158    
   1.275203    
  0.3863516    
  0.3867896    
  0.8917279    
  0.9692017    
  0.9639232    
  0.7709609    
  0.7936419    
  0.2451476    
  0.3020989    
  3.2878503E-02
  3.3018451E-02
  0.4369417    
  0.5212765    
  0.5074874    
  0.3296004    
  0.3444923    
  0.4369057    
  3.3015877E-02
  3.2881849E-02
  0.5203459    
  0.5169957    
  0.3444498    
  0.3327571    
  0.2714890    
  0.3583477    
  0.4819964    
  0.0000000E+00
  0.0000000E+00
  0.0000000E+00
  4.8288666E-02
  4.8462130E-02
  0.2794292    
  0.3574547    
  0.5565984    
  0.5394652    
  0.2180137    
  0.2011907    
   1.090806    
  0.9782019    
  0.7244790    
  0.2631385    
  0.2646086    
  3.2432608E-02
  3.2310367E-02
  0.9770343    
  0.8205367    
   1.150173    
   1.144697    
  0.8231182    
  0.7919105    
   1.220297    
   1.187674    
   1.098601    
  0.6939601    
  0.4434383    
   1.281201    
   1.253715    
  0.9099913    
   1.099243    
  0.9598457    
  0.9248763    
 
 month:           5 year:        2010
  0.0000000E+00
  0.0000000E+00
  1.6156149E-05
  1.5676842E-05
  1.5649595E-05
  0.0000000E+00
  0.0000000E+00
  2.0274996E-05
  2.0449157E-05
  0.0000000E+00
  0.0000000E+00
  1.4656925E-05
  1.4519769E-05
  0.0000000E+00
  2.9273240E-05
  4.7071437E-05
  2.3557907E-02
  2.4516574E-05
  2.4560171E-05
   1.339653    
  3.8457431E-02
  3.8519919E-02
  3.6979899E-02
  3.7362717E-02
  8.5018640E-03
  8.5210279E-03
  5.5072638E-03
  3.0806976E-05
  1.5649635E-05
  1.5677610E-05
  0.0000000E+00
  0.0000000E+00
  0.6410583    
  2.0262491E-05
  2.0454387E-05
  0.0000000E+00
  0.0000000E+00
  1.4656943E-05
  1.4520240E-05
  0.0000000E+00
  0.0000000E+00
  0.0000000E+00
  0.0000000E+00
  0.0000000E+00
  6.4665660E-06
  6.5375261E-06
  0.0000000E+00
  0.0000000E+00
  0.0000000E+00
  0.0000000E+00
  0.0000000E+00
  0.0000000E+00
  0.0000000E+00
  0.0000000E+00
  0.7717587    
  7.9284972E-03
  7.8977188E-03
  0.0000000E+00
  0.0000000E+00
  2.6024815E-02
  2.6305182E-02
  1.2408746E-02
  1.1184515E-02
  0.1128853    
  0.1103587    
   1.632107    
   1.717139    
  7.8994865E-03
  7.9278359E-03
  0.7718974    
  2.6059093E-02
  2.6292169E-02
  0.8686885    
  1.7117305E-05
  1.7058754E-05
  1.3364461E-05
  1.3376537E-05
  0.2156121    
  0.2166703    
  0.0000000E+00
  0.0000000E+00
  1.1387679E-05
  1.1633841E-05
  6.8343115E-06
  6.8986114E-06
  1.4783696E-05
  1.5323578E-05
   1.157434    
   1.372289    
  0.1564421    
  0.1577055    
   1.869785    
   1.580593    
   1.401829    
   2.272775    
   2.359416    
   2.345361    
  3.1224662E-02
  6.6572882E-02
  0.8605335    
  0.0000000E+00
  0.0000000E+00
  0.7885783    
  0.7633914    
   1.002474    
  0.9726135    
  1.4832191E-02
  1.4875528E-02
  4.0422250E-02
  4.0084213E-02
   1.718007    
   1.644417    
   1.634787    
   1.854240    
   1.842675    
  0.1991090    
  0.8606842    
  0.7884868    
  0.7830186    
   1.000576    
  0.9937109    
  1.4832697E-02
  7.1272761E-02
  7.0923083E-02
   1.955690    
   1.995342    
   1.934835    
   1.883351    
   1.830498    
  0.7782359    
  0.7788434    
   2.182796    
   2.110724    
   2.050134    
   1.074462    
   1.073044    
   2.212493    
   2.163528    
  0.2282611    
  0.2291173    
   1.658152    
   1.719490    
   1.708550    
   1.540129    
   1.581539    
  0.3650433    
  0.4828061    
  6.3140425E-03
  6.3427128E-03
  0.7928340    
  0.8751788    
  0.8497844    
  0.6909952    
  0.7185616    
  0.7927629    
  6.3421829E-03
  6.3147391E-03
  0.8736755    
  0.8671478    
  0.7184778    
  0.6967537    
  0.2939448    
  0.4279977    
  0.6702777    
  0.0000000E+00
  0.0000000E+00
  0.0000000E+00
  9.1147982E-03
  9.1498103E-03
  0.3061428    
  0.4266075    
  0.7299012    
  0.7049462    
  4.4973504E-02
  3.4930866E-02
   1.687797    
   1.319608    
  0.9711329    
  5.0995003E-02
  5.1297627E-02
  1.3947912E-02
  1.3883500E-02
   1.317563    
   1.101887    
   1.692961    
   1.684061    
  0.9067925    
  0.8687866    
   1.901298    
   1.848145    
   1.701377    
   1.055246    
  8.1811823E-02
   1.905301    
   1.860508    
   1.399719    
   1.702382    
   1.232831    
   1.183467    
 
 month:           6 year:        2010
  0.0000000E+00
  0.0000000E+00
  3.3948453E-08
  0.0000000E+00
  0.0000000E+00
  0.0000000E+00
  0.0000000E+00
  7.9888522E-08
  8.0574772E-08
  0.0000000E+00
  0.0000000E+00
  0.0000000E+00
  0.0000000E+00
  0.0000000E+00
  2.3977427E-07
  5.5371828E-07
  3.8929898E-04
  1.7059111E-07
  1.7089448E-07
  0.6954232    
  6.3551677E-04
  6.3654932E-04
  6.1109994E-04
  6.1742630E-04
  1.4049503E-04
  1.4081172E-04
  9.1008660E-05
  2.5233686E-07
  0.0000000E+00
  0.0000000E+00
  0.0000000E+00
  0.0000000E+00
  0.2760812    
  7.9839246E-08
  8.0595349E-08
  0.0000000E+00
  0.0000000E+00
  0.0000000E+00
  0.0000000E+00
  0.0000000E+00
  0.0000000E+00
  0.0000000E+00
  0.0000000E+00
  0.0000000E+00
  0.0000000E+00
  0.0000000E+00
  0.0000000E+00
  0.0000000E+00
  0.0000000E+00
  0.0000000E+00
  0.0000000E+00
  0.0000000E+00
  0.0000000E+00
  0.0000000E+00
  0.2630085    
  1.3101996E-04
  1.3051137E-04
  0.0000000E+00
  0.0000000E+00
  4.3006541E-04
  4.3469830E-04
  2.0505709E-04
  1.8482632E-04
  5.5692219E-03
  5.1598642E-03
  0.7678838    
  0.9529586    
  1.3054055E-04
  1.3100906E-04
  0.2631038    
  4.3063163E-04
  4.3448334E-04
  0.4495943    
  3.5968107E-08
  3.5845083E-08
  0.0000000E+00
  0.0000000E+00
  2.1849429E-02
  2.2226345E-02
  0.0000000E+00
  0.0000000E+00
  0.0000000E+00
  0.0000000E+00
  0.0000000E+00
  0.0000000E+00
  0.0000000E+00
  0.0000000E+00
  0.1110222    
  0.1411188    
  5.8782105E-03
  6.0064015E-03
  0.3078815    
  0.2403603    
  0.1990826    
  0.4744040    
  0.5283782    
  0.5248524    
  5.1599368E-04
  3.3374724E-03
  0.1536994    
  0.0000000E+00
  0.0000000E+00
  0.1266102    
  0.1203299    
  0.2137409    
  0.2058732    
  2.4510498E-04
  2.4582108E-04
  6.6798588E-04
  6.6239969E-04
  0.3559030    
  0.3283564    
  0.3260011    
  0.4149475    
  0.4119826    
  1.8490318E-02
  0.1537385    
  0.1265872    
  0.1252209    
  0.2132307    
  0.2113792    
  2.4511325E-04
  1.1777963E-03
  1.1720184E-03
  0.2143719    
  0.2960120    
  0.2735557    
  0.2000212    
  0.1930117    
  9.7690895E-02
  9.7788423E-02
  0.2372803    
  0.2230977    
  0.2151957    
  0.1356142    
  0.1354054    
  0.3151344    
  0.2988798    
  2.5112120E-02
  2.5228620E-02
  0.1736325    
  0.2106497    
  0.2087021    
  0.1535687    
  0.1590676    
  3.4533784E-02
  4.6155892E-02
  1.0434079E-04
  1.0481462E-04
  7.6852791E-02
  9.1579653E-02
  8.7835513E-02
  6.7216828E-02
  7.0051245E-02
  7.6845556E-02
  1.0480588E-04
  1.0435233E-04
  9.1343537E-02
  9.0401217E-02
  7.0042118E-02
  6.7784138E-02
  2.6798330E-02
  3.9687734E-02
  6.3394196E-02
  0.0000000E+00
  0.0000000E+00
  0.0000000E+00
  1.5062383E-04
  1.5120246E-04
  2.7970349E-02
  3.9553918E-02
  6.9036424E-02
  6.6546775E-02
  1.7555023E-03
  5.7723961E-04
  0.1615485    
  0.1249079    
  9.1638319E-02
  8.4270258E-04
  8.4770343E-04
  2.3766248E-04
  2.3652725E-04
  0.1247104    
  0.1041146    
  0.1618853    
  0.1609886    
  8.4556416E-02
  8.0948502E-02
  0.1818959    
  0.1766113    
  0.1622216    
  0.1001533    
  1.3519567E-03
  0.1821445    
  0.1776354    
  0.1332361    
  0.1623181    
  0.1161274    
  0.1114127    
 
 month:           7 year:        2010
  0.0000000E+00
  0.0000000E+00
  0.0000000E+00
  0.0000000E+00
  0.0000000E+00
  0.0000000E+00
  0.0000000E+00
  0.0000000E+00
  0.0000000E+00
  0.0000000E+00
  0.0000000E+00
  0.0000000E+00
  0.0000000E+00
  0.0000000E+00
  0.0000000E+00
  0.0000000E+00
  6.7782489E-06
  0.0000000E+00
  0.0000000E+00
  0.4266701    
  1.1234447E-05
  1.1252704E-05
  1.0802823E-05
  1.0914649E-05
  2.3065857E-06
  2.3117852E-06
  1.3891058E-06
  0.0000000E+00
  0.0000000E+00
  0.0000000E+00
  0.0000000E+00
  0.0000000E+00
  0.1407202    
  0.0000000E+00
  0.0000000E+00
  0.0000000E+00
  0.0000000E+00
  0.0000000E+00
  0.0000000E+00
  0.0000000E+00
  0.0000000E+00
  0.0000000E+00
  0.0000000E+00
  0.0000000E+00
  0.0000000E+00
  0.0000000E+00
  0.0000000E+00
  0.0000000E+00
  0.0000000E+00
  0.0000000E+00
  0.0000000E+00
  0.0000000E+00
  0.0000000E+00
  0.0000000E+00
  0.5112416    
  2.1204200E-06
  2.1121882E-06
  0.0000000E+00
  0.0000000E+00
  7.5226258E-06
  7.6036649E-06
  3.4451568E-06
  3.1052612E-06
  9.8943383E-05
  9.1670765E-05
   1.021582    
   1.128836    
  2.1126612E-06
  2.1202429E-06
  0.5113439    
  7.5325293E-06
  7.5999005E-06
  0.6186086    
  0.0000000E+00
  0.0000000E+00
  0.0000000E+00
  0.0000000E+00
  0.1436486    
  0.1445875    
  0.0000000E+00
  0.0000000E+00
  0.0000000E+00
  0.0000000E+00
  0.0000000E+00
  0.0000000E+00
  0.0000000E+00
  0.0000000E+00
  0.5408028    
  0.6945813    
  1.0443294E-04
  1.0671040E-04
   1.006072    
  0.8335940    
  0.7274636    
   1.277403    
   1.378350    
   1.369305    
  9.0619751E-06
  5.9293881E-05
  0.5460484    
  0.0000000E+00
  0.0000000E+00
  0.5031857    
  0.4852788    
  0.6397796    
  0.6197405    
  4.1899771E-06
  4.2022189E-06
  1.1808430E-05
  1.1709676E-05
  0.9922803    
  0.9475738    
  0.9408795    
   1.084043    
   1.076577    
  3.2850087E-04
  0.5461492    
  0.5031151    
  0.4989792    
  0.6384637    
  0.6337016    
  4.1901171E-06
  2.0924863E-05
  2.0822199E-05
  0.8806507    
  0.9855806    
  0.9524829    
  0.8259920    
  0.7950598    
  1.7355868E-03
  1.7373202E-03
  0.9596868    
  0.9053845    
  0.8710401    
  2.4093355E-03
  2.4056281E-03
   1.064141    
   1.036534    
  4.4614475E-04
  4.4821447E-04
  0.7106914    
  0.8136358    
  0.8078178    
  0.6315697    
  0.6555747    
  2.8736204E-02
  9.3188152E-02
  1.6289661E-06
  1.6363632E-06
  0.3472595    
  0.4537685    
  0.4359555    
  0.2808523    
  0.2987351    
  0.3472158    
  1.6362269E-06
  1.6291457E-06
  0.4524791    
  0.4481917    
  0.2986762    
  0.2843485    
  4.7610208E-04
  7.0509646E-04
  1.1262684E-03
  0.0000000E+00
  0.0000000E+00
  0.0000000E+00
  2.4728763E-06
  2.4823769E-06
  4.9692433E-04
  7.0271938E-04
  9.4613537E-02
  8.4664732E-02
  3.1188447E-05
  1.0173132E-05
  0.3203380    
  2.3865996E-02
  1.6280563E-03
  1.4971546E-05
  1.5060395E-05
  4.0627510E-06
  4.0433433E-06
  2.3337627E-02
  1.8497119E-03
  0.4264799    
  0.4233670    
  1.5022383E-03
  1.4381401E-03
  0.3611515    
  0.3431897    
  3.1669278E-02
  1.7793339E-03
  2.4019013E-05
  0.4709038    
  0.4552503    
  2.3670876E-03
  3.1943496E-02
  2.0631319E-03
  1.9793706E-03
 
 month:           8 year:        2010
  0.0000000E+00
  0.0000000E+00
  0.0000000E+00
  0.0000000E+00
  0.0000000E+00
  0.0000000E+00
  0.0000000E+00
  0.0000000E+00
  0.0000000E+00
  0.0000000E+00
  0.0000000E+00
  0.0000000E+00
  0.0000000E+00
  0.0000000E+00
  0.0000000E+00
  0.0000000E+00
  0.0000000E+00
  0.0000000E+00
  0.0000000E+00
  3.2434452E-02
  0.0000000E+00
  0.0000000E+00
  0.0000000E+00
  0.0000000E+00
  0.0000000E+00
  0.0000000E+00
  0.0000000E+00
  0.0000000E+00
  0.0000000E+00
  0.0000000E+00
  0.0000000E+00
  0.0000000E+00
  2.4274844E-03
  0.0000000E+00
  0.0000000E+00
  0.0000000E+00
  0.0000000E+00
  0.0000000E+00
  0.0000000E+00
  0.0000000E+00
  0.0000000E+00
  0.0000000E+00
  0.0000000E+00
  0.0000000E+00
  0.0000000E+00
  0.0000000E+00
  0.0000000E+00
  0.0000000E+00
  0.0000000E+00
  0.0000000E+00
  0.0000000E+00
  0.0000000E+00
  0.0000000E+00
  0.0000000E+00
  8.4622819E-03
  0.0000000E+00
  0.0000000E+00
  0.0000000E+00
  0.0000000E+00
  0.0000000E+00
  0.0000000E+00
  0.0000000E+00
  0.0000000E+00
  1.3625856E-06
  1.2624312E-06
  1.6750589E-02
  1.8476799E-02
  0.0000000E+00
  0.0000000E+00
  8.4639583E-03
  0.0000000E+00
  0.0000000E+00
  1.0186405E-02
  0.0000000E+00
  0.0000000E+00
  0.0000000E+00
  0.0000000E+00
  2.4851982E-03
  2.5006526E-03
  0.0000000E+00
  0.0000000E+00
  0.0000000E+00
  0.0000000E+00
  0.0000000E+00
  0.0000000E+00
  0.0000000E+00
  0.0000000E+00
  9.0920785E-03
  1.1612858E-02
  1.4710239E-06
  1.5031030E-06
  1.6609531E-02
  1.3782844E-02
  1.2043129E-02
  2.0981610E-02
  2.2616459E-02
  2.2465277E-02
  0.0000000E+00
  7.1131149E-07
  9.0518724E-03
  0.0000000E+00
  0.0000000E+00
  8.3626918E-03
  8.0675064E-03
  1.0558650E-02
  1.0227279E-02
  0.0000000E+00
  0.0000000E+00
  0.0000000E+00
  0.0000000E+00
  1.6330456E-02
  1.5611078E-02
  1.5500674E-02
  1.7808540E-02
  1.7684000E-02
  5.1021943E-06
  9.0535339E-03
  8.3615258E-03
  8.2931891E-03
  1.0536681E-02
  1.0457277E-02
  0.0000000E+00
  1.1238013E-07
  1.1182875E-07
  1.4907249E-02
  1.6613046E-02
  1.6044904E-02
  1.4024557E-02
  1.3500094E-02
  2.7820368E-05
  2.7848155E-05
  1.6234662E-02
  1.5356835E-02
  1.4774772E-02
  3.8620125E-05
  3.8560713E-05
  1.7937422E-02
  1.7462753E-02
  7.0410092E-06
  7.0736728E-06
  1.2081562E-02
  1.3743282E-02
  1.3643312E-02
  1.0783523E-02
  1.1191301E-02
  5.3816231E-04
  1.7255705E-03
  0.0000000E+00
  0.0000000E+00
  6.0280897E-03
  7.7458434E-03
  7.4411971E-03
  4.9413214E-03
  5.2462746E-03
  6.0273386E-03
  0.0000000E+00
  0.0000000E+00
  7.7238879E-03
  7.6504569E-03
  5.2452544E-03
  5.0002132E-03
  7.5137955E-06
  1.1245987E-05
  1.8053383E-05
  0.0000000E+00
  0.0000000E+00
  0.0000000E+00
  0.0000000E+00
  0.0000000E+00
  7.8424091E-06
  1.1208072E-05
  1.7340878E-03
  1.5515486E-03
  2.7978234E-07
  0.0000000E+00
  5.5405754E-03
  4.3297111E-04
  2.6096730E-05
  0.0000000E+00
  0.0000000E+00
  0.0000000E+00
  0.0000000E+00
  4.2327924E-04
  2.9649726E-05
  7.2548459E-03
  7.2026248E-03
  2.4079940E-05
  2.3052478E-05
  6.2062498E-03
  5.9072315E-03
  5.7468255E-04
  2.8521610E-05
  1.6173774E-07
  7.9789329E-03
  7.7163009E-03
  3.7942918E-05
  5.7971262E-04
  3.3070704E-05
  3.1728061E-05
 
 month:           9 year:        2010
  0.0000000E+00
  0.0000000E+00
  0.0000000E+00
  0.0000000E+00
  0.0000000E+00
  0.0000000E+00
  0.0000000E+00
  0.0000000E+00
  0.0000000E+00
  0.0000000E+00
  0.0000000E+00
  0.0000000E+00
  0.0000000E+00
  0.0000000E+00
  0.0000000E+00
  0.0000000E+00
  0.3869691    
  0.0000000E+00
  0.0000000E+00
   1.764975    
  0.0000000E+00
  0.0000000E+00
  0.0000000E+00
  0.0000000E+00
  0.0000000E+00
  0.0000000E+00
  0.0000000E+00
  0.0000000E+00
  0.0000000E+00
  0.0000000E+00
  0.0000000E+00
  0.0000000E+00
  0.8465399    
  0.0000000E+00
  0.0000000E+00
  0.0000000E+00
  0.0000000E+00
  0.0000000E+00
  0.0000000E+00
  0.0000000E+00
  0.0000000E+00
  0.0000000E+00
  0.0000000E+00
  0.0000000E+00
  0.0000000E+00
  0.0000000E+00
  0.0000000E+00
  0.0000000E+00
  0.0000000E+00
  0.0000000E+00
  0.0000000E+00
  0.0000000E+00
  0.0000000E+00
  0.0000000E+00
   1.124854    
  0.0000000E+00
  0.0000000E+00
  0.0000000E+00
  0.0000000E+00
  0.0000000E+00
  0.0000000E+00
  0.0000000E+00
  0.0000000E+00
  0.8579297    
  0.8565633    
   2.188603    
   2.394446    
  0.0000000E+00
  0.0000000E+00
   1.125045    
  0.0000000E+00
  0.0000000E+00
   1.332572    
  0.0000000E+00
  0.0000000E+00
  0.0000000E+00
  0.0000000E+00
  0.4391425    
  0.4407516    
  0.0000000E+00
  0.0000000E+00
  0.0000000E+00
  0.0000000E+00
  0.0000000E+00
  0.0000000E+00
  0.0000000E+00
  0.0000000E+00
   1.448409    
   1.726496    
  0.0000000E+00
  0.0000000E+00
   2.242462    
   1.889427    
   1.671513    
   2.651034    
   2.847774    
   2.830611    
  0.2842794    
  0.4045812    
   1.093138    
  0.0000000E+00
  0.0000000E+00
  0.9734507    
  0.9419078    
   1.308356    
   1.268769    
  0.0000000E+00
  0.0000000E+00
  0.0000000E+00
  0.0000000E+00
   2.184676    
   2.050457    
   2.039011    
   2.391288    
   2.376672    
  0.8440135    
   1.093325    
  0.9733430    
  0.9667782    
   1.305755    
   1.296790    
  0.0000000E+00
  0.6940508    
  0.6916123    
   2.983347    
   3.200685    
   3.112135    
   2.832883    
   2.751675    
   1.278139    
   1.279977    
   3.009256    
   2.884012    
   2.796946    
   1.388687    
   1.387172    
   3.277452    
   3.202875    
   1.039758    
   1.041167    
   2.510150    
   2.719060    
   2.703203    
   2.296739    
   2.358758    
  0.6851909    
  0.8359947    
  4.2106930E-02
  4.2418148E-02
   1.285328    
   1.506784    
   1.464342    
   1.102479    
   1.147140    
   1.285215    
  4.2412132E-02
  4.2113662E-02
   1.503946    
   1.493289    
   1.147010    
   1.111822    
  0.4173175    
  0.5660838    
  0.7779575    
  0.0000000E+00
  0.0000000E+00
  0.0000000E+00
  0.0000000E+00
  0.0000000E+00
  0.4310576    
  0.5645810    
  0.9165909    
  0.8818213    
  0.2759928    
  0.2439036    
   1.783680    
   1.525493    
   1.180812    
  0.0000000E+00
  0.0000000E+00
  0.0000000E+00
  0.0000000E+00
   1.523943    
   1.313851    
   1.957064    
   1.945391    
   1.434344    
   1.384835    
   1.656568    
   1.604147    
   1.616351    
   1.126836    
  0.0000000E+00
   1.895698    
   1.840173    
   1.401432    
   1.617060    
   1.583628    
   1.530209    
 
 month:          10 year:        2010
  0.0000000E+00
  0.0000000E+00
  0.0000000E+00
  0.0000000E+00
  0.0000000E+00
  0.0000000E+00
  0.0000000E+00
  0.0000000E+00
  0.0000000E+00
  0.0000000E+00
  0.0000000E+00
  0.0000000E+00
  0.0000000E+00
  0.0000000E+00
  0.0000000E+00
  0.0000000E+00
  1.5727267E-02
  0.0000000E+00
  0.0000000E+00
  0.1385568    
  0.0000000E+00
  0.0000000E+00
  0.0000000E+00
  0.0000000E+00
  0.0000000E+00
  0.0000000E+00
  0.0000000E+00
  0.0000000E+00
  0.0000000E+00
  0.0000000E+00
  0.0000000E+00
  0.0000000E+00
  7.9072282E-02
  0.0000000E+00
  0.0000000E+00
  0.0000000E+00
  0.0000000E+00
  0.0000000E+00
  0.0000000E+00
  0.0000000E+00
  0.0000000E+00
  0.0000000E+00
  0.0000000E+00
  0.0000000E+00
  0.0000000E+00
  0.0000000E+00
  0.0000000E+00
  0.0000000E+00
  0.0000000E+00
  0.0000000E+00
  0.0000000E+00
  0.0000000E+00
  0.0000000E+00
  0.0000000E+00
  0.1167702    
  0.0000000E+00
  0.0000000E+00
  0.0000000E+00
  0.0000000E+00
  0.0000000E+00
  0.0000000E+00
  0.0000000E+00
  0.0000000E+00
  0.1340185    
  0.1338062    
  0.1876618    
  0.2086251    
  0.0000000E+00
  0.0000000E+00
  0.1167868    
  0.0000000E+00
  0.0000000E+00
  0.1371651    
  0.0000000E+00
  0.0000000E+00
  0.0000000E+00
  0.0000000E+00
  6.1906315E-02
  6.2110581E-02
  0.0000000E+00
  0.0000000E+00
  0.0000000E+00
  0.0000000E+00
  0.0000000E+00
  0.0000000E+00
  0.0000000E+00
  0.0000000E+00
  6.1987199E-02
  7.3148720E-02
  0.0000000E+00
  0.0000000E+00
  8.5669018E-02
  7.3454060E-02
  6.5886796E-02
  9.4699100E-02
  0.1324821    
  0.1307635    
  1.3060514E-02
  2.6222337E-02
  9.0795204E-02
  0.0000000E+00
  0.0000000E+00
  7.8413822E-02
  7.4947171E-02
  0.1153380    
  0.1111806    
  0.0000000E+00
  0.0000000E+00
  0.0000000E+00
  0.0000000E+00
  0.1645923    
  0.1512641    
  0.1503401    
  0.1889125    
  0.1875872    
  0.1042893    
  9.0806283E-02
  7.8404911E-02
  7.7737920E-02
  0.1150536    
  0.1141768    
  0.0000000E+00
  0.1482902    
  0.1473959    
  0.2724812    
  0.2960705    
  0.2868640    
  0.2569146    
  0.2489128    
  0.2165294    
  0.2169739    
  0.1973325    
  0.1832469    
  0.1737332    
  7.3160075E-02
  7.3069915E-02
  0.2492042    
  0.2417985    
  0.1829809    
  0.1832004    
  0.2399344    
  0.2620931    
  0.2604600    
  0.2182124    
  0.2245167    
  8.9551345E-02
  0.1093954    
  4.0430784E-02
  4.0675789E-02
  0.1458531    
  0.1691494    
  0.1640547    
  0.1272118    
  0.1323450    
  0.1458402    
  4.0671047E-02
  4.0435933E-02
  0.1688173    
  0.1675883    
  0.1323302    
  0.1282444    
  0.1159789    
  0.1453208    
  0.1779827    
  0.0000000E+00
  0.0000000E+00
  0.0000000E+00
  0.0000000E+00
  0.0000000E+00
  0.1186715    
  0.1450260    
  0.1995560    
  0.1925094    
  0.1237073    
  0.1172253    
  0.3418518    
  0.3049742    
  0.2311976    
  0.0000000E+00
  0.0000000E+00
  0.0000000E+00
  0.0000000E+00
  0.3046307    
  0.2591602    
  0.3634255    
  0.3612794    
  0.2896282    
  0.2799515    
  0.2906812    
  0.2806656    
  0.2759096    
  0.1605182    
  0.0000000E+00
  0.3366359    
  0.3267359    
  0.2236611    
  0.2760994    
  0.2495860    
  0.2384607    
 
 month:          11 year:        2010
  0.0000000E+00
  0.0000000E+00
  0.0000000E+00
  0.0000000E+00
  0.0000000E+00
  0.0000000E+00
  0.0000000E+00
  0.0000000E+00
  0.0000000E+00
  0.0000000E+00
  0.0000000E+00
  0.0000000E+00
  0.0000000E+00
  0.0000000E+00
  0.0000000E+00
  0.0000000E+00
  2.5989616E-04
  0.0000000E+00
  0.0000000E+00
  2.2896782E-03
  0.0000000E+00
  0.0000000E+00
  0.0000000E+00
  0.0000000E+00
  0.0000000E+00
  0.0000000E+00
  0.0000000E+00
  0.0000000E+00
  0.0000000E+00
  0.0000000E+00
  0.0000000E+00
  0.0000000E+00
  1.3066853E-03
  0.0000000E+00
  0.0000000E+00
  0.0000000E+00
  0.0000000E+00
  0.0000000E+00
  0.0000000E+00
  0.0000000E+00
  0.0000000E+00
  0.0000000E+00
  0.0000000E+00
  0.0000000E+00
  0.0000000E+00
  0.0000000E+00
  0.0000000E+00
  0.0000000E+00
  0.0000000E+00
  0.0000000E+00
  0.0000000E+00
  0.0000000E+00
  0.0000000E+00
  0.0000000E+00
  1.9296505E-03
  0.0000000E+00
  0.0000000E+00
  0.0000000E+00
  0.0000000E+00
  0.0000000E+00
  0.0000000E+00
  0.0000000E+00
  0.0000000E+00
  2.2146832E-03
  2.2111742E-03
  3.1011489E-03
  3.4475720E-03
  0.0000000E+00
  0.0000000E+00
  1.9299261E-03
  0.0000000E+00
  0.0000000E+00
  2.2666815E-03
  0.0000000E+00
  0.0000000E+00
  0.0000000E+00
  0.0000000E+00
  1.0230143E-03
  1.0263898E-03
  0.0000000E+00
  0.0000000E+00
  0.0000000E+00
  0.0000000E+00
  0.0000000E+00
  0.0000000E+00
  0.0000000E+00
  0.0000000E+00
  1.0243511E-03
  1.2087970E-03
  0.0000000E+00
  0.0000000E+00
  1.4156976E-03
  1.2138432E-03
  1.0887929E-03
  1.5649220E-03
  2.1892926E-03
  2.1608933E-03
  2.1582762E-04
  4.3332932E-04
  1.5004093E-03
  0.0000000E+00
  0.0000000E+00
  1.2958043E-03
  1.2385163E-03
  1.9059835E-03
  1.8372827E-03
  0.0000000E+00
  0.0000000E+00
  0.0000000E+00
  0.0000000E+00
  2.7199215E-03
  2.4996698E-03
  2.4843991E-03
  3.1218180E-03
  3.0999160E-03
  1.7234017E-03
  1.5005922E-03
  1.2956561E-03
  1.2846345E-03
  1.9012829E-03
  1.8867939E-03
  0.0000000E+00
  2.4509043E-03
  2.4361198E-03
  4.5028068E-03
  4.8926231E-03
  4.7404864E-03
  4.2455667E-03
  4.1133342E-03
  3.5781905E-03
  3.5855384E-03
  3.2609587E-03
  3.0281907E-03
  2.8709765E-03
  1.2089849E-03
  1.2074948E-03
  4.1181496E-03
  3.9957673E-03
  3.0237951E-03
  3.0274233E-03
  3.9649648E-03
  4.3311436E-03
  4.3041529E-03
  3.6060032E-03
  3.7101842E-03
  1.4798543E-03
  1.8077804E-03
  6.6812697E-04
  6.7217578E-04
  2.4102516E-03
  2.7952292E-03
  2.7110362E-03
  2.1022009E-03
  2.1870271E-03
  2.4100384E-03
  6.7209720E-04
  6.6821172E-04
  2.7897384E-03
  2.7694302E-03
  2.1867834E-03
  2.1192643E-03
  1.9165747E-03
  2.4014553E-03
  2.9411998E-03
  0.0000000E+00
  0.0000000E+00
  0.0000000E+00
  0.0000000E+00
  0.0000000E+00
  1.9610706E-03
  2.3965826E-03
  3.2977033E-03
  3.1812561E-03
  2.0442880E-03
  1.9371717E-03
  5.6491722E-03
  5.0397608E-03
  3.8205867E-03
  0.0000000E+00
  0.0000000E+00
  0.0000000E+00
  0.0000000E+00
  5.0340835E-03
  4.2826724E-03
  6.0056751E-03
  5.9702122E-03
  4.7861617E-03
  4.6262536E-03
  4.8035639E-03
  4.6380563E-03
  4.5594601E-03
  2.6525964E-03
  0.0000000E+00
  5.5629751E-03
  5.3993766E-03
  3.6960447E-03
  4.5625991E-03
  4.1244570E-03
  3.9406111E-03
 
 month:          12 year:        2010
  0.0000000E+00
  0.0000000E+00
  0.0000000E+00
  0.0000000E+00
  0.0000000E+00
  0.0000000E+00
  0.0000000E+00
  0.0000000E+00
  0.0000000E+00
  0.0000000E+00
  0.0000000E+00
  0.0000000E+00
  0.0000000E+00
  0.0000000E+00
  0.0000000E+00
  0.0000000E+00
  4.4428270E-06
  0.0000000E+00
  0.0000000E+00
  4.0678686E-05
  0.0000000E+00
  0.0000000E+00
  0.0000000E+00
  0.0000000E+00
  0.0000000E+00
  0.0000000E+00
  0.0000000E+00
  0.0000000E+00
  0.0000000E+00
  0.0000000E+00
  0.0000000E+00
  0.0000000E+00
  2.3214707E-05
  0.0000000E+00
  0.0000000E+00
  0.0000000E+00
  0.0000000E+00
  0.0000000E+00
  0.0000000E+00
  0.0000000E+00
  0.0000000E+00
  0.0000000E+00
  0.0000000E+00
  0.0000000E+00
  0.0000000E+00
  0.0000000E+00
  0.0000000E+00
  0.0000000E+00
  0.0000000E+00
  0.0000000E+00
  0.0000000E+00
  0.0000000E+00
  0.0000000E+00
  0.0000000E+00
  3.4282370E-05
  0.0000000E+00
  0.0000000E+00
  0.0000000E+00
  0.0000000E+00
  0.0000000E+00
  0.0000000E+00
  0.0000000E+00
  0.0000000E+00
  3.9346305E-05
  3.9283968E-05
  5.5095355E-05
  1.4276577E-02
  0.0000000E+00
  0.0000000E+00
  3.4287263E-05
  0.0000000E+00
  0.0000000E+00
  4.0270123E-05
  0.0000000E+00
  0.0000000E+00
  0.0000000E+00
  0.0000000E+00
  1.8174984E-05
  1.8234952E-05
  0.0000000E+00
  0.0000000E+00
  0.0000000E+00
  0.0000000E+00
  0.0000000E+00
  0.0000000E+00
  0.0000000E+00
  0.0000000E+00
  1.8198723E-05
  2.1475620E-05
  0.0000000E+00
  0.0000000E+00
  2.5151436E-05
  2.1565271E-05
  1.9343615E-05
  2.7802575E-05
  3.8895225E-05
  3.8390674E-05
  3.6599129E-06
  7.5797175E-06
  2.6656442E-05
  0.0000000E+00
  0.0000000E+00
  2.3021395E-05
  2.2003620E-05
  3.3861917E-05
  3.2641346E-05
  0.0000000E+00
  0.0000000E+00
  0.0000000E+00
  0.0000000E+00
  4.8322410E-05
  4.4409426E-05
  4.4138113E-05
  1.0868829E-02
  1.0268271E-02
  3.0618143E-05
  2.6659685E-05
  2.3018763E-05
  2.2822956E-05
  3.3778411E-05
  3.3520999E-05
  0.0000000E+00
  4.3543023E-05
  4.3280354E-05
  7.9997342E-05
  4.8386239E-02
  4.0998619E-02
  7.5427211E-05
  7.3077936E-05
  6.3570515E-05
  6.3701074E-05
  5.7934554E-05
  5.3799173E-05
  5.1006064E-05
  2.1478956E-05
  2.1452481E-05
  2.3001907E-03
  7.0989241E-05
  5.3721080E-05
  5.3785545E-05
  7.0441987E-05
  1.8794883E-02
  1.8121719E-02
  6.4064654E-05
  6.5915534E-05
  2.6291262E-05
  3.2117223E-05
  1.1810925E-05
  1.1882494E-05
  4.2820793E-05
  4.9660324E-05
  4.8164547E-05
  3.7347945E-05
  3.8854974E-05
  4.2816991E-05
  1.1881106E-05
  1.1812420E-05
  4.9562794E-05
  4.9202004E-05
  3.8850620E-05
  3.7651072E-05
  3.4050077E-05
  4.2664520E-05
  5.2253661E-05
  0.0000000E+00
  0.0000000E+00
  0.0000000E+00
  0.0000000E+00
  0.0000000E+00
  3.4840603E-05
  4.2577951E-05
  3.4681603E-02
  3.0848196E-02
  3.6319045E-05
  3.4416011E-05
  0.1438054    
  3.6544282E-02
  6.7876950E-05
  0.0000000E+00
  0.0000000E+00
  0.0000000E+00
  0.0000000E+00
  3.6348812E-02
  1.0436903E-02
  0.2192004    
  0.2171460    
  8.5031461E-05
  8.2190534E-05
  9.1195427E-02
  8.1988126E-02
  8.1003884E-05
  4.7126301E-05
  0.0000000E+00
  0.1835630    
  0.1743860    
  6.5664324E-05
  8.1059610E-05
  7.3275558E-05
  7.0009330E-05
 
 month:           1 year:        2011
  0.0000000E+00
  0.0000000E+00
  0.0000000E+00
  0.0000000E+00
  0.0000000E+00
  0.0000000E+00
  0.0000000E+00
  0.0000000E+00
  0.0000000E+00
  0.0000000E+00
  0.0000000E+00
  0.0000000E+00
  0.0000000E+00
  0.0000000E+00
  0.0000000E+00
  0.0000000E+00
  0.0000000E+00
  0.0000000E+00
  0.0000000E+00
  0.7853355    
  0.0000000E+00
  0.0000000E+00
  0.0000000E+00
  0.0000000E+00
  0.0000000E+00
  0.0000000E+00
  0.0000000E+00
  0.0000000E+00
  0.0000000E+00
  0.0000000E+00
  0.0000000E+00
  0.0000000E+00
  0.3550281    
  0.0000000E+00
  0.0000000E+00
  0.0000000E+00
  0.0000000E+00
  0.0000000E+00
  0.0000000E+00
  0.0000000E+00
  0.0000000E+00
  0.0000000E+00
  0.0000000E+00
  0.0000000E+00
  0.0000000E+00
  0.0000000E+00
  0.0000000E+00
  0.0000000E+00
  0.0000000E+00
  0.0000000E+00
  0.0000000E+00
  0.0000000E+00
  0.0000000E+00
  0.0000000E+00
  0.3905110    
  0.0000000E+00
  0.0000000E+00
  0.0000000E+00
  0.0000000E+00
  0.0000000E+00
  0.0000000E+00
  0.0000000E+00
  0.0000000E+00
  0.2997014    
  0.2992079    
  0.8169497    
  0.8990280    
  0.0000000E+00
  0.0000000E+00
  0.3905836    
  0.0000000E+00
  0.0000000E+00
  0.4841995    
  0.0000000E+00
  0.0000000E+00
  0.0000000E+00
  0.0000000E+00
  0.1198736    
  0.1205621    
  0.0000000E+00
  0.0000000E+00
  0.0000000E+00
  0.0000000E+00
  0.0000000E+00
  0.0000000E+00
  0.0000000E+00
  0.0000000E+00
  0.2871087    
  0.4129085    
  0.0000000E+00
  0.0000000E+00
  0.7985317    
  0.6271172    
  0.5212612    
   1.063577    
   1.133141    
   1.126028    
  2.3305411E-02
  7.6589823E-02
  0.3858455    
  0.0000000E+00
  0.0000000E+00
  0.2980038    
  0.2857079    
  0.4785682    
  0.4629211    
  0.0000000E+00
  0.0000000E+00
  0.0000000E+00
  0.0000000E+00
  0.8097428    
  0.7228684    
  0.7178479    
  0.8858605    
  0.8799525    
  0.3000914    
  0.3859144    
  0.2979607    
  0.2952021    
  0.4775519    
  0.4741488    
  0.0000000E+00
  4.6521637E-07
  4.6240996E-07
  0.9612123    
   1.058055    
   1.024039    
  0.8906491    
  0.8617089    
  0.4283634    
  0.4291426    
   1.075067    
   1.008878    
  0.9747400    
  1.1535596E-07
  1.1521382E-07
   1.137208    
   1.108415    
  0.2988376    
  0.2992961    
  0.8103228    
  0.8914168    
  0.8854727    
  0.7081530    
  0.7308836    
  0.1636398    
  0.2229491    
  0.0000000E+00
  0.0000000E+00
  0.3854703    
  0.4753914    
  0.4599799    
  0.2818070    
  0.2981529    
  0.3854271    
  0.0000000E+00
  0.0000000E+00
  0.4743559    
  0.4707767    
  0.2981032    
  0.2849972    
  0.1666750    
  0.2449792    
  0.4060535    
  0.0000000E+00
  0.0000000E+00
  0.0000000E+00
  0.0000000E+00
  0.0000000E+00
  0.1737241    
  0.2441565    
  0.5054422    
  0.4853356    
  8.5219011E-02
  6.8527505E-02
  0.9687246    
  0.8121594    
  0.5692456    
  0.0000000E+00
  0.0000000E+00
  0.0000000E+00
  0.0000000E+00
  0.8110278    
  0.6598653    
   1.054322    
   1.048253    
  0.6464947    
  0.6159295    
   1.047259    
   1.014897    
  0.7745178    
  0.3859807    
  0.0000000E+00
   1.136073    
   1.106521    
  0.5948990    
  0.7751104    
  0.4269338    
  0.3946066    
 
 month:           2 year:        2011
  0.0000000E+00
  0.0000000E+00
  0.0000000E+00
  0.0000000E+00
  0.0000000E+00
  0.0000000E+00
  0.0000000E+00
  0.0000000E+00
  0.0000000E+00
  0.0000000E+00
  0.0000000E+00
  0.0000000E+00
  0.0000000E+00
  0.0000000E+00
  0.0000000E+00
  0.0000000E+00
  0.0000000E+00
  0.0000000E+00
  0.0000000E+00
  7.0049189E-02
  0.0000000E+00
  0.0000000E+00
  0.0000000E+00
  0.0000000E+00
  0.0000000E+00
  0.0000000E+00
  0.0000000E+00
  0.0000000E+00
  0.0000000E+00
  0.0000000E+00
  0.0000000E+00
  0.0000000E+00
  3.9629333E-02
  0.0000000E+00
  0.0000000E+00
  0.0000000E+00
  0.0000000E+00
  0.0000000E+00
  0.0000000E+00
  0.0000000E+00
  0.0000000E+00
  0.0000000E+00
  0.0000000E+00
  0.0000000E+00
  0.0000000E+00
  0.0000000E+00
  0.0000000E+00
  0.0000000E+00
  0.0000000E+00
  0.0000000E+00
  0.0000000E+00
  0.0000000E+00
  0.0000000E+00
  0.0000000E+00
  4.2723529E-02
  0.0000000E+00
  0.0000000E+00
  0.0000000E+00
  0.0000000E+00
  0.0000000E+00
  0.0000000E+00
  0.0000000E+00
  0.0000000E+00
  4.7591168E-02
  4.7500603E-02
  7.3779278E-02
  7.8120433E-02
  0.0000000E+00
  0.0000000E+00
  4.2730231E-02
  0.0000000E+00
  0.0000000E+00
  4.8116975E-02
  0.0000000E+00
  0.0000000E+00
  0.0000000E+00
  0.0000000E+00
  1.5254682E-02
  1.5342487E-02
  0.0000000E+00
  0.0000000E+00
  0.0000000E+00
  0.0000000E+00
  0.0000000E+00
  0.0000000E+00
  0.0000000E+00
  0.0000000E+00
  3.6118861E-02
  5.1053975E-02
  0.0000000E+00
  0.0000000E+00
  7.6433398E-02
  6.3435018E-02
  5.5388752E-02
  9.1057353E-02
  9.5150687E-02
  9.4557881E-02
  3.1408630E-03
  9.8310495E-03
  4.1662768E-02
  0.0000000E+00
  0.0000000E+00
  3.6413498E-02
  3.5123184E-02
  4.7012504E-02
  4.5604914E-02
  0.0000000E+00
  0.0000000E+00
  0.0000000E+00
  0.0000000E+00
  7.1832448E-02
  6.6556796E-02
  6.6097908E-02
  7.5971462E-02
  7.5481683E-02
  4.7462128E-02
  4.1669123E-02
  3.6409095E-02
  3.6132272E-02
  4.6921384E-02
  4.6611086E-02
  0.0000000E+00
  0.0000000E+00
  0.0000000E+00
  8.0354065E-02
  8.4470771E-02
  8.1805751E-02
  7.5798400E-02
  7.3391169E-02
  6.3915201E-02
  6.4023130E-02
  8.8902868E-02
  8.4729485E-02
  8.1949554E-02
  0.0000000E+00
  0.0000000E+00
  9.2562795E-02
  9.0312622E-02
  4.6672802E-02
  4.6753734E-02
  6.9757648E-02
  7.3814899E-02
  7.3341243E-02
  6.2895022E-02
  6.4807042E-02
  2.0623768E-02
  2.8059194E-02
  0.0000000E+00
  0.0000000E+00
  4.0285833E-02
  4.5507587E-02
  4.4133868E-02
  3.3583142E-02
  3.5037898E-02
  4.0282097E-02
  0.0000000E+00
  0.0000000E+00
  4.5415103E-02
  4.5092270E-02
  3.5033129E-02
  3.3856370E-02
  2.1094996E-02
  3.0607842E-02
  4.1982908E-02
  0.0000000E+00
  0.0000000E+00
  0.0000000E+00
  0.0000000E+00
  0.0000000E+00
  2.1980036E-02
  3.0513344E-02
  4.6203747E-02
  4.4666097E-02
  1.0960359E-02
  8.8644056E-03
  7.7338859E-02
  7.0773058E-02
  5.3371053E-02
  0.0000000E+00
  0.0000000E+00
  0.0000000E+00
  0.0000000E+00
  7.0693485E-02
  6.0031470E-02
  8.1032872E-02
  8.0572747E-02
  6.3653417E-02
  6.1249003E-02
  8.4873170E-02
  8.2430556E-02
  7.3286697E-02
  4.3529704E-02
  0.0000000E+00
  8.8315986E-02
  8.6072177E-02
  5.9496708E-02
  7.3332511E-02
  5.2125122E-02
  4.8474517E-02
 
 month:           3 year:        2011
  0.0000000E+00
  0.0000000E+00
  0.0000000E+00
  0.0000000E+00
  0.0000000E+00
  0.0000000E+00
  0.0000000E+00
  0.0000000E+00
  0.0000000E+00
  0.0000000E+00
  0.0000000E+00
  0.0000000E+00
  0.0000000E+00
  0.0000000E+00
  0.0000000E+00
  0.0000000E+00
  0.0000000E+00
  0.0000000E+00
  0.0000000E+00
  1.5252022E-03
  0.0000000E+00
  0.0000000E+00
  0.0000000E+00
  0.0000000E+00
  0.0000000E+00
  0.0000000E+00
  0.0000000E+00
  0.0000000E+00
  0.0000000E+00
  0.0000000E+00
  0.0000000E+00
  0.0000000E+00
  8.6286152E-04
  0.0000000E+00
  0.0000000E+00
  0.0000000E+00
  0.0000000E+00
  0.0000000E+00
  0.0000000E+00
  0.0000000E+00
  0.0000000E+00
  0.0000000E+00
  0.0000000E+00
  0.0000000E+00
  0.0000000E+00
  0.0000000E+00
  0.0000000E+00
  0.0000000E+00
  0.0000000E+00
  0.0000000E+00
  0.0000000E+00
  0.0000000E+00
  0.0000000E+00
  0.0000000E+00
  9.3023240E-04
  0.0000000E+00
  0.0000000E+00
  0.0000000E+00
  0.0000000E+00
  0.0000000E+00
  0.0000000E+00
  0.0000000E+00
  0.0000000E+00
  1.0362169E-03
  1.0342455E-03
  1.6064188E-03
  1.7009397E-03
  0.0000000E+00
  0.0000000E+00
  9.3037786E-04
  0.0000000E+00
  0.0000000E+00
  1.0476655E-03
  0.0000000E+00
  0.0000000E+00
  0.0000000E+00
  0.0000000E+00
  3.3214464E-04
  3.3405650E-04
  0.0000000E+00
  0.0000000E+00
  0.0000000E+00
  0.0000000E+00
  0.0000000E+00
  0.0000000E+00
  0.0000000E+00
  0.0000000E+00
  7.8642700E-04
  1.1116134E-03
  0.0000000E+00
  0.0000000E+00
  1.6642072E-03
  1.3811897E-03
  1.2059959E-03
  1.9826193E-03
  2.0717450E-03
  2.0588373E-03
  6.8386980E-05
  2.1405444E-04
  9.0713595E-04
  0.0000000E+00
  0.0000000E+00
  7.9284213E-04
  7.6474750E-04
  1.0236173E-03
  9.9296926E-04
  0.0000000E+00
  0.0000000E+00
  0.0000000E+00
  0.0000000E+00
  1.5640290E-03
  1.4491612E-03
  1.4391692E-03
  1.6541490E-03
  1.6434852E-03
  1.0334072E-03
  9.0727431E-04
  7.9274608E-04
  7.8671909E-04
  1.0216330E-03
  1.0148771E-03
  0.0000000E+00
  0.0000000E+00
  0.0000000E+00
  1.7495737E-03
  1.8392073E-03
  1.7811812E-03
  1.6503810E-03
  1.5979679E-03
  1.3916447E-03
  1.3939947E-03
  1.9357097E-03
  1.8448406E-03
  1.7843127E-03
  0.0000000E+00
  0.0000000E+00
  2.0153983E-03
  1.9664026E-03
  1.0162211E-03
  1.0179828E-03
  1.5188543E-03
  1.6071935E-03
  1.5968808E-03
  1.3694323E-03
  1.4110628E-03
  4.4904728E-04
  6.1094115E-04
  0.0000000E+00
  0.0000000E+00
  8.7715557E-04
  9.9085039E-04
  9.6094009E-04
  7.3121593E-04
  7.6289038E-04
  8.7707408E-04
  0.0000000E+00
  0.0000000E+00
  9.8883675E-04
  9.8180794E-04
  7.6278683E-04
  7.3716464E-04
  4.5930760E-04
  6.6643360E-04
  9.1410649E-04
  0.0000000E+00
  0.0000000E+00
  0.0000000E+00
  0.0000000E+00
  0.0000000E+00
  4.7857792E-04
  6.6437630E-04
  1.0060082E-03
  9.7252819E-04
  2.3864312E-04
  1.9300741E-04
  1.6839225E-03
  1.5409631E-03
  1.1620640E-03
  0.0000000E+00
  0.0000000E+00
  0.0000000E+00
  0.0000000E+00
  1.5392308E-03
  1.3070834E-03
  1.7643528E-03
  1.7543341E-03
  1.3859450E-03
  1.3335926E-03
  1.8479687E-03
  1.7947847E-03
  1.5956938E-03
  9.4778516E-04
  0.0000000E+00
  1.9229302E-03
  1.8740747E-03
  1.2954398E-03
  1.5966916E-03
  1.1349357E-03
  1.0554503E-03
 
 month:           4 year:        2011
  0.0000000E+00
  0.0000000E+00
  0.0000000E+00
  0.0000000E+00
  0.0000000E+00
  0.0000000E+00
  0.0000000E+00
  0.0000000E+00
  0.0000000E+00
  0.0000000E+00
  0.0000000E+00
  0.0000000E+00
  0.0000000E+00
  0.0000000E+00
  0.0000000E+00
  0.0000000E+00
  0.0000000E+00
  0.0000000E+00
  0.0000000E+00
  2.5204266E-05
  0.0000000E+00
  0.0000000E+00
  0.0000000E+00
  0.0000000E+00
  0.0000000E+00
  0.0000000E+00
  0.0000000E+00
  0.0000000E+00
  0.0000000E+00
  0.0000000E+00
  0.0000000E+00
  0.0000000E+00
  1.4258960E-05
  0.0000000E+00
  0.0000000E+00
  0.0000000E+00
  0.0000000E+00
  0.0000000E+00
  0.0000000E+00
  0.0000000E+00
  0.0000000E+00
  0.0000000E+00
  0.0000000E+00
  0.0000000E+00
  0.0000000E+00
  0.0000000E+00
  0.0000000E+00
  0.0000000E+00
  0.0000000E+00
  0.0000000E+00
  0.0000000E+00
  0.0000000E+00
  0.0000000E+00
  0.0000000E+00
  1.5372278E-05
  0.0000000E+00
  0.0000000E+00
  0.0000000E+00
  0.0000000E+00
  0.0000000E+00
  0.0000000E+00
  0.0000000E+00
  0.0000000E+00
  1.7123682E-05
  1.7091113E-05
  2.6546388E-05
  2.8108359E-05
  0.0000000E+00
  0.0000000E+00
  1.5374681E-05
  0.0000000E+00
  0.0000000E+00
  1.7312886E-05
  0.0000000E+00
  0.0000000E+00
  0.0000000E+00
  0.0000000E+00
  5.3307476E-06
  5.3614312E-06
  0.0000000E+00
  0.0000000E+00
  0.0000000E+00
  0.0000000E+00
  0.0000000E+00
  0.0000000E+00
  0.0000000E+00
  0.0000000E+00
  1.2995863E-05
  1.8369639E-05
  0.0000000E+00
  0.0000000E+00
  2.7501354E-05
  2.2824430E-05
  1.9929319E-05
  3.2763182E-05
  3.4235989E-05
  3.4022702E-05
  8.8562103E-07
  3.3529213E-06
  1.4990605E-05
  0.0000000E+00
  0.0000000E+00
  1.3101873E-05
  1.2637602E-05
  1.6915479E-05
  1.6409018E-05
  0.0000000E+00
  0.0000000E+00
  0.0000000E+00
  0.0000000E+00
  2.5845891E-05
  2.3947681E-05
  2.3782561E-05
  2.7335145E-05
  2.7158925E-05
  1.7077262E-05
  1.4992884E-05
  1.3100293E-05
  1.3000691E-05
  1.6882688E-05
  1.6771050E-05
  0.0000000E+00
  0.0000000E+00
  0.0000000E+00
  2.8912060E-05
  3.0393261E-05
  2.9434370E-05
  2.7272868E-05
  2.6406748E-05
  2.2997207E-05
  2.3036038E-05
  3.1987998E-05
  3.0486352E-05
  2.9486117E-05
  0.0000000E+00
  0.0000000E+00
  3.3304867E-05
  3.2495198E-05
  1.6793252E-05
  1.6822367E-05
  2.5099365E-05
  2.6559192E-05
  2.6388778E-05
  2.2630147E-05
  2.3318098E-05
  7.3230417E-06
  1.0038361E-05
  0.0000000E+00
  0.0000000E+00
  1.4495166E-05
  1.6373999E-05
  1.5879721E-05
  1.2051340E-05
  1.2606925E-05
  1.4493823E-05
  0.0000000E+00
  0.0000000E+00
  1.6340722E-05
  1.6224572E-05
  1.2605205E-05
  1.2149377E-05
  7.4903719E-06
  1.0983649E-05
  1.5105790E-05
  0.0000000E+00
  0.0000000E+00
  0.0000000E+00
  0.0000000E+00
  0.0000000E+00
  7.8046260E-06
  1.0949732E-05
  1.6624479E-05
  1.6071221E-05
  3.7729149E-06
  2.9910436E-06
  2.7827156E-05
  2.5464717E-05
  1.9203344E-05
  0.0000000E+00
  0.0000000E+00
  0.0000000E+00
  0.0000000E+00
  2.5436098E-05
  2.1599813E-05
  2.9156272E-05
  2.8990717E-05
  2.2903021E-05
  2.2037897E-05
  3.0538053E-05
  2.9659175E-05
  2.6369147E-05
  1.5662339E-05
  0.0000000E+00
  3.1776817E-05
  3.0969466E-05
  2.1407406E-05
  2.6385647E-05
  1.8755036E-05
  1.7441538E-05
 
 month:           5 year:        2011
  0.0000000E+00
  0.0000000E+00
  0.0000000E+00
  0.0000000E+00
  0.0000000E+00
  0.0000000E+00
  0.0000000E+00
  0.0000000E+00
  0.0000000E+00
  0.0000000E+00
  0.0000000E+00
  0.0000000E+00
  0.0000000E+00
  0.0000000E+00
  0.0000000E+00
  0.0000000E+00
  0.0000000E+00
  0.0000000E+00
  0.0000000E+00
  2.2143230E-07
  0.0000000E+00
  0.0000000E+00
  0.0000000E+00
  0.0000000E+00
  0.0000000E+00
  0.0000000E+00
  0.0000000E+00
  0.0000000E+00
  0.0000000E+00
  0.0000000E+00
  0.0000000E+00
  0.0000000E+00
  0.0000000E+00
  0.0000000E+00
  0.0000000E+00
  0.0000000E+00
  0.0000000E+00
  0.0000000E+00
  0.0000000E+00
  0.0000000E+00
  0.0000000E+00
  0.0000000E+00
  0.0000000E+00
  0.0000000E+00
  0.0000000E+00
  0.0000000E+00
  0.0000000E+00
  0.0000000E+00
  0.0000000E+00
  0.0000000E+00
  0.0000000E+00
  0.0000000E+00
  0.0000000E+00
  0.0000000E+00
  3.4646206E-08
  0.0000000E+00
  0.0000000E+00
  0.0000000E+00
  0.0000000E+00
  0.0000000E+00
  0.0000000E+00
  0.0000000E+00
  0.0000000E+00
  7.2369573E-08
  7.2231927E-08
  2.3322355E-07
  6.9755465E-02
  0.0000000E+00
  0.0000000E+00
  3.4651631E-08
  0.0000000E+00
  0.0000000E+00
  7.3169211E-08
  0.0000000E+00
  0.0000000E+00
  0.0000000E+00
  0.0000000E+00
  0.0000000E+00
  0.0000000E+00
  0.0000000E+00
  0.0000000E+00
  0.0000000E+00
  0.0000000E+00
  0.0000000E+00
  0.0000000E+00
  0.0000000E+00
  0.0000000E+00
  0.0000000E+00
  7.7635349E-08
  0.0000000E+00
  0.0000000E+00
  2.4161338E-07
  1.7034600E-07
  1.1863011E-07
  3.5893237E-07
  3.9857067E-02
  3.7933473E-02
  0.0000000E+00
  0.0000000E+00
  3.3785991E-08
  0.0000000E+00
  0.0000000E+00
  0.0000000E+00
  0.0000000E+00
  7.1489673E-08
  6.9349205E-08
  0.0000000E+00
  0.0000000E+00
  0.0000000E+00
  0.0000000E+00
  2.2706934E-07
  1.7872921E-07
  1.7749684E-07
  2.4015324E-07
  2.3860500E-07
  7.2173393E-08
  3.3791128E-08
  0.0000000E+00
  0.0000000E+00
  7.1351081E-08
  7.0879267E-08
  0.0000000E+00
  0.0000000E+00
  0.0000000E+00
  2.8746265E-07
  3.0218970E-07
  2.9265573E-07
  2.3960604E-07
  2.3199665E-07
  1.7163549E-07
  1.7192529E-07
  3.5043990E-07
  3.0311517E-07
  2.9317027E-07
  0.0000000E+00
  0.0000000E+00
  3.6486679E-07
  3.5599646E-07
  7.0973080E-08
  7.1096146E-08
  2.2051069E-07
  2.3333598E-07
  2.3183887E-07
  1.6889602E-07
  1.7403043E-07
  0.0000000E+00
  0.0000000E+00
  0.0000000E+00
  0.0000000E+00
  3.2669355E-08
  6.9201221E-08
  3.5789895E-08
  0.0000000E+00
  0.0000000E+00
  3.2666339E-08
  0.0000000E+00
  0.0000000E+00
  3.6828911E-08
  3.6567126E-08
  0.0000000E+00
  0.0000000E+00
  0.0000000E+00
  0.0000000E+00
  3.4045595E-08
  0.0000000E+00
  0.0000000E+00
  0.0000000E+00
  0.0000000E+00
  0.0000000E+00
  0.0000000E+00
  0.0000000E+00
  7.0259823E-08
  3.6221493E-08
  0.0000000E+00
  0.0000000E+00
  2.4447573E-07
  2.2372052E-07
  1.1430878E-07
  0.0000000E+00
  0.0000000E+00
  0.0000000E+00
  0.0000000E+00
  2.2346912E-07
  1.6120627E-07
  2.8989081E-07
  2.8824468E-07
  1.7093257E-07
  1.6447585E-07
  3.0362935E-07
  2.9489104E-07
  2.3166639E-07
  3.5299955E-08
  0.0000000E+00
  3.1594584E-07
  3.0791875E-07
  1.5977031E-07
  2.3181136E-07
  1.1164018E-07
  7.3712933E-08
 
 month:           6 year:        2011
  0.0000000E+00
  0.0000000E+00
  0.0000000E+00
  0.0000000E+00
  0.0000000E+00
  0.0000000E+00
  0.0000000E+00
  0.0000000E+00
  0.0000000E+00
  0.0000000E+00
  0.0000000E+00
  0.0000000E+00
  0.0000000E+00
  0.0000000E+00
  0.0000000E+00
  0.0000000E+00
  0.0000000E+00
  0.0000000E+00
  0.0000000E+00
  0.4316463    
  0.0000000E+00
  0.0000000E+00
  0.0000000E+00
  0.0000000E+00
  0.0000000E+00
  0.0000000E+00
  0.0000000E+00
  0.0000000E+00
  0.0000000E+00
  0.0000000E+00
  0.0000000E+00
  0.0000000E+00
  0.1619663    
  0.0000000E+00
  0.0000000E+00
  0.0000000E+00
  0.0000000E+00
  0.0000000E+00
  0.0000000E+00
  0.0000000E+00
  0.0000000E+00
  0.0000000E+00
  0.0000000E+00
  0.0000000E+00
  0.0000000E+00
  0.0000000E+00
  0.0000000E+00
  0.0000000E+00
  0.0000000E+00
  0.0000000E+00
  0.0000000E+00
  0.0000000E+00
  0.0000000E+00
  0.0000000E+00
  6.1151247E-02
  0.0000000E+00
  0.0000000E+00
  0.0000000E+00
  0.0000000E+00
  0.0000000E+00
  0.0000000E+00
  0.0000000E+00
  0.0000000E+00
  0.0000000E+00
  0.0000000E+00
  0.2707882    
  0.3786791    
  0.0000000E+00
  0.0000000E+00
  6.1194278E-02
  0.0000000E+00
  0.0000000E+00
  0.1634923    
  0.0000000E+00
  0.0000000E+00
  0.0000000E+00
  0.0000000E+00
  0.0000000E+00
  0.0000000E+00
  0.0000000E+00
  0.0000000E+00
  0.0000000E+00
  0.0000000E+00
  0.0000000E+00
  0.0000000E+00
  0.0000000E+00
  0.0000000E+00
  0.0000000E+00
  0.0000000E+00
  0.0000000E+00
  0.0000000E+00
  0.2194859    
  0.1401192    
  9.2088379E-02
  0.4999579    
  0.6041921    
  0.5994193    
  0.0000000E+00
  0.0000000E+00
  0.1241354    
  0.0000000E+00
  0.0000000E+00
  7.8694761E-02
  7.1738385E-02
  0.2268162    
  0.2160017    
  0.0000000E+00
  0.0000000E+00
  0.0000000E+00
  0.0000000E+00
  0.3708318    
  0.3239618    
  0.3216270    
  0.4724355    
  0.4684825    
  0.0000000E+00
  0.1241832    
  7.8671575E-02
  7.7308513E-02
  0.2261302    
  0.2236317    
  0.0000000E+00
  0.0000000E+00
  0.0000000E+00
  0.6245436    
  0.7265142    
  0.7008252    
  0.5763449    
  0.5571113    
  0.0000000E+00
  0.0000000E+00
  0.6613467    
  0.6128776    
  0.5920306    
  0.0000000E+00
  0.0000000E+00
  0.7612237    
  0.7403691    
  0.0000000E+00
  0.0000000E+00
  0.4990247    
  0.6002128    
  0.5956609    
  0.4369813    
  0.4514426    
  0.0000000E+00
  0.0000000E+00
  0.0000000E+00
  0.0000000E+00
  0.2034201    
  0.3059900    
  0.2934859    
  0.1471614    
  0.1575726    
  0.2033890    
  0.0000000E+00
  0.0000000E+00
  0.3051498    
  0.3020732    
  0.1575447    
  0.1494894    
  0.0000000E+00
  0.0000000E+00
  0.0000000E+00
  0.0000000E+00
  0.0000000E+00
  0.0000000E+00
  0.0000000E+00
  0.0000000E+00
  0.0000000E+00
  0.0000000E+00
  2.4737088E-02
  1.7457703E-02
  0.0000000E+00
  0.0000000E+00
  0.1184222    
  0.0000000E+00
  0.0000000E+00
  0.0000000E+00
  0.0000000E+00
  0.0000000E+00
  0.0000000E+00
  0.0000000E+00
  0.0000000E+00
  0.2201503    
  0.2178426    
  0.0000000E+00
  0.0000000E+00
  0.1183862    
  0.1083546    
  0.0000000E+00
  0.0000000E+00
  0.0000000E+00
  0.2196162    
  0.2096070    
  0.0000000E+00
  0.0000000E+00
  0.0000000E+00
  0.0000000E+00
 
 month:           7 year:        2011
  0.0000000E+00
  0.0000000E+00
  0.0000000E+00
  0.0000000E+00
  0.0000000E+00
  0.0000000E+00
  0.0000000E+00
  0.0000000E+00
  0.0000000E+00
  0.0000000E+00
  0.0000000E+00
  0.0000000E+00
  0.0000000E+00
  0.0000000E+00
  0.0000000E+00
  0.0000000E+00
  0.0000000E+00
  0.0000000E+00
  0.0000000E+00
  0.1472261    
  0.0000000E+00
  0.0000000E+00
  0.0000000E+00
  0.0000000E+00
  0.0000000E+00
  0.0000000E+00
  0.0000000E+00
  0.0000000E+00
  0.0000000E+00
  0.0000000E+00
  0.0000000E+00
  0.0000000E+00
  5.5213366E-02
  0.0000000E+00
  0.0000000E+00
  0.0000000E+00
  0.0000000E+00
  0.0000000E+00
  0.0000000E+00
  0.0000000E+00
  0.0000000E+00
  0.0000000E+00
  0.0000000E+00
  0.0000000E+00
  0.0000000E+00
  0.0000000E+00
  0.0000000E+00
  0.0000000E+00
  0.0000000E+00
  0.0000000E+00
  0.0000000E+00
  0.0000000E+00
  0.0000000E+00
  0.0000000E+00
  2.0843586E-02
  0.0000000E+00
  0.0000000E+00
  0.0000000E+00
  0.0000000E+00
  0.0000000E+00
  0.0000000E+00
  0.0000000E+00
  0.0000000E+00
  0.0000000E+00
  0.0000000E+00
  9.2344560E-02
  0.1276233    
  0.0000000E+00
  0.0000000E+00
  2.0858251E-02
  0.0000000E+00
  0.0000000E+00
  5.5810496E-02
  0.0000000E+00
  0.0000000E+00
  0.0000000E+00
  0.0000000E+00
  0.0000000E+00
  0.0000000E+00
  0.0000000E+00
  0.0000000E+00
  0.0000000E+00
  0.0000000E+00
  0.0000000E+00
  0.0000000E+00
  0.0000000E+00
  0.0000000E+00
  0.0000000E+00
  0.0000000E+00
  0.0000000E+00
  0.0000000E+00
  7.4812442E-02
  4.7760036E-02
  3.1388596E-02
  0.1705361    
  0.2053933    
  0.2037385    
  0.0000000E+00
  0.0000000E+00
  4.2311907E-02
  0.0000000E+00
  0.0000000E+00
  2.6823346E-02
  2.4452241E-02
  7.7446677E-02
  7.3644958E-02
  0.0000000E+00
  0.0000000E+00
  0.0000000E+00
  0.0000000E+00
  0.1264776    
  0.1104234    
  0.1096276    
  0.1613540    
  0.1599475    
  0.0000000E+00
  4.2328235E-02
  2.6815441E-02
  2.6350841E-02
  7.7205360E-02
  7.6326609E-02
  0.0000000E+00
  0.0000000E+00
  0.0000000E+00
  0.2130388    
  0.2481542    
  0.2389616    
  0.1964488    
  0.1898931    
  0.0000000E+00
  0.0000000E+00
  0.2255948    
  0.2089012    
  0.2017954    
  0.0000000E+00
  0.0000000E+00
  0.2599409    
  0.2524729    
  0.0000000E+00
  0.0000000E+00
  0.1702082    
  0.2049979    
  0.2033727    
  0.1489464    
  0.1538756    
  0.0000000E+00
  0.0000000E+00
  0.0000000E+00
  0.0000000E+00
  6.9350950E-02
  0.1044890    
  0.1000718    
  5.0160415E-02
  5.3709097E-02
  6.9340125E-02
  0.0000000E+00
  0.0000000E+00
  0.1041920    
  0.1031047    
  5.3699587E-02
  5.0953925E-02
  0.0000000E+00
  0.0000000E+00
  0.0000000E+00
  0.0000000E+00
  0.0000000E+00
  0.0000000E+00
  0.0000000E+00
  0.0000000E+00
  0.0000000E+00
  0.0000000E+00
  8.4317084E-03
  5.9505110E-03
  0.0000000E+00
  0.0000000E+00
  4.0364541E-02
  0.0000000E+00
  0.0000000E+00
  0.0000000E+00
  0.0000000E+00
  0.0000000E+00
  0.0000000E+00
  0.0000000E+00
  0.0000000E+00
  7.5158812E-02
  7.4347526E-02
  0.0000000E+00
  0.0000000E+00
  4.0352304E-02
  3.6933005E-02
  0.0000000E+00
  0.0000000E+00
  0.0000000E+00
  7.4936368E-02
  7.1445189E-02
  0.0000000E+00
  0.0000000E+00
  0.0000000E+00
  0.0000000E+00
 
 month:           8 year:        2011
  0.0000000E+00
  0.0000000E+00
  0.0000000E+00
  0.0000000E+00
  0.0000000E+00
  0.0000000E+00
  0.0000000E+00
  0.0000000E+00
  0.0000000E+00
  0.0000000E+00
  0.0000000E+00
  0.0000000E+00
  0.0000000E+00
  0.0000000E+00
  0.0000000E+00
  0.0000000E+00
  0.0000000E+00
  0.0000000E+00
  0.0000000E+00
  2.3599430E-03
  0.0000000E+00
  0.0000000E+00
  0.0000000E+00
  0.0000000E+00
  0.0000000E+00
  0.0000000E+00
  0.0000000E+00
  0.0000000E+00
  0.0000000E+00
  0.0000000E+00
  0.0000000E+00
  0.0000000E+00
  8.8503590E-04
  0.0000000E+00
  0.0000000E+00
  0.0000000E+00
  0.0000000E+00
  0.0000000E+00
  0.0000000E+00
  0.0000000E+00
  0.0000000E+00
  0.0000000E+00
  0.0000000E+00
  0.0000000E+00
  0.0000000E+00
  0.0000000E+00
  0.0000000E+00
  0.0000000E+00
  0.0000000E+00
  0.0000000E+00
  0.0000000E+00
  0.0000000E+00
  0.0000000E+00
  0.0000000E+00
  3.3410965E-04
  0.0000000E+00
  0.0000000E+00
  0.0000000E+00
  0.0000000E+00
  0.0000000E+00
  0.0000000E+00
  0.0000000E+00
  0.0000000E+00
  0.0000000E+00
  0.0000000E+00
  1.4802256E-03
  2.0457217E-03
  0.0000000E+00
  0.0000000E+00
  3.3434469E-04
  0.0000000E+00
  0.0000000E+00
  8.9460728E-04
  0.0000000E+00
  0.0000000E+00
  0.0000000E+00
  0.0000000E+00
  0.0000000E+00
  0.0000000E+00
  0.0000000E+00
  0.0000000E+00
  0.0000000E+00
  0.0000000E+00
  0.0000000E+00
  0.0000000E+00
  0.0000000E+00
  0.0000000E+00
  0.0000000E+00
  0.0000000E+00
  0.0000000E+00
  0.0000000E+00
  1.1991966E-03
  7.6556322E-04
  5.0313969E-04
  2.7335873E-03
  3.2923247E-03
  3.2658007E-03
  0.0000000E+00
  0.0000000E+00
  6.7823374E-04
  0.0000000E+00
  0.0000000E+00
  4.2996139E-04
  3.9195397E-04
  1.2414217E-03
  1.1804826E-03
  0.0000000E+00
  0.0000000E+00
  0.0000000E+00
  0.0000000E+00
  2.0273568E-03
  1.7700178E-03
  1.7572610E-03
  2.5864036E-03
  2.5638575E-03
  0.0000000E+00
  6.7849515E-04
  4.2983468E-04
  4.2238741E-04
  1.2375535E-03
  1.2234683E-03
  0.0000000E+00
  0.0000000E+00
  0.0000000E+00
  3.4148779E-03
  3.9777556E-03
  3.8304054E-03
  3.1489513E-03
  3.0438674E-03
  0.0000000E+00
  0.0000000E+00
  3.6161423E-03
  3.3485563E-03
  3.2346551E-03
  0.0000000E+00
  0.0000000E+00
  4.1666883E-03
  4.0469808E-03
  0.0000000E+00
  0.0000000E+00
  2.7283318E-03
  3.2859882E-03
  3.2599368E-03
  2.3875181E-03
  2.4665289E-03
  0.0000000E+00
  0.0000000E+00
  0.0000000E+00
  0.0000000E+00
  1.1116527E-03
  1.6748926E-03
  1.6040879E-03
  8.0404017E-04
  8.6092274E-04
  1.1114784E-03
  0.0000000E+00
  0.0000000E+00
  1.6701324E-03
  1.6527050E-03
  8.6077058E-04
  8.1675930E-04
  0.0000000E+00
  0.0000000E+00
  0.0000000E+00
  0.0000000E+00
  0.0000000E+00
  0.0000000E+00
  0.0000000E+00
  0.0000000E+00
  0.0000000E+00
  0.0000000E+00
  1.3515499E-04
  9.5382980E-05
  0.0000000E+00
  0.0000000E+00
  6.4701826E-04
  0.0000000E+00
  0.0000000E+00
  0.0000000E+00
  0.0000000E+00
  0.0000000E+00
  0.0000000E+00
  0.0000000E+00
  0.0000000E+00
  1.2047484E-03
  1.1917440E-03
  0.0000000E+00
  0.0000000E+00
  6.4682210E-04
  5.9201295E-04
  0.0000000E+00
  0.0000000E+00
  0.0000000E+00
  1.2011826E-03
  1.1452215E-03
  0.0000000E+00
  0.0000000E+00
  0.0000000E+00
  0.0000000E+00
 
 month:           9 year:        2011
  0.0000000E+00
  0.0000000E+00
  0.0000000E+00
  0.0000000E+00
  0.0000000E+00
  0.0000000E+00
  0.0000000E+00
  0.0000000E+00
  0.0000000E+00
  0.0000000E+00
  0.0000000E+00
  0.0000000E+00
  0.0000000E+00
  0.0000000E+00
  0.0000000E+00
  0.0000000E+00
  0.0000000E+00
  0.0000000E+00
  0.0000000E+00
  0.1709497    
  0.0000000E+00
  0.0000000E+00
  0.0000000E+00
  0.0000000E+00
  0.0000000E+00
  0.0000000E+00
  0.0000000E+00
  0.0000000E+00
  0.0000000E+00
  0.0000000E+00
  0.0000000E+00
  0.0000000E+00
  5.0644740E-03
  0.0000000E+00
  0.0000000E+00
  0.0000000E+00
  0.0000000E+00
  0.0000000E+00
  0.0000000E+00
  0.0000000E+00
  0.0000000E+00
  0.0000000E+00
  0.0000000E+00
  0.0000000E+00
  0.0000000E+00
  0.0000000E+00
  0.0000000E+00
  0.0000000E+00
  0.0000000E+00
  0.0000000E+00
  0.0000000E+00
  0.0000000E+00
  0.0000000E+00
  0.0000000E+00
  0.1183969    
  0.0000000E+00
  0.0000000E+00
  0.0000000E+00
  0.0000000E+00
  0.0000000E+00
  0.0000000E+00
  0.0000000E+00
  0.0000000E+00
  0.0000000E+00
  0.0000000E+00
  0.3471221    
  0.4502275    
  0.0000000E+00
  0.0000000E+00
  0.1184376    
  0.0000000E+00
  0.0000000E+00
  0.1935987    
  0.0000000E+00
  0.0000000E+00
  0.0000000E+00
  0.0000000E+00
  0.0000000E+00
  0.0000000E+00
  0.0000000E+00
  0.0000000E+00
  0.0000000E+00
  0.0000000E+00
  0.0000000E+00
  0.0000000E+00
  0.0000000E+00
  0.0000000E+00
  0.0000000E+00
  0.0000000E+00
  0.0000000E+00
  0.0000000E+00
  0.1809741    
  0.1055863    
  5.8853425E-02
  0.4555590    
  0.5834341    
  0.5790604    
  0.0000000E+00
  0.0000000E+00
  0.1051743    
  0.0000000E+00
  0.0000000E+00
  6.2200412E-02
  5.5122361E-02
  0.1962778    
  0.1861541    
  0.0000000E+00
  0.0000000E+00
  0.0000000E+00
  0.0000000E+00
  0.3298748    
  0.2762677    
  0.2738994    
  0.4538721    
  0.4502465    
  0.0000000E+00
  0.1052171    
  6.2176526E-02
  6.0718141E-02
  0.1956284    
  0.1932764    
  0.0000000E+00
  0.0000000E+00
  0.0000000E+00
  5.6431520E-05
  6.5733191E-05
  6.3298197E-05
  5.2037063E-05
  5.0300518E-05
  0.0000000E+00
  0.0000000E+00
  5.9757458E-05
  5.5335553E-05
  5.3453325E-05
  0.0000000E+00
  0.0000000E+00
  6.8855341E-05
  6.6877168E-05
  0.0000000E+00
  0.0000000E+00
  4.5086224E-05
  5.4301621E-05
  5.3871110E-05
  3.9454215E-05
  4.0759893E-05
  0.0000000E+00
  0.0000000E+00
  0.0000000E+00
  0.0000000E+00
  1.8370276E-05
  2.7677926E-05
  2.6507883E-05
  1.3286921E-05
  1.4226917E-05
  1.8367396E-05
  0.0000000E+00
  0.0000000E+00
  2.7599273E-05
  2.7311282E-05
  1.4224406E-05
  1.3497113E-05
  0.0000000E+00
  0.0000000E+00
  0.0000000E+00
  0.0000000E+00
  0.0000000E+00
  0.0000000E+00
  0.0000000E+00
  0.0000000E+00
  0.0000000E+00
  0.0000000E+00
  5.7772331E-02
  4.8656102E-02
  0.0000000E+00
  0.0000000E+00
  0.1789000    
  1.7076036E-02
  0.0000000E+00
  0.0000000E+00
  0.0000000E+00
  0.0000000E+00
  0.0000000E+00
  1.6934108E-02
  0.0000000E+00
  0.2993664    
  0.2966621    
  0.0000000E+00
  0.0000000E+00
  0.1308011    
  0.1172331    
  0.0000000E+00
  0.0000000E+00
  0.0000000E+00
  0.2558905    
  0.2430045    
  0.0000000E+00
  0.0000000E+00
  0.0000000E+00
  0.0000000E+00
 
 month:          10 year:        2011
  0.0000000E+00
  0.0000000E+00
  0.0000000E+00
  0.0000000E+00
  0.0000000E+00
  0.0000000E+00
  0.0000000E+00
  0.0000000E+00
  0.0000000E+00
  0.0000000E+00
  0.0000000E+00
  0.0000000E+00
  0.0000000E+00
  0.0000000E+00
  0.0000000E+00
  0.0000000E+00
  0.0000000E+00
  0.0000000E+00
  0.0000000E+00
  0.7782367    
  0.0000000E+00
  0.0000000E+00
  0.0000000E+00
  0.0000000E+00
  0.0000000E+00
  0.0000000E+00
  0.0000000E+00
  0.0000000E+00
  0.0000000E+00
  0.0000000E+00
  0.0000000E+00
  0.0000000E+00
  0.3939573    
  0.0000000E+00
  0.0000000E+00
  0.0000000E+00
  0.0000000E+00
  0.0000000E+00
  0.0000000E+00
  0.0000000E+00
  0.0000000E+00
  0.0000000E+00
  0.0000000E+00
  0.0000000E+00
  0.0000000E+00
  0.0000000E+00
  0.0000000E+00
  0.0000000E+00
  0.0000000E+00
  0.0000000E+00
  0.0000000E+00
  0.0000000E+00
  0.0000000E+00
  0.0000000E+00
  0.4182037    
  0.0000000E+00
  0.0000000E+00
  0.0000000E+00
  0.0000000E+00
  0.0000000E+00
  0.0000000E+00
  0.0000000E+00
  0.0000000E+00
  0.0000000E+00
  0.0000000E+00
  0.9118657    
  0.9549686    
  0.0000000E+00
  0.0000000E+00
  0.4182707    
  0.0000000E+00
  0.0000000E+00
  0.4848504    
  0.0000000E+00
  0.0000000E+00
  0.0000000E+00
  0.0000000E+00
  0.1116698    
  0.1122852    
  0.0000000E+00
  0.0000000E+00
  0.0000000E+00
  0.0000000E+00
  0.0000000E+00
  0.0000000E+00
  0.0000000E+00
  0.0000000E+00
  0.7950321    
  0.9642351    
  0.0000000E+00
  0.0000000E+00
   1.296334    
   1.084637    
  0.9537543    
   1.637730    
   1.721412    
   1.711338    
  0.0000000E+00
  5.5090138E-03
  0.3986094    
  0.0000000E+00
  0.0000000E+00
  0.3508317    
  0.3383140    
  0.4677059    
  0.4545727    
  0.0000000E+00
  0.0000000E+00
  0.0000000E+00
  0.0000000E+00
  0.8836918    
  0.8624614    
  0.8571544    
  0.9322040    
  0.9269525    
  0.0000000E+00
  0.3986763    
  0.3507859    
  0.3480544    
  0.4668738    
  0.4638498    
  0.0000000E+00
  0.0000000E+00
  0.0000000E+00
  0.8704302    
  0.8693925    
  0.8470927    
  0.8627017    
  0.8352778    
  0.0000000E+00
  0.0000000E+00
   1.154824    
   1.108655    
   1.073087    
  0.0000000E+00
  0.0000000E+00
   1.194379    
   1.167044    
  0.0000000E+00
  0.0000000E+00
  0.7274243    
  0.7426964    
  0.7385718    
  0.6817102    
  0.7027286    
  7.9050668E-02
  0.1462246    
  0.0000000E+00
  0.0000000E+00
  0.3123038    
  0.3820347    
  0.3698067    
  0.2603863    
  0.2746783    
  0.3122705    
  0.0000000E+00
  0.0000000E+00
  0.3812144    
  0.3782184    
  0.2746341    
  0.2632959    
  0.1683882    
  0.2459780    
  0.3447477    
  0.0000000E+00
  0.0000000E+00
  0.0000000E+00
  0.0000000E+00
  0.0000000E+00
  0.1756415    
  0.2451948    
  0.4507877    
  0.4329866    
  0.0000000E+00
  0.0000000E+00
   1.167084    
  0.9801736    
  0.7207360    
  0.0000000E+00
  0.0000000E+00
  0.0000000E+00
  0.0000000E+00
  0.9787304    
  0.7936480    
   1.253182    
   1.246745    
  0.7861494    
  0.7584752    
   1.535489    
   1.483989    
   1.369596    
  0.9573368    
  0.0000000E+00
   1.848042    
   1.798476    
   1.195239    
   1.370097    
   1.183870    
   1.139922    
 
 month:          11 year:        2011
  0.0000000E+00
  0.0000000E+00
  0.0000000E+00
  0.0000000E+00
  0.0000000E+00
  0.0000000E+00
  0.0000000E+00
  0.0000000E+00
  0.0000000E+00
  0.0000000E+00
  0.0000000E+00
  0.0000000E+00
  0.0000000E+00
  0.0000000E+00
  0.0000000E+00
  0.0000000E+00
  0.0000000E+00
  0.0000000E+00
  0.0000000E+00
  0.3052919    
  0.0000000E+00
  0.0000000E+00
  0.0000000E+00
  0.0000000E+00
  0.0000000E+00
  0.0000000E+00
  0.0000000E+00
  0.0000000E+00
  0.0000000E+00
  0.0000000E+00
  0.0000000E+00
  0.0000000E+00
  9.8436967E-02
  0.0000000E+00
  0.0000000E+00
  0.0000000E+00
  0.0000000E+00
  0.0000000E+00
  0.0000000E+00
  0.0000000E+00
  0.0000000E+00
  0.0000000E+00
  0.0000000E+00
  0.0000000E+00
  0.0000000E+00
  0.0000000E+00
  0.0000000E+00
  0.0000000E+00
  0.0000000E+00
  0.0000000E+00
  0.0000000E+00
  0.0000000E+00
  0.0000000E+00
  0.0000000E+00
  9.9204697E-02
  0.0000000E+00
  0.0000000E+00
  0.0000000E+00
  0.0000000E+00
  0.0000000E+00
  0.0000000E+00
  0.0000000E+00
  0.0000000E+00
  6.6265888E-03
  6.3525783E-03
  0.2669960    
  0.3050679    
  0.0000000E+00
  0.0000000E+00
  9.9232413E-02
  0.0000000E+00
  0.0000000E+00
  0.1475586    
  0.0000000E+00
  0.0000000E+00
  0.0000000E+00
  0.0000000E+00
  5.5338317E-03
  5.5643297E-03
  0.0000000E+00
  0.0000000E+00
  0.0000000E+00
  0.0000000E+00
  0.0000000E+00
  0.0000000E+00
  0.0000000E+00
  0.0000000E+00
  3.5776939E-02
  5.0490748E-02
  0.0000000E+00
  0.0000000E+00
  0.1433142    
  8.5130773E-02
  4.9186002E-02
  0.3394184    
  0.3974266    
  0.3944837    
  0.0000000E+00
  2.7300083E-04
  0.1125137    
  0.0000000E+00
  0.0000000E+00
  7.2100803E-02
  6.7961968E-02
  0.1589142    
  0.1531583    
  0.0000000E+00
  0.0000000E+00
  0.0000000E+00
  0.0000000E+00
  0.2874502    
  0.2336275    
  0.2316332    
  0.3599364    
  0.3566870    
  1.3453807E-03
  0.1125428    
  7.2085604E-02
  7.1177229E-02
  0.1585491    
  0.1572285    
  0.0000000E+00
  0.0000000E+00
  0.0000000E+00
  0.5524454    
  0.6373984    
  0.6145834    
  0.4454896    
  0.4268486    
  0.0000000E+00
  0.0000000E+00
  0.4386339    
  0.3572630    
  0.3372886    
  0.0000000E+00
  0.0000000E+00
  0.5800577    
  0.5603020    
  0.0000000E+00
  0.0000000E+00
  0.4291931    
  0.5151173    
  0.5111088    
  0.3062760    
  0.3201745    
  1.8474439E-02
  4.3403674E-02
  0.0000000E+00
  0.0000000E+00
  0.1208514    
  0.2006598    
  0.1907285    
  6.3572787E-02
  6.9239207E-02
  0.1208364    
  0.0000000E+00
  0.0000000E+00
  0.1999794    
  0.1974971    
  6.9221765E-02
  6.4731911E-02
  7.7537624E-03
  2.2591075E-02
  0.1003964    
  0.0000000E+00
  0.0000000E+00
  0.0000000E+00
  0.0000000E+00
  0.0000000E+00
  8.0745937E-03
  2.2288341E-02
  0.1472000    
  0.1406309    
  0.0000000E+00
  0.0000000E+00
  0.3251562    
  0.2381409    
  0.1499233    
  0.0000000E+00
  0.0000000E+00
  0.0000000E+00
  0.0000000E+00
  0.2377152    
  0.1810506    
  0.4148836    
  0.4118407    
  0.1538654    
  0.1440696    
  0.2603187    
  0.2474387    
  7.4842691E-02
  4.1821815E-02
  0.0000000E+00
  0.3500620    
  0.3380418    
  5.2212898E-02
  7.5028107E-02
  5.1848624E-02
  4.9930252E-02
 
 month:          12 year:        2011
  0.0000000E+00
  0.0000000E+00
  0.0000000E+00
  0.0000000E+00
  0.0000000E+00
  0.0000000E+00
  0.0000000E+00
  0.0000000E+00
  0.0000000E+00
  0.0000000E+00
  0.0000000E+00
  0.0000000E+00
  0.0000000E+00
  0.0000000E+00
  0.0000000E+00
  0.0000000E+00
  0.0000000E+00
  0.0000000E+00
  0.0000000E+00
   1.300166    
  0.0000000E+00
  0.0000000E+00
  0.0000000E+00
  0.0000000E+00
  0.0000000E+00
  0.0000000E+00
  0.0000000E+00
  0.0000000E+00
  0.0000000E+00
  0.0000000E+00
  0.0000000E+00
  0.0000000E+00
  0.8276852    
  0.0000000E+00
  0.0000000E+00
  0.0000000E+00
  0.0000000E+00
  0.0000000E+00
  0.0000000E+00
  0.0000000E+00
  0.0000000E+00
  0.0000000E+00
  0.0000000E+00
  0.0000000E+00
  0.0000000E+00
  0.0000000E+00
  0.0000000E+00
  0.0000000E+00
  0.0000000E+00
  0.0000000E+00
  0.0000000E+00
  0.0000000E+00
  0.0000000E+00
  0.0000000E+00
  0.9553462    
  0.1402988    
  0.1394258    
  0.0000000E+00
  0.0000000E+00
  0.0000000E+00
  0.0000000E+00
  0.0000000E+00
  0.0000000E+00
   1.076951    
   1.075351    
   1.497906    
   1.591577    
  0.1394821    
  0.1402775    
  0.9554949    
  0.0000000E+00
  0.0000000E+00
   1.055927    
  0.0000000E+00
  0.0000000E+00
  0.0000000E+00
  0.0000000E+00
  0.5495034    
  0.5511881    
  0.0000000E+00
  0.0000000E+00
  0.0000000E+00
  0.0000000E+00
  0.0000000E+00
  0.0000000E+00
  0.0000000E+00
  0.0000000E+00
   1.242291    
   1.494215    
  0.0000000E+00
  0.0000000E+00
   1.601489    
   1.344572    
   1.185707    
   1.874310    
   1.956782    
   1.944317    
  0.5890628    
  0.7403010    
   1.020071    
  0.0000000E+00
  0.0000000E+00
  0.9269173    
  0.9002674    
   1.113255    
   1.081767    
  0.1637404    
  0.1647284    
  0.0000000E+00
  0.0000000E+00
   1.584931    
   1.479258    
   1.470296    
   1.668292    
   1.657787    
   1.134641    
   1.020227    
  0.9268184    
  0.9209130    
   1.111252    
   1.104022    
  0.1637404    
  0.0000000E+00
  0.0000000E+00
   1.710468    
   1.792671    
   1.737544    
   1.615448    
   1.567845    
   1.150750    
   1.152727    
   1.788737    
   1.703228    
   1.650688    
  0.6650841    
  0.6632214    
   1.864616    
   1.818773    
  0.7797220    
  0.7815260    
   1.507412    
   1.586403    
   1.576360    
   1.374085    
   1.411797    
  0.6959556    
  0.8260602    
  5.4084393E-04
  8.2792621E-04
  0.9720494    
   1.057010    
   1.027483    
  0.8371375    
  0.8685251    
  0.9719713    
  8.2128897E-04
  5.4955966E-04
   1.055024    
   1.047791    
  0.8684276    
  0.8435280    
  0.8350582    
   1.034496    
   1.198014    
  0.0000000E+00
  0.0000000E+00
  0.0000000E+00
  0.2543696    
  0.2556021    
  0.8538300    
   1.032511    
   1.293952    
   1.253236    
  0.8884656    
  0.8405640    
   2.011146    
   1.849062    
   1.403569    
  0.0000000E+00
  0.0000000E+00
  0.0000000E+00
  0.0000000E+00
   1.847008    
   1.571581    
   2.087556    
   2.076364    
   1.718648    
   1.661419    
   2.041075    
   1.981695    
   1.742208    
   1.020225    
  0.0000000E+00
   2.142001    
   2.087982    
   1.411359    
   1.743256    
   1.386076    
   1.322469    
 
 month:           1 year:        2012
  0.0000000E+00
  0.0000000E+00
  0.0000000E+00
  0.0000000E+00
  0.0000000E+00
  0.0000000E+00
  0.0000000E+00
  0.0000000E+00
  0.0000000E+00
  0.0000000E+00
  0.0000000E+00
  0.0000000E+00
  0.0000000E+00
  0.0000000E+00
  0.0000000E+00
  0.0000000E+00
  0.3593566    
  0.0000000E+00
  0.0000000E+00
  0.6916689    
  0.0000000E+00
  0.0000000E+00
  0.0000000E+00
  0.0000000E+00
  0.0000000E+00
  0.0000000E+00
  0.0000000E+00
  0.0000000E+00
  0.0000000E+00
  0.0000000E+00
  0.0000000E+00
  0.0000000E+00
  0.2785527    
  0.0000000E+00
  0.0000000E+00
  0.0000000E+00
  0.0000000E+00
  0.0000000E+00
  0.0000000E+00
  0.0000000E+00
  0.0000000E+00
  0.0000000E+00
  0.0000000E+00
  0.0000000E+00
  0.0000000E+00
  0.0000000E+00
  0.0000000E+00
  0.0000000E+00
  0.0000000E+00
  0.0000000E+00
  0.0000000E+00
  0.0000000E+00
  0.0000000E+00
  0.0000000E+00
  0.2421085    
  5.2313227E-02
  5.2039862E-02
  0.0000000E+00
  0.0000000E+00
  0.0000000E+00
  0.0000000E+00
  0.0000000E+00
  0.0000000E+00
  0.3241057    
  0.3236833    
  0.5859408    
  0.6312160    
  5.2057456E-02
  5.2306555E-02
  0.2421532    
  0.0000000E+00
  0.0000000E+00
  0.2962105    
  0.0000000E+00
  0.0000000E+00
  0.0000000E+00
  0.0000000E+00
  6.4524256E-02
  6.4674713E-02
  0.0000000E+00
  0.0000000E+00
  0.0000000E+00
  0.0000000E+00
  0.0000000E+00
  0.0000000E+00
  0.0000000E+00
  0.0000000E+00
  0.4927303    
  0.5776899    
  0.0000000E+00
  0.0000000E+00
  0.6976551    
  0.5922777    
  0.5272056    
  0.7558414    
  0.7932022    
  0.7881388    
  7.5115182E-02
  8.7909840E-02
  0.2186502    
  0.0000000E+00
  0.0000000E+00
  0.1793654    
  0.1721277    
  0.2704319    
  0.2617041    
  5.7230670E-02
  5.7505593E-02
  0.0000000E+00
  0.0000000E+00
  0.5307105    
  0.5018154    
  0.4989744    
  0.5757302    
  0.5718274    
  0.2996647    
  0.2186933    
  0.1793394    
  0.1778014    
  0.2698783    
  0.2678707    
  5.7230670E-02
  0.0000000E+00
  0.0000000E+00
  0.7910451    
  0.8251376    
  0.7999099    
  0.7905878    
  0.7684714    
  0.4932385    
  0.4938301    
  0.9285310    
  0.9276192    
  0.9016846    
  0.6108326    
  0.6100665    
  0.9531647    
  0.9307426    
  0.3623284    
  0.3628227    
  0.6455069    
  0.6814891    
  0.6770909    
  0.6199650    
  0.6364377    
  0.1471646    
  0.1888345    
  1.9049321E-04
  2.9160781E-04
  0.2675431    
  0.3167083    
  0.3074001    
  0.2269260    
  0.2371745    
  0.2675172    
  2.8927001E-04
  1.9356296E-04
  0.3160245    
  0.3136933    
  0.2371446    
  0.2291039    
  9.4987884E-02
  0.1131276    
  0.1684447    
  0.0000000E+00
  0.0000000E+00
  0.0000000E+00
  8.1970878E-02
  8.2225837E-02
  9.6664868E-02
  0.1129431    
  0.2088385    
  0.2006943    
  0.1075556    
  0.1034536    
  0.4699035    
  0.4113126    
  0.2969604    
  0.0000000E+00
  0.0000000E+00
  0.0000000E+00
  0.0000000E+00
  0.4107824    
  0.3399561    
  0.5110859    
  0.5079638    
  0.3320757    
  0.3184476    
  0.5373380    
  0.5210050    
  0.4718703    
  0.2876456    
  0.0000000E+00
  0.5748447    
  0.5594608    
  0.3857398    
  0.4721589    
  0.3953553    
  0.3794687    
 
 month:           2 year:        2012
  0.0000000E+00
  0.0000000E+00
  0.4170449    
  2.0372326E-02
  1.8790049E-02
  0.0000000E+00
  0.0000000E+00
  0.0000000E+00
  0.0000000E+00
  0.0000000E+00
  0.0000000E+00
  0.0000000E+00
  0.0000000E+00
  0.0000000E+00
  0.0000000E+00
  0.0000000E+00
   1.719260    
   1.367855    
   1.371599    
   2.057214    
  0.0000000E+00
  0.0000000E+00
  0.1852522    
  0.1996905    
  0.0000000E+00
  0.0000000E+00
  0.2549789    
  0.0000000E+00
  1.8790103E-02
  2.0418538E-02
  0.0000000E+00
  0.0000000E+00
   1.208231    
  0.0000000E+00
  0.0000000E+00
  0.0000000E+00
  0.0000000E+00
  0.0000000E+00
  0.0000000E+00
  0.0000000E+00
  0.0000000E+00
  0.0000000E+00
  0.0000000E+00
  0.0000000E+00
  0.0000000E+00
  0.0000000E+00
  0.0000000E+00
  0.0000000E+00
  0.0000000E+00
  0.0000000E+00
  0.0000000E+00
  0.0000000E+00
  0.0000000E+00
  0.0000000E+00
   1.097655    
  0.6722401    
  0.6713086    
  0.0000000E+00
  0.0000000E+00
  0.0000000E+00
  0.0000000E+00
  0.9372653    
  0.8922607    
   1.493306    
   1.491747    
   1.895293    
   1.977585    
  0.6713691    
  0.6722159    
   1.097815    
  0.0000000E+00
  0.0000000E+00
   1.189148    
  0.3441560    
  0.3391719    
  0.0000000E+00
  0.0000000E+00
  0.5658044    
  0.5675408    
  0.0000000E+00
  0.0000000E+00
  0.1900200    
  0.2016030    
  0.0000000E+00
  0.0000000E+00
  0.0000000E+00
  0.0000000E+00
   1.580181    
   1.813359    
  0.0000000E+00
  0.0000000E+00
   1.934034    
   1.664328    
   1.497393    
   2.075964    
   2.148117    
   2.135382    
  0.5168571    
  0.6391708    
  0.9047319    
  0.0000000E+00
  0.0000000E+00
  0.8181101    
  0.7933540    
   1.000793    
  0.9731075    
  0.4839406    
  0.4847481    
  0.0000000E+00
  0.0000000E+00
   1.575777    
   1.493568    
   1.484418    
   1.661310    
   1.651220    
   1.192821    
  0.9048709    
  0.8180163    
  0.8124616    
  0.9990342    
  0.9926631    
  0.4839406    
  0.0000000E+00
  0.0000000E+00
   1.781699    
   1.852178    
   1.797495    
   1.726456    
   1.674873    
   1.455981    
   1.457659    
   2.018847    
   1.968373    
   1.909143    
   1.770260    
   1.768202    
   2.083873    
   2.035635    
   1.200214    
   1.201656    
   1.536411    
   1.606888    
   1.597164    
   1.434328    
   1.474582    
  0.6374213    
  0.7556030    
  0.4854231    
  0.4864756    
  0.8924562    
  0.9767578    
  0.9497400    
  0.7864257    
  0.8165151    
  0.8923860    
  0.4864516    
  0.4854546    
  0.9749452    
  0.9683391    
  0.8164189    
  0.7924173    
  0.2678294    
  0.3666667    
  0.4814435    
  0.0000000E+00
  0.0000000E+00
  0.0000000E+00
  0.1572575    
  0.1575867    
  0.2768045    
  0.3656606    
  0.5645318    
  0.5431491    
  0.2559111    
  0.2353984    
  0.9927300    
  0.8683351    
  0.6377721    
  0.0000000E+00
  0.0000000E+00
  0.0000000E+00
  0.0000000E+00
  0.8672420    
  0.7239243    
   1.069611    
   1.063287    
  0.7875090    
  0.7582148    
   1.129269    
   1.095011    
  0.9944943    
  0.6256545    
  0.0000000E+00
   1.200837    
   1.169654    
  0.8192730    
  0.9950808    
  0.9280073    
  0.8939077    
 
 month:           3 year:        2012
  0.0000000E+00
  0.0000000E+00
  7.0383914E-02
  4.8549096E-03
  4.4835540E-03
  0.0000000E+00
  0.0000000E+00
  0.0000000E+00
  0.0000000E+00
  0.0000000E+00
  0.0000000E+00
  0.0000000E+00
  0.0000000E+00
  0.0000000E+00
  0.0000000E+00
  0.0000000E+00
  0.2621125    
  0.1342223    
  0.1345092    
  0.8037923    
  0.0000000E+00
  0.0000000E+00
  0.3358180    
  0.3410779    
  0.0000000E+00
  0.0000000E+00
  0.1355348    
  0.0000000E+00
  4.4835648E-03
  4.8657544E-03
  0.0000000E+00
  0.0000000E+00
  0.3453226    
  0.0000000E+00
  0.0000000E+00
  0.0000000E+00
  0.0000000E+00
  0.0000000E+00
  0.0000000E+00
  0.0000000E+00
  0.0000000E+00
  0.0000000E+00
  0.0000000E+00
  0.0000000E+00
  0.0000000E+00
  0.0000000E+00
  0.0000000E+00
  0.0000000E+00
  0.0000000E+00
  0.0000000E+00
  0.0000000E+00
  0.0000000E+00
  0.0000000E+00
  0.0000000E+00
  0.3383314    
  9.5759846E-02
  9.5629752E-02
  0.0000000E+00
  0.0000000E+00
  0.0000000E+00
  0.0000000E+00
  0.1378781    
  0.1336594    
  0.4033771    
  0.4027753    
  0.7835768    
  0.8583788    
  9.5638134E-02
  9.5756650E-02
  0.3384010    
  0.0000000E+00
  0.0000000E+00
  0.4261557    
  7.2717547E-02
  7.2113685E-02
  0.0000000E+00
  0.0000000E+00
  6.8575218E-02
  6.8737142E-02
  0.0000000E+00
  0.0000000E+00
  4.1768894E-02
  4.4089012E-02
  0.0000000E+00
  0.0000000E+00
  0.0000000E+00
  0.0000000E+00
  0.7851278    
  0.9214582    
  0.0000000E+00
  0.0000000E+00
   1.048730    
  0.8875561    
  0.7878842    
   1.142220    
   1.191432    
   1.183794    
  9.7744793E-02
  0.1437621    
  0.3791834    
  0.0000000E+00
  0.0000000E+00
  0.2782640    
  0.2663185    
  0.4569926    
  0.4419956    
  7.9654634E-02
  7.9844117E-02
  0.0000000E+00
  0.0000000E+00
  0.8160297    
  0.7280172    
  0.7237534    
  0.8781713    
  0.8726656    
  0.4631965    
  0.3792600    
  0.2782217    
  0.2757201    
  0.4560420    
  0.4525915    
  7.9654701E-02
  0.0000000E+00
  0.0000000E+00
  0.9586844    
   1.022766    
  0.9927648    
  0.8710867    
  0.8441423    
  0.5749426    
  0.5757331    
   1.115813    
   1.029809    
  0.9983292    
  0.7600798    
  0.7591011    
   1.170899    
   1.144135    
  0.4142458    
  0.4149020    
  0.7964849    
  0.8661315    
  0.8607380    
  0.6815757    
  0.7022033    
  0.1744453    
  0.2394383    
  6.6862106E-02
  6.6972375E-02
  0.3653418    
  0.4545071    
  0.4401833    
  0.2423717    
  0.2569098    
  0.3653025    
  6.6969901E-02
  6.6865467E-02
  0.4534930    
  0.4497965    
  0.2568675    
  0.2454615    
  0.3276731    
  0.4289162    
  0.5506932    
  0.0000000E+00
  0.0000000E+00
  0.0000000E+00
  0.1662146    
  0.1666183    
  0.3368863    
  0.4278781    
  0.6368263    
  0.6156703    
  0.3070048    
  0.2865077    
   1.290204    
   1.149594    
  0.8647701    
  0.0000000E+00
  0.0000000E+00
  0.0000000E+00
  0.0000000E+00
   1.148291    
  0.9728150    
   1.379338    
   1.371922    
   1.027790    
  0.9914840    
   1.483083    
   1.441240    
   1.332775    
  0.8647864    
  0.0000000E+00
   1.565566    
   1.528262    
   1.110739    
   1.333549    
   1.220874    
   1.179443    
 
 month:           4 year:        2012
  0.0000000E+00
  0.0000000E+00
  1.1631083E-03
  8.0228347E-05
  7.4091637E-05
  0.0000000E+00
  0.0000000E+00
  0.0000000E+00
  0.0000000E+00
  0.0000000E+00
  0.0000000E+00
  0.0000000E+00
  0.0000000E+00
  0.0000000E+00
  0.0000000E+00
  0.0000000E+00
  2.6594084E-02
  2.2180511E-03
  2.2227918E-03
  9.5299333E-02
  0.0000000E+00
  0.0000000E+00
  6.6979833E-02
  6.7462318E-02
  0.0000000E+00
  0.0000000E+00
  1.8067885E-02
  0.0000000E+00
  7.4091811E-05
  8.0407604E-05
  0.0000000E+00
  0.0000000E+00
  3.5036575E-02
  0.0000000E+00
  0.0000000E+00
  0.0000000E+00
  0.0000000E+00
  0.0000000E+00
  0.0000000E+00
  0.0000000E+00
  0.0000000E+00
  0.0000000E+00
  0.0000000E+00
  0.0000000E+00
  0.0000000E+00
  0.0000000E+00
  0.0000000E+00
  0.0000000E+00
  0.0000000E+00
  0.0000000E+00
  0.0000000E+00
  0.0000000E+00
  0.0000000E+00
  0.0000000E+00
  3.5674531E-02
  1.5824501E-03
  1.5803010E-03
  0.0000000E+00
  0.0000000E+00
  0.0000000E+00
  0.0000000E+00
  2.2784628E-03
  2.2087493E-03
  5.1830538E-02
  5.1748119E-02
  9.5876671E-02
  0.1050014    
  1.5804387E-03
  1.5823981E-03
  3.5682015E-02
  0.0000000E+00
  0.0000000E+00
  4.6540793E-02
  1.2016720E-03
  1.1916934E-03
  0.0000000E+00
  0.0000000E+00
  1.1332197E-03
  1.1358953E-03
  0.0000000E+00
  0.0000000E+00
  6.9023925E-04
  7.2858005E-04
  0.0000000E+00
  0.0000000E+00
  0.0000000E+00
  0.0000000E+00
  0.1036745    
  0.1209177    
  0.0000000E+00
  0.0000000E+00
  0.1397144    
  0.1189784    
  0.1061347    
  0.1482145    
  0.1536530    
  0.1526487    
  7.2512557E-03
  1.4809551E-02
  4.3678973E-02
  0.0000000E+00
  0.0000000E+00
  3.1996831E-02
  3.0647347E-02
  5.3209580E-02
  5.1333550E-02
  1.5427830E-03
  1.5624519E-03
  0.0000000E+00
  0.0000000E+00
  0.1028636    
  9.3362451E-02
  9.2857353E-02
  0.1100817    
  0.1093401    
  6.6194028E-02
  4.3688446E-02
  3.1992119E-02
  3.1714611E-02
  5.3090602E-02
  5.2658174E-02
  1.5428013E-03
  0.0000000E+00
  0.0000000E+00
  0.1242452    
  0.1307487    
  0.1266840    
  0.1151624    
  0.1118357    
  9.2024982E-02
  9.2164233E-02
  0.1462916    
  0.1375326    
  0.1335930    
  0.1241049    
  0.1239326    
  0.1516976    
  0.1480602    
  6.4277977E-02
  6.4384609E-02
  0.1027221    
  0.1100666    
  0.1093332    
  9.0096518E-02
  9.2621066E-02
  2.3612414E-02
  3.1443994E-02
  1.1049096E-03
  1.1067324E-03
  4.5201503E-02
  5.5557657E-02
  5.3817462E-02
  3.1079205E-02
  3.2788638E-02
  4.5196578E-02
  1.1066915E-03
  1.1049650E-03
  5.5427365E-02
  5.4952018E-02
  3.2783784E-02
  3.1448953E-02
  4.3770097E-02
  5.6090653E-02
  6.8582848E-02
  0.0000000E+00
  0.0000000E+00
  0.0000000E+00
  2.7319998E-02
  2.7377937E-02
  4.4888992E-02
  5.5963896E-02
  7.7298455E-02
  7.4646465E-02
  4.2448346E-02
  3.9928406E-02
  0.1596262    
  0.1443287    
  0.1110236    
  0.0000000E+00
  0.0000000E+00
  0.0000000E+00
  0.0000000E+00
  0.1441779    
  0.1237396    
  0.1693758    
  0.1684166    
  0.1337153    
  0.1293331    
  0.1856243    
  0.1804304    
  0.1688406    
  0.1129223    
  0.0000000E+00
  0.1946151    
  0.1897315    
  0.1422150    
  0.1689346    
  0.1589059    
  0.1538831    
 
 month:           5 year:        2012
  0.0000000E+00
  0.0000000E+00
  2.0663911E-05
  1.1926114E-06
  1.1013885E-06
  0.0000000E+00
  0.0000000E+00
  0.0000000E+00
  0.0000000E+00
  0.0000000E+00
  0.0000000E+00
  0.0000000E+00
  0.0000000E+00
  0.0000000E+00
  0.0000000E+00
  0.0000000E+00
  0.3030636    
  3.9406132E-05
  3.9490369E-05
   2.316972    
  0.0000000E+00
  0.0000000E+00
  9.4141431E-02
  0.1000512    
  0.0000000E+00
  0.0000000E+00
  3.2099607E-04
  0.0000000E+00
  1.1013905E-06
  1.1952764E-06
  0.0000000E+00
  0.0000000E+00
   1.169717    
  0.0000000E+00
  0.0000000E+00
  0.0000000E+00
  0.0000000E+00
  0.0000000E+00
  0.0000000E+00
  0.0000000E+00
  0.0000000E+00
  0.0000000E+00
  0.0000000E+00
  0.0000000E+00
  0.0000000E+00
  0.0000000E+00
  0.0000000E+00
  0.0000000E+00
  0.0000000E+00
  0.0000000E+00
  0.0000000E+00
  0.0000000E+00
  0.0000000E+00
  0.0000000E+00
  0.9962585    
  2.8113969E-05
  2.8075814E-05
  0.0000000E+00
  0.0000000E+00
  0.0000000E+00
  0.0000000E+00
  4.0479419E-05
  3.9240877E-05
  0.3487777    
  0.3480521    
   2.052378    
   2.240416    
  2.8078246E-05
  2.8113058E-05
  0.9964378    
  0.0000000E+00
  0.0000000E+00
   1.184220    
  2.1349031E-05
  2.1171752E-05
  0.0000000E+00
  0.0000000E+00
  0.3613943    
  0.3627748    
  0.0000000E+00
  0.0000000E+00
  1.2234375E-05
  1.2913958E-05
  0.0000000E+00
  0.0000000E+00
  0.0000000E+00
  0.0000000E+00
   1.373240    
   1.645186    
  0.0000000E+00
  0.0000000E+00
   2.088761    
   1.753745    
   1.557627    
   2.499542    
   2.663123    
   2.648115    
  0.1687952    
  0.2552211    
  0.9162639    
  0.0000000E+00
  0.0000000E+00
  0.8335831    
  0.8046579    
   1.096717    
   1.063616    
  2.7409254E-05
  2.7758695E-05
  0.0000000E+00
  0.0000000E+00
   1.843733    
   1.750624    
   1.739310    
   2.019132    
   2.006469    
  0.1908494    
  0.9164262    
  0.8334711    
  0.8269631    
   1.094612    
   1.086993    
  2.7409578E-05
  0.0000000E+00
  0.0000000E+00
   2.221325    
   2.394794    
   2.326811    
   2.126394    
   2.060415    
  0.5848091    
  0.5839447    
   2.454459    
   2.358355    
   2.284077    
  0.4386078    
  0.4375518    
   2.623874    
   2.566460    
  9.7856738E-02
  9.8560736E-02
   1.817667    
   1.989964    
   1.977328    
   1.676303    
   1.726845    
  0.4362673    
  0.5679311    
  1.9629948E-05
  1.9662331E-05
  0.9172215    
   1.095451    
   1.061777    
  0.7984363    
  0.8341370    
  0.9171373    
  1.9661593E-05
  1.9630937E-05
   1.093180    
   1.084923    
  0.8340251    
  0.8056453    
  0.3754862    
  0.5316209    
  0.9081250    
  0.0000000E+00
  0.0000000E+00
  0.0000000E+00
  4.8537005E-04
  4.8639937E-04
  0.3897485    
  0.5300075    
   1.083606    
   1.044264    
  0.1789605    
  0.1501236    
   2.159448    
   1.748361    
   1.252915    
  0.0000000E+00
  0.0000000E+00
  0.0000000E+00
  0.0000000E+00
   1.746090    
   1.439265    
   2.329155    
   2.316819    
   1.311104    
   1.258284    
   2.360319    
   2.292518    
   1.939162    
   1.167769    
  0.0000000E+00
   2.531108    
   2.470395    
   1.577651    
   1.940405    
   1.459682    
   1.400043    
 
 month:           6 year:        2012
  0.0000000E+00
  0.0000000E+00
  7.8794450E-08
  0.0000000E+00
  0.0000000E+00
  0.0000000E+00
  0.0000000E+00
  0.0000000E+00
  0.0000000E+00
  0.0000000E+00
  0.0000000E+00
  0.0000000E+00
  0.0000000E+00
  0.0000000E+00
  0.0000000E+00
  0.0000000E+00
  3.4442466E-02
  3.8950643E-07
  3.9033893E-07
  0.1526408    
  0.0000000E+00
  0.0000000E+00
  1.0918400E-02
  1.1620459E-02
  0.0000000E+00
  0.0000000E+00
  4.9856308E-06
  0.0000000E+00
  0.0000000E+00
  0.0000000E+00
  0.0000000E+00
  0.0000000E+00
  7.9900339E-02
  0.0000000E+00
  0.0000000E+00
  0.0000000E+00
  0.0000000E+00
  0.0000000E+00
  0.0000000E+00
  0.0000000E+00
  0.0000000E+00
  0.0000000E+00
  0.0000000E+00
  0.0000000E+00
  0.0000000E+00
  0.0000000E+00
  0.0000000E+00
  0.0000000E+00
  0.0000000E+00
  0.0000000E+00
  0.0000000E+00
  0.0000000E+00
  0.0000000E+00
  0.0000000E+00
  7.7196397E-02
  2.2285039E-07
  2.2254794E-07
  0.0000000E+00
  0.0000000E+00
  0.0000000E+00
  0.0000000E+00
  4.3248460E-07
  3.8787275E-07
  4.7051962E-02
  4.6943143E-02
  0.1499202    
  0.1577130    
  2.2256715E-07
  2.2284313E-07
  7.7207595E-02
  0.0000000E+00
  0.0000000E+00
  8.5082360E-02
  1.1465821E-07
  1.1370607E-07
  0.0000000E+00
  0.0000000E+00
  3.1473309E-02
  3.1575099E-02
  0.0000000E+00
  0.0000000E+00
  0.0000000E+00
  0.0000000E+00
  0.0000000E+00
  0.0000000E+00
  0.0000000E+00
  0.0000000E+00
  0.1198759    
  0.1395338    
  0.0000000E+00
  0.0000000E+00
  0.1621709    
  0.1389670    
  0.1248321    
  0.1765535    
  0.1827265    
  0.1817854    
  1.9194761E-02
  2.8724015E-02
  6.7868829E-02
  0.0000000E+00
  0.0000000E+00
  6.3497990E-02
  6.1605632E-02
  7.5423412E-02
  7.3437423E-02
  2.1726427E-07
  2.2003418E-07
  0.0000000E+00
  0.0000000E+00
  0.1299378    
  0.1254184    
  0.1246892    
  0.1371276    
  0.1363538    
  2.5182763E-02
  6.7879133E-02
  6.3490704E-02
  6.3067794E-02
  7.5297251E-02
  7.4840404E-02
  2.1726693E-07
  0.0000000E+00
  0.0000000E+00
  0.1468136    
  0.1535418    
  0.1495519    
  0.1421506    
  0.1381028    
  7.3110156E-02
  7.3077701E-02
  0.1645078    
  0.1597614    
  0.1551149    
  5.8644127E-02
  5.8500879E-02
  0.1709178    
  0.1674813    
  1.2502543E-02
  1.2597388E-02
  0.1209391    
  0.1279286    
  0.1271845    
  0.1134764    
  0.1165709    
  3.8792692E-02
  4.7609162E-02
  7.4851812E-08
  7.4975276E-08
  6.3437924E-02
  7.0785381E-02
  6.8860427E-02
  5.7007745E-02
  5.9242852E-02
  6.3433059E-02
  7.4972483E-08
  7.4855592E-08
  7.0655458E-02
  7.0184052E-02
  5.9235912E-02
  5.7463035E-02
  2.8008634E-02
  3.7514489E-02
  5.2555759E-02
  0.0000000E+00
  0.0000000E+00
  0.0000000E+00
  7.6600609E-06
  7.6763054E-06
  2.8875502E-02
  3.7416067E-02
  5.9646249E-02
  5.7604298E-02
  1.8590899E-02
  1.6573379E-02
  0.1223718    
  0.1085665    
  8.1281215E-02
  0.0000000E+00
  0.0000000E+00
  0.0000000E+00
  0.0000000E+00
  0.1084425    
  9.1571756E-02
  0.1290232    
  0.1283682    
  9.1392152E-02
  8.8068105E-02
  0.1348745    
  0.1311814    
  0.1203347    
  7.7295370E-02
  0.0000000E+00
  0.1415406    
  0.1382506    
  0.1002571    
  0.1204038    
  0.1015685    
  9.7809419E-02
 
 month:           7 year:        2012
  0.0000000E+00
  0.0000000E+00
  0.0000000E+00
  0.0000000E+00
  0.0000000E+00
  0.0000000E+00
  0.0000000E+00
  0.0000000E+00
  0.0000000E+00
  0.0000000E+00
  0.0000000E+00
  0.0000000E+00
  0.0000000E+00
  0.0000000E+00
  0.0000000E+00
  0.0000000E+00
  5.6916842E-04
  0.0000000E+00
  0.0000000E+00
  0.5912598    
  0.0000000E+00
  0.0000000E+00
  1.8042872E-04
  1.9203041E-04
  0.0000000E+00
  0.0000000E+00
  0.0000000E+00
  0.0000000E+00
  0.0000000E+00
  0.0000000E+00
  0.0000000E+00
  0.0000000E+00
  0.2255123    
  0.0000000E+00
  0.0000000E+00
  0.0000000E+00
  0.0000000E+00
  0.0000000E+00
  0.0000000E+00
  0.0000000E+00
  0.0000000E+00
  0.0000000E+00
  0.0000000E+00
  0.0000000E+00
  0.0000000E+00
  0.0000000E+00
  0.0000000E+00
  0.0000000E+00
  0.0000000E+00
  0.0000000E+00
  0.0000000E+00
  0.0000000E+00
  0.0000000E+00
  0.0000000E+00
  9.4644077E-02
  0.0000000E+00
  0.0000000E+00
  0.0000000E+00
  0.0000000E+00
  0.0000000E+00
  0.0000000E+00
  0.0000000E+00
  0.0000000E+00
  7.7754288E-04
  7.7574456E-04
  0.3648974    
  0.4304603    
  0.0000000E+00
  0.0000000E+00
  9.4690070E-02
  0.0000000E+00
  0.0000000E+00
  0.1797058    
  0.0000000E+00
  0.0000000E+00
  0.0000000E+00
  0.0000000E+00
  5.2010285E-04
  5.2178476E-04
  0.0000000E+00
  0.0000000E+00
  0.0000000E+00
  0.0000000E+00
  0.0000000E+00
  0.0000000E+00
  0.0000000E+00
  0.0000000E+00
  1.9809729E-03
  2.3058238E-03
  0.0000000E+00
  0.0000000E+00
  2.6799066E-03
  2.2964573E-03
  2.0628753E-03
  0.2122711    
  0.3183271    
  0.3156782    
  3.1719723E-04
  4.7466985E-04
  1.1215461E-03
  0.0000000E+00
  0.0000000E+00
  1.0493170E-03
  1.0180451E-03
  3.5323068E-02
  2.7834967E-02
  0.0000000E+00
  0.0000000E+00
  0.0000000E+00
  0.0000000E+00
  8.8480055E-02
  3.8339157E-02
  3.6683813E-02
  0.1953210    
  0.1929799    
  4.1615008E-04
  1.1217166E-03
  1.0491966E-03
  1.0422074E-03
  3.4849521E-02
  3.3130486E-02
  0.0000000E+00
  0.0000000E+00
  0.0000000E+00
  0.1805323    
  0.3113272    
  0.2937286    
  0.1329850    
  0.1215797    
  1.2081600E-03
  1.2076234E-03
  0.1943505    
  0.1444613    
  0.1320221    
  9.6910575E-04
  9.6673879E-04
  0.3106720    
  0.2979091    
  2.0660703E-04
  2.0817439E-04
  6.8007305E-02
  0.1822088    
  0.1797740    
  7.8794612E-03
  1.6085483E-02
  6.4105669E-04
  7.8675052E-04
  0.0000000E+00
  0.0000000E+00
  1.0483242E-03
  2.5572985E-02
  1.7959464E-02
  9.4206422E-04
  9.7900012E-04
  1.0482437E-03
  0.0000000E+00
  0.0000000E+00
  2.5061708E-02
  2.3200568E-02
  9.7888592E-04
  9.4958826E-04
  4.6284837E-04
  6.1993441E-04
  8.6849445E-04
  0.0000000E+00
  0.0000000E+00
  0.0000000E+00
  0.0000000E+00
  0.0000000E+00
  4.7717371E-04
  6.1830820E-04
  2.8654007E-02
  1.9781658E-02
  3.0721835E-04
  2.7387851E-04
  0.3165263    
  1.7940826E-03
  1.3431887E-03
  0.0000000E+00
  0.0000000E+00
  0.0000000E+00
  0.0000000E+00
  1.7920343E-03
  1.5132411E-03
  0.4889002    
  0.4853176    
  1.5102731E-03
  1.4553430E-03
  0.2520901    
  0.2337757    
  1.9885548E-03
  1.2773215E-03
  0.0000000E+00
  0.3966798    
  0.3799122    
  1.6567687E-03
  1.9896955E-03
  1.6784393E-03
  1.6163202E-03
 
 month:           8 year:        2012
  0.0000000E+00
  0.0000000E+00
  0.0000000E+00
  0.0000000E+00
  0.0000000E+00
  0.0000000E+00
  0.0000000E+00
  0.0000000E+00
  0.0000000E+00
  0.0000000E+00
  0.0000000E+00
  0.0000000E+00
  0.0000000E+00
  0.0000000E+00
  0.0000000E+00
  0.0000000E+00
  1.0030901E-05
  0.0000000E+00
  0.0000000E+00
  6.8303622E-02
  0.0000000E+00
  0.0000000E+00
  3.0313768E-06
  3.2262953E-06
  0.0000000E+00
  0.0000000E+00
  0.0000000E+00
  0.0000000E+00
  0.0000000E+00
  0.0000000E+00
  0.0000000E+00
  0.0000000E+00
  1.3845877E-02
  0.0000000E+00
  0.0000000E+00
  0.0000000E+00
  0.0000000E+00
  0.0000000E+00
  0.0000000E+00
  0.0000000E+00
  0.0000000E+00
  0.0000000E+00
  0.0000000E+00
  0.0000000E+00
  0.0000000E+00
  0.0000000E+00
  0.0000000E+00
  0.0000000E+00
  0.0000000E+00
  0.0000000E+00
  0.0000000E+00
  0.0000000E+00
  0.0000000E+00
  0.0000000E+00
  7.3713884E-02
  0.0000000E+00
  0.0000000E+00
  0.0000000E+00
  0.0000000E+00
  0.0000000E+00
  0.0000000E+00
  0.0000000E+00
  0.0000000E+00
  1.3781813E-05
  1.3749939E-05
  0.3225675    
  0.4373024    
  0.0000000E+00
  0.0000000E+00
  7.3764578E-02
  0.0000000E+00
  0.0000000E+00
  0.1913575    
  0.0000000E+00
  0.0000000E+00
  0.0000000E+00
  0.0000000E+00
  9.1341408E-06
  9.1636784E-06
  0.0000000E+00
  0.0000000E+00
  0.0000000E+00
  0.0000000E+00
  0.0000000E+00
  0.0000000E+00
  0.0000000E+00
  0.0000000E+00
  3.5194160E-05
  4.0965537E-05
  0.0000000E+00
  0.0000000E+00
  4.7611531E-05
  4.0799096E-05
  3.6649271E-05
  0.2878607    
  0.4043686    
  0.4012331    
  5.4937113E-06
  8.3362384E-06
  1.9925512E-05
  0.0000000E+00
  0.0000000E+00
  1.8642280E-05
  1.8086695E-05
  0.1088639    
  0.1002842    
  0.0000000E+00
  0.0000000E+00
  0.0000000E+00
  0.0000000E+00
  0.1914590    
  0.1445635    
  0.1426553    
  0.3081315    
  0.3053266    
  7.2792232E-06
  1.9928540E-05
  1.8640139E-05
  1.8515973E-05
  0.1083218    
  0.1063453    
  0.0000000E+00
  0.0000000E+00
  0.0000000E+00
  1.1024134E-02
  1.8840933E-02
  1.7855942E-02
  8.0960095E-03
  7.3957630E-03
  2.1464301E-05
  2.1454765E-05
  1.1863250E-02
  8.7908078E-03
  8.0272434E-03
  1.7217240E-05
  1.7175189E-05
  1.9022323E-02
  1.8245934E-02
  3.5035509E-06
  3.5301314E-06
  4.1052359E-03
  1.1141192E-02
  1.0991615E-02
  4.0350322E-04
  9.0719596E-04
  1.1332384E-05
  1.3977498E-05
  0.0000000E+00
  0.0000000E+00
  1.8624642E-05
  1.5253488E-03
  1.0573382E-03
  1.6736811E-05
  1.7393033E-05
  1.8623206E-05
  0.0000000E+00
  0.0000000E+00
  1.4939207E-03
  1.3795153E-03
  1.7390996E-05
  1.6870481E-05
  8.1286262E-06
  1.0958991E-05
  7.9569750E-02
  0.0000000E+00
  0.0000000E+00
  0.0000000E+00
  0.0000000E+00
  0.0000000E+00
  8.3802124E-06
  1.0930244E-05
  0.1471811    
  0.1395154    
  5.2886321E-06
  4.7147009E-06
  0.4859428    
  0.3364715    
  0.1785417    
  0.0000000E+00
  0.0000000E+00
  0.0000000E+00
  0.0000000E+00
  0.3358817    
  0.2406967    
  0.5336924    
  0.5312784    
  3.8654801E-02
  1.6814640E-02
  0.5344790    
  0.5146372    
  0.2061294    
  7.0697735E-03
  0.0000000E+00
  0.6547286    
  0.6362769    
  0.1112327    
  0.2064582    
  2.9819330E-05
  2.8715718E-05
 
 month:           9 year:        2012
  0.0000000E+00
  0.0000000E+00
  0.0000000E+00
  0.0000000E+00
  0.0000000E+00
  0.0000000E+00
  0.0000000E+00
  0.0000000E+00
  0.0000000E+00
  0.0000000E+00
  0.0000000E+00
  0.0000000E+00
  0.0000000E+00
  0.0000000E+00
  0.0000000E+00
  0.0000000E+00
  5.1996872E-02
  0.0000000E+00
  0.0000000E+00
   1.337575    
  0.0000000E+00
  0.0000000E+00
  0.0000000E+00
  0.0000000E+00
  0.0000000E+00
  0.0000000E+00
  0.0000000E+00
  0.0000000E+00
  0.0000000E+00
  0.0000000E+00
  0.0000000E+00
  0.0000000E+00
  0.5982267    
  0.0000000E+00
  0.0000000E+00
  0.0000000E+00
  0.0000000E+00
  0.0000000E+00
  0.0000000E+00
  0.0000000E+00
  0.0000000E+00
  0.0000000E+00
  0.0000000E+00
  0.0000000E+00
  0.0000000E+00
  0.0000000E+00
  0.0000000E+00
  0.0000000E+00
  0.0000000E+00
  0.0000000E+00
  0.0000000E+00
  0.0000000E+00
  0.0000000E+00
  0.0000000E+00
  0.7900720    
  0.0000000E+00
  0.0000000E+00
  0.0000000E+00
  0.0000000E+00
  0.0000000E+00
  0.0000000E+00
  0.0000000E+00
  0.0000000E+00
  0.3013848    
  0.3006490    
   1.749805    
   1.851520    
  0.0000000E+00
  0.0000000E+00
  0.7901958    
  0.0000000E+00
  0.0000000E+00
  0.9135671    
  0.0000000E+00
  0.0000000E+00
  0.0000000E+00
  0.0000000E+00
  0.2393549    
  0.2402079    
  0.0000000E+00
  0.0000000E+00
  0.0000000E+00
  0.0000000E+00
  0.0000000E+00
  0.0000000E+00
  0.0000000E+00
  0.0000000E+00
   1.602634    
   1.912792    
  0.0000000E+00
  0.0000000E+00
   2.424851    
   2.051980    
   1.821556    
   2.947124    
   3.163466    
   3.146287    
  0.1763812    
  0.2641757    
  0.7638535    
  0.0000000E+00
  0.0000000E+00
  0.7759064    
  0.7543495    
  0.8849512    
  0.8612695    
  0.0000000E+00
  0.0000000E+00
  0.0000000E+00
  0.0000000E+00
   1.707895    
   1.755386    
   1.745186    
   1.805925    
   1.796370    
  0.2545246    
  0.7639624    
  0.7758254    
  0.7710547    
  0.8834527    
  0.8779992    
  0.0000000E+00
  0.0000000E+00
  0.0000000E+00
   2.278803    
   2.266008    
   2.217733    
   2.401018    
   2.342592    
  0.4888104    
  0.4896497    
   3.083431    
   3.004235    
   2.918082    
  0.5885134    
  0.5873977    
   3.234493    
   3.172915    
  0.2709824    
  0.2717108    
   1.916418    
   1.901748    
   1.893190    
   1.989406    
   2.034165    
  0.6167979    
  0.7573613    
  0.0000000E+00
  0.0000000E+00
  0.9620999    
   1.005058    
  0.9836178    
   1.066896    
   1.106381    
  0.9620381    
  0.0000000E+00
  0.0000000E+00
   1.003622    
  0.9983609    
   1.106260    
   1.075020    
  0.5071515    
  0.6566647    
  0.8476158    
  0.0000000E+00
  0.0000000E+00
  0.0000000E+00
  0.0000000E+00
  0.0000000E+00
  0.5209669    
  0.6551428    
  0.9612525    
  0.9320939    
  0.3521296    
  0.3222148    
   2.202561    
   2.041781    
   1.536299    
  0.0000000E+00
  0.0000000E+00
  0.0000000E+00
  0.0000000E+00
   2.039480    
   1.727590    
   2.288262    
   2.278322    
   1.648088    
   1.588429    
   3.030659    
   2.950199    
   2.501271    
   1.546854    
  0.0000000E+00
   3.243902    
   3.173633    
   2.054943    
   2.502795    
   1.959332    
   1.879981    
 
 month:          10 year:        2012
  0.0000000E+00
  0.0000000E+00
  0.0000000E+00
  0.0000000E+00
  0.0000000E+00
  0.0000000E+00
  0.0000000E+00
  0.0000000E+00
  0.0000000E+00
  0.0000000E+00
  0.0000000E+00
  0.0000000E+00
  0.0000000E+00
  0.0000000E+00
  0.0000000E+00
  0.0000000E+00
  0.2799160    
  0.0000000E+00
  0.0000000E+00
  0.8056138    
  0.0000000E+00
  0.0000000E+00
  0.0000000E+00
  0.0000000E+00
  0.0000000E+00
  0.0000000E+00
  0.0000000E+00
  0.0000000E+00
  0.0000000E+00
  0.0000000E+00
  0.0000000E+00
  0.0000000E+00
  0.3760116    
  0.0000000E+00
  0.0000000E+00
  0.0000000E+00
  0.0000000E+00
  0.0000000E+00
  0.0000000E+00
  0.0000000E+00
  0.0000000E+00
  0.0000000E+00
  0.0000000E+00
  0.0000000E+00
  0.0000000E+00
  0.0000000E+00
  0.0000000E+00
  0.0000000E+00
  0.0000000E+00
  0.0000000E+00
  0.0000000E+00
  0.0000000E+00
  0.0000000E+00
  0.0000000E+00
  0.2841646    
  0.0000000E+00
  0.0000000E+00
  0.0000000E+00
  0.0000000E+00
  0.0000000E+00
  0.0000000E+00
  0.0000000E+00
  0.0000000E+00
  0.3896099    
  0.3890026    
  0.7701439    
  0.8492675    
  0.0000000E+00
  0.0000000E+00
  0.2842213    
  0.0000000E+00
  0.0000000E+00
  0.3784156    
  0.0000000E+00
  0.0000000E+00
  0.0000000E+00
  0.0000000E+00
  3.2302391E-02
  3.2407418E-02
  0.0000000E+00
  0.0000000E+00
  0.0000000E+00
  0.0000000E+00
  0.0000000E+00
  0.0000000E+00
  0.0000000E+00
  0.0000000E+00
  0.6839399    
  0.8150442    
  0.0000000E+00
  0.0000000E+00
   1.050649    
  0.8681348    
  0.7674813    
   1.306185    
   1.540120    
   1.529336    
  0.1207730    
  0.1692111    
  0.3725258    
  0.0000000E+00
  0.0000000E+00
  0.3228866    
  0.3117804    
  0.4618568    
  0.4463876    
  0.0000000E+00
  0.0000000E+00
  0.0000000E+00
  0.0000000E+00
  0.9015568    
  0.8548287    
  0.8492093    
  0.9779638    
  0.9718027    
  0.4903287    
  0.3725911    
  0.3228467    
  0.3203932    
  0.4608442    
  0.4573565    
  0.0000000E+00
  0.0000000E+00
  0.0000000E+00
   1.100419    
   1.138731    
   1.106820    
   1.094432    
   1.063821    
  0.8000147    
  0.8010141    
   1.467591    
   1.431623    
   1.387684    
  0.8417254    
  0.8404832    
   1.548054    
   1.513883    
  0.6246672    
  0.6254773    
  0.9278690    
  0.9529683    
  0.9479332    
  0.8918476    
  0.9152215    
  0.3264185    
  0.3925595    
  0.0000000E+00
  0.0000000E+00
  0.4696717    
  0.5170274    
  0.5035490    
  0.4291060    
  0.4457453    
  0.4696355    
  0.0000000E+00
  0.0000000E+00
  0.5161160    
  0.5128645    
  0.4456940    
  0.4324746    
  0.2954239    
  0.3748063    
  0.4543535    
  0.0000000E+00
  0.0000000E+00
  0.0000000E+00
  0.0000000E+00
  0.0000000E+00
  0.3026776    
  0.3739983    
  0.5100937    
  0.4945394    
  0.2679822    
  0.2522256    
   1.174339    
   1.065702    
  0.8100239    
  0.0000000E+00
  0.0000000E+00
  0.0000000E+00
  0.0000000E+00
   1.064524    
  0.9065267    
   1.248053    
   1.241675    
  0.9148133    
  0.8842517    
   1.483857    
   1.443910    
   1.277422    
  0.8103938    
  0.0000000E+00
   1.634072    
   1.595760    
   1.059230    
   1.278163    
   1.046957    
   1.007803    
 
 month:          11 year:        2012
  0.0000000E+00
  0.0000000E+00
  0.0000000E+00
  0.0000000E+00
  0.0000000E+00
  0.0000000E+00
  0.0000000E+00
  0.0000000E+00
  0.0000000E+00
  0.0000000E+00
  0.0000000E+00
  0.0000000E+00
  0.0000000E+00
  0.0000000E+00
  0.0000000E+00
  0.0000000E+00
  4.6258490E-03
  0.0000000E+00
  0.0000000E+00
  1.9511111E-02
  0.0000000E+00
  0.0000000E+00
  0.0000000E+00
  0.0000000E+00
  0.0000000E+00
  0.0000000E+00
  0.0000000E+00
  0.0000000E+00
  0.0000000E+00
  0.0000000E+00
  0.0000000E+00
  0.0000000E+00
  6.2136673E-03
  0.0000000E+00
  0.0000000E+00
  0.0000000E+00
  0.0000000E+00
  0.0000000E+00
  0.0000000E+00
  0.0000000E+00
  0.0000000E+00
  0.0000000E+00
  0.0000000E+00
  0.0000000E+00
  0.0000000E+00
  0.0000000E+00
  0.0000000E+00
  0.0000000E+00
  0.0000000E+00
  0.0000000E+00
  0.0000000E+00
  0.0000000E+00
  0.0000000E+00
  0.0000000E+00
  1.9770442E-02
  0.0000000E+00
  0.0000000E+00
  0.0000000E+00
  0.0000000E+00
  0.0000000E+00
  0.0000000E+00
  0.0000000E+00
  0.0000000E+00
  1.8118288E-02
  1.8059557E-02
  0.1191133    
  0.1461742    
  0.0000000E+00
  0.0000000E+00
  1.9778542E-02
  0.0000000E+00
  0.0000000E+00
  4.9864296E-02
  0.0000000E+00
  0.0000000E+00
  0.0000000E+00
  0.0000000E+00
  5.3380342E-04
  5.3553912E-04
  0.0000000E+00
  0.0000000E+00
  0.0000000E+00
  0.0000000E+00
  0.0000000E+00
  0.0000000E+00
  0.0000000E+00
  0.0000000E+00
  1.1302245E-02
  1.3468771E-02
  0.0000000E+00
  0.0000000E+00
  3.3037420E-02
  1.4346102E-02
  1.2682782E-02
  6.6096932E-02
  0.1293472    
  0.1277138    
  1.9957987E-03
  2.7962476E-03
  1.8017434E-02
  0.0000000E+00
  0.0000000E+00
  5.3357673E-03
  5.1522329E-03
  4.4879004E-02
  4.1941728E-02
  0.0000000E+00
  0.0000000E+00
  0.0000000E+00
  0.0000000E+00
  0.1172575    
  9.4705790E-02
  9.3958341E-02
  0.1444009    
  0.1431415    
  1.8171676E-02
  1.8025784E-02
  5.3351074E-03
  5.2945595E-03
  4.4670288E-02
  4.4008199E-02
  0.0000000E+00
  0.0000000E+00
  0.0000000E+00
  1.8184643E-02
  3.3024944E-02
  2.9715313E-02
  1.8085711E-02
  1.7579863E-02
  1.4406610E-02
  1.4426437E-02
  2.4252223E-02
  2.3657860E-02
  2.2931736E-02
  1.5031208E-02
  1.5007527E-02
  2.5581896E-02
  2.5017222E-02
  1.1257069E-02
  1.1273012E-02
  1.5333220E-02
  1.5747990E-02
  1.5664790E-02
  1.4737960E-02
  1.5124217E-02
  5.3941300E-03
  6.4871265E-03
  0.0000000E+00
  0.0000000E+00
  7.7614193E-03
  8.5439822E-03
  8.3212499E-03
  7.0910607E-03
  7.3660295E-03
  7.7608200E-03
  0.0000000E+00
  0.0000000E+00
  8.5289208E-03
  8.4751891E-03
  7.3651820E-03
  7.1467287E-03
  4.8819385E-03
  6.1937496E-03
  7.5082825E-03
  0.0000000E+00
  0.0000000E+00
  0.0000000E+00
  0.0000000E+00
  0.0000000E+00
  5.0018071E-03
  6.1803954E-03
  8.4293978E-03
  8.1723593E-03
  4.4284603E-03
  4.1680792E-03
  5.9713017E-02
  1.7610945E-02
  1.3385808E-02
  0.0000000E+00
  0.0000000E+00
  0.0000000E+00
  0.0000000E+00
  1.7591469E-02
  1.4980534E-02
  9.2391603E-02
  9.1436334E-02
  1.5117471E-02
  1.4612434E-02
  2.4521040E-02
  2.3860900E-02
  2.1109661E-02
  1.3391921E-02
  0.0000000E+00
  2.7003352E-02
  2.6370242E-02
  1.7503979E-02
  2.1121893E-02
  1.7301170E-02
  1.6654141E-02
 
 month:          12 year:        2012
  0.0000000E+00
  0.0000000E+00
  0.0000000E+00
  0.0000000E+00
  0.0000000E+00
  0.0000000E+00
  0.0000000E+00
  0.0000000E+00
  0.0000000E+00
  0.0000000E+00
  0.0000000E+00
  0.0000000E+00
  0.0000000E+00
  0.0000000E+00
  0.0000000E+00
  0.0000000E+00
  8.2183346E-05
  0.0000000E+00
  0.0000000E+00
  3.4663657E-04
  0.0000000E+00
  0.0000000E+00
  0.0000000E+00
  0.0000000E+00
  0.0000000E+00
  0.0000000E+00
  0.0000000E+00
  0.0000000E+00
  0.0000000E+00
  0.0000000E+00
  0.0000000E+00
  0.0000000E+00
  1.1039266E-04
  0.0000000E+00
  0.0000000E+00
  0.0000000E+00
  0.0000000E+00
  0.0000000E+00
  0.0000000E+00
  0.0000000E+00
  0.0000000E+00
  0.0000000E+00
  0.0000000E+00
  0.0000000E+00
  0.0000000E+00
  0.0000000E+00
  0.0000000E+00
  0.0000000E+00
  0.0000000E+00
  0.0000000E+00
  0.0000000E+00
  0.0000000E+00
  0.0000000E+00
  0.0000000E+00
  3.5124386E-04
  0.0000000E+00
  0.0000000E+00
  0.0000000E+00
  0.0000000E+00
  0.0000000E+00
  0.0000000E+00
  0.0000000E+00
  0.0000000E+00
  3.2189154E-04
  3.2084808E-04
  2.1161805E-03
  2.5969462E-03
  0.0000000E+00
  0.0000000E+00
  3.5138777E-04
  0.0000000E+00
  0.0000000E+00
  8.8589429E-04
  0.0000000E+00
  0.0000000E+00
  0.0000000E+00
  0.0000000E+00
  9.4076240E-06
  9.4382167E-06
  0.0000000E+00
  0.0000000E+00
  0.0000000E+00
  0.0000000E+00
  0.0000000E+00
  0.0000000E+00
  0.0000000E+00
  0.0000000E+00
  2.0079695E-04
  2.3928758E-04
  0.0000000E+00
  0.0000000E+00
  5.8694655E-04
  2.5487444E-04
  2.2532363E-04
  1.1742850E-03
  2.2979968E-03
  2.2689782E-03
  3.5457568E-05
  4.9678405E-05
  3.2009967E-04
  0.0000000E+00
  0.0000000E+00
  9.4795825E-05
  9.1535148E-05
  7.9732545E-04
  7.4514124E-04
  0.0000000E+00
  0.0000000E+00
  0.0000000E+00
  0.0000000E+00
  2.0832100E-03
  1.6825544E-03
  1.6692737E-03
  2.5654417E-03
  2.5430676E-03
  3.2283971E-04
  3.2024816E-04
  9.4784104E-05
  9.4063711E-05
  7.9361722E-04
  7.8185427E-04
  0.0000000E+00
  0.0000000E+00
  0.0000000E+00
  3.2307050E-04
  5.8672478E-04
  5.2792556E-04
  3.2131255E-04
  3.1232584E-04
  2.5594933E-04
  2.5630169E-04
  4.3086751E-04
  4.2030806E-04
  4.0740767E-04
  2.6704607E-04
  2.6662534E-04
  4.5449080E-04
  4.4445871E-04
  1.9999432E-04
  2.0027756E-04
  2.7241179E-04
  2.7978045E-04
  2.7830238E-04
  2.6183619E-04
  2.6869850E-04
  9.5832700E-05
  1.1525101E-04
  0.0000000E+00
  0.0000000E+00
  1.3789022E-04
  1.5179333E-04
  1.4783622E-04
  1.2598051E-04
  1.3086569E-04
  1.3787954E-04
  0.0000000E+00
  0.0000000E+00
  1.5152578E-04
  1.5057117E-04
  1.3085065E-04
  1.2696962E-04
  8.6733060E-05
  1.1003883E-04
  1.3339288E-04
  0.0000000E+00
  0.0000000E+00
  0.0000000E+00
  0.0000000E+00
  0.0000000E+00
  8.8862624E-05
  1.0980163E-04
  1.4975763E-04
  1.4519102E-04
  7.8676516E-05
  7.4050542E-05
  1.0608685E-03
  3.1287794E-04
  2.3781371E-04
  0.0000000E+00
  0.0000000E+00
  0.0000000E+00
  0.0000000E+00
  3.1253204E-04
  2.6614574E-04
  1.6414390E-03
  1.6244675E-03
  2.6857879E-04
  2.5960596E-04
  4.3564345E-04
  4.2391539E-04
  3.7503638E-04
  2.3792232E-04
  0.0000000E+00
  4.7974460E-04
  4.6849670E-04
  3.1097754E-04
  3.7525388E-04
  3.0737446E-04
  2.9587926E-04
 
 month:           1 year:        2013
  0.0000000E+00
  0.0000000E+00
  0.0000000E+00
  0.0000000E+00
  0.0000000E+00
  0.0000000E+00
  0.0000000E+00
  0.0000000E+00
  0.0000000E+00
  0.0000000E+00
  0.0000000E+00
  0.0000000E+00
  0.0000000E+00
  0.0000000E+00
  0.0000000E+00
  0.0000000E+00
  7.3652826E-02
  0.0000000E+00
  0.0000000E+00
  0.5582258    
  0.0000000E+00
  0.0000000E+00
  0.0000000E+00
  0.0000000E+00
  0.0000000E+00
  0.0000000E+00
  0.0000000E+00
  0.0000000E+00
  0.0000000E+00
  0.0000000E+00
  0.0000000E+00
  0.0000000E+00
  0.2314894    
  0.0000000E+00
  0.0000000E+00
  0.0000000E+00
  0.0000000E+00
  0.0000000E+00
  0.0000000E+00
  0.0000000E+00
  0.0000000E+00
  0.0000000E+00
  0.0000000E+00
  0.0000000E+00
  0.0000000E+00
  0.0000000E+00
  0.0000000E+00
  0.0000000E+00
  0.0000000E+00
  0.0000000E+00
  0.0000000E+00
  0.0000000E+00
  0.0000000E+00
  0.0000000E+00
  0.2748312    
  0.0000000E+00
  0.0000000E+00
  0.0000000E+00
  0.0000000E+00
  0.0000000E+00
  0.0000000E+00
  0.0000000E+00
  0.0000000E+00
  0.3222686    
  0.3218198    
  0.5614113    
  0.5907784    
  0.0000000E+00
  0.0000000E+00
  0.2748781    
  0.0000000E+00
  0.0000000E+00
  0.3323342    
  0.0000000E+00
  0.0000000E+00
  0.0000000E+00
  0.0000000E+00
  6.7978784E-02
  6.8633623E-02
  0.0000000E+00
  0.0000000E+00
  0.0000000E+00
  0.0000000E+00
  0.0000000E+00
  0.0000000E+00
  0.0000000E+00
  0.0000000E+00
  0.4188111    
  0.5579730    
  0.0000000E+00
  0.0000000E+00
  0.8075923    
  0.6607178    
  0.5686188    
  0.8249884    
  0.8244950    
  0.8196874    
  2.0514019E-02
  7.4666642E-02
  0.3092974    
  0.0000000E+00
  0.0000000E+00
  0.2683679    
  0.2574619    
  0.3675220    
  0.3554454    
  0.0000000E+00
  0.0000000E+00
  0.0000000E+00
  0.0000000E+00
  0.5934935    
  0.5647804    
  0.5609174    
  0.6232203    
  0.6193749    
  0.3553378    
  0.3093478    
  0.2683298    
  0.2659227    
  0.3667324    
  0.3641324    
  0.0000000E+00
  0.0000000E+00
  0.0000000E+00
  0.6474249    
  0.6706884    
  0.6506462    
  0.6220989    
  0.6013533    
  0.3762543    
  0.3769276    
  0.7743512    
  0.7416738    
  0.7160891    
  4.1187936E-06
  4.1123030E-06
  0.7830013    
  0.7646723    
  0.2397567    
  0.2401689    
  0.5404754    
  0.5746296    
  0.5709680    
  0.4927962    
  0.5089511    
  8.4626637E-02
  0.1335688    
  0.0000000E+00
  0.0000000E+00
  0.2404184    
  0.3084182    
  0.2969405    
  0.1962734    
  0.2079441    
  0.2403883    
  0.0000000E+00
  0.0000000E+00
  0.3076244    
  0.3049869    
  0.2079072    
  0.1985539    
  8.9071013E-02
  0.1567385    
  0.2689287    
  0.0000000E+00
  0.0000000E+00
  0.0000000E+00
  0.0000000E+00
  0.0000000E+00
  9.5295385E-02
  0.1560587    
  0.3218356    
  0.3090908    
  1.6946571E-02
  4.0615709E-03
  0.6736742    
  0.6497561    
  0.4730607    
  0.0000000E+00
  0.0000000E+00
  0.0000000E+00
  0.0000000E+00
  0.6489637    
  0.5408624    
  0.6873417    
  0.6837237    
  0.5192912    
  0.4959227    
  0.8280575    
  0.8042485    
  0.8166204    
  0.4512450    
  0.0000000E+00
  0.8239654    
  0.8048264    
  0.6470994    
  0.8171950    
  0.5262982    
  0.4927292    
 
 month:           2 year:        2013
  0.0000000E+00
  0.0000000E+00
  0.0000000E+00
  0.0000000E+00
  0.0000000E+00
  0.0000000E+00
  0.0000000E+00
  0.0000000E+00
  0.0000000E+00
  0.0000000E+00
  0.0000000E+00
  0.0000000E+00
  0.0000000E+00
  0.0000000E+00
  0.0000000E+00
  0.0000000E+00
  3.5864806E-03
  0.0000000E+00
  0.0000000E+00
  2.5786964E-02
  0.0000000E+00
  0.0000000E+00
  0.0000000E+00
  0.0000000E+00
  0.0000000E+00
  0.0000000E+00
  0.0000000E+00
  0.0000000E+00
  0.0000000E+00
  0.0000000E+00
  0.0000000E+00
  0.0000000E+00
  1.0770422E-02
  0.0000000E+00
  0.0000000E+00
  0.0000000E+00
  0.0000000E+00
  0.0000000E+00
  0.0000000E+00
  0.0000000E+00
  0.0000000E+00
  0.0000000E+00
  0.0000000E+00
  0.0000000E+00
  0.0000000E+00
  0.0000000E+00
  0.0000000E+00
  0.0000000E+00
  0.0000000E+00
  0.0000000E+00
  0.0000000E+00
  0.0000000E+00
  0.0000000E+00
  0.0000000E+00
  1.2825102E-02
  0.0000000E+00
  0.0000000E+00
  0.0000000E+00
  0.0000000E+00
  0.0000000E+00
  0.0000000E+00
  0.0000000E+00
  0.0000000E+00
  1.9220792E-02
  1.9189598E-02
  2.5997292E-02
  2.7375387E-02
  0.0000000E+00
  0.0000000E+00
  1.2827334E-02
  0.0000000E+00
  0.0000000E+00
  1.5482892E-02
  0.0000000E+00
  0.0000000E+00
  0.0000000E+00
  0.0000000E+00
  3.3171489E-03
  3.3476776E-03
  0.0000000E+00
  0.0000000E+00
  0.0000000E+00
  0.0000000E+00
  0.0000000E+00
  0.0000000E+00
  0.0000000E+00
  0.0000000E+00
  1.9654209E-02
  2.6097847E-02
  0.0000000E+00
  0.0000000E+00
  3.7557058E-02
  3.0754182E-02
  2.6488565E-02
  3.8400941E-02
  3.8416963E-02
  3.8182359E-02
  1.0829624E-03
  3.8627179E-03
  1.4655230E-02
  0.0000000E+00
  0.0000000E+00
  1.2776994E-02
  1.2256560E-02
  1.7350335E-02
  1.6765483E-02
  0.0000000E+00
  0.0000000E+00
  0.0000000E+00
  0.0000000E+00
  2.7736008E-02
  2.6415912E-02
  2.6228067E-02
  2.9131997E-02
  2.8944504E-02
  2.1560183E-02
  1.4657686E-02
  1.2775136E-02
  1.2658115E-02
  1.7312115E-02
  1.7185794E-02
  0.0000000E+00
  0.0000000E+00
  0.0000000E+00
  3.0121008E-02
  3.1224756E-02
  3.0252438E-02
  2.8958358E-02
  2.7975257E-02
  2.3019426E-02
  2.3066629E-02
  3.5968516E-02
  3.4469616E-02
  3.3258446E-02
  0.0000000E+00
  0.0000000E+00
  3.6403816E-02
  3.5514154E-02
  1.4778909E-02
  1.4807721E-02
  2.5199892E-02
  2.6796715E-02
  2.6619025E-02
  2.2985261E-02
  2.3752687E-02
  4.1919439E-03
  6.4785038E-03
  0.0000000E+00
  0.0000000E+00
  1.1398292E-02
  1.4539090E-02
  1.3987531E-02
  9.3555814E-03
  9.9105360E-03
  1.1396872E-02
  0.0000000E+00
  0.0000000E+00
  1.4500916E-02
  1.4373713E-02
  9.9087395E-03
  9.4621908E-03
  4.3086582E-03
  7.4530458E-03
  1.2617765E-02
  0.0000000E+00
  0.0000000E+00
  0.0000000E+00
  0.0000000E+00
  0.0000000E+00
  4.5978990E-03
  7.4214586E-03
  1.5064717E-02
  1.4454219E-02
  8.9460303E-04
  2.1437759E-04
  3.1225346E-02
  3.0099751E-02
  2.1929065E-02
  0.0000000E+00
  0.0000000E+00
  0.0000000E+00
  0.0000000E+00
  3.0063106E-02
  2.5064036E-02
  3.1884555E-02
  3.1708959E-02
  2.4108572E-02
  2.3027949E-02
  3.8333606E-02
  3.7207101E-02
  3.7768647E-02
  2.0906502E-02
  0.0000000E+00
  3.8184620E-02
  3.7256762E-02
  2.9945094E-02
  3.7795160E-02
  2.4439808E-02
  2.2890391E-02
 
 month:           3 year:        2013
  0.0000000E+00
  0.0000000E+00
  0.0000000E+00
  0.0000000E+00
  0.0000000E+00
  0.0000000E+00
  0.0000000E+00
  0.0000000E+00
  0.0000000E+00
  0.0000000E+00
  0.0000000E+00
  0.0000000E+00
  0.0000000E+00
  0.0000000E+00
  0.0000000E+00
  0.0000000E+00
  7.8089543E-05
  0.0000000E+00
  0.0000000E+00
  4.5204386E-02
  0.0000000E+00
  0.0000000E+00
  0.0000000E+00
  0.0000000E+00
  0.0000000E+00
  0.0000000E+00
  0.0000000E+00
  0.0000000E+00
  0.0000000E+00
  0.0000000E+00
  0.0000000E+00
  0.0000000E+00
  2.3450766E-04
  0.0000000E+00
  0.0000000E+00
  0.0000000E+00
  0.0000000E+00
  0.0000000E+00
  0.0000000E+00
  0.0000000E+00
  0.0000000E+00
  0.0000000E+00
  0.0000000E+00
  0.0000000E+00
  0.0000000E+00
  0.0000000E+00
  0.0000000E+00
  0.0000000E+00
  0.0000000E+00
  0.0000000E+00
  0.0000000E+00
  0.0000000E+00
  0.0000000E+00
  0.0000000E+00
  2.7924485E-04
  0.0000000E+00
  0.0000000E+00
  0.0000000E+00
  0.0000000E+00
  0.0000000E+00
  0.0000000E+00
  0.0000000E+00
  0.0000000E+00
  4.1849999E-04
  4.1782114E-04
  8.4316880E-02
  0.1592881    
  0.0000000E+00
  0.0000000E+00
  2.7929345E-04
  0.0000000E+00
  0.0000000E+00
  1.9977128E-03
  0.0000000E+00
  0.0000000E+00
  0.0000000E+00
  0.0000000E+00
  7.2225281E-05
  7.2889998E-05
  0.0000000E+00
  0.0000000E+00
  0.0000000E+00
  0.0000000E+00
  0.0000000E+00
  0.0000000E+00
  0.0000000E+00
  0.0000000E+00
  4.2793696E-04
  5.6823640E-04
  0.0000000E+00
  0.0000000E+00
  4.4179402E-02
  3.2134689E-03
  5.7674333E-04
  0.1860036    
  0.2572449    
  0.2546485    
  2.3579662E-05
  8.4104104E-05
  3.1909274E-04
  0.0000000E+00
  0.0000000E+00
  2.7819737E-04
  2.6686571E-04
  3.4357666E-03
  3.6503989E-04
  0.0000000E+00
  0.0000000E+00
  0.0000000E+00
  0.0000000E+00
  8.6321309E-02
  5.7516142E-04
  5.7107146E-04
  0.1600307    
  0.1582991    
  4.6943643E-04
  3.1914617E-04
  2.7815686E-04
  2.7560908E-04
  3.1176517E-03
  2.0246063E-03
  0.0000000E+00
  0.0000000E+00
  0.0000000E+00
  0.1802507    
  0.2517482    
  0.2415318    
  8.6654030E-02
  7.8490332E-02
  5.0120906E-04
  5.0223665E-04
  0.2207010    
  0.1149412    
  0.1058868    
  0.0000000E+00
  0.0000000E+00
  0.2909116    
  0.2818716    
  3.2178569E-04
  3.2241290E-04
  0.1137280    
  0.1859602    
  0.1841726    
  1.4221605E-02
  2.0102143E-02
  9.1272464E-05
  1.4105841E-04
  0.0000000E+00
  0.0000000E+00
  2.4817840E-04
  1.8906541E-02
  1.3720796E-02
  2.0370190E-04
  2.1578511E-04
  2.4814744E-04
  0.0000000E+00
  0.0000000E+00
  1.8554462E-02
  1.7332327E-02
  2.1574600E-04
  2.0602312E-04
  9.3813716E-05
  1.6227733E-04
  2.7473032E-04
  0.0000000E+00
  0.0000000E+00
  0.0000000E+00
  0.0000000E+00
  0.0000000E+00
  1.0011143E-04
  1.6158968E-04
  3.2800852E-04
  3.1471605E-04
  1.9478464E-05
  4.4912881E-06
  9.1033399E-02
  6.5537088E-04
  4.7746819E-04
  0.0000000E+00
  0.0000000E+00
  0.0000000E+00
  0.0000000E+00
  6.5457303E-04
  5.4572697E-04
  0.1627598    
  0.1612165    
  5.2492326E-04
  5.0139445E-04
  0.1218562    
  0.1135334    
  8.2234811E-04
  4.5520350E-04
  0.0000000E+00
  0.1925472    
  0.1852114    
  6.5200374E-04
  8.2292530E-04
  5.3213502E-04
  4.9839943E-04
 
 month:           4 year:        2013
  0.0000000E+00
  0.0000000E+00
  0.0000000E+00
  0.0000000E+00
  0.0000000E+00
  0.0000000E+00
  0.0000000E+00
  0.0000000E+00
  0.0000000E+00
  0.0000000E+00
  0.0000000E+00
  0.0000000E+00
  0.0000000E+00
  0.0000000E+00
  0.0000000E+00
  0.0000000E+00
  1.0491244E-06
  0.0000000E+00
  0.0000000E+00
  0.5494072    
  0.0000000E+00
  0.0000000E+00
  0.0000000E+00
  0.0000000E+00
  0.0000000E+00
  0.0000000E+00
  0.0000000E+00
  0.0000000E+00
  0.0000000E+00
  0.0000000E+00
  0.0000000E+00
  0.0000000E+00
  0.1829478    
  0.0000000E+00
  0.0000000E+00
  0.0000000E+00
  0.0000000E+00
  0.0000000E+00
  0.0000000E+00
  0.0000000E+00
  0.0000000E+00
  0.0000000E+00
  0.0000000E+00
  0.0000000E+00
  0.0000000E+00
  0.0000000E+00
  0.0000000E+00
  0.0000000E+00
  0.0000000E+00
  0.0000000E+00
  0.0000000E+00
  0.0000000E+00
  0.0000000E+00
  0.0000000E+00
  4.4505050E-06
  0.0000000E+00
  0.0000000E+00
  0.0000000E+00
  0.0000000E+00
  0.0000000E+00
  0.0000000E+00
  0.0000000E+00
  0.0000000E+00
  6.7935066E-06
  6.7824903E-06
  0.2116389    
  0.3042837    
  0.0000000E+00
  0.0000000E+00
  4.4512813E-06
  0.0000000E+00
  0.0000000E+00
  8.4143482E-02
  0.0000000E+00
  0.0000000E+00
  0.0000000E+00
  0.0000000E+00
  9.7033842E-07
  9.7926852E-07
  0.0000000E+00
  0.0000000E+00
  0.0000000E+00
  0.0000000E+00
  0.0000000E+00
  0.0000000E+00
  0.0000000E+00
  0.0000000E+00
  6.9467005E-06
  5.6324437E-02
  0.0000000E+00
  0.0000000E+00
  0.2400355    
  0.1696071    
  0.1206088    
  0.3930945    
  0.4794835    
  0.4754589    
  1.3085936E-07
  1.1656099E-06
  1.4495306E-02
  0.0000000E+00
  0.0000000E+00
  4.4338117E-06
  4.2532097E-06
  0.1086624    
  0.1009320    
  0.0000000E+00
  0.0000000E+00
  0.0000000E+00
  0.0000000E+00
  0.2657894    
  0.1719897    
  0.1693236    
  0.3484204    
  0.3452644    
  7.6555498E-06
  1.4532134E-02
  4.4331664E-06
  4.3925597E-06
  0.1081731    
  0.1064162    
  0.0000000E+00
  0.0000000E+00
  0.0000000E+00
  0.2816810    
  0.3649561    
  0.3489704    
  0.1780580    
  0.1657232    
  8.1736980E-06
  8.1904527E-06
  0.2900091    
  0.1597734    
  0.1465064    
  0.0000000E+00
  0.0000000E+00
  0.3787993    
  0.3651234    
  5.1644911E-06
  5.1745592E-06
  0.1935157    
  0.2774085    
  0.2746224    
  8.0397785E-02
  8.9416921E-02
  1.2988444E-06
  2.1283745E-06
  0.0000000E+00
  0.0000000E+00
  3.9236684E-06
  6.4675994E-02
  5.7752833E-02
  3.1907605E-06
  3.3800295E-06
  3.9231782E-06
  0.0000000E+00
  0.0000000E+00
  6.4207487E-02
  6.2526383E-02
  3.3794161E-06
  3.2271178E-06
  1.3350074E-06
  2.4838830E-06
  4.3785562E-06
  0.0000000E+00
  0.0000000E+00
  0.0000000E+00
  0.0000000E+00
  0.0000000E+00
  1.4246265E-06
  2.4733581E-06
  4.4848517E-02
  3.7917778E-02
  7.6749963E-08
  0.0000000E+00
  0.2493479    
  0.1277407    
  2.5352040E-02
  0.0000000E+00
  0.0000000E+00
  0.0000000E+00
  0.0000000E+00
  0.1272667    
  6.3843638E-02
  0.3011736    
  0.2992204    
  8.5948614E-06
  8.1767184E-06
  0.2632181    
  0.2515558    
  0.1322899    
  7.4234376E-06
  0.0000000E+00
  0.3185687    
  0.3088054    
  5.7295855E-02
  0.1325424    
  8.7129474E-06
  8.1278786E-06
 
 month:           5 year:        2013
  0.0000000E+00
  0.0000000E+00
  0.0000000E+00
  0.0000000E+00
  0.0000000E+00
  0.0000000E+00
  0.0000000E+00
  0.0000000E+00
  0.0000000E+00
  0.0000000E+00
  0.0000000E+00
  0.0000000E+00
  0.0000000E+00
  0.0000000E+00
  0.0000000E+00
  0.0000000E+00
  7.4849062E-02
  0.0000000E+00
  0.0000000E+00
   1.723290    
  0.0000000E+00
  0.0000000E+00
  0.0000000E+00
  0.0000000E+00
  0.0000000E+00
  0.0000000E+00
  0.0000000E+00
  0.0000000E+00
  0.0000000E+00
  0.0000000E+00
  0.0000000E+00
  0.0000000E+00
  0.7804610    
  0.0000000E+00
  0.0000000E+00
  0.0000000E+00
  0.0000000E+00
  0.0000000E+00
  0.0000000E+00
  0.0000000E+00
  0.0000000E+00
  0.0000000E+00
  0.0000000E+00
  0.0000000E+00
  0.0000000E+00
  0.0000000E+00
  0.0000000E+00
  0.0000000E+00
  0.0000000E+00
  0.0000000E+00
  0.0000000E+00
  0.0000000E+00
  0.0000000E+00
  0.0000000E+00
  0.9688107    
  0.0000000E+00
  0.0000000E+00
  0.0000000E+00
  0.0000000E+00
  0.0000000E+00
  0.0000000E+00
  0.0000000E+00
  0.0000000E+00
  0.2499278    
  0.2494522    
   2.007168    
   2.198230    
  0.0000000E+00
  0.0000000E+00
  0.9689471    
  0.0000000E+00
  0.0000000E+00
   1.096203    
  0.0000000E+00
  0.0000000E+00
  0.0000000E+00
  0.0000000E+00
  0.4162903    
  0.4175845    
  0.0000000E+00
  0.0000000E+00
  0.0000000E+00
  0.0000000E+00
  0.0000000E+00
  0.0000000E+00
  0.0000000E+00
  0.0000000E+00
   1.406598    
   1.601334    
  0.0000000E+00
  0.0000000E+00
   2.129297    
   1.774409    
   1.554973    
   2.469280    
   2.643199    
   2.629027    
  0.2923063    
  0.3988405    
  0.9315635    
  0.0000000E+00
  0.0000000E+00
  0.8903796    
  0.8660668    
   1.020382    
  0.9952858    
  0.0000000E+00
  0.0000000E+00
  0.0000000E+00
  0.0000000E+00
   1.759354    
   1.684978    
   1.675767    
   1.952504    
   1.940806    
  0.1946974    
  0.9316963    
  0.8902872    
  0.8848566    
   1.018794    
   1.013005    
  0.0000000E+00
  0.0000000E+00
  0.0000000E+00
   2.019999    
   2.174195    
   2.109838    
   1.914043    
   1.852697    
  0.5998524    
  0.6004176    
   2.168663    
   2.087285    
   2.017690    
  0.6330363    
  0.6317893    
   2.383912    
   2.328630    
  8.1596293E-02
  8.2136728E-02
   1.589826    
   1.764271    
   1.752836    
   1.505378    
   1.545389    
  0.4947496    
  0.6021318    
  0.0000000E+00
  0.0000000E+00
  0.8531451    
  0.9416917    
  0.9173055    
  0.7844979    
  0.8123611    
  0.8530813    
  0.0000000E+00
  0.0000000E+00
  0.9400551    
  0.9340600    
  0.8122718    
  0.7900735    
  0.2764156    
  0.3799496    
  0.6248084    
  0.0000000E+00
  0.0000000E+00
  0.0000000E+00
  0.0000000E+00
  0.0000000E+00
  0.2858360    
  0.3788753    
  0.7124689    
  0.6908407    
  0.1107564    
  9.3557470E-02
   1.564864    
   1.043211    
  0.7220711    
  0.0000000E+00
  0.0000000E+00
  0.0000000E+00
  0.0000000E+00
   1.041791    
  0.8442268    
   1.718735    
   1.710400    
  0.6991571    
  0.6745469    
   1.654403    
   1.601222    
   1.236080    
  0.7757416    
  0.0000000E+00
   1.852555    
   1.807913    
   1.004145    
   1.237001    
  0.9364722    
  0.9026647    
 
 month:           6 year:        2013
  0.0000000E+00
  0.0000000E+00
  0.0000000E+00
  0.0000000E+00
  0.0000000E+00
  0.0000000E+00
  0.0000000E+00
  0.0000000E+00
  0.0000000E+00
  0.0000000E+00
  0.0000000E+00
  0.0000000E+00
  0.0000000E+00
  0.0000000E+00
  0.0000000E+00
  0.0000000E+00
  6.1961610E-02
  0.0000000E+00
  0.0000000E+00
   1.041666    
  0.0000000E+00
  0.0000000E+00
  0.0000000E+00
  0.0000000E+00
  0.0000000E+00
  0.0000000E+00
  0.0000000E+00
  0.0000000E+00
  0.0000000E+00
  0.0000000E+00
  0.0000000E+00
  0.0000000E+00
  0.4932099    
  0.0000000E+00
  0.0000000E+00
  0.0000000E+00
  0.0000000E+00
  0.0000000E+00
  0.0000000E+00
  0.0000000E+00
  0.0000000E+00
  0.0000000E+00
  0.0000000E+00
  0.0000000E+00
  0.0000000E+00
  0.0000000E+00
  0.0000000E+00
  0.0000000E+00
  0.0000000E+00
  0.0000000E+00
  0.0000000E+00
  0.0000000E+00
  0.0000000E+00
  0.0000000E+00
  0.5441416    
  0.0000000E+00
  0.0000000E+00
  0.0000000E+00
  0.0000000E+00
  0.0000000E+00
  0.0000000E+00
  0.0000000E+00
  0.0000000E+00
  0.2320426    
  0.2315499    
   1.026560    
   1.171844    
  0.0000000E+00
  0.0000000E+00
  0.5442218    
  0.0000000E+00
  0.0000000E+00
  0.5915920    
  0.0000000E+00
  0.0000000E+00
  0.0000000E+00
  0.0000000E+00
  0.2394293    
  0.2401884    
  0.0000000E+00
  0.0000000E+00
  0.0000000E+00
  0.0000000E+00
  0.0000000E+00
  0.0000000E+00
  0.0000000E+00
  0.0000000E+00
  0.8135055    
  0.9247394    
  0.0000000E+00
  0.0000000E+00
   1.142204    
  0.9801823    
  0.8797147    
   1.299603    
   1.468711    
   1.459516    
  0.1897551    
  0.2511595    
  0.5364540    
  0.0000000E+00
  0.0000000E+00
  0.5144731    
  0.5002387    
  0.5834383    
  0.5686547    
  0.0000000E+00
  0.0000000E+00
  0.0000000E+00
  0.0000000E+00
  0.9792597    
  0.9556416    
  0.9502065    
   1.075941    
   1.068112    
  0.1920227    
  0.5365322    
  0.5144176    
  0.5111560    
  0.5825025    
  0.5790908    
  0.0000000E+00
  0.0000000E+00
  0.0000000E+00
   1.048214    
   1.097901    
   1.067256    
   1.024354    
  0.9945836    
  0.5089751    
  0.5095665    
   1.163687    
   1.139983    
   1.106144    
  0.5354308    
  0.5343167    
   1.212940    
   1.186597    
  7.7642068E-02
  7.8144014E-02
  0.8813940    
  0.9278260    
  0.9223939    
  0.8358208    
  0.8585429    
  0.2854426    
  0.3456652    
  0.0000000E+00
  0.0000000E+00
  0.4803655    
  0.5275378    
  0.5133122    
  0.4424948    
  0.4584866    
  0.4803282    
  0.0000000E+00
  0.0000000E+00
  0.5265825    
  0.5230834    
  0.4584335    
  0.4456148    
  0.1625198    
  0.2201240    
  0.3510324    
  0.0000000E+00
  0.0000000E+00
  0.0000000E+00
  0.0000000E+00
  0.0000000E+00
  0.1677641    
  0.2195267    
  0.3975762    
  0.3853512    
  7.2815403E-02
  6.1508216E-02
   1.033221    
  0.7683309    
  0.4965385    
  0.0000000E+00
  0.0000000E+00
  0.0000000E+00
  0.0000000E+00
  0.7673010    
  0.5993537    
   1.178171    
   1.172242    
  0.4787026    
  0.4512525    
  0.8820736    
  0.8482999    
  0.7786487    
  0.4354310    
  0.0000000E+00
   1.052198    
   1.010656    
  0.5854499    
  0.7794650    
  0.5302162    
  0.5113493    
 
 month:           7 year:        2013
  0.0000000E+00
  0.0000000E+00
  0.0000000E+00
  0.0000000E+00
  0.0000000E+00
  0.0000000E+00
  0.0000000E+00
  0.0000000E+00
  0.0000000E+00
  0.0000000E+00
  0.0000000E+00
  0.0000000E+00
  0.0000000E+00
  0.0000000E+00
  0.0000000E+00
  0.0000000E+00
  1.1008164E-03
  0.0000000E+00
  0.0000000E+00
  3.7179403E-02
  0.0000000E+00
  0.0000000E+00
  0.0000000E+00
  0.0000000E+00
  0.0000000E+00
  0.0000000E+00
  0.0000000E+00
  0.0000000E+00
  0.0000000E+00
  0.0000000E+00
  0.0000000E+00
  0.0000000E+00
  1.2631555E-02
  0.0000000E+00
  0.0000000E+00
  0.0000000E+00
  0.0000000E+00
  0.0000000E+00
  0.0000000E+00
  0.0000000E+00
  0.0000000E+00
  0.0000000E+00
  0.0000000E+00
  0.0000000E+00
  0.0000000E+00
  0.0000000E+00
  0.0000000E+00
  0.0000000E+00
  0.0000000E+00
  0.0000000E+00
  0.0000000E+00
  0.0000000E+00
  0.0000000E+00
  0.0000000E+00
  9.6672811E-03
  0.0000000E+00
  0.0000000E+00
  0.0000000E+00
  0.0000000E+00
  0.0000000E+00
  0.0000000E+00
  0.0000000E+00
  0.0000000E+00
  4.1224947E-03
  4.1137394E-03
  1.8237973E-02
  2.9998582E-02
  0.0000000E+00
  0.0000000E+00
  9.6687041E-03
  0.0000000E+00
  0.0000000E+00
  1.0510285E-02
  0.0000000E+00
  0.0000000E+00
  0.0000000E+00
  0.0000000E+00
  4.2537274E-03
  4.2672157E-03
  0.0000000E+00
  0.0000000E+00
  0.0000000E+00
  0.0000000E+00
  0.0000000E+00
  0.0000000E+00
  0.0000000E+00
  0.0000000E+00
  1.4452827E-02
  1.6429026E-02
  0.0000000E+00
  0.0000000E+00
  2.0292517E-02
  1.7414030E-02
  1.5629107E-02
  2.3346977E-02
  5.4250490E-02
  5.2200295E-02
  3.3712108E-03
  4.4621290E-03
  9.5306989E-03
  0.0000000E+00
  0.0000000E+00
  9.1401851E-03
  8.8872956E-03
  1.0365433E-02
  1.0102785E-02
  0.0000000E+00
  0.0000000E+00
  0.0000000E+00
  0.0000000E+00
  1.7397627E-02
  1.6978035E-02
  1.6881475E-02
  2.3849722E-02
  2.3501471E-02
  3.4114958E-03
  9.5320931E-03
  9.1392007E-03
  9.0812547E-03
  1.0348803E-02
  1.0288190E-02
  0.0000000E+00
  0.0000000E+00
  0.0000000E+00
  0.2076271    
  0.2940235    
  0.2824672    
  0.1622559    
  0.1516665    
  9.0425098E-03
  9.0530161E-03
  0.2421757    
  0.1955205    
  0.1835152    
  9.5125241E-03
  9.4927279E-03
  0.3310484    
  0.3213284    
  1.3793978E-03
  1.3883153E-03
  0.1203242    
  0.2118060    
  0.2093964    
  6.7572288E-02
  7.5172350E-02
  5.0712032E-03
  6.1411224E-03
  0.0000000E+00
  0.0000000E+00
  8.5342256E-03
  4.1014507E-02
  3.4256473E-02
  7.8614103E-03
  8.1455195E-03
  8.5335653E-03
  0.0000000E+00
  0.0000000E+00
  4.0560853E-02
  3.8908422E-02
  8.1445789E-03
  7.9168417E-03
  2.8873438E-03
  3.9107464E-03
  6.2364805E-03
  0.0000000E+00
  0.0000000E+00
  0.0000000E+00
  0.0000000E+00
  0.0000000E+00
  2.9805133E-03
  3.9001345E-03
  7.0633790E-03
  6.8461923E-03
  1.2936465E-03
  1.0927618E-03
  2.7729264E-02
  2.3419278E-02
  1.2608643E-02
  0.0000000E+00
  0.0000000E+00
  0.0000000E+00
  0.0000000E+00
  2.3386339E-02
  1.6697656E-02
  3.3918079E-02
  3.3751223E-02
  1.2121429E-02
  1.0978074E-02
  1.5671011E-02
  1.5070983E-02
  1.7460518E-02
  7.7359141E-03
  0.0000000E+00
  2.6796170E-02
  2.5274733E-02
  1.0401168E-02
  1.7496144E-02
  9.4198771E-03
  9.0846904E-03
 
 month:           8 year:        2013
  0.0000000E+00
  0.0000000E+00
  0.0000000E+00
  0.0000000E+00
  0.0000000E+00
  0.0000000E+00
  0.0000000E+00
  0.0000000E+00
  0.0000000E+00
  0.0000000E+00
  0.0000000E+00
  0.0000000E+00
  0.0000000E+00
  0.0000000E+00
  0.0000000E+00
  0.0000000E+00
  1.7645392E-05
  0.0000000E+00
  0.0000000E+00
  7.5057975E-04
  0.0000000E+00
  0.0000000E+00
  0.0000000E+00
  0.0000000E+00
  0.0000000E+00
  0.0000000E+00
  0.0000000E+00
  0.0000000E+00
  0.0000000E+00
  0.0000000E+00
  0.0000000E+00
  0.0000000E+00
  2.0247590E-04
  0.0000000E+00
  0.0000000E+00
  0.0000000E+00
  0.0000000E+00
  0.0000000E+00
  0.0000000E+00
  0.0000000E+00
  0.0000000E+00
  0.0000000E+00
  0.0000000E+00
  0.0000000E+00
  0.0000000E+00
  0.0000000E+00
  0.0000000E+00
  0.0000000E+00
  0.0000000E+00
  0.0000000E+00
  0.0000000E+00
  0.0000000E+00
  0.0000000E+00
  0.0000000E+00
  1.5496048E-04
  0.0000000E+00
  0.0000000E+00
  0.0000000E+00
  0.0000000E+00
  0.0000000E+00
  0.0000000E+00
  0.0000000E+00
  0.0000000E+00
  6.6081033E-05
  6.5940658E-05
  2.9234341E-04
  4.8085852E-04
  0.0000000E+00
  0.0000000E+00
  1.5498324E-04
  0.0000000E+00
  0.0000000E+00
  1.6847340E-04
  0.0000000E+00
  0.0000000E+00
  0.0000000E+00
  0.0000000E+00
  6.8184563E-05
  6.8400783E-05
  0.0000000E+00
  0.0000000E+00
  0.0000000E+00
  0.0000000E+00
  0.0000000E+00
  0.0000000E+00
  0.0000000E+00
  0.0000000E+00
  2.3166979E-04
  2.6334712E-04
  0.0000000E+00
  0.0000000E+00
  3.2527625E-04
  2.7913597E-04
  2.5052490E-04
  3.7423734E-04
  2.7799616E-03
  2.5534485E-03
  5.4038392E-05
  7.1525115E-05
  1.5277114E-04
  0.0000000E+00
  0.0000000E+00
  1.4651146E-04
  1.4245785E-04
  1.6615145E-04
  1.6194131E-04
  0.0000000E+00
  0.0000000E+00
  0.0000000E+00
  0.0000000E+00
  2.7887305E-04
  2.7214730E-04
  2.7059947E-04
  3.8229619E-04
  3.7671393E-04
  5.4684147E-05
  1.5279345E-04
  1.4649563E-04
  1.4556687E-04
  1.6588485E-04
  1.6491322E-04
  0.0000000E+00
  0.0000000E+00
  0.0000000E+00
  2.5285183E-02
  3.6604367E-02
  3.5139862E-02
  1.9336276E-02
  1.7997792E-02
  1.4494576E-04
  1.4511420E-04
  2.9614231E-02
  2.3495268E-02
  2.1977985E-02
  1.5247981E-04
  1.5216248E-04
  4.1261699E-02
  4.0031068E-02
  2.2110889E-05
  2.2253826E-05
  1.4087904E-02
  2.6092038E-02
  2.5778778E-02
  7.2080898E-03
  8.1659323E-03
  8.1288235E-05
  9.8438366E-05
  0.0000000E+00
  0.0000000E+00
  1.3679832E-04
  4.3333829E-03
  3.4693195E-03
  1.2601346E-04
  1.3056751E-04
  1.3678768E-04
  0.0000000E+00
  0.0000000E+00
  4.2753806E-03
  4.0641474E-03
  1.3055251E-04
  1.2690200E-04
  4.6282326E-05
  6.2686806E-05
  9.9966885E-05
  0.0000000E+00
  0.0000000E+00
  0.0000000E+00
  0.0000000E+00
  0.0000000E+00
  4.7775760E-05
  6.2516709E-05
  1.1322153E-04
  1.0974022E-04
  2.0736343E-05
  1.7516288E-05
  4.4448281E-04
  3.7539614E-04
  2.0210865E-04
  0.0000000E+00
  0.0000000E+00
  0.0000000E+00
  0.0000000E+00
  3.7486842E-04
  2.6765303E-04
  5.4368546E-04
  5.4101093E-04
  1.9429880E-04
  1.7597168E-04
  2.5119659E-04
  2.4157840E-04
  2.7988115E-04
  1.2400183E-04
  0.0000000E+00
  4.2952583E-04
  4.0513839E-04
  1.6672420E-04
  2.8045228E-04
  1.5099476E-04
  1.4562193E-04
 
 month:           9 year:        2013
  0.0000000E+00
  0.0000000E+00
  0.0000000E+00
  0.0000000E+00
  0.0000000E+00
  0.0000000E+00
  0.0000000E+00
  0.0000000E+00
  0.0000000E+00
  0.0000000E+00
  0.0000000E+00
  0.0000000E+00
  0.0000000E+00
  0.0000000E+00
  0.0000000E+00
  0.0000000E+00
  3.7077768E-08
  0.0000000E+00
  0.0000000E+00
  0.5710477    
  0.0000000E+00
  0.0000000E+00
  0.0000000E+00
  0.0000000E+00
  0.0000000E+00
  0.0000000E+00
  0.0000000E+00
  0.0000000E+00
  0.0000000E+00
  0.0000000E+00
  0.0000000E+00
  0.0000000E+00
  0.2219191    
  0.0000000E+00
  0.0000000E+00
  0.0000000E+00
  0.0000000E+00
  0.0000000E+00
  0.0000000E+00
  0.0000000E+00
  0.0000000E+00
  0.0000000E+00
  0.0000000E+00
  0.0000000E+00
  0.0000000E+00
  0.0000000E+00
  0.0000000E+00
  0.0000000E+00
  0.0000000E+00
  0.0000000E+00
  0.0000000E+00
  0.0000000E+00
  0.0000000E+00
  0.0000000E+00
  0.2742050    
  0.0000000E+00
  0.0000000E+00
  0.0000000E+00
  0.0000000E+00
  0.0000000E+00
  0.0000000E+00
  0.0000000E+00
  0.0000000E+00
  8.5575817E-07
  8.5394072E-07
  0.7010584    
  0.8315435    
  0.0000000E+00
  0.0000000E+00
  0.2742615    
  0.0000000E+00
  0.0000000E+00
  0.3950924    
  0.0000000E+00
  0.0000000E+00
  0.0000000E+00
  0.0000000E+00
  2.2075579E-02
  2.2755900E-02
  0.0000000E+00
  0.0000000E+00
  0.0000000E+00
  0.0000000E+00
  0.0000000E+00
  0.0000000E+00
  0.0000000E+00
  0.0000000E+00
  0.2058166    
  0.3170769    
  0.0000000E+00
  0.0000000E+00
  0.6570225    
  0.5266412    
  0.4448604    
  0.8801655    
   1.091398    
   1.083171    
  6.6987309E-07
  9.6093243E-07
  0.2582193    
  0.0000000E+00
  0.0000000E+00
  0.2325564    
  0.2220790    
  0.3419286    
  0.3288603    
  0.0000000E+00
  0.0000000E+00
  0.0000000E+00
  0.0000000E+00
  0.6190537    
  0.6089628    
  0.6045671    
  0.7368588    
  0.7313702    
  6.7787823E-07
  0.2582742    
  0.2325198    
  0.2303376    
  0.3410982    
  0.3381089    
  0.0000000E+00
  0.0000000E+00
  0.0000000E+00
  0.7452535    
  0.8877399    
  0.8590029    
  0.7511130    
  0.7232037    
  2.1653600E-02
  2.1372158E-02
  0.8479692    
  0.8157292    
  0.7901944    
  2.3007069E-06
  2.2959193E-06
   1.064603    
   1.039427    
  1.2270822E-07
  1.2350144E-07
  0.5897675    
  0.7230040    
  0.7177325    
  0.5664630    
  0.5876346    
  3.9312948E-02
  5.7089448E-02
  0.0000000E+00
  0.0000000E+00
  0.2386884    
  0.3182371    
  0.3078382    
  0.2027882    
  0.2152309    
  0.2386604    
  0.0000000E+00
  0.0000000E+00
  0.3174493    
  0.3149462    
  0.2151951    
  0.2054584    
  1.2385664E-02
  3.7117526E-02
  0.2541656    
  0.0000000E+00
  0.0000000E+00
  0.0000000E+00
  0.0000000E+00
  0.0000000E+00
  1.4718544E-02
  3.6871716E-02
  0.3795933    
  0.3621127    
  1.1507993E-07
  3.6806476E-08
  0.7074390    
  0.4101083    
  0.2210524    
  0.0000000E+00
  0.0000000E+00
  0.0000000E+00
  0.0000000E+00
  0.4092259    
  0.2927637    
  0.8965443    
  0.8899546    
  0.1452512    
  0.1367560    
  0.5114452    
  0.4866385    
  0.2720721    
  0.1187438    
  0.0000000E+00
  0.6493899    
  0.6271406    
  0.1811185    
  0.2725682    
  0.1153852    
  0.1039711    
 
 month:          10 year:        2013
  0.0000000E+00
  0.0000000E+00
  0.0000000E+00
  0.0000000E+00
  0.0000000E+00
  0.0000000E+00
  0.0000000E+00
  0.0000000E+00
  0.0000000E+00
  0.0000000E+00
  0.0000000E+00
  0.0000000E+00
  0.0000000E+00
  0.0000000E+00
  0.0000000E+00
  0.0000000E+00
  0.0000000E+00
  0.0000000E+00
  0.0000000E+00
  0.8876064    
  0.0000000E+00
  0.0000000E+00
  0.0000000E+00
  0.0000000E+00
  0.0000000E+00
  0.0000000E+00
  0.0000000E+00
  0.0000000E+00
  0.0000000E+00
  0.0000000E+00
  0.0000000E+00
  0.0000000E+00
  0.4027843    
  0.0000000E+00
  0.0000000E+00
  0.0000000E+00
  0.0000000E+00
  0.0000000E+00
  0.0000000E+00
  0.0000000E+00
  0.0000000E+00
  0.0000000E+00
  0.0000000E+00
  0.0000000E+00
  0.0000000E+00
  0.0000000E+00
  0.0000000E+00
  0.0000000E+00
  0.0000000E+00
  0.0000000E+00
  0.0000000E+00
  0.0000000E+00
  0.0000000E+00
  0.0000000E+00
  0.6222097    
  0.0000000E+00
  0.0000000E+00
  0.0000000E+00
  0.0000000E+00
  0.0000000E+00
  0.0000000E+00
  0.0000000E+00
  0.0000000E+00
  0.2927307    
  0.2919102    
   1.239159    
   1.324367    
  0.0000000E+00
  0.0000000E+00
  0.6223034    
  0.0000000E+00
  0.0000000E+00
  0.7191027    
  0.0000000E+00
  0.0000000E+00
  0.0000000E+00
  0.0000000E+00
  0.2188923    
  0.2197707    
  0.0000000E+00
  0.0000000E+00
  0.0000000E+00
  0.0000000E+00
  0.0000000E+00
  0.0000000E+00
  0.0000000E+00
  0.0000000E+00
   1.081310    
   1.311526    
  0.0000000E+00
  0.0000000E+00
   1.677454    
   1.399661    
   1.229171    
   1.883287    
   2.235762    
   2.219666    
  0.2932094    
  0.4024158    
  0.7791767    
  0.0000000E+00
  0.0000000E+00
  0.7011455    
  0.6796201    
  0.8873872    
  0.8636091    
  0.0000000E+00
  0.0000000E+00
  0.0000000E+00
  0.0000000E+00
   1.519448    
   1.437327    
   1.429399    
   1.615660    
   1.606167    
  0.6009163    
  0.7792873    
  0.7010711    
  0.6965565    
  0.8858551    
  0.8804518    
  0.0000000E+00
  0.1081354    
  0.1062811    
   1.897951    
   1.996748    
   1.941478    
   1.823278    
   1.771764    
  0.9902948    
  0.9892830    
   2.044107    
   1.973410    
   1.912778    
  0.3691595    
  0.3677587    
   2.422098    
   2.364836    
  0.6576771    
  0.6588461    
   1.613110    
   1.702257    
   1.692356    
   1.495585    
   1.535114    
  0.5588693    
  0.6758160    
  2.5635841E-03
  2.6373789E-03
  0.8376259    
  0.9447997    
  0.9202234    
  0.7279023    
  0.7555130    
  0.8375596    
  2.6357325E-03
  2.5655660E-03
  0.9431098    
  0.9371512    
  0.7554311    
  0.7336670    
  0.4360271    
  0.5876808    
  0.7922014    
  0.0000000E+00
  0.0000000E+00
  0.0000000E+00
  0.0000000E+00
  0.0000000E+00
  0.4500482    
  0.5861426    
  0.9092577    
  0.8808020    
  0.3265750    
  0.2968126    
   1.879155    
   1.698293    
   1.256325    
  0.0000000E+00
  0.0000000E+00
  0.0000000E+00
  0.0000000E+00
   1.696246    
   1.423117    
   1.974603    
   1.964664    
   1.396209    
   1.341911    
   2.064452    
   1.998719    
   1.583255    
  0.8666183    
  0.0000000E+00
   2.346655    
   2.283279    
   1.252707    
   1.584507    
   1.111800    
   1.047615    
 
 month:          11 year:        2013
  0.0000000E+00
  0.0000000E+00
  0.0000000E+00
  0.0000000E+00
  0.0000000E+00
  0.0000000E+00
  0.0000000E+00
  0.0000000E+00
  0.0000000E+00
  0.0000000E+00
  0.0000000E+00
  0.0000000E+00
  0.0000000E+00
  0.0000000E+00
  0.0000000E+00
  0.0000000E+00
  0.0000000E+00
  0.0000000E+00
  0.0000000E+00
  0.3248468    
  0.0000000E+00
  0.0000000E+00
  0.0000000E+00
  0.0000000E+00
  0.0000000E+00
  0.0000000E+00
  0.0000000E+00
  0.0000000E+00
  0.0000000E+00
  0.0000000E+00
  0.0000000E+00
  0.0000000E+00
  0.1282638    
  0.0000000E+00
  0.0000000E+00
  0.0000000E+00
  0.0000000E+00
  0.0000000E+00
  0.0000000E+00
  0.0000000E+00
  0.0000000E+00
  0.0000000E+00
  0.0000000E+00
  0.0000000E+00
  0.0000000E+00
  0.0000000E+00
  0.0000000E+00
  0.0000000E+00
  0.0000000E+00
  0.0000000E+00
  0.0000000E+00
  0.0000000E+00
  0.0000000E+00
  0.0000000E+00
  0.2946725    
  0.0000000E+00
  0.0000000E+00
  0.0000000E+00
  0.0000000E+00
  0.0000000E+00
  0.0000000E+00
  0.0000000E+00
  0.0000000E+00
  0.3747848    
  0.3741715    
  0.6672915    
  0.7276748    
  0.0000000E+00
  0.0000000E+00
  0.2947226    
  0.0000000E+00
  0.0000000E+00
  0.3617580    
  0.0000000E+00
  0.0000000E+00
  0.0000000E+00
  0.0000000E+00
  6.4989440E-02
  6.5319672E-02
  0.0000000E+00
  0.0000000E+00
  0.0000000E+00
  0.0000000E+00
  0.0000000E+00
  0.0000000E+00
  0.0000000E+00
  0.0000000E+00
  0.5584100    
  0.6882414    
  0.0000000E+00
  0.0000000E+00
  0.9364662    
  0.7690822    
  0.6661425    
   1.144361    
   1.428560    
   1.417109    
  0.1081158    
  0.1593365    
  0.3639503    
  0.0000000E+00
  0.0000000E+00
  0.2944650    
  0.2834512    
  0.4284018    
  0.4154049    
  0.0000000E+00
  0.0000000E+00
  0.0000000E+00
  0.0000000E+00
  0.7849202    
  0.7282668    
  0.7240568    
  0.8410169    
  0.8355072    
  0.5246951    
  0.3640131    
  0.2944285    
  0.2921399    
  0.4274968    
  0.4243264    
  0.0000000E+00
  0.4743530    
  0.4722969    
  0.9435759    
  0.9839551    
  0.9550937    
  0.8902687    
  0.8646922    
  0.7433562    
  0.7442366    
   1.143980    
   1.103871    
   1.069992    
  0.7242772    
  0.7231563    
   1.397390    
   1.359718    
  0.5747762    
  0.5755651    
  0.7894018    
  0.8319141    
  0.8266656    
  0.7117295    
  0.7311836    
  0.2352087    
  0.2931531    
  2.0830953E-02
  2.1249911E-02
  0.3785655    
  0.4352063    
  0.4225816    
  0.2938520    
  0.3071271    
  0.3785290    
  2.1240585E-02
  2.0842053E-02
  0.4342611    
  0.4309354    
  0.3070884    
  0.2966225    
  0.2750699    
  0.3634847    
  0.4699986    
  0.0000000E+00
  0.0000000E+00
  0.0000000E+00
  6.7178570E-03
  6.9554979E-03
  0.2831295    
  0.3625757    
  0.5430172    
  0.5247911    
  0.2177699    
  0.2005390    
   1.225855    
   1.147155    
  0.8622202    
  5.5576678E-02
  5.8428749E-02
  0.0000000E+00
  0.0000000E+00
   1.145843    
  0.9697902    
   1.277158    
   1.270162    
  0.9396363    
  0.9061573    
   2.023921    
   1.960638    
   1.552394    
  0.9333990    
  0.0000000E+00
   2.194867    
   2.136126    
   1.262900    
   1.553330    
   1.141750    
   1.092763    
 
 month:          12 year:        2013
  0.0000000E+00
  0.0000000E+00
  0.0000000E+00
  0.0000000E+00
  0.0000000E+00
  0.0000000E+00
  0.0000000E+00
  0.0000000E+00
  0.0000000E+00
  0.0000000E+00
  0.0000000E+00
  0.0000000E+00
  0.0000000E+00
  0.0000000E+00
  0.0000000E+00
  0.0000000E+00
  0.0000000E+00
  0.0000000E+00
  0.0000000E+00
  0.1291640    
  0.0000000E+00
  0.0000000E+00
  0.0000000E+00
  0.0000000E+00
  0.0000000E+00
  0.0000000E+00
  0.0000000E+00
  0.0000000E+00
  0.0000000E+00
  0.0000000E+00
  0.0000000E+00
  0.0000000E+00
  6.7011103E-02
  0.0000000E+00
  0.0000000E+00
  0.0000000E+00
  0.0000000E+00
  0.0000000E+00
  0.0000000E+00
  0.0000000E+00
  0.0000000E+00
  0.0000000E+00
  0.0000000E+00
  0.0000000E+00
  0.0000000E+00
  0.0000000E+00
  0.0000000E+00
  0.0000000E+00
  0.0000000E+00
  0.0000000E+00
  0.0000000E+00
  0.0000000E+00
  0.0000000E+00
  0.0000000E+00
  7.6844551E-02
  0.0000000E+00
  0.0000000E+00
  0.0000000E+00
  0.0000000E+00
  0.0000000E+00
  0.0000000E+00
  0.0000000E+00
  0.0000000E+00
  7.7668659E-02
  7.7531017E-02
  0.1395550    
  0.1570806    
  0.0000000E+00
  0.0000000E+00
  7.6858200E-02
  0.0000000E+00
  0.0000000E+00
  9.6102342E-02
  0.0000000E+00
  0.0000000E+00
  0.0000000E+00
  0.0000000E+00
  2.9581018E-02
  2.9782379E-02
  0.0000000E+00
  0.0000000E+00
  0.0000000E+00
  0.0000000E+00
  0.0000000E+00
  0.0000000E+00
  0.0000000E+00
  0.0000000E+00
  2.9926350E-02
  5.5490647E-02
  0.0000000E+00
  0.0000000E+00
  9.5708326E-02
  6.6318363E-02
  4.8393521E-02
  0.1104089    
  0.1574734    
  0.1558426    
  2.0888546E-02
  3.5908181E-02
  8.9630917E-02
  0.0000000E+00
  0.0000000E+00
  6.7121647E-02
  6.4076275E-02
  0.1079850    
  0.1041455    
  0.0000000E+00
  0.0000000E+00
  0.0000000E+00
  0.0000000E+00
  0.1577945    
  0.1371715    
  0.1360758    
  0.1758103    
  0.1745302    
  0.1070419    
  8.9645788E-02
  6.7111574E-02
  6.6450611E-02
  0.1077358    
  0.1068766    
  0.0000000E+00
  8.5645448E-03
  8.5263709E-03
  0.1589237    
  0.1752395    
  0.1691211    
  0.1358192    
  0.1304323    
  0.1025527    
  0.1027421    
  8.2001776E-02
  6.3450709E-02
  5.7912067E-02
  1.3856612E-02
  1.3832897E-02
  0.1286468    
  0.1231771    
  7.5220548E-02
  7.5368635E-02
  0.1355010    
  0.1518785    
  0.1507504    
  0.1075952    
  0.1118100    
  2.7329287E-02
  4.0718600E-02
  3.7008509E-04
  3.7752831E-04
  6.9931462E-02
  8.9029901E-02
  8.5698321E-02
  4.1384872E-02
  4.4489108E-02
  6.9923453E-02
  3.7736259E-04
  3.7028230E-04
  8.8801607E-02
  8.8008963E-02
  4.4479474E-02
  4.1991040E-02
  8.7965474E-02
  0.1137539    
  0.1414814    
  0.0000000E+00
  0.0000000E+00
  0.0000000E+00
  6.7790458E-03
  7.0041660E-03
  9.0323210E-02
  0.1134909    
  0.1819783    
  0.1734906    
  8.9602552E-02
  8.4256776E-02
  0.2839580    
  0.2289753    
  0.1695248    
  5.4882005E-02
  5.7469819E-02
  0.0000000E+00
  0.0000000E+00
  0.2287019    
  0.1919983    
  0.3385857    
  0.3361128    
  0.2063024    
  0.1986157    
  0.2115620    
  0.2028437    
  0.2020252    
  0.1059359    
  0.0000000E+00
  0.2661265    
  0.2550366    
  0.1572011    
  0.2021890    
  0.1640791    
  0.1558117    
 
 month:           1 year:        2014
  0.0000000E+00
  0.0000000E+00
  0.0000000E+00
  0.0000000E+00
  0.0000000E+00
  0.0000000E+00
  0.0000000E+00
  0.0000000E+00
  0.0000000E+00
  0.0000000E+00
  0.0000000E+00
  0.0000000E+00
  0.0000000E+00
  0.0000000E+00
  0.0000000E+00
  0.0000000E+00
  0.0000000E+00
  0.0000000E+00
  0.0000000E+00
  2.0704174E-03
  0.0000000E+00
  0.0000000E+00
  0.0000000E+00
  0.0000000E+00
  0.0000000E+00
  0.0000000E+00
  0.0000000E+00
  0.0000000E+00
  0.0000000E+00
  0.0000000E+00
  0.0000000E+00
  0.0000000E+00
  1.0741461E-03
  0.0000000E+00
  0.0000000E+00
  0.0000000E+00
  0.0000000E+00
  0.0000000E+00
  0.0000000E+00
  0.0000000E+00
  0.0000000E+00
  0.0000000E+00
  0.0000000E+00
  0.0000000E+00
  0.0000000E+00
  0.0000000E+00
  0.0000000E+00
  0.0000000E+00
  0.0000000E+00
  0.0000000E+00
  0.0000000E+00
  0.0000000E+00
  0.0000000E+00
  0.0000000E+00
  1.2317704E-03
  0.0000000E+00
  0.0000000E+00
  0.0000000E+00
  0.0000000E+00
  0.0000000E+00
  0.0000000E+00
  0.0000000E+00
  0.0000000E+00
  1.2449800E-03
  1.2427733E-03
  2.2369782E-03
  2.5179030E-03
  0.0000000E+00
  0.0000000E+00
  1.2319892E-03
  0.0000000E+00
  0.0000000E+00
  1.5404602E-03
  0.0000000E+00
  0.0000000E+00
  0.0000000E+00
  0.0000000E+00
  4.7416519E-04
  4.7739281E-04
  0.0000000E+00
  0.0000000E+00
  0.0000000E+00
  0.0000000E+00
  0.0000000E+00
  0.0000000E+00
  0.0000000E+00
  0.0000000E+00
  4.7970077E-04
  8.8948046E-04
  0.0000000E+00
  0.0000000E+00
  1.5341444E-03
  1.0630417E-03
  7.7571796E-04
  1.7697854E-03
  2.5242001E-03
  2.4980588E-03
  3.3483029E-04
  5.7558564E-04
  1.4367272E-03
  0.0000000E+00
  0.0000000E+00
  1.0759180E-03
  1.0271023E-03
  1.7309325E-03
  1.6693872E-03
  0.0000000E+00
  0.0000000E+00
  0.0000000E+00
  0.0000000E+00
  2.5293471E-03
  2.1987739E-03
  2.1812089E-03
  2.8181300E-03
  2.7976104E-03
  1.7158146E-03
  1.4369660E-03
  1.0757567E-03
  1.0651619E-03
  1.7269379E-03
  1.7131643E-03
  0.0000000E+00
  1.3728427E-04
  1.3667243E-04
  2.5474478E-03
  2.8089792E-03
  2.7109059E-03
  2.1770950E-03
  2.0907486E-03
  1.6438557E-03
  1.6468921E-03
  1.3144371E-03
  1.0170750E-03
  9.2829420E-04
  2.2211288E-04
  2.2173268E-04
  2.0621284E-03
  1.9744532E-03
  1.2057386E-03
  1.2081122E-03
  2.1719970E-03
  2.4345184E-03
  2.4164331E-03
  1.7246833E-03
  1.7922437E-03
  4.3807138E-04
  6.5269356E-04
  5.7831212E-06
  5.8994306E-06
  1.1209571E-03
  1.4270935E-03
  1.3736908E-03
  6.6337374E-04
  7.1313255E-04
  1.1208290E-03
  5.8968435E-06
  5.7862026E-06
  1.4234341E-03
  1.4107288E-03
  7.1297813E-04
  6.7308999E-04
  1.4100316E-03
  1.8234029E-03
  2.2678571E-03
  0.0000000E+00
  0.0000000E+00
  0.0000000E+00
  1.0866383E-04
  1.1227241E-04
  1.4478241E-03
  1.8191874E-03
  2.5163667E-02
  2.2185450E-02
  1.4362729E-03
  1.3505828E-03
  3.3501003E-02
  3.6703306E-03
  2.7173772E-03
  8.7996048E-04
  9.2145416E-04
  0.0000000E+00
  0.0000000E+00
  3.6659488E-03
  3.0776113E-03
  6.7878388E-02
  6.7111462E-02
  3.3068985E-03
  3.1836855E-03
  3.3912063E-03
  3.2514581E-03
  3.2383394E-03
  1.6980862E-03
  0.0000000E+00
  2.2368820E-02
  1.9010494E-02
  2.5198350E-03
  3.2409632E-03
  2.6300845E-03
  2.4975638E-03
 
 month:           2 year:        2014
  0.0000000E+00
  0.0000000E+00
  0.0000000E+00
  0.0000000E+00
  0.0000000E+00
  0.0000000E+00
  0.0000000E+00
  0.0000000E+00
  0.0000000E+00
  0.0000000E+00
  0.0000000E+00
  0.0000000E+00
  0.0000000E+00
  0.0000000E+00
  0.0000000E+00
  0.0000000E+00
  0.0000000E+00
  0.0000000E+00
  0.0000000E+00
  3.6448913E-05
  0.0000000E+00
  0.0000000E+00
  0.0000000E+00
  0.0000000E+00
  0.0000000E+00
  0.0000000E+00
  0.0000000E+00
  0.0000000E+00
  0.0000000E+00
  0.0000000E+00
  0.0000000E+00
  0.0000000E+00
  1.8909928E-05
  0.0000000E+00
  0.0000000E+00
  0.0000000E+00
  0.0000000E+00
  0.0000000E+00
  0.0000000E+00
  0.0000000E+00
  0.0000000E+00
  0.0000000E+00
  0.0000000E+00
  0.0000000E+00
  0.0000000E+00
  0.0000000E+00
  0.0000000E+00
  0.0000000E+00
  0.0000000E+00
  0.0000000E+00
  0.0000000E+00
  0.0000000E+00
  0.0000000E+00
  0.0000000E+00
  2.1684837E-05
  0.0000000E+00
  0.0000000E+00
  0.0000000E+00
  0.0000000E+00
  0.0000000E+00
  0.0000000E+00
  0.0000000E+00
  0.0000000E+00
  2.1917404E-05
  2.1878555E-05
  3.9381161E-05
  4.4326724E-05
  0.0000000E+00
  0.0000000E+00
  2.1688697E-05
  0.0000000E+00
  0.0000000E+00
  2.7119209E-05
  0.0000000E+00
  0.0000000E+00
  0.0000000E+00
  0.0000000E+00
  8.2849974E-06
  8.3413943E-06
  0.0000000E+00
  0.0000000E+00
  0.0000000E+00
  0.0000000E+00
  0.0000000E+00
  0.0000000E+00
  0.0000000E+00
  0.0000000E+00
  8.3817213E-06
  1.5658963E-05
  0.0000000E+00
  0.0000000E+00
  2.7008015E-05
  1.8714438E-05
  1.3656214E-05
  3.1156400E-05
  4.4437580E-05
  4.3977361E-05
  5.7576972E-06
  1.0097557E-05
  2.5293042E-05
  0.0000000E+00
  0.0000000E+00
  1.8941120E-05
  1.8081751E-05
  3.0472398E-05
  2.9388928E-05
  0.0000000E+00
  0.0000000E+00
  0.0000000E+00
  0.0000000E+00
  4.4528188E-05
  3.8708567E-05
  3.8399354E-05
  4.9612107E-05
  4.9250833E-05
  3.0206258E-05
  2.5297244E-05
  1.8938277E-05
  1.8751763E-05
  3.0402081E-05
  3.0159603E-05
  0.0000000E+00
  2.2193869E-06
  2.2094953E-06
  4.4846856E-05
  4.9451020E-05
  4.7724458E-05
  3.8326933E-05
  3.6806832E-05
  2.8939452E-05
  2.8992910E-05
  2.3140157E-05
  1.7905217E-05
  1.6342268E-05
  3.7276584E-06
  3.7212760E-06
  3.6302972E-05
  3.4759472E-05
  2.1226568E-05
  2.1268352E-05
  3.8237176E-05
  4.2858759E-05
  4.2540385E-05
  3.0362400E-05
  3.1551761E-05
  7.6191577E-06
  1.1490421E-05
  0.0000000E+00
  0.0000000E+00
  1.9734021E-05
  2.5123445E-05
  2.4183300E-05
  1.1678439E-05
  1.2554428E-05
  1.9731769E-05
  0.0000000E+00
  0.0000000E+00
  2.5059029E-05
  2.4835339E-05
  1.2551709E-05
  1.1849493E-05
  2.4823063E-05
  3.2100321E-05
  3.9924747E-05
  0.0000000E+00
  0.0000000E+00
  0.0000000E+00
  1.6946140E-06
  1.7508896E-06
  2.5488383E-05
  3.2026106E-05
  4.4299694E-04
  3.9056654E-04
  2.5285026E-05
  2.3776500E-05
  5.8977242E-04
  6.4614782E-05
  4.7838370E-05
  1.5491367E-05
  1.6221848E-05
  0.0000000E+00
  0.0000000E+00
  6.4537606E-05
  5.4180171E-05
  1.1949730E-03
  1.1814719E-03
  5.8216658E-05
  5.6047578E-05
  5.9700880E-05
  5.7240664E-05
  5.7009715E-05
  2.9894167E-05
  0.0000000E+00
  3.9379435E-04
  3.3467246E-04
  4.4360728E-05
  5.7055917E-05
  4.6301633E-05
  4.3968681E-05
 
 month:           3 year:        2014
  0.0000000E+00
  0.0000000E+00
  0.0000000E+00
  0.0000000E+00
  0.0000000E+00
  0.0000000E+00
  0.0000000E+00
  0.0000000E+00
  0.0000000E+00
  0.0000000E+00
  0.0000000E+00
  0.0000000E+00
  0.0000000E+00
  0.0000000E+00
  0.0000000E+00
  0.0000000E+00
  0.0000000E+00
  0.0000000E+00
  0.0000000E+00
  6.7111805E-02
  0.0000000E+00
  0.0000000E+00
  0.0000000E+00
  0.0000000E+00
  0.0000000E+00
  0.0000000E+00
  0.0000000E+00
  0.0000000E+00
  0.0000000E+00
  0.0000000E+00
  0.0000000E+00
  0.0000000E+00
  1.7296327E-07
  0.0000000E+00
  0.0000000E+00
  0.0000000E+00
  0.0000000E+00
  0.0000000E+00
  0.0000000E+00
  0.0000000E+00
  0.0000000E+00
  0.0000000E+00
  0.0000000E+00
  0.0000000E+00
  0.0000000E+00
  0.0000000E+00
  0.0000000E+00
  0.0000000E+00
  0.0000000E+00
  0.0000000E+00
  0.0000000E+00
  0.0000000E+00
  0.0000000E+00
  0.0000000E+00
  2.3348288E-07
  0.0000000E+00
  0.0000000E+00
  0.0000000E+00
  0.0000000E+00
  0.0000000E+00
  0.0000000E+00
  0.0000000E+00
  0.0000000E+00
  2.3598690E-07
  2.3556865E-07
  6.4172048E-07
  7.5458354E-07
  0.0000000E+00
  0.0000000E+00
  2.3352442E-07
  0.0000000E+00
  0.0000000E+00
  3.6411257E-07
  0.0000000E+00
  0.0000000E+00
  0.0000000E+00
  0.0000000E+00
  0.0000000E+00
  0.0000000E+00
  0.0000000E+00
  0.0000000E+00
  0.0000000E+00
  0.0000000E+00
  0.0000000E+00
  0.0000000E+00
  0.0000000E+00
  0.0000000E+00
  0.0000000E+00
  1.1423460E-07
  0.0000000E+00
  0.0000000E+00
  3.6261952E-07
  1.7117516E-07
  7.0732852E-08
  4.5215927E-07
  7.5647068E-07
  7.1661617E-07
  0.0000000E+00
  0.0000000E+00
  3.0820186E-07
  0.0000000E+00
  0.0000000E+00
  1.7324855E-07
  1.6538817E-07
  4.4223250E-07
  3.9458655E-07
  0.0000000E+00
  0.0000000E+00
  0.0000000E+00
  0.0000000E+00
  7.5801302E-07
  5.9855728E-07
  5.9377572E-07
  8.4455780E-07
  8.3840774E-07
  4.3837008E-07
  3.0825316E-07
  1.7322256E-07
  1.7151662E-07
  4.4121211E-07
  4.3769307E-07
  0.0000000E+00
  0.0000000E+00
  0.0000000E+00
  7.6343781E-07
  8.4181573E-07
  8.1242388E-07
  5.9265591E-07
  5.6915042E-07
  3.8855171E-07
  3.8926945E-07
  2.8196845E-07
  1.6377341E-07
  1.1921939E-07
  0.0000000E+00
  0.0000000E+00
  5.6135929E-07
  5.3749164E-07
  2.2854870E-07
  2.2899849E-07
  5.9126830E-07
  6.9838870E-07
  6.9320066E-07
  4.4063631E-07
  4.5789696E-07
  0.0000000E+00
  0.0000000E+00
  0.0000000E+00
  0.0000000E+00
  1.8050092E-07
  3.0613535E-07
  2.9467938E-07
  0.0000000E+00
  3.4677399E-08
  1.8048038E-07
  0.0000000E+00
  0.0000000E+00
  3.0535037E-07
  3.0262464E-07
  3.4669881E-08
  3.2730249E-08
  3.0247523E-07
  4.6585791E-07
  6.5057890E-07
  0.0000000E+00
  0.0000000E+00
  0.0000000E+00
  0.0000000E+00
  0.0000000E+00
  3.1058221E-07
  4.6478090E-07
  9.5682262E-06
  8.4063131E-06
  3.0810432E-07
  2.8972244E-07
  1.2811454E-05
  1.1771591E-06
  8.1436292E-07
  1.1301189E-07
  1.1834094E-07
  0.0000000E+00
  0.0000000E+00
  1.1757523E-06
  9.5684538E-07
  2.6018512E-05
  2.5724541E-05
  1.0605971E-06
  9.8982457E-07
  1.0876366E-06
  1.0108949E-06
  1.0068160E-06
  4.3384100E-07
  0.0000000E+00
  8.4757849E-06
  7.1744216E-06
  7.5516220E-07
  1.0076325E-06
  7.8820295E-07
  7.1647474E-07
 
 month:           4 year:        2014
  0.0000000E+00
  0.0000000E+00
  0.0000000E+00
  0.0000000E+00
  0.0000000E+00
  0.0000000E+00
  0.0000000E+00
  0.0000000E+00
  0.0000000E+00
  0.0000000E+00
  0.0000000E+00
  0.0000000E+00
  0.0000000E+00
  0.0000000E+00
  0.0000000E+00
  0.0000000E+00
  0.0000000E+00
  0.0000000E+00
  0.0000000E+00
  3.8267327E-03
  0.0000000E+00
  0.0000000E+00
  0.0000000E+00
  0.0000000E+00
  0.0000000E+00
  0.0000000E+00
  0.0000000E+00
  0.0000000E+00
  0.0000000E+00
  0.0000000E+00
  0.0000000E+00
  0.0000000E+00
  0.0000000E+00
  0.0000000E+00
  0.0000000E+00
  0.0000000E+00
  0.0000000E+00
  0.0000000E+00
  0.0000000E+00
  0.0000000E+00
  0.0000000E+00
  0.0000000E+00
  0.0000000E+00
  0.0000000E+00
  0.0000000E+00
  0.0000000E+00
  0.0000000E+00
  0.0000000E+00
  0.0000000E+00
  0.0000000E+00
  0.0000000E+00
  0.0000000E+00
  0.0000000E+00
  0.0000000E+00
  0.0000000E+00
  0.0000000E+00
  0.0000000E+00
  0.0000000E+00
  0.0000000E+00
  0.0000000E+00
  0.0000000E+00
  0.0000000E+00
  0.0000000E+00
  0.0000000E+00
  0.0000000E+00
  0.0000000E+00
  0.0000000E+00
  0.0000000E+00
  0.0000000E+00
  0.0000000E+00
  0.0000000E+00
  0.0000000E+00
  0.0000000E+00
  0.0000000E+00
  0.0000000E+00
  0.0000000E+00
  0.0000000E+00
  0.0000000E+00
  0.0000000E+00
  0.0000000E+00
  0.0000000E+00
  0.0000000E+00
  0.0000000E+00
  0.0000000E+00
  0.0000000E+00
  0.0000000E+00
  0.0000000E+00
  0.0000000E+00
  0.0000000E+00
  0.0000000E+00
  0.0000000E+00
  0.0000000E+00
  0.0000000E+00
  0.0000000E+00
  0.0000000E+00
  0.0000000E+00
  0.0000000E+00
  0.0000000E+00
  0.0000000E+00
  0.0000000E+00
  0.0000000E+00
  0.0000000E+00
  0.0000000E+00
  0.0000000E+00
  0.0000000E+00
  0.0000000E+00
  0.0000000E+00
  0.0000000E+00
  0.0000000E+00
  0.0000000E+00
  0.0000000E+00
  0.0000000E+00
  0.0000000E+00
  0.0000000E+00
  0.0000000E+00
  0.0000000E+00
  0.0000000E+00
  0.0000000E+00
  0.0000000E+00
  0.0000000E+00
  0.0000000E+00
  0.0000000E+00
  0.0000000E+00
  0.0000000E+00
  0.0000000E+00
  4.8464037E-02
  3.9484125E-02
  0.0000000E+00
  0.0000000E+00
  0.0000000E+00
  0.0000000E+00
  0.0000000E+00
  0.0000000E+00
  0.0000000E+00
  0.0000000E+00
  0.0000000E+00
  0.0000000E+00
  0.0000000E+00
  0.0000000E+00
  0.0000000E+00
  0.0000000E+00
  0.0000000E+00
  0.0000000E+00
  0.0000000E+00
  0.0000000E+00
  0.0000000E+00
  0.0000000E+00
  0.0000000E+00
  0.0000000E+00
  0.0000000E+00
  0.0000000E+00
  0.0000000E+00
  0.0000000E+00
  0.0000000E+00
  0.0000000E+00
  0.0000000E+00
  0.0000000E+00
  0.0000000E+00
  0.0000000E+00
  0.0000000E+00
  0.0000000E+00
  0.0000000E+00
  0.0000000E+00
  0.0000000E+00
  0.0000000E+00
  0.0000000E+00
  0.0000000E+00
  0.0000000E+00
  0.0000000E+00
  0.0000000E+00
  0.0000000E+00
  0.0000000E+00
  0.0000000E+00
  0.0000000E+00
  0.0000000E+00
  0.0000000E+00
  0.0000000E+00
  0.0000000E+00
  0.0000000E+00
  0.0000000E+00
  0.0000000E+00
  0.0000000E+00
  0.0000000E+00
  0.0000000E+00
  1.8104190E-07
  1.7899647E-07
  0.0000000E+00
  0.0000000E+00
  0.0000000E+00
  0.0000000E+00
  0.0000000E+00
  0.0000000E+00
  0.0000000E+00
  0.0000000E+00
  0.0000000E+00
  0.0000000E+00
  0.0000000E+00
  0.0000000E+00
  0.0000000E+00
 
 month:           5 year:        2014
  0.0000000E+00
  0.0000000E+00
  0.0000000E+00
  0.0000000E+00
  0.0000000E+00
  0.0000000E+00
  0.0000000E+00
  0.0000000E+00
  0.0000000E+00
  0.0000000E+00
  0.0000000E+00
  0.0000000E+00
  0.0000000E+00
  0.0000000E+00
  0.0000000E+00
  0.0000000E+00
  0.0000000E+00
  0.0000000E+00
  0.0000000E+00
  0.7763708    
  0.0000000E+00
  0.0000000E+00
  0.0000000E+00
  0.0000000E+00
  0.0000000E+00
  0.0000000E+00
  0.0000000E+00
  0.0000000E+00
  0.0000000E+00
  0.0000000E+00
  0.0000000E+00
  0.0000000E+00
  0.2634927    
  0.0000000E+00
  0.0000000E+00
  0.0000000E+00
  0.0000000E+00
  0.0000000E+00
  0.0000000E+00
  0.0000000E+00
  0.0000000E+00
  0.0000000E+00
  0.0000000E+00
  0.0000000E+00
  0.0000000E+00
  0.0000000E+00
  0.0000000E+00
  0.0000000E+00
  0.0000000E+00
  0.0000000E+00
  0.0000000E+00
  0.0000000E+00
  0.0000000E+00
  0.0000000E+00
  0.3415355    
  0.0000000E+00
  0.0000000E+00
  0.0000000E+00
  0.0000000E+00
  0.0000000E+00
  0.0000000E+00
  0.0000000E+00
  0.0000000E+00
  0.0000000E+00
  0.0000000E+00
  0.8522026    
  0.9942074    
  0.0000000E+00
  0.0000000E+00
  0.3416516    
  0.0000000E+00
  0.0000000E+00
  0.4977804    
  0.0000000E+00
  0.0000000E+00
  0.0000000E+00
  0.0000000E+00
  9.6596015E-04
  1.7792961E-03
  0.0000000E+00
  0.0000000E+00
  0.0000000E+00
  0.0000000E+00
  0.0000000E+00
  0.0000000E+00
  0.0000000E+00
  0.0000000E+00
  0.4750835    
  0.6388857    
  0.0000000E+00
  0.0000000E+00
   1.075411    
  0.8662879    
  0.7366564    
   1.321497    
   1.393912    
   1.384619    
  0.0000000E+00
  0.0000000E+00
  0.4033532    
  0.0000000E+00
  0.0000000E+00
  0.3179002    
  0.3007872    
  0.5546378    
  0.5339267    
  0.0000000E+00
  0.0000000E+00
  0.0000000E+00
  0.0000000E+00
  0.9388434    
  0.8561414    
  0.8494883    
   1.057449    
   1.049468    
  0.0000000E+00
  0.4034685    
  0.3178300    
  0.3145402    
  0.5533277    
  0.5485684    
  0.0000000E+00
  0.0000000E+00
  0.0000000E+00
   1.312642    
   1.379466    
   1.338534    
   1.252612    
   1.211277    
  0.2351821    
  0.2351285    
   1.450000    
   1.398531    
   1.350641    
  0.2674822    
  0.2670488    
   1.521928    
   1.485756    
  0.0000000E+00
  0.0000000E+00
   1.024257    
   1.154251    
   1.146553    
  0.9244940    
  0.9547804    
  6.6490710E-02
  0.1359246    
  0.0000000E+00
  0.0000000E+00
  0.4725804    
  0.5946491    
  0.5753166    
  0.3642930    
  0.3860958    
  0.4725268    
  0.0000000E+00
  0.0000000E+00
  0.5933682    
  0.5885600    
  0.3860261    
  0.3687188    
  9.4294764E-02
  0.1492950    
  0.4357597    
  0.0000000E+00
  0.0000000E+00
  0.0000000E+00
  0.0000000E+00
  0.0000000E+00
  9.9438190E-02
  0.1487426    
  0.5984094    
  0.5729002    
  1.6933674E-03
  0.0000000E+00
   1.325324    
   1.086660    
  0.7362828    
  0.0000000E+00
  0.0000000E+00
  0.0000000E+00
  0.0000000E+00
   1.085182    
  0.8687009    
   1.413812    
   1.406197    
  0.6878372    
  0.6510961    
   1.504363    
   1.459248    
   1.225726    
  0.6686504    
  0.0000000E+00
   1.596907    
   1.558424    
  0.9650972    
   1.226649    
  0.7646096    
  0.7193059    
 
 month:           6 year:        2014
  0.0000000E+00
  0.0000000E+00
  0.0000000E+00
  0.0000000E+00
  0.0000000E+00
  0.0000000E+00
  0.0000000E+00
  0.0000000E+00
  0.0000000E+00
  0.0000000E+00
  0.0000000E+00
  0.0000000E+00
  0.0000000E+00
  0.0000000E+00
  0.0000000E+00
  0.0000000E+00
  0.0000000E+00
  0.0000000E+00
  0.0000000E+00
  0.8512585    
  0.0000000E+00
  0.0000000E+00
  0.0000000E+00
  0.0000000E+00
  0.0000000E+00
  0.0000000E+00
  0.0000000E+00
  0.0000000E+00
  0.0000000E+00
  0.0000000E+00
  0.0000000E+00
  0.0000000E+00
  0.2255654    
  0.0000000E+00
  0.0000000E+00
  0.0000000E+00
  0.0000000E+00
  0.0000000E+00
  0.0000000E+00
  0.0000000E+00
  0.0000000E+00
  0.0000000E+00
  0.0000000E+00
  0.0000000E+00
  0.0000000E+00
  0.0000000E+00
  0.0000000E+00
  0.0000000E+00
  0.0000000E+00
  0.0000000E+00
  0.0000000E+00
  0.0000000E+00
  0.0000000E+00
  0.0000000E+00
  0.1694043    
  0.0000000E+00
  0.0000000E+00
  0.0000000E+00
  0.0000000E+00
  0.0000000E+00
  0.0000000E+00
  0.0000000E+00
  0.0000000E+00
  0.0000000E+00
  0.0000000E+00
  0.7708668    
  0.9090421    
  0.0000000E+00
  0.0000000E+00
  0.1694646    
  0.0000000E+00
  0.0000000E+00
  0.3407256    
  0.0000000E+00
  0.0000000E+00
  0.0000000E+00
  0.0000000E+00
  8.4505540E-05
  1.5565904E-04
  0.0000000E+00
  0.0000000E+00
  0.0000000E+00
  0.0000000E+00
  0.0000000E+00
  0.0000000E+00
  0.0000000E+00
  0.0000000E+00
  0.4928387    
  0.6282262    
  0.0000000E+00
  0.0000000E+00
  0.9836349    
  0.7676634    
  0.6306447    
   1.290853    
   1.414511    
   1.405228    
  0.0000000E+00
  0.0000000E+00
  0.2479464    
  0.0000000E+00
  0.0000000E+00
  0.1982365    
  0.1862168    
  0.4076608    
  0.3869590    
  0.0000000E+00
  0.0000000E+00
  0.0000000E+00
  0.0000000E+00
  0.8462240    
  0.7575966    
  0.7510117    
   1.001825    
  0.9940942    
  0.0000000E+00
  0.2480187    
  0.1981897    
  0.1954702    
  0.4063533    
  0.4015846    
  0.0000000E+00
  0.0000000E+00
  0.0000000E+00
  0.9976695    
   1.177596    
   1.136855    
  0.9095738    
  0.8721446    
  0.2980203    
  0.2980813    
   1.099383    
   1.019852    
  0.9768867    
  0.3421850    
  0.3414905    
   1.292785    
   1.257538    
  0.0000000E+00
  0.0000000E+00
  0.6876419    
  0.9098821    
  0.9023282    
  0.5667203    
  0.5941617    
  6.5212101E-02
  0.1011805    
  0.0000000E+00
  0.0000000E+00
  0.2195396    
  0.3502784    
  0.3297533    
  0.1643857    
  0.1774568    
  0.2195078    
  0.0000000E+00
  0.0000000E+00
  0.3489033    
  0.3438586    
  0.1774153    
  0.1670179    
  8.5601933E-02
  0.1324172    
  0.2122497    
  0.0000000E+00
  0.0000000E+00
  0.0000000E+00
  0.0000000E+00
  0.0000000E+00
  8.9978009E-02
  0.1319467    
  0.2674766    
  0.2569069    
  1.8124962E-03
  0.0000000E+00
  0.5672023    
  0.5318661    
  0.4008998    
  0.0000000E+00
  0.0000000E+00
  0.0000000E+00
  0.0000000E+00
  0.5313256    
  0.4505591    
  0.5951268    
  0.5910985    
  0.4554157    
  0.4400032    
  0.6481761    
  0.6300299    
  0.6070027    
  0.3918293    
  0.0000000E+00
  0.6800388    
  0.6595917    
  0.5068305    
  0.6073607    
  0.5218536    
  0.5030905    
 
 month:           7 year:        2014
  0.0000000E+00
  0.0000000E+00
  0.0000000E+00
  0.0000000E+00
  0.0000000E+00
  0.0000000E+00
  0.0000000E+00
  0.0000000E+00
  0.0000000E+00
  0.0000000E+00
  0.0000000E+00
  0.0000000E+00
  0.0000000E+00
  0.0000000E+00
  0.0000000E+00
  0.0000000E+00
  0.0000000E+00
  0.0000000E+00
  0.0000000E+00
  0.8281304    
  0.0000000E+00
  0.0000000E+00
  0.0000000E+00
  0.0000000E+00
  0.0000000E+00
  0.0000000E+00
  0.0000000E+00
  0.0000000E+00
  0.0000000E+00
  0.0000000E+00
  0.0000000E+00
  0.0000000E+00
  0.3169760    
  0.0000000E+00
  0.0000000E+00
  0.0000000E+00
  0.0000000E+00
  0.0000000E+00
  0.0000000E+00
  0.0000000E+00
  0.0000000E+00
  0.0000000E+00
  0.0000000E+00
  0.0000000E+00
  0.0000000E+00
  0.0000000E+00
  0.0000000E+00
  0.0000000E+00
  0.0000000E+00
  0.0000000E+00
  0.0000000E+00
  0.0000000E+00
  0.0000000E+00
  0.0000000E+00
  0.2168748    
  0.0000000E+00
  0.0000000E+00
  0.0000000E+00
  0.0000000E+00
  0.0000000E+00
  0.0000000E+00
  0.0000000E+00
  0.0000000E+00
  0.0000000E+00
  0.0000000E+00
  0.7280790    
  0.7712442    
  0.0000000E+00
  0.0000000E+00
  0.2169462    
  0.0000000E+00
  0.0000000E+00
  0.3082008    
  0.0000000E+00
  0.0000000E+00
  0.0000000E+00
  0.0000000E+00
  1.2898463E-06
  2.5555432E-06
  0.0000000E+00
  0.0000000E+00
  0.0000000E+00
  0.0000000E+00
  0.0000000E+00
  0.0000000E+00
  0.0000000E+00
  0.0000000E+00
  0.6495541    
  0.8213208    
  0.0000000E+00
  0.0000000E+00
   1.043039    
  0.8839071    
  0.7808347    
   1.413452    
   1.569147    
   1.558619    
  0.0000000E+00
  0.0000000E+00
  0.4177415    
  0.0000000E+00
  0.0000000E+00
  0.3598405    
  0.3431815    
  0.5810341    
  0.5579989    
  0.0000000E+00
  0.0000000E+00
  0.0000000E+00
  0.0000000E+00
   1.014215    
  0.9330466    
  0.9251935    
   1.168900    
   1.160315    
  0.0000000E+00
  0.4178570    
  0.3597745    
  0.3559109    
  0.5795747    
  0.5742566    
  0.0000000E+00
  0.0000000E+00
  0.0000000E+00
  0.9506834    
   1.054149    
   1.016455    
  0.9194419    
  0.8896393    
  0.3811860    
  0.3803413    
   1.105794    
   1.080280    
   1.045920    
  9.0512987E-03
  8.6566797E-03
   1.207857    
   1.175049    
  0.0000000E+00
  0.0000000E+00
  0.7697585    
  0.8375536    
  0.8322597    
  0.7053094    
  0.7288788    
  8.9049555E-02
  0.1456135    
  0.0000000E+00
  0.0000000E+00
  0.2979030    
  0.3997415    
  0.3843142    
  0.2296089    
  0.2468405    
  0.2978621    
  0.0000000E+00
  0.0000000E+00
  0.3987069    
  0.3949163    
  0.2467858    
  0.2330666    
  5.9713367E-02
  0.1233572    
  0.2674202    
  0.0000000E+00
  0.0000000E+00
  0.0000000E+00
  0.0000000E+00
  0.0000000E+00
  6.5616339E-02
  0.1227104    
  0.3561127    
  0.3397725    
  3.2201006E-05
  0.0000000E+00
  0.7762881    
  0.6152859    
  0.4698976    
  0.0000000E+00
  0.0000000E+00
  0.0000000E+00
  0.0000000E+00
  0.6146199    
  0.5274798    
  0.9026956    
  0.8963475    
  0.4993576    
  0.4774059    
  0.8956027    
  0.8688780    
  0.7555913    
  0.5058819    
  0.0000000E+00
   1.024608    
  0.9950138    
  0.6459873    
  0.7559467    
  0.6491553    
  0.6216850    
 
 month:           8 year:        2014
  0.0000000E+00
  0.0000000E+00
  0.0000000E+00
  0.0000000E+00
  0.0000000E+00
  0.0000000E+00
  0.0000000E+00
  0.0000000E+00
  0.0000000E+00
  0.0000000E+00
  0.0000000E+00
  0.0000000E+00
  0.0000000E+00
  0.0000000E+00
  0.0000000E+00
  0.0000000E+00
  0.0000000E+00
  0.0000000E+00
  0.0000000E+00
  8.5813493E-02
  0.0000000E+00
  0.0000000E+00
  0.0000000E+00
  0.0000000E+00
  0.0000000E+00
  0.0000000E+00
  0.0000000E+00
  0.0000000E+00
  0.0000000E+00
  0.0000000E+00
  0.0000000E+00
  0.0000000E+00
  3.2755401E-02
  0.0000000E+00
  0.0000000E+00
  0.0000000E+00
  0.0000000E+00
  0.0000000E+00
  0.0000000E+00
  0.0000000E+00
  0.0000000E+00
  0.0000000E+00
  0.0000000E+00
  0.0000000E+00
  0.0000000E+00
  0.0000000E+00
  0.0000000E+00
  0.0000000E+00
  0.0000000E+00
  0.0000000E+00
  0.0000000E+00
  0.0000000E+00
  0.0000000E+00
  0.0000000E+00
  2.5251968E-02
  0.0000000E+00
  0.0000000E+00
  0.0000000E+00
  0.0000000E+00
  0.0000000E+00
  0.0000000E+00
  0.0000000E+00
  0.0000000E+00
  0.0000000E+00
  0.0000000E+00
  7.9391092E-02
  8.3140194E-02
  0.0000000E+00
  0.0000000E+00
  2.5260113E-02
  0.0000000E+00
  0.0000000E+00
  3.4436882E-02
  0.0000000E+00
  0.0000000E+00
  0.0000000E+00
  0.0000000E+00
  0.0000000E+00
  0.0000000E+00
  0.0000000E+00
  0.0000000E+00
  0.0000000E+00
  0.0000000E+00
  0.0000000E+00
  0.0000000E+00
  0.0000000E+00
  0.0000000E+00
  7.8419738E-02
  9.5983818E-02
  0.0000000E+00
  0.0000000E+00
  0.1153427    
  9.9792533E-02
  8.9544766E-02
  0.1529271    
  0.1687614    
  0.1676165    
  0.0000000E+00
  0.0000000E+00
  5.1455870E-02
  0.0000000E+00
  0.0000000E+00
  4.5643367E-02
  4.3723457E-02
  6.7147307E-02
  6.4694770E-02
  0.0000000E+00
  0.0000000E+00
  0.0000000E+00
  0.0000000E+00
  0.1111555    
  0.1039903    
  0.1031467    
  0.1259250    
  0.1250041    
  0.0000000E+00
  5.1468872E-02
  4.5635622E-02
  4.5182742E-02
  6.6991828E-02
  6.6425331E-02
  0.0000000E+00
  0.0000000E+00
  0.0000000E+00
  0.1127081    
  0.1207386    
  0.1164122    
  0.1106042    
  0.1072949    
  7.7162594E-02
  7.7045180E-02
  0.1326709    
  0.1312629    
  0.1274241    
  7.2506169E-04
  6.4413669E-04
  0.1399620    
  0.1361541    
  0.0000000E+00
  0.0000000E+00
  9.4358586E-02
  9.7438812E-02
  9.6856482E-02
  8.8652648E-02
  9.1325156E-02
  1.4597918E-02
  2.3384629E-02
  0.0000000E+00
  0.0000000E+00
  4.1139625E-02
  4.9944688E-02
  4.8221353E-02
  3.4334254E-02
  3.6375940E-02
  4.1134965E-02
  0.0000000E+00
  0.0000000E+00
  4.9829140E-02
  4.9405731E-02
  3.6369182E-02
  3.4731533E-02
  8.9865457E-03
  1.8673506E-02
  4.0664766E-02
  0.0000000E+00
  0.0000000E+00
  0.0000000E+00
  0.0000000E+00
  0.0000000E+00
  9.8849274E-03
  1.8575046E-02
  5.3107072E-02
  5.0760828E-02
  2.8886575E-07
  0.0000000E+00
  0.1148303    
  9.3455657E-02
  7.1385622E-02
  0.0000000E+00
  0.0000000E+00
  0.0000000E+00
  0.0000000E+00
  9.3354449E-02
  8.0132082E-02
  0.1292545    
  0.1284508    
  7.5789087E-02
  7.2446160E-02
  0.1328796    
  0.1291586    
  0.1148798    
  7.6949760E-02
  0.0000000E+00
  0.1473189    
  0.1436184    
  9.8245323E-02
  0.1149336    
  9.8696396E-02
  9.4511703E-02
 
 month:           9 year:        2014
  0.0000000E+00
  0.0000000E+00
  0.0000000E+00
  0.0000000E+00
  0.0000000E+00
  0.0000000E+00
  0.0000000E+00
  0.0000000E+00
  0.0000000E+00
  0.0000000E+00
  0.0000000E+00
  0.0000000E+00
  0.0000000E+00
  0.0000000E+00
  0.0000000E+00
  0.0000000E+00
  0.0000000E+00
  0.0000000E+00
  0.0000000E+00
  4.5873853E-03
  0.0000000E+00
  0.0000000E+00
  0.0000000E+00
  0.0000000E+00
  0.0000000E+00
  0.0000000E+00
  0.0000000E+00
  0.0000000E+00
  0.0000000E+00
  0.0000000E+00
  0.0000000E+00
  0.0000000E+00
  5.4128963E-04
  0.0000000E+00
  0.0000000E+00
  0.0000000E+00
  0.0000000E+00
  0.0000000E+00
  0.0000000E+00
  0.0000000E+00
  0.0000000E+00
  0.0000000E+00
  0.0000000E+00
  0.0000000E+00
  0.0000000E+00
  0.0000000E+00
  0.0000000E+00
  0.0000000E+00
  0.0000000E+00
  0.0000000E+00
  0.0000000E+00
  0.0000000E+00
  0.0000000E+00
  0.0000000E+00
  4.1729384E-04
  0.0000000E+00
  0.0000000E+00
  0.0000000E+00
  0.0000000E+00
  0.0000000E+00
  0.0000000E+00
  0.0000000E+00
  0.0000000E+00
  0.0000000E+00
  0.0000000E+00
  5.7562541E-02
  0.1245063    
  0.0000000E+00
  0.0000000E+00
  4.1742821E-04
  0.0000000E+00
  0.0000000E+00
  2.4952229E-02
  0.0000000E+00
  0.0000000E+00
  0.0000000E+00
  0.0000000E+00
  0.0000000E+00
  0.0000000E+00
  0.0000000E+00
  0.0000000E+00
  0.0000000E+00
  0.0000000E+00
  0.0000000E+00
  0.0000000E+00
  0.0000000E+00
  0.0000000E+00
  1.2959022E-03
  1.5861517E-03
  0.0000000E+00
  0.0000000E+00
  1.9060600E-03
  1.6490910E-03
  1.4797448E-03
  2.5271501E-03
  2.7888168E-03
  2.7698958E-03
  0.0000000E+00
  0.0000000E+00
  8.5031876E-04
  0.0000000E+00
  0.0000000E+00
  7.5426587E-04
  7.2253909E-04
  1.3875275E-02
  1.0433185E-02
  0.0000000E+00
  0.0000000E+00
  0.0000000E+00
  0.0000000E+00
  5.8174703E-02
  9.9608600E-03
  8.9284899E-03
  0.1967317    
  0.1936623    
  0.0000000E+00
  8.5053354E-04
  7.5413764E-04
  7.4665388E-04
  1.3656367E-02
  1.2872119E-02
  0.0000000E+00
  0.0000000E+00
  0.0000000E+00
  0.1925333    
  0.3258602    
  0.3096834    
  9.6276842E-02
  8.2363300E-02
  1.2751274E-03
  1.2731873E-03
  2.1924141E-03
  2.1691455E-03
  2.1057087E-03
  1.1949904E-05
  1.0583794E-05
  9.9426843E-03
  2.8189174E-03
  0.0000000E+00
  0.0000000E+00
  0.1060627    
  0.2423334    
  0.2393827    
  1.9140180E-02
  2.3692325E-02
  2.4123343E-04
  3.8643557E-04
  0.0000000E+00
  0.0000000E+00
  6.7984028E-04
  1.6697392E-02
  1.3378256E-02
  5.6738046E-04
  6.0111983E-04
  6.7976321E-04
  0.0000000E+00
  0.0000000E+00
  1.6474204E-02
  1.5671944E-02
  6.0100819E-04
  5.7394517E-04
  1.4850445E-04
  3.0858346E-04
  0.1248495    
  0.0000000E+00
  0.0000000E+00
  0.0000000E+00
  0.0000000E+00
  0.0000000E+00
  1.6335031E-04
  3.0695627E-04
  0.2420210    
  0.2276377    
  0.0000000E+00
  0.0000000E+00
  0.5957958    
  0.2680365    
  0.1138820    
  0.0000000E+00
  0.0000000E+00
  0.0000000E+00
  0.0000000E+00
  0.2671392    
  0.1677019    
  0.7879665    
  0.7811533    
  7.3582307E-02
  5.6984309E-02
  0.2342669    
  0.2108511    
  4.9152255E-02
  1.2716099E-03
  0.0000000E+00
  0.3969157    
  0.3715466    
  1.6235233E-03
  4.9608566E-02
  1.6309778E-03
  1.5618257E-03
 
 month:          10 year:        2014
  0.0000000E+00
  0.0000000E+00
  0.0000000E+00
  0.0000000E+00
  0.0000000E+00
  0.0000000E+00
  0.0000000E+00
  0.0000000E+00
  0.0000000E+00
  0.0000000E+00
  0.0000000E+00
  0.0000000E+00
  0.0000000E+00
  0.0000000E+00
  0.0000000E+00
  0.0000000E+00
  0.0000000E+00
  0.0000000E+00
  0.0000000E+00
  4.5961570E-02
  0.0000000E+00
  0.0000000E+00
  0.0000000E+00
  0.0000000E+00
  0.0000000E+00
  0.0000000E+00
  0.0000000E+00
  0.0000000E+00
  0.0000000E+00
  0.0000000E+00
  0.0000000E+00
  0.0000000E+00
  9.5395581E-06
  0.0000000E+00
  0.0000000E+00
  0.0000000E+00
  0.0000000E+00
  0.0000000E+00
  0.0000000E+00
  0.0000000E+00
  0.0000000E+00
  0.0000000E+00
  0.0000000E+00
  0.0000000E+00
  0.0000000E+00
  0.0000000E+00
  0.0000000E+00
  0.0000000E+00
  0.0000000E+00
  0.0000000E+00
  0.0000000E+00
  0.0000000E+00
  0.0000000E+00
  0.0000000E+00
  7.2992275E-06
  0.0000000E+00
  0.0000000E+00
  0.0000000E+00
  0.0000000E+00
  0.0000000E+00
  0.0000000E+00
  0.0000000E+00
  0.0000000E+00
  0.0000000E+00
  0.0000000E+00
  9.9579483E-02
  0.1879117    
  0.0000000E+00
  0.0000000E+00
  7.3015785E-06
  0.0000000E+00
  0.0000000E+00
  4.0383685E-02
  0.0000000E+00
  0.0000000E+00
  0.0000000E+00
  0.0000000E+00
  0.0000000E+00
  0.0000000E+00
  0.0000000E+00
  0.0000000E+00
  0.0000000E+00
  0.0000000E+00
  0.0000000E+00
  0.0000000E+00
  0.0000000E+00
  0.0000000E+00
  2.3023142E-05
  2.8179753E-05
  0.0000000E+00
  0.0000000E+00
  3.3863271E-05
  2.9297924E-05
  2.6289319E-05
  1.9238768E-02
  5.0398048E-02
  4.9720049E-02
  0.0000000E+00
  0.0000000E+00
  1.5106856E-05
  0.0000000E+00
  0.0000000E+00
  1.3369236E-05
  1.2806883E-05
  2.6653187E-02
  2.1776794E-02
  0.0000000E+00
  0.0000000E+00
  0.0000000E+00
  0.0000000E+00
  9.9283591E-02
  3.6021974E-02
  3.4448788E-02
  0.1513746    
  0.1497527    
  0.0000000E+00
  1.5110671E-05
  1.3366962E-05
  1.3234310E-05
  2.6342953E-02
  2.5229780E-02
  0.0000000E+00
  0.0000000E+00
  0.0000000E+00
  0.1036163    
  0.1583707    
  0.1501321    
  5.2348539E-02
  4.7630683E-02
  2.2654058E-05
  2.2619588E-05
  3.8950660E-05
  3.8537270E-05
  3.7410260E-05
  0.0000000E+00
  0.0000000E+00
  6.6765858E-04
  8.6695647E-05
  0.0000000E+00
  0.0000000E+00
  6.5385364E-02
  0.1194251    
  0.1179757    
  2.0147018E-02
  2.4846351E-02
  4.1237950E-06
  6.7283900E-06
  0.0000000E+00
  0.0000000E+00
  1.2017988E-05
  1.8815115E-02
  1.5394593E-02
  9.9993813E-06
  1.0626391E-05
  1.2016617E-05
  0.0000000E+00
  0.0000000E+00
  1.8584598E-02
  1.7757511E-02
  1.0624421E-05
  1.0115075E-05
  2.4380815E-06
  5.3445242E-06
  2.2364641E-02
  0.0000000E+00
  0.0000000E+00
  0.0000000E+00
  0.0000000E+00
  0.0000000E+00
  2.7152128E-06
  5.2841197E-06
  8.4044598E-02
  7.5356789E-02
  0.0000000E+00
  0.0000000E+00
  0.3430090    
  0.1726301    
  5.8066294E-02
  0.0000000E+00
  0.0000000E+00
  0.0000000E+00
  0.0000000E+00
  0.1720736    
  0.1001357    
  0.4421494    
  0.4388719    
  1.3696409E-02
  1.0727957E-02
  4.3573823E-02
  3.1179868E-02
  9.2699053E-03
  2.2591559E-05
  0.0000000E+00
  0.1894739    
  0.1757759    
  2.8843688E-05
  9.3498826E-03
  2.8976130E-05
  2.7747556E-05
 
 month:          11 year:        2014
  0.0000000E+00
  0.0000000E+00
  0.0000000E+00
  0.0000000E+00
  0.0000000E+00
  0.0000000E+00
  0.0000000E+00
  0.0000000E+00
  0.0000000E+00
  0.0000000E+00
  0.0000000E+00
  0.0000000E+00
  0.0000000E+00
  0.0000000E+00
  0.0000000E+00
  0.0000000E+00
  0.3046725    
  4.8859783E-02
  5.0307803E-02
   1.599967    
  0.0000000E+00
  0.0000000E+00
  0.0000000E+00
  0.0000000E+00
  0.0000000E+00
  0.0000000E+00
  0.0000000E+00
  0.0000000E+00
  0.0000000E+00
  0.0000000E+00
  0.0000000E+00
  0.0000000E+00
  0.8001086    
  0.0000000E+00
  0.0000000E+00
  0.0000000E+00
  0.0000000E+00
  0.0000000E+00
  0.0000000E+00
  0.0000000E+00
  0.0000000E+00
  0.0000000E+00
  0.0000000E+00
  0.0000000E+00
  0.0000000E+00
  0.0000000E+00
  0.0000000E+00
  0.0000000E+00
  0.0000000E+00
  0.0000000E+00
  0.0000000E+00
  0.0000000E+00
  0.0000000E+00
  0.0000000E+00
  0.8380484    
  0.0000000E+00
  0.0000000E+00
  0.0000000E+00
  0.0000000E+00
  0.0000000E+00
  0.0000000E+00
  0.0000000E+00
  0.0000000E+00
  0.5368812    
  0.5357047    
   1.687583    
   1.801149    
  0.0000000E+00
  0.0000000E+00
  0.8381811    
  0.0000000E+00
  0.0000000E+00
  0.9425849    
  0.0000000E+00
  0.0000000E+00
  0.0000000E+00
  0.0000000E+00
  0.3116075    
  0.3128014    
  0.0000000E+00
  0.0000000E+00
  0.0000000E+00
  0.0000000E+00
  0.0000000E+00
  0.0000000E+00
  0.0000000E+00
  0.0000000E+00
   1.445282    
   1.712421    
  0.0000000E+00
  0.0000000E+00
   1.982836    
   1.715412    
   1.542510    
   1.965879    
   2.143540    
   2.130083    
  0.2390547    
  0.3567289    
  0.8409812    
  0.0000000E+00
  0.0000000E+00
  0.7435708    
  0.7216337    
  0.9448149    
  0.9191732    
  0.0000000E+00
  0.0000000E+00
  0.0000000E+00
  0.0000000E+00
   1.683009    
   1.570821    
   1.562383    
   1.789807    
   1.779100    
  0.5654189    
  0.8411118    
  0.7434921    
  0.7388782    
  0.9431857    
  0.9373114    
  0.0000000E+00
  0.6971474    
  0.6943390    
   2.038857    
   2.150700    
   2.094429    
   1.920213    
   1.871565    
   1.304717    
   1.305993    
   2.311012    
   2.290705    
   2.229450    
  0.7858939    
  0.7843663    
   2.327308    
   2.283803    
  0.6775699    
  0.6790226    
   1.703141    
   1.815318    
   1.804948    
   1.588115    
   1.626153    
  0.5807284    
  0.7118984    
  0.0000000E+00
  0.0000000E+00
  0.8775629    
  0.9616570    
  0.9378182    
  0.7586933    
  0.7872224    
  0.8774928    
  0.0000000E+00
  0.0000000E+00
  0.9600512    
  0.9542466    
  0.7871378    
  0.7646947    
  0.4192032    
  0.5579364    
  0.7079820    
  0.0000000E+00
  0.0000000E+00
  0.0000000E+00
  0.0000000E+00
  0.0000000E+00
  0.4321057    
  0.5565351    
  0.7929954    
  0.7670830    
  0.2907886    
  0.2613769    
   1.698080    
   1.538944    
   1.156344    
  0.5116112    
  0.5145566    
  0.0000000E+00
  0.0000000E+00
   1.537154    
   1.297975    
   1.789423    
   1.780153    
   1.377106    
   1.331124    
   1.620445    
   1.578319    
   1.683387    
   1.037483    
  0.0000000E+00
   1.725735    
   1.680058    
   1.387873    
   1.684439    
   1.309341    
   1.249288    
 
 month:          12 year:        2014
  0.0000000E+00
  0.0000000E+00
  0.0000000E+00
  0.0000000E+00
  0.0000000E+00
  0.0000000E+00
  0.0000000E+00
  0.0000000E+00
  0.0000000E+00
  0.0000000E+00
  0.0000000E+00
  0.0000000E+00
  0.0000000E+00
  0.0000000E+00
  0.0000000E+00
  0.0000000E+00
  0.1194898    
  2.3557251E-02
  2.4175137E-02
  0.2240488    
  0.0000000E+00
  0.0000000E+00
  0.0000000E+00
  0.0000000E+00
  0.0000000E+00
  0.0000000E+00
  0.0000000E+00
  0.0000000E+00
  0.0000000E+00
  0.0000000E+00
  0.0000000E+00
  0.0000000E+00
  0.1241964    
  0.0000000E+00
  0.0000000E+00
  0.0000000E+00
  0.0000000E+00
  0.0000000E+00
  0.0000000E+00
  0.0000000E+00
  0.0000000E+00
  0.0000000E+00
  0.0000000E+00
  0.0000000E+00
  0.0000000E+00
  0.0000000E+00
  0.0000000E+00
  0.0000000E+00
  0.0000000E+00
  0.0000000E+00
  0.0000000E+00
  0.0000000E+00
  0.0000000E+00
  0.0000000E+00
  0.1148015    
  0.0000000E+00
  0.0000000E+00
  0.0000000E+00
  0.0000000E+00
  0.0000000E+00
  0.0000000E+00
  0.0000000E+00
  0.0000000E+00
  0.1542460    
  0.1540243    
  0.2107311    
  0.2753288    
  0.0000000E+00
  0.0000000E+00
  0.1148204    
  0.0000000E+00
  0.0000000E+00
  0.1269084    
  0.0000000E+00
  0.0000000E+00
  0.0000000E+00
  0.0000000E+00
  5.4978892E-02
  5.5136882E-02
  0.0000000E+00
  0.0000000E+00
  0.0000000E+00
  0.0000000E+00
  0.0000000E+00
  0.0000000E+00
  0.0000000E+00
  0.0000000E+00
  0.1288291    
  0.1564506    
  0.0000000E+00
  0.0000000E+00
  0.1861672    
  0.1570731    
  0.1383180    
  0.1763610    
  0.1943398    
  0.1928588    
  6.0470868E-02
  7.5693980E-02
  0.1155755    
  0.0000000E+00
  0.0000000E+00
  0.1000717    
  9.7239286E-02
  0.1267788    
  0.1238581    
  0.0000000E+00
  0.0000000E+00
  0.0000000E+00
  0.0000000E+00
  0.2032101    
  0.1874531    
  0.1864439    
  0.2184701    
  0.2165532    
  0.1563054    
  0.1155942    
  0.1000617    
  9.9472947E-02
  0.1265925    
  0.1259265    
  0.0000000E+00
  0.1918574    
  0.1910772    
  0.2766194    
  0.2994092    
  0.2890759    
  0.2629081    
  0.2557633    
  0.2457100    
  0.2460245    
  0.2498420    
  0.2450906    
  0.2367168    
  0.1655764    
  0.1652668    
  0.2774159    
  0.2700280    
  0.1927708    
  0.1930591    
  0.2375277    
  0.2538369    
  0.2518694    
  0.2187685    
  0.2242972    
  9.6425600E-02
  0.1140030    
  0.0000000E+00
  0.0000000E+00
  0.1331966    
  0.1439664    
  0.1407080    
  0.1146917    
  0.1187118    
  0.1331859    
  0.0000000E+00
  0.0000000E+00
  0.1437463    
  0.1429556    
  0.1186999    
  0.1155368    
  3.7480712E-02
  5.1147975E-02
  6.9538459E-02
  0.0000000E+00
  0.0000000E+00
  0.0000000E+00
  0.0000000E+00
  0.0000000E+00
  3.8731396E-02
  5.1008169E-02
  8.0382831E-02
  7.7924028E-02
  3.2742165E-02
  2.9851414E-02
  0.1482320    
  0.1295814    
  9.4759837E-02
  5.0313435E-02
  5.0670385E-02
  0.0000000E+00
  0.0000000E+00
  0.1294197    
  0.1078535    
  0.1577786    
  0.1568668    
  0.1154467    
  0.1110147    
  6.7555197E-02
  6.3670836E-02
  8.9803077E-02
  4.1436795E-02
  0.0000000E+00
  8.5933551E-02
  8.2058080E-02
  6.7476936E-02
  8.9905843E-02
  5.4806940E-02
  5.0665431E-02
 
