 Head values for selected MODFLOW cells
  2.44324E+02  2.28112E+02  1.97550E+02
  2.44356E+02  2.28149E+02  1.97549E+02
  2.44386E+02  2.28185E+02  1.97549E+02
  2.44416E+02  2.28221E+02  1.97549E+02
  2.44445E+02  2.28257E+02  1.97549E+02
  2.44473E+02  2.28292E+02  1.97548E+02
  2.44501E+02  2.28327E+02  1.97548E+02
  2.44528E+02  2.28362E+02  1.97548E+02
  2.44555E+02  2.28397E+02  1.97548E+02
  2.44580E+02  2.28431E+02  1.97547E+02
  2.44605E+02  2.28465E+02  1.97547E+02
  2.44630E+02  2.28498E+02  1.97547E+02
  2.44654E+02  2.28532E+02  1.97546E+02
  2.44677E+02  2.28565E+02  1.97546E+02
  2.44700E+02  2.28598E+02  1.97546E+02
  2.44722E+02  2.28630E+02  1.97546E+02
  2.44744E+02  2.28663E+02  1.97545E+02
  2.44765E+02  2.28695E+02  1.97545E+02
  2.44786E+02  2.28727E+02  1.97545E+02
  2.44806E+02  2.28758E+02  1.97545E+02
  2.44826E+02  2.28790E+02  1.97544E+02
  2.44845E+02  2.28821E+02  1.97544E+02
  2.44864E+02  2.28852E+02  1.97544E+02
  2.44882E+02  2.28883E+02  1.97544E+02
  2.44900E+02  2.28913E+02  1.97543E+02
  2.44918E+02  2.28944E+02  1.97543E+02
  2.44972E+02  2.28974E+02  1.97548E+02
  2.45020E+02  2.29004E+02  1.97553E+02
  2.45064E+02  2.29034E+02  1.97557E+02
  2.45114E+02  2.29064E+02  1.97561E+02
  2.45186E+02  2.29094E+02  1.97567E+02
  2.45287E+02  2.29124E+02  1.97578E+02
  2.45375E+02  2.29154E+02  1.97587E+02
  2.45453E+02  2.29184E+02  1.97596E+02
  2.45522E+02  2.29214E+02  1.97603E+02
  2.45590E+02  2.29244E+02  1.97609E+02
  2.45712E+02  2.29274E+02  1.97619E+02
  2.45836E+02  2.29304E+02  1.97629E+02
  2.45944E+02  2.29334E+02  1.97638E+02
  2.46038E+02  2.29364E+02  1.97646E+02
  2.46121E+02  2.29394E+02  1.97652E+02
  2.46192E+02  2.29425E+02  1.97658E+02
  2.46255E+02  2.29455E+02  1.97663E+02
  2.46309E+02  2.29485E+02  1.97668E+02
  2.46357E+02  2.29515E+02  1.97672E+02
  2.46398E+02  2.29544E+02  1.97675E+02
  2.46434E+02  2.29574E+02  1.97678E+02
  2.46465E+02  2.29604E+02  1.97680E+02
  2.46493E+02  2.29633E+02  1.97682E+02
  2.46517E+02  2.29663E+02  1.97684E+02
  2.46537E+02  2.29692E+02  1.97686E+02
  2.46556E+02  2.29721E+02  1.97687E+02
  2.46571E+02  2.29751E+02  1.97688E+02
  2.46585E+02  2.29779E+02  1.97691E+02
  2.46599E+02  2.29808E+02  1.97693E+02
  2.46620E+02  2.29837E+02  1.97697E+02
  2.46692E+02  2.29867E+02  1.97707E+02
  2.46755E+02  2.29900E+02  1.97716E+02
  2.46810E+02  2.29933E+02  1.97723E+02
  2.46859E+02  2.29966E+02  1.97730E+02
  2.46933E+02  2.30002E+02  1.97736E+02
  2.46997E+02  2.30038E+02  1.97742E+02
  2.47054E+02  2.30074E+02  1.97747E+02
  2.47146E+02  2.30113E+02  1.97757E+02
  2.47256E+02  2.30158E+02  1.97768E+02
  2.47367E+02  2.30209E+02  1.97783E+02
  2.47465E+02  2.30263E+02  1.97796E+02
  2.47551E+02  2.30317E+02  1.97808E+02
  2.47625E+02  2.30369E+02  1.97818E+02
  2.47690E+02  2.30419E+02  1.97827E+02
  2.47746E+02  2.30467E+02  1.97835E+02
  2.47794E+02  2.30514E+02  1.97841E+02
  2.47835E+02  2.30558E+02  1.97847E+02
  2.47870E+02  2.30601E+02  1.97852E+02
  2.47900E+02  2.30643E+02  1.97856E+02
  2.47925E+02  2.30683E+02  1.97860E+02
  2.47947E+02  2.30722E+02  1.97864E+02
  2.47966E+02  2.30761E+02  1.97866E+02
  2.47981E+02  2.30798E+02  1.97869E+02
  2.47994E+02  2.30835E+02  1.97871E+02
  2.48005E+02  2.30871E+02  1.97873E+02
  2.48014E+02  2.30906E+02  1.97874E+02
  2.48022E+02  2.30940E+02  1.97876E+02
  2.48028E+02  2.30974E+02  1.97877E+02
  2.48033E+02  2.31008E+02  1.97878E+02
  2.48037E+02  2.31041E+02  1.97879E+02
  2.48040E+02  2.31073E+02  1.97879E+02
  2.48043E+02  2.31105E+02  1.97880E+02
  2.48045E+02  2.31137E+02  1.97880E+02
  2.48046E+02  2.31168E+02  1.97881E+02
  2.48048E+02  2.31199E+02  1.97881E+02
  2.48048E+02  2.31230E+02  1.97881E+02
  2.48049E+02  2.31260E+02  1.97881E+02
  2.48049E+02  2.31290E+02  1.97882E+02
  2.48049E+02  2.31319E+02  1.97882E+02
  2.48049E+02  2.31349E+02  1.97882E+02
  2.48049E+02  2.31378E+02  1.97882E+02
  2.48049E+02  2.31407E+02  1.97882E+02
  2.48049E+02  2.31435E+02  1.97882E+02
  2.48049E+02  2.31464E+02  1.97881E+02
  2.48049E+02  2.31492E+02  1.97881E+02
  2.48049E+02  2.31520E+02  1.97881E+02
  2.48049E+02  2.31548E+02  1.97881E+02
  2.48049E+02  2.31575E+02  1.97881E+02
  2.48049E+02  2.31602E+02  1.97881E+02
  2.48049E+02  2.31630E+02  1.97881E+02
  2.48050E+02  2.31656E+02  1.97880E+02
  2.48050E+02  2.31683E+02  1.97880E+02
  2.48051E+02  2.31710E+02  1.97880E+02
  2.48051E+02  2.31736E+02  1.97880E+02
  2.48052E+02  2.31762E+02  1.97879E+02
  2.48053E+02  2.31788E+02  1.97879E+02
  2.48054E+02  2.31814E+02  1.97879E+02
  2.48055E+02  2.31840E+02  1.97879E+02
  2.48056E+02  2.31865E+02  1.97879E+02
  2.48057E+02  2.31891E+02  1.97878E+02
  2.48059E+02  2.31916E+02  1.97878E+02
  2.48060E+02  2.31941E+02  1.97878E+02
  2.48062E+02  2.31966E+02  1.97878E+02
  2.48063E+02  2.31991E+02  1.97877E+02
  2.48065E+02  2.32015E+02  1.97877E+02
  2.48067E+02  2.32040E+02  1.97877E+02
  2.48069E+02  2.32064E+02  1.97877E+02
  2.48071E+02  2.32088E+02  1.97876E+02
  2.48073E+02  2.32112E+02  1.97876E+02
  2.48075E+02  2.32136E+02  1.97876E+02
  2.48078E+02  2.32160E+02  1.97876E+02
  2.48095E+02  2.32183E+02  1.97877E+02
  2.48110E+02  2.32207E+02  1.97877E+02
  2.48124E+02  2.32230E+02  1.97878E+02
  2.48136E+02  2.32253E+02  1.97879E+02
  2.48147E+02  2.32276E+02  1.97879E+02
  2.48157E+02  2.32299E+02  1.97879E+02
  2.48166E+02  2.32322E+02  1.97880E+02
  2.48174E+02  2.32345E+02  1.97880E+02
  2.48182E+02  2.32368E+02  1.97880E+02
  2.48189E+02  2.32390E+02  1.97880E+02
  2.48195E+02  2.32413E+02  1.97880E+02
  2.48202E+02  2.32436E+02  1.97880E+02
  2.48207E+02  2.32458E+02  1.97880E+02
  2.48213E+02  2.32480E+02  1.97880E+02
  2.48218E+02  2.32502E+02  1.97880E+02
  2.48223E+02  2.32524E+02  1.97880E+02
  2.48227E+02  2.32546E+02  1.97880E+02
  2.48232E+02  2.32568E+02  1.97880E+02
  2.48237E+02  2.32590E+02  1.97880E+02
  2.48241E+02  2.32611E+02  1.97879E+02
  2.48253E+02  2.32633E+02  1.97882E+02
  2.48264E+02  2.32654E+02  1.97885E+02
  2.48273E+02  2.32675E+02  1.97887E+02
  2.48307E+02  2.32696E+02  1.97893E+02
  2.48337E+02  2.32718E+02  1.97899E+02
  2.48363E+02  2.32739E+02  1.97904E+02
  2.48386E+02  2.32760E+02  1.97909E+02
  2.48407E+02  2.32781E+02  1.97912E+02
  2.48425E+02  2.32802E+02  1.97916E+02
  2.48441E+02  2.32823E+02  1.97918E+02
  2.48456E+02  2.32844E+02  1.97921E+02
  2.48469E+02  2.32864E+02  1.97923E+02
  2.48481E+02  2.32885E+02  1.97925E+02
  2.48491E+02  2.32906E+02  1.97926E+02
  2.48501E+02  2.32926E+02  1.97928E+02
  2.48510E+02  2.32947E+02  1.97929E+02
  2.48518E+02  2.32967E+02  1.97930E+02
  2.48525E+02  2.32988E+02  1.97931E+02
  2.48532E+02  2.33008E+02  1.97931E+02
  2.48539E+02  2.33028E+02  1.97932E+02
  2.48545E+02  2.33048E+02  1.97932E+02
  2.48551E+02  2.33068E+02  1.97933E+02
  2.48556E+02  2.33088E+02  1.97933E+02
  2.48562E+02  2.33108E+02  1.97933E+02
  2.48567E+02  2.33127E+02  1.97933E+02
  2.48572E+02  2.33147E+02  1.97934E+02
  2.48576E+02  2.33167E+02  1.97934E+02
  2.48581E+02  2.33186E+02  1.97934E+02
  2.48586E+02  2.33205E+02  1.97934E+02
  2.48590E+02  2.33225E+02  1.97934E+02
  2.48595E+02  2.33244E+02  1.97933E+02
  2.48599E+02  2.33263E+02  1.97933E+02
  2.48603E+02  2.33282E+02  1.97933E+02
  2.48608E+02  2.33301E+02  1.97933E+02
  2.48612E+02  2.33320E+02  1.97933E+02
  2.48617E+02  2.33338E+02  1.97933E+02
  2.48621E+02  2.33357E+02  1.97933E+02
  2.48625E+02  2.33376E+02  1.97932E+02
  2.48630E+02  2.33394E+02  1.97932E+02
  2.48634E+02  2.33412E+02  1.97932E+02
  2.48639E+02  2.33431E+02  1.97932E+02
  2.48643E+02  2.33449E+02  1.97932E+02
  2.48648E+02  2.33467E+02  1.97931E+02
  2.48652E+02  2.33485E+02  1.97931E+02
  2.48657E+02  2.33503E+02  1.97931E+02
  2.48661E+02  2.33521E+02  1.97931E+02
  2.48666E+02  2.33539E+02  1.97930E+02
  2.48671E+02  2.33557E+02  1.97930E+02
  2.48676E+02  2.33575E+02  1.97930E+02
  2.48703E+02  2.33592E+02  1.97933E+02
  2.48789E+02  2.33610E+02  1.97944E+02
  2.48876E+02  2.33628E+02  1.97955E+02
  2.48953E+02  2.33646E+02  1.97965E+02
  2.49019E+02  2.33664E+02  1.97974E+02
  2.49077E+02  2.33682E+02  1.97981E+02
  2.49128E+02  2.33701E+02  1.97987E+02
  2.49172E+02  2.33719E+02  1.97993E+02
  2.49211E+02  2.33737E+02  1.97998E+02
  2.49244E+02  2.33755E+02  1.98002E+02
  2.49273E+02  2.33774E+02  1.98006E+02
  2.49299E+02  2.33792E+02  1.98009E+02
  2.49321E+02  2.33810E+02  1.98012E+02
  2.49341E+02  2.33828E+02  1.98014E+02
  2.49358E+02  2.33846E+02  1.98016E+02
  2.49373E+02  2.33865E+02  1.98018E+02
  2.49387E+02  2.33883E+02  1.98019E+02
  2.49398E+02  2.33901E+02  1.98020E+02
  2.49409E+02  2.33919E+02  1.98022E+02
  2.49418E+02  2.33936E+02  1.98022E+02
  2.49426E+02  2.33954E+02  1.98023E+02
  2.49434E+02  2.33972E+02  1.98024E+02
  2.49440E+02  2.33990E+02  1.98024E+02
  2.49446E+02  2.34007E+02  1.98025E+02
  2.49452E+02  2.34025E+02  1.98025E+02
  2.49482E+02  2.34042E+02  1.98031E+02
  2.49509E+02  2.34060E+02  1.98037E+02
  2.49533E+02  2.34077E+02  1.98041E+02
  2.49554E+02  2.34094E+02  1.98045E+02
  2.49572E+02  2.34112E+02  1.98049E+02
  2.49588E+02  2.34129E+02  1.98052E+02
  2.49603E+02  2.34146E+02  1.98054E+02
  2.49615E+02  2.34164E+02  1.98056E+02
  2.49627E+02  2.34181E+02  1.98058E+02
  2.49637E+02  2.34198E+02  1.98060E+02
  2.49646E+02  2.34215E+02  1.98061E+02
  2.49654E+02  2.34232E+02  1.98062E+02
  2.49661E+02  2.34249E+02  1.98064E+02
  2.49668E+02  2.34266E+02  1.98064E+02
  2.49674E+02  2.34283E+02  1.98065E+02
  2.49680E+02  2.34300E+02  1.98066E+02
  2.49686E+02  2.34316E+02  1.98066E+02
  2.49691E+02  2.34333E+02  1.98067E+02
  2.49695E+02  2.34350E+02  1.98067E+02
  2.49700E+02  2.34366E+02  1.98067E+02
  2.49704E+02  2.34383E+02  1.98067E+02
  2.49709E+02  2.34399E+02  1.98067E+02
  2.49713E+02  2.34415E+02  1.98068E+02
  2.49717E+02  2.34432E+02  1.98068E+02
  2.49721E+02  2.34448E+02  1.98068E+02
  2.49725E+02  2.34464E+02  1.98068E+02
  2.49729E+02  2.34480E+02  1.98067E+02
  2.49733E+02  2.34496E+02  1.98067E+02
  2.49736E+02  2.34512E+02  1.98067E+02
  2.49740E+02  2.34528E+02  1.98067E+02
  2.49744E+02  2.34543E+02  1.98067E+02
  2.49748E+02  2.34559E+02  1.98067E+02
  2.49779E+02  2.34575E+02  1.98076E+02
  2.49806E+02  2.34590E+02  1.98084E+02
  2.49830E+02  2.34606E+02  1.98090E+02
  2.49851E+02  2.34622E+02  1.98096E+02
  2.49870E+02  2.34637E+02  1.98102E+02
  2.49887E+02  2.34653E+02  1.98106E+02
  2.49903E+02  2.34668E+02  1.98110E+02
  2.49916E+02  2.34684E+02  1.98113E+02
  2.49929E+02  2.34699E+02  1.98116E+02
  2.49940E+02  2.34715E+02  1.98119E+02
  2.49950E+02  2.34730E+02  1.98121E+02
  2.49959E+02  2.34745E+02  1.98123E+02
  2.49968E+02  2.34761E+02  1.98125E+02
  2.49976E+02  2.34776E+02  1.98126E+02
  2.49984E+02  2.34791E+02  1.98127E+02
  2.49991E+02  2.34806E+02  1.98128E+02
  2.49997E+02  2.34821E+02  1.98129E+02
  2.50003E+02  2.34836E+02  1.98130E+02
  2.50009E+02  2.34851E+02  1.98130E+02
  2.50015E+02  2.34866E+02  1.98131E+02
  2.50021E+02  2.34881E+02  1.98131E+02
  2.50026E+02  2.34895E+02  1.98131E+02
  2.50031E+02  2.34910E+02  1.98132E+02
  2.50037E+02  2.34925E+02  1.98132E+02
  2.50042E+02  2.34939E+02  1.98132E+02
  2.50047E+02  2.34954E+02  1.98132E+02
  2.50052E+02  2.34968E+02  1.98132E+02
  2.50057E+02  2.34983E+02  1.98132E+02
  2.50062E+02  2.34997E+02  1.98132E+02
  2.50067E+02  2.35012E+02  1.98132E+02
  2.50087E+02  2.35026E+02  1.98137E+02
  2.50106E+02  2.35040E+02  1.98142E+02
  2.50122E+02  2.35054E+02  1.98146E+02
  2.50137E+02  2.35069E+02  1.98150E+02
  2.50151E+02  2.35083E+02  1.98153E+02
  2.50163E+02  2.35097E+02  1.98156E+02
  2.50174E+02  2.35111E+02  1.98158E+02
  2.50185E+02  2.35125E+02  1.98160E+02
  2.50195E+02  2.35139E+02  1.98162E+02
  2.50204E+02  2.35153E+02  1.98164E+02
  2.50212E+02  2.35167E+02  1.98165E+02
  2.50220E+02  2.35181E+02  1.98166E+02
  2.50228E+02  2.35195E+02  1.98167E+02
  2.50235E+02  2.35209E+02  1.98168E+02
  2.50242E+02  2.35223E+02  1.98168E+02
  2.50249E+02  2.35236E+02  1.98169E+02
  2.50255E+02  2.35250E+02  1.98169E+02
  2.50261E+02  2.35264E+02  1.98170E+02
  2.50267E+02  2.35277E+02  1.98170E+02
  2.50273E+02  2.35291E+02  1.98170E+02
  2.50279E+02  2.35304E+02  1.98170E+02
  2.50285E+02  2.35318E+02  1.98171E+02
  2.50290E+02  2.35331E+02  1.98171E+02
  2.50296E+02  2.35345E+02  1.98171E+02
  2.50302E+02  2.35358E+02  1.98171E+02
  2.50307E+02  2.35371E+02  1.98171E+02
  2.50313E+02  2.35385E+02  1.98170E+02
  2.50318E+02  2.35398E+02  1.98170E+02
  2.50324E+02  2.35411E+02  1.98170E+02
  2.50329E+02  2.35424E+02  1.98170E+02
  2.50335E+02  2.35437E+02  1.98170E+02
  2.50340E+02  2.35450E+02  1.98170E+02
  2.50346E+02  2.35463E+02  1.98170E+02
  2.50352E+02  2.35476E+02  1.98169E+02
  2.50357E+02  2.35489E+02  1.98169E+02
  2.50363E+02  2.35502E+02  1.98169E+02
  2.50368E+02  2.35515E+02  1.98169E+02
  2.50374E+02  2.35528E+02  1.98169E+02
  2.50380E+02  2.35540E+02  1.98168E+02
  2.50385E+02  2.35553E+02  1.98168E+02
  2.50391E+02  2.35566E+02  1.98168E+02
  2.50397E+02  2.35578E+02  1.98168E+02
  2.50403E+02  2.35591E+02  1.98167E+02
  2.50408E+02  2.35603E+02  1.98167E+02
  2.50414E+02  2.35616E+02  1.98167E+02
  2.50420E+02  2.35628E+02  1.98167E+02
  2.50426E+02  2.35641E+02  1.98167E+02
  2.50432E+02  2.35653E+02  1.98166E+02
  2.50438E+02  2.35666E+02  1.98166E+02
  2.50444E+02  2.35678E+02  1.98166E+02
  2.50450E+02  2.35690E+02  1.98166E+02
  2.50456E+02  2.35703E+02  1.98165E+02
  2.50462E+02  2.35715E+02  1.98165E+02
  2.50468E+02  2.35727E+02  1.98165E+02
  2.50474E+02  2.35739E+02  1.98165E+02
  2.50480E+02  2.35751E+02  1.98164E+02
  2.50486E+02  2.35763E+02  1.98164E+02
  2.50492E+02  2.35776E+02  1.98164E+02
  2.50498E+02  2.35788E+02  1.98163E+02
  2.50504E+02  2.35800E+02  1.98163E+02
  2.50510E+02  2.35812E+02  1.98163E+02
  2.50516E+02  2.35823E+02  1.98163E+02
  2.50523E+02  2.35835E+02  1.98162E+02
  2.50529E+02  2.35847E+02  1.98162E+02
  2.50535E+02  2.35859E+02  1.98162E+02
  2.50541E+02  2.35871E+02  1.98162E+02
  2.50547E+02  2.35883E+02  1.98161E+02
  2.50554E+02  2.35894E+02  1.98161E+02
  2.50560E+02  2.35906E+02  1.98161E+02
  2.50566E+02  2.35918E+02  1.98161E+02
  2.50572E+02  2.35929E+02  1.98160E+02
  2.50579E+02  2.35941E+02  1.98160E+02
  2.50585E+02  2.35953E+02  1.98160E+02
  2.50591E+02  2.35964E+02  1.98160E+02
  2.50598E+02  2.35976E+02  1.98159E+02
  2.50604E+02  2.35987E+02  1.98159E+02
  2.50610E+02  2.35999E+02  1.98159E+02
  2.50616E+02  2.36010E+02  1.98159E+02
  2.50623E+02  2.36022E+02  1.98158E+02
  2.50629E+02  2.36033E+02  1.98158E+02
  2.50635E+02  2.36044E+02  1.98158E+02
  2.50642E+02  2.36056E+02  1.98158E+02
  2.50648E+02  2.36067E+02  1.98157E+02
  2.50654E+02  2.36078E+02  1.98157E+02
  2.50661E+02  2.36089E+02  1.98157E+02
  2.50667E+02  2.36101E+02  1.98157E+02
  2.50673E+02  2.36112E+02  1.98156E+02
  2.50680E+02  2.36123E+02  1.98156E+02
  2.50686E+02  2.36134E+02  1.98156E+02
  2.50692E+02  2.36145E+02  1.98156E+02
  2.50699E+02  2.36156E+02  1.98155E+02
  2.50705E+02  2.36167E+02  1.98155E+02
  2.50711E+02  2.36178E+02  1.98155E+02
  2.50718E+02  2.36189E+02  1.98155E+02
  2.50724E+02  2.36200E+02  1.98154E+02
  2.50730E+02  2.36211E+02  1.98154E+02
  2.50737E+02  2.36222E+02  1.98154E+02
  2.50743E+02  2.36233E+02  1.98153E+02
  2.50749E+02  2.36244E+02  1.98153E+02
  2.50756E+02  2.36255E+02  1.98153E+02
  2.50762E+02  2.36265E+02  1.98153E+02
  2.50768E+02  2.36276E+02  1.98152E+02
  2.50775E+02  2.36287E+02  1.98152E+02
  2.50781E+02  2.36298E+02  1.98152E+02
  2.50787E+02  2.36309E+02  1.98152E+02
  2.50794E+02  2.36319E+02  1.98151E+02
  2.50800E+02  2.36330E+02  1.98151E+02
  2.50806E+02  2.36341E+02  1.98151E+02
  2.50813E+02  2.36351E+02  1.98151E+02
  2.50819E+02  2.36362E+02  1.98150E+02
  2.50825E+02  2.36372E+02  1.98150E+02
  2.50831E+02  2.36383E+02  1.98150E+02
  2.50838E+02  2.36393E+02  1.98150E+02
  2.50844E+02  2.36404E+02  1.98149E+02
  2.50850E+02  2.36414E+02  1.98149E+02
  2.50857E+02  2.36425E+02  1.98149E+02
  2.50863E+02  2.36435E+02  1.98149E+02
  2.50869E+02  2.36446E+02  1.98148E+02
  2.50875E+02  2.36456E+02  1.98148E+02
  2.50882E+02  2.36466E+02  1.98148E+02
  2.50888E+02  2.36477E+02  1.98148E+02
  2.50894E+02  2.36487E+02  1.98147E+02
  2.50900E+02  2.36497E+02  1.98147E+02
  2.50907E+02  2.36508E+02  1.98147E+02
  2.50913E+02  2.36518E+02  1.98147E+02
  2.50919E+02  2.36528E+02  1.98146E+02
  2.50925E+02  2.36538E+02  1.98146E+02
  2.50932E+02  2.36549E+02  1.98146E+02
  2.50938E+02  2.36559E+02  1.98146E+02
  2.50944E+02  2.36569E+02  1.98145E+02
  2.50950E+02  2.36579E+02  1.98145E+02
  2.50956E+02  2.36589E+02  1.98145E+02
  2.50963E+02  2.36599E+02  1.98145E+02
  2.50969E+02  2.36609E+02  1.98144E+02
  2.50975E+02  2.36619E+02  1.98144E+02
  2.50981E+02  2.36629E+02  1.98144E+02
  2.50987E+02  2.36639E+02  1.98143E+02
  2.50993E+02  2.36649E+02  1.98143E+02
  2.50999E+02  2.36659E+02  1.98143E+02
  2.51006E+02  2.36669E+02  1.98143E+02
  2.51012E+02  2.36679E+02  1.98142E+02
  2.51018E+02  2.36689E+02  1.98142E+02
  2.51024E+02  2.36699E+02  1.98142E+02
  2.51030E+02  2.36708E+02  1.98142E+02
  2.51036E+02  2.36718E+02  1.98141E+02
  2.51042E+02  2.36728E+02  1.98141E+02
  2.51048E+02  2.36738E+02  1.98141E+02
  2.51054E+02  2.36748E+02  1.98141E+02
  2.51061E+02  2.36757E+02  1.98140E+02
  2.51067E+02  2.36767E+02  1.98140E+02
  2.51073E+02  2.36777E+02  1.98140E+02
  2.51079E+02  2.36786E+02  1.98140E+02
  2.51085E+02  2.36796E+02  1.98139E+02
  2.51091E+02  2.36806E+02  1.98139E+02
  2.51097E+02  2.36815E+02  1.98139E+02
  2.51103E+02  2.36825E+02  1.98139E+02
  2.51109E+02  2.36834E+02  1.98138E+02
  2.51115E+02  2.36844E+02  1.98138E+02
  2.51121E+02  2.36853E+02  1.98138E+02
  2.51141E+02  2.36863E+02  1.98139E+02
  2.51159E+02  2.36872E+02  1.98139E+02
  2.51175E+02  2.36882E+02  1.98140E+02
  2.51190E+02  2.36892E+02  1.98140E+02
  2.51204E+02  2.36901E+02  1.98140E+02
  2.51217E+02  2.36911E+02  1.98140E+02
  2.51228E+02  2.36920E+02  1.98141E+02
  2.51239E+02  2.36930E+02  1.98141E+02
  2.51249E+02  2.36939E+02  1.98141E+02
  2.51259E+02  2.36949E+02  1.98141E+02
  2.51268E+02  2.36958E+02  1.98141E+02
  2.51276E+02  2.36968E+02  1.98141E+02
  2.51284E+02  2.36977E+02  1.98141E+02
  2.51292E+02  2.36987E+02  1.98141E+02
  2.51300E+02  2.36996E+02  1.98141E+02
  2.51307E+02  2.37006E+02  1.98140E+02
  2.51314E+02  2.37015E+02  1.98140E+02
  2.51320E+02  2.37025E+02  1.98140E+02
  2.51327E+02  2.37034E+02  1.98140E+02
  2.51333E+02  2.37044E+02  1.98140E+02
  2.51339E+02  2.37053E+02  1.98140E+02
  2.51346E+02  2.37062E+02  1.98139E+02
  2.51352E+02  2.37072E+02  1.98139E+02
  2.51358E+02  2.37081E+02  1.98139E+02
  2.51363E+02  2.37090E+02  1.98139E+02
  2.51369E+02  2.37100E+02  1.98139E+02
  2.51375E+02  2.37109E+02  1.98138E+02
  2.51381E+02  2.37118E+02  1.98138E+02
  2.51386E+02  2.37127E+02  1.98138E+02
  2.51392E+02  2.37137E+02  1.98138E+02
  2.51397E+02  2.37146E+02  1.98137E+02
  2.51403E+02  2.37155E+02  1.98137E+02
  2.51409E+02  2.37164E+02  1.98137E+02
  2.51414E+02  2.37173E+02  1.98137E+02
  2.51420E+02  2.37182E+02  1.98136E+02
  2.51425E+02  2.37191E+02  1.98136E+02
  2.51431E+02  2.37201E+02  1.98136E+02
  2.51436E+02  2.37210E+02  1.98136E+02
  2.51442E+02  2.37219E+02  1.98135E+02
  2.51447E+02  2.37228E+02  1.98135E+02
  2.51452E+02  2.37237E+02  1.98135E+02
  2.51458E+02  2.37246E+02  1.98135E+02
  2.51463E+02  2.37254E+02  1.98134E+02
  2.51469E+02  2.37263E+02  1.98134E+02
  2.51474E+02  2.37272E+02  1.98134E+02
  2.51480E+02  2.37281E+02  1.98134E+02
  2.51485E+02  2.37290E+02  1.98133E+02
  2.51492E+02  2.37299E+02  1.98133E+02
  2.51519E+02  2.37308E+02  1.98133E+02
  2.51542E+02  2.37317E+02  1.98133E+02
  2.51563E+02  2.37326E+02  1.98133E+02
  2.51582E+02  2.37334E+02  1.98133E+02
  2.51599E+02  2.37343E+02  1.98133E+02
  2.51614E+02  2.37352E+02  1.98133E+02
  2.51628E+02  2.37361E+02  1.98133E+02
  2.51641E+02  2.37370E+02  1.98133E+02
  2.51652E+02  2.37379E+02  1.98132E+02
  2.51663E+02  2.37388E+02  1.98132E+02
  2.51673E+02  2.37397E+02  1.98132E+02
  2.51682E+02  2.37406E+02  1.98132E+02
  2.51691E+02  2.37415E+02  1.98132E+02
  2.51699E+02  2.37424E+02  1.98131E+02
  2.51707E+02  2.37433E+02  1.98131E+02
  2.51714E+02  2.37442E+02  1.98131E+02
  2.51721E+02  2.37451E+02  1.98131E+02
  2.51728E+02  2.37460E+02  1.98131E+02
  2.51734E+02  2.37469E+02  1.98130E+02
  2.51740E+02  2.37477E+02  1.98130E+02
  2.51746E+02  2.37486E+02  1.98130E+02
  2.51752E+02  2.37495E+02  1.98130E+02
  2.51758E+02  2.37504E+02  1.98129E+02
  2.51763E+02  2.37513E+02  1.98129E+02
  2.51769E+02  2.37521E+02  1.98129E+02
  2.51774E+02  2.37530E+02  1.98129E+02
  2.51779E+02  2.37539E+02  1.98128E+02
  2.51785E+02  2.37548E+02  1.98128E+02
  2.51790E+02  2.37556E+02  1.98128E+02
  2.51795E+02  2.37565E+02  1.98128E+02
  2.51800E+02  2.37574E+02  1.98127E+02
  2.51805E+02  2.37582E+02  1.98127E+02
  2.51810E+02  2.37591E+02  1.98127E+02
  2.51815E+02  2.37599E+02  1.98127E+02
  2.51820E+02  2.37608E+02  1.98126E+02
  2.51825E+02  2.37616E+02  1.98126E+02
  2.51830E+02  2.37625E+02  1.98126E+02
  2.51835E+02  2.37633E+02  1.98126E+02
  2.51840E+02  2.37642E+02  1.98125E+02
  2.51845E+02  2.37650E+02  1.98125E+02
  2.51850E+02  2.37659E+02  1.98125E+02
  2.51855E+02  2.37667E+02  1.98125E+02
  2.51861E+02  2.37676E+02  1.98131E+02
  2.51866E+02  2.37684E+02  1.98137E+02
  2.51871E+02  2.37692E+02  1.98142E+02
  2.51876E+02  2.37701E+02  1.98147E+02
  2.51881E+02  2.37709E+02  1.98150E+02
  2.51886E+02  2.37717E+02  1.98154E+02
  2.51891E+02  2.37726E+02  1.98157E+02
  2.51896E+02  2.37734E+02  1.98159E+02
  2.51901E+02  2.37742E+02  1.98161E+02
  2.51906E+02  2.37750E+02  1.98163E+02
  2.51911E+02  2.37759E+02  1.98165E+02
  2.51917E+02  2.37767E+02  1.98166E+02
  2.51922E+02  2.37775E+02  1.98167E+02
  2.51927E+02  2.37783E+02  1.98168E+02
  2.51932E+02  2.37791E+02  1.98169E+02
  2.51937E+02  2.37800E+02  1.98170E+02
  2.51943E+02  2.37808E+02  1.98170E+02
  2.51948E+02  2.37816E+02  1.98171E+02
  2.51953E+02  2.37824E+02  1.98171E+02
  2.51958E+02  2.37832E+02  1.98171E+02
  2.51963E+02  2.37840E+02  1.98172E+02
  2.51969E+02  2.37848E+02  1.98172E+02
  2.51974E+02  2.37856E+02  1.98172E+02
  2.51979E+02  2.37864E+02  1.98172E+02
  2.51984E+02  2.37872E+02  1.98172E+02
  2.51990E+02  2.37880E+02  1.98172E+02
  2.51995E+02  2.37888E+02  1.98172E+02
  2.52000E+02  2.37896E+02  1.98172E+02
  2.52005E+02  2.37904E+02  1.98172E+02
  2.52011E+02  2.37912E+02  1.98172E+02
  2.52016E+02  2.37920E+02  1.98172E+02
  2.52021E+02  2.37928E+02  1.98171E+02
  2.52027E+02  2.37935E+02  1.98171E+02
  2.52032E+02  2.37943E+02  1.98171E+02
  2.52037E+02  2.37951E+02  1.98171E+02
  2.52042E+02  2.37959E+02  1.98171E+02
  2.52048E+02  2.37967E+02  1.98171E+02
  2.52053E+02  2.37975E+02  1.98170E+02
  2.52058E+02  2.37982E+02  1.98170E+02
  2.52064E+02  2.37990E+02  1.98170E+02
  2.52069E+02  2.37998E+02  1.98170E+02
  2.52074E+02  2.38006E+02  1.98169E+02
  2.52080E+02  2.38013E+02  1.98169E+02
  2.52085E+02  2.38021E+02  1.98169E+02
  2.52090E+02  2.38029E+02  1.98169E+02
  2.52096E+02  2.38036E+02  1.98169E+02
  2.52101E+02  2.38044E+02  1.98168E+02
  2.52106E+02  2.38052E+02  1.98168E+02
  2.52111E+02  2.38059E+02  1.98168E+02
  2.52117E+02  2.38067E+02  1.98168E+02
  2.52122E+02  2.38075E+02  1.98167E+02
  2.52127E+02  2.38082E+02  1.98167E+02
  2.52133E+02  2.38090E+02  1.98167E+02
  2.52138E+02  2.38097E+02  1.98167E+02
  2.52143E+02  2.38105E+02  1.98166E+02
  2.52149E+02  2.38112E+02  1.98166E+02
  2.52154E+02  2.38120E+02  1.98166E+02
  2.52159E+02  2.38127E+02  1.98166E+02
  2.52165E+02  2.38135E+02  1.98165E+02
  2.52170E+02  2.38142E+02  1.98165E+02
  2.52175E+02  2.38150E+02  1.98165E+02
  2.52181E+02  2.38157E+02  1.98165E+02
  2.52186E+02  2.38165E+02  1.98164E+02
  2.52191E+02  2.38172E+02  1.98164E+02
  2.52197E+02  2.38180E+02  1.98164E+02
  2.52202E+02  2.38187E+02  1.98164E+02
  2.52207E+02  2.38194E+02  1.98163E+02
  2.52213E+02  2.38202E+02  1.98163E+02
  2.52218E+02  2.38209E+02  1.98163E+02
  2.52223E+02  2.38217E+02  1.98163E+02
  2.52229E+02  2.38224E+02  1.98162E+02
  2.52234E+02  2.38231E+02  1.98162E+02
  2.52239E+02  2.38239E+02  1.98162E+02
  2.52244E+02  2.38246E+02  1.98161E+02
  2.52250E+02  2.38253E+02  1.98161E+02
  2.52255E+02  2.38260E+02  1.98161E+02
  2.52260E+02  2.38268E+02  1.98161E+02
  2.52266E+02  2.38275E+02  1.98160E+02
  2.52271E+02  2.38282E+02  1.98160E+02
  2.52276E+02  2.38289E+02  1.98160E+02
  2.52286E+02  2.38297E+02  1.98160E+02
  2.52295E+02  2.38304E+02  1.98161E+02
  2.52303E+02  2.38311E+02  1.98161E+02
  2.52311E+02  2.38318E+02  1.98162E+02
  2.52319E+02  2.38326E+02  1.98164E+02
  2.52327E+02  2.38333E+02  1.98164E+02
  2.52334E+02  2.38340E+02  1.98165E+02
  2.52340E+02  2.38347E+02  1.98167E+02
  2.52347E+02  2.38354E+02  1.98168E+02
  2.52353E+02  2.38361E+02  1.98169E+02
  2.52360E+02  2.38369E+02  1.98170E+02
  2.52366E+02  2.38376E+02  1.98171E+02
  2.52379E+02  2.38383E+02  1.98176E+02
  2.52391E+02  2.38390E+02  1.98180E+02
  2.52402E+02  2.38397E+02  1.98184E+02
  2.52412E+02  2.38405E+02  1.98187E+02
  2.52421E+02  2.38412E+02  1.98190E+02
  2.52430E+02  2.38419E+02  1.98193E+02
  2.52439E+02  2.38426E+02  1.98197E+02
  2.52446E+02  2.38433E+02  1.98201E+02
  2.52454E+02  2.38441E+02  1.98204E+02
  2.52461E+02  2.38448E+02  1.98207E+02
  2.52468E+02  2.38455E+02  1.98209E+02
  2.52474E+02  2.38462E+02  1.98211E+02
  2.52481E+02  2.38469E+02  1.98213E+02
  2.52487E+02  2.38476E+02  1.98214E+02
  2.52493E+02  2.38483E+02  1.98216E+02
  2.52498E+02  2.38490E+02  1.98217E+02
  2.52504E+02  2.38497E+02  1.98218E+02
  2.52509E+02  2.38505E+02  1.98219E+02
  2.52515E+02  2.38512E+02  1.98219E+02
  2.52520E+02  2.38519E+02  1.98220E+02
  2.52525E+02  2.38526E+02  1.98220E+02
  2.52531E+02  2.38533E+02  1.98220E+02
  2.52536E+02  2.38540E+02  1.98221E+02
  2.52552E+02  2.38547E+02  1.98225E+02
  2.52566E+02  2.38554E+02  1.98229E+02
  2.52580E+02  2.38561E+02  1.98232E+02
  2.52592E+02  2.38568E+02  1.98235E+02
  2.52603E+02  2.38575E+02  1.98237E+02
  2.52633E+02  2.38582E+02  1.98240E+02
  2.52676E+02  2.38589E+02  1.98245E+02
  2.52714E+02  2.38596E+02  1.98250E+02
  2.52799E+02  2.38604E+02  1.98266E+02
  2.52872E+02  2.38611E+02  1.98280E+02
  2.52936E+02  2.38619E+02  1.98292E+02
  2.52992E+02  2.38627E+02  1.98302E+02
  2.53040E+02  2.38635E+02  1.98312E+02
  2.53083E+02  2.38643E+02  1.98320E+02
  2.53119E+02  2.38651E+02  1.98326E+02
  2.53175E+02  2.38659E+02  1.98336E+02
  2.53224E+02  2.38667E+02  1.98344E+02
  2.53266E+02  2.38675E+02  1.98351E+02
  2.53302E+02  2.38684E+02  1.98357E+02
  2.53334E+02  2.38692E+02  1.98362E+02
  2.53361E+02  2.38700E+02  1.98367E+02
  2.53385E+02  2.38709E+02  1.98371E+02
  2.53405E+02  2.38717E+02  1.98374E+02
  2.53423E+02  2.38726E+02  1.98377E+02
  2.53438E+02  2.38734E+02  1.98380E+02
  2.53451E+02  2.38743E+02  1.98382E+02
  2.53463E+02  2.38751E+02  1.98384E+02
  2.53473E+02  2.38760E+02  1.98385E+02
  2.53481E+02  2.38768E+02  1.98387E+02
  2.53488E+02  2.38777E+02  1.98388E+02
  2.53495E+02  2.38785E+02  1.98389E+02
  2.53501E+02  2.38793E+02  1.98390E+02
  2.53505E+02  2.38802E+02  1.98391E+02
  2.53510E+02  2.38810E+02  1.98391E+02
  2.53514E+02  2.38818E+02  1.98392E+02
  2.53517E+02  2.38827E+02  1.98392E+02
  2.53520E+02  2.38835E+02  1.98393E+02
  2.53523E+02  2.38843E+02  1.98393E+02
  2.53525E+02  2.38851E+02  1.98393E+02
  2.53528E+02  2.38859E+02  1.98393E+02
  2.53530E+02  2.38867E+02  1.98393E+02
  2.53532E+02  2.38875E+02  1.98393E+02
  2.53534E+02  2.38883E+02  1.98393E+02
  2.53536E+02  2.38892E+02  1.98393E+02
  2.53538E+02  2.38899E+02  1.98393E+02
  2.53540E+02  2.38907E+02  1.98393E+02
  2.53541E+02  2.38915E+02  1.98393E+02
  2.53543E+02  2.38923E+02  1.98393E+02
  2.53545E+02  2.38931E+02  1.98393E+02
  2.53547E+02  2.38939E+02  1.98393E+02
  2.53549E+02  2.38947E+02  1.98392E+02
  2.53551E+02  2.38954E+02  1.98392E+02
  2.53553E+02  2.38962E+02  1.98392E+02
  2.53556E+02  2.38970E+02  1.98392E+02
  2.53558E+02  2.38978E+02  1.98392E+02
  2.53560E+02  2.38985E+02  1.98391E+02
  2.53562E+02  2.38993E+02  1.98391E+02
  2.53565E+02  2.39000E+02  1.98391E+02
  2.53567E+02  2.39008E+02  1.98391E+02
  2.53570E+02  2.39016E+02  1.98391E+02
  2.53573E+02  2.39023E+02  1.98390E+02
  2.53575E+02  2.39031E+02  1.98390E+02
  2.53578E+02  2.39038E+02  1.98390E+02
  2.53581E+02  2.39046E+02  1.98390E+02
  2.53584E+02  2.39053E+02  1.98389E+02
  2.53587E+02  2.39060E+02  1.98389E+02
  2.53590E+02  2.39068E+02  1.98389E+02
  2.53593E+02  2.39075E+02  1.98389E+02
  2.53597E+02  2.39083E+02  1.98388E+02
  2.53600E+02  2.39090E+02  1.98388E+02
  2.53603E+02  2.39097E+02  1.98388E+02
  2.53607E+02  2.39105E+02  1.98388E+02
  2.53610E+02  2.39112E+02  1.98387E+02
  2.53614E+02  2.39119E+02  1.98387E+02
  2.53638E+02  2.39126E+02  1.98393E+02
  2.53704E+02  2.39134E+02  1.98405E+02
  2.53762E+02  2.39141E+02  1.98415E+02
  2.53813E+02  2.39149E+02  1.98424E+02
  2.53857E+02  2.39157E+02  1.98431E+02
  2.53895E+02  2.39164E+02  1.98438E+02
  2.53976E+02  2.39172E+02  1.98452E+02
  2.54047E+02  2.39180E+02  1.98465E+02
  2.54108E+02  2.39189E+02  1.98476E+02
  2.54161E+02  2.39197E+02  1.98485E+02
  2.54207E+02  2.39205E+02  1.98494E+02
  2.54309E+02  2.39217E+02  1.98510E+02
  2.54399E+02  2.39231E+02  1.98524E+02
  2.54477E+02  2.39246E+02  1.98536E+02
  2.54546E+02  2.39262E+02  1.98547E+02
  2.54605E+02  2.39278E+02  1.98556E+02
  2.54656E+02  2.39294E+02  1.98564E+02
  2.54701E+02  2.39309E+02  1.98571E+02
  2.54739E+02  2.39323E+02  1.98577E+02
  2.54772E+02  2.39338E+02  1.98583E+02
  2.54818E+02  2.39353E+02  1.98588E+02
  2.54912E+02  2.39372E+02  1.98598E+02
  2.55049E+02  2.39396E+02  1.98615E+02
  2.55170E+02  2.39424E+02  1.98632E+02
  2.55276E+02  2.39453E+02  1.98647E+02
  2.55368E+02  2.39483E+02  1.98661E+02
  2.55522E+02  2.39526E+02  1.98681E+02
  2.55685E+02  2.39583E+02  1.98702E+02
  2.55844E+02  2.39650E+02  1.98722E+02
  2.55985E+02  2.39721E+02  1.98739E+02
  2.56111E+02  2.39791E+02  1.98754E+02
  2.56271E+02  2.39868E+02  1.98774E+02
  2.56469E+02  2.39958E+02  1.98799E+02
  2.56647E+02  2.40055E+02  1.98821E+02
  2.56806E+02  2.40152E+02  1.98840E+02
  2.56945E+02  2.40246E+02  1.98857E+02
  2.57066E+02  2.40335E+02  1.98872E+02
  2.57172E+02  2.40418E+02  1.98884E+02
  2.57263E+02  2.40494E+02  1.98895E+02
  2.57342E+02  2.40565E+02  1.98905E+02
  2.57410E+02  2.40631E+02  1.98914E+02
  2.57468E+02  2.40692E+02  1.98921E+02
  2.57517E+02  2.40748E+02  1.98927E+02
  2.57559E+02  2.40801E+02  1.98933E+02
  2.57596E+02  2.40851E+02  1.98938E+02
  2.57626E+02  2.40898E+02  1.98942E+02
  2.57652E+02  2.40942E+02  1.98946E+02
  2.57674E+02  2.40984E+02  1.98949E+02
  2.57693E+02  2.41023E+02  1.98952E+02
  2.57708E+02  2.41061E+02  1.98954E+02
  2.57721E+02  2.41097E+02  1.98956E+02
  2.57732E+02  2.41132E+02  1.98958E+02
  2.57741E+02  2.41165E+02  1.98959E+02
  2.57748E+02  2.41197E+02  1.98961E+02
  2.57754E+02  2.41227E+02  1.98962E+02
  2.57758E+02  2.41257E+02  1.98963E+02
  2.57762E+02  2.41286E+02  1.98964E+02
  2.57765E+02  2.41314E+02  1.98964E+02
  2.57768E+02  2.41341E+02  1.98965E+02
  2.57770E+02  2.41367E+02  1.98965E+02
  2.57771E+02  2.41393E+02  1.98966E+02
  2.57772E+02  2.41418E+02  1.98966E+02
  2.57773E+02  2.41442E+02  1.98966E+02
  2.57774E+02  2.41466E+02  1.98966E+02
  2.57774E+02  2.41489E+02  1.98966E+02
  2.57775E+02  2.41512E+02  1.98967E+02
  2.57775E+02  2.41534E+02  1.98967E+02
  2.57776E+02  2.41556E+02  1.98967E+02
  2.57776E+02  2.41578E+02  1.98967E+02
  2.57777E+02  2.41599E+02  1.98966E+02
  2.57777E+02  2.41620E+02  1.98966E+02
  2.57778E+02  2.41640E+02  1.98966E+02
  2.57779E+02  2.41660E+02  1.98966E+02
  2.57780E+02  2.41680E+02  1.98966E+02
  2.57781E+02  2.41700E+02  1.98966E+02
  2.57782E+02  2.41719E+02  1.98966E+02
  2.57784E+02  2.41738E+02  1.98966E+02
  2.57785E+02  2.41757E+02  1.98965E+02
  2.57860E+02  2.41777E+02  1.98976E+02
  2.57988E+02  2.41803E+02  1.98997E+02
  2.58182E+02  2.41846E+02  1.99024E+02
  2.58357E+02  2.41902E+02  1.99048E+02
  2.58514E+02  2.41962E+02  1.99069E+02
  2.58651E+02  2.42022E+02  1.99087E+02
  2.58772E+02  2.42079E+02  1.99103E+02
  2.58876E+02  2.42133E+02  1.99117E+02
  2.58967E+02  2.42183E+02  1.99129E+02
  2.59046E+02  2.42231E+02  1.99140E+02
  2.59114E+02  2.42276E+02  1.99149E+02
  2.59173E+02  2.42318E+02  1.99157E+02
  2.59225E+02  2.42358E+02  1.99164E+02
  2.59269E+02  2.42396E+02  1.99170E+02
  2.59307E+02  2.42432E+02  1.99175E+02
  2.59392E+02  2.42471E+02  1.99188E+02
  2.59468E+02  2.42510E+02  1.99199E+02
  2.59533E+02  2.42549E+02  1.99209E+02
  2.59591E+02  2.42588E+02  1.99218E+02
  2.59701E+02  2.42634E+02  1.99234E+02
  2.59799E+02  2.42683E+02  1.99249E+02
  2.59885E+02  2.42733E+02  1.99263E+02
  2.59960E+02  2.42780E+02  1.99274E+02
  2.60026E+02  2.42826E+02  1.99285E+02
  2.60082E+02  2.42869E+02  1.99293E+02
  2.60131E+02  2.42910E+02  1.99301E+02
  2.60173E+02  2.42949E+02  1.99308E+02
  2.60237E+02  2.42989E+02  1.99318E+02
  2.60292E+02  2.43027E+02  1.99327E+02
  2.60340E+02  2.43065E+02  1.99335E+02
  2.60382E+02  2.43102E+02  1.99342E+02
  2.60418E+02  2.43137E+02  1.99348E+02
  2.60450E+02  2.43171E+02  1.99353E+02
  2.60477E+02  2.43204E+02  1.99358E+02
  2.60500E+02  2.43236E+02  1.99362E+02
  2.60520E+02  2.43267E+02  1.99365E+02
  2.60538E+02  2.43296E+02  1.99368E+02
  2.60553E+02  2.43325E+02  1.99371E+02
  2.60566E+02  2.43354E+02  1.99373E+02
  2.60578E+02  2.43381E+02  1.99375E+02
  2.60588E+02  2.43408E+02  1.99377E+02
  2.60596E+02  2.43434E+02  1.99378E+02
  2.60604E+02  2.43460E+02  1.99379E+02
  2.60611E+02  2.43485E+02  1.99380E+02
  2.60657E+02  2.43511E+02  1.99387E+02
  2.60698E+02  2.43538E+02  1.99393E+02
  2.60733E+02  2.43564E+02  1.99398E+02
  2.60764E+02  2.43590E+02  1.99403E+02
  2.60791E+02  2.43615E+02  1.99406E+02
  2.60815E+02  2.43640E+02  1.99410E+02
  2.60864E+02  2.43666E+02  1.99422E+02
  2.60908E+02  2.43693E+02  1.99434E+02
  2.60947E+02  2.43720E+02  1.99444E+02
  2.60981E+02  2.43747E+02  1.99453E+02
  2.61010E+02  2.43773E+02  1.99461E+02
  2.61036E+02  2.43798E+02  1.99467E+02
  2.61059E+02  2.43823E+02  1.99473E+02
  2.61080E+02  2.43847E+02  1.99478E+02
  2.61098E+02  2.43871E+02  1.99483E+02
  2.61113E+02  2.43894E+02  1.99487E+02
  2.61128E+02  2.43917E+02  1.99490E+02
  2.61140E+02  2.43940E+02  1.99493E+02
  2.61152E+02  2.43962E+02  1.99495E+02
  2.61162E+02  2.43983E+02  1.99498E+02
  2.61172E+02  2.44005E+02  1.99499E+02
  2.61181E+02  2.44026E+02  1.99501E+02
  2.61189E+02  2.44047E+02  1.99502E+02
  2.61197E+02  2.44067E+02  1.99504E+02
  2.61204E+02  2.44087E+02  1.99505E+02
  2.61211E+02  2.44107E+02  1.99506E+02
  2.61218E+02  2.44127E+02  1.99506E+02
  2.61224E+02  2.44146E+02  1.99507E+02
  2.61231E+02  2.44166E+02  1.99507E+02
  2.61237E+02  2.44185E+02  1.99508E+02
  2.61259E+02  2.44203E+02  1.99508E+02
  2.61302E+02  2.44222E+02  1.99508E+02
  2.61398E+02  2.44241E+02  1.99511E+02
  2.61483E+02  2.44259E+02  1.99516E+02
  2.61557E+02  2.44278E+02  1.99521E+02
  2.61622E+02  2.44297E+02  1.99525E+02
  2.61679E+02  2.44315E+02  1.99528E+02
  2.61728E+02  2.44334E+02  1.99531E+02
  2.61771E+02  2.44352E+02  1.99533E+02
  2.61809E+02  2.44371E+02  1.99536E+02
  2.61843E+02  2.44389E+02  1.99537E+02
  2.61872E+02  2.44407E+02  1.99539E+02
  2.61898E+02  2.44425E+02  1.99540E+02
  2.61921E+02  2.44443E+02  1.99542E+02
  2.61941E+02  2.44461E+02  1.99543E+02
  2.61959E+02  2.44478E+02  1.99544E+02
  2.61976E+02  2.44496E+02  1.99544E+02
  2.61990E+02  2.44513E+02  1.99545E+02
  2.62003E+02  2.44530E+02  1.99545E+02
  2.62015E+02  2.44547E+02  1.99546E+02
  2.62026E+02  2.44564E+02  1.99546E+02
  2.62036E+02  2.44581E+02  1.99546E+02
  2.62046E+02  2.44598E+02  1.99547E+02
  2.62055E+02  2.44614E+02  1.99548E+02
  2.62063E+02  2.44630E+02  1.99549E+02
  2.62071E+02  2.44647E+02  1.99550E+02
  2.62079E+02  2.44663E+02  1.99551E+02
  2.62104E+02  2.44679E+02  1.99553E+02
  2.62145E+02  2.44695E+02  1.99557E+02
  2.62182E+02  2.44711E+02  1.99561E+02
  2.62214E+02  2.44726E+02  1.99564E+02
  2.62243E+02  2.44742E+02  1.99567E+02
  2.62268E+02  2.44758E+02  1.99569E+02
  2.62291E+02  2.44774E+02  1.99571E+02
  2.62314E+02  2.44789E+02  1.99573E+02
  2.62422E+02  2.44805E+02  1.99587E+02
  2.62518E+02  2.44822E+02  1.99600E+02
  2.62601E+02  2.44840E+02  1.99610E+02
  2.62710E+02  2.44861E+02  1.99620E+02
  2.62805E+02  2.44885E+02  1.99628E+02
  2.62912E+02  2.44911E+02  1.99638E+02
  2.63025E+02  2.44940E+02  1.99654E+02
  2.63124E+02  2.44970E+02  1.99668E+02
  2.63262E+02  2.45003E+02  1.99692E+02
  2.63418E+02  2.45041E+02  1.99717E+02
  2.63555E+02  2.45080E+02  1.99739E+02
  2.63675E+02  2.45119E+02  1.99759E+02
  2.63779E+02  2.45158E+02  1.99776E+02
  2.63870E+02  2.45194E+02  1.99790E+02
  2.63949E+02  2.45229E+02  1.99803E+02
  2.64017E+02  2.45263E+02  1.99815E+02
  2.64077E+02  2.45295E+02  1.99848E+02
  2.64128E+02  2.45326E+02  1.99879E+02
  2.64173E+02  2.45356E+02  1.99906E+02
  2.64211E+02  2.45385E+02  1.99941E+02
  2.64245E+02  2.45414E+02  1.99973E+02
  2.64274E+02  2.45441E+02  2.00002E+02
  2.64340E+02  2.45469E+02  2.00043E+02
  2.64406E+02  2.45497E+02  2.00080E+02
  2.64464E+02  2.45526E+02  2.00118E+02
  2.64522E+02  2.45556E+02  2.00153E+02
  2.64653E+02  2.45592E+02  2.00187E+02
  2.64850E+02  2.45646E+02  2.00245E+02
  2.65058E+02  2.45716E+02  2.00315E+02
  2.65245E+02  2.45794E+02  2.00386E+02
  2.65410E+02  2.45873E+02  2.00454E+02
  2.65554E+02  2.45949E+02  2.00515E+02
  2.65681E+02  2.46022E+02  2.00569E+02
  2.65791E+02  2.46091E+02  2.00617E+02
  2.65886E+02  2.46155E+02  2.00659E+02
  2.65969E+02  2.46215E+02  2.00695E+02
  2.66040E+02  2.46271E+02  2.00727E+02
  2.66102E+02  2.46324E+02  2.00755E+02
  2.66156E+02  2.46374E+02  2.00780E+02
  2.66202E+02  2.46422E+02  2.00801E+02
  2.66243E+02  2.46468E+02  2.00820E+02
  2.66278E+02  2.46511E+02  2.00836E+02
  2.66308E+02  2.46553E+02  2.00850E+02
  2.66334E+02  2.46593E+02  2.00863E+02
  2.66357E+02  2.46631E+02  2.00874E+02
  2.66377E+02  2.46668E+02  2.00883E+02
  2.66395E+02  2.46704E+02  2.00892E+02
  2.66410E+02  2.46739E+02  2.00899E+02
  2.66424E+02  2.46773E+02  2.00905E+02
  2.66662E+02  2.46807E+02  2.00961E+02
  2.66869E+02  2.46840E+02  2.01012E+02
  2.67048E+02  2.46873E+02  2.01057E+02
  2.67203E+02  2.46905E+02  2.01096E+02
  2.67337E+02  2.46938E+02  2.01130E+02
  2.67452E+02  2.46969E+02  2.01160E+02
  2.67552E+02  2.47001E+02  2.01186E+02
  2.67637E+02  2.47032E+02  2.01209E+02
  2.67711E+02  2.47063E+02  2.01229E+02
  2.67774E+02  2.47093E+02  2.01247E+02
  2.67829E+02  2.47123E+02  2.01262E+02
  2.67875E+02  2.47153E+02  2.01276E+02
  2.67915E+02  2.47182E+02  2.01287E+02
  2.67949E+02  2.47212E+02  2.01298E+02
  2.67979E+02  2.47240E+02  2.01306E+02
  2.68004E+02  2.47269E+02  2.01314E+02
  2.68025E+02  2.47297E+02  2.01321E+02
  2.68044E+02  2.47324E+02  2.01327E+02
  2.68060E+02  2.47352E+02  2.01332E+02
  2.68106E+02  2.47380E+02  2.01343E+02
  2.68146E+02  2.47409E+02  2.01353E+02
  2.68181E+02  2.47437E+02  2.01361E+02
  2.68212E+02  2.47466E+02  2.01369E+02
  2.68239E+02  2.47494E+02  2.01375E+02
  2.68263E+02  2.47521E+02  2.01381E+02
  2.68294E+02  2.47549E+02  2.01386E+02
  2.68369E+02  2.47580E+02  2.01390E+02
  2.68436E+02  2.47612E+02  2.01394E+02
  2.68496E+02  2.47645E+02  2.01397E+02
  2.68549E+02  2.47678E+02  2.01400E+02
  2.68610E+02  2.47711E+02  2.01402E+02
  2.68665E+02  2.47744E+02  2.01405E+02
  2.68715E+02  2.47777E+02  2.01407E+02
  2.68760E+02  2.47808E+02  2.01408E+02
  2.68801E+02  2.47839E+02  2.01410E+02
  2.68842E+02  2.47869E+02  2.01411E+02
  2.68884E+02  2.47899E+02  2.01412E+02
  2.68926E+02  2.47927E+02  2.01413E+02
  2.68970E+02  2.47956E+02  2.01414E+02
  2.69017E+02  2.47983E+02  2.01414E+02
  2.69065E+02  2.48010E+02  2.01415E+02
  2.69117E+02  2.48037E+02  2.01415E+02
  2.69172E+02  2.48063E+02  2.01416E+02
  2.69231E+02  2.48089E+02  2.01416E+02
  2.69293E+02  2.48115E+02  2.01417E+02
  2.69359E+02  2.48140E+02  2.01417E+02
  2.69429E+02  2.48164E+02  2.01417E+02
  2.69503E+02  2.48189E+02  2.01417E+02
  2.69581E+02  2.48213E+02  2.01417E+02
  2.69662E+02  2.48237E+02  2.01418E+02
  2.69747E+02  2.48260E+02  2.01418E+02
  2.69837E+02  2.48283E+02  2.01418E+02
  2.69930E+02  2.48306E+02  2.01418E+02
  2.70027E+02  2.48329E+02  2.01418E+02
  2.70128E+02  2.48351E+02  2.01418E+02
  2.70233E+02  2.48373E+02  2.01418E+02
  2.70342E+02  2.48395E+02  2.01418E+02
  2.70454E+02  2.48417E+02  2.01418E+02
  2.70570E+02  2.48439E+02  2.01418E+02
  2.70689E+02  2.48460E+02  2.01418E+02
  2.70812E+02  2.48481E+02  2.01418E+02
  2.70938E+02  2.48502E+02  2.01418E+02
  2.71067E+02  2.48523E+02  2.01418E+02
  2.71200E+02  2.48543E+02  2.01418E+02
  2.71336E+02  2.48563E+02  2.01418E+02
  2.71476E+02  2.48584E+02  2.01418E+02
  2.71618E+02  2.48604E+02  2.01418E+02
  2.71764E+02  2.48624E+02  2.01418E+02
  2.71913E+02  2.48643E+02  2.01418E+02
  2.72065E+02  2.48663E+02  2.01417E+02
  2.72219E+02  2.48682E+02  2.01417E+02
  2.72377E+02  2.48701E+02  2.01417E+02
  2.72537E+02  2.48720E+02  2.01417E+02
  2.72701E+02  2.48739E+02  2.01417E+02
  2.72867E+02  2.48758E+02  2.01417E+02
  2.73035E+02  2.48777E+02  2.01417E+02
  2.73207E+02  2.48795E+02  2.01417E+02
  2.73381E+02  2.48814E+02  2.01417E+02
  2.73559E+02  2.48832E+02  2.01417E+02
  2.73837E+02  2.48850E+02  2.01417E+02
  2.74189E+02  2.48868E+02  2.01417E+02
  2.74597E+02  2.48886E+02  2.01417E+02
  2.75032E+02  2.48904E+02  2.01417E+02
  2.75478E+02  2.48922E+02  2.01417E+02
  2.75928E+02  2.48939E+02  2.01416E+02
  2.76379E+02  2.48957E+02  2.01416E+02
  2.76829E+02  2.48974E+02  2.01416E+02
  2.77276E+02  2.48991E+02  2.01416E+02
  2.77719E+02  2.49009E+02  2.01416E+02
  2.78160E+02  2.49026E+02  2.01416E+02
  2.78596E+02  2.49043E+02  2.01416E+02
  2.79028E+02  2.49060E+02  2.01416E+02
  2.79456E+02  2.49076E+02  2.01416E+02
  2.79879E+02  2.49093E+02  2.01416E+02
  2.80298E+02  2.49110E+02  2.01416E+02
  2.80713E+02  2.49126E+02  2.01416E+02
  2.81124E+02  2.49143E+02  2.01416E+02
  2.81530E+02  2.49159E+02  2.01416E+02
  2.81932E+02  2.49175E+02  2.01415E+02
  2.82334E+02  2.49191E+02  2.01415E+02
  2.82737E+02  2.49207E+02  2.01415E+02
  2.83142E+02  2.49223E+02  2.01415E+02
  2.83546E+02  2.49239E+02  2.01415E+02
  2.83948E+02  2.49255E+02  2.01415E+02
  2.84348E+02  2.49271E+02  2.01415E+02
  2.84746E+02  2.49287E+02  2.01415E+02
  2.85140E+02  2.49302E+02  2.01415E+02
  2.85531E+02  2.49318E+02  2.01415E+02
  2.85919E+02  2.49334E+02  2.01415E+02
  2.86304E+02  2.49349E+02  2.01415E+02
  2.86688E+02  2.49364E+02  2.01415E+02
  2.87071E+02  2.49380E+02  2.01414E+02
  2.87450E+02  2.49395E+02  2.01414E+02
  2.87827E+02  2.49410E+02  2.01414E+02
  2.88201E+02  2.49425E+02  2.01414E+02
  2.88572E+02  2.49440E+02  2.01414E+02
  2.88941E+02  2.49455E+02  2.01414E+02
  2.89307E+02  2.49470E+02  2.01414E+02
  2.89670E+02  2.49485E+02  2.01414E+02
  2.90030E+02  2.49500E+02  2.01414E+02
  2.90388E+02  2.49515E+02  2.01414E+02
  2.90746E+02  2.49530E+02  2.01414E+02
  2.91102E+02  2.49544E+02  2.01414E+02
  2.91458E+02  2.49559E+02  2.01414E+02
  2.91812E+02  2.49574E+02  2.01414E+02
  2.92164E+02  2.49588E+02  2.01413E+02
  2.92515E+02  2.49603E+02  2.01413E+02
  2.92863E+02  2.49617E+02  2.01413E+02
  2.93210E+02  2.49631E+02  2.01413E+02
  2.93554E+02  2.49646E+02  2.01413E+02
  2.93896E+02  2.49660E+02  2.01413E+02
  2.94235E+02  2.49674E+02  2.01413E+02
  2.94572E+02  2.49689E+02  2.01413E+02
  2.94906E+02  2.49703E+02  2.01413E+02
  2.95237E+02  2.49717E+02  2.01413E+02
  2.95566E+02  2.49731E+02  2.01413E+02
  2.95892E+02  2.49745E+02  2.01413E+02
  2.96215E+02  2.49759E+02  2.01413E+02
  2.96535E+02  2.49773E+02  2.01413E+02
  2.96852E+02  2.49787E+02  2.01412E+02
  2.97166E+02  2.49801E+02  2.01412E+02
  2.97478E+02  2.49815E+02  2.01412E+02
  2.97786E+02  2.49828E+02  2.01412E+02
  2.98092E+02  2.49842E+02  2.01412E+02
  2.98394E+02  2.49856E+02  2.01412E+02
  2.98694E+02  2.49870E+02  2.01412E+02
  2.98990E+02  2.49883E+02  2.01412E+02
  2.99284E+02  2.49897E+02  2.01412E+02
  2.99575E+02  2.49910E+02  2.01412E+02
  2.99863E+02  2.49924E+02  2.01412E+02
  3.00148E+02  2.49938E+02  2.01412E+02
  3.00430E+02  2.49951E+02  2.01412E+02
  3.04631E+02  2.49965E+02  2.01411E+02
  3.09479E+02  2.49978E+02  2.01411E+02
  3.10881E+02  2.49991E+02  2.01411E+02
  3.11443E+02  2.50005E+02  2.01411E+02
  3.11783E+02  2.50018E+02  2.01411E+02
  3.12055E+02  2.50032E+02  2.01411E+02
  3.12302E+02  2.50045E+02  2.01411E+02
  3.12537E+02  2.50058E+02  2.01411E+02
  3.14143E+02  2.50071E+02  2.01411E+02
  3.15618E+02  2.50085E+02  2.01411E+02
  3.16450E+02  2.50098E+02  2.01411E+02
  3.18333E+02  2.50111E+02  2.01411E+02
  3.20480E+02  2.50124E+02  2.01411E+02
  3.21779E+02  2.50137E+02  2.01411E+02
  3.22552E+02  2.50150E+02  2.01410E+02
  3.23050E+02  2.50163E+02  2.01410E+02
  3.23404E+02  2.50176E+02  2.01410E+02
  3.23677E+02  2.50189E+02  2.01410E+02
  3.23901E+02  2.50203E+02  2.01410E+02
  3.24092E+02  2.50216E+02  2.01410E+02
  3.24262E+02  2.50228E+02  2.01410E+02
  3.24416E+02  2.50241E+02  2.01410E+02
  3.24557E+02  2.50254E+02  2.01410E+02
  3.24688E+02  2.50267E+02  2.01410E+02
  3.24811E+02  2.50280E+02  2.01410E+02
  3.24928E+02  2.50293E+02  2.01410E+02
  3.25039E+02  2.50306E+02  2.01410E+02
  3.25144E+02  2.50319E+02  2.01409E+02
  3.25245E+02  2.50332E+02  2.01409E+02
  3.25342E+02  2.50344E+02  2.01409E+02
  3.25435E+02  2.50357E+02  2.01409E+02
  3.25524E+02  2.50370E+02  2.01409E+02
  3.25611E+02  2.50383E+02  2.01409E+02
  3.25694E+02  2.50395E+02  2.01409E+02
  3.25775E+02  2.50408E+02  2.01409E+02
  3.25853E+02  2.50421E+02  2.01409E+02
  3.25928E+02  2.50434E+02  2.01409E+02
  3.26001E+02  2.50447E+02  2.01409E+02
  3.26072E+02  2.50459E+02  2.01409E+02
  3.26140E+02  2.50472E+02  2.01409E+02
  3.26206E+02  2.50485E+02  2.01409E+02
  3.26269E+02  2.50497E+02  2.01408E+02
  3.26331E+02  2.50510E+02  2.01408E+02
  3.26390E+02  2.50523E+02  2.01408E+02
  3.26447E+02  2.50535E+02  2.01408E+02
  3.26503E+02  2.50548E+02  2.01408E+02
  3.26560E+02  2.50560E+02  2.01408E+02
  3.26617E+02  2.50573E+02  2.01408E+02
  3.26677E+02  2.50586E+02  2.01408E+02
  3.26766E+02  2.50598E+02  2.01408E+02
  3.27147E+02  2.50611E+02  2.01408E+02
  3.27505E+02  2.50623E+02  2.01408E+02
  3.27773E+02  2.50636E+02  2.01408E+02
  3.27967E+02  2.50649E+02  2.01408E+02
  3.28126E+02  2.50661E+02  2.01407E+02
  3.31128E+02  2.50674E+02  2.01407E+02
  3.33270E+02  2.50687E+02  2.01407E+02
  3.34982E+02  2.50699E+02  2.01407E+02
  3.36375E+02  2.50712E+02  2.01407E+02
  3.37501E+02  2.50725E+02  2.01407E+02
  3.38397E+02  2.50738E+02  2.01407E+02
  3.39098E+02  2.50751E+02  2.01407E+02
  3.39797E+02  2.50765E+02  2.01407E+02
  3.40433E+02  2.50778E+02  2.01407E+02
  3.40954E+02  2.50791E+02  2.01407E+02
  3.41353E+02  2.50804E+02  2.01407E+02
  3.41652E+02  2.50817E+02  2.01407E+02
  3.41872E+02  2.50830E+02  2.01407E+02
  3.42028E+02  2.50844E+02  2.01406E+02
  3.42132E+02  2.50857E+02  2.01406E+02
  3.42195E+02  2.50870E+02  2.01406E+02
  3.42225E+02  2.50883E+02  2.01406E+02
  3.42229E+02  2.50897E+02  2.01406E+02
  3.42209E+02  2.50910E+02  2.01406E+02
  3.42171E+02  2.50923E+02  2.01406E+02
  3.42117E+02  2.50936E+02  2.01406E+02
  3.42051E+02  2.50949E+02  2.01406E+02
  3.41975E+02  2.50963E+02  2.01406E+02
  3.41892E+02  2.50976E+02  2.01406E+02
  3.41873E+02  2.50989E+02  2.01406E+02
  3.41890E+02  2.51002E+02  2.01406E+02
  3.41903E+02  2.51016E+02  2.01405E+02
  3.41895E+02  2.51029E+02  2.01405E+02
  3.41867E+02  2.51042E+02  2.01405E+02
  3.41824E+02  2.51055E+02  2.01405E+02
  3.41769E+02  2.51068E+02  2.01405E+02
  3.41707E+02  2.51081E+02  2.01405E+02
  3.41639E+02  2.51095E+02  2.01405E+02
  3.41567E+02  2.51108E+02  2.01405E+02
  3.41493E+02  2.51121E+02  2.01405E+02
  3.41418E+02  2.51134E+02  2.01405E+02
  3.41345E+02  2.51147E+02  2.01405E+02
  3.41272E+02  2.51161E+02  2.01405E+02
  3.41199E+02  2.51174E+02  2.01405E+02
  3.41127E+02  2.51187E+02  2.01405E+02
  3.41056E+02  2.51200E+02  2.01404E+02
  3.40986E+02  2.51213E+02  2.01404E+02
  3.40916E+02  2.51227E+02  2.01404E+02
  3.40846E+02  2.51240E+02  2.01404E+02
  3.40777E+02  2.51253E+02  2.01404E+02
  3.40708E+02  2.51266E+02  2.01404E+02
  3.40639E+02  2.51280E+02  2.01404E+02
  3.40571E+02  2.51293E+02  2.01404E+02
  3.40503E+02  2.51306E+02  2.01404E+02
  3.40435E+02  2.51319E+02  2.01404E+02
  3.40368E+02  2.51333E+02  2.01404E+02
  3.40301E+02  2.51346E+02  2.01404E+02
  3.40677E+02  2.51359E+02  2.01404E+02
  3.41438E+02  2.51373E+02  2.01403E+02
  3.41815E+02  2.51386E+02  2.01403E+02
  3.41959E+02  2.51399E+02  2.01403E+02
  3.41997E+02  2.51413E+02  2.01403E+02
  3.41988E+02  2.51426E+02  2.01403E+02
  3.41957E+02  2.51440E+02  2.01403E+02
  3.41914E+02  2.51453E+02  2.01403E+02
  3.41868E+02  2.51466E+02  2.01403E+02
  3.42341E+02  2.51480E+02  2.01403E+02
  3.42752E+02  2.51493E+02  2.01403E+02
  3.42993E+02  2.51507E+02  2.01403E+02
  3.43113E+02  2.51520E+02  2.01403E+02
  3.43159E+02  2.51534E+02  2.01403E+02
  3.43164E+02  2.51547E+02  2.01403E+02
  3.43144E+02  2.51561E+02  2.01402E+02
  3.43111E+02  2.51574E+02  2.01402E+02
  3.43067E+02  2.51588E+02  2.01402E+02
  3.43018E+02  2.51601E+02  2.01402E+02
  3.42964E+02  2.51615E+02  2.01402E+02
  3.42906E+02  2.51628E+02  2.01402E+02
  3.42845E+02  2.51642E+02  2.01402E+02
  3.42783E+02  2.51656E+02  2.01402E+02
  3.42718E+02  2.51670E+02  2.01402E+02
  3.42651E+02  2.51683E+02  2.01402E+02
  3.42583E+02  2.51697E+02  2.01402E+02
  3.42872E+02  2.51711E+02  2.01402E+02
  3.43268E+02  2.51725E+02  2.01402E+02
  3.43559E+02  2.51739E+02  2.01401E+02
  3.43728E+02  2.51752E+02  2.01401E+02
  3.43907E+02  2.51766E+02  2.01401E+02
  3.44128E+02  2.51780E+02  2.01401E+02
  3.44316E+02  2.51794E+02  2.01401E+02
  3.44441E+02  2.51808E+02  2.01401E+02
  3.44508E+02  2.51822E+02  2.01401E+02
  3.44530E+02  2.51836E+02  2.01401E+02
  3.44520E+02  2.51850E+02  2.01401E+02
  3.44488E+02  2.51864E+02  2.01401E+02
  3.44439E+02  2.51879E+02  2.01401E+02
  3.44379E+02  2.51893E+02  2.01401E+02
  3.44309E+02  2.51907E+02  2.01401E+02
  3.44232E+02  2.51921E+02  2.01400E+02
  3.44150E+02  2.51936E+02  2.01400E+02
  3.44063E+02  2.51950E+02  2.01400E+02
  3.43973E+02  2.51964E+02  2.01400E+02
  3.43881E+02  2.51979E+02  2.01400E+02
  3.43785E+02  2.51993E+02  2.01400E+02
  3.43688E+02  2.52007E+02  2.01400E+02
  3.43589E+02  2.52022E+02  2.01400E+02
  3.43488E+02  2.52037E+02  2.01400E+02
  3.43386E+02  2.52051E+02  2.01400E+02
  3.43283E+02  2.52066E+02  2.01400E+02
  3.43180E+02  2.52080E+02  2.01400E+02
  3.43075E+02  2.52095E+02  2.01400E+02
  3.42969E+02  2.52110E+02  2.01400E+02
  3.42863E+02  2.52125E+02  2.01399E+02
  3.42756E+02  2.52139E+02  2.01399E+02
  3.42649E+02  2.52154E+02  2.01399E+02
  3.42541E+02  2.52169E+02  2.01399E+02
  3.42433E+02  2.52184E+02  2.01399E+02
  3.42325E+02  2.52199E+02  2.01399E+02
  3.42216E+02  2.52214E+02  2.01399E+02
  3.42107E+02  2.52229E+02  2.01399E+02
  3.41998E+02  2.52244E+02  2.01399E+02
  3.41890E+02  2.52259E+02  2.01399E+02
  3.41783E+02  2.52275E+02  2.01399E+02
  3.41676E+02  2.52290E+02  2.01399E+02
  3.41571E+02  2.52305E+02  2.01399E+02
  3.42714E+02  2.52320E+02  2.01399E+02
  3.43703E+02  2.52336E+02  2.01400E+02
  3.44575E+02  2.52351E+02  2.01400E+02
  3.45326E+02  2.52367E+02  2.01401E+02
  3.45952E+02  2.52383E+02  2.01401E+02
  3.46457E+02  2.52399E+02  2.01401E+02
  3.46849E+02  2.52414E+02  2.01402E+02
  3.47137E+02  2.52430E+02  2.01402E+02
  3.47334E+02  2.52446E+02  2.01402E+02
  3.47453E+02  2.52462E+02  2.01402E+02
  3.47503E+02  2.52478E+02  2.01402E+02
  3.47497E+02  2.52495E+02  2.01402E+02
  3.47444E+02  2.52511E+02  2.01402E+02
  3.47352E+02  2.52527E+02  2.01402E+02
  3.47226E+02  2.52543E+02  2.01402E+02
  3.47074E+02  2.52560E+02  2.01402E+02
  3.48521E+02  2.52576E+02  2.01407E+02
  3.49765E+02  2.52593E+02  2.01411E+02
  3.50886E+02  2.52609E+02  2.01414E+02
  3.51893E+02  2.52626E+02  2.01418E+02
  3.52780E+02  2.52643E+02  2.01420E+02
  3.53541E+02  2.52660E+02  2.01423E+02
  3.54182E+02  2.52677E+02  2.01425E+02
  3.54705E+02  2.52694E+02  2.01426E+02
  3.55125E+02  2.52711E+02  2.01428E+02
  3.55449E+02  2.52728E+02  2.01429E+02
  3.55692E+02  2.52745E+02  2.01430E+02
  3.55863E+02  2.52763E+02  2.01431E+02
  3.55971E+02  2.52780E+02  2.01432E+02
  3.56025E+02  2.52797E+02  2.01433E+02
  3.56033E+02  2.52815E+02  2.01434E+02
  3.56001E+02  2.52832E+02  2.01434E+02
  3.55935E+02  2.52850E+02  2.01435E+02
  3.55839E+02  2.52868E+02  2.01435E+02
  3.55719E+02  2.52885E+02  2.01435E+02
  3.55578E+02  2.52903E+02  2.01436E+02
  3.55420E+02  2.52921E+02  2.01436E+02
  3.55249E+02  2.52939E+02  2.01436E+02
  3.55067E+02  2.52957E+02  2.01436E+02
  3.54878E+02  2.52974E+02  2.01436E+02
  3.54684E+02  2.52992E+02  2.01437E+02
  3.56837E+02  2.53011E+02  2.01447E+02
  3.60986E+02  2.53029E+02  2.01466E+02
  3.64358E+02  2.53047E+02  2.01483E+02
  3.67195E+02  2.53066E+02  2.01497E+02
  3.69602E+02  2.53085E+02  2.01512E+02
  3.73008E+02  2.53103E+02  2.01526E+02
  3.78736E+02  2.53123E+02  2.01540E+02
  3.84172E+02  2.53142E+02  2.01555E+02
  3.88595E+02  2.53162E+02  2.01567E+02
  3.92210E+02  2.53182E+02  2.01579E+02
  3.95118E+02  2.53202E+02  2.01588E+02
  3.97401E+02  2.53222E+02  2.01597E+02
  3.99139E+02  2.53242E+02  2.01605E+02
  4.00497E+02  2.53263E+02  2.01611E+02
  4.01534E+02  2.53283E+02  2.01617E+02
  4.02269E+02  2.53304E+02  2.01622E+02
  4.02720E+02  2.53324E+02  2.01627E+02
  4.02917E+02  2.53345E+02  2.01631E+02
  4.02894E+02  2.53366E+02  2.01634E+02
  4.02685E+02  2.53387E+02  2.01637E+02
  4.02323E+02  2.53408E+02  2.01640E+02
  4.01839E+02  2.53429E+02  2.01642E+02
  4.01256E+02  2.53450E+02  2.01644E+02
  4.00597E+02  2.53471E+02  2.01645E+02
  3.99884E+02  2.53493E+02  2.01647E+02
  3.99137E+02  2.53514E+02  2.01648E+02
  3.98367E+02  2.53535E+02  2.01649E+02
  3.97580E+02  2.53556E+02  2.01650E+02
  3.96784E+02  2.53578E+02  2.01651E+02
  3.95983E+02  2.53599E+02  2.01652E+02
  3.95180E+02  2.53621E+02  2.01653E+02
  3.94378E+02  2.53642E+02  2.01653E+02
  3.93582E+02  2.53664E+02  2.01654E+02
  3.92792E+02  2.53685E+02  2.01654E+02
  3.92012E+02  2.53707E+02  2.01654E+02
  3.91242E+02  2.53729E+02  2.01655E+02
  3.90484E+02  2.53751E+02  2.01655E+02
  3.89739E+02  2.53773E+02  2.01655E+02
  3.89007E+02  2.53794E+02  2.01655E+02
  3.88288E+02  2.53816E+02  2.01655E+02
  3.87585E+02  2.53838E+02  2.01655E+02
  3.86895E+02  2.53860E+02  2.01656E+02
  3.86219E+02  2.53883E+02  2.01656E+02
  3.85559E+02  2.53905E+02  2.01656E+02
  3.84913E+02  2.53927E+02  2.01656E+02
  3.84278E+02  2.53950E+02  2.01656E+02
  3.83661E+02  2.53972E+02  2.01656E+02
  3.83065E+02  2.53994E+02  2.01656E+02
  3.82519E+02  2.54017E+02  2.01656E+02
  3.82003E+02  2.54040E+02  2.01656E+02
  3.81499E+02  2.54062E+02  2.01656E+02
  3.80998E+02  2.54085E+02  2.01656E+02
  3.80497E+02  2.54108E+02  2.01656E+02
  3.79999E+02  2.54131E+02  2.01656E+02
  3.79501E+02  2.54154E+02  2.01656E+02
  3.79009E+02  2.54177E+02  2.01656E+02
  3.78525E+02  2.54200E+02  2.01656E+02
  3.78047E+02  2.54224E+02  2.01655E+02
  3.77574E+02  2.54247E+02  2.01655E+02
  3.77108E+02  2.54271E+02  2.01655E+02
  3.76649E+02  2.54294E+02  2.01655E+02
  3.76198E+02  2.54318E+02  2.01655E+02
  3.75754E+02  2.54342E+02  2.01655E+02
  3.75317E+02  2.54366E+02  2.01655E+02
  3.74890E+02  2.54390E+02  2.01655E+02
  3.74469E+02  2.54414E+02  2.01655E+02
  3.74052E+02  2.54438E+02  2.01655E+02
  3.73642E+02  2.54462E+02  2.01655E+02
  3.73239E+02  2.54486E+02  2.01655E+02
  3.72912E+02  2.54511E+02  2.01655E+02
  3.72612E+02  2.54535E+02  2.01655E+02
  3.72326E+02  2.54560E+02  2.01655E+02
  3.72112E+02  2.54584E+02  2.01655E+02
  3.71910E+02  2.54609E+02  2.01654E+02
  3.71684E+02  2.54634E+02  2.01654E+02
  3.71430E+02  2.54659E+02  2.01654E+02
  3.71154E+02  2.54684E+02  2.01654E+02
  3.70861E+02  2.54709E+02  2.01654E+02
  3.70557E+02  2.54735E+02  2.01654E+02
  3.70247E+02  2.54760E+02  2.01654E+02
  3.69933E+02  2.54786E+02  2.01654E+02
  3.69619E+02  2.54811E+02  2.01654E+02
  3.69304E+02  2.54837E+02  2.01654E+02
  3.68989E+02  2.54863E+02  2.01654E+02
  3.68676E+02  2.54889E+02  2.01654E+02
  3.68366E+02  2.54914E+02  2.01654E+02
  3.68057E+02  2.54940E+02  2.01654E+02
  3.67749E+02  2.54967E+02  2.01654E+02
  3.67442E+02  2.54993E+02  2.01653E+02
  3.67137E+02  2.55019E+02  2.01653E+02
  3.66834E+02  2.55046E+02  2.01653E+02
  3.66533E+02  2.55073E+02  2.01653E+02
  3.66235E+02  2.55099E+02  2.01653E+02
  3.65938E+02  2.55126E+02  2.01653E+02
  3.65644E+02  2.55153E+02  2.01653E+02
  3.65352E+02  2.55180E+02  2.01653E+02
  3.65061E+02  2.55207E+02  2.01653E+02
  3.64774E+02  2.55234E+02  2.01653E+02
  3.64488E+02  2.55262E+02  2.01653E+02
  3.64204E+02  2.55289E+02  2.01653E+02
  3.63923E+02  2.55317E+02  2.01653E+02
  3.63644E+02  2.55344E+02  2.01653E+02
  3.63367E+02  2.55372E+02  2.01652E+02
  3.63092E+02  2.55400E+02  2.01652E+02
  3.62819E+02  2.55428E+02  2.01652E+02
  3.62548E+02  2.55456E+02  2.01652E+02
  3.62279E+02  2.55484E+02  2.01652E+02
  3.62012E+02  2.55512E+02  2.01652E+02
  3.61747E+02  2.55540E+02  2.01652E+02
  3.61484E+02  2.55569E+02  2.01652E+02
  3.61225E+02  2.55597E+02  2.01652E+02
  3.60967E+02  2.55626E+02  2.01652E+02
  3.60711E+02  2.55654E+02  2.01652E+02
  3.60456E+02  2.55683E+02  2.01652E+02
  3.60203E+02  2.55712E+02  2.01652E+02
  3.59951E+02  2.55741E+02  2.01652E+02
  3.59702E+02  2.55770E+02  2.01652E+02
  3.59454E+02  2.55799E+02  2.01651E+02
  3.59208E+02  2.55828E+02  2.01651E+02
  3.58963E+02  2.55857E+02  2.01651E+02
  3.58720E+02  2.55887E+02  2.01651E+02
  3.58478E+02  2.55916E+02  2.01651E+02
  3.58238E+02  2.55946E+02  2.01651E+02
  3.57999E+02  2.55975E+02  2.01651E+02
  3.57762E+02  2.56005E+02  2.01651E+02
  3.57526E+02  2.56035E+02  2.01651E+02
  3.57293E+02  2.56064E+02  2.01651E+02
  3.57061E+02  2.56094E+02  2.01651E+02
  3.56830E+02  2.56124E+02  2.01651E+02
  3.56601E+02  2.56154E+02  2.01651E+02
  3.56373E+02  2.56184E+02  2.01651E+02
  3.56147E+02  2.56214E+02  2.01651E+02
  3.55922E+02  2.56245E+02  2.01650E+02
  3.55699E+02  2.56275E+02  2.01650E+02
  3.55477E+02  2.56306E+02  2.01650E+02
  3.55256E+02  2.56336E+02  2.01650E+02
  3.55037E+02  2.56367E+02  2.01650E+02
  3.54818E+02  2.56397E+02  2.01650E+02
  3.54602E+02  2.56428E+02  2.01650E+02
  3.54392E+02  2.56459E+02  2.01650E+02
  3.54190E+02  2.56489E+02  2.01650E+02
  3.53991E+02  2.56520E+02  2.01650E+02
  3.53792E+02  2.56551E+02  2.01650E+02
  3.53592E+02  2.56582E+02  2.01650E+02
  3.53392E+02  2.56613E+02  2.01650E+02
  3.53190E+02  2.56644E+02  2.01650E+02
  3.52989E+02  2.56676E+02  2.01649E+02
  3.52787E+02  2.56707E+02  2.01649E+02
  3.52585E+02  2.56738E+02  2.01649E+02
  3.52383E+02  2.56770E+02  2.01649E+02
  3.52182E+02  2.56801E+02  2.01649E+02
  3.51982E+02  2.56832E+02  2.01649E+02
  3.51783E+02  2.56864E+02  2.01649E+02
  3.51584E+02  2.56895E+02  2.01649E+02
  3.51386E+02  2.56927E+02  2.01649E+02
  3.51188E+02  2.56958E+02  2.01649E+02
  3.50991E+02  2.56990E+02  2.01649E+02
  3.50794E+02  2.57022E+02  2.01649E+02
  3.50599E+02  2.57054E+02  2.01649E+02
  3.50404E+02  2.57086E+02  2.01649E+02
  3.50209E+02  2.57118E+02  2.01649E+02
  3.50016E+02  2.57150E+02  2.01648E+02
  3.49824E+02  2.57182E+02  2.01648E+02
  3.49633E+02  2.57213E+02  2.01648E+02
  3.49443E+02  2.57245E+02  2.01648E+02
  3.49253E+02  2.57278E+02  2.01648E+02
  3.49064E+02  2.57310E+02  2.01648E+02
  3.48875E+02  2.57342E+02  2.01648E+02
  3.48687E+02  2.57374E+02  2.01648E+02
  3.48501E+02  2.57407E+02  2.01648E+02
  3.48316E+02  2.57439E+02  2.01648E+02
  3.48132E+02  2.57471E+02  2.01648E+02
  3.47949E+02  2.57504E+02  2.01648E+02
  3.47767E+02  2.57536E+02  2.01648E+02
  3.47585E+02  2.57568E+02  2.01648E+02
  3.47404E+02  2.57601E+02  2.01648E+02
  3.47225E+02  2.57633E+02  2.01647E+02
  3.47046E+02  2.57666E+02  2.01647E+02
  3.46868E+02  2.57698E+02  2.01647E+02
  3.46690E+02  2.57731E+02  2.01647E+02
  3.46512E+02  2.57763E+02  2.01647E+02
  3.46334E+02  2.57796E+02  2.01647E+02
  3.46158E+02  2.57829E+02  2.01647E+02
  3.45982E+02  2.57862E+02  2.01647E+02
  3.45806E+02  2.57894E+02  2.01647E+02
  3.45631E+02  2.57927E+02  2.01647E+02
  3.45456E+02  2.57960E+02  2.01647E+02
  3.45283E+02  2.57993E+02  2.01647E+02
  3.45109E+02  2.58025E+02  2.01647E+02
  3.44937E+02  2.58058E+02  2.01647E+02
  3.44764E+02  2.58091E+02  2.01646E+02
  3.44593E+02  2.58124E+02  2.01646E+02
  3.44422E+02  2.58157E+02  2.01646E+02
  3.44252E+02  2.58190E+02  2.01646E+02
  3.44082E+02  2.58223E+02  2.01646E+02
  3.43913E+02  2.58256E+02  2.01646E+02
  3.43744E+02  2.58289E+02  2.01646E+02
  3.43576E+02  2.58321E+02  2.01646E+02
  3.43409E+02  2.58354E+02  2.01646E+02
  3.43243E+02  2.58387E+02  2.01646E+02
  3.43077E+02  2.58420E+02  2.01646E+02
  3.42911E+02  2.58453E+02  2.01646E+02
  3.42746E+02  2.58486E+02  2.01646E+02
  3.42581E+02  2.58519E+02  2.01646E+02
  3.42417E+02  2.58552E+02  2.01646E+02
  3.47457E+02  2.58585E+02  2.01653E+02
  3.55232E+02  2.58618E+02  2.01665E+02
  3.63362E+02  2.58652E+02  2.01679E+02
  3.70320E+02  2.58686E+02  2.01691E+02
  3.76292E+02  2.58720E+02  2.01701E+02
  3.81356E+02  2.58754E+02  2.01710E+02
  3.85590E+02  2.58789E+02  2.01718E+02
  3.89799E+02  2.58823E+02  2.01725E+02
  3.93451E+02  2.58858E+02  2.01731E+02
  3.96412E+02  2.58893E+02  2.01737E+02
  3.98726E+02  2.58928E+02  2.01741E+02
  4.00484E+02  2.58963E+02  2.01745E+02
  4.01775E+02  2.58998E+02  2.01749E+02
  4.02674E+02  2.59033E+02  2.01752E+02
  4.03249E+02  2.59068E+02  2.01755E+02
  4.03563E+02  2.59103E+02  2.01757E+02
  4.03679E+02  2.59139E+02  2.01759E+02
  4.03639E+02  2.59174E+02  2.01761E+02
  4.03468E+02  2.59209E+02  2.01762E+02
  4.03181E+02  2.59245E+02  2.01764E+02
  4.02794E+02  2.59281E+02  2.01765E+02
  4.02320E+02  2.59316E+02  2.01766E+02
  4.01772E+02  2.59352E+02  2.01767E+02
  4.01165E+02  2.59387E+02  2.01768E+02
  4.00507E+02  2.59423E+02  2.01768E+02
  3.99810E+02  2.59459E+02  2.01769E+02
  3.99086E+02  2.59495E+02  2.01769E+02
  3.98335E+02  2.59531E+02  2.01770E+02
  3.97571E+02  2.59567E+02  2.01770E+02
  3.96808E+02  2.59603E+02  2.01771E+02
  3.96055E+02  2.59639E+02  2.01771E+02
  3.95319E+02  2.59675E+02  2.01771E+02
  3.94592E+02  2.59711E+02  2.01771E+02
  3.93873E+02  2.59747E+02  2.01771E+02
  3.93155E+02  2.59784E+02  2.01772E+02
  3.92439E+02  2.59820E+02  2.01772E+02
  3.91724E+02  2.59857E+02  2.01772E+02
  3.91656E+02  2.59893E+02  2.01775E+02
  3.91533E+02  2.59930E+02  2.01778E+02
  3.91371E+02  2.59967E+02  2.01780E+02
  3.91205E+02  2.60004E+02  2.01782E+02
  3.91023E+02  2.60040E+02  2.01784E+02
  3.90810E+02  2.60078E+02  2.01786E+02
  3.90562E+02  2.60115E+02  2.01787E+02
  3.90279E+02  2.60152E+02  2.01788E+02
  3.89966E+02  2.60190E+02  2.01789E+02
  3.89628E+02  2.60227E+02  2.01790E+02
  3.89269E+02  2.60265E+02  2.01791E+02
  3.88891E+02  2.60303E+02  2.01792E+02
  3.88499E+02  2.60341E+02  2.01792E+02
  3.88095E+02  2.60379E+02  2.01793E+02
  3.87682E+02  2.60416E+02  2.01793E+02
  3.87261E+02  2.60455E+02  2.01794E+02
  3.86830E+02  2.60493E+02  2.01794E+02
  3.86395E+02  2.60531E+02  2.01794E+02
  3.85954E+02  2.60570E+02  2.01795E+02
  3.85513E+02  2.60608E+02  2.01795E+02
  3.85068E+02  2.60647E+02  2.01795E+02
  3.84621E+02  2.60686E+02  2.01795E+02
  3.84216E+02  2.60725E+02  2.01795E+02
  3.83850E+02  2.60763E+02  2.01795E+02
  3.83493E+02  2.60802E+02  2.01795E+02
  3.83127E+02  2.60842E+02  2.01795E+02
  3.82745E+02  2.60881E+02  2.01795E+02
  3.82352E+02  2.60920E+02  2.01795E+02
  3.81948E+02  2.60960E+02  2.01796E+02
  3.81536E+02  2.61000E+02  2.01796E+02
  3.81119E+02  2.61040E+02  2.01796E+02
  3.80700E+02  2.61080E+02  2.01795E+02
  3.80296E+02  2.61120E+02  2.01795E+02
  3.79939E+02  2.61160E+02  2.01795E+02
  3.79611E+02  2.61200E+02  2.01795E+02
  3.79291E+02  2.61241E+02  2.01795E+02
  3.78965E+02  2.61282E+02  2.01795E+02
  3.78628E+02  2.61324E+02  2.01795E+02
  3.79026E+02  2.61366E+02  2.01799E+02
  3.79391E+02  2.61408E+02  2.01802E+02
  3.79707E+02  2.61451E+02  2.01804E+02
  3.79961E+02  2.61494E+02  2.01806E+02
  3.80145E+02  2.61537E+02  2.01808E+02
  3.80261E+02  2.61580E+02  2.01810E+02
  3.80312E+02  2.61624E+02  2.01811E+02
  3.80300E+02  2.61668E+02  2.01813E+02
  3.80233E+02  2.61712E+02  2.01814E+02
  3.80116E+02  2.61756E+02  2.01815E+02
  3.79955E+02  2.61801E+02  2.01815E+02
  3.79755E+02  2.61846E+02  2.01816E+02
  3.79520E+02  2.61891E+02  2.01817E+02
  3.79256E+02  2.61937E+02  2.01817E+02
  3.78965E+02  2.61982E+02  2.01818E+02
  3.78652E+02  2.62028E+02  2.01818E+02
  3.78320E+02  2.62074E+02  2.01818E+02
  3.77970E+02  2.62120E+02  2.01819E+02
  3.77605E+02  2.62167E+02  2.01819E+02
  3.77229E+02  2.62213E+02  2.01819E+02
  3.76840E+02  2.62260E+02  2.01819E+02
  3.76442E+02  2.62306E+02  2.01819E+02
  3.76037E+02  2.62353E+02  2.01820E+02
  3.75625E+02  2.62400E+02  2.01820E+02
  3.75208E+02  2.62447E+02  2.01820E+02
  3.74787E+02  2.62495E+02  2.01820E+02
  3.74363E+02  2.62542E+02  2.01820E+02
  3.73936E+02  2.62589E+02  2.01820E+02
  3.73509E+02  2.62637E+02  2.01820E+02
  3.73081E+02  2.62684E+02  2.01820E+02
  3.72653E+02  2.62732E+02  2.01820E+02
  3.72226E+02  2.62779E+02  2.01820E+02
  3.71800E+02  2.62827E+02  2.01820E+02
  3.71375E+02  2.62875E+02  2.01820E+02
  3.70953E+02  2.62923E+02  2.01820E+02
  3.70532E+02  2.62970E+02  2.01820E+02
  3.70115E+02  2.63018E+02  2.01820E+02
  3.69700E+02  2.63066E+02  2.01820E+02
  3.69288E+02  2.63114E+02  2.01820E+02
  3.68879E+02  2.63162E+02  2.01820E+02
  3.68478E+02  2.63210E+02  2.01820E+02
  3.68090E+02  2.63258E+02  2.01820E+02
  3.67715E+02  2.63305E+02  2.01819E+02
  3.67346E+02  2.63353E+02  2.01819E+02
  3.66980E+02  2.63401E+02  2.01819E+02
  3.66617E+02  2.63449E+02  2.01819E+02
  3.66252E+02  2.63496E+02  2.01819E+02
  3.65887E+02  2.63544E+02  2.01819E+02
  3.65525E+02  2.63592E+02  2.01819E+02
  3.65163E+02  2.63639E+02  2.01819E+02
  3.64803E+02  2.63687E+02  2.01819E+02
  3.64445E+02  2.63735E+02  2.01819E+02
  3.64092E+02  2.63782E+02  2.01819E+02
  3.63741E+02  2.63829E+02  2.01819E+02
  3.63394E+02  2.63876E+02  2.01819E+02
  3.63049E+02  2.63923E+02  2.01819E+02
  3.62707E+02  2.63971E+02  2.01819E+02
  3.62368E+02  2.64018E+02  2.01819E+02
  3.62033E+02  2.64065E+02  2.01819E+02
  3.61701E+02  2.64112E+02  2.01818E+02
  3.61372E+02  2.64159E+02  2.01818E+02
  3.61047E+02  2.64206E+02  2.01818E+02
  3.60725E+02  2.64253E+02  2.01818E+02
  3.60406E+02  2.64299E+02  2.01818E+02
  3.60089E+02  2.64346E+02  2.01818E+02
  3.59776E+02  2.64393E+02  2.01818E+02
  3.59465E+02  2.64439E+02  2.01818E+02
  3.59156E+02  2.64485E+02  2.01818E+02
  3.58851E+02  2.64532E+02  2.01818E+02
  3.58548E+02  2.64578E+02  2.01818E+02
  3.58247E+02  2.64624E+02  2.01818E+02
  3.57949E+02  2.64670E+02  2.01818E+02
  3.57653E+02  2.64716E+02  2.01818E+02
  3.57360E+02  2.64761E+02  2.01818E+02
  3.57069E+02  2.64807E+02  2.01818E+02
  3.56780E+02  2.64852E+02  2.01817E+02
  3.56493E+02  2.64898E+02  2.01817E+02
  3.56209E+02  2.64943E+02  2.01817E+02
  3.55927E+02  2.64988E+02  2.01817E+02
  3.55647E+02  2.65033E+02  2.01817E+02
  3.55370E+02  2.65078E+02  2.01817E+02
  3.55094E+02  2.65123E+02  2.01817E+02
  3.54821E+02  2.65167E+02  2.01817E+02
  3.54549E+02  2.65212E+02  2.01817E+02
  3.54280E+02  2.65256E+02  2.01817E+02
  3.54012E+02  2.65301E+02  2.01817E+02
  3.53746E+02  2.65345E+02  2.01817E+02
  3.53483E+02  2.65389E+02  2.01817E+02
  3.53221E+02  2.65433E+02  2.01817E+02
  3.52961E+02  2.65476E+02  2.01817E+02
  3.52703E+02  2.65520E+02  2.01817E+02
  3.52446E+02  2.65563E+02  2.01816E+02
  3.52192E+02  2.65607E+02  2.01816E+02
  3.51939E+02  2.65650E+02  2.01816E+02
  3.51687E+02  2.65693E+02  2.01816E+02
  3.51438E+02  2.65736E+02  2.01816E+02
  3.51191E+02  2.65778E+02  2.01816E+02
  3.50946E+02  2.65821E+02  2.01816E+02
  3.50701E+02  2.65863E+02  2.01816E+02
  3.50458E+02  2.65906E+02  2.01816E+02
  3.50216E+02  2.65948E+02  2.01816E+02
  3.49976E+02  2.65990E+02  2.01816E+02
  3.49738E+02  2.66032E+02  2.01816E+02
  3.49500E+02  2.66074E+02  2.01816E+02
  3.49265E+02  2.66115E+02  2.01816E+02
  3.49032E+02  2.66156E+02  2.01816E+02
  3.48799E+02  2.66198E+02  2.01816E+02
  3.48596E+02  2.66239E+02  2.01816E+02
  3.56043E+02  2.66280E+02  2.01828E+02
  3.69862E+02  2.66323E+02  2.01846E+02
  3.85081E+02  2.66372E+02  2.01862E+02
  3.98970E+02  2.66425E+02  2.01876E+02
  4.11468E+02  2.66480E+02  2.01888E+02
  4.22450E+02  2.66538E+02  2.01898E+02
  4.31883E+02  2.66596E+02  2.01908E+02
  4.39839E+02  2.66656E+02  2.01916E+02
  4.46449E+02  2.66716E+02  2.01923E+02
  4.51880E+02  2.66777E+02  2.01929E+02
  4.56277E+02  2.66840E+02  2.01935E+02
  4.59794E+02  2.66903E+02  2.01939E+02
  4.65563E+02  2.66971E+02  2.01953E+02
  4.72318E+02  2.67072E+02  2.01969E+02
  4.79596E+02  2.67249E+02  2.01984E+02
  4.85946E+02  2.67456E+02  2.01997E+02
  4.91363E+02  2.67674E+02  2.02009E+02
  4.95807E+02  2.67897E+02  2.02019E+02
  4.99298E+02  2.68122E+02  2.02028E+02
  5.01907E+02  2.68345E+02  2.02035E+02
  5.03723E+02  2.68567E+02  2.02042E+02
  5.04859E+02  2.68790E+02  2.02048E+02
  5.05425E+02  2.69013E+02  2.02053E+02
  5.14636E+02  2.69261E+02  2.02073E+02
  5.23255E+02  2.69539E+02  2.02091E+02
  5.31285E+02  2.69836E+02  2.02106E+02
  5.38456E+02  2.70146E+02  2.02120E+02
  5.44636E+02  2.70462E+02  2.02132E+02
  5.53841E+02  2.70795E+02  2.02149E+02
  5.67832E+02  2.71165E+02  2.02173E+02
  5.80772E+02  2.71566E+02  2.02195E+02
  5.94001E+02  2.71995E+02  2.02214E+02
  6.06591E+02  2.72445E+02  2.02233E+02
  6.19898E+02  2.72917E+02  2.02251E+02
  6.31499E+02  2.73403E+02  2.02267E+02
  6.41431E+02  2.73900E+02  2.02281E+02
  6.49733E+02  2.74405E+02  2.02294E+02
  6.56459E+02  2.74913E+02  2.02306E+02
  6.61699E+02  2.75420E+02  2.02317E+02
  6.65590E+02  2.75921E+02  2.02326E+02
  6.68302E+02  2.93813E+02  2.02335E+02
  6.77794E+02  3.06108E+02  2.02355E+02
  6.86357E+02  3.11648E+02  2.02372E+02
  6.94029E+02  3.14671E+02  2.02388E+02
  7.00618E+02  3.16464E+02  2.02403E+02
  7.10798E+02  3.18585E+02  2.02422E+02
  7.27649E+02  3.22324E+02  2.02456E+02
  7.43349E+02  3.26227E+02  2.02488E+02
  7.57674E+02  3.30052E+02  2.02518E+02
  7.70315E+02  3.41755E+02  2.02545E+02
  7.81127E+02  3.49749E+02  2.02569E+02
  7.90183E+02  3.54480E+02  2.02592E+02
  7.97600E+02  3.57276E+02  2.02612E+02
  8.03462E+02  3.58843E+02  2.02631E+02
  8.07889E+02  3.59601E+02  2.02648E+02
  8.11074E+02  3.59877E+02  2.02664E+02
  8.13238E+02  3.59892E+02  2.02679E+02
  8.14549E+02  3.59739E+02  2.02693E+02
  8.15112E+02  3.59681E+02  2.02706E+02
  8.16400E+02  3.60347E+02  2.02720E+02
  8.16954E+02  3.60982E+02  2.02733E+02
  8.16872E+02  3.61505E+02  2.02745E+02
  8.16216E+02  3.61799E+02  2.02756E+02
  8.15052E+02  3.63444E+02  2.02766E+02
  8.13448E+02  3.67695E+02  2.02776E+02
  8.11471E+02  3.69895E+02  2.02786E+02
  8.09177E+02  3.70701E+02  2.02794E+02
  8.06616E+02  3.70788E+02  2.02803E+02
  8.03832E+02  3.70516E+02  2.02811E+02
  8.00865E+02  3.70064E+02  2.02818E+02
  7.97823E+02  3.69526E+02  2.02826E+02
  8.00961E+02  3.70566E+02  2.02844E+02
  8.03853E+02  3.73772E+02  2.02861E+02
  8.06584E+02  3.77212E+02  2.02877E+02
  8.08984E+02  3.79909E+02  2.02892E+02
  8.10933E+02  3.81838E+02  2.02906E+02
  8.12353E+02  3.83140E+02  2.02919E+02
  8.13206E+02  3.83947E+02  2.02930E+02
  8.13507E+02  3.84402E+02  2.02942E+02
  8.13292E+02  3.84603E+02  2.02952E+02
  8.12609E+02  3.85144E+02  2.02962E+02
  8.11518E+02  3.85799E+02  2.02971E+02
  8.12180E+02  3.86782E+02  2.02984E+02
  8.12394E+02  3.87690E+02  2.02997E+02
  8.12246E+02  3.88377E+02  2.03008E+02
  8.11744E+02  3.90003E+02  2.03019E+02
  8.10905E+02  3.92456E+02  2.03029E+02
  8.09750E+02  3.94242E+02  2.03038E+02
  8.08322E+02  3.95365E+02  2.03047E+02
  8.06685E+02  3.96387E+02  2.03056E+02
  8.04892E+02  3.97224E+02  2.03064E+02
  8.02975E+02  3.97873E+02  2.03071E+02
  8.00946E+02  3.98334E+02  2.03079E+02
  7.98823E+02  3.98672E+02  2.03086E+02
  7.96639E+02  3.99033E+02  2.03092E+02
  7.94425E+02  3.99394E+02  2.03098E+02
  7.92196E+02  3.99695E+02  2.03104E+02
  7.90128E+02  3.99932E+02  2.03111E+02
  7.88803E+02  4.00215E+02  2.03119E+02
  7.87334E+02  4.00440E+02  2.03126E+02
  7.85755E+02  4.00557E+02  2.03133E+02
  7.84069E+02  4.00578E+02  2.03139E+02
  7.82285E+02  4.00520E+02  2.03145E+02
  7.80412E+02  4.00399E+02  2.03151E+02
  7.78462E+02  4.00227E+02  2.03158E+02
  7.76444E+02  4.00015E+02  2.03165E+02
  7.74370E+02  3.99768E+02  2.03171E+02
  7.72250E+02  3.99493E+02  2.03177E+02
  7.70091E+02  3.99196E+02  2.03183E+02
  7.67903E+02  3.98883E+02  2.03188E+02
  7.66002E+02  3.98616E+02  2.03196E+02
  7.64058E+02  3.98347E+02  2.03203E+02
  7.62085E+02  3.98068E+02  2.03209E+02
  7.60086E+02  3.97779E+02  2.03216E+02
  7.58066E+02  3.97483E+02  2.03221E+02
  7.56028E+02  3.97181E+02  2.03227E+02
  7.53973E+02  3.96873E+02  2.03232E+02
  7.51908E+02  3.96561E+02  2.03237E+02
  7.49833E+02  3.96244E+02  2.03242E+02
  7.47753E+02  3.95924E+02  2.03247E+02
  7.45668E+02  3.95601E+02  2.03251E+02
  7.43582E+02  3.95274E+02  2.03255E+02
  7.41497E+02  3.94946E+02  2.03259E+02
  7.39414E+02  3.94615E+02  2.03263E+02
  7.37337E+02  3.94441E+02  2.03267E+02
  7.35268E+02  3.94691E+02  2.03271E+02
  7.40189E+02  3.97314E+02  2.03292E+02
  7.53209E+02  4.05974E+02  2.03328E+02
  7.66237E+02  4.16794E+02  2.03363E+02
  7.78988E+02  4.27305E+02  2.03394E+02
  7.90992E+02  4.36529E+02  2.03423E+02
  8.01913E+02  4.44035E+02  2.03448E+02
  8.11588E+02  4.49814E+02  2.03472E+02
  8.19957E+02  4.54030E+02  2.03493E+02
  8.27020E+02  4.56898E+02  2.03513E+02
  8.32838E+02  4.58682E+02  2.03531E+02
  8.37507E+02  4.59639E+02  2.03548E+02
  8.41135E+02  4.59973E+02  2.03563E+02
  8.43829E+02  4.59840E+02  2.03577E+02
  8.45694E+02  4.59367E+02  2.03591E+02
  8.48113E+02  4.59029E+02  2.03608E+02
  8.49804E+02  4.58639E+02  2.03629E+02
  8.50892E+02  4.58243E+02  2.03648E+02
  8.51443E+02  4.58011E+02  2.03666E+02
  8.51523E+02  4.57811E+02  2.03684E+02
  8.57965E+02  4.61007E+02  2.03722E+02
  8.72773E+02  4.71120E+02  2.03802E+02
  8.92461E+02  4.86916E+02  2.03907E+02
  9.11870E+02  5.03811E+02  2.04018E+02
  9.30465E+02  5.19209E+02  2.04126E+02
  9.47709E+02  5.32075E+02  2.04227E+02
  9.63476E+02  5.42360E+02  2.04328E+02
  9.77592E+02  5.50234E+02  2.04421E+02
  9.94158E+02  5.58418E+02  2.04527E+02
  1.01393E+03  5.68825E+02  2.04652E+02
  1.03225E+03  5.79363E+02  2.04776E+02
  1.04896E+03  5.88597E+02  2.04894E+02
  1.06381E+03  5.95932E+02  2.05003E+02
  1.07667E+03  6.01276E+02  2.05102E+02
  1.08754E+03  6.04762E+02  2.05191E+02
  1.09646E+03  6.06722E+02  2.05271E+02
  1.10354E+03  6.07495E+02  2.05343E+02
  1.10896E+03  6.07322E+02  2.05407E+02
  1.11287E+03  6.06990E+02  2.05465E+02
  1.11547E+03  6.06467E+02  2.05518E+02
  1.11691E+03  6.05513E+02  2.05566E+02
  1.11735E+03  6.04049E+02  2.05609E+02
  1.11692E+03  6.02126E+02  2.05648E+02
  1.11574E+03  5.99840E+02  2.05684E+02
  1.11393E+03  5.97289E+02  2.05717E+02
  1.11158E+03  5.94555E+02  2.05747E+02
  1.10916E+03  5.91825E+02  2.05776E+02
  1.10632E+03  5.89057E+02  2.05802E+02
  1.10314E+03  5.86254E+02  2.05826E+02
  1.09967E+03  5.83438E+02  2.05849E+02
  1.09597E+03  5.80762E+02  2.05870E+02
  1.09208E+03  5.78485E+02  2.05890E+02
  1.08806E+03  5.76604E+02  2.05908E+02
  1.08405E+03  5.75030E+02  2.05925E+02
  1.08092E+03  5.73833E+02  2.05942E+02
  1.07765E+03  5.72730E+02  2.05957E+02
  1.07431E+03  5.71607E+02  2.05972E+02
  1.07090E+03  5.70517E+02  2.05986E+02
  1.06742E+03  5.69453E+02  2.05999E+02
  1.06389E+03  5.68350E+02  2.06012E+02
  1.06031E+03  5.67168E+02  2.06024E+02
  1.05688E+03  5.65974E+02  2.06036E+02
  1.05376E+03  5.64829E+02  2.06048E+02
  1.05057E+03  5.63654E+02  2.06060E+02
  1.04732E+03  5.62435E+02  2.06071E+02
  1.04681E+03  5.62145E+02  2.06084E+02
  1.04598E+03  5.62340E+02  2.06100E+02
  1.04495E+03  5.62692E+02  2.06115E+02
  1.04371E+03  5.62945E+02  2.06130E+02
  1.04223E+03  5.62968E+02  2.06143E+02
  1.04053E+03  5.62762E+02  2.06158E+02
  1.03864E+03  5.62349E+02  2.06173E+02
  1.03656E+03  5.61757E+02  2.06187E+02
  1.03430E+03  5.61020E+02  2.06200E+02
  1.03189E+03  5.60178E+02  2.06212E+02
  1.02934E+03  5.59266E+02  2.06224E+02
  1.02667E+03  5.58327E+02  2.06235E+02
  1.02389E+03  5.57420E+02  2.06246E+02
  1.02103E+03  5.56545E+02  2.06256E+02
  1.01809E+03  5.55672E+02  2.06266E+02
  1.01510E+03  5.54774E+02  2.06275E+02
  1.01206E+03  5.53836E+02  2.06285E+02
  1.00898E+03  5.52868E+02  2.06294E+02
  1.00587E+03  5.51885E+02  2.06302E+02
  1.00275E+03  5.50904E+02  2.06311E+02
  9.99607E+02  5.49961E+02  2.06319E+02
  9.96466E+02  5.49087E+02  2.06327E+02
  9.93327E+02  5.48274E+02  2.06334E+02
  9.90198E+02  5.47488E+02  2.06342E+02
  9.87081E+02  5.46699E+02  2.06349E+02
  9.83981E+02  5.45899E+02  2.06356E+02
  9.80900E+02  5.45103E+02  2.06363E+02
  9.80918E+02  5.45181E+02  2.06374E+02
  9.82868E+02  5.46512E+02  2.06387E+02
  9.93698E+02  5.52918E+02  2.06412E+02
  1.00395E+03  5.61417E+02  2.06435E+02
  1.01365E+03  5.69932E+02  2.06457E+02
  1.02250E+03  5.77412E+02  2.06477E+02
  1.03035E+03  5.83528E+02  2.06495E+02
  1.03711E+03  5.88265E+02  2.06513E+02
  1.04281E+03  5.91788E+02  2.06529E+02
  1.04749E+03  5.94287E+02  2.06544E+02
  1.05121E+03  5.95949E+02  2.06559E+02
  1.05406E+03  5.96932E+02  2.06572E+02
  1.05613E+03  5.97366E+02  2.06585E+02
  1.05747E+03  5.97359E+02  2.06598E+02
  1.05818E+03  5.96998E+02  2.06609E+02
  1.05833E+03  5.96356E+02  2.06620E+02
  1.05798E+03  5.95518E+02  2.06631E+02
  1.05719E+03  5.94548E+02  2.06641E+02
  1.05603E+03  5.93480E+02  2.06651E+02
  1.05454E+03  5.92328E+02  2.06660E+02
  1.05277E+03  5.91102E+02  2.06670E+02
  1.05076E+03  5.89813E+02  2.06678E+02
  1.04855E+03  5.88474E+02  2.06687E+02
  1.04616E+03  5.87096E+02  2.06695E+02
  1.04363E+03  5.85688E+02  2.06703E+02
  1.04098E+03  5.84270E+02  2.06711E+02
  1.03822E+03  5.82855E+02  2.06719E+02
  1.03538E+03  5.81452E+02  2.06726E+02
  1.03248E+03  5.80061E+02  2.06733E+02
  1.05004E+03  5.83980E+02  2.06771E+02
  1.06520E+03  5.89707E+02  2.06806E+02
  1.07893E+03  5.95627E+02  2.06837E+02
  1.09254E+03  6.01862E+02  2.06867E+02
  1.10466E+03  6.07727E+02  2.06894E+02
  1.11528E+03  6.12874E+02  2.06920E+02
  1.12443E+03  6.17264E+02  2.06944E+02
  1.13219E+03  6.20915E+02  2.06966E+02
  1.13867E+03  6.23928E+02  2.06987E+02
  1.14398E+03  6.26405E+02  2.07006E+02
  1.14825E+03  6.28427E+02  2.07025E+02
  1.15158E+03  6.30053E+02  2.07042E+02
  1.15406E+03  6.31325E+02  2.07059E+02
  1.15580E+03  6.32271E+02  2.07075E+02
  1.15688E+03  6.32922E+02  2.07090E+02
  1.15738E+03  6.33306E+02  2.07105E+02
  1.15736E+03  6.33453E+02  2.07119E+02
  1.15689E+03  6.33393E+02  2.07132E+02
  1.15602E+03  6.33152E+02  2.07145E+02
  1.15481E+03  6.32757E+02  2.07157E+02
  1.15329E+03  6.32232E+02  2.07170E+02
  1.15151E+03  6.31598E+02  2.07181E+02
  1.14950E+03  6.30876E+02  2.07193E+02
  1.14730E+03  6.30087E+02  2.07204E+02
  1.14493E+03  6.29247E+02  2.07215E+02
  1.14243E+03  6.28370E+02  2.07238E+02
  1.13984E+03  6.27480E+02  2.07260E+02
  1.13714E+03  6.26567E+02  2.07280E+02
  1.13436E+03  6.25637E+02  2.07299E+02
  1.13150E+03  6.24693E+02  2.07317E+02
  1.12859E+03  6.23738E+02  2.07334E+02
  1.12563E+03  6.22769E+02  2.07351E+02
  1.12263E+03  6.21794E+02  2.07366E+02
  1.11960E+03  6.20821E+02  2.07381E+02
  1.11654E+03  6.19863E+02  2.07395E+02
  1.11347E+03  6.18925E+02  2.07409E+02
  1.11039E+03  6.18008E+02  2.07422E+02
  1.10730E+03  6.17108E+02  2.07435E+02
  1.10421E+03  6.16217E+02  2.07447E+02
  1.10113E+03  6.15329E+02  2.07459E+02
  1.09805E+03  6.14437E+02  2.07471E+02
  1.09498E+03  6.13538E+02  2.07482E+02
  1.09192E+03  6.12628E+02  2.07493E+02
  1.08887E+03  6.11707E+02  2.07503E+02
  1.08583E+03  6.10776E+02  2.07514E+02
  1.08818E+03  6.11285E+02  2.07524E+02
  1.08996E+03  6.12237E+02  2.07534E+02
  1.09368E+03  6.13840E+02  2.07543E+02
  1.10155E+03  6.16750E+02  2.07559E+02
  1.11096E+03  6.20568E+02  2.07576E+02
  1.11906E+03  6.24408E+02  2.07592E+02
  1.12605E+03  6.27945E+02  2.07607E+02
  1.13197E+03  6.31061E+02  2.07622E+02
  1.13685E+03  6.33721E+02  2.07636E+02
  1.14076E+03  6.35943E+02  2.07649E+02
  1.14377E+03  6.37767E+02  2.07661E+02
  1.14598E+03  6.39240E+02  2.07674E+02
  1.14746E+03  6.40399E+02  2.07685E+02
  1.14829E+03  6.41273E+02  2.07697E+02
  1.14856E+03  6.41889E+02  2.07708E+02
  1.14831E+03  6.42272E+02  2.07718E+02
  1.14763E+03  6.42446E+02  2.07729E+02
  1.14656E+03  6.42432E+02  2.07739E+02
  1.14515E+03  6.42251E+02  2.07749E+02
  1.14344E+03  6.41921E+02  2.07758E+02
  1.14149E+03  6.41459E+02  2.07768E+02
  1.13931E+03  6.40880E+02  2.07777E+02
  1.13695E+03  6.40199E+02  2.07786E+02
  1.13443E+03  6.39428E+02  2.07794E+02
  1.13177E+03  6.38579E+02  2.07803E+02
  1.12899E+03  6.37661E+02  2.07811E+02
  1.12612E+03  6.36684E+02  2.07819E+02
  1.12316E+03  6.35656E+02  2.07827E+02
  1.12014E+03  6.34583E+02  2.07835E+02
  1.11705E+03  6.33477E+02  2.07843E+02
  1.11393E+03  6.32337E+02  2.07852E+02
  1.11076E+03  6.31171E+02  2.07860E+02
  1.10757E+03  6.29984E+02  2.07868E+02
  1.10436E+03  6.28783E+02  2.07876E+02
  1.10113E+03  6.27574E+02  2.07884E+02
  1.09789E+03  6.26361E+02  2.07891E+02
  1.09465E+03  6.25147E+02  2.07899E+02
  1.09141E+03  6.23935E+02  2.07906E+02
  1.08817E+03  6.22725E+02  2.07913E+02
  1.08493E+03  6.21519E+02  2.07920E+02
  1.08171E+03  6.20315E+02  2.07927E+02
  1.07849E+03  6.19115E+02  2.07934E+02
  1.07529E+03  6.17917E+02  2.07940E+02
  1.07210E+03  6.16721E+02  2.07947E+02
  1.06893E+03  6.15527E+02  2.07953E+02
  1.06577E+03  6.14336E+02  2.07960E+02
  1.06264E+03  6.13147E+02  2.07966E+02
  1.05951E+03  6.11963E+02  2.07972E+02
  1.05641E+03  6.10783E+02  2.07978E+02
  1.05333E+03  6.09610E+02  2.07984E+02
  1.05026E+03  6.08443E+02  2.07990E+02
  1.04722E+03  6.07282E+02  2.07996E+02
  1.04419E+03  6.06126E+02  2.08002E+02
  1.04118E+03  6.04977E+02  2.08007E+02
  1.03820E+03  6.03833E+02  2.08013E+02
  1.03523E+03  6.02694E+02  2.08018E+02
  1.03228E+03  6.01560E+02  2.08024E+02
  1.02935E+03  6.00429E+02  2.08029E+02
  1.02644E+03  5.99302E+02  2.08035E+02
  1.02355E+03  5.98179E+02  2.08040E+02
  1.02068E+03  5.97059E+02  2.08045E+02
  1.01783E+03  5.95943E+02  2.08050E+02
  1.01500E+03  5.94829E+02  2.08055E+02
  1.01218E+03  5.93720E+02  2.08060E+02
  1.00939E+03  5.92616E+02  2.08065E+02
  1.00661E+03  5.91517E+02  2.08070E+02
  1.01042E+03  5.92184E+02  2.08087E+02
  1.01351E+03  5.93415E+02  2.08103E+02
  1.01618E+03  5.94747E+02  2.08118E+02
  1.01845E+03  5.95991E+02  2.08132E+02
  1.02278E+03  5.97704E+02  2.08151E+02
  1.03559E+03  6.02538E+02  2.08185E+02
  1.05498E+03  6.12362E+02  2.08217E+02
  1.07313E+03  6.24204E+02  2.08245E+02
  1.09012E+03  6.36125E+02  2.08272E+02
  1.10571E+03  6.47134E+02  2.08296E+02
  1.11974E+03  6.56783E+02  2.08319E+02
  1.13216E+03  6.64925E+02  2.08340E+02
  1.14299E+03  6.71585E+02  2.08360E+02
  1.15230E+03  6.76878E+02  2.08379E+02
  1.16019E+03  6.80994E+02  2.08397E+02
  1.16679E+03  6.84119E+02  2.08414E+02
  1.17222E+03  6.86412E+02  2.08430E+02
  1.17778E+03  6.88467E+02  2.08450E+02
  1.18231E+03  6.90134E+02  2.08468E+02
  1.18597E+03  6.91377E+02  2.08485E+02
  1.18884E+03  6.92213E+02  2.08502E+02
  1.19100E+03  6.92672E+02  2.08518E+02
  1.19255E+03  6.92808E+02  2.08533E+02
  1.19595E+03  6.93676E+02  2.08551E+02
  1.19871E+03  6.94822E+02  2.08567E+02
  1.20096E+03  6.95911E+02  2.08583E+02
  1.20273E+03  6.96760E+02  2.08598E+02
  1.20401E+03  6.97280E+02  2.08612E+02
  1.20484E+03  6.97476E+02  2.08626E+02
  1.20523E+03  6.97382E+02  2.08639E+02
  1.20525E+03  6.97037E+02  2.08652E+02
  1.20491E+03  6.96478E+02  2.08664E+02
  1.20426E+03  6.95737E+02  2.08676E+02
  1.20332E+03  6.94844E+02  2.08688E+02
  1.20213E+03  6.93824E+02  2.08699E+02
  1.20072E+03  6.92701E+02  2.08710E+02
  1.19910E+03  6.91493E+02  2.08721E+02
  1.19731E+03  6.90216E+02  2.08731E+02
  1.19536E+03  6.88885E+02  2.08741E+02
  1.19327E+03  6.87510E+02  2.08751E+02
  1.19106E+03  6.86103E+02  2.08761E+02
  1.18875E+03  6.84669E+02  2.08770E+02
  1.18634E+03  6.83218E+02  2.08780E+02
  1.18385E+03  6.81753E+02  2.08789E+02
  1.18129E+03  6.80280E+02  2.08798E+02
  1.17867E+03  6.78803E+02  2.08807E+02
  1.17599E+03  6.77323E+02  2.08815E+02
  1.17327E+03  6.75844E+02  2.08824E+02
  1.17051E+03  6.74367E+02  2.08832E+02
  1.16772E+03  6.72895E+02  2.08840E+02
  1.16490E+03  6.71427E+02  2.08848E+02
  1.16205E+03  6.69967E+02  2.08856E+02
  1.15919E+03  6.68512E+02  2.08864E+02
  1.15631E+03  6.67064E+02  2.08872E+02
  1.15341E+03  6.65624E+02  2.08879E+02
  1.15051E+03  6.64192E+02  2.08887E+02
  1.14759E+03  6.62768E+02  2.08894E+02
  1.14467E+03  6.61351E+02  2.08902E+02
  1.14175E+03  6.59943E+02  2.08909E+02
  1.13882E+03  6.58542E+02  2.08916E+02
  1.13589E+03  6.57148E+02  2.08923E+02
  1.13296E+03  6.55763E+02  2.08930E+02
  1.13003E+03  6.54385E+02  2.08936E+02
  1.12711E+03  6.53013E+02  2.08943E+02
  1.12418E+03  6.51649E+02  2.08949E+02
  1.12126E+03  6.50291E+02  2.08956E+02
  1.11835E+03  6.48940E+02  2.08962E+02
  1.11543E+03  6.47594E+02  2.08969E+02
  1.11253E+03  6.46255E+02  2.08975E+02
  1.10963E+03  6.44921E+02  2.08981E+02
  1.10673E+03  6.43594E+02  2.08987E+02
  1.10385E+03  6.42273E+02  2.08993E+02
  1.10097E+03  6.40957E+02  2.08999E+02
  1.09810E+03  6.39646E+02  2.09005E+02
  1.09523E+03  6.38342E+02  2.09010E+02
  1.09238E+03  6.37041E+02  2.09016E+02
  1.08953E+03  6.35747E+02  2.09022E+02
  1.08669E+03  6.34458E+02  2.09027E+02
  1.08386E+03  6.33173E+02  2.09033E+02
  1.08104E+03  6.31893E+02  2.09038E+02
  1.07823E+03  6.30618E+02  2.09043E+02
  1.07542E+03  6.29348E+02  2.09049E+02
  1.07263E+03  6.28083E+02  2.09054E+02
  1.06984E+03  6.26823E+02  2.09059E+02
  1.06707E+03  6.25568E+02  2.09064E+02
  1.06431E+03  6.24319E+02  2.09069E+02
  1.06155E+03  6.23074E+02  2.09074E+02
  1.05880E+03  6.21833E+02  2.09079E+02
  1.05607E+03  6.20598E+02  2.09083E+02
  1.05335E+03  6.19368E+02  2.09088E+02
  1.05063E+03  6.18143E+02  2.09093E+02
  1.04793E+03  6.16923E+02  2.09097E+02
  1.04523E+03  6.15706E+02  2.09102E+02
  1.04255E+03  6.14495E+02  2.09107E+02
  1.03988E+03  6.13289E+02  2.09111E+02
  1.03721E+03  6.12088E+02  2.09115E+02
  1.03456E+03  6.10892E+02  2.09120E+02
  1.03192E+03  6.09700E+02  2.09124E+02
  1.02929E+03  6.08514E+02  2.09128E+02
  1.02667E+03  6.07332E+02  2.09132E+02
  1.02406E+03  6.06154E+02  2.09137E+02
  1.02146E+03  6.04982E+02  2.09141E+02
  1.01887E+03  6.03814E+02  2.09145E+02
  1.01629E+03  6.02650E+02  2.09149E+02
  1.01372E+03  6.01491E+02  2.09153E+02
  1.01117E+03  6.00337E+02  2.09157E+02
  1.00862E+03  5.99187E+02  2.09160E+02
  1.00609E+03  5.98041E+02  2.09164E+02
  1.00356E+03  5.96901E+02  2.09168E+02
  1.00105E+03  5.95765E+02  2.09172E+02
  9.98542E+02  5.94633E+02  2.09175E+02
  9.96048E+02  5.93507E+02  2.09179E+02
  9.93565E+02  5.92384E+02  2.09183E+02
  9.91092E+02  5.91272E+02  2.09186E+02
  9.88631E+02  5.90173E+02  2.09190E+02
  9.86183E+02  5.89080E+02  2.09193E+02
  9.83747E+02  5.87993E+02  2.09197E+02
  9.81332E+02  5.86920E+02  2.09200E+02
  9.78936E+02  5.85866E+02  2.09203E+02
  9.76563E+02  5.84825E+02  2.09207E+02
  9.74211E+02  5.83793E+02  2.09210E+02
  9.71881E+02  5.82765E+02  2.09213E+02
  9.69569E+02  5.81740E+02  2.09217E+02
  9.67275E+02  5.80715E+02  2.09220E+02
  9.64996E+02  5.79691E+02  2.09223E+02
  9.62730E+02  5.78666E+02  2.09226E+02
  9.60476E+02  5.77642E+02  2.09229E+02
  9.58231E+02  5.76618E+02  2.09232E+02
  9.59289E+02  5.76545E+02  2.09242E+02
  9.59987E+02  5.76802E+02  2.09251E+02
  9.60470E+02  5.77123E+02  2.09259E+02
  9.60739E+02  5.77399E+02  2.09267E+02
  9.60790E+02  5.77581E+02  2.09274E+02
  9.60629E+02  5.77649E+02  2.09281E+02
  9.62267E+02  5.78152E+02  2.09291E+02
  9.69149E+02  5.81168E+02  2.09309E+02
  9.75734E+02  5.85453E+02  2.09326E+02
  9.81874E+02  5.90053E+02  2.09342E+02
  9.87475E+02  5.94396E+02  2.09356E+02
  9.92450E+02  5.98203E+02  2.09370E+02
  9.96755E+02  6.01366E+02  2.09382E+02
  1.00039E+03  6.03880E+02  2.09394E+02
  1.00336E+03  6.05780E+02  2.09405E+02
  1.00573E+03  6.07148E+02  2.09415E+02
  1.00754E+03  6.08068E+02  2.09425E+02
  1.00882E+03  6.08599E+02  2.09435E+02
  1.00964E+03  6.08809E+02  2.09444E+02
  1.01004E+03  6.08747E+02  2.09452E+02
  1.01006E+03  6.08457E+02  2.09460E+02
  1.00974E+03  6.07977E+02  2.09468E+02
  1.00913E+03  6.07337E+02  2.09475E+02
  1.00826E+03  6.06565E+02  2.09483E+02
  1.00716E+03  6.05686E+02  2.09490E+02
  1.00586E+03  6.04721E+02  2.09496E+02
  1.00439E+03  6.03678E+02  2.09503E+02
  1.00276E+03  6.02577E+02  2.09509E+02
  1.00100E+03  6.01434E+02  2.09515E+02
  9.99138E+02  6.00255E+02  2.09521E+02
  9.97175E+02  5.99047E+02  2.09527E+02
  9.95120E+02  5.97811E+02  2.09533E+02
  9.93004E+02  5.96567E+02  2.09539E+02
  9.90818E+02  5.95306E+02  2.09544E+02
  9.88591E+02  5.94044E+02  2.09549E+02
  9.86323E+02  5.92780E+02  2.09555E+02
  9.84020E+02  5.91516E+02  2.09560E+02
  9.81688E+02  5.90253E+02  2.09565E+02
  9.79322E+02  5.88989E+02  2.09570E+02
  9.76949E+02  5.87736E+02  2.09575E+02
  9.74562E+02  5.86490E+02  2.09579E+02
  9.72165E+02  5.85252E+02  2.09584E+02
  9.69760E+02  5.84021E+02  2.09589E+02
  9.67350E+02  5.82799E+02  2.09593E+02
  9.64939E+02  5.81586E+02  2.09598E+02
  9.62528E+02  5.80382E+02  2.09602E+02
  9.60117E+02  5.79185E+02  2.09606E+02
  9.57709E+02  5.77998E+02  2.09611E+02
  9.55306E+02  5.76821E+02  2.09615E+02
  9.52908E+02  5.75652E+02  2.09619E+02
  9.50516E+02  5.74492E+02  2.09623E+02
  9.48132E+02  5.73342E+02  2.09627E+02
  9.45755E+02  5.72200E+02  2.09631E+02
  9.43386E+02  5.71066E+02  2.09635E+02
  9.41014E+02  5.69935E+02  2.09639E+02
  9.38662E+02  5.68817E+02  2.09642E+02
  9.36309E+02  5.67702E+02  2.09646E+02
  9.33965E+02  5.66595E+02  2.09650E+02
  9.31631E+02  5.65495E+02  2.09654E+02
  9.29308E+02  5.64404E+02  2.09657E+02
  9.26994E+02  5.63319E+02  2.09661E+02
  9.24691E+02  5.62242E+02  2.09664E+02
  9.22399E+02  5.61173E+02  2.09668E+02
  9.20116E+02  5.60110E+02  2.09671E+02
  9.17845E+02  5.59054E+02  2.09674E+02
  9.15583E+02  5.58004E+02  2.09678E+02
  9.13333E+02  5.56961E+02  2.09681E+02
  9.11093E+02  5.55924E+02  2.09684E+02
  9.08863E+02  5.54893E+02  2.09688E+02
  9.06644E+02  5.53869E+02  2.09691E+02
  9.04446E+02  5.52855E+02  2.09694E+02
  9.02259E+02  5.51848E+02  2.09697E+02
  9.00081E+02  5.50846E+02  2.09700E+02
  8.97914E+02  5.49850E+02  2.09703E+02
  8.95757E+02  5.48859E+02  2.09706E+02
  8.93610E+02  5.47875E+02  2.09709E+02
  8.91474E+02  5.46895E+02  2.09712E+02
  8.89347E+02  5.45921E+02  2.09714E+02
  8.87231E+02  5.44952E+02  2.09717E+02
  8.85124E+02  5.43987E+02  2.09720E+02
  8.83027E+02  5.43028E+02  2.09723E+02
  8.80940E+02  5.42074E+02  2.09725E+02
  8.78863E+02  5.41125E+02  2.09728E+02
  8.76796E+02  5.40180E+02  2.09731E+02
  8.74738E+02  5.39241E+02  2.09733E+02
  8.72690E+02  5.38307E+02  2.09736E+02
  8.70652E+02  5.37377E+02  2.09738E+02
  8.68613E+02  5.36447E+02  2.09741E+02
  8.66583E+02  5.35523E+02  2.09743E+02
  8.64563E+02  5.34602E+02  2.09746E+02
  8.62552E+02  5.33687E+02  2.09748E+02
  8.60551E+02  5.32776E+02  2.09751E+02
  8.58558E+02  5.31869E+02  2.09753E+02
  8.56575E+02  5.30967E+02  2.09755E+02
  8.54601E+02  5.30068E+02  2.09758E+02
  8.52636E+02  5.29174E+02  2.09760E+02
  8.50680E+02  5.28285E+02  2.09762E+02
  8.48733E+02  5.27399E+02  2.09765E+02
  8.46794E+02  5.26518E+02  2.09767E+02
  8.44865E+02  5.25642E+02  2.09769E+02
  8.42944E+02  5.24769E+02  2.09771E+02
  8.41031E+02  5.23900E+02  2.09773E+02
  8.39128E+02  5.23036E+02  2.09775E+02
  8.37232E+02  5.22176E+02  2.09777E+02
  8.35346E+02  5.21319E+02  2.09779E+02
  8.33467E+02  5.20467E+02  2.09781E+02
  8.31598E+02  5.19619E+02  2.09784E+02
  8.29736E+02  5.18774E+02  2.09785E+02
  8.27883E+02  5.17933E+02  2.09787E+02
  8.26037E+02  5.17096E+02  2.09789E+02
  8.24200E+02  5.16262E+02  2.09791E+02
  8.22371E+02  5.15433E+02  2.09793E+02
  8.20550E+02  5.14608E+02  2.09795E+02
  8.18737E+02  5.13786E+02  2.09797E+02
  8.16932E+02  5.12968E+02  2.09799E+02
  8.15134E+02  5.12153E+02  2.09801E+02
  8.13345E+02  5.11343E+02  2.09802E+02
  8.11563E+02  5.10536E+02  2.09804E+02
  8.09789E+02  5.09733E+02  2.09806E+02
  8.08023E+02  5.08933E+02  2.09808E+02
  8.06264E+02  5.08137E+02  2.09809E+02
  8.04513E+02  5.07344E+02  2.09811E+02
  8.02777E+02  5.06559E+02  2.09813E+02
  8.01040E+02  5.05774E+02  2.09814E+02
  7.99312E+02  5.04995E+02  2.09816E+02
  7.97593E+02  5.04228E+02  2.09818E+02
  7.95891E+02  5.03465E+02  2.09819E+02
  7.94191E+02  5.02702E+02  2.09821E+02
  7.92498E+02  5.01941E+02  2.09822E+02
  7.90814E+02  5.01183E+02  2.09824E+02
  7.89137E+02  5.00429E+02  2.09825E+02
  7.87468E+02  4.99678E+02  2.09827E+02
  7.85806E+02  4.98929E+02  2.09828E+02
  7.84151E+02  4.98184E+02  2.09830E+02
  7.82503E+02  4.97441E+02  2.09831E+02
  7.80861E+02  4.96701E+02  2.09833E+02
  7.79226E+02  4.95963E+02  2.09834E+02
  7.77597E+02  4.95229E+02  2.09835E+02
  7.75974E+02  4.94497E+02  2.09837E+02
  7.74358E+02  4.93767E+02  2.09838E+02
  7.72747E+02  4.93041E+02  2.09840E+02
  7.71143E+02  4.92317E+02  2.09841E+02
  7.69544E+02  4.91596E+02  2.09842E+02
  7.67952E+02  4.90878E+02  2.09844E+02
  7.66365E+02  4.90163E+02  2.09845E+02
  7.64785E+02  4.89450E+02  2.09846E+02
  7.63210E+02  4.88741E+02  2.09847E+02
  7.61642E+02  4.88034E+02  2.09849E+02
  7.60079E+02  4.87329E+02  2.09850E+02
  7.58522E+02  4.86628E+02  2.09851E+02
  7.56971E+02  4.85929E+02  2.09852E+02
  7.55426E+02  4.85234E+02  2.09854E+02
  7.53887E+02  4.84541E+02  2.09855E+02
  7.52354E+02  4.83851E+02  2.09856E+02
  7.50826E+02  4.83163E+02  2.09857E+02
  7.49312E+02  4.82482E+02  2.09858E+02
  7.47804E+02  4.81803E+02  2.09859E+02
  7.46301E+02  4.81127E+02  2.09860E+02
  7.44804E+02  4.80454E+02  2.09862E+02
  7.43306E+02  4.79780E+02  2.09863E+02
  7.41813E+02  4.79109E+02  2.09864E+02
  7.40326E+02  4.78441E+02  2.09865E+02
  7.38844E+02  4.77776E+02  2.09866E+02
  7.37369E+02  4.77113E+02  2.09867E+02
  7.41121E+02  4.77878E+02  2.09880E+02
  7.44328E+02  4.79117E+02  2.09893E+02
  7.47225E+02  4.80443E+02  2.09904E+02
  7.49806E+02  4.81696E+02  2.09914E+02
  7.52056E+02  4.82804E+02  2.09923E+02
  7.53972E+02  4.83743E+02  2.09932E+02
  7.55570E+02  4.84508E+02  2.09940E+02
  7.56869E+02  4.85110E+02  2.09947E+02
  7.57898E+02  4.85565E+02  2.09954E+02
  7.58674E+02  4.85885E+02  2.09960E+02
  7.59219E+02  4.86085E+02  2.09966E+02
  7.59554E+02  4.86181E+02  2.09972E+02
  7.59703E+02  4.86187E+02  2.09977E+02
  7.59686E+02  4.86115E+02  2.09982E+02
  7.59520E+02  4.85974E+02  2.09987E+02
  7.59219E+02  4.85775E+02  2.09991E+02
  7.58800E+02  4.85525E+02  2.09995E+02
  7.58276E+02  4.85231E+02  2.10000E+02
  7.57658E+02  4.84899E+02  2.10003E+02
  7.56957E+02  4.84535E+02  2.10007E+02
  7.56182E+02  4.84144E+02  2.10011E+02
  7.55343E+02  4.83730E+02  2.10014E+02
  7.54447E+02  4.83295E+02  2.10018E+02
  7.53500E+02  4.82843E+02  2.10021E+02
  7.52508E+02  4.82377E+02  2.10024E+02
  7.51476E+02  4.81898E+02  2.10027E+02
  7.50409E+02  4.81409E+02  2.10030E+02
  7.49312E+02  4.80910E+02  2.10033E+02
  7.48187E+02  4.80404E+02  2.10036E+02
  7.47038E+02  4.79896E+02  2.10039E+02
  7.45867E+02  4.79379E+02  2.10041E+02
  7.44677E+02  4.78856E+02  2.10044E+02
  7.43471E+02  4.78328E+02  2.10047E+02
  7.42250E+02  4.77797E+02  2.10049E+02
  7.41016E+02  4.77263E+02  2.10052E+02
  7.39770E+02  4.76726E+02  2.10054E+02
  7.38514E+02  4.76188E+02  2.10057E+02
  7.37249E+02  4.75647E+02  2.10059E+02
  7.35976E+02  4.75105E+02  2.10061E+02
  7.34703E+02  4.74565E+02  2.10064E+02
  7.33423E+02  4.74023E+02  2.10066E+02
  7.32138E+02  4.73480E+02  2.10068E+02
  7.30849E+02  4.72936E+02  2.10070E+02
  7.29549E+02  4.72388E+02  2.10072E+02
  7.28246E+02  4.71840E+02  2.10074E+02
  7.26940E+02  4.71291E+02  2.10076E+02
  7.25631E+02  4.70741E+02  2.10078E+02
  7.24321E+02  4.70192E+02  2.10080E+02
  7.23010E+02  4.69641E+02  2.10082E+02
  7.21697E+02  4.69090E+02  2.10084E+02
  7.20383E+02  4.68539E+02  2.10086E+02
  7.19069E+02  4.67987E+02  2.10088E+02
  7.17755E+02  4.67435E+02  2.10090E+02
  7.16441E+02  4.66883E+02  2.10092E+02
  7.15127E+02  4.66331E+02  2.10093E+02
  7.13814E+02  4.65778E+02  2.10095E+02
  7.12502E+02  4.65226E+02  2.10097E+02
  7.11190E+02  4.64672E+02  2.10099E+02
  7.09880E+02  4.64119E+02  2.10100E+02
  7.08571E+02  4.63566E+02  2.10102E+02
  7.07263E+02  4.63013E+02  2.10103E+02
  7.05957E+02  4.62460E+02  2.10105E+02
  7.04653E+02  4.61908E+02  2.10107E+02
  7.03351E+02  4.61355E+02  2.10108E+02
  7.02051E+02  4.60803E+02  2.10110E+02
  7.00753E+02  4.60252E+02  2.10111E+02
  6.99457E+02  4.59700E+02  2.10113E+02
  6.98163E+02  4.59149E+02  2.10114E+02
  6.96872E+02  4.58599E+02  2.10116E+02
  6.95584E+02  4.58049E+02  2.10117E+02
  6.94298E+02  4.57500E+02  2.10119E+02
  6.93015E+02  4.56951E+02  2.10120E+02
  6.91735E+02  4.56403E+02  2.10121E+02
  6.90457E+02  4.55855E+02  2.10123E+02
  6.89183E+02  4.55308E+02  2.10124E+02
  6.87912E+02  4.54762E+02  2.10125E+02
  6.86643E+02  4.54216E+02  2.10127E+02
  6.85378E+02  4.53671E+02  2.10128E+02
  6.84116E+02  4.53127E+02  2.10129E+02
  6.82857E+02  4.52583E+02  2.10130E+02
  6.81601E+02  4.52041E+02  2.10132E+02
  6.80349E+02  4.51500E+02  2.10133E+02
  6.79100E+02  4.50959E+02  2.10134E+02
  6.77855E+02  4.50420E+02  2.10135E+02
  6.76612E+02  4.49881E+02  2.10136E+02
  6.75374E+02  4.49344E+02  2.10137E+02
  6.74138E+02  4.48808E+02  2.10139E+02
  6.73305E+02  4.48419E+02  2.10140E+02
  6.72461E+02  4.48093E+02  2.10141E+02
  6.75289E+02  4.48761E+02  2.10146E+02
  6.77687E+02  4.49738E+02  2.10150E+02
  6.79802E+02  4.50758E+02  2.10154E+02
  6.81618E+02  4.51710E+02  2.10158E+02
  6.83117E+02  4.52544E+02  2.10161E+02
  6.84297E+02  4.53242E+02  2.10165E+02
  6.85172E+02  4.53802E+02  2.10168E+02
  6.85761E+02  4.54231E+02  2.10170E+02
  6.86086E+02  4.54536E+02  2.10173E+02
  6.86177E+02  4.54731E+02  2.10176E+02
  6.86054E+02  4.54823E+02  2.10178E+02
  6.85742E+02  4.54826E+02  2.10180E+02
  6.85263E+02  4.54753E+02  2.10182E+02
  6.84637E+02  4.54608E+02  2.10184E+02
  6.83882E+02  4.54395E+02  2.10186E+02
  6.83016E+02  4.54120E+02  2.10188E+02
  6.82054E+02  4.53789E+02  2.10190E+02
  6.81009E+02  4.53406E+02  2.10192E+02
  6.79891E+02  4.52977E+02  2.10193E+02
  6.78711E+02  4.52508E+02  2.10195E+02
  6.84423E+02  4.54055E+02  2.10208E+02
  6.93069E+02  4.57175E+02  2.10227E+02
  7.00768E+02  4.60652E+02  2.10243E+02
  7.07729E+02  4.64050E+02  2.10259E+02
  7.13940E+02  4.67180E+02  2.10273E+02
  7.19401E+02  4.69968E+02  2.10286E+02
  7.24140E+02  4.72391E+02  2.10298E+02
  7.28201E+02  4.74461E+02  2.10309E+02
  7.31637E+02  4.76200E+02  2.10319E+02
  7.34497E+02  4.77635E+02  2.10328E+02
  7.36838E+02  4.78797E+02  2.10337E+02
  7.38707E+02  4.79715E+02  2.10345E+02
  7.40152E+02  4.80417E+02  2.10353E+02
  7.41216E+02  4.80928E+02  2.10361E+02
  7.41943E+02  4.81273E+02  2.10368E+02
  7.42364E+02  4.81466E+02  2.10374E+02
  7.42512E+02  4.81526E+02  2.10381E+02
  7.42419E+02  4.81468E+02  2.10387E+02
  7.42113E+02  4.81305E+02  2.10393E+02
  7.41617E+02  4.81049E+02  2.10398E+02
  7.40955E+02  4.80713E+02  2.10403E+02
  7.40146E+02  4.80306E+02  2.10409E+02
  7.39213E+02  4.79840E+02  2.10414E+02
  7.38164E+02  4.79320E+02  2.10418E+02
  7.37017E+02  4.78755E+02  2.10423E+02
  7.35786E+02  4.78152E+02  2.10428E+02
  7.34480E+02  4.77516E+02  2.10432E+02
  7.33112E+02  4.76852E+02  2.10436E+02
  7.31688E+02  4.76166E+02  2.10440E+02
  7.30219E+02  4.75460E+02  2.10444E+02
  7.28709E+02  4.74738E+02  2.10448E+02
  7.27167E+02  4.74003E+02  2.10452E+02
  7.25596E+02  4.73258E+02  2.10456E+02
  7.24003E+02  4.72504E+02  2.10460E+02
  7.22391E+02  4.71744E+02  2.10463E+02
  7.20764E+02  4.70980E+02  2.10467E+02
  7.19126E+02  4.70212E+02  2.10470E+02
  7.17479E+02  4.69443E+02  2.10474E+02
  7.15837E+02  4.68678E+02  2.10478E+02
  7.14215E+02  4.67930E+02  2.10483E+02
  7.12602E+02  4.67179E+02  2.10487E+02
  7.11008E+02  4.66431E+02  2.10491E+02
  7.09441E+02  4.65689E+02  2.10495E+02
  7.07886E+02  4.64948E+02  2.10498E+02
  7.06350E+02  4.64211E+02  2.10502E+02
  7.04831E+02  4.63480E+02  2.10505E+02
  7.03327E+02  4.62755E+02  2.10509E+02
  7.01838E+02  4.62035E+02  2.10512E+02
  7.02906E+02  4.62033E+02  2.10521E+02
  7.06251E+02  4.62938E+02  2.10532E+02
  7.09076E+02  4.64138E+02  2.10542E+02
  7.11539E+02  4.65356E+02  2.10552E+02
  7.13652E+02  4.66480E+02  2.10561E+02
  7.15418E+02  4.67462E+02  2.10569E+02
  7.16860E+02  4.68287E+02  2.10577E+02
  7.18125E+02  4.68996E+02  2.10584E+02
  7.21262E+02  4.70439E+02  2.10592E+02
  7.30032E+02  4.74709E+02  2.10607E+02
  7.38125E+02  4.80205E+02  2.10621E+02
  7.45691E+02  4.85871E+02  2.10634E+02
  7.52624E+02  4.91149E+02  2.10646E+02
  7.58837E+02  4.95778E+02  2.10658E+02
  7.64297E+02  4.99670E+02  2.10668E+02
  7.72277E+02  5.04276E+02  2.10683E+02
  7.79402E+02  5.08950E+02  2.10698E+02
  7.86700E+02  5.13634E+02  2.10712E+02
  7.93984E+02  5.18255E+02  2.10727E+02
  8.01435E+02  5.22859E+02  2.10741E+02
  8.09506E+02  5.27655E+02  2.10756E+02
  8.16637E+02  5.32091E+02  2.10771E+02
  8.22897E+02  5.35923E+02  2.10784E+02
  8.31105E+02  5.40467E+02  2.10799E+02
  8.38681E+02  5.45304E+02  2.10814E+02
  8.45473E+02  5.49873E+02  2.10829E+02
  8.56858E+02  5.57109E+02  2.10850E+02
  8.67493E+02  5.65239E+02  2.10870E+02
  8.77335E+02  5.72969E+02  2.10889E+02
  8.86222E+02  5.79671E+02  2.10906E+02
  8.94100E+02  5.85203E+02  2.10923E+02
  9.00947E+02  5.89550E+02  2.10938E+02
  9.06755E+02  5.92719E+02  2.10953E+02
  9.11556E+02  5.94819E+02  2.10967E+02
  9.15422E+02  5.96020E+02  2.10980E+02
  9.18432E+02  5.96487E+02  2.10992E+02
  9.20669E+02  5.96362E+02  2.11004E+02
  9.22223E+02  5.95760E+02  2.11016E+02
  9.23154E+02  5.94777E+02  2.11027E+02
  9.23537E+02  5.93490E+02  2.11038E+02
  9.23436E+02  5.91966E+02  2.11048E+02
  9.22915E+02  5.90266E+02  2.11058E+02
  9.22026E+02  5.88419E+02  2.11067E+02
  9.20820E+02  5.86470E+02  2.11077E+02
  9.19341E+02  5.84447E+02  2.11086E+02
  9.17629E+02  5.82376E+02  2.11094E+02
  9.15727E+02  5.80286E+02  2.11103E+02
  9.13658E+02  5.78183E+02  2.11111E+02
  9.11450E+02  5.76080E+02  2.11119E+02
  9.09125E+02  5.73987E+02  2.11127E+02
  9.06705E+02  5.71912E+02  2.11135E+02
  9.04207E+02  5.69861E+02  2.11142E+02
  9.01645E+02  5.67839E+02  2.11149E+02
  8.99035E+02  5.65849E+02  2.11157E+02
  8.96386E+02  5.63894E+02  2.11164E+02
  8.93710E+02  5.61975E+02  2.11171E+02
  8.91014E+02  5.60095E+02  2.11177E+02
  8.88305E+02  5.58252E+02  2.11184E+02
  8.85591E+02  5.56447E+02  2.11190E+02
  8.82862E+02  5.54671E+02  2.11197E+02
  8.85962E+02  5.55220E+02  2.11220E+02
  8.88813E+02  5.56956E+02  2.11242E+02
  8.91521E+02  5.59007E+02  2.11262E+02
  8.93990E+02  5.60953E+02  2.11280E+02
  8.96132E+02  5.62581E+02  2.11298E+02
  8.97908E+02  5.63817E+02  2.11314E+02
  9.01029E+02  5.65452E+02  2.11332E+02
  9.03725E+02  5.67087E+02  2.11349E+02
  9.06054E+02  5.68513E+02  2.11365E+02
  9.07996E+02  5.69613E+02  2.11380E+02
  9.15513E+02  5.73391E+02  2.11407E+02
  9.24218E+02  5.79518E+02  2.11435E+02
  9.33353E+02  5.86894E+02  2.11462E+02
  9.42074E+02  5.94241E+02  2.11488E+02
  9.50175E+02  6.00875E+02  2.11512E+02
  9.57479E+02  6.06429E+02  2.11535E+02
  9.64154E+02  6.10948E+02  2.11557E+02
  9.69966E+02  6.14485E+02  2.11579E+02
  9.74939E+02  6.17129E+02  2.11600E+02
  9.81489E+02  6.20367E+02  2.11626E+02
  9.87320E+02  6.23633E+02  2.11651E+02
  9.92480E+02  6.26526E+02  2.11675E+02
  9.96889E+02  6.28738E+02  2.11697E+02
  1.00053E+03  6.30237E+02  2.11718E+02
  1.01059E+03  6.35445E+02  2.11749E+02
  1.02426E+03  6.44896E+02  2.11783E+02
  1.03739E+03  6.55629E+02  2.11815E+02
  1.04975E+03  6.65894E+02  2.11845E+02
  1.06101E+03  6.74801E+02  2.11874E+02
  1.07097E+03  6.81957E+02  2.11900E+02
  1.07954E+03  6.87322E+02  2.11925E+02
  1.08676E+03  6.91103E+02  2.11948E+02
  1.09269E+03  6.93576E+02  2.11971E+02
  1.09745E+03  6.94977E+02  2.11992E+02
  1.10113E+03  6.95505E+02  2.12012E+02
  1.10383E+03  6.95325E+02  2.12032E+02
  1.10566E+03  6.94568E+02  2.12050E+02
  1.10672E+03  6.93346E+02  2.12068E+02
  1.10709E+03  6.91751E+02  2.12085E+02
  1.10686E+03  6.89859E+02  2.12102E+02
  1.10611E+03  6.87734E+02  2.12118E+02
  1.10490E+03  6.85427E+02  2.12134E+02
  1.10329E+03  6.82982E+02  2.12149E+02
  1.10135E+03  6.80435E+02  2.12163E+02
  1.09912E+03  6.77816E+02  2.12178E+02
  1.09664E+03  6.75164E+02  2.12191E+02
  1.09746E+03  6.73844E+02  2.12212E+02
  1.09780E+03  6.73135E+02  2.12231E+02
  1.09783E+03  6.72605E+02  2.12249E+02
  1.09753E+03  6.71970E+02  2.12267E+02
  1.09686E+03  6.71095E+02  2.12283E+02
  1.09587E+03  6.69974E+02  2.12300E+02
  1.09457E+03  6.68637E+02  2.12315E+02
  1.09299E+03  6.67113E+02  2.12330E+02
  1.09117E+03  6.65439E+02  2.12345E+02
  1.09505E+03  6.66208E+02  2.12371E+02
  1.09845E+03  6.68178E+02  2.12396E+02
  1.10150E+03  6.70363E+02  2.12419E+02
  1.10411E+03  6.72277E+02  2.12441E+02
  1.10619E+03  6.73678E+02  2.12462E+02
  1.10772E+03  6.74502E+02  2.12481E+02
  1.10873E+03  6.74789E+02  2.12500E+02
  1.10924E+03  6.74613E+02  2.12518E+02
  1.10929E+03  6.74049E+02  2.12535E+02
  1.10893E+03  6.73162E+02  2.12551E+02
  1.10819E+03  6.72012E+02  2.12567E+02
  1.10711E+03  6.70645E+02  2.12582E+02
  1.10573E+03  6.69103E+02  2.12597E+02
  1.10408E+03  6.67424E+02  2.12611E+02
  1.10218E+03  6.65628E+02  2.12625E+02
  1.10009E+03  6.63756E+02  2.12638E+02
  1.09780E+03  6.61813E+02  2.12651E+02
  1.09536E+03  6.59825E+02  2.12663E+02
  1.09278E+03  6.57806E+02  2.12676E+02
  1.09010E+03  6.55778E+02  2.12688E+02
  1.08731E+03  6.53739E+02  2.12699E+02
  1.08443E+03  6.51690E+02  2.12711E+02
  1.08150E+03  6.49655E+02  2.12722E+02
  1.07851E+03  6.47631E+02  2.12733E+02
  1.07547E+03  6.45621E+02  2.12743E+02
  1.07239E+03  6.43629E+02  2.12754E+02
  1.06928E+03  6.41656E+02  2.12764E+02
  1.06615E+03  6.39705E+02  2.12774E+02
  1.06301E+03  6.37776E+02  2.12784E+02
  1.05985E+03  6.35871E+02  2.12794E+02
  1.05669E+03  6.33990E+02  2.12803E+02
  1.05353E+03  6.32134E+02  2.12813E+02
  1.05037E+03  6.30302E+02  2.12822E+02
  1.04721E+03  6.28495E+02  2.12831E+02
  1.04407E+03  6.26711E+02  2.12840E+02
  1.04093E+03  6.24952E+02  2.12849E+02
  1.03780E+03  6.23215E+02  2.12857E+02
  1.03468E+03  6.21502E+02  2.12866E+02
  1.03158E+03  6.19811E+02  2.12874E+02
  1.02849E+03  6.18142E+02  2.12883E+02
  1.02542E+03  6.16493E+02  2.12891E+02
  1.02237E+03  6.14865E+02  2.12899E+02
  1.01933E+03  6.13256E+02  2.12907E+02
  1.01631E+03  6.11667E+02  2.12915E+02
  1.01331E+03  6.10097E+02  2.12922E+02
  1.01033E+03  6.08544E+02  2.12930E+02
  1.00737E+03  6.07010E+02  2.12938E+02
  1.00605E+03  6.06023E+02  2.12957E+02
  1.00471E+03  6.05302E+02  2.12974E+02
  1.00493E+03  6.05100E+02  2.12992E+02
  1.00953E+03  6.06268E+02  2.13015E+02
  1.01335E+03  6.07829E+02  2.13036E+02
  1.02158E+03  6.10710E+02  2.13065E+02
  1.02976E+03  6.14126E+02  2.13102E+02
  1.03699E+03  6.17498E+02  2.13135E+02
  1.04334E+03  6.20599E+02  2.13167E+02
  1.05383E+03  6.24707E+02  2.13203E+02
  1.06941E+03  6.31370E+02  2.13249E+02
  1.08347E+03  6.38840E+02  2.13293E+02
  1.09625E+03  6.46117E+02  2.13333E+02
  1.10771E+03  6.52735E+02  2.13370E+02
  1.11782E+03  6.58493E+02  2.13405E+02
  1.12659E+03  6.63363E+02  2.13437E+02
  1.13410E+03  6.67411E+02  2.13468E+02
  1.14043E+03  6.70716E+02  2.13496E+02
  1.14568E+03  6.73356E+02  2.13523E+02
  1.14994E+03  6.75410E+02  2.13549E+02
  1.15332E+03  6.76945E+02  2.13574E+02
  1.15590E+03  6.78026E+02  2.13597E+02
  1.15775E+03  6.78709E+02  2.13619E+02
  1.15897E+03  6.79047E+02  2.13640E+02
  1.15962E+03  6.79085E+02  2.13661E+02
  1.15977E+03  6.78864E+02  2.13681E+02
  1.15947E+03  6.78419E+02  2.13700E+02
  1.15878E+03  6.77783E+02  2.13718E+02
  1.15775E+03  6.76983E+02  2.13736E+02
  1.15642E+03  6.76044E+02  2.13753E+02
  1.15482E+03  6.74986E+02  2.13770E+02
  1.15299E+03  6.73829E+02  2.13786E+02
  1.15096E+03  6.72588E+02  2.13802E+02
  1.14876E+03  6.71277E+02  2.13818E+02
  1.14641E+03  6.69908E+02  2.13833E+02
  1.14393E+03  6.68492E+02  2.13848E+02
  1.14134E+03  6.67038E+02  2.13862E+02
  1.13866E+03  6.65553E+02  2.13877E+02
  1.13589E+03  6.64043E+02  2.13891E+02
  1.13306E+03  6.62514E+02  2.13904E+02
  1.13017E+03  6.60971E+02  2.13918E+02
  1.12722E+03  6.59418E+02  2.13931E+02
  1.12424E+03  6.57858E+02  2.13944E+02
  1.12123E+03  6.56295E+02  2.13957E+02
  1.11819E+03  6.54731E+02  2.13969E+02
  1.11513E+03  6.53167E+02  2.13981E+02
  1.11205E+03  6.51606E+02  2.13993E+02
  1.10896E+03  6.50049E+02  2.14005E+02
  1.10587E+03  6.48497E+02  2.14017E+02
  1.10277E+03  6.46951E+02  2.14029E+02
  1.09966E+03  6.45412E+02  2.14040E+02
  1.09656E+03  6.43881E+02  2.14051E+02
  1.09346E+03  6.42358E+02  2.14062E+02
  1.09036E+03  6.40843E+02  2.14073E+02
  1.08727E+03  6.39337E+02  2.14084E+02
  1.08419E+03  6.37840E+02  2.14094E+02
  1.08111E+03  6.36352E+02  2.14105E+02
  1.07805E+03  6.34874E+02  2.14115E+02
  1.07499E+03  6.33408E+02  2.14125E+02
  1.07195E+03  6.31950E+02  2.14135E+02
  1.06892E+03  6.30500E+02  2.14145E+02
  1.06590E+03  6.29059E+02  2.14154E+02
  1.06289E+03  6.27627E+02  2.14164E+02
  1.05990E+03  6.26204E+02  2.14173E+02
  1.05692E+03  6.24791E+02  2.14183E+02
  1.05395E+03  6.23388E+02  2.14192E+02
  1.05100E+03  6.21995E+02  2.14203E+02
  1.04876E+03  6.20868E+02  2.14225E+02
  1.04653E+03  6.19864E+02  2.14246E+02
  1.04429E+03  6.18907E+02  2.14265E+02
  1.04205E+03  6.17969E+02  2.14284E+02
  1.03980E+03  6.17036E+02  2.14301E+02
  1.03754E+03  6.16102E+02  2.14318E+02
  1.03526E+03  6.15151E+02  2.14333E+02
  1.03295E+03  6.14182E+02  2.14348E+02
  1.03063E+03  6.13193E+02  2.14363E+02
  1.02831E+03  6.12185E+02  2.14376E+02
  1.02596E+03  6.11151E+02  2.14390E+02
  1.02359E+03  6.10097E+02  2.14402E+02
  1.02121E+03  6.09025E+02  2.14415E+02
  1.01882E+03  6.07935E+02  2.14427E+02
  1.01642E+03  6.06831E+02  2.14438E+02
  1.01400E+03  6.05714E+02  2.14450E+02
  1.01158E+03  6.04586E+02  2.14461E+02
  1.00915E+03  6.03452E+02  2.14471E+02
  1.00671E+03  6.02306E+02  2.14482E+02
  1.00426E+03  6.01152E+02  2.14492E+02
  1.00180E+03  5.99994E+02  2.14502E+02
  9.99353E+02  5.98836E+02  2.14512E+02
  9.96899E+02  5.97675E+02  2.14522E+02
  9.94431E+02  5.96506E+02  2.14531E+02
  9.91973E+02  5.95341E+02  2.14540E+02
  9.89503E+02  5.94170E+02  2.14549E+02
  9.87033E+02  5.92999E+02  2.14558E+02
  9.84564E+02  5.91828E+02  2.14567E+02
  9.82097E+02  5.90659E+02  2.14576E+02
  9.79633E+02  5.89492E+02  2.14584E+02
  9.77173E+02  5.88328E+02  2.14593E+02
  9.74728E+02  5.87172E+02  2.14601E+02
  9.72289E+02  5.86018E+02  2.14609E+02
  9.69854E+02  5.84867E+02  2.14617E+02
  9.67426E+02  5.83720E+02  2.14625E+02
  9.65005E+02  5.82577E+02  2.14633E+02
  9.62590E+02  5.81438E+02  2.14641E+02
  9.60183E+02  5.80303E+02  2.14648E+02
  9.59389E+02  5.79692E+02  2.14656E+02
  9.58559E+02  5.79320E+02  2.14664E+02
  9.57705E+02  5.79043E+02  2.14672E+02
  9.56790E+02  5.78785E+02  2.14680E+02
  9.55789E+02  5.78502E+02  2.14687E+02
  9.54684E+02  5.78165E+02  2.14695E+02
  9.53477E+02  5.77764E+02  2.14702E+02
  9.52167E+02  5.77293E+02  2.14710E+02
  9.50759E+02  5.76753E+02  2.14717E+02
  9.49256E+02  5.76146E+02  2.14724E+02
  9.47666E+02  5.75477E+02  2.14731E+02
  9.45992E+02  5.74752E+02  2.14737E+02
  9.44243E+02  5.73975E+02  2.14744E+02
  9.42424E+02  5.73153E+02  2.14751E+02
  9.40542E+02  5.72291E+02  2.14757E+02
  9.38602E+02  5.71392E+02  2.14764E+02
  9.36610E+02  5.70461E+02  2.14770E+02
  9.34573E+02  5.69504E+02  2.14776E+02
  9.32504E+02  5.68527E+02  2.14782E+02
  9.30390E+02  5.67525E+02  2.14789E+02
  9.28245E+02  5.66505E+02  2.14795E+02
  9.26073E+02  5.65471E+02  2.14801E+02
  9.23889E+02  5.64430E+02  2.14806E+02
  9.21686E+02  5.63379E+02  2.14812E+02
  9.19467E+02  5.62320E+02  2.14818E+02
  9.17225E+02  5.61250E+02  2.14824E+02
  9.23450E+02  5.62670E+02  2.14841E+02
  9.33094E+02  5.65986E+02  2.14859E+02
  9.41811E+02  5.69825E+02  2.14876E+02
  9.57248E+02  5.76240E+02  2.14905E+02
  9.71339E+02  5.83667E+02  2.14932E+02
  9.84330E+02  5.91054E+02  2.14957E+02
  9.96144E+02  5.97874E+02  2.14980E+02
  1.00673E+03  6.03891E+02  2.15001E+02
  1.01609E+03  6.09035E+02  2.15021E+02
  1.02430E+03  6.13360E+02  2.15040E+02
  1.03142E+03  6.16946E+02  2.15058E+02
  1.03753E+03  6.19874E+02  2.15074E+02
  1.04271E+03  6.22224E+02  2.15090E+02
  1.04706E+03  6.24070E+02  2.15105E+02
  1.05065E+03  6.25476E+02  2.15119E+02
  1.06012E+03  6.29425E+02  2.15145E+02
  1.07048E+03  6.35199E+02  2.15174E+02
  1.08004E+03  6.41410E+02  2.15200E+02
  1.09113E+03  6.48338E+02  2.15229E+02
  1.10114E+03  6.55022E+02  2.15255E+02
  1.11014E+03  6.60979E+02  2.15280E+02
  1.11810E+03  6.65995E+02  2.15304E+02
  1.12502E+03  6.70013E+02  2.15326E+02
  1.13094E+03  6.73086E+02  2.15347E+02
  1.13593E+03  6.75324E+02  2.15367E+02
  1.14006E+03  6.76855E+02  2.15385E+02
  1.14341E+03  6.77796E+02  2.15403E+02
  1.14605E+03  6.78247E+02  2.15421E+02
  1.14805E+03  6.78294E+02  2.15437E+02
  1.14947E+03  6.78009E+02  2.15453E+02
  1.15038E+03  6.77454E+02  2.15468E+02
  1.15083E+03  6.76678E+02  2.15483E+02
  1.15086E+03  6.75726E+02  2.15497E+02
  1.15053E+03  6.74632E+02  2.15511E+02
  1.14988E+03  6.73426E+02  2.15524E+02
  1.14895E+03  6.72133E+02  2.15537E+02
  1.14776E+03  6.70773E+02  2.15550E+02
  1.14636E+03  6.69363E+02  2.15563E+02
  1.14476E+03  6.67916E+02  2.15575E+02
  1.14299E+03  6.66445E+02  2.15587E+02
  1.14108E+03  6.64958E+02  2.15598E+02
  1.13904E+03  6.63461E+02  2.15609E+02
  1.13689E+03  6.61962E+02  2.15621E+02
  1.13643E+03  6.60963E+02  2.15632E+02
  1.13572E+03  6.60239E+02  2.15643E+02
  1.13485E+03  6.59598E+02  2.15653E+02
  1.13378E+03  6.58928E+02  2.15664E+02
  1.13252E+03  6.58198E+02  2.15674E+02
  1.13107E+03  6.57400E+02  2.15684E+02
  1.12945E+03  6.56533E+02  2.15694E+02
  1.12766E+03  6.55602E+02  2.15704E+02
  1.12571E+03  6.54611E+02  2.15714E+02
  1.12364E+03  6.53568E+02  2.15723E+02
  1.12144E+03  6.52478E+02  2.15732E+02
  1.11914E+03  6.51346E+02  2.15741E+02
  1.11675E+03  6.50179E+02  2.15750E+02
  1.11428E+03  6.48982E+02  2.15759E+02
  1.11174E+03  6.47759E+02  2.15768E+02
  1.10914E+03  6.46514E+02  2.15777E+02
  1.10649E+03  6.45251E+02  2.15785E+02
  1.10379E+03  6.43974E+02  2.15794E+02
  1.10107E+03  6.42685E+02  2.15802E+02
  1.09831E+03  6.41387E+02  2.15810E+02
  1.09553E+03  6.40083E+02  2.15818E+02
  1.09274E+03  6.38774E+02  2.15826E+02
  1.08992E+03  6.37461E+02  2.15834E+02
  1.08710E+03  6.36147E+02  2.15842E+02
  1.08427E+03  6.34833E+02  2.15849E+02
  1.08144E+03  6.33520E+02  2.15857E+02
  1.07860E+03  6.32209E+02  2.15864E+02
  1.07577E+03  6.30900E+02  2.15871E+02
  1.07294E+03  6.29595E+02  2.15879E+02
  1.07011E+03  6.28293E+02  2.15886E+02
  1.06729E+03  6.26996E+02  2.15893E+02
  1.06447E+03  6.25703E+02  2.15900E+02
  1.06166E+03  6.24416E+02  2.15907E+02
  1.05886E+03  6.23135E+02  2.15913E+02
  1.05607E+03  6.21858E+02  2.15920E+02
  1.05329E+03  6.20587E+02  2.15927E+02
  1.05052E+03  6.19322E+02  2.15933E+02
  1.04776E+03  6.18063E+02  2.15940E+02
  1.04501E+03  6.16809E+02  2.15946E+02
  1.04228E+03  6.15562E+02  2.15952E+02
  1.03955E+03  6.14320E+02  2.15959E+02
  1.03684E+03  6.13085E+02  2.15965E+02
  1.03414E+03  6.11857E+02  2.15971E+02
  1.03146E+03  6.10634E+02  2.15977E+02
  1.02878E+03  6.09418E+02  2.15983E+02
  1.02612E+03  6.08208E+02  2.15989E+02
  1.02347E+03  6.07004E+02  2.15995E+02
  1.02084E+03  6.05806E+02  2.16000E+02
  1.01822E+03  6.04614E+02  2.16006E+02
  1.01561E+03  6.03428E+02  2.16012E+02
  1.01301E+03  6.02248E+02  2.16017E+02
  1.01043E+03  6.01074E+02  2.16023E+02
  1.00785E+03  5.99906E+02  2.16028E+02
  1.00530E+03  5.98744E+02  2.16033E+02
  1.00275E+03  5.97587E+02  2.16039E+02
  1.00022E+03  5.96437E+02  2.16044E+02
  9.97700E+02  5.95292E+02  2.16049E+02
  9.95192E+02  5.94153E+02  2.16054E+02
  9.92697E+02  5.93019E+02  2.16059E+02
  9.90215E+02  5.91890E+02  2.16064E+02
  9.87745E+02  5.90767E+02  2.16069E+02
  9.85287E+02  5.89650E+02  2.16074E+02
  9.82841E+02  5.88538E+02  2.16079E+02
  9.80408E+02  5.87432E+02  2.16084E+02
  9.77986E+02  5.86330E+02  2.16089E+02
  9.75576E+02  5.85234E+02  2.16093E+02
  9.73178E+02  5.84144E+02  2.16098E+02
  9.70780E+02  5.83054E+02  2.16103E+02
  9.68405E+02  5.81974E+02  2.16107E+02
  9.66042E+02  5.80899E+02  2.16112E+02
  9.63690E+02  5.79829E+02  2.16116E+02
  9.61349E+02  5.78764E+02  2.16121E+02
  9.59020E+02  5.77703E+02  2.16125E+02
  9.56702E+02  5.76648E+02  2.16129E+02
  9.61370E+02  5.78164E+02  2.16146E+02
  9.67001E+02  5.81678E+02  2.16162E+02
  9.72357E+02  5.85978E+02  2.16176E+02
  9.77352E+02  5.90267E+02  2.16190E+02
  9.81866E+02  5.94164E+02  2.16203E+02
  9.85814E+02  5.97464E+02  2.16215E+02
  9.89163E+02  6.00111E+02  2.16226E+02
  9.91916E+02  6.02126E+02  2.16237E+02
  9.94106E+02  6.03572E+02  2.16247E+02
  9.95756E+02  6.04526E+02  2.16257E+02
  9.96912E+02  6.05064E+02  2.16266E+02
  9.97616E+02  6.05257E+02  2.16275E+02
  9.97914E+02  6.05160E+02  2.16283E+02
  9.97848E+02  6.04822E+02  2.16291E+02
  9.97457E+02  6.04285E+02  2.16299E+02
  9.96777E+02  6.03583E+02  2.16307E+02
  9.95844E+02  6.02745E+02  2.16314E+02
  9.94688E+02  6.01797E+02  2.16321E+02
  9.93336E+02  6.00759E+02  2.16328E+02
  9.91816E+02  5.99649E+02  2.16335E+02
  9.90147E+02  5.98482E+02  2.16341E+02
  9.88352E+02  5.97271E+02  2.16348E+02
  9.86448E+02  5.96025E+02  2.16354E+02
  9.84452E+02  5.94755E+02  2.16360E+02
  9.82385E+02  5.93472E+02  2.16366E+02
  9.80251E+02  5.92176E+02  2.16371E+02
  9.78051E+02  5.90868E+02  2.16377E+02
  9.75805E+02  5.89557E+02  2.16383E+02
  9.73531E+02  5.88253E+02  2.16388E+02
  9.71226E+02  5.86952E+02  2.16394E+02
  9.68896E+02  5.85655E+02  2.16399E+02
  9.66547E+02  5.84366E+02  2.16404E+02
  9.64171E+02  5.83078E+02  2.16409E+02
  9.61796E+02  5.81806E+02  2.16414E+02
  9.59403E+02  5.80539E+02  2.16419E+02
  9.57006E+02  5.79282E+02  2.16424E+02
  9.54607E+02  5.78036E+02  2.16429E+02
  9.52208E+02  5.76802E+02  2.16434E+02
  9.49813E+02  5.75579E+02  2.16439E+02
  9.47422E+02  5.74367E+02  2.16443E+02
  9.45036E+02  5.73167E+02  2.16448E+02
  9.42657E+02  5.71979E+02  2.16452E+02
  9.40286E+02  5.70801E+02  2.16457E+02
  9.37924E+02  5.69635E+02  2.16461E+02
  9.35570E+02  5.68479E+02  2.16466E+02
  9.33227E+02  5.67334E+02  2.16470E+02
  9.30894E+02  5.66199E+02  2.16474E+02
  9.28572E+02  5.65074E+02  2.16478E+02
  9.26261E+02  5.63958E+02  2.16482E+02
  9.23961E+02  5.62852E+02  2.16487E+02
  9.21673E+02  5.61756E+02  2.16491E+02
  9.19406E+02  5.60673E+02  2.16495E+02
  9.17140E+02  5.59594E+02  2.16499E+02
  9.14887E+02  5.58524E+02  2.16502E+02
  9.12644E+02  5.57462E+02  2.16506E+02
  9.10414E+02  5.56408E+02  2.16510E+02
  9.08195E+02  5.55361E+02  2.16514E+02
  9.05988E+02  5.54323E+02  2.16518E+02
  9.03793E+02  5.53291E+02  2.16521E+02
  9.01609E+02  5.52268E+02  2.16525E+02
  9.00066E+02  5.51478E+02  2.16529E+02
  8.98481E+02  5.50788E+02  2.16534E+02
  8.96865E+02  5.50120E+02  2.16538E+02
  8.95214E+02  5.49444E+02  2.16542E+02
  8.93538E+02  5.48750E+02  2.16546E+02
  8.91841E+02  5.48031E+02  2.16550E+02
  8.90124E+02  5.47286E+02  2.16554E+02
  8.88390E+02  5.46516E+02  2.16558E+02
  8.86642E+02  5.45723E+02  2.16561E+02
  8.84879E+02  5.44912E+02  2.16565E+02
  8.83104E+02  5.44084E+02  2.16568E+02
  8.81317E+02  5.43243E+02  2.16572E+02
  8.79520E+02  5.42392E+02  2.16575E+02
  8.77713E+02  5.41532E+02  2.16579E+02
  8.75898E+02  5.40666E+02  2.16582E+02
  8.74076E+02  5.39794E+02  2.16585E+02
  8.72256E+02  5.38924E+02  2.16588E+02
  8.70423E+02  5.38047E+02  2.16592E+02
  8.68585E+02  5.37169E+02  2.16595E+02
  8.66744E+02  5.36292E+02  2.16598E+02
  8.64901E+02  5.35415E+02  2.16601E+02
  8.63056E+02  5.34539E+02  2.16604E+02
  8.61211E+02  5.33666E+02  2.16607E+02
  8.59365E+02  5.32794E+02  2.16610E+02
  8.59066E+02  5.32416E+02  2.16619E+02
  8.59089E+02  5.32341E+02  2.16632E+02
  8.58992E+02  5.32346E+02  2.16644E+02
  8.58781E+02  5.32341E+02  2.16656E+02
  8.58444E+02  5.32284E+02  2.16666E+02
  8.57977E+02  5.32155E+02  2.16676E+02
  8.57382E+02  5.31950E+02  2.16685E+02
  8.56664E+02  5.31669E+02  2.16694E+02
  8.55835E+02  5.31319E+02  2.16702E+02
  8.54897E+02  5.30904E+02  2.16710E+02
  8.53866E+02  5.30434E+02  2.16717E+02
  8.52746E+02  5.29913E+02  2.16724E+02
  8.51541E+02  5.29346E+02  2.16730E+02
  8.50264E+02  5.28739E+02  2.16737E+02
  8.48923E+02  5.28098E+02  2.16743E+02
  8.47530E+02  5.27432E+02  2.16749E+02
  8.46080E+02  5.26737E+02  2.16754E+02
  8.44585E+02  5.26022E+02  2.16759E+02
  8.43051E+02  5.25290E+02  2.16765E+02
  8.41482E+02  5.24542E+02  2.16770E+02
  8.39883E+02  5.23782E+02  2.16775E+02
  8.38258E+02  5.23013E+02  2.16779E+02
  8.36611E+02  5.22236E+02  2.16784E+02
  8.34946E+02  5.21454E+02  2.16789E+02
  8.33273E+02  5.20670E+02  2.16793E+02
  8.31578E+02  5.19879E+02  2.16797E+02
  8.29873E+02  5.19087E+02  2.16802E+02
  8.28160E+02  5.18292E+02  2.16808E+02
  8.26439E+02  5.17501E+02  2.16814E+02
  8.25007E+02  5.16846E+02  2.16825E+02
  8.23596E+02  5.16257E+02  2.16835E+02
  8.22190E+02  5.15687E+02  2.16844E+02
  8.20783E+02  5.15116E+02  2.16853E+02
  8.19370E+02  5.14537E+02  2.16861E+02
  8.17943E+02  5.13942E+02  2.16868E+02
  8.16507E+02  5.13333E+02  2.16876E+02
  8.15063E+02  5.12709E+02  2.16883E+02
  8.13608E+02  5.12070E+02  2.16889E+02
  8.12144E+02  5.11419E+02  2.16896E+02
  8.10668E+02  5.10758E+02  2.16902E+02
  8.09182E+02  5.10086E+02  2.16907E+02
  8.07686E+02  5.09405E+02  2.16913E+02
  8.06179E+02  5.08716E+02  2.16918E+02
  8.04663E+02  5.08020E+02  2.16923E+02
  8.03138E+02  5.07319E+02  2.16928E+02
  8.01611E+02  5.06617E+02  2.16933E+02
  8.00070E+02  5.05907E+02  2.16938E+02
  7.98529E+02  5.05197E+02  2.16943E+02
  7.96981E+02  5.04485E+02  2.16947E+02
  7.95429E+02  5.03770E+02  2.16951E+02
  7.93872E+02  5.03054E+02  2.16956E+02
  7.92310E+02  5.02336E+02  2.16960E+02
  8.16738E+02  5.08464E+02  2.16996E+02
  8.45375E+02  5.19344E+02  2.17043E+02
  8.74095E+02  5.33131E+02  2.17091E+02
  9.00720E+02  5.47584E+02  2.17134E+02
  9.25109E+02  5.61434E+02  2.17174E+02
  9.47103E+02  5.74023E+02  2.17211E+02
  9.66702E+02  5.85138E+02  2.17244E+02
  9.83976E+02  5.94721E+02  2.17276E+02
  9.99080E+02  6.02896E+02  2.17305E+02
  1.01218E+03  6.09808E+02  2.17332E+02
  1.02345E+03  6.15595E+02  2.17357E+02
  1.03306E+03  6.20389E+02  2.17381E+02
  1.04117E+03  6.24310E+02  2.17404E+02
  1.04795E+03  6.27467E+02  2.17425E+02
  1.05353E+03  6.29954E+02  2.17445E+02
  1.05804E+03  6.31859E+02  2.17464E+02
  1.06161E+03  6.33258E+02  2.17482E+02
  1.06434E+03  6.34219E+02  2.17500E+02
  1.06634E+03  6.34802E+02  2.17517E+02
  1.06768E+03  6.35064E+02  2.17534E+02
  1.06845E+03  6.35050E+02  2.17554E+02
  1.06874E+03  6.34812E+02  2.17573E+02
  1.06860E+03  6.34385E+02  2.17592E+02
  1.06810E+03  6.33796E+02  2.17609E+02
  1.06727E+03  6.33065E+02  2.17626E+02
  1.06616E+03  6.32212E+02  2.17642E+02
  1.06480E+03  6.31254E+02  2.17658E+02
  1.06323E+03  6.30207E+02  2.17673E+02
  1.06147E+03  6.29085E+02  2.17687E+02
  1.05954E+03  6.27901E+02  2.17701E+02
  1.05748E+03  6.26667E+02  2.17715E+02
  1.05528E+03  6.25391E+02  2.17728E+02
  1.05299E+03  6.24081E+02  2.17741E+02
  1.05060E+03  6.22746E+02  2.17753E+02
  1.04813E+03  6.21390E+02  2.17766E+02
  1.04559E+03  6.20019E+02  2.17778E+02
  1.04300E+03  6.18638E+02  2.17789E+02
  1.04036E+03  6.17249E+02  2.17800E+02
  1.03767E+03  6.15858E+02  2.17812E+02
  1.03495E+03  6.14458E+02  2.17822E+02
  1.03221E+03  6.13064E+02  2.17833E+02
  1.02945E+03  6.11672E+02  2.17844E+02
  1.02667E+03  6.10284E+02  2.17854E+02
  1.02386E+03  6.08894E+02  2.17864E+02
  1.02105E+03  6.07510E+02  2.17874E+02
  1.01824E+03  6.06140E+02  2.17883E+02
  1.01543E+03  6.04777E+02  2.17893E+02
  1.01263E+03  6.03422E+02  2.17902E+02
  1.00982E+03  6.02076E+02  2.17911E+02
  1.00701E+03  6.00738E+02  2.17920E+02
  1.00420E+03  5.99403E+02  2.17929E+02
  1.00139E+03  5.98076E+02  2.17938E+02
  9.98593E+02  5.96757E+02  2.17947E+02
  9.95805E+02  5.95453E+02  2.17955E+02
  9.93045E+02  5.94164E+02  2.17964E+02
  9.90294E+02  5.92877E+02  2.17972E+02
  9.87567E+02  5.91597E+02  2.17980E+02
  9.84867E+02  5.90328E+02  2.17988E+02
  9.82206E+02  5.89075E+02  2.17996E+02
  9.79560E+02  5.87827E+02  2.18004E+02
  9.76941E+02  5.86591E+02  2.18011E+02
  9.74346E+02  5.85366E+02  2.18019E+02
  9.71774E+02  5.84153E+02  2.18026E+02
  9.69224E+02  5.82951E+02  2.18034E+02
  9.66694E+02  5.81761E+02  2.18041E+02
  9.64184E+02  5.80583E+02  2.18048E+02
  9.61692E+02  5.79417E+02  2.18055E+02
  9.59217E+02  5.78262E+02  2.18062E+02
  9.56769E+02  5.77122E+02  2.18069E+02
  9.54326E+02  5.75988E+02  2.18076E+02
  9.51898E+02  5.74864E+02  2.18082E+02
  9.49484E+02  5.73749E+02  2.18089E+02
  9.47083E+02  5.72644E+02  2.18095E+02
  9.44708E+02  5.71552E+02  2.18102E+02
  9.42344E+02  5.70469E+02  2.18108E+02
  9.39994E+02  5.69394E+02  2.18114E+02
  9.37656E+02  5.68327E+02  2.18120E+02
  9.35329E+02  5.67267E+02  2.18126E+02
  9.33003E+02  5.66209E+02  2.18132E+02
  9.30698E+02  5.65164E+02  2.18138E+02
  9.28405E+02  5.64124E+02  2.18144E+02
  9.26122E+02  5.63091E+02  2.18150E+02
  9.23839E+02  5.62059E+02  2.18155E+02
  9.21567E+02  5.61032E+02  2.18161E+02
  9.19305E+02  5.60010E+02  2.18166E+02
  9.17053E+02  5.58995E+02  2.18172E+02
  9.14822E+02  5.57989E+02  2.18177E+02
  9.12601E+02  5.56989E+02  2.18182E+02
  9.10390E+02  5.55993E+02  2.18188E+02
  9.08188E+02  5.55003E+02  2.18193E+02
  9.05986E+02  5.54013E+02  2.18198E+02
  9.03803E+02  5.53032E+02  2.18203E+02
  9.01631E+02  5.52056E+02  2.18208E+02
  8.99468E+02  5.51084E+02  2.18213E+02
  8.97313E+02  5.50117E+02  2.18217E+02
  8.95158E+02  5.49150E+02  2.18222E+02
  8.93013E+02  5.48186E+02  2.18227E+02
  8.90876E+02  5.47227E+02  2.18232E+02
  8.88750E+02  5.46271E+02  2.18236E+02
  8.86632E+02  5.45320E+02  2.18241E+02
  8.84523E+02  5.44373E+02  2.18245E+02
  8.82424E+02  5.43430E+02  2.18250E+02
  8.80334E+02  5.42491E+02  2.18254E+02
  8.78253E+02  5.41556E+02  2.18258E+02
  8.76181E+02  5.40625E+02  2.18263E+02
  8.74119E+02  5.39698E+02  2.18267E+02
  8.72065E+02  5.38775E+02  2.18271E+02
  8.70020E+02  5.37856E+02  2.18275E+02
  8.67984E+02  5.36940E+02  2.18279E+02
  8.65957E+02  5.36029E+02  2.18283E+02
  8.63940E+02  5.35124E+02  2.18287E+02
  8.61931E+02  5.34223E+02  2.18291E+02
  8.59932E+02  5.33326E+02  2.18295E+02
  8.57942E+02  5.32432E+02  2.18299E+02
  8.55962E+02  5.31543E+02  2.18303E+02
  8.54013E+02  5.30668E+02  2.18307E+02
  8.52100E+02  5.29820E+02  2.18310E+02
  8.50618E+02  5.29095E+02  2.18319E+02
  8.49141E+02  5.28432E+02  2.18327E+02
  8.53517E+02  5.29331E+02  2.18341E+02
  8.57199E+02  5.30724E+02  2.18353E+02
  8.60486E+02  5.32216E+02  2.18365E+02
  8.63370E+02  5.33637E+02  2.18376E+02
  8.65830E+02  5.34909E+02  2.18386E+02
  8.67866E+02  5.35999E+02  2.18395E+02
  8.69495E+02  5.36899E+02  2.18404E+02
  8.70741E+02  5.37612E+02  2.18413E+02
  8.78335E+02  5.40077E+02  2.18431E+02
  8.84899E+02  5.43018E+02  2.18449E+02
  8.90760E+02  5.45928E+02  2.18465E+02
  8.95936E+02  5.48613E+02  2.18480E+02
  9.00436E+02  5.50993E+02  2.18494E+02
  9.04287E+02  5.53041E+02  2.18508E+02
  9.07532E+02  5.54760E+02  2.18520E+02
  9.10218E+02  5.56167E+02  2.18532E+02
  9.12395E+02  5.57287E+02  2.18543E+02
  9.14118E+02  5.58150E+02  2.18554E+02
  9.15414E+02  5.58774E+02  2.18564E+02
  9.16337E+02  5.59192E+02  2.18573E+02
  9.16918E+02  5.59426E+02  2.18583E+02
  9.17193E+02  5.59498E+02  2.18591E+02
  9.18012E+02  5.59644E+02  2.18600E+02
  9.23351E+02  5.61565E+02  2.18610E+02
  9.27923E+02  5.64212E+02  2.18619E+02
  9.34144E+02  5.67947E+02  2.18630E+02
  9.45845E+02  5.74471E+02  2.18648E+02
  9.56527E+02  5.81920E+02  2.18665E+02
  9.66363E+02  5.89186E+02  2.18681E+02
  9.75249E+02  5.95700E+02  2.18696E+02
  9.83122E+02  6.01236E+02  2.18710E+02
  9.89969E+02  6.05738E+02  2.18723E+02
  9.95812E+02  6.09243E+02  2.18736E+02
  1.00070E+03  6.11847E+02  2.18748E+02
  1.00472E+03  6.13686E+02  2.18759E+02
  1.00794E+03  6.14887E+02  2.18770E+02
  1.01044E+03  6.15566E+02  2.18781E+02
  1.01230E+03  6.15810E+02  2.18791E+02
  1.01357E+03  6.15697E+02  2.18801E+02
  1.01433E+03  6.15293E+02  2.18810E+02
  1.02186E+03  6.17984E+02  2.18821E+02
  1.02877E+03  6.22143E+02  2.18831E+02
  1.03518E+03  6.26583E+02  2.18841E+02
  1.04100E+03  6.30683E+02  2.18851E+02
  1.04613E+03  6.34158E+02  2.18860E+02
  1.05056E+03  6.36890E+02  2.18869E+02
  1.05429E+03  6.38900E+02  2.18877E+02
  1.05736E+03  6.40243E+02  2.18886E+02
  1.05982E+03  6.41019E+02  2.18894E+02
  1.06171E+03  6.41324E+02  2.18902E+02
  1.06309E+03  6.41243E+02  2.18909E+02
  1.06400E+03  6.40845E+02  2.18917E+02
  1.06449E+03  6.40192E+02  2.18924E+02
  1.06459E+03  6.39332E+02  2.18931E+02
  1.06435E+03  6.38307E+02  2.18938E+02
  1.06380E+03  6.37153E+02  2.18945E+02
  1.06298E+03  6.35897E+02  2.18952E+02
  1.06192E+03  6.34564E+02  2.18959E+02
  1.06064E+03  6.33173E+02  2.18965E+02
  1.05917E+03  6.31740E+02  2.18971E+02
  1.05754E+03  6.30277E+02  2.18978E+02
  1.05576E+03  6.28797E+02  2.18984E+02
  1.05386E+03  6.27306E+02  2.18990E+02
  1.05184E+03  6.25812E+02  2.18996E+02
  1.04973E+03  6.24319E+02  2.19002E+02
  1.05112E+03  6.24134E+02  2.19012E+02
  1.05358E+03  6.25235E+02  2.19024E+02
  1.05570E+03  6.26848E+02  2.19036E+02
  1.05751E+03  6.28494E+02  2.19047E+02
  1.05896E+03  6.29910E+02  2.19058E+02
  1.06001E+03  6.30984E+02  2.19068E+02
  1.06064E+03  6.31659E+02  2.19077E+02
  1.06090E+03  6.31977E+02  2.19086E+02
  1.06078E+03  6.31984E+02  2.19095E+02
  1.06034E+03  6.31726E+02  2.19104E+02
  1.05959E+03  6.31245E+02  2.19112E+02
  1.05858E+03  6.30577E+02  2.19119E+02
  1.05732E+03  6.29758E+02  2.19127E+02
  1.05585E+03  6.28811E+02  2.19134E+02
  1.05418E+03  6.27755E+02  2.19141E+02
  1.05235E+03  6.26613E+02  2.19148E+02
  1.05037E+03  6.25402E+02  2.19155E+02
  1.04827E+03  6.24142E+02  2.19162E+02
  1.04606E+03  6.22833E+02  2.19168E+02
  1.04375E+03  6.21491E+02  2.19174E+02
  1.04136E+03  6.20124E+02  2.19180E+02
  1.03890E+03  6.18739E+02  2.19186E+02
  1.03640E+03  6.17349E+02  2.19192E+02
  1.03384E+03  6.15945E+02  2.19198E+02
  1.03124E+03  6.14537E+02  2.19204E+02
  1.02862E+03  6.13137E+02  2.19209E+02
  1.02597E+03  6.11732E+02  2.19215E+02
  1.02331E+03  6.10339E+02  2.19220E+02
  1.02064E+03  6.08952E+02  2.19225E+02
  1.01795E+03  6.07573E+02  2.19231E+02
  1.01527E+03  6.06203E+02  2.19236E+02
  1.01258E+03  6.04842E+02  2.19241E+02
  1.00989E+03  6.03491E+02  2.19246E+02
  1.00720E+03  6.02155E+02  2.19250E+02
  1.00451E+03  6.00833E+02  2.19255E+02
  1.00183E+03  5.99520E+02  2.19260E+02
  9.99148E+02  5.98220E+02  2.19265E+02
  9.96480E+02  5.96931E+02  2.19269E+02
  9.93825E+02  5.95654E+02  2.19274E+02
  9.91194E+02  5.94393E+02  2.19278E+02
  9.88575E+02  5.93140E+02  2.19283E+02
  9.85970E+02  5.91897E+02  2.19287E+02
  9.83378E+02  5.90662E+02  2.19291E+02
  9.80799E+02  5.89437E+02  2.19296E+02
  9.78233E+02  5.88220E+02  2.19300E+02
  9.75680E+02  5.87011E+02  2.19304E+02
  9.73141E+02  5.85811E+02  2.19308E+02
  9.70614E+02  5.84619E+02  2.19312E+02
  9.68088E+02  5.83430E+02  2.19316E+02
  9.65576E+02  5.82249E+02  2.19320E+02
  9.63077E+02  5.81076E+02  2.19324E+02
  9.60591E+02  5.79912E+02  2.19328E+02
  9.58118E+02  5.78755E+02  2.19331E+02
  9.55658E+02  5.77606E+02  2.19335E+02
  9.53211E+02  5.76465E+02  2.19339E+02
  9.50778E+02  5.75331E+02  2.19342E+02
  9.48357E+02  5.74204E+02  2.19346E+02
  9.45949E+02  5.73085E+02  2.19350E+02
  9.43554E+02  5.71972E+02  2.19353E+02
  9.41172E+02  5.70867E+02  2.19357E+02
  9.38802E+02  5.69769E+02  2.19360E+02
  9.36445E+02  5.68678E+02  2.19363E+02
  9.34101E+02  5.67593E+02  2.19367E+02
  9.31770E+02  5.66515E+02  2.19370E+02
  9.29451E+02  5.65443E+02  2.19373E+02
  9.27144E+02  5.64378E+02  2.19376E+02
  9.24849E+02  5.63318E+02  2.19380E+02
  9.22568E+02  5.62265E+02  2.19383E+02
  9.20309E+02  5.61223E+02  2.19386E+02
  9.18061E+02  5.60186E+02  2.19389E+02
  9.15814E+02  5.59151E+02  2.19392E+02
  9.13580E+02  5.58122E+02  2.19395E+02
  9.11367E+02  5.57103E+02  2.19398E+02
  9.09166E+02  5.56090E+02  2.19401E+02
  9.06966E+02  5.55078E+02  2.19404E+02
  9.04788E+02  5.54076E+02  2.19407E+02
  9.02611E+02  5.53075E+02  2.19409E+02
  9.00455E+02  5.52084E+02  2.19412E+02
  8.98310E+02  5.51098E+02  2.19415E+02
  8.96177E+02  5.50117E+02  2.19418E+02
  8.94043E+02  5.49137E+02  2.19420E+02
  8.91921E+02  5.48162E+02  2.19423E+02
  8.89809E+02  5.47193E+02  2.19426E+02
  8.87708E+02  5.46229E+02  2.19428E+02
  8.85618E+02  5.45269E+02  2.19431E+02
  8.83538E+02  5.44315E+02  2.19433E+02
  8.81468E+02  5.43366E+02  2.19436E+02
  8.79408E+02  5.42421E+02  2.19438E+02
  8.77359E+02  5.41482E+02  2.19441E+02
  8.75320E+02  5.40547E+02  2.19443E+02
  8.73300E+02  5.39620E+02  2.19446E+02
  8.71280E+02  5.38694E+02  2.19448E+02
  8.69270E+02  5.37773E+02  2.19450E+02
  8.67270E+02  5.36856E+02  2.19453E+02
  8.65279E+02  5.35944E+02  2.19455E+02
  8.63298E+02  5.35036E+02  2.19457E+02
  8.61326E+02  5.34133E+02  2.19460E+02
  8.59364E+02  5.33234E+02  2.19462E+02
  8.57411E+02  5.32340E+02  2.19464E+02
  8.55466E+02  5.31450E+02  2.19466E+02
  8.53532E+02  5.30564E+02  2.19468E+02
  8.51615E+02  5.29686E+02  2.19470E+02
  8.49707E+02  5.28813E+02  2.19473E+02
  8.47808E+02  5.27944E+02  2.19475E+02
  8.45908E+02  5.27074E+02  2.19477E+02
  8.44017E+02  5.26211E+02  2.19479E+02
  8.42135E+02  5.25350E+02  2.19482E+02
  8.40261E+02  5.24494E+02  2.19485E+02
  8.38396E+02  5.23641E+02  2.19488E+02
  8.36539E+02  5.22791E+02  2.19491E+02
  8.34691E+02  5.21946E+02  2.19494E+02
  8.32860E+02  5.21108E+02  2.19497E+02
  8.31027E+02  5.20270E+02  2.19499E+02
  8.29204E+02  5.19436E+02  2.19502E+02
  8.27388E+02  5.18607E+02  2.19504E+02
  8.25580E+02  5.17781E+02  2.19506E+02
  8.23780E+02  5.16958E+02  2.19509E+02
  8.21988E+02  5.16139E+02  2.19511E+02
  8.20203E+02  5.15324E+02  2.19513E+02
  8.18427E+02  5.14512E+02  2.19515E+02
  8.16658E+02  5.13704E+02  2.19517E+02
  8.14897E+02  5.12901E+02  2.19519E+02
  8.13143E+02  5.12101E+02  2.19521E+02
  8.11397E+02  5.11305E+02  2.19523E+02
  8.09658E+02  5.10511E+02  2.19525E+02
  8.07927E+02  5.09721E+02  2.19527E+02
  8.06203E+02  5.08935E+02  2.19529E+02
  8.04486E+02  5.08152E+02  2.19531E+02
  8.02777E+02  5.07372E+02  2.19533E+02
  8.01074E+02  5.06596E+02  2.19534E+02
  7.99379E+02  5.05823E+02  2.19536E+02
  7.97691E+02  5.05053E+02  2.19538E+02
  7.96010E+02  5.04287E+02  2.19540E+02
  7.94336E+02  5.03524E+02  2.19541E+02
  7.92669E+02  5.02765E+02  2.19543E+02
  7.91009E+02  5.02010E+02  2.19545E+02
  7.89355E+02  5.01257E+02  2.19546E+02
  7.87709E+02  5.00507E+02  2.19548E+02
  7.86069E+02  4.99761E+02  2.19549E+02
  7.84435E+02  4.99017E+02  2.19551E+02
  7.82809E+02  4.98277E+02  2.19552E+02
  7.81189E+02  4.97540E+02  2.19554E+02
  7.79576E+02  4.96808E+02  2.19555E+02
  7.77969E+02  4.96078E+02  2.19557E+02
  7.76378E+02  4.95353E+02  2.19558E+02
  7.74792E+02  4.94632E+02  2.19560E+02
  7.73214E+02  4.93914E+02  2.19561E+02
  7.71642E+02  4.93198E+02  2.19563E+02
  7.70077E+02  4.92486E+02  2.19564E+02
  7.68518E+02  4.91776E+02  2.19565E+02
  7.66966E+02  4.91070E+02  2.19567E+02
  7.65421E+02  4.90367E+02  2.19568E+02
  7.63881E+02  4.89667E+02  2.19569E+02
  7.62347E+02  4.88970E+02  2.19571E+02
  7.60812E+02  4.88273E+02  2.19572E+02
  7.59283E+02  4.87579E+02  2.19573E+02
  7.57760E+02  4.86887E+02  2.19575E+02
  7.56243E+02  4.86199E+02  2.19576E+02
  7.54732E+02  4.85513E+02  2.19577E+02
  7.53226E+02  4.84830E+02  2.19578E+02
  7.51727E+02  4.84150E+02  2.19579E+02
  7.50233E+02  4.83472E+02  2.19581E+02
  7.48744E+02  4.82797E+02  2.19582E+02
  7.47262E+02  4.82125E+02  2.19583E+02
  7.45785E+02  4.81456E+02  2.19584E+02
  7.44313E+02  4.80790E+02  2.19585E+02
  7.42848E+02  4.80126E+02  2.19586E+02
  7.41387E+02  4.79467E+02  2.19587E+02
  7.39932E+02  4.78809E+02  2.19589E+02
  7.43972E+02  4.79677E+02  2.19600E+02
  7.49941E+02  4.81696E+02  2.19614E+02
  7.55216E+02  4.84013E+02  2.19626E+02
  7.59951E+02  4.86303E+02  2.19637E+02
  7.64145E+02  4.88422E+02  2.19648E+02
  7.67799E+02  4.90307E+02  2.19657E+02
  7.70934E+02  4.91937E+02  2.19666E+02
  7.73586E+02  4.93318E+02  2.19674E+02
  7.75788E+02  4.94462E+02  2.19681E+02
  7.77583E+02  4.95390E+02  2.19688E+02
  7.79015E+02  4.96125E+02  2.19695E+02
  7.80110E+02  4.96683E+02  2.19701E+02
  7.80898E+02  4.97082E+02  2.19707E+02
  7.81471E+02  4.97404E+02  2.19712E+02
  7.87201E+02  4.99132E+02  2.19725E+02
  7.93473E+02  5.01617E+02  2.19736E+02
  7.99045E+02  5.04223E+02  2.19747E+02
  8.04032E+02  5.06710E+02  2.19757E+02
  8.08452E+02  5.08967E+02  2.19767E+02
  8.12325E+02  5.10948E+02  2.19776E+02
  8.15684E+02  5.12639E+02  2.19784E+02
  8.18565E+02  5.14051E+02  2.19791E+02
  8.21007E+02  5.15201E+02  2.19799E+02
  8.23046E+02  5.16115E+02  2.19806E+02
  8.24726E+02  5.16819E+02  2.19812E+02
  8.26068E+02  5.17335E+02  2.19818E+02
  8.27102E+02  5.17685E+02  2.19824E+02
  8.27858E+02  5.17892E+02  2.19830E+02
  8.29925E+02  5.18468E+02  2.19841E+02
  8.31692E+02  5.19117E+02  2.19851E+02
  8.33211E+02  5.19716E+02  2.19860E+02
  8.34466E+02  5.20216E+02  2.19869E+02
  8.35456E+02  5.20601E+02  2.19877E+02
  8.36187E+02  5.20865E+02  2.19885E+02
  8.36681E+02  5.21017E+02  2.19892E+02
  8.36953E+02  5.21064E+02  2.19899E+02
  8.37019E+02  5.21017E+02  2.19905E+02
  8.36899E+02  5.20886E+02  2.19912E+02
  8.36610E+02  5.20681E+02  2.19918E+02
  8.36169E+02  5.20410E+02  2.19923E+02
  8.35592E+02  5.20082E+02  2.19929E+02
  8.34891E+02  5.19705E+02  2.19934E+02
  8.34081E+02  5.19285E+02  2.19939E+02
  8.33177E+02  5.18831E+02  2.19944E+02
  8.36387E+02  5.19532E+02  2.19962E+02
  8.41195E+02  5.21129E+02  2.19980E+02
  8.45366E+02  5.22918E+02  2.19996E+02
  8.49021E+02  5.24644E+02  2.20011E+02
  8.52156E+02  5.26202E+02  2.20025E+02
  8.54788E+02  5.27555E+02  2.20038E+02
  8.56923E+02  5.28684E+02  2.20050E+02
  8.58594E+02  5.29594E+02  2.20061E+02
  8.59838E+02  5.30298E+02  2.20072E+02
  8.60695E+02  5.30814E+02  2.20082E+02
  8.61204E+02  5.31159E+02  2.20091E+02
  8.61401E+02  5.31352E+02  2.20101E+02
  8.61322E+02  5.31409E+02  2.20109E+02
  8.60997E+02  5.31346E+02  2.20118E+02
  8.60456E+02  5.31177E+02  2.20125E+02
  8.59725E+02  5.30916E+02  2.20133E+02
  8.58827E+02  5.30573E+02  2.20140E+02
  8.57783E+02  5.30159E+02  2.20147E+02
  8.56612E+02  5.29685E+02  2.20154E+02
  8.55331E+02  5.29157E+02  2.20161E+02
  8.54967E+02  5.28915E+02  2.20167E+02
  8.55134E+02  5.28953E+02  2.20173E+02
  8.62905E+02  5.31115E+02  2.20192E+02
  8.70146E+02  5.34086E+02  2.20210E+02
  8.76589E+02  5.37154E+02  2.20227E+02
  8.82296E+02  5.40048E+02  2.20242E+02
  8.87265E+02  5.42649E+02  2.20257E+02
  8.91516E+02  5.44908E+02  2.20270E+02
  8.95088E+02  5.46817E+02  2.20283E+02
  8.98029E+02  5.48388E+02  2.20295E+02
  9.00406E+02  5.49650E+02  2.20306E+02
  9.02244E+02  5.50618E+02  2.20317E+02
  9.03615E+02  5.51332E+02  2.20327E+02
  9.04553E+02  5.51814E+02  2.20337E+02
  9.05104E+02  5.52092E+02  2.20346E+02
  9.05309E+02  5.52191E+02  2.20355E+02
  9.05204E+02  5.52133E+02  2.20364E+02
  9.04825E+02  5.51939E+02  2.20372E+02
  9.04202E+02  5.51627E+02  2.20380E+02
  9.03364E+02  5.51214E+02  2.20388E+02
  9.02337E+02  5.50713E+02  2.20395E+02
  9.01148E+02  5.50140E+02  2.20403E+02
  8.99809E+02  5.49501E+02  2.20410E+02
  8.98343E+02  5.48808E+02  2.20417E+02
  8.96767E+02  5.48068E+02  2.20423E+02
  8.95103E+02  5.47294E+02  2.20430E+02
  8.93349E+02  5.46484E+02  2.20436E+02
  8.91525E+02  5.45648E+02  2.20443E+02
  8.89640E+02  5.44789E+02  2.20449E+02
  8.87704E+02  5.43912E+02  2.20455E+02
  8.85734E+02  5.43024E+02  2.20460E+02
  8.83719E+02  5.42120E+02  2.20466E+02
  8.81684E+02  5.41212E+02  2.20472E+02
  8.79614E+02  5.40292E+02  2.20477E+02
  8.77535E+02  5.39372E+02  2.20483E+02
  8.75431E+02  5.38444E+02  2.20488E+02
  8.73325E+02  5.37519E+02  2.20493E+02
  8.71201E+02  5.36588E+02  2.20498E+02
  8.69071E+02  5.35657E+02  2.20503E+02
  8.66937E+02  5.34728E+02  2.20508E+02
  8.64803E+02  5.33799E+02  2.20513E+02
  8.62669E+02  5.32873E+02  2.20518E+02
  8.60538E+02  5.31950E+02  2.20523E+02
  8.58411E+02  5.31030E+02  2.20527E+02
  8.56297E+02  5.30116E+02  2.20532E+02
  8.54180E+02  5.29201E+02  2.20537E+02
  8.52070E+02  5.28291E+02  2.20541E+02
  8.49967E+02  5.27384E+02  2.20545E+02
  8.47872E+02  5.26481E+02  2.20550E+02
  8.45785E+02  5.25581E+02  2.20554E+02
  8.43708E+02  5.24686E+02  2.20558E+02
  8.41640E+02  5.23795E+02  2.20562E+02
  8.39582E+02  5.22908E+02  2.20566E+02
  8.37534E+02  5.22029E+02  2.20570E+02
  8.35497E+02  5.21159E+02  2.20574E+02
  8.33473E+02  5.20299E+02  2.20578E+02
  8.31461E+02  5.19447E+02  2.20582E+02
  8.29463E+02  5.18600E+02  2.20585E+02
  8.27479E+02  5.17756E+02  2.20589E+02
  8.25534E+02  5.16930E+02  2.20593E+02
  8.23629E+02  5.16131E+02  2.20596E+02
  8.21763E+02  5.15349E+02  2.20600E+02
  8.19930E+02  5.14577E+02  2.20603E+02
  8.18125E+02  5.13811E+02  2.20607E+02
  8.16343E+02  5.13057E+02  2.20610E+02
  8.14581E+02  5.12321E+02  2.20613E+02
  8.12839E+02  5.11600E+02  2.20617E+02
  8.11114E+02  5.10887E+02  2.20620E+02
  8.09405E+02  5.10179E+02  2.20623E+02
  8.07711E+02  5.09468E+02  2.20626E+02
  8.06030E+02  5.08753E+02  2.20629E+02
  8.04358E+02  5.08032E+02  2.20632E+02
  8.02694E+02  5.07304E+02  2.20635E+02
  8.01598E+02  5.06715E+02  2.20638E+02
  8.00527E+02  5.06210E+02  2.20641E+02
  7.99393E+02  5.05727E+02  2.20644E+02
  7.98208E+02  5.05240E+02  2.20647E+02
  7.96974E+02  5.04736E+02  2.20650E+02
  7.95693E+02  5.04209E+02  2.20653E+02
  7.94368E+02  5.03657E+02  2.20656E+02
  7.93004E+02  5.03080E+02  2.20659E+02
  7.91605E+02  5.02481E+02  2.20661E+02
  7.90173E+02  5.01861E+02  2.20664E+02
  7.88714E+02  5.01222E+02  2.20667E+02
  7.87231E+02  5.00566E+02  2.20669E+02
  7.85727E+02  4.99897E+02  2.20672E+02
  7.84204E+02  4.99215E+02  2.20674E+02
  7.82667E+02  4.98524E+02  2.20677E+02
  7.81118E+02  4.97831E+02  2.20680E+02
  7.79567E+02  4.97148E+02  2.20683E+02
  7.78003E+02  4.96460E+02  2.20686E+02
  7.76437E+02  4.95771E+02  2.20689E+02
  7.74870E+02  4.95079E+02  2.20692E+02
  7.73304E+02  4.94385E+02  2.20695E+02
  7.71740E+02  4.93687E+02  2.20698E+02
  7.70178E+02  4.92986E+02  2.20700E+02
  7.68619E+02  4.92283E+02  2.20703E+02
  7.67062E+02  4.91577E+02  2.20705E+02
  7.65508E+02  4.90870E+02  2.20708E+02
  7.63956E+02  4.90162E+02  2.20710E+02
  7.62406E+02  4.89454E+02  2.20713E+02
  7.60859E+02  4.88746E+02  2.20715E+02
  7.59321E+02  4.88043E+02  2.20717E+02
  7.57785E+02  4.87340E+02  2.20719E+02
  7.56252E+02  4.86639E+02  2.20721E+02
  7.54713E+02  4.85936E+02  2.20724E+02
  7.53177E+02  4.85235E+02  2.20726E+02
  7.52753E+02  4.84838E+02  2.20728E+02
  7.52234E+02  4.84570E+02  2.20730E+02
  7.51660E+02  4.84340E+02  2.20732E+02
  7.51023E+02  4.84106E+02  2.20734E+02
  7.50313E+02  4.83845E+02  2.20736E+02
  7.56888E+02  4.85544E+02  2.20750E+02
  7.69847E+02  4.90396E+02  2.20776E+02
  7.81757E+02  4.96793E+02  2.20799E+02
  7.92893E+02  5.03602E+02  2.20821E+02
  8.03125E+02  5.10138E+02  2.20840E+02
  8.12361E+02  5.16048E+02  2.20858E+02
  8.20564E+02  5.21175E+02  2.20875E+02
  8.27760E+02  5.25497E+02  2.20890E+02
  8.33997E+02  5.29054E+02  2.20905E+02
  8.39345E+02  5.31935E+02  2.20918E+02
  8.43879E+02  5.34226E+02  2.20930E+02
  8.47672E+02  5.36009E+02  2.20942E+02
  8.50796E+02  5.37355E+02  2.20953E+02
  8.53317E+02  5.38326E+02  2.20964E+02
  8.55308E+02  5.38980E+02  2.20973E+02
  8.56805E+02  5.39359E+02  2.20983E+02
  8.57878E+02  5.39508E+02  2.20992E+02
  8.60113E+02  5.39995E+02  2.21004E+02
  8.68584E+02  5.43421E+02  2.21028E+02
  8.76285E+02  5.48138E+02  2.21050E+02
  8.83431E+02  5.53058E+02  2.21070E+02
  8.89933E+02  5.57622E+02  2.21089E+02
  8.95713E+02  5.61571E+02  2.21106E+02
  9.00743E+02  5.64820E+02  2.21123E+02
  9.05027E+02  5.67367E+02  2.21138E+02
  9.08593E+02  5.69256E+02  2.21153E+02
  9.11492E+02  5.70583E+02  2.21167E+02
  9.13784E+02  5.71440E+02  2.21180E+02
  9.15527E+02  5.71905E+02  2.21192E+02
  9.16782E+02  5.72045E+02  2.21204E+02
  9.17594E+02  5.71914E+02  2.21216E+02
  9.18013E+02  5.71560E+02  2.21227E+02
  9.18083E+02  5.71023E+02  2.21237E+02
  9.17849E+02  5.70339E+02  2.21247E+02
  9.17349E+02  5.69536E+02  2.21257E+02
  9.16615E+02  5.68632E+02  2.21267E+02
  9.15681E+02  5.67656E+02  2.21276E+02
  9.14573E+02  5.66621E+02  2.21285E+02
  9.13313E+02  5.65541E+02  2.21294E+02
  9.11917E+02  5.64421E+02  2.21303E+02
  9.10409E+02  5.63276E+02  2.21312E+02
  9.08804E+02  5.62114E+02  2.21320E+02
  9.07117E+02  5.60941E+02  2.21328E+02
  9.05361E+02  5.59763E+02  2.21337E+02
  9.03554E+02  5.58589E+02  2.21345E+02
  9.01689E+02  5.57412E+02  2.21352E+02
  8.99783E+02  5.56239E+02  2.21360E+02
  8.97851E+02  5.55078E+02  2.21368E+02
  8.95882E+02  5.53920E+02  2.21376E+02
  8.93889E+02  5.52772E+02  2.21383E+02
  8.91878E+02  5.51635E+02  2.21390E+02
  8.89852E+02  5.50508E+02  2.21398E+02
  8.87816E+02  5.49392E+02  2.21405E+02
  8.85780E+02  5.48293E+02  2.21412E+02
  8.83741E+02  5.47207E+02  2.21419E+02
  8.81691E+02  5.46128E+02  2.21426E+02
  8.79642E+02  5.45062E+02  2.21433E+02
  8.77604E+02  5.44013E+02  2.21440E+02
