 Yearly Averaged Recharge Values for MODFLOW
 
 year:        2005
  0.00000E+00  0.00000E+00  0.00000E+00  3.19293E+02  6.79876E+02  2.59278E+02  6.71835E+02  2.29553E+02  0.00000E+00  0.00000E+00  0.00000E+00  0.00000E+00  0.00000E+00  0.00000E+00  0.00000E+00  0.00000E+00  0.00000E+00  0.00000E+00  0.00000E+00  0.00000E+00  0.00000E+00  0.00000E+00  0.00000E+00  0.00000E+00  0.00000E+00  0.00000E+00  0.00000E+00  0.00000E+00  0.00000E+00  0.00000E+00  0.00000E+00  0.00000E+00  0.00000E+00  0.00000E+00  0.00000E+00  0.00000E+00  0.00000E+00  0.00000E+00  0.00000E+00  0.00000E+00  0.00000E+00  0.00000E+00  0.00000E+00  0.00000E+00  0.00000E+00  0.00000E+00  0.00000E+00  0.00000E+00  0.00000E+00  0.00000E+00  0.00000E+00  0.00000E+00  0.00000E+00  0.00000E+00  0.00000E+00  0.00000E+00  0.00000E+00  0.00000E+00  0.00000E+00  0.00000E+00  0.00000E+00  0.00000E+00  0.00000E+00  0.00000E+00  0.00000E+00  0.00000E+00  0.00000E+00  0.00000E+00  0.00000E+00  0.00000E+00  0.00000E+00  0.00000E+00  0.00000E+00
  0.00000E+00  7.35477E+02  8.70934E+02  1.37292E+03  1.31982E+03  1.59941E+03  5.20927E+02  6.80419E+02  2.25943E+02  0.00000E+00  0.00000E+00  0.00000E+00  0.00000E+00  0.00000E+00  0.00000E+00  0.00000E+00  0.00000E+00  0.00000E+00  0.00000E+00  0.00000E+00  0.00000E+00  0.00000E+00  0.00000E+00  0.00000E+00  0.00000E+00  0.00000E+00  0.00000E+00  0.00000E+00  0.00000E+00  0.00000E+00  0.00000E+00  0.00000E+00  0.00000E+00  0.00000E+00  0.00000E+00  0.00000E+00  0.00000E+00  0.00000E+00  0.00000E+00  0.00000E+00  0.00000E+00  0.00000E+00  0.00000E+00  0.00000E+00  0.00000E+00  0.00000E+00  0.00000E+00  0.00000E+00  0.00000E+00  0.00000E+00  0.00000E+00  0.00000E+00  0.00000E+00  0.00000E+00  0.00000E+00  0.00000E+00  0.00000E+00  0.00000E+00  0.00000E+00  0.00000E+00  0.00000E+00  0.00000E+00  0.00000E+00  0.00000E+00  0.00000E+00  0.00000E+00  0.00000E+00  0.00000E+00  0.00000E+00  0.00000E+00  0.00000E+00  0.00000E+00  0.00000E+00
  1.03674E+03  7.55067E+02  1.47378E+03  1.67289E+03  1.22348E+03  2.29380E+03  4.90941E+02  6.69396E+02  1.77745E+03  1.46452E+03  0.00000E+00  0.00000E+00  0.00000E+00  0.00000E+00  0.00000E+00  0.00000E+00  0.00000E+00  0.00000E+00  0.00000E+00  0.00000E+00  0.00000E+00  0.00000E+00  0.00000E+00  0.00000E+00  0.00000E+00  0.00000E+00  0.00000E+00  0.00000E+00  0.00000E+00  0.00000E+00  0.00000E+00  0.00000E+00  0.00000E+00  0.00000E+00  0.00000E+00  0.00000E+00  0.00000E+00  0.00000E+00  0.00000E+00  0.00000E+00  0.00000E+00  0.00000E+00  0.00000E+00  0.00000E+00  0.00000E+00  0.00000E+00  0.00000E+00  0.00000E+00  0.00000E+00  0.00000E+00  0.00000E+00  0.00000E+00  0.00000E+00  0.00000E+00  0.00000E+00  0.00000E+00  0.00000E+00  0.00000E+00  0.00000E+00  0.00000E+00  0.00000E+00  0.00000E+00  0.00000E+00  0.00000E+00  0.00000E+00  0.00000E+00  0.00000E+00  0.00000E+00  0.00000E+00  0.00000E+00  0.00000E+00  0.00000E+00  0.00000E+00
  7.70550E+02  9.58063E+02  4.53808E+02  5.60147E+02  1.10613E+03  1.67824E+03  1.99567E+02  8.23376E+02  2.42961E+03  1.55923E+03  3.89995E+02  1.41413E+02  6.28559E+02  0.00000E+00  0.00000E+00  0.00000E+00  0.00000E+00  0.00000E+00  0.00000E+00  0.00000E+00  0.00000E+00  0.00000E+00  0.00000E+00  0.00000E+00  0.00000E+00  0.00000E+00  0.00000E+00  0.00000E+00  0.00000E+00  0.00000E+00  0.00000E+00  0.00000E+00  0.00000E+00  0.00000E+00  0.00000E+00  0.00000E+00  0.00000E+00  0.00000E+00  0.00000E+00  0.00000E+00  0.00000E+00  0.00000E+00  0.00000E+00  0.00000E+00  0.00000E+00  0.00000E+00  0.00000E+00  0.00000E+00  0.00000E+00  0.00000E+00  0.00000E+00  0.00000E+00  0.00000E+00  0.00000E+00  0.00000E+00  0.00000E+00  0.00000E+00  0.00000E+00  0.00000E+00  0.00000E+00  0.00000E+00  0.00000E+00  0.00000E+00  0.00000E+00  0.00000E+00  0.00000E+00  0.00000E+00  0.00000E+00  0.00000E+00  0.00000E+00  0.00000E+00  0.00000E+00  0.00000E+00
  2.23752E+02  1.42019E+03  1.32690E+03  4.62288E+02  6.75453E+02  7.52044E+02  1.03953E+03  1.45687E+02  1.36611E+03  1.58720E+03  1.59507E+03  1.37876E+03  1.16922E+03  8.75021E+02  6.23407E+02  9.80912E+02  7.20371E+02  4.14840E+02  5.07312E+02  7.53200E+01  0.00000E+00  0.00000E+00  0.00000E+00  0.00000E+00  0.00000E+00  0.00000E+00  0.00000E+00  0.00000E+00  0.00000E+00  0.00000E+00  0.00000E+00  0.00000E+00  0.00000E+00  0.00000E+00  0.00000E+00  0.00000E+00  0.00000E+00  0.00000E+00  0.00000E+00  0.00000E+00  0.00000E+00  0.00000E+00  0.00000E+00  0.00000E+00  0.00000E+00  0.00000E+00  0.00000E+00  0.00000E+00  0.00000E+00  0.00000E+00  0.00000E+00  0.00000E+00  0.00000E+00  0.00000E+00  0.00000E+00  0.00000E+00  0.00000E+00  0.00000E+00  0.00000E+00  0.00000E+00  0.00000E+00  0.00000E+00  0.00000E+00  0.00000E+00  0.00000E+00  0.00000E+00  0.00000E+00  0.00000E+00  0.00000E+00  0.00000E+00  0.00000E+00  0.00000E+00  0.00000E+00
  0.00000E+00  0.00000E+00  8.22402E+02  5.99794E+02  2.35094E+02  1.02431E+03  1.28556E+03  2.61933E+02  1.21734E+03  1.24810E+03  1.53534E+03  8.58487E+02  1.15676E+03  1.29464E+03  6.61755E+02  1.26846E+03  1.30453E+03  8.01908E+02  8.79426E+02  8.37866E+02  2.66961E+02  0.00000E+00  0.00000E+00  0.00000E+00  0.00000E+00  0.00000E+00  0.00000E+00  0.00000E+00  0.00000E+00  0.00000E+00  0.00000E+00  0.00000E+00  0.00000E+00  0.00000E+00  0.00000E+00  0.00000E+00  0.00000E+00  0.00000E+00  0.00000E+00  0.00000E+00  0.00000E+00  0.00000E+00  0.00000E+00  0.00000E+00  0.00000E+00  0.00000E+00  0.00000E+00  0.00000E+00  0.00000E+00  0.00000E+00  0.00000E+00  0.00000E+00  0.00000E+00  0.00000E+00  0.00000E+00  0.00000E+00  0.00000E+00  0.00000E+00  0.00000E+00  0.00000E+00  0.00000E+00  0.00000E+00  0.00000E+00  0.00000E+00  0.00000E+00  0.00000E+00  0.00000E+00  0.00000E+00  0.00000E+00  0.00000E+00  0.00000E+00  0.00000E+00  0.00000E+00
  0.00000E+00  0.00000E+00  4.53679E+02  1.18043E+03  1.22459E+03  2.96885E+02  1.31256E+03  3.62711E+02  1.49533E+03  1.86787E+03  1.13309E+03  1.00531E+03  1.29112E+03  9.51130E+02  6.94636E+02  6.91025E+02  1.27789E+03  1.05533E+03  1.06986E+03  1.89059E+03  1.59271E+03  5.44750E+02  0.00000E+00  0.00000E+00  0.00000E+00  0.00000E+00  0.00000E+00  0.00000E+00  0.00000E+00  0.00000E+00  0.00000E+00  0.00000E+00  0.00000E+00  0.00000E+00  0.00000E+00  0.00000E+00  0.00000E+00  0.00000E+00  0.00000E+00  2.52423E+01  4.09319E+01  0.00000E+00  0.00000E+00  0.00000E+00  0.00000E+00  0.00000E+00  0.00000E+00  0.00000E+00  0.00000E+00  0.00000E+00  2.36131E+01  1.18065E+01  0.00000E+00  0.00000E+00  0.00000E+00  0.00000E+00  0.00000E+00  0.00000E+00  0.00000E+00  0.00000E+00  0.00000E+00  0.00000E+00  0.00000E+00  0.00000E+00  0.00000E+00  0.00000E+00  0.00000E+00  0.00000E+00  0.00000E+00  0.00000E+00  0.00000E+00  0.00000E+00  0.00000E+00
  0.00000E+00  0.00000E+00  1.94525E+02  7.35793E+02  1.09016E+03  4.69249E+02  1.18145E+03  6.79485E+02  1.04623E+03  1.43646E+03  1.82983E+03  4.87262E+02  1.05211E+03  6.85421E+02  5.53825E+02  1.09058E+03  1.31138E+03  1.07830E+03  6.54219E+02  1.09867E+03  1.47494E+03  8.38404E+02  0.00000E+00  0.00000E+00  0.00000E+00  0.00000E+00  0.00000E+00  0.00000E+00  0.00000E+00  0.00000E+00  0.00000E+00  0.00000E+00  0.00000E+00  0.00000E+00  0.00000E+00  0.00000E+00  0.00000E+00  0.00000E+00  1.30391E+00  1.02607E+02  9.36703E+01  0.00000E+00  0.00000E+00  0.00000E+00  0.00000E+00  1.35668E+02  8.23964E+01  0.00000E+00  0.00000E+00  2.75018E+02  1.06084E+03  5.33811E+02  0.00000E+00  0.00000E+00  0.00000E+00  0.00000E+00  0.00000E+00  0.00000E+00  0.00000E+00  0.00000E+00  0.00000E+00  0.00000E+00  0.00000E+00  0.00000E+00  0.00000E+00  0.00000E+00  0.00000E+00  0.00000E+00  0.00000E+00  0.00000E+00  0.00000E+00  0.00000E+00  0.00000E+00
  0.00000E+00  0.00000E+00  0.00000E+00  2.30004E+01  1.82729E+02  5.32995E+02  1.05995E+03  9.95044E+02  7.27986E+02  1.45018E+03  7.48314E+02  8.27786E+02  8.85667E+02  9.29680E+02  1.21658E+03  1.44982E+03  1.31945E+03  1.10870E+03  8.49185E+02  1.19834E+03  8.00739E+02  1.33159E+03  0.00000E+00  0.00000E+00  0.00000E+00  0.00000E+00  0.00000E+00  0.00000E+00  0.00000E+00  0.00000E+00  2.14290E+02  1.38604E+02  0.00000E+00  5.29211E+01  7.13870E+01  3.51007E+02  4.46189E+02  6.80566E+02  7.83806E+02  3.95387E+02  0.00000E+00  0.00000E+00  0.00000E+00  0.00000E+00  2.06438E+02  9.02396E+02  8.31272E+02  0.00000E+00  8.44220E+02  1.61583E+03  1.47835E+03  2.38934E+02  2.23937E+02  0.00000E+00  0.00000E+00  0.00000E+00  0.00000E+00  0.00000E+00  0.00000E+00  0.00000E+00  0.00000E+00  0.00000E+00  0.00000E+00  0.00000E+00  0.00000E+00  0.00000E+00  0.00000E+00  0.00000E+00  0.00000E+00  0.00000E+00  0.00000E+00  0.00000E+00  0.00000E+00
  0.00000E+00  0.00000E+00  0.00000E+00  4.14834E+02  1.44813E+03  1.77394E+03  6.85913E+02  9.39567E+02  8.01377E+02  2.20605E+03  1.39717E+03  3.78022E+02  1.30956E+03  7.90194E+02  8.26463E+02  9.06260E+02  6.89215E+02  1.15324E+03  3.66022E+02  9.44950E+02  1.06425E+03  1.13736E+03  6.48753E+02  2.61968E+02  4.76260E+02  4.21829E+02  1.41081E+02  2.67600E+02  4.04254E+02  3.09947E+02  1.00587E+03  1.00834E+03  0.00000E+00  7.25120E+02  1.29721E+03  8.92373E+02  1.23620E+03  1.00657E+03  1.24026E+03  5.56991E+02  0.00000E+00  0.00000E+00  1.38604E+02  7.10222E+02  3.45042E+02  0.00000E+00  5.49292E+02  6.54352E+02  1.07319E+03  1.42278E+03  1.71847E+03  1.04269E+03  1.09269E+03  0.00000E+00  0.00000E+00  0.00000E+00  0.00000E+00  0.00000E+00  0.00000E+00  0.00000E+00  0.00000E+00  0.00000E+00  0.00000E+00  0.00000E+00  0.00000E+00  0.00000E+00  0.00000E+00  0.00000E+00  0.00000E+00  0.00000E+00  0.00000E+00  0.00000E+00  0.00000E+00
  0.00000E+00  0.00000E+00  0.00000E+00  0.00000E+00  9.32762E+02  7.95307E+02  4.71482E+02  9.71168E+02  5.99660E+02  9.64204E+02  1.17903E+03  2.69237E+02  1.85654E+03  1.29555E+03  5.08863E+02  6.05903E+02  6.80445E+02  5.50019E+02  2.66366E+02  8.35862E+02  8.68344E+02  8.82293E+02  1.18242E+03  5.52822E+02  5.90198E+02  3.85139E+02  1.12911E+03  4.49684E+02  3.37361E+02  2.43214E+02  8.61394E+02  1.52306E+03  1.19450E+03  5.81763E+02  5.62726E+02  5.41366E+02  1.31880E+03  5.42616E+02  0.00000E+00  0.00000E+00  0.00000E+00  6.95579E+02  1.60735E+03  2.81033E+03  1.05034E+03  2.09747E+02  2.71886E+02  2.62591E+02  9.37351E+02  1.33020E+03  1.59042E+03  2.09844E+03  2.24571E+03  4.30192E+02  0.00000E+00  0.00000E+00  0.00000E+00  0.00000E+00  0.00000E+00  0.00000E+00  0.00000E+00  0.00000E+00  0.00000E+00  0.00000E+00  0.00000E+00  0.00000E+00  0.00000E+00  0.00000E+00  0.00000E+00  0.00000E+00  0.00000E+00  0.00000E+00  0.00000E+00
  0.00000E+00  0.00000E+00  0.00000E+00  0.00000E+00  2.59469E+02  9.23475E+01  7.52739E+02  1.96032E+03  1.34735E+03  2.90556E+02  1.37637E+02  1.45152E+03  1.49547E+03  5.78368E+02  6.96670E+02  1.42475E+03  9.09856E+02  8.10126E+02  3.13442E+02  1.02004E+03  2.01657E+03  1.38049E+03  2.91787E+02  4.59282E+02  3.74264E+02  3.32618E+02  6.98517E+02  4.96949E+02  2.10007E+02  3.45162E+02  5.88682E+02  2.82418E+02  7.00228E+02  9.06900E+02  3.64676E+02  3.58935E+02  4.33219E+02  1.87523E+02  1.20117E+02  4.27386E+01  9.61478E+01  2.59696E+02  1.56493E+03  1.63156E+03  1.17986E+03  3.75577E+02  9.55143E+02  8.09180E+02  1.48520E+03  8.30162E+02  2.76404E+03  3.79699E+03  4.09435E+03  1.40135E+03  0.00000E+00  0.00000E+00  0.00000E+00  0.00000E+00  0.00000E+00  0.00000E+00  0.00000E+00  0.00000E+00  0.00000E+00  0.00000E+00  0.00000E+00  0.00000E+00  0.00000E+00  0.00000E+00  0.00000E+00  0.00000E+00  0.00000E+00  0.00000E+00  0.00000E+00
  0.00000E+00  0.00000E+00  0.00000E+00  0.00000E+00  0.00000E+00  0.00000E+00  0.00000E+00  1.53588E+03  2.18826E+03  6.24816E+02  0.00000E+00  2.29560E+03  2.15946E+03  2.56130E+02  1.03062E+03  2.07263E+03  1.08381E+03  4.30417E+02  2.95694E+02  5.14176E+02  1.50894E+03  1.34533E+03  3.37135E+02  2.16119E+02  4.82324E+02  5.23970E+02  1.35154E+02  2.10007E+02  7.72406E+02  6.25918E+02  1.02421E+03  6.57758E+02  1.87198E+02  1.78290E+02  1.67266E+02  5.74807E+02  1.01450E+03  3.08400E+02  2.07326E+02  3.59606E+01  2.11597E+02  1.60486E+02  3.88726E+02  2.31469E+03  9.66723E+02  7.82152E+02  1.38050E+03  1.87360E+03  1.64922E+03  4.74153E+02  1.24277E+03  1.47742E+03  3.22297E+03  1.84607E+03  6.77161E+02  8.23332E+02  0.00000E+00  0.00000E+00  0.00000E+00  0.00000E+00  0.00000E+00  0.00000E+00  0.00000E+00  0.00000E+00  0.00000E+00  0.00000E+00  0.00000E+00  0.00000E+00  0.00000E+00  0.00000E+00  0.00000E+00  0.00000E+00  0.00000E+00
  0.00000E+00  0.00000E+00  0.00000E+00  0.00000E+00  0.00000E+00  0.00000E+00  0.00000E+00  7.60941E+02  2.07515E+03  2.00986E+03  3.05179E+02  3.41766E+02  4.07653E+02  9.40327E+02  7.50939E+02  1.96894E+03  2.12079E+03  8.33777E+02  3.61961E+02  5.33815E+02  6.56353E+02  2.50846E+03  1.77925E+03  5.36488E+02  1.06446E+03  2.99412E+02  2.24559E+02  2.73929E+02  9.24471E+02  6.14440E+02  2.81206E+02  3.20175E+02  3.58811E+02  2.01035E+02  1.38140E+02  4.92990E+02  8.81022E+02  8.11248E+02  2.04258E+02  4.38279E+02  2.32323E+02  1.77352E+02  2.40050E+02  5.93833E+02  2.05635E+02  1.60753E+03  2.40248E+03  1.54844E+03  1.74382E+03  9.10585E+02  2.63822E+03  3.50210E+03  2.46303E+03  2.92330E+03  2.98950E+03  2.89899E+03  1.01164E+03  0.00000E+00  0.00000E+00  0.00000E+00  0.00000E+00  0.00000E+00  0.00000E+00  0.00000E+00  0.00000E+00  0.00000E+00  0.00000E+00  0.00000E+00  0.00000E+00  0.00000E+00  0.00000E+00  0.00000E+00  0.00000E+00
  0.00000E+00  0.00000E+00  0.00000E+00  0.00000E+00  0.00000E+00  0.00000E+00  0.00000E+00  6.95739E+02  1.97013E+03  1.85977E+03  3.02397E+02  7.83550E+01  8.41461E+02  1.04653E+03  4.80202E+02  1.17835E+03  2.03045E+03  1.08459E+03  3.75871E+02  1.41713E+02  3.04149E+02  1.76173E+03  1.37728E+03  5.30269E+02  6.46150E+02  6.96994E+02  5.04094E+02  7.31569E+02  6.14591E+02  1.62249E+02  3.87955E+02  3.61165E+02  4.25092E+02  2.84054E+02  1.72892E+02  1.84585E+02  3.37934E+02  9.87982E+02  8.11190E+02  8.10301E+02  6.23028E+02  2.25998E+02  2.98760E+02  6.10125E+02  8.73184E+02  1.18299E+03  2.78111E+03  2.65163E+03  2.27060E+03  2.03391E+03  2.26921E+03  1.89896E+03  1.96527E+03  1.95108E+03  2.59812E+03  2.09300E+03  1.25969E+03  8.03464E+02  0.00000E+00  0.00000E+00  0.00000E+00  0.00000E+00  0.00000E+00  0.00000E+00  0.00000E+00  0.00000E+00  0.00000E+00  0.00000E+00  0.00000E+00  0.00000E+00  0.00000E+00  0.00000E+00  0.00000E+00
  0.00000E+00  0.00000E+00  0.00000E+00  0.00000E+00  0.00000E+00  0.00000E+00  0.00000E+00  8.79135E+02  1.48291E+03  1.14635E+03  1.08268E+03  7.98849E+02  1.31430E+03  1.71101E+03  1.98579E+03  1.63288E+03  1.89629E+03  1.69330E+03  5.10311E+02  1.78576E+02  5.98684E+02  7.76677E+02  1.11621E+03  7.01543E+02  4.59882E+02  6.19753E+02  1.06029E+03  8.63003E+02  1.49706E+02  7.48529E+01  8.90863E+01  1.69147E+02  5.78053E+02  5.47877E+02  1.92320E+02  1.98127E+02  1.88674E+03  2.17834E+03  2.97541E+03  3.12158E+03  1.56999E+03  1.88852E+02  5.80703E+02  1.36367E+03  1.74905E+03  1.83926E+03  2.42223E+03  2.82908E+03  2.38325E+03  2.31531E+03  2.86217E+03  2.47015E+03  2.09258E+03  1.15864E+03  2.14223E+03  1.81166E+03  8.74458E+02  1.65995E+03  3.92858E+02  0.00000E+00  0.00000E+00  0.00000E+00  0.00000E+00  0.00000E+00  0.00000E+00  0.00000E+00  0.00000E+00  0.00000E+00  0.00000E+00  0.00000E+00  0.00000E+00  0.00000E+00  0.00000E+00
  0.00000E+00  0.00000E+00  0.00000E+00  0.00000E+00  0.00000E+00  0.00000E+00  0.00000E+00  2.80275E+02  8.37211E+02  1.11884E+03  9.26613E+02  9.55612E+02  1.39835E+03  8.25297E+02  1.07965E+03  4.17163E+02  1.26063E+03  1.83732E+03  1.42853E+02  7.11559E+02  7.60895E+02  8.00893E+02  9.03518E+02  6.37780E+02  4.88673E+02  4.83686E+02  1.16659E+03  8.65412E+02  3.69180E+02  0.00000E+00  4.70816E+02  3.24198E+02  1.19682E+03  1.33367E+03  8.92279E+02  1.72080E+03  2.37952E+03  2.30324E+03  3.70399E+03  1.90801E+03  2.17097E+03  1.79091E+03  9.56499E+02  1.43003E+03  2.22226E+03  1.55400E+03  1.73810E+03  2.15592E+03  2.21047E+03  1.78299E+03  1.73598E+03  2.56552E+03  2.50942E+03  1.31342E+03  2.09464E+03  2.29337E+03  3.96244E+02  2.17332E+03  1.91798E+03  2.21260E+02  0.00000E+00  0.00000E+00  0.00000E+00  0.00000E+00  0.00000E+00  0.00000E+00  0.00000E+00  0.00000E+00  0.00000E+00  0.00000E+00  0.00000E+00  0.00000E+00  0.00000E+00
  0.00000E+00  0.00000E+00  0.00000E+00  0.00000E+00  0.00000E+00  0.00000E+00  0.00000E+00  0.00000E+00  2.06909E+02  1.41822E+03  1.49610E+03  4.93723E+02  2.49439E+03  2.29456E+03  1.63915E+03  2.57056E+03  1.51662E+03  2.29969E+02  8.56890E+02  3.08129E+02  1.10389E+03  6.15777E+02  7.20613E+02  3.89536E+02  3.66372E+02  3.44912E+02  1.03596E+03  4.72356E+02  5.84839E+02  3.63817E+02  5.55140E+02  1.03878E+03  1.25784E+03  7.70717E+02  1.75540E+03  2.00995E+03  3.19044E+03  2.57452E+03  3.60441E+03  2.45645E+03  2.18461E+03  2.69487E+03  2.19936E+03  1.14847E+03  2.09145E+03  2.55481E+03  2.54546E+03  2.66413E+03  2.40476E+03  1.80104E+03  2.19017E+03  2.84433E+03  2.12021E+03  1.75995E+03  2.22257E+03  2.21926E+03  2.95174E+03  1.28150E+03  2.33991E+03  1.33408E+03  1.85699E+02  8.09596E+01  0.00000E+00  0.00000E+00  0.00000E+00  0.00000E+00  0.00000E+00  0.00000E+00  0.00000E+00  0.00000E+00  0.00000E+00  0.00000E+00  0.00000E+00
  0.00000E+00  0.00000E+00  0.00000E+00  0.00000E+00  0.00000E+00  0.00000E+00  0.00000E+00  0.00000E+00  1.06209E+01  3.37677E+02  1.59962E+03  5.34732E+02  1.85471E+03  7.96895E+02  1.11851E+03  2.63217E+03  7.00152E+02  5.22100E+02  1.05506E+03  9.43058E+02  3.52551E+02  6.33906E+02  4.21894E+02  5.28577E+02  1.68364E+02  1.91765E+02  2.71268E+02  1.08539E+02  2.74892E+02  5.07410E+02  2.87990E+02  1.11569E+03  4.68891E+02  1.96986E+03  2.62625E+03  1.87036E+03  2.26289E+03  3.18741E+03  2.81758E+03  2.74525E+03  1.79682E+03  2.01228E+03  1.61943E+03  1.60428E+03  2.82570E+03  2.42869E+03  2.00378E+03  2.01950E+03  1.85383E+03  2.65545E+03  2.55360E+03  2.01854E+03  1.93337E+03  1.91219E+03  3.04891E+03  2.66423E+03  2.73593E+03  1.33715E+03  1.73613E+03  2.41330E+03  6.72031E+02  1.63405E+03  0.00000E+00  0.00000E+00  0.00000E+00  0.00000E+00  0.00000E+00  0.00000E+00  0.00000E+00  0.00000E+00  0.00000E+00  0.00000E+00  0.00000E+00
  0.00000E+00  0.00000E+00  0.00000E+00  0.00000E+00  0.00000E+00  0.00000E+00  0.00000E+00  0.00000E+00  7.26051E+01  5.74452E+02  9.19412E+02  6.64291E+02  1.46518E+03  1.58123E+03  1.30966E+03  2.48601E+03  5.71596E+02  1.81569E+03  1.32472E+03  1.29362E+03  4.94910E+02  7.61726E+02  6.59119E+02  3.95713E+02  4.37277E+02  3.79947E+02  2.91452E+02  1.68841E+02  4.85698E+02  6.25672E+02  1.01120E+02  5.99439E+02  1.23913E+03  2.13643E+03  2.19006E+03  1.58094E+03  2.67625E+03  2.69251E+03  3.25796E+03  2.52825E+03  2.68080E+03  2.25951E+03  1.78494E+03  1.80392E+03  2.45925E+03  2.45895E+03  2.37204E+03  3.37267E+03  2.80764E+03  2.55811E+03  2.49375E+03  2.87271E+03  3.44197E+03  2.85571E+03  3.35687E+03  2.87689E+03  2.74156E+03  1.90828E+03  3.45694E+03  2.29835E+03  1.09714E+03  2.51520E+03  0.00000E+00  0.00000E+00  0.00000E+00  8.09596E+01  8.09596E+01  0.00000E+00  0.00000E+00  0.00000E+00  0.00000E+00  0.00000E+00  0.00000E+00
  0.00000E+00  0.00000E+00  0.00000E+00  0.00000E+00  0.00000E+00  0.00000E+00  0.00000E+00  0.00000E+00  3.48226E+01  5.17376E+02  1.08066E+03  1.41175E+03  3.15558E+02  7.41369E+02  1.46838E+03  5.79450E+02  1.05932E+03  1.73285E+03  1.10222E+03  1.21787E+03  3.08227E+02  5.64288E+02  2.83963E+02  6.80547E+02  8.68212E+02  6.76358E+02  3.99831E+02  8.83632E+02  9.80856E+02  3.85599E+02  4.56987E+02  9.39737E+02  2.08138E+03  2.48580E+03  2.31047E+03  2.36616E+03  2.15485E+03  1.85238E+03  3.48592E+03  2.65667E+03  2.12434E+03  1.34294E+03  1.26138E+03  1.95790E+03  2.88112E+03  2.61421E+03  3.35179E+03  2.79151E+03  2.18201E+03  4.06290E+03  2.60799E+03  1.86499E+03  3.08040E+03  2.82253E+03  3.01012E+03  2.59258E+03  3.91394E+03  3.69826E+02  7.37602E+02  1.94779E+03  9.23891E+02  1.10610E+03  4.75774E+02  1.58652E+02  0.00000E+00  9.81142E+02  1.15754E+03  2.39611E+02  0.00000E+00  0.00000E+00  0.00000E+00  0.00000E+00  0.00000E+00
  0.00000E+00  0.00000E+00  0.00000E+00  0.00000E+00  0.00000E+00  0.00000E+00  0.00000E+00  0.00000E+00  0.00000E+00  4.40240E+02  1.13821E+03  1.43432E+03  8.07248E+02  3.80462E+02  1.48936E+03  9.82235E+02  4.09375E+02  1.22074E+03  9.10414E+02  9.94413E+02  6.18220E+02  7.30625E+02  3.64924E+02  9.58581E+02  1.32864E+03  6.89081E+02  4.77245E+02  3.13615E+02  4.52697E+02  3.29600E+02  8.34730E+02  1.20753E+03  3.65662E+03  2.63220E+03  1.94300E+03  2.20723E+03  3.23303E+03  2.82099E+03  1.99374E+03  1.38796E+03  1.51636E+03  1.02459E+03  1.39960E+03  2.46758E+03  2.76254E+03  2.68423E+03  2.80453E+03  2.96894E+03  1.82104E+03  2.04112E+03  2.41757E+03  1.97084E+03  3.30474E+03  3.08166E+03  2.61319E+03  2.61130E+03  2.09310E+03  3.09835E+02  3.39906E+02  4.72499E+02  4.47127E+02  3.94211E+02  5.20699E+02  6.21812E+02  5.08673E+02  2.21103E+02  7.26777E+02  1.00612E+03  5.63169E+01  0.00000E+00  0.00000E+00  0.00000E+00  0.00000E+00
  0.00000E+00  0.00000E+00  0.00000E+00  0.00000E+00  0.00000E+00  0.00000E+00  0.00000E+00  0.00000E+00  0.00000E+00  4.45620E+02  1.43539E+03  1.67364E+03  1.04615E+03  5.83392E+02  1.18238E+03  3.29364E+02  9.58448E+02  8.06813E+02  7.89177E+02  6.41190E+02  2.75765E+02  3.79031E+02  6.11648E+02  1.14592E+03  1.13465E+03  1.60945E+03  8.33960E+02  6.32650E+02  5.64539E+02  6.32121E+02  3.22522E+02  1.48359E+03  2.45097E+03  2.33665E+03  1.24437E+03  2.69823E+03  3.16811E+03  1.96650E+03  1.81403E+03  1.22048E+03  2.04620E+03  1.46477E+03  1.13256E+03  1.77843E+03  2.44649E+03  3.25449E+03  3.17182E+03  3.06380E+03  1.75643E+03  2.73468E+03  2.82254E+03  2.27617E+03  3.41951E+03  1.65164E+03  2.09349E+03  2.07680E+03  1.24988E+03  3.18103E+02  3.83395E+02  3.64724E+02  4.11523E+02  5.08640E+02  5.19923E+02  4.44967E+02  5.73462E+02  3.59776E+02  2.21031E+02  3.66532E+02  1.11204E+02  0.00000E+00  0.00000E+00  0.00000E+00  0.00000E+00
  0.00000E+00  0.00000E+00  0.00000E+00  0.00000E+00  0.00000E+00  0.00000E+00  0.00000E+00  0.00000E+00  0.00000E+00  0.00000E+00  2.92718E+02  5.65393E+02  4.03313E+02  1.21330E+03  1.89650E+03  1.56733E+03  6.74618E+02  1.06507E+03  1.36100E+03  5.43000E+02  7.76700E+02  6.03729E+02  3.73027E+02  9.86329E+02  3.03801E+02  1.12359E+02  8.67182E+01  5.17210E+02  1.07581E+03  1.07678E+03  3.33768E+02  8.26667E+02  8.58191E+02  4.66272E+02  2.27161E+03  2.06807E+03  2.46356E+03  1.58284E+03  1.81251E+03  1.66926E+03  1.43478E+03  9.18622E+02  1.63395E+03  2.49906E+03  2.52288E+03  2.81372E+03  2.66429E+03  2.85223E+03  2.05943E+03  2.62445E+03  3.14275E+03  2.29151E+03  2.30782E+03  1.90841E+03  1.48510E+03  2.14327E+03  1.12227E+03  3.98099E+02  4.83433E+02  3.47020E+02  4.08114E+02  3.59784E+02  2.88915E+02  5.05500E+02  5.32777E+02  4.43521E+02  3.27741E+02  2.64230E+02  0.00000E+00  0.00000E+00  0.00000E+00  0.00000E+00  0.00000E+00
  0.00000E+00  0.00000E+00  0.00000E+00  0.00000E+00  0.00000E+00  0.00000E+00  0.00000E+00  0.00000E+00  0.00000E+00  0.00000E+00  0.00000E+00  0.00000E+00  4.88182E+02  8.46128E+02  6.55424E+02  4.90978E+02  7.81735E+02  6.64356E+02  1.30940E+03  7.65577E+02  1.15490E+03  3.71162E+02  2.96494E+02  1.42460E+03  1.73436E+02  7.87810E+01  4.00525E+02  1.12544E+03  8.55943E+02  1.00316E+03  1.27332E+03  8.31418E+02  1.49706E+02  2.23708E+02  1.88889E+03  1.38949E+03  1.76036E+03  1.47348E+03  1.46500E+03  2.16935E+03  8.22605E+02  8.06075E+02  1.73675E+03  2.25500E+03  3.50456E+03  1.96897E+03  1.69594E+03  3.29227E+03  2.12336E+03  2.24959E+03  1.44708E+03  2.10531E+03  2.10454E+03  1.54962E+03  1.23206E+03  1.31517E+03  8.45888E+02  4.91298E+02  3.64958E+02  2.71792E+02  2.41055E+02  6.24379E+02  1.66483E+03  1.28786E+03  3.05542E+02  3.36881E+02  3.81106E+02  1.65808E+02  0.00000E+00  0.00000E+00  0.00000E+00  0.00000E+00  0.00000E+00
  0.00000E+00  0.00000E+00  0.00000E+00  0.00000E+00  0.00000E+00  0.00000E+00  0.00000E+00  0.00000E+00  0.00000E+00  0.00000E+00  0.00000E+00  0.00000E+00  1.28677E+02  1.21920E+03  1.03135E+03  1.32187E+03  5.62625E+02  9.51896E+02  3.99780E+02  5.14060E+02  1.09184E+03  4.03339E+02  1.56232E+03  1.86204E+03  4.35104E+02  4.63949E+02  1.27319E+03  1.05787E+03  8.35247E+02  9.21345E+02  7.94750E+02  7.48529E+01  0.00000E+00  9.08861E+02  1.99606E+03  1.80914E+03  1.86252E+03  2.38952E+03  2.14942E+03  1.58092E+03  1.81276E+03  1.89367E+03  2.37295E+03  1.95546E+03  2.57343E+03  3.07244E+03  1.42942E+03  1.97007E+03  2.74869E+03  2.70179E+03  2.27344E+03  1.46475E+03  1.94977E+03  1.30540E+03  1.03780E+03  4.58656E+02  2.36596E+02  2.31268E+02  2.64276E+02  2.64794E+02  9.60710E+02  2.42010E+03  5.47345E+02  1.70546E+03  5.75737E+02  4.19905E+02  2.52056E+02  4.33988E+01  0.00000E+00  0.00000E+00  0.00000E+00  0.00000E+00  0.00000E+00
  0.00000E+00  0.00000E+00  0.00000E+00  0.00000E+00  0.00000E+00  0.00000E+00  0.00000E+00  0.00000E+00  0.00000E+00  0.00000E+00  0.00000E+00  0.00000E+00  0.00000E+00  4.38559E+02  4.34976E+02  6.33853E+02  5.14112E+02  2.66029E+02  1.94056E+02  0.00000E+00  7.28434E+01  4.96584E+02  2.20211E+03  1.57904E+03  5.63503E+02  1.72319E+03  1.14317E+03  1.16210E+03  8.38290E+02  7.52457E+02  2.24559E+02  0.00000E+00  8.37163E+02  1.80401E+03  1.72358E+03  1.44757E+03  1.88810E+03  1.80714E+03  3.11634E+03  3.79232E+03  2.53292E+03  2.16441E+03  3.12045E+03  1.88130E+03  2.30062E+03  2.53066E+03  1.85212E+03  1.98279E+03  3.61700E+03  2.85096E+03  3.63235E+03  7.41790E+02  3.87786E+02  3.32083E+02  7.33859E+02  3.89638E+02  2.47489E+02  2.93742E+02  3.18494E+02  1.85293E+02  5.66618E+02  1.07001E+03  6.85166E+02  1.30388E+03  1.25473E+03  6.72916E+02  2.21788E+02  0.00000E+00  0.00000E+00  0.00000E+00  0.00000E+00  0.00000E+00  0.00000E+00
  0.00000E+00  0.00000E+00  0.00000E+00  0.00000E+00  0.00000E+00  0.00000E+00  0.00000E+00  0.00000E+00  0.00000E+00  0.00000E+00  0.00000E+00  0.00000E+00  0.00000E+00  0.00000E+00  0.00000E+00  1.47532E+02  3.61440E+02  1.53981E+02  1.71386E+03  1.59294E+03  1.48469E+02  1.10390E+03  1.87366E+03  1.15901E+03  6.01228E+02  1.33539E+03  7.65499E+02  1.02689E+03  1.15349E+03  2.99412E+02  7.48529E+01  4.10925E+02  1.80342E+03  1.53551E+03  1.95381E+03  2.32417E+03  2.23407E+03  2.07035E+03  2.79366E+03  3.48107E+03  2.75519E+03  2.45769E+03  2.62592E+03  2.12250E+03  1.27466E+03  1.70311E+03  1.82860E+03  1.84739E+03  2.14280E+03  1.51007E+03  8.61337E+02  2.86259E+02  3.01765E+02  4.74932E+02  3.79737E+02  3.36014E+02  1.85966E+02  4.34457E+02  5.30552E+02  2.69060E+02  1.27213E+02  8.10203E+02  3.66241E+02  2.27101E+03  1.86881E+03  8.87733E+02  4.94728E+02  8.08275E+01  0.00000E+00  0.00000E+00  0.00000E+00  0.00000E+00  0.00000E+00
  0.00000E+00  0.00000E+00  0.00000E+00  0.00000E+00  0.00000E+00  0.00000E+00  0.00000E+00  0.00000E+00  0.00000E+00  0.00000E+00  0.00000E+00  0.00000E+00  0.00000E+00  0.00000E+00  0.00000E+00  1.53981E+02  2.32336E+02  1.51251E+02  5.32056E+02  1.24183E+03  1.44447E+03  9.74193E+02  1.78071E+03  1.45796E+03  1.55188E+03  1.60909E+03  8.70223E+02  5.93922E+02  7.48529E+01  8.98235E+02  4.00525E+02  1.02406E+03  1.94452E+03  1.82139E+03  2.22097E+03  2.15075E+03  2.13856E+03  2.13765E+03  2.18166E+03  1.23081E+03  9.02450E+02  3.97127E+02  1.10556E+03  1.03051E+03  1.71819E+02  3.14715E+03  1.04417E+03  7.61411E+02  2.23944E+03  1.20393E+03  3.42190E+02  5.17908E+02  2.36967E+02  4.85512E+02  4.09610E+02  3.52877E+02  2.83480E+02  4.43626E+02  4.08716E+02  3.15648E+02  2.19552E+02  1.87660E+03  2.25076E+03  2.20245E+03  1.71552E+03  1.08742E+03  5.56464E+02  1.75635E+02  0.00000E+00  0.00000E+00  0.00000E+00  0.00000E+00  0.00000E+00
  0.00000E+00  0.00000E+00  0.00000E+00  0.00000E+00  0.00000E+00  0.00000E+00  0.00000E+00  0.00000E+00  0.00000E+00  0.00000E+00  0.00000E+00  0.00000E+00  0.00000E+00  0.00000E+00  0.00000E+00  2.29606E+02  1.12560E+03  5.76223E+02  9.71557E+02  1.37778E+03  4.48084E+02  1.54675E+03  1.89573E+03  1.63146E+03  2.04731E+03  1.54069E+03  1.79248E+03  2.72634E+02  1.48425E+03  2.20451E+03  6.49534E+02  1.17402E+03  1.83106E+03  2.21672E+03  2.98217E+03  1.60609E+03  1.28502E+03  1.44770E+03  2.28306E+03  1.11200E+03  1.96571E+03  1.90411E+03  1.34483E+03  8.40478E+02  7.29054E+02  2.61182E+03  1.08054E+03  3.22602E+02  1.47491E+03  1.00472E+03  2.55271E+02  3.29141E+02  2.36915E+02  4.56537E+02  2.44105E+02  3.68584E+02  2.64095E+02  5.23639E+02  4.73613E+02  5.57990E+02  3.42518E+02  1.03882E+03  1.03432E+03  1.62145E+03  1.24340E+03  1.01960E+03  7.29069E+02  8.43163E+01  0.00000E+00  0.00000E+00  0.00000E+00  0.00000E+00  0.00000E+00
  0.00000E+00  0.00000E+00  0.00000E+00  0.00000E+00  0.00000E+00  0.00000E+00  0.00000E+00  0.00000E+00  0.00000E+00  0.00000E+00  0.00000E+00  0.00000E+00  0.00000E+00  0.00000E+00  0.00000E+00  1.73497E+02  1.60674E+03  6.30350E+02  7.83537E+02  1.75695E+03  4.66822E+02  8.23376E+02  7.93944E+02  1.00638E+03  1.38417E+03  1.18120E+03  1.79019E+03  1.21482E+03  3.01454E+03  1.63060E+03  1.31237E+03  2.02293E+03  1.50014E+03  1.65318E+03  1.61724E+03  1.03130E+03  1.23442E+03  1.56728E+03  4.35341E+02  1.45392E+02  1.05946E+03  1.34456E+03  2.29380E+03  4.51937E+02  1.70946E+02  2.18339E+02  3.11188E+02  1.39392E+02  2.74071E+01  1.34894E+02  2.23461E+02  5.18618E+02  6.08153E+02  4.80943E+02  3.57159E+02  3.36187E+02  2.93314E+02  4.05565E+02  3.05919E+02  1.20182E+02  1.29251E+02  3.17693E+02  2.18678E+02  6.37667E+02  3.54272E+02  3.67670E+02  5.42873E+02  3.16294E+02  0.00000E+00  0.00000E+00  0.00000E+00  0.00000E+00  0.00000E+00
  0.00000E+00  0.00000E+00  0.00000E+00  0.00000E+00  0.00000E+00  0.00000E+00  0.00000E+00  0.00000E+00  0.00000E+00  0.00000E+00  0.00000E+00  0.00000E+00  0.00000E+00  0.00000E+00  0.00000E+00  8.79509E+01  1.23039E+03  1.35594E+02  5.50422E+02  1.15233E+03  9.16680E+02  1.51209E+03  1.24710E+03  1.48373E+03  1.30990E+03  2.04798E+03  2.32246E+03  3.94896E+03  2.56515E+03  1.87323E+03  2.42206E+03  2.50919E+03  1.73341E+03  1.44441E+03  1.19217E+03  8.42998E+02  1.45263E+03  1.06910E+03  3.58122E+02  1.21607E+02  1.31955E+02  8.68744E+02  1.78926E+03  5.60689E+02  6.40601E+01  3.22839E+02  4.63160E+02  1.67931E+02  1.01664E+02  1.52383E+02  6.94235E+02  4.05710E+02  4.30521E+02  5.49047E+02  4.79493E+02  5.12841E+02  1.03414E+03  2.30897E+02  3.89568E+01  6.49202E+01  2.76307E+02  2.69289E+02  2.23290E+02  1.25757E+02  1.27236E+02  0.00000E+00  1.52700E+02  0.00000E+00  0.00000E+00  0.00000E+00  0.00000E+00  0.00000E+00  0.00000E+00
  0.00000E+00  0.00000E+00  0.00000E+00  0.00000E+00  0.00000E+00  0.00000E+00  0.00000E+00  0.00000E+00  0.00000E+00  0.00000E+00  0.00000E+00  0.00000E+00  0.00000E+00  0.00000E+00  0.00000E+00  0.00000E+00  1.06923E+03  4.00300E+02  6.08319E+02  1.58436E+03  1.07560E+03  1.08854E+03  1.17687E+03  2.42273E+02  5.85599E+02  1.42670E+03  1.81312E+02  1.86988E+03  2.96033E+03  2.41264E+03  1.71696E+03  1.74993E+03  1.08207E+03  3.52573E+02  8.68482E+02  9.62637E+02  6.29998E+02  2.20095E+02  2.27965E+02  1.13561E+02  1.21646E+02  1.22696E+02  4.33798E+02  1.39697E+03  1.23272E+03  3.85694E+01  1.68310E+02  2.48725E+02  1.97533E+02  6.15862E+02  1.60856E+03  4.07144E+02  7.83812E+02  2.39481E+02  4.35245E+02  4.24332E+02  7.78241E+02  4.37381E+02  7.93692E+01  1.55757E+02  2.52028E+02  4.46269E+02  5.02510E+02  1.84914E+02  5.31749E+02  0.00000E+00  0.00000E+00  0.00000E+00  0.00000E+00  0.00000E+00  0.00000E+00  0.00000E+00  0.00000E+00
  0.00000E+00  0.00000E+00  0.00000E+00  0.00000E+00  0.00000E+00  0.00000E+00  0.00000E+00  0.00000E+00  0.00000E+00  0.00000E+00  0.00000E+00  0.00000E+00  0.00000E+00  0.00000E+00  0.00000E+00  0.00000E+00  0.00000E+00  1.65360E+02  4.20220E+02  7.50399E+02  2.32541E+03  1.32434E+03  7.15627E+02  1.22262E+03  1.32014E+03  6.68870E+02  6.89418E+02  1.33221E+03  1.42890E+03  1.58725E+03  1.24473E+03  1.04842E+03  1.13990E+03  6.58097E+01  9.23544E+02  5.87645E+02  5.17537E+01  7.42910E+01  1.70293E+02  1.37835E+02  1.29731E+02  8.10646E+01  4.05813E+01  1.23105E+02  7.80315E+02  1.28768E+03  6.67486E+01  9.52400E+01  2.12483E+02  2.53184E+03  3.01543E+03  2.91613E+03  2.52164E+03  1.15549E+03  1.71189E+03  4.03968E+02  4.18811E+02  3.12048E+02  7.93719E+01  1.42787E+02  4.90814E+02  8.80032E+02  1.79109E+03  1.69451E+03  2.61684E+03  1.00980E+03  0.00000E+00  0.00000E+00  0.00000E+00  0.00000E+00  0.00000E+00  0.00000E+00  0.00000E+00
  0.00000E+00  0.00000E+00  0.00000E+00  0.00000E+00  0.00000E+00  0.00000E+00  0.00000E+00  0.00000E+00  0.00000E+00  0.00000E+00  0.00000E+00  0.00000E+00  0.00000E+00  0.00000E+00  0.00000E+00  0.00000E+00  0.00000E+00  0.00000E+00  0.00000E+00  0.00000E+00  5.20282E+02  1.35388E+03  1.40708E+03  1.25821E+03  8.07919E+02  6.66343E+02  8.58993E+02  3.44455E+02  1.69236E+02  1.68304E+02  2.77287E+02  1.24549E+03  5.32364E+02  1.33875E+02  7.26987E+02  5.65847E+02  6.51367E+02  3.12000E+02  1.45999E+02  1.45979E+02  1.37816E+02  8.11234E+01  5.67707E+01  1.62482E+01  1.10364E+02  4.18227E+02  1.14294E+03  5.29780E+02  8.14235E+01  2.94071E+02  2.35041E+03  2.67099E+03  2.20736E+03  2.85585E+03  1.36691E+03  4.15998E+02  6.65805E+02  5.35888E+02  2.28103E+02  5.28340E+02  3.50986E+02  1.25417E+03  1.53426E+03  2.43397E+03  1.52953E+03  3.42105E+02  0.00000E+00  0.00000E+00  0.00000E+00  0.00000E+00  0.00000E+00  0.00000E+00  0.00000E+00
  0.00000E+00  0.00000E+00  0.00000E+00  0.00000E+00  0.00000E+00  0.00000E+00  0.00000E+00  0.00000E+00  0.00000E+00  0.00000E+00  0.00000E+00  0.00000E+00  0.00000E+00  0.00000E+00  0.00000E+00  0.00000E+00  0.00000E+00  0.00000E+00  0.00000E+00  0.00000E+00  0.00000E+00  2.30881E+02  1.30216E+03  1.19645E+03  1.24776E+03  9.22940E+02  3.63030E+02  5.63500E+01  1.42767E+02  1.26484E+02  1.57198E+02  1.10380E+03  1.42216E+03  6.28986E+02  2.26852E+02  3.59952E+02  4.83919E+02  2.49969E+02  9.73717E+01  1.29790E+02  1.05417E+02  1.05476E+02  1.37933E+02  4.05813E+01  9.73717E+01  1.13541E+02  1.19508E+03  1.05103E+03  1.02043E+03  2.29890E+02  1.51094E+03  1.10859E+03  5.38112E+02  1.28822E+03  9.40799E+02  1.56709E+03  1.43051E+03  3.60975E+02  3.62106E+02  5.84772E+02  1.55990E+02  1.01531E+03  1.31290E+03  1.55889E+03  1.20308E+03  0.00000E+00  0.00000E+00  0.00000E+00  0.00000E+00  0.00000E+00  0.00000E+00  0.00000E+00  0.00000E+00
  0.00000E+00  0.00000E+00  0.00000E+00  0.00000E+00  0.00000E+00  0.00000E+00  0.00000E+00  0.00000E+00  0.00000E+00  0.00000E+00  0.00000E+00  0.00000E+00  0.00000E+00  0.00000E+00  0.00000E+00  0.00000E+00  0.00000E+00  0.00000E+00  0.00000E+00  0.00000E+00  0.00000E+00  0.00000E+00  3.29667E+01  8.66579E+02  4.33578E+02  1.46928E+01  2.08960E+00  1.07299E+01  5.98216E+01  8.41255E+01  1.88631E+02  1.20026E+02  1.75513E+02  1.23340E+02  3.37904E+02  3.41799E+02  3.09220E+02  1.53322E+02  1.78574E+02  1.78515E+02  8.92083E+01  9.72932E+01  1.21724E+02  8.92279E+01  1.86619E+02  1.21626E+02  1.05571E+03  1.17282E+03  2.27954E+03  1.46201E+03  3.63684E+02  3.43782E+02  4.30765E+02  7.74762E+02  1.09455E+03  7.41545E+02  8.23322E+02  3.18152E+02  9.91888E+01  0.00000E+00  3.59086E+02  4.99510E+02  1.44156E+03  1.30122E+03  2.37926E+01  0.00000E+00  0.00000E+00  0.00000E+00  0.00000E+00  0.00000E+00  0.00000E+00  0.00000E+00  0.00000E+00
  0.00000E+00  0.00000E+00  0.00000E+00  0.00000E+00  0.00000E+00  0.00000E+00  0.00000E+00  0.00000E+00  0.00000E+00  0.00000E+00  0.00000E+00  0.00000E+00  0.00000E+00  0.00000E+00  0.00000E+00  0.00000E+00  0.00000E+00  0.00000E+00  0.00000E+00  0.00000E+00  0.00000E+00  0.00000E+00  8.71757E+02  7.14007E+02  1.04644E+01  4.19561E+00  4.19561E+00  6.55427E+02  3.75797E+02  8.30260E+02  1.88642E+02  2.00287E+02  1.33715E+02  1.62396E+02  3.51737E+02  8.54382E+01  1.42762E+02  1.79856E+02  1.37914E+02  1.37894E+02  1.70351E+02  1.05398E+02  1.05437E+02  1.94606E+02  1.45959E+02  1.54044E+02  3.60347E+02  7.98385E+02  2.62325E+02  4.66661E+02  6.16188E+02  5.08703E+02  9.57987E+02  1.10127E+03  9.31702E+02  2.88747E+02  1.08958E+03  4.30578E+02  6.63512E+02  1.02462E+03  3.12752E+02  1.02344E+03  1.39646E+03  1.72153E+02  0.00000E+00  0.00000E+00  0.00000E+00  0.00000E+00  0.00000E+00  0.00000E+00  0.00000E+00  0.00000E+00  0.00000E+00
  0.00000E+00  0.00000E+00  0.00000E+00  0.00000E+00  0.00000E+00  0.00000E+00  0.00000E+00  0.00000E+00  0.00000E+00  0.00000E+00  0.00000E+00  0.00000E+00  0.00000E+00  0.00000E+00  0.00000E+00  0.00000E+00  0.00000E+00  0.00000E+00  0.00000E+00  0.00000E+00  0.00000E+00  0.00000E+00  2.29291E+02  9.51292E+01  1.88638E+01  0.00000E+00  3.88351E+02  4.62843E+02  1.24365E+03  6.48971E+02  2.17312E+02  1.47944E+02  1.49299E+02  5.60270E+01  4.38665E+02  1.54614E+02  9.65860E+01  1.51716E+02  5.12600E+01  1.13463E+02  1.70332E+02  8.10842E+01  4.05617E+01  6.48556E+01  1.70273E+02  1.29711E+02  1.96590E+02  3.13347E+02  2.73663E+02  2.96421E+02  5.08344E+02  1.06538E+03  6.25536E+02  1.14812E+03  5.46493E+02  5.56882E+02  5.50407E+02  1.32894E+03  2.49849E+03  1.65216E+03  8.94614E+02  6.30555E+02  0.00000E+00  0.00000E+00  0.00000E+00  0.00000E+00  0.00000E+00  0.00000E+00  0.00000E+00  0.00000E+00  0.00000E+00  0.00000E+00  0.00000E+00
  0.00000E+00  0.00000E+00  0.00000E+00  0.00000E+00  0.00000E+00  0.00000E+00  0.00000E+00  0.00000E+00  0.00000E+00  0.00000E+00  0.00000E+00  0.00000E+00  0.00000E+00  0.00000E+00  0.00000E+00  0.00000E+00  0.00000E+00  0.00000E+00  0.00000E+00  0.00000E+00  0.00000E+00  0.00000E+00  0.00000E+00  4.19561E+00  1.15502E+01  2.97259E+02  8.02145E+02  4.73063E+02  1.04542E+03  1.47563E+03  1.52010E+02  1.11525E+02  1.87932E+02  2.21313E+02  5.50928E+02  6.19675E+02  4.80397E+02  1.32267E+02  3.23156E+02  1.47070E+02  7.29472E+02  1.29965E+02  5.67903E+01  2.28212E+02  5.00364E+02  8.91495E+01  1.21626E+02  1.78436E+02  2.62607E+02  1.01596E+03  4.37442E+02  6.06758E+02  7.32043E+02  4.79580E+02  5.29978E+02  3.04273E+02  1.08078E+03  2.25162E+03  1.91945E+03  4.89006E+02  0.00000E+00  0.00000E+00  0.00000E+00  0.00000E+00  0.00000E+00  0.00000E+00  0.00000E+00  0.00000E+00  0.00000E+00  0.00000E+00  0.00000E+00  0.00000E+00  0.00000E+00
  0.00000E+00  0.00000E+00  0.00000E+00  0.00000E+00  0.00000E+00  0.00000E+00  0.00000E+00  0.00000E+00  0.00000E+00  0.00000E+00  0.00000E+00  0.00000E+00  0.00000E+00  0.00000E+00  0.00000E+00  0.00000E+00  0.00000E+00  0.00000E+00  0.00000E+00  0.00000E+00  0.00000E+00  0.00000E+00  0.00000E+00  0.00000E+00  5.24041E+00  8.38302E+00  6.42091E+02  5.79511E+02  9.67378E+01  1.54039E+03  1.00099E+03  3.04653E+02  5.73186E+01  5.90185E+02  6.90195E+02  1.33889E+03  8.45269E+02  1.49771E+02  7.64423E+02  4.42463E+02  7.47085E+02  2.68759E+02  3.39633E+02  9.75640E+02  2.86249E+02  8.11038E+01  1.86541E+02  8.10450E+01  5.29224E+02  1.97638E+03  1.37245E+03  5.05273E+02  5.40220E+02  8.33300E+02  1.51028E+03  2.46083E+03  2.43443E+03  2.14657E+03  1.05019E+03  0.00000E+00  0.00000E+00  7.75324E+01  0.00000E+00  0.00000E+00  0.00000E+00  0.00000E+00  0.00000E+00  0.00000E+00  0.00000E+00  0.00000E+00  0.00000E+00  0.00000E+00  0.00000E+00
  0.00000E+00  0.00000E+00  0.00000E+00  0.00000E+00  0.00000E+00  0.00000E+00  0.00000E+00  0.00000E+00  0.00000E+00  0.00000E+00  0.00000E+00  0.00000E+00  0.00000E+00  0.00000E+00  0.00000E+00  0.00000E+00  0.00000E+00  0.00000E+00  0.00000E+00  0.00000E+00  0.00000E+00  0.00000E+00  0.00000E+00  0.00000E+00  1.05300E+00  1.05136E+01  1.41171E+02  5.73937E+02  9.67378E+01  1.04529E+03  2.80986E+03  2.98215E+03  1.82620E+02  7.24665E+02  8.69960E+02  9.43354E+02  6.08070E+02  2.19233E+02  5.85189E+02  1.38972E+02  6.40134E+02  8.29219E+02  6.10512E+02  4.34722E+02  2.03645E+02  6.79338E+02  8.18589E+02  4.16778E+02  8.10433E+02  1.52608E+03  1.41902E+03  1.39010E+02  0.00000E+00  1.56180E+03  3.54920E+03  1.44946E+03  1.34582E+03  7.15100E+02  1.10630E+02  0.00000E+00  0.00000E+00  0.00000E+00  0.00000E+00  0.00000E+00  0.00000E+00  0.00000E+00  0.00000E+00  0.00000E+00  0.00000E+00  0.00000E+00  0.00000E+00  0.00000E+00  0.00000E+00
  0.00000E+00  0.00000E+00  0.00000E+00  0.00000E+00  0.00000E+00  0.00000E+00  0.00000E+00  0.00000E+00  0.00000E+00  0.00000E+00  0.00000E+00  0.00000E+00  0.00000E+00  0.00000E+00  0.00000E+00  0.00000E+00  0.00000E+00  0.00000E+00  0.00000E+00  0.00000E+00  0.00000E+00  0.00000E+00  0.00000E+00  0.00000E+00  0.00000E+00  8.39122E+00  1.15502E+01  1.50908E+02  3.12012E+02  1.53075E+03  1.34982E+03  2.24282E+03  7.37859E+02  0.00000E+00  2.90514E+02  8.83871E+02  7.68757E+02  4.31439E+02  1.47674E+02  3.36669E+02  4.92253E+02  7.03607E+02  2.08455E+02  3.24180E+01  2.45168E+02  5.51511E+02  1.22942E+03  1.09779E+03  1.02613E+03  3.92929E+02  1.17371E+02  1.77798E+02  0.00000E+00  3.26437E+02  1.07007E+03  3.25129E+01  0.00000E+00  0.00000E+00  0.00000E+00  0.00000E+00  0.00000E+00  0.00000E+00  0.00000E+00  0.00000E+00  0.00000E+00  0.00000E+00  0.00000E+00  0.00000E+00  0.00000E+00  0.00000E+00  0.00000E+00  0.00000E+00  0.00000E+00
  0.00000E+00  0.00000E+00  0.00000E+00  0.00000E+00  0.00000E+00  0.00000E+00  0.00000E+00  0.00000E+00  0.00000E+00  0.00000E+00  0.00000E+00  0.00000E+00  0.00000E+00  0.00000E+00  0.00000E+00  0.00000E+00  0.00000E+00  0.00000E+00  0.00000E+00  0.00000E+00  0.00000E+00  0.00000E+00  0.00000E+00  0.00000E+00  0.00000E+00  8.19976E+01  3.78161E+01  0.00000E+00  0.00000E+00  4.62844E+02  9.64995E+02  2.50092E+03  2.14616E+03  6.68695E+02  0.00000E+00  7.19306E+02  1.41079E+03  8.98927E+02  3.19641E+02  5.25268E+02  8.76499E+02  1.05741E+03  9.75983E+02  9.74989E+02  7.53986E+02  6.80455E+02  2.86625E+02  1.22908E+03  2.84893E+02  1.94841E+02  1.06199E+02  5.34699E+01  0.00000E+00  0.00000E+00  7.83278E+01  2.82578E+02  0.00000E+00  0.00000E+00  0.00000E+00  0.00000E+00  0.00000E+00  0.00000E+00  0.00000E+00  0.00000E+00  0.00000E+00  0.00000E+00  0.00000E+00  0.00000E+00  0.00000E+00  0.00000E+00  0.00000E+00  0.00000E+00  0.00000E+00
  0.00000E+00  0.00000E+00  0.00000E+00  0.00000E+00  0.00000E+00  0.00000E+00  0.00000E+00  0.00000E+00  0.00000E+00  0.00000E+00  0.00000E+00  0.00000E+00  0.00000E+00  0.00000E+00  0.00000E+00  0.00000E+00  0.00000E+00  0.00000E+00  0.00000E+00  0.00000E+00  0.00000E+00  0.00000E+00  0.00000E+00  0.00000E+00  0.00000E+00  2.41845E+01  7.25534E+01  0.00000E+00  0.00000E+00  2.03014E+02  1.23285E+03  1.26667E+03  2.25917E+03  2.65415E+03  0.00000E+00  5.21518E+02  1.87417E+03  1.93791E+03  1.02986E+03  5.58284E+02  9.72920E+02  3.37206E+02  2.13094E+02  8.20388E+01  5.75305E+01  1.63234E+03  1.02501E+03  9.74109E+01  2.11109E+02  1.05555E+02  2.43331E+01  0.00000E+00  0.00000E+00  2.28040E+02  1.10650E+03  5.45352E+01  0.00000E+00  0.00000E+00  0.00000E+00  0.00000E+00  0.00000E+00  0.00000E+00  0.00000E+00  0.00000E+00  0.00000E+00  0.00000E+00  0.00000E+00  0.00000E+00  0.00000E+00  0.00000E+00  0.00000E+00  0.00000E+00  0.00000E+00
  0.00000E+00  0.00000E+00  0.00000E+00  0.00000E+00  0.00000E+00  0.00000E+00  0.00000E+00  0.00000E+00  0.00000E+00  0.00000E+00  0.00000E+00  0.00000E+00  0.00000E+00  0.00000E+00  0.00000E+00  0.00000E+00  0.00000E+00  0.00000E+00  0.00000E+00  0.00000E+00  0.00000E+00  0.00000E+00  0.00000E+00  0.00000E+00  0.00000E+00  0.00000E+00  4.83689E+01  0.00000E+00  0.00000E+00  1.56727E+02  5.79598E+02  1.16353E+03  1.89301E+03  2.09307E+03  3.59091E+01  5.52240E+02  1.47469E+03  1.27763E+03  1.19255E+03  3.28388E+02  1.41493E+02  0.00000E+00  0.00000E+00  4.01712E+02  7.95912E+02  1.36071E+03  1.49275E+03  1.30900E+02  1.46116E+02  1.62090E+01  0.00000E+00  0.00000E+00  0.00000E+00  2.37926E+01  1.80451E+02  0.00000E+00  0.00000E+00  0.00000E+00  0.00000E+00  0.00000E+00  0.00000E+00  0.00000E+00  0.00000E+00  0.00000E+00  0.00000E+00  0.00000E+00  0.00000E+00  0.00000E+00  0.00000E+00  0.00000E+00  0.00000E+00  0.00000E+00  0.00000E+00
  0.00000E+00  0.00000E+00  0.00000E+00  0.00000E+00  0.00000E+00  0.00000E+00  0.00000E+00  0.00000E+00  0.00000E+00  0.00000E+00  0.00000E+00  0.00000E+00  0.00000E+00  0.00000E+00  0.00000E+00  0.00000E+00  0.00000E+00  0.00000E+00  0.00000E+00  0.00000E+00  0.00000E+00  0.00000E+00  0.00000E+00  0.00000E+00  0.00000E+00  0.00000E+00  4.83689E+01  1.45107E+02  0.00000E+00  0.00000E+00  0.00000E+00  3.40683E+02  2.33222E+03  1.99923E+03  5.95402E+02  6.07151E+02  1.78979E+03  9.90996E+02  2.77454E+02  0.00000E+00  0.00000E+00  0.00000E+00  6.06312E+02  1.33323E+03  1.34259E+03  1.62383E+03  9.22287E+02  4.90165E+01  0.00000E+00  0.00000E+00  5.17558E+02  1.25916E+02  0.00000E+00  0.00000E+00  0.00000E+00  0.00000E+00  0.00000E+00  0.00000E+00  0.00000E+00  0.00000E+00  0.00000E+00  0.00000E+00  0.00000E+00  0.00000E+00  0.00000E+00  0.00000E+00  0.00000E+00  0.00000E+00  0.00000E+00  0.00000E+00  0.00000E+00  0.00000E+00  0.00000E+00
  0.00000E+00  0.00000E+00  0.00000E+00  0.00000E+00  0.00000E+00  0.00000E+00  0.00000E+00  0.00000E+00  0.00000E+00  0.00000E+00  0.00000E+00  0.00000E+00  0.00000E+00  0.00000E+00  0.00000E+00  0.00000E+00  0.00000E+00  0.00000E+00  0.00000E+00  0.00000E+00  0.00000E+00  0.00000E+00  0.00000E+00  0.00000E+00  0.00000E+00  0.00000E+00  0.00000E+00  4.83689E+01  4.01627E+02  9.98101E+01  0.00000E+00  0.00000E+00  1.08919E+03  7.37031E+02  4.16027E+02  2.45083E+01  1.39569E+02  4.34722E+02  1.04699E+01  2.72408E+02  8.10383E+02  1.50603E+03  7.38369E+02  1.49761E+03  2.03980E+03  1.00626E+03  8.39556E+01  0.00000E+00  0.00000E+00  1.18362E+02  4.22388E+02  0.00000E+00  0.00000E+00  0.00000E+00  0.00000E+00  0.00000E+00  0.00000E+00  0.00000E+00  0.00000E+00  0.00000E+00  0.00000E+00  0.00000E+00  0.00000E+00  0.00000E+00  0.00000E+00  0.00000E+00  0.00000E+00  0.00000E+00  0.00000E+00  0.00000E+00  0.00000E+00  0.00000E+00  0.00000E+00
  0.00000E+00  0.00000E+00  0.00000E+00  0.00000E+00  0.00000E+00  0.00000E+00  0.00000E+00  0.00000E+00  0.00000E+00  0.00000E+00  0.00000E+00  0.00000E+00  0.00000E+00  0.00000E+00  0.00000E+00  0.00000E+00  0.00000E+00  0.00000E+00  0.00000E+00  0.00000E+00  0.00000E+00  0.00000E+00  0.00000E+00  0.00000E+00  0.00000E+00  0.00000E+00  0.00000E+00  2.41845E+01  4.56087E+02  6.40107E+02  0.00000E+00  0.00000E+00  0.00000E+00  0.00000E+00  0.00000E+00  0.00000E+00  0.00000E+00  0.00000E+00  0.00000E+00  3.66614E+02  3.52670E+02  1.31245E+03  1.55077E+03  9.21735E+02  5.40493E+02  0.00000E+00  0.00000E+00  0.00000E+00  0.00000E+00  0.00000E+00  0.00000E+00  0.00000E+00  0.00000E+00  0.00000E+00  0.00000E+00  0.00000E+00  0.00000E+00  0.00000E+00  0.00000E+00  0.00000E+00  0.00000E+00  0.00000E+00  0.00000E+00  0.00000E+00  0.00000E+00  0.00000E+00  0.00000E+00  0.00000E+00  0.00000E+00  0.00000E+00  0.00000E+00  0.00000E+00  0.00000E+00
  0.00000E+00  0.00000E+00  0.00000E+00  0.00000E+00  0.00000E+00  0.00000E+00  0.00000E+00  0.00000E+00  0.00000E+00  0.00000E+00  0.00000E+00  0.00000E+00  0.00000E+00  0.00000E+00  0.00000E+00  0.00000E+00  0.00000E+00  0.00000E+00  0.00000E+00  0.00000E+00  0.00000E+00  0.00000E+00  0.00000E+00  0.00000E+00  0.00000E+00  0.00000E+00  0.00000E+00  0.00000E+00  7.83550E+01  5.96853E+02  5.01094E+02  1.75093E+02  1.45107E+02  0.00000E+00  0.00000E+00  0.00000E+00  0.00000E+00  0.00000E+00  0.00000E+00  0.00000E+00  0.00000E+00  3.37678E+02  9.45079E+02  3.03352E+02  0.00000E+00  0.00000E+00  0.00000E+00  0.00000E+00  6.89473E+01  4.54867E+01  0.00000E+00  0.00000E+00  0.00000E+00  0.00000E+00  0.00000E+00  0.00000E+00  0.00000E+00  0.00000E+00  0.00000E+00  0.00000E+00  0.00000E+00  0.00000E+00  0.00000E+00  0.00000E+00  0.00000E+00  0.00000E+00  0.00000E+00  0.00000E+00  0.00000E+00  0.00000E+00  0.00000E+00  0.00000E+00  0.00000E+00
  0.00000E+00  0.00000E+00  0.00000E+00  0.00000E+00  0.00000E+00  0.00000E+00  0.00000E+00  0.00000E+00  0.00000E+00  0.00000E+00  0.00000E+00  0.00000E+00  0.00000E+00  0.00000E+00  0.00000E+00  0.00000E+00  0.00000E+00  0.00000E+00  0.00000E+00  0.00000E+00  0.00000E+00  0.00000E+00  0.00000E+00  0.00000E+00  0.00000E+00  0.00000E+00  0.00000E+00  0.00000E+00  0.00000E+00  1.02539E+02  1.20922E+02  0.00000E+00  0.00000E+00  0.00000E+00  0.00000E+00  0.00000E+00  4.83689E+01  5.25455E+02  3.49326E+01  0.00000E+00  0.00000E+00  0.00000E+00  0.00000E+00  0.00000E+00  0.00000E+00  0.00000E+00  0.00000E+00  0.00000E+00  1.17656E+01  0.00000E+00  0.00000E+00  0.00000E+00  0.00000E+00  0.00000E+00  0.00000E+00  0.00000E+00  0.00000E+00  0.00000E+00  0.00000E+00  0.00000E+00  0.00000E+00  0.00000E+00  0.00000E+00  0.00000E+00  0.00000E+00  0.00000E+00  0.00000E+00  0.00000E+00  0.00000E+00  0.00000E+00  0.00000E+00  0.00000E+00  0.00000E+00
  0.00000E+00  0.00000E+00  0.00000E+00  0.00000E+00  0.00000E+00  0.00000E+00  0.00000E+00  0.00000E+00  0.00000E+00  0.00000E+00  0.00000E+00  0.00000E+00  0.00000E+00  0.00000E+00  0.00000E+00  0.00000E+00  0.00000E+00  0.00000E+00  0.00000E+00  0.00000E+00  0.00000E+00  0.00000E+00  0.00000E+00  0.00000E+00  0.00000E+00  0.00000E+00  0.00000E+00  0.00000E+00  0.00000E+00  0.00000E+00  0.00000E+00  4.40793E+01  0.00000E+00  0.00000E+00  2.41845E+01  7.25534E+01  7.61853E+02  6.62967E+01  0.00000E+00  0.00000E+00  0.00000E+00  0.00000E+00  0.00000E+00  0.00000E+00  0.00000E+00  0.00000E+00  0.00000E+00  0.00000E+00  0.00000E+00  0.00000E+00  0.00000E+00  0.00000E+00  0.00000E+00  0.00000E+00  0.00000E+00  0.00000E+00  0.00000E+00  0.00000E+00  0.00000E+00  0.00000E+00  0.00000E+00  0.00000E+00  0.00000E+00  0.00000E+00  0.00000E+00  0.00000E+00  0.00000E+00  0.00000E+00  0.00000E+00  0.00000E+00  0.00000E+00  0.00000E+00  0.00000E+00
  0.00000E+00  0.00000E+00  0.00000E+00  0.00000E+00  0.00000E+00  0.00000E+00  0.00000E+00  0.00000E+00  0.00000E+00  0.00000E+00  0.00000E+00  0.00000E+00  0.00000E+00  0.00000E+00  0.00000E+00  0.00000E+00  0.00000E+00  0.00000E+00  0.00000E+00  0.00000E+00  0.00000E+00  0.00000E+00  0.00000E+00  0.00000E+00  0.00000E+00  0.00000E+00  0.00000E+00  0.00000E+00  0.00000E+00  0.00000E+00  0.00000E+00  1.06049E+02  4.47264E+01  1.20922E+02  2.17660E+02  2.41845E+01  2.41845E+01  0.00000E+00  0.00000E+00  0.00000E+00  0.00000E+00  0.00000E+00  0.00000E+00  0.00000E+00  0.00000E+00  0.00000E+00  0.00000E+00  0.00000E+00  0.00000E+00  0.00000E+00  0.00000E+00  0.00000E+00  0.00000E+00  0.00000E+00  0.00000E+00  0.00000E+00  0.00000E+00  2.97885E+02  5.63126E+02  0.00000E+00  0.00000E+00  0.00000E+00  0.00000E+00  0.00000E+00  0.00000E+00  0.00000E+00  0.00000E+00  0.00000E+00  0.00000E+00  0.00000E+00  0.00000E+00  0.00000E+00  0.00000E+00
  0.00000E+00  0.00000E+00  0.00000E+00  0.00000E+00  0.00000E+00  0.00000E+00  0.00000E+00  0.00000E+00  0.00000E+00  0.00000E+00  0.00000E+00  0.00000E+00  0.00000E+00  0.00000E+00  0.00000E+00  0.00000E+00  0.00000E+00  0.00000E+00  0.00000E+00  0.00000E+00  0.00000E+00  0.00000E+00  0.00000E+00  0.00000E+00  0.00000E+00  0.00000E+00  0.00000E+00  0.00000E+00  0.00000E+00  0.00000E+00  0.00000E+00  1.78906E+01  0.00000E+00  7.25534E+01  1.69291E+02  1.05683E+02  0.00000E+00  0.00000E+00  0.00000E+00  0.00000E+00  0.00000E+00  0.00000E+00  0.00000E+00  0.00000E+00  0.00000E+00  0.00000E+00  0.00000E+00  0.00000E+00  0.00000E+00  0.00000E+00  0.00000E+00  0.00000E+00  0.00000E+00  0.00000E+00  0.00000E+00  0.00000E+00  0.00000E+00  2.75440E+02  0.00000E+00  0.00000E+00  0.00000E+00  0.00000E+00  0.00000E+00  0.00000E+00  0.00000E+00  0.00000E+00  0.00000E+00  0.00000E+00  0.00000E+00  0.00000E+00  0.00000E+00  0.00000E+00  0.00000E+00
  0.00000E+00  0.00000E+00  0.00000E+00  0.00000E+00  0.00000E+00  0.00000E+00  0.00000E+00  0.00000E+00  0.00000E+00  0.00000E+00  0.00000E+00  0.00000E+00  0.00000E+00  0.00000E+00  0.00000E+00  0.00000E+00  0.00000E+00  0.00000E+00  0.00000E+00  0.00000E+00  0.00000E+00  0.00000E+00  0.00000E+00  0.00000E+00  0.00000E+00  0.00000E+00  0.00000E+00  0.00000E+00  0.00000E+00  0.00000E+00  0.00000E+00  0.00000E+00  0.00000E+00  0.00000E+00  0.00000E+00  0.00000E+00  0.00000E+00  0.00000E+00  0.00000E+00  0.00000E+00  0.00000E+00  0.00000E+00  0.00000E+00  0.00000E+00  0.00000E+00  0.00000E+00  0.00000E+00  0.00000E+00  0.00000E+00  0.00000E+00  0.00000E+00  0.00000E+00  0.00000E+00  0.00000E+00  2.24443E+01  2.32597E+02  5.08037E+02  2.97884E+02  0.00000E+00  0.00000E+00  0.00000E+00  0.00000E+00  0.00000E+00  0.00000E+00  0.00000E+00  0.00000E+00  0.00000E+00  0.00000E+00  0.00000E+00  0.00000E+00  0.00000E+00  0.00000E+00  0.00000E+00
  0.00000E+00  0.00000E+00  0.00000E+00  0.00000E+00  0.00000E+00  0.00000E+00  0.00000E+00  0.00000E+00  0.00000E+00  0.00000E+00  0.00000E+00  0.00000E+00  0.00000E+00  0.00000E+00  0.00000E+00  0.00000E+00  0.00000E+00  0.00000E+00  0.00000E+00  0.00000E+00  0.00000E+00  0.00000E+00  0.00000E+00  0.00000E+00  0.00000E+00  0.00000E+00  0.00000E+00  0.00000E+00  0.00000E+00  0.00000E+00  0.00000E+00  0.00000E+00  0.00000E+00  0.00000E+00  0.00000E+00  0.00000E+00  0.00000E+00  0.00000E+00  0.00000E+00  0.00000E+00  0.00000E+00  0.00000E+00  0.00000E+00  0.00000E+00  0.00000E+00  0.00000E+00  0.00000E+00  0.00000E+00  0.00000E+00  0.00000E+00  0.00000E+00  0.00000E+00  0.00000E+00  9.99767E+01  6.63102E+02  6.50857E+02  1.07116E+03  3.32574E+02  0.00000E+00  0.00000E+00  0.00000E+00  0.00000E+00  0.00000E+00  0.00000E+00  0.00000E+00  0.00000E+00  0.00000E+00  0.00000E+00  0.00000E+00  0.00000E+00  0.00000E+00  0.00000E+00  0.00000E+00
  0.00000E+00  0.00000E+00  0.00000E+00  0.00000E+00  0.00000E+00  0.00000E+00  0.00000E+00  0.00000E+00  0.00000E+00  0.00000E+00  0.00000E+00  0.00000E+00  0.00000E+00  0.00000E+00  0.00000E+00  0.00000E+00  0.00000E+00  0.00000E+00  0.00000E+00  0.00000E+00  0.00000E+00  0.00000E+00  0.00000E+00  0.00000E+00  0.00000E+00  0.00000E+00  0.00000E+00  0.00000E+00  0.00000E+00  0.00000E+00  0.00000E+00  0.00000E+00  0.00000E+00  0.00000E+00  0.00000E+00  0.00000E+00  0.00000E+00  0.00000E+00  0.00000E+00  0.00000E+00  0.00000E+00  0.00000E+00  0.00000E+00  0.00000E+00  0.00000E+00  0.00000E+00  0.00000E+00  0.00000E+00  0.00000E+00  0.00000E+00  2.24443E+01  0.00000E+00  0.00000E+00  5.75370E+02  7.07991E+02  4.87639E+02  4.97838E+02  5.63126E+02  1.55065E+02  0.00000E+00  0.00000E+00  0.00000E+00  0.00000E+00  0.00000E+00  0.00000E+00  0.00000E+00  0.00000E+00  0.00000E+00  0.00000E+00  0.00000E+00  0.00000E+00  0.00000E+00  0.00000E+00
  0.00000E+00  0.00000E+00  0.00000E+00  0.00000E+00  0.00000E+00  0.00000E+00  0.00000E+00  0.00000E+00  0.00000E+00  0.00000E+00  0.00000E+00  0.00000E+00  0.00000E+00  0.00000E+00  0.00000E+00  0.00000E+00  0.00000E+00  0.00000E+00  0.00000E+00  0.00000E+00  0.00000E+00  0.00000E+00  0.00000E+00  0.00000E+00  0.00000E+00  0.00000E+00  0.00000E+00  0.00000E+00  0.00000E+00  0.00000E+00  0.00000E+00  0.00000E+00  0.00000E+00  0.00000E+00  0.00000E+00  0.00000E+00  0.00000E+00  0.00000E+00  0.00000E+00  0.00000E+00  0.00000E+00  0.00000E+00  0.00000E+00  0.00000E+00  0.00000E+00  0.00000E+00  0.00000E+00  0.00000E+00  0.00000E+00  1.87708E+02  3.42773E+02  5.52926E+02  0.00000E+00  6.10060E+02  6.97792E+02  2.24443E+01  5.65171E+02  4.48887E+01  0.00000E+00  0.00000E+00  0.00000E+00  0.00000E+00  0.00000E+00  0.00000E+00  0.00000E+00  0.00000E+00  0.00000E+00  0.00000E+00  0.00000E+00  0.00000E+00  0.00000E+00  0.00000E+00  0.00000E+00
  0.00000E+00  0.00000E+00  0.00000E+00  0.00000E+00  0.00000E+00  0.00000E+00  0.00000E+00  0.00000E+00  0.00000E+00  0.00000E+00  0.00000E+00  0.00000E+00  0.00000E+00  0.00000E+00  0.00000E+00  0.00000E+00  0.00000E+00  0.00000E+00  0.00000E+00  0.00000E+00  0.00000E+00  0.00000E+00  0.00000E+00  0.00000E+00  0.00000E+00  0.00000E+00  0.00000E+00  0.00000E+00  0.00000E+00  0.00000E+00  0.00000E+00  0.00000E+00  0.00000E+00  0.00000E+00  0.00000E+00  0.00000E+00  0.00000E+00  0.00000E+00  0.00000E+00  0.00000E+00  0.00000E+00  0.00000E+00  0.00000E+00  0.00000E+00  0.00000E+00  0.00000E+00  0.00000E+00  0.00000E+00  1.32620E+02  9.18143E+02  5.30482E+02  5.97814E+02  7.75324E+01  4.75393E+02  8.73255E+02  1.10176E+02  2.10153E+02  0.00000E+00  0.00000E+00  0.00000E+00  0.00000E+00  0.00000E+00  0.00000E+00  0.00000E+00  0.00000E+00  0.00000E+00  0.00000E+00  0.00000E+00  0.00000E+00  0.00000E+00  0.00000E+00  0.00000E+00  0.00000E+00
  0.00000E+00  0.00000E+00  0.00000E+00  0.00000E+00  0.00000E+00  0.00000E+00  0.00000E+00  0.00000E+00  0.00000E+00  0.00000E+00  0.00000E+00  0.00000E+00  0.00000E+00  0.00000E+00  0.00000E+00  0.00000E+00  0.00000E+00  0.00000E+00  0.00000E+00  0.00000E+00  0.00000E+00  0.00000E+00  0.00000E+00  0.00000E+00  0.00000E+00  0.00000E+00  0.00000E+00  0.00000E+00  0.00000E+00  0.00000E+00  0.00000E+00  0.00000E+00  0.00000E+00  0.00000E+00  0.00000E+00  0.00000E+00  0.00000E+00  0.00000E+00  0.00000E+00  0.00000E+00  0.00000E+00  0.00000E+00  0.00000E+00  0.00000E+00  0.00000E+00  0.00000E+00  0.00000E+00  0.00000E+00  5.50880E+01  8.50810E+02  7.63079E+02  7.95722E+02  3.65218E+02  0.00000E+00  0.00000E+00  0.00000E+00  0.00000E+00  0.00000E+00  0.00000E+00  0.00000E+00  0.00000E+00  0.00000E+00  0.00000E+00  0.00000E+00  0.00000E+00  0.00000E+00  0.00000E+00  0.00000E+00  0.00000E+00  0.00000E+00  0.00000E+00  0.00000E+00  0.00000E+00
  0.00000E+00  0.00000E+00  0.00000E+00  0.00000E+00  0.00000E+00  0.00000E+00  0.00000E+00  0.00000E+00  0.00000E+00  0.00000E+00  0.00000E+00  0.00000E+00  0.00000E+00  0.00000E+00  0.00000E+00  0.00000E+00  0.00000E+00  0.00000E+00  0.00000E+00  0.00000E+00  0.00000E+00  0.00000E+00  0.00000E+00  0.00000E+00  0.00000E+00  0.00000E+00  0.00000E+00  0.00000E+00  0.00000E+00  0.00000E+00  0.00000E+00  0.00000E+00  0.00000E+00  0.00000E+00  0.00000E+00  0.00000E+00  0.00000E+00  0.00000E+00  0.00000E+00  0.00000E+00  0.00000E+00  0.00000E+00  0.00000E+00  0.00000E+00  0.00000E+00  0.00000E+00  9.40587E+02  6.08014E+02  2.87685E+02  0.00000E+00  0.00000E+00  5.50880E+01  0.00000E+00  0.00000E+00  0.00000E+00  0.00000E+00  0.00000E+00  0.00000E+00  0.00000E+00  0.00000E+00  0.00000E+00  0.00000E+00  0.00000E+00  0.00000E+00  0.00000E+00  0.00000E+00  0.00000E+00  0.00000E+00  0.00000E+00  0.00000E+00  0.00000E+00  0.00000E+00  0.00000E+00
  0.00000E+00  0.00000E+00  0.00000E+00  0.00000E+00  0.00000E+00  0.00000E+00  0.00000E+00  0.00000E+00  0.00000E+00  0.00000E+00  0.00000E+00  0.00000E+00  0.00000E+00  0.00000E+00  0.00000E+00  0.00000E+00  0.00000E+00  0.00000E+00  0.00000E+00  0.00000E+00  0.00000E+00  0.00000E+00  0.00000E+00  0.00000E+00  0.00000E+00  0.00000E+00  0.00000E+00  0.00000E+00  0.00000E+00  0.00000E+00  0.00000E+00  0.00000E+00  0.00000E+00  0.00000E+00  0.00000E+00  0.00000E+00  0.00000E+00  0.00000E+00  0.00000E+00  0.00000E+00  0.00000E+00  0.00000E+00  0.00000E+00  0.00000E+00  0.00000E+00  3.97861E+02  3.87662E+02  4.42750E+02  3.77463E+02  0.00000E+00  0.00000E+00  0.00000E+00  0.00000E+00  0.00000E+00  0.00000E+00  0.00000E+00  0.00000E+00  0.00000E+00  0.00000E+00  0.00000E+00  0.00000E+00  0.00000E+00  0.00000E+00  0.00000E+00  0.00000E+00  0.00000E+00  0.00000E+00  0.00000E+00  0.00000E+00  0.00000E+00  0.00000E+00  0.00000E+00  0.00000E+00
  0.00000E+00  0.00000E+00  0.00000E+00  0.00000E+00  0.00000E+00  0.00000E+00  0.00000E+00  0.00000E+00  0.00000E+00  0.00000E+00  0.00000E+00  0.00000E+00  0.00000E+00  0.00000E+00  0.00000E+00  0.00000E+00  0.00000E+00  0.00000E+00  0.00000E+00  0.00000E+00  0.00000E+00  0.00000E+00  0.00000E+00  0.00000E+00  0.00000E+00  0.00000E+00  0.00000E+00  0.00000E+00  0.00000E+00  0.00000E+00  0.00000E+00  0.00000E+00  0.00000E+00  0.00000E+00  0.00000E+00  0.00000E+00  0.00000E+00  0.00000E+00  0.00000E+00  0.00000E+00  0.00000E+00  0.00000E+00  0.00000E+00  0.00000E+00  0.00000E+00  5.50880E+01  0.00000E+00  0.00000E+00  0.00000E+00  0.00000E+00  0.00000E+00  0.00000E+00  0.00000E+00  0.00000E+00  0.00000E+00  0.00000E+00  0.00000E+00  0.00000E+00  0.00000E+00  0.00000E+00  0.00000E+00  0.00000E+00  0.00000E+00  0.00000E+00  0.00000E+00  0.00000E+00  0.00000E+00  0.00000E+00  0.00000E+00  0.00000E+00  0.00000E+00  0.00000E+00  0.00000E+00
  0.00000E+00  0.00000E+00  0.00000E+00  0.00000E+00  0.00000E+00  0.00000E+00  0.00000E+00  0.00000E+00  0.00000E+00  0.00000E+00  0.00000E+00  0.00000E+00  0.00000E+00  0.00000E+00  0.00000E+00  0.00000E+00  0.00000E+00  0.00000E+00  0.00000E+00  0.00000E+00  0.00000E+00  0.00000E+00  0.00000E+00  0.00000E+00  0.00000E+00  0.00000E+00  0.00000E+00  0.00000E+00  0.00000E+00  0.00000E+00  0.00000E+00  0.00000E+00  0.00000E+00  0.00000E+00  0.00000E+00  0.00000E+00  0.00000E+00  0.00000E+00  0.00000E+00  0.00000E+00  0.00000E+00  0.00000E+00  0.00000E+00  0.00000E+00  0.00000E+00  0.00000E+00  4.97838E+02  0.00000E+00  0.00000E+00  0.00000E+00  0.00000E+00  0.00000E+00  0.00000E+00  0.00000E+00  0.00000E+00  0.00000E+00  0.00000E+00  0.00000E+00  0.00000E+00  0.00000E+00  0.00000E+00  0.00000E+00  0.00000E+00  0.00000E+00  0.00000E+00  0.00000E+00  0.00000E+00  0.00000E+00  0.00000E+00  0.00000E+00  0.00000E+00  0.00000E+00  0.00000E+00
  0.00000E+00  0.00000E+00  0.00000E+00  0.00000E+00  0.00000E+00  0.00000E+00  0.00000E+00  0.00000E+00  0.00000E+00  0.00000E+00  0.00000E+00  0.00000E+00  0.00000E+00  0.00000E+00  0.00000E+00  0.00000E+00  0.00000E+00  0.00000E+00  0.00000E+00  0.00000E+00  0.00000E+00  0.00000E+00  0.00000E+00  0.00000E+00  0.00000E+00  0.00000E+00  0.00000E+00  0.00000E+00  0.00000E+00  0.00000E+00  0.00000E+00  0.00000E+00  0.00000E+00  0.00000E+00  0.00000E+00  0.00000E+00  0.00000E+00  0.00000E+00  0.00000E+00  0.00000E+00  0.00000E+00  0.00000E+00  0.00000E+00  0.00000E+00  0.00000E+00  0.00000E+00  0.00000E+00  0.00000E+00  0.00000E+00  0.00000E+00  0.00000E+00  0.00000E+00  0.00000E+00  0.00000E+00  0.00000E+00  0.00000E+00  0.00000E+00  0.00000E+00  0.00000E+00  0.00000E+00  0.00000E+00  0.00000E+00  0.00000E+00  0.00000E+00  0.00000E+00  0.00000E+00  0.00000E+00  0.00000E+00  0.00000E+00  0.00000E+00  0.00000E+00  0.00000E+00  0.00000E+00
  0.00000E+00  0.00000E+00  0.00000E+00  0.00000E+00  0.00000E+00  0.00000E+00  0.00000E+00  0.00000E+00  0.00000E+00  0.00000E+00  0.00000E+00  0.00000E+00  0.00000E+00  0.00000E+00  0.00000E+00  0.00000E+00  0.00000E+00  0.00000E+00  0.00000E+00  0.00000E+00  0.00000E+00  0.00000E+00  0.00000E+00  0.00000E+00  0.00000E+00  0.00000E+00  0.00000E+00  0.00000E+00  0.00000E+00  0.00000E+00  0.00000E+00  0.00000E+00  0.00000E+00  0.00000E+00  0.00000E+00  0.00000E+00  0.00000E+00  0.00000E+00  0.00000E+00  0.00000E+00  0.00000E+00  0.00000E+00  0.00000E+00  0.00000E+00  0.00000E+00  0.00000E+00  0.00000E+00  0.00000E+00  0.00000E+00  0.00000E+00  0.00000E+00  0.00000E+00  0.00000E+00  0.00000E+00  0.00000E+00  0.00000E+00  0.00000E+00  0.00000E+00  0.00000E+00  0.00000E+00  0.00000E+00  0.00000E+00  0.00000E+00  0.00000E+00  0.00000E+00  0.00000E+00  0.00000E+00  0.00000E+00  0.00000E+00  0.00000E+00  0.00000E+00  0.00000E+00  0.00000E+00
  0.00000E+00  0.00000E+00  0.00000E+00  0.00000E+00  0.00000E+00  0.00000E+00  0.00000E+00  0.00000E+00  0.00000E+00  0.00000E+00  0.00000E+00  0.00000E+00  0.00000E+00  0.00000E+00  0.00000E+00  0.00000E+00  0.00000E+00  0.00000E+00  0.00000E+00  0.00000E+00  0.00000E+00  0.00000E+00  0.00000E+00  0.00000E+00  0.00000E+00  0.00000E+00  0.00000E+00  0.00000E+00  0.00000E+00  0.00000E+00  0.00000E+00  0.00000E+00  0.00000E+00  0.00000E+00  0.00000E+00  0.00000E+00  0.00000E+00  0.00000E+00  0.00000E+00  0.00000E+00  0.00000E+00  0.00000E+00  0.00000E+00  0.00000E+00  0.00000E+00  0.00000E+00  0.00000E+00  0.00000E+00  0.00000E+00  0.00000E+00  0.00000E+00  5.50880E+01  3.20329E+02  5.50880E+01  0.00000E+00  0.00000E+00  0.00000E+00  0.00000E+00  0.00000E+00  0.00000E+00  0.00000E+00  0.00000E+00  0.00000E+00  0.00000E+00  0.00000E+00  0.00000E+00  0.00000E+00  0.00000E+00  0.00000E+00  0.00000E+00  0.00000E+00  0.00000E+00  0.00000E+00
  0.00000E+00  0.00000E+00  0.00000E+00  0.00000E+00  0.00000E+00  0.00000E+00  0.00000E+00  0.00000E+00  0.00000E+00  0.00000E+00  0.00000E+00  0.00000E+00  0.00000E+00  0.00000E+00  0.00000E+00  0.00000E+00  0.00000E+00  0.00000E+00  0.00000E+00  0.00000E+00  0.00000E+00  0.00000E+00  0.00000E+00  0.00000E+00  0.00000E+00  0.00000E+00  0.00000E+00  0.00000E+00  0.00000E+00  0.00000E+00  0.00000E+00  0.00000E+00  0.00000E+00  0.00000E+00  0.00000E+00  0.00000E+00  0.00000E+00  0.00000E+00  0.00000E+00  0.00000E+00  0.00000E+00  0.00000E+00  0.00000E+00  0.00000E+00  0.00000E+00  0.00000E+00  0.00000E+00  0.00000E+00  5.50880E+01  0.00000E+00  5.42727E+02  9.75277E+02  3.20329E+02  0.00000E+00  0.00000E+00  0.00000E+00  0.00000E+00  0.00000E+00  0.00000E+00  0.00000E+00  0.00000E+00  0.00000E+00  0.00000E+00  0.00000E+00  0.00000E+00  0.00000E+00  0.00000E+00  0.00000E+00  0.00000E+00  0.00000E+00  0.00000E+00  0.00000E+00  0.00000E+00
  0.00000E+00  0.00000E+00  0.00000E+00  0.00000E+00  0.00000E+00  0.00000E+00  0.00000E+00  0.00000E+00  0.00000E+00  0.00000E+00  0.00000E+00  0.00000E+00  0.00000E+00  0.00000E+00  0.00000E+00  0.00000E+00  0.00000E+00  0.00000E+00  0.00000E+00  0.00000E+00  0.00000E+00  0.00000E+00  0.00000E+00  0.00000E+00  0.00000E+00  0.00000E+00  0.00000E+00  0.00000E+00  0.00000E+00  0.00000E+00  0.00000E+00  0.00000E+00  0.00000E+00  0.00000E+00  0.00000E+00  0.00000E+00  0.00000E+00  0.00000E+00  0.00000E+00  0.00000E+00  0.00000E+00  0.00000E+00  0.00000E+00  0.00000E+00  0.00000E+00  0.00000E+00  0.00000E+00  2.24443E+01  4.77439E+02  4.44795E+02  8.87546E+02  3.44819E+02  0.00000E+00  0.00000E+00  0.00000E+00  0.00000E+00  0.00000E+00  0.00000E+00  0.00000E+00  0.00000E+00  0.00000E+00  0.00000E+00  0.00000E+00  0.00000E+00  0.00000E+00  0.00000E+00  0.00000E+00  0.00000E+00  0.00000E+00  0.00000E+00  0.00000E+00  0.00000E+00  0.00000E+00
  0.00000E+00  0.00000E+00  0.00000E+00  0.00000E+00  0.00000E+00  0.00000E+00  0.00000E+00  0.00000E+00  0.00000E+00  0.00000E+00  0.00000E+00  0.00000E+00  0.00000E+00  0.00000E+00  0.00000E+00  0.00000E+00  0.00000E+00  0.00000E+00  0.00000E+00  0.00000E+00  0.00000E+00  0.00000E+00  0.00000E+00  0.00000E+00  0.00000E+00  0.00000E+00  0.00000E+00  0.00000E+00  0.00000E+00  0.00000E+00  0.00000E+00  0.00000E+00  0.00000E+00  0.00000E+00  0.00000E+00  0.00000E+00  0.00000E+00  0.00000E+00  0.00000E+00  0.00000E+00  0.00000E+00  0.00000E+00  0.00000E+00  0.00000E+00  0.00000E+00  0.00000E+00  0.00000E+00  1.55065E+02  6.20259E+02  8.85500E+02  1.08545E+03  3.67263E+02  2.24443E+01  0.00000E+00  0.00000E+00  0.00000E+00  0.00000E+00  0.00000E+00  0.00000E+00  0.00000E+00  0.00000E+00  0.00000E+00  0.00000E+00  0.00000E+00  0.00000E+00  0.00000E+00  0.00000E+00  0.00000E+00  0.00000E+00  0.00000E+00  0.00000E+00  0.00000E+00  0.00000E+00
  0.00000E+00  0.00000E+00  0.00000E+00  0.00000E+00  0.00000E+00  0.00000E+00  0.00000E+00  0.00000E+00  0.00000E+00  0.00000E+00  0.00000E+00  0.00000E+00  0.00000E+00  0.00000E+00  0.00000E+00  0.00000E+00  0.00000E+00  0.00000E+00  0.00000E+00  0.00000E+00  0.00000E+00  0.00000E+00  0.00000E+00  0.00000E+00  0.00000E+00  0.00000E+00  0.00000E+00  0.00000E+00  0.00000E+00  0.00000E+00  0.00000E+00  0.00000E+00  0.00000E+00  0.00000E+00  0.00000E+00  0.00000E+00  0.00000E+00  0.00000E+00  0.00000E+00  0.00000E+00  0.00000E+00  0.00000E+00  0.00000E+00  0.00000E+00  0.00000E+00  0.00000E+00  0.00000E+00  0.00000E+00  5.20282E+02  7.85524E+02  5.32527E+02  6.87592E+02  1.32620E+02  0.00000E+00  0.00000E+00  0.00000E+00  0.00000E+00  0.00000E+00  0.00000E+00  0.00000E+00  0.00000E+00  0.00000E+00  0.00000E+00  0.00000E+00  0.00000E+00  0.00000E+00  0.00000E+00  0.00000E+00  0.00000E+00  0.00000E+00  0.00000E+00  0.00000E+00  0.00000E+00
  0.00000E+00  0.00000E+00  0.00000E+00  0.00000E+00  0.00000E+00  0.00000E+00  0.00000E+00  0.00000E+00  0.00000E+00  0.00000E+00  0.00000E+00  0.00000E+00  0.00000E+00  0.00000E+00  0.00000E+00  0.00000E+00  0.00000E+00  0.00000E+00  0.00000E+00  0.00000E+00  0.00000E+00  0.00000E+00  0.00000E+00  0.00000E+00  0.00000E+00  0.00000E+00  0.00000E+00  0.00000E+00  0.00000E+00  0.00000E+00  0.00000E+00  0.00000E+00  0.00000E+00  0.00000E+00  0.00000E+00  0.00000E+00  0.00000E+00  0.00000E+00  0.00000E+00  0.00000E+00  0.00000E+00  0.00000E+00  0.00000E+00  0.00000E+00  0.00000E+00  0.00000E+00  0.00000E+00  0.00000E+00  6.75347E+02  9.75277E+02  6.44749E+02  5.54971E+02  0.00000E+00  0.00000E+00  0.00000E+00  0.00000E+00  0.00000E+00  0.00000E+00  0.00000E+00  0.00000E+00  0.00000E+00  0.00000E+00  0.00000E+00  0.00000E+00  0.00000E+00  0.00000E+00  0.00000E+00  0.00000E+00  0.00000E+00  0.00000E+00  0.00000E+00  0.00000E+00  0.00000E+00
  0.00000E+00  0.00000E+00  0.00000E+00  0.00000E+00  0.00000E+00  0.00000E+00  0.00000E+00  0.00000E+00  0.00000E+00  0.00000E+00  0.00000E+00  0.00000E+00  0.00000E+00  0.00000E+00  0.00000E+00  0.00000E+00  0.00000E+00  0.00000E+00  0.00000E+00  0.00000E+00  0.00000E+00  0.00000E+00  0.00000E+00  0.00000E+00  0.00000E+00  0.00000E+00  0.00000E+00  0.00000E+00  0.00000E+00  0.00000E+00  0.00000E+00  0.00000E+00  0.00000E+00  0.00000E+00  0.00000E+00  0.00000E+00  0.00000E+00  0.00000E+00  0.00000E+00  0.00000E+00  0.00000E+00  0.00000E+00  0.00000E+00  0.00000E+00  0.00000E+00  0.00000E+00  0.00000E+00  0.00000E+00  3.77463E+02  1.05281E+03  8.97745E+02  4.48887E+01  0.00000E+00  0.00000E+00  0.00000E+00  0.00000E+00  0.00000E+00  0.00000E+00  0.00000E+00  0.00000E+00  0.00000E+00  0.00000E+00  0.00000E+00  0.00000E+00  0.00000E+00  0.00000E+00  0.00000E+00  0.00000E+00  0.00000E+00  0.00000E+00  0.00000E+00  0.00000E+00  0.00000E+00
  0.00000E+00  0.00000E+00  0.00000E+00  0.00000E+00  0.00000E+00  0.00000E+00  0.00000E+00  0.00000E+00  0.00000E+00  0.00000E+00  0.00000E+00  0.00000E+00  0.00000E+00  0.00000E+00  0.00000E+00  0.00000E+00  0.00000E+00  0.00000E+00  0.00000E+00  0.00000E+00  0.00000E+00  0.00000E+00  0.00000E+00  0.00000E+00  0.00000E+00  0.00000E+00  0.00000E+00  0.00000E+00  0.00000E+00  0.00000E+00  0.00000E+00  0.00000E+00  0.00000E+00  0.00000E+00  0.00000E+00  0.00000E+00  0.00000E+00  0.00000E+00  0.00000E+00  0.00000E+00  0.00000E+00  0.00000E+00  0.00000E+00  0.00000E+00  0.00000E+00  0.00000E+00  0.00000E+00  0.00000E+00  2.24443E+01  1.00792E+03  8.42656E+02  0.00000E+00  0.00000E+00  0.00000E+00  0.00000E+00  0.00000E+00  0.00000E+00  0.00000E+00  0.00000E+00  0.00000E+00  0.00000E+00  0.00000E+00  0.00000E+00  0.00000E+00  0.00000E+00  0.00000E+00  0.00000E+00  0.00000E+00  0.00000E+00  0.00000E+00  0.00000E+00  0.00000E+00  0.00000E+00
  0.00000E+00  0.00000E+00  0.00000E+00  0.00000E+00  0.00000E+00  0.00000E+00  0.00000E+00  0.00000E+00  0.00000E+00  0.00000E+00  0.00000E+00  0.00000E+00  0.00000E+00  0.00000E+00  0.00000E+00  0.00000E+00  0.00000E+00  0.00000E+00  0.00000E+00  0.00000E+00  0.00000E+00  0.00000E+00  0.00000E+00  0.00000E+00  0.00000E+00  0.00000E+00  0.00000E+00  0.00000E+00  0.00000E+00  0.00000E+00  0.00000E+00  0.00000E+00  0.00000E+00  0.00000E+00  0.00000E+00  0.00000E+00  0.00000E+00  0.00000E+00  0.00000E+00  0.00000E+00  0.00000E+00  0.00000E+00  0.00000E+00  0.00000E+00  0.00000E+00  0.00000E+00  0.00000E+00  0.00000E+00  0.00000E+00  2.10153E+02  2.10153E+02  0.00000E+00  0.00000E+00  0.00000E+00  0.00000E+00  0.00000E+00  0.00000E+00  0.00000E+00  0.00000E+00  0.00000E+00  0.00000E+00  0.00000E+00  0.00000E+00  0.00000E+00  0.00000E+00  0.00000E+00  0.00000E+00  0.00000E+00  0.00000E+00  0.00000E+00  0.00000E+00  0.00000E+00  0.00000E+00
  0.00000E+00  0.00000E+00  0.00000E+00  0.00000E+00  0.00000E+00  0.00000E+00  0.00000E+00  0.00000E+00  0.00000E+00  0.00000E+00  0.00000E+00  0.00000E+00  0.00000E+00  0.00000E+00  0.00000E+00  0.00000E+00  0.00000E+00  0.00000E+00  0.00000E+00  0.00000E+00  0.00000E+00  0.00000E+00  0.00000E+00  0.00000E+00  0.00000E+00  0.00000E+00  0.00000E+00  0.00000E+00  0.00000E+00  0.00000E+00  0.00000E+00  0.00000E+00  0.00000E+00  0.00000E+00  0.00000E+00  0.00000E+00  0.00000E+00  0.00000E+00  0.00000E+00  0.00000E+00  0.00000E+00  0.00000E+00  0.00000E+00  0.00000E+00  0.00000E+00  0.00000E+00  0.00000E+00  0.00000E+00  0.00000E+00  0.00000E+00  0.00000E+00  0.00000E+00  0.00000E+00  0.00000E+00  0.00000E+00  0.00000E+00  0.00000E+00  0.00000E+00  0.00000E+00  0.00000E+00  0.00000E+00  0.00000E+00  0.00000E+00  0.00000E+00  0.00000E+00  0.00000E+00  0.00000E+00  0.00000E+00  0.00000E+00  0.00000E+00  0.00000E+00  0.00000E+00  0.00000E+00
  0.00000E+00  0.00000E+00  0.00000E+00  0.00000E+00  0.00000E+00  0.00000E+00  0.00000E+00  0.00000E+00  0.00000E+00  0.00000E+00  0.00000E+00  0.00000E+00  0.00000E+00  0.00000E+00  0.00000E+00  0.00000E+00  0.00000E+00  0.00000E+00  0.00000E+00  0.00000E+00  0.00000E+00  0.00000E+00  0.00000E+00  0.00000E+00  0.00000E+00  0.00000E+00  0.00000E+00  0.00000E+00  0.00000E+00  0.00000E+00  0.00000E+00  0.00000E+00  0.00000E+00  0.00000E+00  0.00000E+00  0.00000E+00  0.00000E+00  0.00000E+00  0.00000E+00  0.00000E+00  0.00000E+00  0.00000E+00  0.00000E+00  0.00000E+00  0.00000E+00  0.00000E+00  0.00000E+00  0.00000E+00  0.00000E+00  0.00000E+00  0.00000E+00  0.00000E+00  0.00000E+00  0.00000E+00  0.00000E+00  0.00000E+00  0.00000E+00  0.00000E+00  0.00000E+00  0.00000E+00  0.00000E+00  0.00000E+00  0.00000E+00  0.00000E+00  0.00000E+00  0.00000E+00  0.00000E+00  0.00000E+00  0.00000E+00  0.00000E+00  0.00000E+00  0.00000E+00  0.00000E+00
  0.00000E+00  0.00000E+00  0.00000E+00  0.00000E+00  0.00000E+00  0.00000E+00  0.00000E+00  0.00000E+00  0.00000E+00  0.00000E+00  0.00000E+00  0.00000E+00  0.00000E+00  0.00000E+00  0.00000E+00  0.00000E+00  0.00000E+00  0.00000E+00  0.00000E+00  0.00000E+00  0.00000E+00  0.00000E+00  0.00000E+00  0.00000E+00  0.00000E+00  0.00000E+00  0.00000E+00  0.00000E+00  0.00000E+00  0.00000E+00  0.00000E+00  0.00000E+00  0.00000E+00  0.00000E+00  0.00000E+00  0.00000E+00  0.00000E+00  0.00000E+00  0.00000E+00  0.00000E+00  0.00000E+00  0.00000E+00  0.00000E+00  0.00000E+00  0.00000E+00  0.00000E+00  0.00000E+00  0.00000E+00  0.00000E+00  0.00000E+00  0.00000E+00  0.00000E+00  0.00000E+00  0.00000E+00  0.00000E+00  0.00000E+00  0.00000E+00  0.00000E+00  0.00000E+00  0.00000E+00  0.00000E+00  0.00000E+00  0.00000E+00  0.00000E+00  0.00000E+00  0.00000E+00  0.00000E+00  0.00000E+00  0.00000E+00  0.00000E+00  0.00000E+00  0.00000E+00  0.00000E+00
  0.00000E+00  0.00000E+00  0.00000E+00  0.00000E+00  0.00000E+00  0.00000E+00  0.00000E+00  0.00000E+00  0.00000E+00  0.00000E+00  0.00000E+00  0.00000E+00  0.00000E+00  0.00000E+00  0.00000E+00  0.00000E+00  0.00000E+00  0.00000E+00  0.00000E+00  0.00000E+00  0.00000E+00  0.00000E+00  0.00000E+00  0.00000E+00  0.00000E+00  0.00000E+00  0.00000E+00  0.00000E+00  0.00000E+00  0.00000E+00  0.00000E+00  0.00000E+00  0.00000E+00  0.00000E+00  0.00000E+00  0.00000E+00  0.00000E+00  0.00000E+00  0.00000E+00  0.00000E+00  0.00000E+00  0.00000E+00  0.00000E+00  0.00000E+00  0.00000E+00  0.00000E+00  0.00000E+00  0.00000E+00  0.00000E+00  0.00000E+00  0.00000E+00  0.00000E+00  0.00000E+00  0.00000E+00  0.00000E+00  0.00000E+00  0.00000E+00  0.00000E+00  0.00000E+00  0.00000E+00  0.00000E+00  0.00000E+00  0.00000E+00  0.00000E+00  0.00000E+00  0.00000E+00  0.00000E+00  0.00000E+00  0.00000E+00  0.00000E+00  0.00000E+00  0.00000E+00  0.00000E+00
  0.00000E+00  0.00000E+00  0.00000E+00  0.00000E+00  0.00000E+00  0.00000E+00  0.00000E+00  0.00000E+00  0.00000E+00  0.00000E+00  0.00000E+00  0.00000E+00  0.00000E+00  0.00000E+00  0.00000E+00  0.00000E+00  0.00000E+00  0.00000E+00  0.00000E+00  0.00000E+00  0.00000E+00  0.00000E+00  0.00000E+00  0.00000E+00  0.00000E+00  0.00000E+00  0.00000E+00  0.00000E+00  0.00000E+00  0.00000E+00  0.00000E+00  0.00000E+00  0.00000E+00  0.00000E+00  0.00000E+00  0.00000E+00  0.00000E+00  0.00000E+00  0.00000E+00  0.00000E+00  0.00000E+00  0.00000E+00  0.00000E+00  0.00000E+00  0.00000E+00  0.00000E+00  0.00000E+00  0.00000E+00  0.00000E+00  0.00000E+00  0.00000E+00  0.00000E+00  0.00000E+00  0.00000E+00  0.00000E+00  0.00000E+00  0.00000E+00  0.00000E+00  0.00000E+00  0.00000E+00  0.00000E+00  0.00000E+00  0.00000E+00  0.00000E+00  0.00000E+00  0.00000E+00  0.00000E+00  0.00000E+00  0.00000E+00  0.00000E+00  0.00000E+00  0.00000E+00  0.00000E+00
  0.00000E+00  0.00000E+00  0.00000E+00  0.00000E+00  0.00000E+00  0.00000E+00  0.00000E+00  0.00000E+00  0.00000E+00  0.00000E+00  0.00000E+00  0.00000E+00  0.00000E+00  0.00000E+00  0.00000E+00  0.00000E+00  0.00000E+00  0.00000E+00  0.00000E+00  0.00000E+00  0.00000E+00  0.00000E+00  0.00000E+00  0.00000E+00  0.00000E+00  0.00000E+00  0.00000E+00  0.00000E+00  0.00000E+00  0.00000E+00  0.00000E+00  0.00000E+00  0.00000E+00  0.00000E+00  0.00000E+00  0.00000E+00  0.00000E+00  0.00000E+00  0.00000E+00  0.00000E+00  0.00000E+00  0.00000E+00  0.00000E+00  0.00000E+00  0.00000E+00  0.00000E+00  0.00000E+00  0.00000E+00  0.00000E+00  0.00000E+00  0.00000E+00  0.00000E+00  0.00000E+00  0.00000E+00  0.00000E+00  0.00000E+00  0.00000E+00  0.00000E+00  0.00000E+00  0.00000E+00  0.00000E+00  0.00000E+00  0.00000E+00  0.00000E+00  0.00000E+00  0.00000E+00  0.00000E+00  0.00000E+00  0.00000E+00  0.00000E+00  0.00000E+00  0.00000E+00  0.00000E+00
  0.00000E+00  0.00000E+00  0.00000E+00  0.00000E+00  0.00000E+00  0.00000E+00  0.00000E+00  0.00000E+00  0.00000E+00  0.00000E+00  0.00000E+00  0.00000E+00  0.00000E+00  0.00000E+00  0.00000E+00  0.00000E+00  0.00000E+00  0.00000E+00  0.00000E+00  0.00000E+00  0.00000E+00  0.00000E+00  0.00000E+00  0.00000E+00  0.00000E+00  0.00000E+00  0.00000E+00  0.00000E+00  0.00000E+00  0.00000E+00  0.00000E+00  0.00000E+00  0.00000E+00  0.00000E+00  0.00000E+00  0.00000E+00  0.00000E+00  0.00000E+00  0.00000E+00  0.00000E+00  0.00000E+00  0.00000E+00  0.00000E+00  0.00000E+00  0.00000E+00  0.00000E+00  0.00000E+00  0.00000E+00  0.00000E+00  0.00000E+00  0.00000E+00  0.00000E+00  0.00000E+00  0.00000E+00  0.00000E+00  0.00000E+00  0.00000E+00  0.00000E+00  0.00000E+00  0.00000E+00  0.00000E+00  0.00000E+00  0.00000E+00  0.00000E+00  0.00000E+00  0.00000E+00  0.00000E+00  0.00000E+00  0.00000E+00  0.00000E+00  0.00000E+00  0.00000E+00  0.00000E+00
  0.00000E+00  0.00000E+00  0.00000E+00  0.00000E+00  0.00000E+00  0.00000E+00  0.00000E+00  0.00000E+00  0.00000E+00  0.00000E+00  0.00000E+00  0.00000E+00  0.00000E+00  0.00000E+00  0.00000E+00  0.00000E+00  0.00000E+00  0.00000E+00  0.00000E+00  0.00000E+00  0.00000E+00  0.00000E+00  0.00000E+00  0.00000E+00  0.00000E+00  0.00000E+00  0.00000E+00  0.00000E+00  0.00000E+00  0.00000E+00  0.00000E+00  0.00000E+00  0.00000E+00  0.00000E+00  0.00000E+00  0.00000E+00  0.00000E+00  0.00000E+00  0.00000E+00  0.00000E+00  0.00000E+00  0.00000E+00  0.00000E+00  0.00000E+00  0.00000E+00  0.00000E+00  0.00000E+00  0.00000E+00  0.00000E+00  0.00000E+00  0.00000E+00  0.00000E+00  0.00000E+00  0.00000E+00  0.00000E+00  0.00000E+00  0.00000E+00  0.00000E+00  0.00000E+00  0.00000E+00  0.00000E+00  0.00000E+00  0.00000E+00  0.00000E+00  0.00000E+00  0.00000E+00  0.00000E+00  0.00000E+00  0.00000E+00  0.00000E+00  0.00000E+00  0.00000E+00  0.00000E+00
  0.00000E+00  0.00000E+00  0.00000E+00  0.00000E+00  0.00000E+00  0.00000E+00  0.00000E+00  0.00000E+00  0.00000E+00  0.00000E+00  0.00000E+00  0.00000E+00  0.00000E+00  0.00000E+00  0.00000E+00  0.00000E+00  0.00000E+00  0.00000E+00  0.00000E+00  0.00000E+00  0.00000E+00  0.00000E+00  0.00000E+00  0.00000E+00  0.00000E+00  0.00000E+00  0.00000E+00  0.00000E+00  0.00000E+00  0.00000E+00  0.00000E+00  0.00000E+00  0.00000E+00  0.00000E+00  0.00000E+00  0.00000E+00  0.00000E+00  0.00000E+00  0.00000E+00  0.00000E+00  0.00000E+00  0.00000E+00  0.00000E+00  0.00000E+00  0.00000E+00  0.00000E+00  0.00000E+00  0.00000E+00  0.00000E+00  0.00000E+00  0.00000E+00  0.00000E+00  0.00000E+00  0.00000E+00  0.00000E+00  0.00000E+00  0.00000E+00  0.00000E+00  0.00000E+00  0.00000E+00  0.00000E+00  0.00000E+00  0.00000E+00  0.00000E+00  0.00000E+00  0.00000E+00  0.00000E+00  0.00000E+00  0.00000E+00  0.00000E+00  0.00000E+00  0.00000E+00  0.00000E+00
  0.00000E+00  0.00000E+00  0.00000E+00  0.00000E+00  0.00000E+00  0.00000E+00  0.00000E+00  0.00000E+00  0.00000E+00  0.00000E+00  0.00000E+00  0.00000E+00  0.00000E+00  0.00000E+00  0.00000E+00  0.00000E+00  0.00000E+00  0.00000E+00  0.00000E+00  0.00000E+00  0.00000E+00  0.00000E+00  0.00000E+00  0.00000E+00  0.00000E+00  0.00000E+00  0.00000E+00  0.00000E+00  0.00000E+00  0.00000E+00  0.00000E+00  0.00000E+00  0.00000E+00  0.00000E+00  0.00000E+00  0.00000E+00  0.00000E+00  0.00000E+00  0.00000E+00  0.00000E+00  0.00000E+00  0.00000E+00  0.00000E+00  0.00000E+00  0.00000E+00  0.00000E+00  0.00000E+00  0.00000E+00  0.00000E+00  0.00000E+00  0.00000E+00  0.00000E+00  0.00000E+00  0.00000E+00  0.00000E+00  0.00000E+00  0.00000E+00  0.00000E+00  0.00000E+00  0.00000E+00  0.00000E+00  0.00000E+00  0.00000E+00  0.00000E+00  0.00000E+00  0.00000E+00  0.00000E+00  0.00000E+00  0.00000E+00  0.00000E+00  0.00000E+00  0.00000E+00  0.00000E+00
  0.00000E+00  0.00000E+00  0.00000E+00  0.00000E+00  0.00000E+00  0.00000E+00  0.00000E+00  0.00000E+00  0.00000E+00  0.00000E+00  0.00000E+00  0.00000E+00  0.00000E+00  0.00000E+00  0.00000E+00  0.00000E+00  0.00000E+00  0.00000E+00  0.00000E+00  0.00000E+00  0.00000E+00  0.00000E+00  0.00000E+00  0.00000E+00  0.00000E+00  0.00000E+00  0.00000E+00  0.00000E+00  0.00000E+00  0.00000E+00  0.00000E+00  0.00000E+00  0.00000E+00  0.00000E+00  0.00000E+00  0.00000E+00  0.00000E+00  0.00000E+00  0.00000E+00  0.00000E+00  0.00000E+00  0.00000E+00  0.00000E+00  0.00000E+00  0.00000E+00  0.00000E+00  0.00000E+00  0.00000E+00  0.00000E+00  0.00000E+00  0.00000E+00  0.00000E+00  0.00000E+00  0.00000E+00  0.00000E+00  0.00000E+00  0.00000E+00  0.00000E+00  0.00000E+00  0.00000E+00  0.00000E+00  0.00000E+00  0.00000E+00  0.00000E+00  0.00000E+00  0.00000E+00  0.00000E+00  0.00000E+00  0.00000E+00  0.00000E+00  0.00000E+00  0.00000E+00  0.00000E+00
  0.00000E+00  0.00000E+00  0.00000E+00  0.00000E+00  0.00000E+00  0.00000E+00  0.00000E+00  0.00000E+00  0.00000E+00  0.00000E+00  0.00000E+00  0.00000E+00  0.00000E+00  0.00000E+00  0.00000E+00  0.00000E+00  0.00000E+00  0.00000E+00  0.00000E+00  0.00000E+00  0.00000E+00  0.00000E+00  0.00000E+00  0.00000E+00  0.00000E+00  0.00000E+00  0.00000E+00  0.00000E+00  0.00000E+00  0.00000E+00  0.00000E+00  0.00000E+00  0.00000E+00  0.00000E+00  0.00000E+00  0.00000E+00  0.00000E+00  0.00000E+00  0.00000E+00  0.00000E+00  0.00000E+00  0.00000E+00  0.00000E+00  0.00000E+00  0.00000E+00  0.00000E+00  0.00000E+00  0.00000E+00  0.00000E+00  0.00000E+00  0.00000E+00  0.00000E+00  0.00000E+00  0.00000E+00  0.00000E+00  0.00000E+00  0.00000E+00  0.00000E+00  0.00000E+00  0.00000E+00  0.00000E+00  0.00000E+00  0.00000E+00  0.00000E+00  0.00000E+00  0.00000E+00  0.00000E+00  0.00000E+00  0.00000E+00  0.00000E+00  0.00000E+00  0.00000E+00  0.00000E+00
  0.00000E+00  0.00000E+00  0.00000E+00  0.00000E+00  0.00000E+00  0.00000E+00  0.00000E+00  0.00000E+00  0.00000E+00  0.00000E+00  0.00000E+00  0.00000E+00  0.00000E+00  0.00000E+00  0.00000E+00  0.00000E+00  0.00000E+00  0.00000E+00  0.00000E+00  0.00000E+00  0.00000E+00  0.00000E+00  0.00000E+00  0.00000E+00  0.00000E+00  0.00000E+00  0.00000E+00  0.00000E+00  0.00000E+00  0.00000E+00  0.00000E+00  0.00000E+00  0.00000E+00  0.00000E+00  0.00000E+00  0.00000E+00  0.00000E+00  0.00000E+00  0.00000E+00  0.00000E+00  0.00000E+00  0.00000E+00  0.00000E+00  0.00000E+00  0.00000E+00  0.00000E+00  0.00000E+00  0.00000E+00  0.00000E+00  0.00000E+00  0.00000E+00  0.00000E+00  0.00000E+00  0.00000E+00  0.00000E+00  0.00000E+00  0.00000E+00  0.00000E+00  0.00000E+00  0.00000E+00  0.00000E+00  0.00000E+00  0.00000E+00  0.00000E+00  0.00000E+00  0.00000E+00  0.00000E+00  0.00000E+00  0.00000E+00  0.00000E+00  0.00000E+00  0.00000E+00  0.00000E+00
  0.00000E+00  0.00000E+00  0.00000E+00  0.00000E+00  0.00000E+00  0.00000E+00  0.00000E+00  0.00000E+00  0.00000E+00  0.00000E+00  0.00000E+00  0.00000E+00  0.00000E+00  0.00000E+00  0.00000E+00  0.00000E+00  0.00000E+00  0.00000E+00  0.00000E+00  0.00000E+00  0.00000E+00  0.00000E+00  0.00000E+00  0.00000E+00  0.00000E+00  0.00000E+00  0.00000E+00  0.00000E+00  0.00000E+00  0.00000E+00  0.00000E+00  0.00000E+00  0.00000E+00  0.00000E+00  0.00000E+00  0.00000E+00  0.00000E+00  0.00000E+00  0.00000E+00  0.00000E+00  0.00000E+00  0.00000E+00  0.00000E+00  0.00000E+00  0.00000E+00  0.00000E+00  0.00000E+00  0.00000E+00  0.00000E+00  0.00000E+00  0.00000E+00  0.00000E+00  0.00000E+00  0.00000E+00  0.00000E+00  0.00000E+00  0.00000E+00  0.00000E+00  0.00000E+00  0.00000E+00  0.00000E+00  0.00000E+00  0.00000E+00  0.00000E+00  0.00000E+00  0.00000E+00  0.00000E+00  0.00000E+00  0.00000E+00  0.00000E+00  0.00000E+00  0.00000E+00  0.00000E+00
  0.00000E+00  0.00000E+00  0.00000E+00  0.00000E+00  0.00000E+00  0.00000E+00  0.00000E+00  0.00000E+00  0.00000E+00  0.00000E+00  0.00000E+00  0.00000E+00  0.00000E+00  0.00000E+00  0.00000E+00  0.00000E+00  0.00000E+00  0.00000E+00  0.00000E+00  0.00000E+00  0.00000E+00  0.00000E+00  0.00000E+00  0.00000E+00  0.00000E+00  0.00000E+00  0.00000E+00  0.00000E+00  0.00000E+00  0.00000E+00  0.00000E+00  0.00000E+00  0.00000E+00  0.00000E+00  0.00000E+00  0.00000E+00  0.00000E+00  0.00000E+00  0.00000E+00  0.00000E+00  0.00000E+00  0.00000E+00  0.00000E+00  0.00000E+00  0.00000E+00  0.00000E+00  0.00000E+00  0.00000E+00  0.00000E+00  0.00000E+00  0.00000E+00  0.00000E+00  0.00000E+00  0.00000E+00  0.00000E+00  0.00000E+00  0.00000E+00  0.00000E+00  0.00000E+00  0.00000E+00  0.00000E+00  0.00000E+00  0.00000E+00  0.00000E+00  0.00000E+00  0.00000E+00  0.00000E+00  0.00000E+00  0.00000E+00  0.00000E+00  0.00000E+00  0.00000E+00  0.00000E+00
  0.00000E+00  0.00000E+00  0.00000E+00  0.00000E+00  0.00000E+00  0.00000E+00  0.00000E+00  0.00000E+00  0.00000E+00  0.00000E+00  0.00000E+00  0.00000E+00  0.00000E+00  0.00000E+00  0.00000E+00  0.00000E+00  0.00000E+00  0.00000E+00  0.00000E+00  0.00000E+00  0.00000E+00  0.00000E+00  0.00000E+00  0.00000E+00  0.00000E+00  0.00000E+00  0.00000E+00  0.00000E+00  0.00000E+00  0.00000E+00  0.00000E+00  0.00000E+00  0.00000E+00  0.00000E+00  0.00000E+00  0.00000E+00  0.00000E+00  0.00000E+00  0.00000E+00  0.00000E+00  0.00000E+00  0.00000E+00  0.00000E+00  0.00000E+00  0.00000E+00  0.00000E+00  0.00000E+00  0.00000E+00  0.00000E+00  0.00000E+00  0.00000E+00  0.00000E+00  0.00000E+00  0.00000E+00  0.00000E+00  0.00000E+00  0.00000E+00  0.00000E+00  0.00000E+00  0.00000E+00  0.00000E+00  0.00000E+00  0.00000E+00  0.00000E+00  0.00000E+00  0.00000E+00  0.00000E+00  0.00000E+00  0.00000E+00  0.00000E+00  0.00000E+00  0.00000E+00  0.00000E+00
  0.00000E+00  0.00000E+00  0.00000E+00  0.00000E+00  0.00000E+00  0.00000E+00  0.00000E+00  0.00000E+00  0.00000E+00  0.00000E+00  0.00000E+00  0.00000E+00  0.00000E+00  0.00000E+00  0.00000E+00  0.00000E+00  0.00000E+00  0.00000E+00  0.00000E+00  0.00000E+00  0.00000E+00  0.00000E+00  0.00000E+00  0.00000E+00  0.00000E+00  0.00000E+00  0.00000E+00  0.00000E+00  0.00000E+00  0.00000E+00  0.00000E+00  0.00000E+00  0.00000E+00  0.00000E+00  0.00000E+00  0.00000E+00  0.00000E+00  0.00000E+00  0.00000E+00  0.00000E+00  0.00000E+00  0.00000E+00  0.00000E+00  0.00000E+00  0.00000E+00  0.00000E+00  0.00000E+00  0.00000E+00  0.00000E+00  0.00000E+00  0.00000E+00  0.00000E+00  0.00000E+00  0.00000E+00  0.00000E+00  0.00000E+00  0.00000E+00  0.00000E+00  0.00000E+00  0.00000E+00  0.00000E+00  0.00000E+00  0.00000E+00  0.00000E+00  0.00000E+00  0.00000E+00  0.00000E+00  0.00000E+00  0.00000E+00  0.00000E+00  0.00000E+00  0.00000E+00  0.00000E+00
  0.00000E+00  0.00000E+00  0.00000E+00  0.00000E+00  0.00000E+00  0.00000E+00  0.00000E+00  0.00000E+00  0.00000E+00  0.00000E+00  0.00000E+00  0.00000E+00  0.00000E+00  0.00000E+00  0.00000E+00  0.00000E+00  0.00000E+00  0.00000E+00  0.00000E+00  0.00000E+00  0.00000E+00  0.00000E+00  0.00000E+00  0.00000E+00  0.00000E+00  0.00000E+00  0.00000E+00  0.00000E+00  0.00000E+00  0.00000E+00  0.00000E+00  0.00000E+00  0.00000E+00  0.00000E+00  0.00000E+00  0.00000E+00  0.00000E+00  0.00000E+00  0.00000E+00  0.00000E+00  0.00000E+00  0.00000E+00  0.00000E+00  0.00000E+00  0.00000E+00  0.00000E+00  0.00000E+00  0.00000E+00  0.00000E+00  0.00000E+00  0.00000E+00  0.00000E+00  0.00000E+00  0.00000E+00  0.00000E+00  0.00000E+00  0.00000E+00  0.00000E+00  0.00000E+00  0.00000E+00  0.00000E+00  0.00000E+00  0.00000E+00  0.00000E+00  0.00000E+00  0.00000E+00  0.00000E+00  0.00000E+00  0.00000E+00  0.00000E+00  0.00000E+00  0.00000E+00  0.00000E+00
  0.00000E+00  0.00000E+00  0.00000E+00  0.00000E+00  0.00000E+00  0.00000E+00  0.00000E+00  0.00000E+00  0.00000E+00  0.00000E+00  0.00000E+00  0.00000E+00  0.00000E+00  0.00000E+00  0.00000E+00  0.00000E+00  0.00000E+00  0.00000E+00  0.00000E+00  0.00000E+00  0.00000E+00  0.00000E+00  0.00000E+00  0.00000E+00  0.00000E+00  0.00000E+00  0.00000E+00  0.00000E+00  0.00000E+00  0.00000E+00  0.00000E+00  0.00000E+00  0.00000E+00  0.00000E+00  0.00000E+00  0.00000E+00  0.00000E+00  0.00000E+00  0.00000E+00  0.00000E+00  0.00000E+00  0.00000E+00  0.00000E+00  0.00000E+00  0.00000E+00  0.00000E+00  0.00000E+00  0.00000E+00  0.00000E+00  0.00000E+00  0.00000E+00  0.00000E+00  0.00000E+00  0.00000E+00  0.00000E+00  0.00000E+00  0.00000E+00  0.00000E+00  0.00000E+00  0.00000E+00  0.00000E+00  0.00000E+00  0.00000E+00  0.00000E+00  0.00000E+00  0.00000E+00  0.00000E+00  0.00000E+00  0.00000E+00  0.00000E+00  0.00000E+00  0.00000E+00  0.00000E+00
  0.00000E+00  0.00000E+00  0.00000E+00  0.00000E+00  0.00000E+00  0.00000E+00  0.00000E+00  0.00000E+00  0.00000E+00  0.00000E+00  0.00000E+00  0.00000E+00  0.00000E+00  0.00000E+00  0.00000E+00  0.00000E+00  0.00000E+00  0.00000E+00  0.00000E+00  0.00000E+00  0.00000E+00  0.00000E+00  0.00000E+00  0.00000E+00  0.00000E+00  0.00000E+00  0.00000E+00  0.00000E+00  0.00000E+00  0.00000E+00  0.00000E+00  0.00000E+00  0.00000E+00  0.00000E+00  0.00000E+00  0.00000E+00  0.00000E+00  0.00000E+00  0.00000E+00  0.00000E+00  0.00000E+00  0.00000E+00  0.00000E+00  0.00000E+00  0.00000E+00  0.00000E+00  0.00000E+00  0.00000E+00  0.00000E+00  0.00000E+00  0.00000E+00  0.00000E+00  0.00000E+00  0.00000E+00  0.00000E+00  0.00000E+00  0.00000E+00  0.00000E+00  0.00000E+00  0.00000E+00  0.00000E+00  0.00000E+00  0.00000E+00  0.00000E+00  0.00000E+00  0.00000E+00  0.00000E+00  0.00000E+00  0.00000E+00  0.00000E+00  0.00000E+00  0.00000E+00  0.00000E+00
  0.00000E+00  0.00000E+00  0.00000E+00  0.00000E+00  0.00000E+00  0.00000E+00  0.00000E+00  0.00000E+00  0.00000E+00  0.00000E+00  0.00000E+00  0.00000E+00  0.00000E+00  0.00000E+00  0.00000E+00  0.00000E+00  0.00000E+00  0.00000E+00  0.00000E+00  0.00000E+00  0.00000E+00  0.00000E+00  0.00000E+00  0.00000E+00  0.00000E+00  0.00000E+00  0.00000E+00  0.00000E+00  0.00000E+00  0.00000E+00  0.00000E+00  0.00000E+00  0.00000E+00  0.00000E+00  0.00000E+00  0.00000E+00  0.00000E+00  0.00000E+00  0.00000E+00  0.00000E+00  0.00000E+00  0.00000E+00  0.00000E+00  0.00000E+00  0.00000E+00  0.00000E+00  0.00000E+00  0.00000E+00  0.00000E+00  0.00000E+00  0.00000E+00  0.00000E+00  0.00000E+00  0.00000E+00  0.00000E+00  0.00000E+00  0.00000E+00  0.00000E+00  0.00000E+00  0.00000E+00  0.00000E+00  0.00000E+00  0.00000E+00  0.00000E+00  0.00000E+00  0.00000E+00  0.00000E+00  0.00000E+00  0.00000E+00  0.00000E+00  0.00000E+00  0.00000E+00  0.00000E+00
  0.00000E+00  0.00000E+00  0.00000E+00  0.00000E+00  0.00000E+00  0.00000E+00  0.00000E+00  0.00000E+00  0.00000E+00  0.00000E+00  0.00000E+00  0.00000E+00  0.00000E+00  0.00000E+00  0.00000E+00  0.00000E+00  0.00000E+00  0.00000E+00  0.00000E+00  0.00000E+00  0.00000E+00  0.00000E+00  0.00000E+00  0.00000E+00  0.00000E+00  0.00000E+00  0.00000E+00  0.00000E+00  0.00000E+00  0.00000E+00  0.00000E+00  0.00000E+00  0.00000E+00  0.00000E+00  0.00000E+00  0.00000E+00  0.00000E+00  0.00000E+00  0.00000E+00  0.00000E+00  0.00000E+00  0.00000E+00  0.00000E+00  0.00000E+00  0.00000E+00  0.00000E+00  0.00000E+00  0.00000E+00  0.00000E+00  0.00000E+00  0.00000E+00  0.00000E+00  0.00000E+00  0.00000E+00  0.00000E+00  0.00000E+00  0.00000E+00  0.00000E+00  0.00000E+00  0.00000E+00  0.00000E+00  0.00000E+00  0.00000E+00  0.00000E+00  0.00000E+00  0.00000E+00  0.00000E+00  0.00000E+00  0.00000E+00  0.00000E+00  0.00000E+00  0.00000E+00  0.00000E+00
  0.00000E+00  0.00000E+00  0.00000E+00  0.00000E+00  0.00000E+00  0.00000E+00  0.00000E+00  0.00000E+00  0.00000E+00  0.00000E+00  0.00000E+00  0.00000E+00  0.00000E+00  0.00000E+00  0.00000E+00  0.00000E+00  0.00000E+00  0.00000E+00  0.00000E+00  0.00000E+00  0.00000E+00  0.00000E+00  0.00000E+00  0.00000E+00  0.00000E+00  0.00000E+00  0.00000E+00  0.00000E+00  0.00000E+00  0.00000E+00  0.00000E+00  0.00000E+00  0.00000E+00  0.00000E+00  0.00000E+00  0.00000E+00  0.00000E+00  0.00000E+00  0.00000E+00  0.00000E+00  0.00000E+00  0.00000E+00  0.00000E+00  0.00000E+00  0.00000E+00  0.00000E+00  0.00000E+00  0.00000E+00  0.00000E+00  0.00000E+00  0.00000E+00  0.00000E+00  0.00000E+00  0.00000E+00  0.00000E+00  0.00000E+00  0.00000E+00  0.00000E+00  0.00000E+00  0.00000E+00  0.00000E+00  0.00000E+00  0.00000E+00  0.00000E+00  0.00000E+00  0.00000E+00  0.00000E+00  0.00000E+00  0.00000E+00  0.00000E+00  0.00000E+00  0.00000E+00  0.00000E+00
  0.00000E+00  0.00000E+00  0.00000E+00  0.00000E+00  0.00000E+00  0.00000E+00  0.00000E+00  0.00000E+00  0.00000E+00  0.00000E+00  0.00000E+00  0.00000E+00  0.00000E+00  0.00000E+00  0.00000E+00  0.00000E+00  0.00000E+00  0.00000E+00  0.00000E+00  0.00000E+00  0.00000E+00  0.00000E+00  0.00000E+00  0.00000E+00  0.00000E+00  0.00000E+00  0.00000E+00  0.00000E+00  0.00000E+00  0.00000E+00  0.00000E+00  0.00000E+00  0.00000E+00  0.00000E+00  0.00000E+00  0.00000E+00  0.00000E+00  0.00000E+00  0.00000E+00  0.00000E+00  0.00000E+00  0.00000E+00  0.00000E+00  0.00000E+00  0.00000E+00  0.00000E+00  0.00000E+00  0.00000E+00  0.00000E+00  0.00000E+00  0.00000E+00  0.00000E+00  0.00000E+00  0.00000E+00  0.00000E+00  0.00000E+00  0.00000E+00  0.00000E+00  0.00000E+00  0.00000E+00  0.00000E+00  0.00000E+00  0.00000E+00  0.00000E+00  0.00000E+00  0.00000E+00  0.00000E+00  0.00000E+00  0.00000E+00  0.00000E+00  0.00000E+00  0.00000E+00  0.00000E+00
  0.00000E+00  0.00000E+00  0.00000E+00  0.00000E+00  0.00000E+00  0.00000E+00  0.00000E+00  0.00000E+00  0.00000E+00  0.00000E+00  0.00000E+00  0.00000E+00  0.00000E+00  0.00000E+00  0.00000E+00  0.00000E+00  0.00000E+00  0.00000E+00  0.00000E+00  0.00000E+00  0.00000E+00  0.00000E+00  0.00000E+00  0.00000E+00  0.00000E+00  0.00000E+00  0.00000E+00  0.00000E+00  0.00000E+00  0.00000E+00  0.00000E+00  0.00000E+00  0.00000E+00  0.00000E+00  0.00000E+00  0.00000E+00  0.00000E+00  0.00000E+00  0.00000E+00  0.00000E+00  0.00000E+00  0.00000E+00  0.00000E+00  0.00000E+00  0.00000E+00  0.00000E+00  0.00000E+00  0.00000E+00  0.00000E+00  0.00000E+00  0.00000E+00  0.00000E+00  0.00000E+00  0.00000E+00  0.00000E+00  0.00000E+00  0.00000E+00  0.00000E+00  0.00000E+00  0.00000E+00  0.00000E+00  0.00000E+00  0.00000E+00  0.00000E+00  0.00000E+00  0.00000E+00  0.00000E+00  0.00000E+00  0.00000E+00  0.00000E+00  0.00000E+00  0.00000E+00  0.00000E+00
  0.00000E+00  0.00000E+00  0.00000E+00  0.00000E+00  0.00000E+00  0.00000E+00  0.00000E+00  0.00000E+00  0.00000E+00  0.00000E+00  0.00000E+00  0.00000E+00  0.00000E+00  0.00000E+00  0.00000E+00  0.00000E+00  0.00000E+00  0.00000E+00  0.00000E+00  0.00000E+00  0.00000E+00  0.00000E+00  0.00000E+00  0.00000E+00  0.00000E+00  0.00000E+00  0.00000E+00  0.00000E+00  0.00000E+00  0.00000E+00  0.00000E+00  0.00000E+00  0.00000E+00  0.00000E+00  0.00000E+00  0.00000E+00  0.00000E+00  0.00000E+00  0.00000E+00  0.00000E+00  0.00000E+00  0.00000E+00  0.00000E+00  0.00000E+00  0.00000E+00  0.00000E+00  0.00000E+00  0.00000E+00  0.00000E+00  0.00000E+00  0.00000E+00  0.00000E+00  0.00000E+00  0.00000E+00  0.00000E+00  0.00000E+00  0.00000E+00  0.00000E+00  0.00000E+00  0.00000E+00  0.00000E+00  0.00000E+00  0.00000E+00  0.00000E+00  0.00000E+00  0.00000E+00  0.00000E+00  0.00000E+00  0.00000E+00  0.00000E+00  0.00000E+00  0.00000E+00  0.00000E+00
  0.00000E+00  0.00000E+00  0.00000E+00  0.00000E+00  0.00000E+00  0.00000E+00  0.00000E+00  0.00000E+00  0.00000E+00  0.00000E+00  0.00000E+00  0.00000E+00  0.00000E+00  0.00000E+00  0.00000E+00  0.00000E+00  0.00000E+00  0.00000E+00  0.00000E+00  0.00000E+00  0.00000E+00  0.00000E+00  0.00000E+00  0.00000E+00  0.00000E+00  0.00000E+00  0.00000E+00  0.00000E+00  0.00000E+00  0.00000E+00  0.00000E+00  0.00000E+00  0.00000E+00  0.00000E+00  0.00000E+00  0.00000E+00  0.00000E+00  0.00000E+00  0.00000E+00  0.00000E+00  0.00000E+00  0.00000E+00  0.00000E+00  0.00000E+00  0.00000E+00  0.00000E+00  0.00000E+00  0.00000E+00  0.00000E+00  0.00000E+00  0.00000E+00  0.00000E+00  0.00000E+00  0.00000E+00  0.00000E+00  0.00000E+00  0.00000E+00  0.00000E+00  0.00000E+00  0.00000E+00  0.00000E+00  0.00000E+00  0.00000E+00  0.00000E+00  0.00000E+00  0.00000E+00  0.00000E+00  0.00000E+00  0.00000E+00  0.00000E+00  0.00000E+00  0.00000E+00  0.00000E+00
  0.00000E+00  0.00000E+00  0.00000E+00  0.00000E+00  0.00000E+00  0.00000E+00  0.00000E+00  0.00000E+00  0.00000E+00  0.00000E+00  0.00000E+00  0.00000E+00  0.00000E+00  0.00000E+00  0.00000E+00  0.00000E+00  0.00000E+00  0.00000E+00  0.00000E+00  0.00000E+00  0.00000E+00  0.00000E+00  0.00000E+00  0.00000E+00  0.00000E+00  0.00000E+00  0.00000E+00  0.00000E+00  0.00000E+00  0.00000E+00  0.00000E+00  0.00000E+00  0.00000E+00  0.00000E+00  0.00000E+00  0.00000E+00  0.00000E+00  0.00000E+00  0.00000E+00  0.00000E+00  0.00000E+00  0.00000E+00  0.00000E+00  0.00000E+00  0.00000E+00  0.00000E+00  0.00000E+00  0.00000E+00  0.00000E+00  0.00000E+00  0.00000E+00  0.00000E+00  0.00000E+00  0.00000E+00  0.00000E+00  0.00000E+00  0.00000E+00  0.00000E+00  0.00000E+00  0.00000E+00  0.00000E+00  0.00000E+00  0.00000E+00  0.00000E+00  0.00000E+00  0.00000E+00  0.00000E+00  0.00000E+00  0.00000E+00  0.00000E+00  0.00000E+00  0.00000E+00  0.00000E+00
  0.00000E+00  0.00000E+00  0.00000E+00  0.00000E+00  0.00000E+00  0.00000E+00  0.00000E+00  0.00000E+00  0.00000E+00  0.00000E+00  0.00000E+00  0.00000E+00  0.00000E+00  0.00000E+00  0.00000E+00  0.00000E+00  0.00000E+00  0.00000E+00  0.00000E+00  0.00000E+00  0.00000E+00  0.00000E+00  0.00000E+00  0.00000E+00  0.00000E+00  0.00000E+00  0.00000E+00  0.00000E+00  0.00000E+00  0.00000E+00  0.00000E+00  0.00000E+00  0.00000E+00  0.00000E+00  0.00000E+00  0.00000E+00  0.00000E+00  0.00000E+00  0.00000E+00  0.00000E+00  0.00000E+00  0.00000E+00  0.00000E+00  0.00000E+00  0.00000E+00  0.00000E+00  0.00000E+00  0.00000E+00  0.00000E+00  0.00000E+00  0.00000E+00  0.00000E+00  0.00000E+00  0.00000E+00  0.00000E+00  0.00000E+00  0.00000E+00  0.00000E+00  0.00000E+00  0.00000E+00  0.00000E+00  0.00000E+00  0.00000E+00  0.00000E+00  0.00000E+00  0.00000E+00  0.00000E+00  0.00000E+00  0.00000E+00  0.00000E+00  0.00000E+00  0.00000E+00  0.00000E+00
 
 year:        2006
  0.00000E+00  0.00000E+00  0.00000E+00  6.46402E+01  1.46429E+02  6.87728E+01  3.20246E+02  1.04453E+02  0.00000E+00  0.00000E+00  0.00000E+00  0.00000E+00  0.00000E+00  0.00000E+00  0.00000E+00  0.00000E+00  0.00000E+00  0.00000E+00  0.00000E+00  0.00000E+00  0.00000E+00  0.00000E+00  0.00000E+00  0.00000E+00  0.00000E+00  0.00000E+00  0.00000E+00  0.00000E+00  0.00000E+00  0.00000E+00  0.00000E+00  0.00000E+00  0.00000E+00  0.00000E+00  0.00000E+00  0.00000E+00  0.00000E+00  0.00000E+00  0.00000E+00  0.00000E+00  0.00000E+00  0.00000E+00  0.00000E+00  0.00000E+00  0.00000E+00  0.00000E+00  0.00000E+00  0.00000E+00  0.00000E+00  0.00000E+00  0.00000E+00  0.00000E+00  0.00000E+00  0.00000E+00  0.00000E+00  0.00000E+00  0.00000E+00  0.00000E+00  0.00000E+00  0.00000E+00  0.00000E+00  0.00000E+00  0.00000E+00  0.00000E+00  0.00000E+00  0.00000E+00  0.00000E+00  0.00000E+00  0.00000E+00  0.00000E+00  0.00000E+00  0.00000E+00  0.00000E+00
  0.00000E+00  2.04993E+02  2.02073E+02  3.76378E+02  3.59585E+02  6.68311E+02  2.67779E+02  3.20901E+02  5.93973E+01  0.00000E+00  0.00000E+00  0.00000E+00  0.00000E+00  0.00000E+00  0.00000E+00  0.00000E+00  0.00000E+00  0.00000E+00  0.00000E+00  0.00000E+00  0.00000E+00  0.00000E+00  0.00000E+00  0.00000E+00  0.00000E+00  0.00000E+00  0.00000E+00  0.00000E+00  0.00000E+00  0.00000E+00  0.00000E+00  0.00000E+00  0.00000E+00  0.00000E+00  0.00000E+00  0.00000E+00  0.00000E+00  0.00000E+00  0.00000E+00  0.00000E+00  0.00000E+00  0.00000E+00  0.00000E+00  0.00000E+00  0.00000E+00  0.00000E+00  0.00000E+00  0.00000E+00  0.00000E+00  0.00000E+00  0.00000E+00  0.00000E+00  0.00000E+00  0.00000E+00  0.00000E+00  0.00000E+00  0.00000E+00  0.00000E+00  0.00000E+00  0.00000E+00  0.00000E+00  0.00000E+00  0.00000E+00  0.00000E+00  0.00000E+00  0.00000E+00  0.00000E+00  0.00000E+00  0.00000E+00  0.00000E+00  0.00000E+00  0.00000E+00  0.00000E+00
  4.92142E+02  2.48026E+02  4.05397E+02  4.46865E+02  3.51904E+02  7.94942E+02  2.49739E+02  3.38943E+02  6.81824E+02  4.48565E+02  0.00000E+00  0.00000E+00  0.00000E+00  0.00000E+00  0.00000E+00  0.00000E+00  0.00000E+00  0.00000E+00  0.00000E+00  0.00000E+00  0.00000E+00  0.00000E+00  0.00000E+00  0.00000E+00  0.00000E+00  0.00000E+00  0.00000E+00  0.00000E+00  0.00000E+00  0.00000E+00  0.00000E+00  0.00000E+00  0.00000E+00  0.00000E+00  0.00000E+00  0.00000E+00  0.00000E+00  0.00000E+00  0.00000E+00  0.00000E+00  0.00000E+00  0.00000E+00  0.00000E+00  0.00000E+00  0.00000E+00  0.00000E+00  0.00000E+00  0.00000E+00  0.00000E+00  0.00000E+00  0.00000E+00  0.00000E+00  0.00000E+00  0.00000E+00  0.00000E+00  0.00000E+00  0.00000E+00  0.00000E+00  0.00000E+00  0.00000E+00  0.00000E+00  0.00000E+00  0.00000E+00  0.00000E+00  0.00000E+00  0.00000E+00  0.00000E+00  0.00000E+00  0.00000E+00  0.00000E+00  0.00000E+00  0.00000E+00  0.00000E+00
  3.04129E+02  2.36960E+02  1.21307E+02  1.67656E+02  2.78218E+02  5.99533E+02  8.64130E+01  4.01086E+02  1.00980E+03  4.95437E+02  6.83200E+01  2.07819E+01  2.07963E+02  0.00000E+00  0.00000E+00  0.00000E+00  0.00000E+00  0.00000E+00  0.00000E+00  0.00000E+00  0.00000E+00  0.00000E+00  0.00000E+00  0.00000E+00  0.00000E+00  0.00000E+00  0.00000E+00  0.00000E+00  0.00000E+00  0.00000E+00  0.00000E+00  0.00000E+00  0.00000E+00  0.00000E+00  0.00000E+00  0.00000E+00  0.00000E+00  0.00000E+00  0.00000E+00  0.00000E+00  0.00000E+00  0.00000E+00  0.00000E+00  0.00000E+00  0.00000E+00  0.00000E+00  0.00000E+00  0.00000E+00  0.00000E+00  0.00000E+00  0.00000E+00  0.00000E+00  0.00000E+00  0.00000E+00  0.00000E+00  0.00000E+00  0.00000E+00  0.00000E+00  0.00000E+00  0.00000E+00  0.00000E+00  0.00000E+00  0.00000E+00  0.00000E+00  0.00000E+00  0.00000E+00  0.00000E+00  0.00000E+00  0.00000E+00  0.00000E+00  0.00000E+00  0.00000E+00  0.00000E+00
  9.32985E+01  4.03850E+02  3.75536E+02  1.17784E+02  1.85505E+02  2.13136E+02  2.49890E+02  8.16630E+01  5.53588E+02  3.96961E+02  5.09383E+02  4.65438E+02  3.40515E+02  8.77225E+01  7.32633E+01  9.84037E+01  6.02016E+01  3.80291E+01  5.61096E+01  1.31681E+01  0.00000E+00  0.00000E+00  0.00000E+00  0.00000E+00  0.00000E+00  0.00000E+00  0.00000E+00  0.00000E+00  0.00000E+00  0.00000E+00  0.00000E+00  0.00000E+00  0.00000E+00  0.00000E+00  0.00000E+00  0.00000E+00  0.00000E+00  0.00000E+00  0.00000E+00  0.00000E+00  0.00000E+00  0.00000E+00  0.00000E+00  0.00000E+00  0.00000E+00  0.00000E+00  0.00000E+00  0.00000E+00  0.00000E+00  0.00000E+00  0.00000E+00  0.00000E+00  0.00000E+00  0.00000E+00  0.00000E+00  0.00000E+00  0.00000E+00  0.00000E+00  0.00000E+00  0.00000E+00  0.00000E+00  0.00000E+00  0.00000E+00  0.00000E+00  0.00000E+00  0.00000E+00  0.00000E+00  0.00000E+00  0.00000E+00  0.00000E+00  0.00000E+00  0.00000E+00  0.00000E+00
  0.00000E+00  0.00000E+00  1.60002E+02  1.44975E+02  6.18874E+01  2.78967E+02  3.32594E+02  1.02969E+02  5.56843E+02  3.52100E+02  4.30515E+02  3.10586E+02  1.15898E+02  1.62892E+02  7.01777E+01  1.20297E+02  1.15177E+02  9.11490E+01  6.07261E+01  7.05074E+01  3.31999E+01  0.00000E+00  0.00000E+00  0.00000E+00  0.00000E+00  0.00000E+00  0.00000E+00  0.00000E+00  0.00000E+00  0.00000E+00  0.00000E+00  0.00000E+00  0.00000E+00  0.00000E+00  0.00000E+00  0.00000E+00  0.00000E+00  0.00000E+00  0.00000E+00  0.00000E+00  0.00000E+00  0.00000E+00  0.00000E+00  0.00000E+00  0.00000E+00  0.00000E+00  0.00000E+00  0.00000E+00  0.00000E+00  0.00000E+00  0.00000E+00  0.00000E+00  0.00000E+00  0.00000E+00  0.00000E+00  0.00000E+00  0.00000E+00  0.00000E+00  0.00000E+00  0.00000E+00  0.00000E+00  0.00000E+00  0.00000E+00  0.00000E+00  0.00000E+00  0.00000E+00  0.00000E+00  0.00000E+00  0.00000E+00  0.00000E+00  0.00000E+00  0.00000E+00  0.00000E+00
  0.00000E+00  0.00000E+00  1.30688E+02  3.44788E+02  3.83815E+02  1.54305E+02  5.97072E+02  1.57257E+02  6.47029E+02  5.77563E+02  4.42357E+02  4.07773E+02  1.32224E+02  8.15296E+01  4.16497E+01  7.24698E+01  1.33409E+02  9.01982E+01  8.42346E+01  1.70264E+02  1.96898E+02  1.50702E+02  0.00000E+00  0.00000E+00  0.00000E+00  0.00000E+00  0.00000E+00  0.00000E+00  0.00000E+00  0.00000E+00  0.00000E+00  0.00000E+00  0.00000E+00  0.00000E+00  0.00000E+00  0.00000E+00  0.00000E+00  0.00000E+00  0.00000E+00  2.98296E+00  7.32027E+00  0.00000E+00  0.00000E+00  0.00000E+00  0.00000E+00  0.00000E+00  0.00000E+00  0.00000E+00  0.00000E+00  0.00000E+00  2.70869E+00  1.35435E+00  0.00000E+00  0.00000E+00  0.00000E+00  0.00000E+00  0.00000E+00  0.00000E+00  0.00000E+00  0.00000E+00  0.00000E+00  0.00000E+00  0.00000E+00  0.00000E+00  0.00000E+00  0.00000E+00  0.00000E+00  0.00000E+00  0.00000E+00  0.00000E+00  0.00000E+00  0.00000E+00  0.00000E+00
  0.00000E+00  0.00000E+00  6.70652E+01  2.60650E+02  4.90468E+02  2.12179E+02  5.85891E+02  3.54193E+02  4.12146E+02  3.84887E+02  6.72985E+02  1.49926E+02  9.48656E+01  5.95812E+01  5.84017E+01  1.00941E+02  1.09771E+02  1.37461E+02  7.93385E+01  9.51106E+01  1.48861E+02  2.32354E+02  0.00000E+00  0.00000E+00  0.00000E+00  0.00000E+00  0.00000E+00  0.00000E+00  0.00000E+00  0.00000E+00  0.00000E+00  0.00000E+00  0.00000E+00  0.00000E+00  0.00000E+00  0.00000E+00  0.00000E+00  0.00000E+00  0.00000E+00  2.98296E+00  1.59949E+01  0.00000E+00  0.00000E+00  0.00000E+00  0.00000E+00  7.98093E+01  4.28876E+01  0.00000E+00  0.00000E+00  1.32857E+02  5.05974E+02  2.76518E+02  0.00000E+00  0.00000E+00  0.00000E+00  0.00000E+00  0.00000E+00  0.00000E+00  0.00000E+00  0.00000E+00  0.00000E+00  0.00000E+00  0.00000E+00  0.00000E+00  0.00000E+00  0.00000E+00  0.00000E+00  0.00000E+00  0.00000E+00  0.00000E+00  0.00000E+00  0.00000E+00  0.00000E+00
  0.00000E+00  0.00000E+00  0.00000E+00  1.22632E+00  7.95276E+01  2.49737E+02  5.11113E+02  5.24405E+02  2.87435E+02  3.55265E+02  1.95669E+02  3.69049E+02  2.39627E+02  1.47097E+02  1.75198E+02  1.32287E+02  1.23627E+02  1.17446E+02  6.92112E+01  8.80126E+01  1.84044E+02  3.31601E+02  0.00000E+00  0.00000E+00  0.00000E+00  0.00000E+00  0.00000E+00  0.00000E+00  0.00000E+00  0.00000E+00  4.95830E+01  7.42127E+01  0.00000E+00  1.56042E+01  2.89149E+01  1.89633E+02  2.28186E+02  3.52492E+02  3.95418E+02  1.87463E+02  0.00000E+00  0.00000E+00  0.00000E+00  0.00000E+00  1.14117E+02  4.79584E+02  4.23957E+02  0.00000E+00  4.29416E+02  8.02969E+02  7.09367E+02  1.02164E+02  1.11504E+02  0.00000E+00  0.00000E+00  0.00000E+00  0.00000E+00  0.00000E+00  0.00000E+00  0.00000E+00  0.00000E+00  0.00000E+00  0.00000E+00  0.00000E+00  0.00000E+00  0.00000E+00  0.00000E+00  0.00000E+00  0.00000E+00  0.00000E+00  0.00000E+00  0.00000E+00  0.00000E+00
  0.00000E+00  0.00000E+00  0.00000E+00  7.98483E+01  4.01286E+02  4.82705E+02  2.16882E+02  3.29423E+02  3.25879E+02  8.57703E+02  3.72436E+02  1.75617E+02  2.48487E+02  1.30303E+02  8.79499E+01  9.56987E+01  2.97225E+01  1.12025E+02  2.12112E+01  6.08880E+01  2.19250E+02  2.84581E+02  1.36833E+02  4.54018E+01  1.04587E+02  7.86934E+01  4.31422E+01  3.06508E+01  4.51152E+01  4.54866E+01  3.95636E+02  4.88695E+02  0.00000E+00  3.64865E+02  6.68900E+02  4.56370E+02  6.38549E+02  5.26339E+02  6.26608E+02  2.76442E+02  0.00000E+00  0.00000E+00  7.42127E+01  3.40407E+02  1.88330E+02  0.00000E+00  2.86880E+02  3.30558E+02  5.60096E+02  7.21687E+02  9.17286E+02  5.70320E+02  5.84299E+02  0.00000E+00  0.00000E+00  0.00000E+00  0.00000E+00  0.00000E+00  0.00000E+00  0.00000E+00  0.00000E+00  0.00000E+00  0.00000E+00  0.00000E+00  0.00000E+00  0.00000E+00  0.00000E+00  0.00000E+00  0.00000E+00  0.00000E+00  0.00000E+00  0.00000E+00  0.00000E+00
  0.00000E+00  0.00000E+00  0.00000E+00  0.00000E+00  2.67698E+02  2.41494E+02  1.02375E+02  2.13391E+02  1.76866E+02  3.84892E+02  2.84505E+02  5.02830E+01  4.32799E+02  1.39342E+02  3.72018E+01  4.98613E+01  3.50163E+01  3.64639E+01  4.56631E+00  7.98266E+01  2.09437E+02  1.98047E+02  2.84356E+02  9.41328E+01  2.10821E+02  1.32183E+02  2.76167E+02  5.07861E+01  2.29976E+01  6.36299E+01  3.24346E+02  7.14088E+02  6.08086E+02  2.95498E+02  2.81016E+02  2.66737E+02  6.52601E+02  2.45810E+02  0.00000E+00  0.00000E+00  0.00000E+00  3.64178E+02  8.74700E+02  1.32993E+03  4.97694E+02  9.63997E+00  1.22948E+01  2.66413E+00  4.19267E+02  6.73522E+02  8.11674E+02  1.15044E+03  1.25894E+03  2.41385E+02  0.00000E+00  0.00000E+00  0.00000E+00  0.00000E+00  0.00000E+00  0.00000E+00  0.00000E+00  0.00000E+00  0.00000E+00  0.00000E+00  0.00000E+00  0.00000E+00  0.00000E+00  0.00000E+00  0.00000E+00  0.00000E+00  0.00000E+00  0.00000E+00  0.00000E+00
  0.00000E+00  0.00000E+00  0.00000E+00  0.00000E+00  7.25855E+01  2.33814E+01  2.11087E+02  5.34654E+02  5.57537E+02  1.16152E+02  7.04988E+01  7.41060E+02  6.59799E+02  6.26996E+01  3.38255E+01  2.14419E+02  7.41091E+01  4.75519E+01  5.41000E+00  2.89442E+02  5.83951E+02  3.96010E+02  1.00598E+02  1.37816E+02  1.39732E+02  1.14806E+02  1.18431E+02  7.97268E+01  6.06092E+01  9.32719E+01  1.52031E+02  2.65830E+01  3.56762E+02  4.34979E+02  1.68303E+02  1.49572E+02  1.44876E+02  3.89194E+01  2.98296E+00  0.00000E+00  0.00000E+00  1.33206E+00  8.03048E+02  7.22097E+02  4.76338E+02  4.64967E+00  3.67944E+02  3.37300E+02  5.65714E+02  1.80884E+02  1.50175E+03  2.18550E+03  2.36421E+03  8.16896E+02  0.00000E+00  0.00000E+00  0.00000E+00  0.00000E+00  0.00000E+00  0.00000E+00  0.00000E+00  0.00000E+00  0.00000E+00  0.00000E+00  0.00000E+00  0.00000E+00  0.00000E+00  0.00000E+00  0.00000E+00  0.00000E+00  0.00000E+00  0.00000E+00  0.00000E+00
  0.00000E+00  0.00000E+00  0.00000E+00  0.00000E+00  0.00000E+00  0.00000E+00  0.00000E+00  4.34165E+02  9.79531E+02  2.84206E+02  0.00000E+00  1.19960E+03  1.12076E+03  5.01281E+00  8.39066E+01  3.45955E+02  1.55408E+02  7.49456E+00  1.60410E+01  3.06985E+01  3.07854E+02  3.23933E+02  6.73942E+01  6.19343E+01  1.70699E+02  1.95625E+02  3.26628E+01  6.06092E+01  1.83522E+02  2.25267E+02  2.65787E+02  8.21767E+01  6.31513E+00  3.22641E+01  2.57496E+01  2.21083E+02  4.96795E+02  1.00272E+02  3.36184E+01  0.00000E+00  1.19319E+01  1.00290E+01  9.20292E+01  1.03333E+03  2.97981E+02  2.63790E+02  6.75276E+02  9.00813E+02  7.50916E+02  2.70127E+01  6.75673E+02  8.19166E+02  1.80315E+03  1.02500E+03  3.57260E+02  4.67790E+02  0.00000E+00  0.00000E+00  0.00000E+00  0.00000E+00  0.00000E+00  0.00000E+00  0.00000E+00  0.00000E+00  0.00000E+00  0.00000E+00  0.00000E+00  0.00000E+00  0.00000E+00  0.00000E+00  0.00000E+00  0.00000E+00  0.00000E+00
  0.00000E+00  0.00000E+00  0.00000E+00  0.00000E+00  0.00000E+00  0.00000E+00  0.00000E+00  1.37665E+02  6.68815E+02  9.49778E+02  1.34785E+02  1.81128E+02  1.42951E+02  5.48127E+01  6.33090E+01  2.97838E+02  4.46637E+02  1.27751E+02  1.21057E+01  9.86468E+00  8.32029E+01  7.69862E+02  5.03889E+02  6.61419E+01  2.99970E+02  1.11786E+02  8.38392E+01  7.51070E+01  1.24156E+02  1.42341E+02  4.65587E+01  1.63599E+01  1.52845E+01  1.19398E+01  1.97837E+01  1.52099E+02  3.87457E+02  3.76575E+02  2.47266E+01  5.64986E+00  3.46985E+01  2.33152E+01  0.00000E+00  1.55623E+02  0.00000E+00  7.76941E+02  1.13981E+03  7.67375E+02  8.10113E+02  2.84023E+02  1.45724E+03  1.98305E+03  1.26434E+03  1.50634E+03  1.63366E+03  1.62891E+03  6.11685E+02  0.00000E+00  0.00000E+00  0.00000E+00  0.00000E+00  0.00000E+00  0.00000E+00  0.00000E+00  0.00000E+00  0.00000E+00  0.00000E+00  0.00000E+00  0.00000E+00  0.00000E+00  0.00000E+00  0.00000E+00  0.00000E+00
  0.00000E+00  0.00000E+00  0.00000E+00  0.00000E+00  0.00000E+00  0.00000E+00  0.00000E+00  1.47409E+02  5.74475E+02  8.64598E+02  1.45284E+02  3.18108E+01  8.40915E+01  5.79140E+01  7.22587E+01  3.36416E+02  5.72599E+02  2.69877E+02  1.17607E+02  2.59337E+00  9.53062E+01  4.67839E+02  2.89707E+02  6.59628E+01  1.68959E+02  1.77050E+02  1.75483E+02  2.01019E+02  1.32071E+02  3.43584E+01  7.53727E+01  1.93807E+01  2.07098E+01  1.32144E+01  1.58194E+01  3.03612E+01  1.14486E+02  5.11778E+02  2.90177E+02  2.45610E+02  1.47492E+02  2.60239E+01  1.32880E+00  1.78157E+02  4.01204E+02  5.40872E+02  1.36198E+03  1.26908E+03  1.09566E+03  9.19639E+02  1.11491E+03  9.61939E+02  8.82333E+02  9.06658E+02  1.42501E+03  1.23784E+03  7.36212E+02  4.37526E+02  0.00000E+00  0.00000E+00  0.00000E+00  0.00000E+00  0.00000E+00  0.00000E+00  0.00000E+00  0.00000E+00  0.00000E+00  0.00000E+00  0.00000E+00  0.00000E+00  0.00000E+00  0.00000E+00  0.00000E+00
  0.00000E+00  0.00000E+00  0.00000E+00  0.00000E+00  0.00000E+00  0.00000E+00  0.00000E+00  2.10663E+02  3.33015E+02  4.48666E+02  4.91426E+02  3.86003E+02  3.05901E+02  3.80092E+02  4.34631E+02  2.90164E+02  5.59603E+02  7.33939E+02  2.00200E+02  3.32543E+00  1.50478E+02  1.42522E+02  1.60866E+02  1.28922E+02  8.23418E+01  1.08372E+02  2.93085E+02  3.13775E+02  5.58928E+01  2.79464E+01  2.43259E+00  3.41522E+00  4.46225E+01  8.91512E+01  2.33812E+01  5.50066E+01  9.99622E+02  1.11307E+03  1.53609E+03  1.75907E+03  8.03164E+02  3.31386E-01  2.08820E+02  6.34036E+02  7.75855E+02  8.14768E+02  1.14119E+03  1.36069E+03  1.13958E+03  1.07001E+03  1.34304E+03  1.14162E+03  9.76364E+02  5.13586E+02  1.06748E+03  1.05140E+03  4.86871E+02  9.51857E+02  2.38723E+02  0.00000E+00  0.00000E+00  0.00000E+00  0.00000E+00  0.00000E+00  0.00000E+00  0.00000E+00  0.00000E+00  0.00000E+00  0.00000E+00  0.00000E+00  0.00000E+00  0.00000E+00  0.00000E+00
  0.00000E+00  0.00000E+00  0.00000E+00  0.00000E+00  0.00000E+00  0.00000E+00  0.00000E+00  8.25411E+01  1.51276E+02  3.37528E+02  3.74337E+02  4.37647E+02  4.62193E+02  2.05920E+02  2.26965E+02  9.12246E+01  4.02054E+02  9.33921E+02  3.45452E+01  6.74131E+01  1.13131E+02  8.97495E+01  1.32686E+02  8.51918E+01  7.26482E+01  1.00602E+02  3.40950E+02  1.64523E+02  2.84188E+01  0.00000E+00  1.68534E+02  1.73186E+01  3.63482E+02  4.58032E+02  3.03387E+02  6.61149E+02  1.22021E+03  1.35024E+03  2.09455E+03  1.04189E+03  1.18753E+03  8.93914E+02  4.65106E+02  6.86602E+02  1.03544E+03  6.98131E+02  7.55620E+02  1.01932E+03  1.04823E+03  8.71020E+02  8.32366E+02  1.19449E+03  1.21010E+03  6.15845E+02  1.08989E+03  1.35297E+03  2.16666E+02  1.22282E+03  1.08963E+03  1.32299E+02  0.00000E+00  0.00000E+00  0.00000E+00  0.00000E+00  0.00000E+00  0.00000E+00  0.00000E+00  0.00000E+00  0.00000E+00  0.00000E+00  0.00000E+00  0.00000E+00  0.00000E+00
  0.00000E+00  0.00000E+00  0.00000E+00  0.00000E+00  0.00000E+00  0.00000E+00  0.00000E+00  0.00000E+00  3.82094E+01  2.56705E+02  5.47327E+02  2.39240E+02  1.05923E+03  4.66883E+02  5.32039E+02  1.20284E+03  7.22329E+02  4.82889E+01  7.85393E+01  6.45556E+01  2.16392E+02  8.41712E+01  9.70618E+01  3.78010E+01  3.56254E+01  5.81580E+01  2.81499E+02  1.05713E+02  6.90557E+01  7.30626E+01  2.05853E+02  3.62468E+02  4.44180E+02  2.78873E+02  7.39395E+02  8.64476E+02  1.46051E+03  1.39133E+03  2.04703E+03  1.34175E+03  1.15708E+03  1.46891E+03  1.16466E+03  5.71151E+02  9.64938E+02  1.13436E+03  1.18873E+03  1.27976E+03  1.22415E+03  8.22098E+02  1.02106E+03  1.29834E+03  9.99064E+02  7.76946E+02  1.16126E+03  1.26847E+03  1.70712E+03  7.17117E+02  1.30326E+03  7.02019E+02  9.76059E+01  4.46014E+01  0.00000E+00  0.00000E+00  0.00000E+00  0.00000E+00  0.00000E+00  0.00000E+00  0.00000E+00  0.00000E+00  0.00000E+00  0.00000E+00  0.00000E+00
  0.00000E+00  0.00000E+00  0.00000E+00  0.00000E+00  0.00000E+00  0.00000E+00  0.00000E+00  0.00000E+00  6.15009E-01  6.09604E+01  4.96714E+02  2.39238E+02  7.95307E+02  2.08133E+02  4.00522E+02  1.39312E+03  3.39153E+02  1.33123E+02  2.24350E+02  1.00291E+02  5.40811E+01  7.56423E+01  1.64811E+01  4.06247E+01  2.46422E+01  2.91002E+01  6.86915E+01  3.26501E+01  2.35690E+01  1.27630E+02  1.08467E+02  4.03322E+02  1.69186E+02  8.46663E+02  1.18078E+03  8.37064E+02  1.02209E+03  1.64584E+03  1.61218E+03  1.49565E+03  8.23983E+02  1.01831E+03  8.21285E+02  7.49477E+02  1.29448E+03  1.14020E+03  9.85750E+02  9.86054E+02  9.58078E+02  1.18466E+03  1.13368E+03  9.23878E+02  8.69739E+02  8.76446E+02  1.63084E+03  1.54754E+03  1.53683E+03  7.56891E+02  9.66260E+02  1.31476E+03  3.26870E+02  9.59605E+02  0.00000E+00  0.00000E+00  0.00000E+00  0.00000E+00  0.00000E+00  0.00000E+00  0.00000E+00  0.00000E+00  0.00000E+00  0.00000E+00  0.00000E+00
  0.00000E+00  0.00000E+00  0.00000E+00  0.00000E+00  0.00000E+00  0.00000E+00  0.00000E+00  0.00000E+00  5.52397E+00  3.50435E+01  1.78241E+02  2.62343E+02  7.27208E+02  8.26299E+02  7.27549E+02  1.34508E+03  2.39970E+02  4.01270E+02  3.18369E+02  2.05727E+02  5.17908E+01  7.21826E+01  9.91001E+01  7.17677E+01  8.08165E+01  6.93268E+01  9.15636E+01  3.73665E+01  7.60697E+01  1.35249E+02  3.66373E+01  2.41913E+02  5.38226E+02  9.16295E+02  9.62824E+02  7.06622E+02  1.23466E+03  1.23073E+03  1.77322E+03  1.25794E+03  1.25244E+03  1.14209E+03  9.00871E+02  8.17808E+02  1.15011E+03  1.22606E+03  1.18169E+03  1.67686E+03  1.44650E+03  1.32878E+03  1.30869E+03  1.48810E+03  1.74283E+03  1.43942E+03  1.91118E+03  1.62394E+03  1.51381E+03  1.02694E+03  1.95012E+03  1.28395E+03  5.20320E+02  1.47580E+03  0.00000E+00  0.00000E+00  0.00000E+00  4.46014E+01  4.46014E+01  0.00000E+00  0.00000E+00  0.00000E+00  0.00000E+00  0.00000E+00  0.00000E+00
  0.00000E+00  0.00000E+00  0.00000E+00  0.00000E+00  0.00000E+00  0.00000E+00  0.00000E+00  0.00000E+00  2.45633E+00  9.89791E+01  3.00380E+02  6.12921E+02  1.70211E+02  3.19248E+02  7.87504E+02  3.18312E+02  4.57151E+02  4.22963E+02  2.54830E+02  2.01932E+02  3.22590E+01  1.35075E+02  4.70176E+01  1.18173E+02  2.97522E+02  1.40999E+02  1.12739E+02  2.35516E+02  1.68556E+02  6.53246E+01  1.63921E+02  3.84858E+02  9.07091E+02  1.05305E+03  1.05632E+03  1.09046E+03  9.35566E+02  7.93546E+02  1.84676E+03  1.27799E+03  9.73614E+02  6.46904E+02  6.35894E+02  8.94666E+02  1.34552E+03  1.28608E+03  1.69068E+03  1.56265E+03  1.24923E+03  2.19236E+03  1.19169E+03  8.10320E+02  1.54031E+03  1.46366E+03  1.67791E+03  1.46474E+03  2.19579E+03  1.94329E+01  2.84752E+02  1.00562E+03  2.85994E+02  4.74516E+02  2.41634E+02  9.49700E+01  0.00000E+00  5.64719E+02  6.53922E+02  1.39571E+02  0.00000E+00  0.00000E+00  0.00000E+00  0.00000E+00  0.00000E+00
  0.00000E+00  0.00000E+00  0.00000E+00  0.00000E+00  0.00000E+00  0.00000E+00  0.00000E+00  0.00000E+00  0.00000E+00  1.11724E+02  2.93527E+02  4.77843E+02  3.42527E+02  1.56920E+02  7.22155E+02  4.25835E+02  1.85370E+02  3.34089E+02  2.22108E+02  7.71106E+01  6.78443E+01  1.36536E+02  6.88008E+01  3.04912E+02  3.76371E+02  1.56081E+02  8.73240E+01  7.77462E+01  1.08528E+02  1.18592E+02  3.22315E+02  4.82842E+02  1.65652E+03  1.17025E+03  8.36648E+02  9.22393E+02  1.51952E+03  1.29876E+03  9.07520E+02  5.93214E+02  6.66262E+02  4.61787E+02  6.75104E+02  1.23052E+03  1.31812E+03  1.39566E+03  1.59750E+03  1.70007E+03  9.66588E+02  9.91796E+02  1.12407E+03  1.08714E+03  1.85288E+03  1.69885E+03  1.48539E+03  1.52375E+03  1.15853E+03  7.15786E+01  4.98057E+00  5.91617E+01  4.65244E+00  4.31780E+00  1.01270E+02  1.49656E+02  9.25396E+01  2.33600E+00  1.38801E+02  4.22366E+02  3.31386E-01  0.00000E+00  0.00000E+00  0.00000E+00  0.00000E+00
  0.00000E+00  0.00000E+00  0.00000E+00  0.00000E+00  0.00000E+00  0.00000E+00  0.00000E+00  0.00000E+00  0.00000E+00  9.66099E+01  2.84217E+02  4.75332E+02  3.71750E+02  2.35456E+02  5.52599E+02  1.41671E+02  4.15169E+02  3.94722E+02  2.85125E+02  5.61598E+01  4.23991E+01  6.13302E+01  9.84904E+01  2.72641E+02  3.87410E+02  6.36459E+02  2.45488E+02  2.66583E+02  2.13606E+02  2.34207E+02  1.33386E+02  5.71333E+02  1.05651E+03  1.03276E+03  4.77877E+02  1.21089E+03  1.46141E+03  8.74556E+02  7.90493E+02  5.28258E+02  9.10137E+02  6.77126E+02  5.49385E+02  9.24978E+02  1.24103E+03  1.80032E+03  1.77838E+03  1.76399E+03  9.26883E+02  1.43282E+03  1.47462E+03  1.26827E+03  1.94154E+03  8.92741E+02  1.16671E+03  1.12464E+03  5.78030E+02  6.62772E-01  1.99484E+00  1.99484E+00  3.65503E+00  4.32106E+00  6.66032E+00  3.99619E+00  7.65774E+00  3.66807E+00  2.32948E+00  5.30870E+00  9.97418E-01  0.00000E+00  0.00000E+00  0.00000E+00  0.00000E+00
  0.00000E+00  0.00000E+00  0.00000E+00  0.00000E+00  0.00000E+00  0.00000E+00  0.00000E+00  0.00000E+00  0.00000E+00  0.00000E+00  6.65777E+01  9.05211E+01  5.39351E+01  3.46744E+02  6.16791E+02  6.04391E+02  3.09747E+02  3.98001E+02  2.55064E+02  5.33994E+01  1.52285E+02  6.00068E+01  7.59317E+01  2.43640E+02  1.00194E+02  4.72599E+01  3.89212E+01  2.31779E+02  4.43919E+02  4.60328E+02  1.44011E+02  3.32059E+02  3.50036E+02  1.77216E+02  9.27346E+02  8.95495E+02  9.96876E+02  6.81346E+02  7.28064E+02  7.26425E+02  6.61977E+02  4.36229E+02  8.10077E+02  1.20299E+03  1.24110E+03  1.57821E+03  1.52059E+03  1.59259E+03  1.17409E+03  1.48070E+03  1.76332E+03  1.22007E+03  1.28683E+03  1.00960E+03  7.61969E+02  1.10080E+03  5.19221E+02  9.97418E-01  3.64851E+00  3.33016E+00  2.98899E+00  3.65829E+00  3.67785E+00  6.66032E+00  7.67078E+00  4.65244E+00  4.32758E+00  2.31970E+00  0.00000E+00  0.00000E+00  0.00000E+00  0.00000E+00  0.00000E+00
  0.00000E+00  0.00000E+00  0.00000E+00  0.00000E+00  0.00000E+00  0.00000E+00  0.00000E+00  0.00000E+00  0.00000E+00  0.00000E+00  0.00000E+00  0.00000E+00  6.39722E+01  1.18341E+02  1.26487E+02  1.15096E+02  3.72715E+02  2.83563E+02  3.16579E+02  1.58237E+02  2.86433E+02  3.28841E+01  6.74004E+01  6.58259E+02  7.78425E+01  2.60649E+01  1.48420E+02  4.61555E+02  3.40376E+02  4.33081E+02  5.59771E+02  3.42537E+02  5.58928E+01  8.33337E+01  6.97821E+02  4.84577E+02  6.40797E+02  5.49614E+02  5.99150E+02  1.01579E+03  3.86139E+02  3.68522E+02  7.91878E+02  1.01856E+03  1.89621E+03  1.21839E+03  9.46302E+02  1.82482E+03  1.17607E+03  1.27344E+03  7.80253E+02  1.06759E+03  1.17964E+03  8.33175E+02  6.38000E+02  6.22545E+02  2.45180E+02  1.65693E+00  2.65109E+00  0.00000E+00  3.31386E-01  1.57344E+02  8.15540E+02  6.03073E+02  3.98641E+00  2.33274E+00  4.65570E+00  9.97418E-01  0.00000E+00  0.00000E+00  0.00000E+00  0.00000E+00  0.00000E+00
  0.00000E+00  0.00000E+00  0.00000E+00  0.00000E+00  0.00000E+00  0.00000E+00  0.00000E+00  0.00000E+00  0.00000E+00  0.00000E+00  0.00000E+00  0.00000E+00  1.67015E+01  2.05022E+02  2.80323E+02  4.48243E+02  2.09869E+02  4.81438E+02  2.09668E+02  2.24642E+02  3.66056E+02  1.37212E+02  6.30226E+02  9.33089E+02  1.92191E+02  1.73045E+02  4.97699E+02  4.33820E+02  3.18385E+02  3.56957E+02  3.22664E+02  2.79464E+01  0.00000E+00  3.12923E+02  7.24533E+02  6.25731E+02  6.52925E+02  8.57707E+02  7.93040E+02  7.33907E+02  8.32121E+02  9.14540E+02  1.09930E+03  9.11913E+02  1.32762E+03  1.77338E+03  7.61739E+02  1.07279E+03  1.56232E+03  1.51664E+03  1.21562E+03  7.28909E+02  1.03876E+03  5.96178E+02  5.18823E+02  1.17177E+02  2.65761E+00  3.31386E-01  0.00000E+00  3.31386E-01  3.55625E+02  1.26899E+03  2.51608E+02  9.21669E+02  2.22085E+02  2.00462E+00  1.66345E+00  0.00000E+00  0.00000E+00  0.00000E+00  0.00000E+00  0.00000E+00  0.00000E+00
  0.00000E+00  0.00000E+00  0.00000E+00  0.00000E+00  0.00000E+00  0.00000E+00  0.00000E+00  0.00000E+00  0.00000E+00  0.00000E+00  0.00000E+00  0.00000E+00  0.00000E+00  8.95316E+01  8.45056E+01  1.06242E+02  1.74900E+02  7.57396E+01  9.54338E+01  0.00000E+00  4.08315E+01  2.96765E+02  1.15732E+03  6.96976E+02  2.40879E+02  7.62143E+02  5.04982E+02  5.08203E+02  3.38678E+02  2.77583E+02  8.38392E+01  0.00000E+00  2.98007E+02  6.08945E+02  6.02561E+02  4.93739E+02  6.75167E+02  6.59538E+02  1.24129E+03  1.91422E+03  1.38244E+03  1.06418E+03  1.49292E+03  8.70007E+02  1.11677E+03  1.40101E+03  1.03396E+03  1.05241E+03  2.03804E+03  1.60640E+03  2.03186E+03  3.07446E+02  3.31712E+00  4.65897E+00  1.97321E+02  5.32174E+00  9.97418E-01  2.32948E+00  3.31386E-01  3.31386E-01  1.97036E+02  4.59304E+02  2.63259E+02  7.06707E+02  6.19626E+02  2.42300E+02  1.32880E+00  0.00000E+00  0.00000E+00  0.00000E+00  0.00000E+00  0.00000E+00  0.00000E+00
  0.00000E+00  0.00000E+00  0.00000E+00  0.00000E+00  0.00000E+00  0.00000E+00  0.00000E+00  0.00000E+00  0.00000E+00  0.00000E+00  0.00000E+00  0.00000E+00  0.00000E+00  0.00000E+00  0.00000E+00  1.82701E+01  1.47693E+02  6.21430E+01  7.38030E+02  7.03603E+02  7.11638E+01  5.37687E+02  8.73122E+02  5.06892E+02  2.79385E+02  5.90984E+02  3.37568E+02  4.55031E+02  4.89324E+02  1.11786E+02  2.79464E+01  1.59603E+02  6.75165E+02  5.08848E+02  6.98519E+02  8.39837E+02  8.09322E+02  7.92035E+02  1.21435E+03  1.89144E+03  1.40982E+03  1.21624E+03  1.26795E+03  1.05212E+03  6.50786E+02  9.72026E+02  9.51681E+02  1.02740E+03  1.20734E+03  7.71508E+02  4.27297E+02  2.99551E+00  3.64525E+00  6.97215E+00  1.32880E+00  9.97418E-01  0.00000E+00  2.98899E+00  2.66087E+00  1.32880E+00  6.62772E-01  3.12171E+02  8.99372E+01  1.35082E+03  1.13788E+03  3.28998E+02  3.98967E+00  1.32880E+00  0.00000E+00  0.00000E+00  0.00000E+00  0.00000E+00  0.00000E+00
  0.00000E+00  0.00000E+00  0.00000E+00  0.00000E+00  0.00000E+00  0.00000E+00  0.00000E+00  0.00000E+00  0.00000E+00  0.00000E+00  0.00000E+00  0.00000E+00  0.00000E+00  0.00000E+00  0.00000E+00  6.21430E+01  9.39538E+01  6.06645E+01  2.25782E+02  5.36351E+02  6.32440E+02  4.58312E+02  8.29060E+02  7.10939E+02  7.17349E+02  6.82198E+02  3.50960E+02  2.60775E+02  2.79464E+01  3.35357E+02  1.48420E+02  3.92470E+02  7.30235E+02  6.42146E+02  8.12665E+02  7.72571E+02  7.82235E+02  9.05096E+02  1.03635E+03  6.55362E+02  4.14987E+02  4.99687E+00  5.11029E+02  5.49493E+02  1.03214E+02  1.80983E+03  4.44293E+02  3.45822E+02  1.23038E+03  6.38277E+02  1.99810E+00  7.99239E+00  1.98832E+00  4.65897E+00  2.33600E+00  2.32622E+00  0.00000E+00  5.31848E+00  5.66616E+00  3.00530E+00  2.66087E+00  1.05747E+03  1.38210E+03  1.29898E+03  9.80328E+02  4.96351E+02  1.34214E+02  2.00136E+00  0.00000E+00  0.00000E+00  0.00000E+00  0.00000E+00  0.00000E+00
  0.00000E+00  0.00000E+00  0.00000E+00  0.00000E+00  0.00000E+00  0.00000E+00  0.00000E+00  0.00000E+00  0.00000E+00  0.00000E+00  0.00000E+00  0.00000E+00  0.00000E+00  0.00000E+00  0.00000E+00  9.24753E+01  4.90651E+02  2.65688E+02  4.52074E+02  6.63986E+02  2.26947E+02  7.08462E+02  8.46346E+02  7.91664E+02  1.05122E+03  7.79756E+02  7.71498E+02  1.07026E+02  5.97597E+02  9.00941E+02  2.35781E+02  4.41555E+02  6.59087E+02  7.90776E+02  1.10187E+03  6.41020E+02  5.74605E+02  6.30307E+02  1.00212E+03  5.10081E+02  1.07761E+03  9.82793E+02  6.10865E+02  3.84183E+02  4.05088E+02  1.44287E+03  4.98701E+02  7.04968E+01  7.48945E+02  4.29373E+02  2.32296E+00  4.31454E+00  1.98832E+00  4.65897E+00  6.69293E-01  1.66345E+00  3.31386E-01  4.99687E+00  7.32962E+00  8.01195E+00  3.99293E+00  4.86758E+02  4.02142E+02  8.31939E+02  5.69134E+02  5.33610E+02  3.60993E+02  0.00000E+00  0.00000E+00  0.00000E+00  0.00000E+00  0.00000E+00  0.00000E+00
  0.00000E+00  0.00000E+00  0.00000E+00  0.00000E+00  0.00000E+00  0.00000E+00  0.00000E+00  0.00000E+00  0.00000E+00  0.00000E+00  0.00000E+00  0.00000E+00  0.00000E+00  0.00000E+00  0.00000E+00  8.07257E+01  7.88623E+02  3.25564E+02  3.68323E+02  9.64473E+02  2.70877E+02  4.01086E+02  3.59035E+02  4.61475E+02  6.52326E+02  6.00157E+02  8.10362E+02  5.34423E+02  1.33892E+03  6.71360E+02  5.19008E+02  8.47174E+02  5.64246E+02  6.16871E+02  6.57787E+02  4.43546E+02  5.47426E+02  6.59640E+02  1.45443E+02  5.01486E+01  5.09689E+02  6.94216E+02  1.21238E+03  1.03415E+02  6.62772E-01  3.34646E-01  2.66413E+00  6.69293E-01  3.34646E-01  9.97418E-01  1.33206E+00  7.00149E+00  6.32242E+00  5.65638E+00  3.66807E+00  2.32296E+00  1.32554E+00  6.31263E+00  5.99103E+00  2.00136E+00  9.97418E-01  1.99484E+00  2.66413E+00  2.65104E+02  1.30634E+02  1.37986E+02  3.35373E+02  1.81002E+02  0.00000E+00  0.00000E+00  0.00000E+00  0.00000E+00  0.00000E+00
  0.00000E+00  0.00000E+00  0.00000E+00  0.00000E+00  0.00000E+00  0.00000E+00  0.00000E+00  0.00000E+00  0.00000E+00  0.00000E+00  0.00000E+00  0.00000E+00  0.00000E+00  0.00000E+00  0.00000E+00  4.09939E+01  6.60112E+02  5.67238E+01  2.73763E+02  5.81142E+02  4.86670E+02  7.02467E+02  5.65428E+02  7.37893E+02  6.58824E+02  9.51251E+02  1.14570E+03  1.85937E+03  1.16953E+03  8.43592E+02  1.06079E+03  9.97522E+02  6.52673E+02  5.47059E+02  4.81400E+02  3.29199E+02  5.92968E+02  3.96347E+02  9.68083E+01  0.00000E+00  1.75594E+01  3.93247E+02  1.01649E+03  1.49120E+02  9.94158E-01  1.33206E+00  5.33804E+00  1.67323E+00  2.34252E+00  6.62772E-01  1.69118E+02  6.32568E+00  3.99293E+00  3.32690E+00  4.32432E+00  3.32690E+00  4.01438E+02  7.62043E+01  1.00068E+00  1.66671E+00  2.65761E+00  9.97418E-01  6.62772E-01  9.97418E-01  6.66032E-01  0.00000E+00  9.86935E+01  0.00000E+00  0.00000E+00  0.00000E+00  0.00000E+00  0.00000E+00  0.00000E+00
  0.00000E+00  0.00000E+00  0.00000E+00  0.00000E+00  0.00000E+00  0.00000E+00  0.00000E+00  0.00000E+00  0.00000E+00  0.00000E+00  0.00000E+00  0.00000E+00  0.00000E+00  0.00000E+00  0.00000E+00  0.00000E+00  5.97608E+02  2.29412E+02  2.95471E+02  8.46278E+02  6.42772E+02  5.37705E+02  5.61620E+02  1.16289E+02  2.83121E+02  6.76087E+02  8.69215E+01  8.76890E+02  1.34053E+03  1.05921E+03  6.55547E+02  6.64723E+02  4.04532E+02  8.77735E+01  3.15884E+02  3.86709E+02  2.10947E+02  3.94817E+01  3.15614E+01  0.00000E+00  0.00000E+00  0.00000E+00  1.57141E+02  7.03908E+02  6.96917E+02  0.00000E+00  0.00000E+00  6.69293E-01  1.00068E+00  2.62640E+02  8.01437E+02  5.98451E+00  9.36053E+01  2.65109E+00  4.30427E+01  3.65503E+00  4.05372E+02  1.90328E+02  1.66671E+00  3.99293E+00  3.64525E+00  1.99158E+00  6.96103E+01  6.86161E+01  2.82645E+02  0.00000E+00  0.00000E+00  0.00000E+00  0.00000E+00  0.00000E+00  0.00000E+00  0.00000E+00  0.00000E+00
  0.00000E+00  0.00000E+00  0.00000E+00  0.00000E+00  0.00000E+00  0.00000E+00  0.00000E+00  0.00000E+00  0.00000E+00  0.00000E+00  0.00000E+00  0.00000E+00  0.00000E+00  0.00000E+00  0.00000E+00  0.00000E+00  0.00000E+00  9.88125E+01  2.38946E+02  4.36899E+02  1.22421E+03  6.23908E+02  3.09745E+02  5.59668E+02  6.56383E+02  3.21724E+02  2.99955E+02  5.95106E+02  5.90198E+02  6.27283E+02  4.92309E+02  4.21914E+02  4.48415E+02  0.00000E+00  3.51081E+02  2.12166E+02  0.00000E+00  0.00000E+00  0.00000E+00  0.00000E+00  0.00000E+00  0.00000E+00  0.00000E+00  1.57281E+01  3.52740E+02  7.11081E+02  0.00000E+00  0.00000E+00  6.66032E-01  1.34239E+03  1.64233E+03  1.50582E+03  1.36775E+03  4.75708E+02  8.66567E+02  3.32364E+00  7.12770E+01  6.92789E+01  1.66345E+00  3.66155E+00  1.13508E+02  2.45331E+02  8.84692E+02  9.19950E+02  1.48746E+03  5.60295E+02  0.00000E+00  0.00000E+00  0.00000E+00  0.00000E+00  0.00000E+00  0.00000E+00  0.00000E+00
  0.00000E+00  0.00000E+00  0.00000E+00  0.00000E+00  0.00000E+00  0.00000E+00  0.00000E+00  0.00000E+00  0.00000E+00  0.00000E+00  0.00000E+00  0.00000E+00  0.00000E+00  0.00000E+00  0.00000E+00  0.00000E+00  0.00000E+00  0.00000E+00  0.00000E+00  0.00000E+00  2.53277E+02  6.75432E+02  6.18106E+02  5.99983E+02  3.83879E+02  3.18883E+02  4.00759E+02  1.33800E+02  1.73818E+01  0.00000E+00  7.90826E+01  4.79250E+02  1.86112E+02  8.69088E+00  2.73877E+02  1.97678E+02  2.55063E+02  8.82071E+01  0.00000E+00  0.00000E+00  0.00000E+00  0.00000E+00  0.00000E+00  0.00000E+00  0.00000E+00  1.64600E+02  6.16507E+02  2.74281E+02  0.00000E+00  0.00000E+00  1.35954E+03  1.50614E+03  1.13096E+03  1.61721E+03  6.24055E+02  3.92854E+01  7.91998E+01  6.31590E+00  4.29067E+01  1.24701E+02  1.43163E+02  5.87216E+02  7.15038E+02  1.35497E+03  8.65443E+02  1.93927E+02  0.00000E+00  0.00000E+00  0.00000E+00  0.00000E+00  0.00000E+00  0.00000E+00  0.00000E+00
  0.00000E+00  0.00000E+00  0.00000E+00  0.00000E+00  0.00000E+00  0.00000E+00  0.00000E+00  0.00000E+00  0.00000E+00  0.00000E+00  0.00000E+00  0.00000E+00  0.00000E+00  0.00000E+00  0.00000E+00  0.00000E+00  0.00000E+00  0.00000E+00  0.00000E+00  0.00000E+00  0.00000E+00  1.19715E+02  6.02901E+02  5.67554E+02  5.94536E+02  4.36285E+02  1.62714E+02  0.00000E+00  0.00000E+00  0.00000E+00  0.00000E+00  3.98288E+02  5.49634E+02  2.30433E+02  2.79464E+01  1.17157E+02  1.93357E+02  4.38829E+01  0.00000E+00  0.00000E+00  0.00000E+00  0.00000E+00  0.00000E+00  0.00000E+00  0.00000E+00  0.00000E+00  6.14227E+02  5.50832E+02  5.38970E+02  6.62772E-01  7.55792E+02  4.39083E+02  7.81181E+01  5.68960E+02  3.66372E+02  7.78231E+02  6.24077E+02  1.66345E+00  1.49423E+02  2.91586E+02  6.86161E+01  4.99252E+02  5.76244E+02  7.20820E+02  5.81989E+02  0.00000E+00  0.00000E+00  0.00000E+00  0.00000E+00  0.00000E+00  0.00000E+00  0.00000E+00  0.00000E+00
  0.00000E+00  0.00000E+00  0.00000E+00  0.00000E+00  0.00000E+00  0.00000E+00  0.00000E+00  0.00000E+00  0.00000E+00  0.00000E+00  0.00000E+00  0.00000E+00  0.00000E+00  0.00000E+00  0.00000E+00  0.00000E+00  0.00000E+00  0.00000E+00  0.00000E+00  0.00000E+00  0.00000E+00  0.00000E+00  1.57299E+01  4.20707E+02  2.27109E+02  0.00000E+00  0.00000E+00  0.00000E+00  0.00000E+00  0.00000E+00  0.00000E+00  0.00000E+00  0.00000E+00  0.00000E+00  9.10874E+01  1.09907E+02  9.83382E+01  0.00000E+00  0.00000E+00  0.00000E+00  0.00000E+00  0.00000E+00  0.00000E+00  0.00000E+00  0.00000E+00  0.00000E+00  4.30994E+02  6.48534E+02  1.26940E+03  7.50956E+02  1.65295E+01  2.99225E+00  2.98899E+00  3.07693E+02  5.66174E+02  3.55913E+02  3.65540E+02  1.22092E+02  3.31386E-01  0.00000E+00  1.77070E+02  2.52035E+02  7.30748E+02  6.68276E+02  9.63690E+00  0.00000E+00  0.00000E+00  0.00000E+00  0.00000E+00  0.00000E+00  0.00000E+00  0.00000E+00  0.00000E+00
  0.00000E+00  0.00000E+00  0.00000E+00  0.00000E+00  0.00000E+00  0.00000E+00  0.00000E+00  0.00000E+00  0.00000E+00  0.00000E+00  0.00000E+00  0.00000E+00  0.00000E+00  0.00000E+00  0.00000E+00  0.00000E+00  0.00000E+00  0.00000E+00  0.00000E+00  0.00000E+00  0.00000E+00  0.00000E+00  4.18731E+02  2.99262E+02  0.00000E+00  0.00000E+00  0.00000E+00  3.33155E+02  1.63301E+02  3.43420E+02  0.00000E+00  0.00000E+00  0.00000E+00  0.00000E+00  1.20474E+02  0.00000E+00  0.00000E+00  0.00000E+00  0.00000E+00  0.00000E+00  0.00000E+00  0.00000E+00  0.00000E+00  0.00000E+00  0.00000E+00  0.00000E+00  9.42428E+01  3.42601E+02  6.07139E+01  1.56999E+02  1.99680E+02  1.81270E+02  3.91481E+02  5.26765E+02  4.63217E+02  1.54022E+02  6.01760E+02  1.48040E+02  2.68760E+02  5.20948E+02  1.50417E+02  5.20661E+02  7.53635E+02  7.96006E+01  0.00000E+00  0.00000E+00  0.00000E+00  0.00000E+00  0.00000E+00  0.00000E+00  0.00000E+00  0.00000E+00  0.00000E+00
  0.00000E+00  0.00000E+00  0.00000E+00  0.00000E+00  0.00000E+00  0.00000E+00  0.00000E+00  0.00000E+00  0.00000E+00  0.00000E+00  0.00000E+00  0.00000E+00  0.00000E+00  0.00000E+00  0.00000E+00  0.00000E+00  0.00000E+00  0.00000E+00  0.00000E+00  0.00000E+00  0.00000E+00  0.00000E+00  1.13474E+02  3.18108E+01  0.00000E+00  0.00000E+00  1.82546E+02  2.24305E+02  5.75616E+02  2.58257E+02  0.00000E+00  0.00000E+00  0.00000E+00  0.00000E+00  1.58165E+02  0.00000E+00  0.00000E+00  0.00000E+00  0.00000E+00  0.00000E+00  0.00000E+00  0.00000E+00  0.00000E+00  0.00000E+00  0.00000E+00  0.00000E+00  0.00000E+00  0.00000E+00  3.31386E-01  1.32880E+00  1.66457E+02  5.78986E+02  2.97267E+02  5.78012E+02  2.76709E+02  3.43892E+02  3.17552E+02  7.21228E+02  1.41257E+03  9.21844E+02  5.02863E+02  3.53436E+02  0.00000E+00  0.00000E+00  0.00000E+00  0.00000E+00  0.00000E+00  0.00000E+00  0.00000E+00  0.00000E+00  0.00000E+00  0.00000E+00  0.00000E+00
  0.00000E+00  0.00000E+00  0.00000E+00  0.00000E+00  0.00000E+00  0.00000E+00  0.00000E+00  0.00000E+00  0.00000E+00  0.00000E+00  0.00000E+00  0.00000E+00  0.00000E+00  0.00000E+00  0.00000E+00  0.00000E+00  0.00000E+00  0.00000E+00  0.00000E+00  0.00000E+00  0.00000E+00  0.00000E+00  0.00000E+00  0.00000E+00  0.00000E+00  1.36188E+02  3.83896E+02  2.31763E+02  4.95765E+02  6.31353E+02  0.00000E+00  0.00000E+00  0.00000E+00  4.53230E+01  1.58168E+02  1.93352E+02  1.84664E+02  2.60649E+01  1.17348E+02  3.94794E+01  2.60396E+02  7.92027E+00  0.00000E+00  3.94794E+01  1.81315E+02  0.00000E+00  0.00000E+00  0.00000E+00  7.49072E+01  5.13243E+02  1.11007E+02  3.11280E+02  2.96730E+02  1.08853E+02  2.78862E+02  1.75400E+02  5.84266E+02  1.24952E+03  1.08412E+03  2.68952E+02  0.00000E+00  0.00000E+00  0.00000E+00  0.00000E+00  0.00000E+00  0.00000E+00  0.00000E+00  0.00000E+00  0.00000E+00  0.00000E+00  0.00000E+00  0.00000E+00  0.00000E+00
  0.00000E+00  0.00000E+00  0.00000E+00  0.00000E+00  0.00000E+00  0.00000E+00  0.00000E+00  0.00000E+00  0.00000E+00  0.00000E+00  0.00000E+00  0.00000E+00  0.00000E+00  0.00000E+00  0.00000E+00  0.00000E+00  0.00000E+00  0.00000E+00  0.00000E+00  0.00000E+00  0.00000E+00  0.00000E+00  0.00000E+00  0.00000E+00  0.00000E+00  0.00000E+00  3.06210E+02  2.72808E+02  2.75416E+01  7.27139E+02  4.02477E+02  7.68856E+01  0.00000E+00  1.83789E+02  2.72435E+02  5.45301E+02  3.61519E+02  4.38829E+01  2.74950E+02  1.49878E+02  2.91711E+02  3.93189E+01  8.90978E+01  3.47035E+02  7.88369E+01  0.00000E+00  0.00000E+00  0.00000E+00  2.49846E+02  1.02033E+03  7.31381E+02  2.51350E+02  2.46141E+02  4.18647E+02  8.23376E+02  1.45747E+03  1.38318E+03  1.22622E+03  6.19897E+02  0.00000E+00  0.00000E+00  4.43479E+01  0.00000E+00  0.00000E+00  0.00000E+00  0.00000E+00  0.00000E+00  0.00000E+00  0.00000E+00  0.00000E+00  0.00000E+00  0.00000E+00  0.00000E+00
  0.00000E+00  0.00000E+00  0.00000E+00  0.00000E+00  0.00000E+00  0.00000E+00  0.00000E+00  0.00000E+00  0.00000E+00  0.00000E+00  0.00000E+00  0.00000E+00  0.00000E+00  0.00000E+00  0.00000E+00  0.00000E+00  0.00000E+00  0.00000E+00  0.00000E+00  0.00000E+00  0.00000E+00  0.00000E+00  0.00000E+00  0.00000E+00  0.00000E+00  0.00000E+00  6.07456E+01  2.12003E+02  2.75416E+01  4.88166E+02  1.23685E+03  1.32607E+03  7.74928E+01  2.80689E+02  3.42406E+02  3.87151E+02  2.46362E+02  2.65063E+01  2.10369E+02  3.94817E+01  2.44436E+02  2.69233E+02  1.91574E+02  1.57674E+02  3.15592E+01  2.13123E+02  2.52485E+02  1.18574E+02  3.43139E+02  6.23080E+02  5.88352E+02  0.00000E+00  0.00000E+00  8.33671E+02  1.99416E+03  8.63424E+02  7.92494E+02  4.09409E+02  6.61496E+01  0.00000E+00  0.00000E+00  0.00000E+00  0.00000E+00  0.00000E+00  0.00000E+00  0.00000E+00  0.00000E+00  0.00000E+00  0.00000E+00  0.00000E+00  0.00000E+00  0.00000E+00  0.00000E+00
  0.00000E+00  0.00000E+00  0.00000E+00  0.00000E+00  0.00000E+00  0.00000E+00  0.00000E+00  0.00000E+00  0.00000E+00  0.00000E+00  0.00000E+00  0.00000E+00  0.00000E+00  0.00000E+00  0.00000E+00  0.00000E+00  0.00000E+00  0.00000E+00  0.00000E+00  0.00000E+00  0.00000E+00  0.00000E+00  0.00000E+00  0.00000E+00  0.00000E+00  0.00000E+00  0.00000E+00  5.24670E+01  1.52067E+02  6.87441E+02  5.38191E+02  9.41975E+02  3.22463E+02  0.00000E+00  1.23404E+02  3.60650E+02  3.07634E+02  1.64751E+02  5.51980E+01  1.34035E+02  1.89362E+02  2.20853E+02  3.37756E+01  0.00000E+00  6.31206E+01  1.98386E+02  4.50015E+02  3.86901E+02  3.75354E+02  1.36894E+02  0.00000E+00  0.00000E+00  0.00000E+00  1.73604E+02  5.98569E+02  1.55354E+01  0.00000E+00  0.00000E+00  0.00000E+00  0.00000E+00  0.00000E+00  0.00000E+00  0.00000E+00  0.00000E+00  0.00000E+00  0.00000E+00  0.00000E+00  0.00000E+00  0.00000E+00  0.00000E+00  0.00000E+00  0.00000E+00  0.00000E+00
  0.00000E+00  0.00000E+00  0.00000E+00  0.00000E+00  0.00000E+00  0.00000E+00  0.00000E+00  0.00000E+00  0.00000E+00  0.00000E+00  0.00000E+00  0.00000E+00  0.00000E+00  0.00000E+00  0.00000E+00  0.00000E+00  0.00000E+00  0.00000E+00  0.00000E+00  0.00000E+00  0.00000E+00  0.00000E+00  0.00000E+00  0.00000E+00  0.00000E+00  2.06562E+01  6.88541E+00  0.00000E+00  0.00000E+00  2.24305E+02  4.19536E+02  1.07364E+03  9.30808E+02  2.84825E+02  0.00000E+00  2.99380E+02  5.62272E+02  3.48867E+02  1.18438E+02  2.05078E+02  3.07748E+02  3.51345E+02  3.70923E+02  3.55462E+02  2.76374E+02  2.52611E+02  1.02722E+02  4.34172E+02  3.15614E+01  0.00000E+00  0.00000E+00  0.00000E+00  0.00000E+00  0.00000E+00  3.96360E+01  1.38186E+02  0.00000E+00  0.00000E+00  0.00000E+00  0.00000E+00  0.00000E+00  0.00000E+00  0.00000E+00  0.00000E+00  0.00000E+00  0.00000E+00  0.00000E+00  0.00000E+00  0.00000E+00  0.00000E+00  0.00000E+00  0.00000E+00  0.00000E+00
  0.00000E+00  0.00000E+00  0.00000E+00  0.00000E+00  0.00000E+00  0.00000E+00  0.00000E+00  0.00000E+00  0.00000E+00  0.00000E+00  0.00000E+00  0.00000E+00  0.00000E+00  0.00000E+00  0.00000E+00  0.00000E+00  0.00000E+00  0.00000E+00  0.00000E+00  0.00000E+00  0.00000E+00  0.00000E+00  0.00000E+00  0.00000E+00  0.00000E+00  6.88541E+00  2.06562E+01  0.00000E+00  0.00000E+00  9.51936E+01  5.80008E+02  5.36737E+02  9.74177E+02  1.17849E+03  0.00000E+00  2.20297E+02  7.24883E+02  7.59543E+02  3.88842E+02  2.20794E+02  3.27055E+02  9.58692E+01  7.89588E+01  3.15592E+01  2.36389E+01  6.23412E+02  3.86766E+02  0.00000E+00  0.00000E+00  0.00000E+00  0.00000E+00  0.00000E+00  0.00000E+00  1.08186E+02  5.43101E+02  2.99991E+01  0.00000E+00  0.00000E+00  0.00000E+00  0.00000E+00  0.00000E+00  0.00000E+00  0.00000E+00  0.00000E+00  0.00000E+00  0.00000E+00  0.00000E+00  0.00000E+00  0.00000E+00  0.00000E+00  0.00000E+00  0.00000E+00  0.00000E+00
  0.00000E+00  0.00000E+00  0.00000E+00  0.00000E+00  0.00000E+00  0.00000E+00  0.00000E+00  0.00000E+00  0.00000E+00  0.00000E+00  0.00000E+00  0.00000E+00  0.00000E+00  0.00000E+00  0.00000E+00  0.00000E+00  0.00000E+00  0.00000E+00  0.00000E+00  0.00000E+00  0.00000E+00  0.00000E+00  0.00000E+00  0.00000E+00  0.00000E+00  0.00000E+00  1.37708E+01  0.00000E+00  0.00000E+00  7.65566E+01  2.90539E+02  5.36070E+02  8.05629E+02  9.17211E+02  1.39937E+01  2.15566E+02  5.52097E+02  4.58312E+02  4.20487E+02  1.07142E+02  4.85036E+01  0.00000E+00  0.00000E+00  1.50009E+02  3.07683E+02  5.05351E+02  5.68207E+02  3.94794E+01  0.00000E+00  0.00000E+00  0.00000E+00  0.00000E+00  0.00000E+00  9.63690E+00  8.89104E+01  0.00000E+00  0.00000E+00  0.00000E+00  0.00000E+00  0.00000E+00  0.00000E+00  0.00000E+00  0.00000E+00  0.00000E+00  0.00000E+00  0.00000E+00  0.00000E+00  0.00000E+00  0.00000E+00  0.00000E+00  0.00000E+00  0.00000E+00  0.00000E+00
  0.00000E+00  0.00000E+00  0.00000E+00  0.00000E+00  0.00000E+00  0.00000E+00  0.00000E+00  0.00000E+00  0.00000E+00  0.00000E+00  0.00000E+00  0.00000E+00  0.00000E+00  0.00000E+00  0.00000E+00  0.00000E+00  0.00000E+00  0.00000E+00  0.00000E+00  0.00000E+00  0.00000E+00  0.00000E+00  0.00000E+00  0.00000E+00  0.00000E+00  0.00000E+00  1.37708E+01  4.13125E+01  0.00000E+00  0.00000E+00  0.00000E+00  1.65302E+02  1.07194E+03  9.06530E+02  2.64771E+02  2.32393E+02  6.96535E+02  3.55588E+02  9.79978E+01  0.00000E+00  0.00000E+00  0.00000E+00  2.21176E+02  5.34254E+02  5.43884E+02  6.15614E+02  3.33890E+02  1.58405E+01  0.00000E+00  0.00000E+00  2.57093E+02  5.89113E+01  0.00000E+00  0.00000E+00  0.00000E+00  0.00000E+00  0.00000E+00  0.00000E+00  0.00000E+00  0.00000E+00  0.00000E+00  0.00000E+00  0.00000E+00  0.00000E+00  0.00000E+00  0.00000E+00  0.00000E+00  0.00000E+00  0.00000E+00  0.00000E+00  0.00000E+00  0.00000E+00  0.00000E+00
  0.00000E+00  0.00000E+00  0.00000E+00  0.00000E+00  0.00000E+00  0.00000E+00  0.00000E+00  0.00000E+00  0.00000E+00  0.00000E+00  0.00000E+00  0.00000E+00  0.00000E+00  0.00000E+00  0.00000E+00  0.00000E+00  0.00000E+00  0.00000E+00  0.00000E+00  0.00000E+00  0.00000E+00  0.00000E+00  0.00000E+00  0.00000E+00  0.00000E+00  0.00000E+00  0.00000E+00  1.37708E+01  1.42152E+02  3.72177E+01  0.00000E+00  0.00000E+00  5.50289E+02  3.30560E+02  1.76572E+02  7.92027E+00  5.51980E+01  1.65723E+02  1.11486E+00  6.08049E+01  2.76287E+02  5.91770E+02  2.84039E+02  6.21122E+02  9.27917E+02  4.18337E+02  2.48624E+01  0.00000E+00  0.00000E+00  5.35847E+01  2.18545E+02  0.00000E+00  0.00000E+00  0.00000E+00  0.00000E+00  0.00000E+00  0.00000E+00  0.00000E+00  0.00000E+00  0.00000E+00  0.00000E+00  0.00000E+00  0.00000E+00  0.00000E+00  0.00000E+00  0.00000E+00  0.00000E+00  0.00000E+00  0.00000E+00  0.00000E+00  0.00000E+00  0.00000E+00  0.00000E+00
  0.00000E+00  0.00000E+00  0.00000E+00  0.00000E+00  0.00000E+00  0.00000E+00  0.00000E+00  0.00000E+00  0.00000E+00  0.00000E+00  0.00000E+00  0.00000E+00  0.00000E+00  0.00000E+00  0.00000E+00  0.00000E+00  0.00000E+00  0.00000E+00  0.00000E+00  0.00000E+00  0.00000E+00  0.00000E+00  0.00000E+00  0.00000E+00  0.00000E+00  0.00000E+00  0.00000E+00  6.88541E+00  1.87252E+02  2.55458E+02  0.00000E+00  0.00000E+00  0.00000E+00  0.00000E+00  0.00000E+00  0.00000E+00  0.00000E+00  0.00000E+00  0.00000E+00  1.05882E+02  1.34159E+02  5.52194E+02  6.56063E+02  3.98381E+02  2.57519E+02  0.00000E+00  0.00000E+00  0.00000E+00  0.00000E+00  0.00000E+00  0.00000E+00  0.00000E+00  0.00000E+00  0.00000E+00  0.00000E+00  0.00000E+00  0.00000E+00  0.00000E+00  0.00000E+00  0.00000E+00  0.00000E+00  0.00000E+00  0.00000E+00  0.00000E+00  0.00000E+00  0.00000E+00  0.00000E+00  0.00000E+00  0.00000E+00  0.00000E+00  0.00000E+00  0.00000E+00  0.00000E+00
  0.00000E+00  0.00000E+00  0.00000E+00  0.00000E+00  0.00000E+00  0.00000E+00  0.00000E+00  0.00000E+00  0.00000E+00  0.00000E+00  0.00000E+00  0.00000E+00  0.00000E+00  0.00000E+00  0.00000E+00  0.00000E+00  0.00000E+00  0.00000E+00  0.00000E+00  0.00000E+00  0.00000E+00  0.00000E+00  0.00000E+00  0.00000E+00  0.00000E+00  0.00000E+00  0.00000E+00  0.00000E+00  3.18108E+01  2.36446E+02  1.71172E+02  5.93524E+01  4.13125E+01  0.00000E+00  0.00000E+00  0.00000E+00  0.00000E+00  0.00000E+00  0.00000E+00  0.00000E+00  0.00000E+00  1.57765E+02  4.31553E+02  1.28403E+02  0.00000E+00  0.00000E+00  0.00000E+00  0.00000E+00  1.32554E+00  1.00068E+00  0.00000E+00  0.00000E+00  0.00000E+00  0.00000E+00  0.00000E+00  0.00000E+00  0.00000E+00  0.00000E+00  0.00000E+00  0.00000E+00  0.00000E+00  0.00000E+00  0.00000E+00  0.00000E+00  0.00000E+00  0.00000E+00  0.00000E+00  0.00000E+00  0.00000E+00  0.00000E+00  0.00000E+00  0.00000E+00  0.00000E+00
  0.00000E+00  0.00000E+00  0.00000E+00  0.00000E+00  0.00000E+00  0.00000E+00  0.00000E+00  0.00000E+00  0.00000E+00  0.00000E+00  0.00000E+00  0.00000E+00  0.00000E+00  0.00000E+00  0.00000E+00  0.00000E+00  0.00000E+00  0.00000E+00  0.00000E+00  0.00000E+00  0.00000E+00  0.00000E+00  0.00000E+00  0.00000E+00  0.00000E+00  0.00000E+00  0.00000E+00  0.00000E+00  0.00000E+00  3.86962E+01  3.44271E+01  0.00000E+00  0.00000E+00  0.00000E+00  0.00000E+00  0.00000E+00  1.37708E+01  1.85968E+02  9.01963E+00  0.00000E+00  0.00000E+00  0.00000E+00  0.00000E+00  0.00000E+00  0.00000E+00  0.00000E+00  0.00000E+00  0.00000E+00  0.00000E+00  0.00000E+00  0.00000E+00  0.00000E+00  0.00000E+00  0.00000E+00  0.00000E+00  0.00000E+00  0.00000E+00  0.00000E+00  0.00000E+00  0.00000E+00  0.00000E+00  0.00000E+00  0.00000E+00  0.00000E+00  0.00000E+00  0.00000E+00  0.00000E+00  0.00000E+00  0.00000E+00  0.00000E+00  0.00000E+00  0.00000E+00  0.00000E+00
  0.00000E+00  0.00000E+00  0.00000E+00  0.00000E+00  0.00000E+00  0.00000E+00  0.00000E+00  0.00000E+00  0.00000E+00  0.00000E+00  0.00000E+00  0.00000E+00  0.00000E+00  0.00000E+00  0.00000E+00  0.00000E+00  0.00000E+00  0.00000E+00  0.00000E+00  0.00000E+00  0.00000E+00  0.00000E+00  0.00000E+00  0.00000E+00  0.00000E+00  0.00000E+00  0.00000E+00  0.00000E+00  0.00000E+00  0.00000E+00  0.00000E+00  0.00000E+00  0.00000E+00  0.00000E+00  6.88541E+00  2.06562E+01  2.68738E+02  1.23487E+01  0.00000E+00  0.00000E+00  0.00000E+00  0.00000E+00  0.00000E+00  0.00000E+00  0.00000E+00  0.00000E+00  0.00000E+00  0.00000E+00  0.00000E+00  0.00000E+00  0.00000E+00  0.00000E+00  0.00000E+00  0.00000E+00  0.00000E+00  0.00000E+00  0.00000E+00  0.00000E+00  0.00000E+00  0.00000E+00  0.00000E+00  0.00000E+00  0.00000E+00  0.00000E+00  0.00000E+00  0.00000E+00  0.00000E+00  0.00000E+00  0.00000E+00  0.00000E+00  0.00000E+00  0.00000E+00  0.00000E+00
  0.00000E+00  0.00000E+00  0.00000E+00  0.00000E+00  0.00000E+00  0.00000E+00  0.00000E+00  0.00000E+00  0.00000E+00  0.00000E+00  0.00000E+00  0.00000E+00  0.00000E+00  0.00000E+00  0.00000E+00  0.00000E+00  0.00000E+00  0.00000E+00  0.00000E+00  0.00000E+00  0.00000E+00  0.00000E+00  0.00000E+00  0.00000E+00  0.00000E+00  0.00000E+00  0.00000E+00  0.00000E+00  0.00000E+00  0.00000E+00  0.00000E+00  0.00000E+00  0.00000E+00  3.44271E+01  6.19687E+01  6.88541E+00  6.88541E+00  0.00000E+00  0.00000E+00  0.00000E+00  0.00000E+00  0.00000E+00  0.00000E+00  0.00000E+00  0.00000E+00  0.00000E+00  0.00000E+00  0.00000E+00  0.00000E+00  0.00000E+00  0.00000E+00  0.00000E+00  0.00000E+00  0.00000E+00  0.00000E+00  0.00000E+00  0.00000E+00  1.77529E+02  3.32816E+02  0.00000E+00  0.00000E+00  0.00000E+00  0.00000E+00  0.00000E+00  0.00000E+00  0.00000E+00  0.00000E+00  0.00000E+00  0.00000E+00  0.00000E+00  0.00000E+00  0.00000E+00  0.00000E+00
  0.00000E+00  0.00000E+00  0.00000E+00  0.00000E+00  0.00000E+00  0.00000E+00  0.00000E+00  0.00000E+00  0.00000E+00  0.00000E+00  0.00000E+00  0.00000E+00  0.00000E+00  0.00000E+00  0.00000E+00  0.00000E+00  0.00000E+00  0.00000E+00  0.00000E+00  0.00000E+00  0.00000E+00  0.00000E+00  0.00000E+00  0.00000E+00  0.00000E+00  0.00000E+00  0.00000E+00  0.00000E+00  0.00000E+00  0.00000E+00  0.00000E+00  0.00000E+00  0.00000E+00  2.06562E+01  4.81979E+01  2.75416E+01  0.00000E+00  0.00000E+00  0.00000E+00  0.00000E+00  0.00000E+00  0.00000E+00  0.00000E+00  0.00000E+00  0.00000E+00  0.00000E+00  0.00000E+00  0.00000E+00  0.00000E+00  0.00000E+00  0.00000E+00  0.00000E+00  0.00000E+00  0.00000E+00  0.00000E+00  0.00000E+00  0.00000E+00  1.66477E+02  0.00000E+00  0.00000E+00  0.00000E+00  0.00000E+00  0.00000E+00  0.00000E+00  0.00000E+00  0.00000E+00  0.00000E+00  0.00000E+00  0.00000E+00  0.00000E+00  0.00000E+00  0.00000E+00  0.00000E+00
  0.00000E+00  0.00000E+00  0.00000E+00  0.00000E+00  0.00000E+00  0.00000E+00  0.00000E+00  0.00000E+00  0.00000E+00  0.00000E+00  0.00000E+00  0.00000E+00  0.00000E+00  0.00000E+00  0.00000E+00  0.00000E+00  0.00000E+00  0.00000E+00  0.00000E+00  0.00000E+00  0.00000E+00  0.00000E+00  0.00000E+00  0.00000E+00  0.00000E+00  0.00000E+00  0.00000E+00  0.00000E+00  0.00000E+00  0.00000E+00  0.00000E+00  0.00000E+00  0.00000E+00  0.00000E+00  0.00000E+00  0.00000E+00  0.00000E+00  0.00000E+00  0.00000E+00  0.00000E+00  0.00000E+00  0.00000E+00  0.00000E+00  0.00000E+00  0.00000E+00  0.00000E+00  0.00000E+00  0.00000E+00  0.00000E+00  0.00000E+00  0.00000E+00  0.00000E+00  0.00000E+00  0.00000E+00  1.10525E+01  1.33044E+02  2.99520E+02  1.77529E+02  0.00000E+00  0.00000E+00  0.00000E+00  0.00000E+00  0.00000E+00  0.00000E+00  0.00000E+00  0.00000E+00  0.00000E+00  0.00000E+00  0.00000E+00  0.00000E+00  0.00000E+00  0.00000E+00  0.00000E+00
  0.00000E+00  0.00000E+00  0.00000E+00  0.00000E+00  0.00000E+00  0.00000E+00  0.00000E+00  0.00000E+00  0.00000E+00  0.00000E+00  0.00000E+00  0.00000E+00  0.00000E+00  0.00000E+00  0.00000E+00  0.00000E+00  0.00000E+00  0.00000E+00  0.00000E+00  0.00000E+00  0.00000E+00  0.00000E+00  0.00000E+00  0.00000E+00  0.00000E+00  0.00000E+00  0.00000E+00  0.00000E+00  0.00000E+00  0.00000E+00  0.00000E+00  0.00000E+00  0.00000E+00  0.00000E+00  0.00000E+00  0.00000E+00  0.00000E+00  0.00000E+00  0.00000E+00  0.00000E+00  0.00000E+00  0.00000E+00  0.00000E+00  0.00000E+00  0.00000E+00  0.00000E+00  0.00000E+00  0.00000E+00  0.00000E+00  0.00000E+00  0.00000E+00  0.00000E+00  0.00000E+00  5.54003E+01  3.88216E+02  3.88354E+02  6.32336E+02  1.88444E+02  0.00000E+00  0.00000E+00  0.00000E+00  0.00000E+00  0.00000E+00  0.00000E+00  0.00000E+00  0.00000E+00  0.00000E+00  0.00000E+00  0.00000E+00  0.00000E+00  0.00000E+00  0.00000E+00  0.00000E+00
  0.00000E+00  0.00000E+00  0.00000E+00  0.00000E+00  0.00000E+00  0.00000E+00  0.00000E+00  0.00000E+00  0.00000E+00  0.00000E+00  0.00000E+00  0.00000E+00  0.00000E+00  0.00000E+00  0.00000E+00  0.00000E+00  0.00000E+00  0.00000E+00  0.00000E+00  0.00000E+00  0.00000E+00  0.00000E+00  0.00000E+00  0.00000E+00  0.00000E+00  0.00000E+00  0.00000E+00  0.00000E+00  0.00000E+00  0.00000E+00  0.00000E+00  0.00000E+00  0.00000E+00  0.00000E+00  0.00000E+00  0.00000E+00  0.00000E+00  0.00000E+00  0.00000E+00  0.00000E+00  0.00000E+00  0.00000E+00  0.00000E+00  0.00000E+00  0.00000E+00  0.00000E+00  0.00000E+00  0.00000E+00  0.00000E+00  0.00000E+00  1.10525E+01  0.00000E+00  0.00000E+00  3.32678E+02  4.10321E+02  2.77140E+02  2.88330E+02  3.32816E+02  8.86957E+01  0.00000E+00  0.00000E+00  0.00000E+00  0.00000E+00  0.00000E+00  0.00000E+00  0.00000E+00  0.00000E+00  0.00000E+00  0.00000E+00  0.00000E+00  0.00000E+00  0.00000E+00  0.00000E+00
  0.00000E+00  0.00000E+00  0.00000E+00  0.00000E+00  0.00000E+00  0.00000E+00  0.00000E+00  0.00000E+00  0.00000E+00  0.00000E+00  0.00000E+00  0.00000E+00  0.00000E+00  0.00000E+00  0.00000E+00  0.00000E+00  0.00000E+00  0.00000E+00  0.00000E+00  0.00000E+00  0.00000E+00  0.00000E+00  0.00000E+00  0.00000E+00  0.00000E+00  0.00000E+00  0.00000E+00  0.00000E+00  0.00000E+00  0.00000E+00  0.00000E+00  0.00000E+00  0.00000E+00  0.00000E+00  0.00000E+00  0.00000E+00  0.00000E+00  0.00000E+00  0.00000E+00  0.00000E+00  0.00000E+00  0.00000E+00  0.00000E+00  0.00000E+00  0.00000E+00  0.00000E+00  0.00000E+00  0.00000E+00  0.00000E+00  1.10939E+02  1.99634E+02  3.21625E+02  0.00000E+00  3.43592E+02  3.99131E+02  1.10525E+01  3.21487E+02  2.21050E+01  0.00000E+00  0.00000E+00  0.00000E+00  0.00000E+00  0.00000E+00  0.00000E+00  0.00000E+00  0.00000E+00  0.00000E+00  0.00000E+00  0.00000E+00  0.00000E+00  0.00000E+00  0.00000E+00  0.00000E+00
  0.00000E+00  0.00000E+00  0.00000E+00  0.00000E+00  0.00000E+00  0.00000E+00  0.00000E+00  0.00000E+00  0.00000E+00  0.00000E+00  0.00000E+00  0.00000E+00  0.00000E+00  0.00000E+00  0.00000E+00  0.00000E+00  0.00000E+00  0.00000E+00  0.00000E+00  0.00000E+00  0.00000E+00  0.00000E+00  0.00000E+00  0.00000E+00  0.00000E+00  0.00000E+00  0.00000E+00  0.00000E+00  0.00000E+00  0.00000E+00  0.00000E+00  0.00000E+00  0.00000E+00  0.00000E+00  0.00000E+00  0.00000E+00  0.00000E+00  0.00000E+00  0.00000E+00  0.00000E+00  0.00000E+00  0.00000E+00  0.00000E+00  0.00000E+00  0.00000E+00  0.00000E+00  0.00000E+00  0.00000E+00  7.76432E+01  5.32312E+02  3.10573E+02  3.43730E+02  4.43479E+01  2.77278E+02  5.10207E+02  6.65907E+01  1.21991E+02  0.00000E+00  0.00000E+00  0.00000E+00  0.00000E+00  0.00000E+00  0.00000E+00  0.00000E+00  0.00000E+00  0.00000E+00  0.00000E+00  0.00000E+00  0.00000E+00  0.00000E+00  0.00000E+00  0.00000E+00  0.00000E+00
  0.00000E+00  0.00000E+00  0.00000E+00  0.00000E+00  0.00000E+00  0.00000E+00  0.00000E+00  0.00000E+00  0.00000E+00  0.00000E+00  0.00000E+00  0.00000E+00  0.00000E+00  0.00000E+00  0.00000E+00  0.00000E+00  0.00000E+00  0.00000E+00  0.00000E+00  0.00000E+00  0.00000E+00  0.00000E+00  0.00000E+00  0.00000E+00  0.00000E+00  0.00000E+00  0.00000E+00  0.00000E+00  0.00000E+00  0.00000E+00  0.00000E+00  0.00000E+00  0.00000E+00  0.00000E+00  0.00000E+00  0.00000E+00  0.00000E+00  0.00000E+00  0.00000E+00  0.00000E+00  0.00000E+00  0.00000E+00  0.00000E+00  0.00000E+00  0.00000E+00  0.00000E+00  0.00000E+00  0.00000E+00  3.32954E+01  4.99155E+02  4.43616E+02  4.65859E+02  2.10687E+02  0.00000E+00  0.00000E+00  0.00000E+00  0.00000E+00  0.00000E+00  0.00000E+00  0.00000E+00  0.00000E+00  0.00000E+00  0.00000E+00  0.00000E+00  0.00000E+00  0.00000E+00  0.00000E+00  0.00000E+00  0.00000E+00  0.00000E+00  0.00000E+00  0.00000E+00  0.00000E+00
  0.00000E+00  0.00000E+00  0.00000E+00  0.00000E+00  0.00000E+00  0.00000E+00  0.00000E+00  0.00000E+00  0.00000E+00  0.00000E+00  0.00000E+00  0.00000E+00  0.00000E+00  0.00000E+00  0.00000E+00  0.00000E+00  0.00000E+00  0.00000E+00  0.00000E+00  0.00000E+00  0.00000E+00  0.00000E+00  0.00000E+00  0.00000E+00  0.00000E+00  0.00000E+00  0.00000E+00  0.00000E+00  0.00000E+00  0.00000E+00  0.00000E+00  0.00000E+00  0.00000E+00  0.00000E+00  0.00000E+00  0.00000E+00  0.00000E+00  0.00000E+00  0.00000E+00  0.00000E+00  0.00000E+00  0.00000E+00  0.00000E+00  0.00000E+00  0.00000E+00  0.00000E+00  5.43365E+02  3.54921E+02  1.66339E+02  0.00000E+00  0.00000E+00  3.32954E+01  0.00000E+00  0.00000E+00  0.00000E+00  0.00000E+00  0.00000E+00  0.00000E+00  0.00000E+00  0.00000E+00  0.00000E+00  0.00000E+00  0.00000E+00  0.00000E+00  0.00000E+00  0.00000E+00  0.00000E+00  0.00000E+00  0.00000E+00  0.00000E+00  0.00000E+00  0.00000E+00  0.00000E+00
  0.00000E+00  0.00000E+00  0.00000E+00  0.00000E+00  0.00000E+00  0.00000E+00  0.00000E+00  0.00000E+00  0.00000E+00  0.00000E+00  0.00000E+00  0.00000E+00  0.00000E+00  0.00000E+00  0.00000E+00  0.00000E+00  0.00000E+00  0.00000E+00  0.00000E+00  0.00000E+00  0.00000E+00  0.00000E+00  0.00000E+00  0.00000E+00  0.00000E+00  0.00000E+00  0.00000E+00  0.00000E+00  0.00000E+00  0.00000E+00  0.00000E+00  0.00000E+00  0.00000E+00  0.00000E+00  0.00000E+00  0.00000E+00  0.00000E+00  0.00000E+00  0.00000E+00  0.00000E+00  0.00000E+00  0.00000E+00  0.00000E+00  0.00000E+00  0.00000E+00  2.32930E+02  2.21739E+02  2.55035E+02  2.10549E+02  0.00000E+00  0.00000E+00  0.00000E+00  0.00000E+00  0.00000E+00  0.00000E+00  0.00000E+00  0.00000E+00  0.00000E+00  0.00000E+00  0.00000E+00  0.00000E+00  0.00000E+00  0.00000E+00  0.00000E+00  0.00000E+00  0.00000E+00  0.00000E+00  0.00000E+00  0.00000E+00  0.00000E+00  0.00000E+00  0.00000E+00  0.00000E+00
  0.00000E+00  0.00000E+00  0.00000E+00  0.00000E+00  0.00000E+00  0.00000E+00  0.00000E+00  0.00000E+00  0.00000E+00  0.00000E+00  0.00000E+00  0.00000E+00  0.00000E+00  0.00000E+00  0.00000E+00  0.00000E+00  0.00000E+00  0.00000E+00  0.00000E+00  0.00000E+00  0.00000E+00  0.00000E+00  0.00000E+00  0.00000E+00  0.00000E+00  0.00000E+00  0.00000E+00  0.00000E+00  0.00000E+00  0.00000E+00  0.00000E+00  0.00000E+00  0.00000E+00  0.00000E+00  0.00000E+00  0.00000E+00  0.00000E+00  0.00000E+00  0.00000E+00  0.00000E+00  0.00000E+00  0.00000E+00  0.00000E+00  0.00000E+00  0.00000E+00  3.32954E+01  0.00000E+00  0.00000E+00  0.00000E+00  0.00000E+00  0.00000E+00  0.00000E+00  0.00000E+00  0.00000E+00  0.00000E+00  0.00000E+00  0.00000E+00  0.00000E+00  0.00000E+00  0.00000E+00  0.00000E+00  0.00000E+00  0.00000E+00  0.00000E+00  0.00000E+00  0.00000E+00  0.00000E+00  0.00000E+00  0.00000E+00  0.00000E+00  0.00000E+00  0.00000E+00  0.00000E+00
  0.00000E+00  0.00000E+00  0.00000E+00  0.00000E+00  0.00000E+00  0.00000E+00  0.00000E+00  0.00000E+00  0.00000E+00  0.00000E+00  0.00000E+00  0.00000E+00  0.00000E+00  0.00000E+00  0.00000E+00  0.00000E+00  0.00000E+00  0.00000E+00  0.00000E+00  0.00000E+00  0.00000E+00  0.00000E+00  0.00000E+00  0.00000E+00  0.00000E+00  0.00000E+00  0.00000E+00  0.00000E+00  0.00000E+00  0.00000E+00  0.00000E+00  0.00000E+00  0.00000E+00  0.00000E+00  0.00000E+00  0.00000E+00  0.00000E+00  0.00000E+00  0.00000E+00  0.00000E+00  0.00000E+00  0.00000E+00  0.00000E+00  0.00000E+00  0.00000E+00  0.00000E+00  2.88330E+02  0.00000E+00  0.00000E+00  0.00000E+00  0.00000E+00  0.00000E+00  0.00000E+00  0.00000E+00  0.00000E+00  0.00000E+00  0.00000E+00  0.00000E+00  0.00000E+00  0.00000E+00  0.00000E+00  0.00000E+00  0.00000E+00  0.00000E+00  0.00000E+00  0.00000E+00  0.00000E+00  0.00000E+00  0.00000E+00  0.00000E+00  0.00000E+00  0.00000E+00  0.00000E+00
  0.00000E+00  0.00000E+00  0.00000E+00  0.00000E+00  0.00000E+00  0.00000E+00  0.00000E+00  0.00000E+00  0.00000E+00  0.00000E+00  0.00000E+00  0.00000E+00  0.00000E+00  0.00000E+00  0.00000E+00  0.00000E+00  0.00000E+00  0.00000E+00  0.00000E+00  0.00000E+00  0.00000E+00  0.00000E+00  0.00000E+00  0.00000E+00  0.00000E+00  0.00000E+00  0.00000E+00  0.00000E+00  0.00000E+00  0.00000E+00  0.00000E+00  0.00000E+00  0.00000E+00  0.00000E+00  0.00000E+00  0.00000E+00  0.00000E+00  0.00000E+00  0.00000E+00  0.00000E+00  0.00000E+00  0.00000E+00  0.00000E+00  0.00000E+00  0.00000E+00  0.00000E+00  0.00000E+00  0.00000E+00  0.00000E+00  0.00000E+00  0.00000E+00  0.00000E+00  0.00000E+00  0.00000E+00  0.00000E+00  0.00000E+00  0.00000E+00  0.00000E+00  0.00000E+00  0.00000E+00  0.00000E+00  0.00000E+00  0.00000E+00  0.00000E+00  0.00000E+00  0.00000E+00  0.00000E+00  0.00000E+00  0.00000E+00  0.00000E+00  0.00000E+00  0.00000E+00  0.00000E+00
  0.00000E+00  0.00000E+00  0.00000E+00  0.00000E+00  0.00000E+00  0.00000E+00  0.00000E+00  0.00000E+00  0.00000E+00  0.00000E+00  0.00000E+00  0.00000E+00  0.00000E+00  0.00000E+00  0.00000E+00  0.00000E+00  0.00000E+00  0.00000E+00  0.00000E+00  0.00000E+00  0.00000E+00  0.00000E+00  0.00000E+00  0.00000E+00  0.00000E+00  0.00000E+00  0.00000E+00  0.00000E+00  0.00000E+00  0.00000E+00  0.00000E+00  0.00000E+00  0.00000E+00  0.00000E+00  0.00000E+00  0.00000E+00  0.00000E+00  0.00000E+00  0.00000E+00  0.00000E+00  0.00000E+00  0.00000E+00  0.00000E+00  0.00000E+00  0.00000E+00  0.00000E+00  0.00000E+00  0.00000E+00  0.00000E+00  0.00000E+00  0.00000E+00  0.00000E+00  0.00000E+00  0.00000E+00  0.00000E+00  0.00000E+00  0.00000E+00  0.00000E+00  0.00000E+00  0.00000E+00  0.00000E+00  0.00000E+00  0.00000E+00  0.00000E+00  0.00000E+00  0.00000E+00  0.00000E+00  0.00000E+00  0.00000E+00  0.00000E+00  0.00000E+00  0.00000E+00  0.00000E+00
  0.00000E+00  0.00000E+00  0.00000E+00  0.00000E+00  0.00000E+00  0.00000E+00  0.00000E+00  0.00000E+00  0.00000E+00  0.00000E+00  0.00000E+00  0.00000E+00  0.00000E+00  0.00000E+00  0.00000E+00  0.00000E+00  0.00000E+00  0.00000E+00  0.00000E+00  0.00000E+00  0.00000E+00  0.00000E+00  0.00000E+00  0.00000E+00  0.00000E+00  0.00000E+00  0.00000E+00  0.00000E+00  0.00000E+00  0.00000E+00  0.00000E+00  0.00000E+00  0.00000E+00  0.00000E+00  0.00000E+00  0.00000E+00  0.00000E+00  0.00000E+00  0.00000E+00  0.00000E+00  0.00000E+00  0.00000E+00  0.00000E+00  0.00000E+00  0.00000E+00  0.00000E+00  0.00000E+00  0.00000E+00  0.00000E+00  0.00000E+00  0.00000E+00  3.32954E+01  1.88582E+02  3.32954E+01  0.00000E+00  0.00000E+00  0.00000E+00  0.00000E+00  0.00000E+00  0.00000E+00  0.00000E+00  0.00000E+00  0.00000E+00  0.00000E+00  0.00000E+00  0.00000E+00  0.00000E+00  0.00000E+00  0.00000E+00  0.00000E+00  0.00000E+00  0.00000E+00  0.00000E+00
  0.00000E+00  0.00000E+00  0.00000E+00  0.00000E+00  0.00000E+00  0.00000E+00  0.00000E+00  0.00000E+00  0.00000E+00  0.00000E+00  0.00000E+00  0.00000E+00  0.00000E+00  0.00000E+00  0.00000E+00  0.00000E+00  0.00000E+00  0.00000E+00  0.00000E+00  0.00000E+00  0.00000E+00  0.00000E+00  0.00000E+00  0.00000E+00  0.00000E+00  0.00000E+00  0.00000E+00  0.00000E+00  0.00000E+00  0.00000E+00  0.00000E+00  0.00000E+00  0.00000E+00  0.00000E+00  0.00000E+00  0.00000E+00  0.00000E+00  0.00000E+00  0.00000E+00  0.00000E+00  0.00000E+00  0.00000E+00  0.00000E+00  0.00000E+00  0.00000E+00  0.00000E+00  0.00000E+00  0.00000E+00  3.32954E+01  0.00000E+00  3.10435E+02  5.54279E+02  1.88582E+02  0.00000E+00  0.00000E+00  0.00000E+00  0.00000E+00  0.00000E+00  0.00000E+00  0.00000E+00  0.00000E+00  0.00000E+00  0.00000E+00  0.00000E+00  0.00000E+00  0.00000E+00  0.00000E+00  0.00000E+00  0.00000E+00  0.00000E+00  0.00000E+00  0.00000E+00  0.00000E+00
  0.00000E+00  0.00000E+00  0.00000E+00  0.00000E+00  0.00000E+00  0.00000E+00  0.00000E+00  0.00000E+00  0.00000E+00  0.00000E+00  0.00000E+00  0.00000E+00  0.00000E+00  0.00000E+00  0.00000E+00  0.00000E+00  0.00000E+00  0.00000E+00  0.00000E+00  0.00000E+00  0.00000E+00  0.00000E+00  0.00000E+00  0.00000E+00  0.00000E+00  0.00000E+00  0.00000E+00  0.00000E+00  0.00000E+00  0.00000E+00  0.00000E+00  0.00000E+00  0.00000E+00  0.00000E+00  0.00000E+00  0.00000E+00  0.00000E+00  0.00000E+00  0.00000E+00  0.00000E+00  0.00000E+00  0.00000E+00  0.00000E+00  0.00000E+00  0.00000E+00  0.00000E+00  0.00000E+00  1.10525E+01  2.65949E+02  2.43706E+02  4.98741E+02  1.88306E+02  0.00000E+00  0.00000E+00  0.00000E+00  0.00000E+00  0.00000E+00  0.00000E+00  0.00000E+00  0.00000E+00  0.00000E+00  0.00000E+00  0.00000E+00  0.00000E+00  0.00000E+00  0.00000E+00  0.00000E+00  0.00000E+00  0.00000E+00  0.00000E+00  0.00000E+00  0.00000E+00  0.00000E+00
  0.00000E+00  0.00000E+00  0.00000E+00  0.00000E+00  0.00000E+00  0.00000E+00  0.00000E+00  0.00000E+00  0.00000E+00  0.00000E+00  0.00000E+00  0.00000E+00  0.00000E+00  0.00000E+00  0.00000E+00  0.00000E+00  0.00000E+00  0.00000E+00  0.00000E+00  0.00000E+00  0.00000E+00  0.00000E+00  0.00000E+00  0.00000E+00  0.00000E+00  0.00000E+00  0.00000E+00  0.00000E+00  0.00000E+00  0.00000E+00  0.00000E+00  0.00000E+00  0.00000E+00  0.00000E+00  0.00000E+00  0.00000E+00  0.00000E+00  0.00000E+00  0.00000E+00  0.00000E+00  0.00000E+00  0.00000E+00  0.00000E+00  0.00000E+00  0.00000E+00  0.00000E+00  0.00000E+00  8.86957E+01  3.54783E+02  5.10069E+02  6.20870E+02  1.99359E+02  1.10525E+01  0.00000E+00  0.00000E+00  0.00000E+00  0.00000E+00  0.00000E+00  0.00000E+00  0.00000E+00  0.00000E+00  0.00000E+00  0.00000E+00  0.00000E+00  0.00000E+00  0.00000E+00  0.00000E+00  0.00000E+00  0.00000E+00  0.00000E+00  0.00000E+00  0.00000E+00  0.00000E+00
  0.00000E+00  0.00000E+00  0.00000E+00  0.00000E+00  0.00000E+00  0.00000E+00  0.00000E+00  0.00000E+00  0.00000E+00  0.00000E+00  0.00000E+00  0.00000E+00  0.00000E+00  0.00000E+00  0.00000E+00  0.00000E+00  0.00000E+00  0.00000E+00  0.00000E+00  0.00000E+00  0.00000E+00  0.00000E+00  0.00000E+00  0.00000E+00  0.00000E+00  0.00000E+00  0.00000E+00  0.00000E+00  0.00000E+00  0.00000E+00  0.00000E+00  0.00000E+00  0.00000E+00  0.00000E+00  0.00000E+00  0.00000E+00  0.00000E+00  0.00000E+00  0.00000E+00  0.00000E+00  0.00000E+00  0.00000E+00  0.00000E+00  0.00000E+00  0.00000E+00  0.00000E+00  0.00000E+00  0.00000E+00  2.99383E+02  4.54669E+02  2.99244E+02  3.87940E+02  7.76432E+01  0.00000E+00  0.00000E+00  0.00000E+00  0.00000E+00  0.00000E+00  0.00000E+00  0.00000E+00  0.00000E+00  0.00000E+00  0.00000E+00  0.00000E+00  0.00000E+00  0.00000E+00  0.00000E+00  0.00000E+00  0.00000E+00  0.00000E+00  0.00000E+00  0.00000E+00  0.00000E+00
  0.00000E+00  0.00000E+00  0.00000E+00  0.00000E+00  0.00000E+00  0.00000E+00  0.00000E+00  0.00000E+00  0.00000E+00  0.00000E+00  0.00000E+00  0.00000E+00  0.00000E+00  0.00000E+00  0.00000E+00  0.00000E+00  0.00000E+00  0.00000E+00  0.00000E+00  0.00000E+00  0.00000E+00  0.00000E+00  0.00000E+00  0.00000E+00  0.00000E+00  0.00000E+00  0.00000E+00  0.00000E+00  0.00000E+00  0.00000E+00  0.00000E+00  0.00000E+00  0.00000E+00  0.00000E+00  0.00000E+00  0.00000E+00  0.00000E+00  0.00000E+00  0.00000E+00  0.00000E+00  0.00000E+00  0.00000E+00  0.00000E+00  0.00000E+00  0.00000E+00  0.00000E+00  0.00000E+00  0.00000E+00  3.88078E+02  5.54279E+02  3.54507E+02  3.10297E+02  0.00000E+00  0.00000E+00  0.00000E+00  0.00000E+00  0.00000E+00  0.00000E+00  0.00000E+00  0.00000E+00  0.00000E+00  0.00000E+00  0.00000E+00  0.00000E+00  0.00000E+00  0.00000E+00  0.00000E+00  0.00000E+00  0.00000E+00  0.00000E+00  0.00000E+00  0.00000E+00  0.00000E+00
  0.00000E+00  0.00000E+00  0.00000E+00  0.00000E+00  0.00000E+00  0.00000E+00  0.00000E+00  0.00000E+00  0.00000E+00  0.00000E+00  0.00000E+00  0.00000E+00  0.00000E+00  0.00000E+00  0.00000E+00  0.00000E+00  0.00000E+00  0.00000E+00  0.00000E+00  0.00000E+00  0.00000E+00  0.00000E+00  0.00000E+00  0.00000E+00  0.00000E+00  0.00000E+00  0.00000E+00  0.00000E+00  0.00000E+00  0.00000E+00  0.00000E+00  0.00000E+00  0.00000E+00  0.00000E+00  0.00000E+00  0.00000E+00  0.00000E+00  0.00000E+00  0.00000E+00  0.00000E+00  0.00000E+00  0.00000E+00  0.00000E+00  0.00000E+00  0.00000E+00  0.00000E+00  0.00000E+00  0.00000E+00  2.10549E+02  5.98627E+02  5.09931E+02  2.21050E+01  0.00000E+00  0.00000E+00  0.00000E+00  0.00000E+00  0.00000E+00  0.00000E+00  0.00000E+00  0.00000E+00  0.00000E+00  0.00000E+00  0.00000E+00  0.00000E+00  0.00000E+00  0.00000E+00  0.00000E+00  0.00000E+00  0.00000E+00  0.00000E+00  0.00000E+00  0.00000E+00  0.00000E+00
  0.00000E+00  0.00000E+00  0.00000E+00  0.00000E+00  0.00000E+00  0.00000E+00  0.00000E+00  0.00000E+00  0.00000E+00  0.00000E+00  0.00000E+00  0.00000E+00  0.00000E+00  0.00000E+00  0.00000E+00  0.00000E+00  0.00000E+00  0.00000E+00  0.00000E+00  0.00000E+00  0.00000E+00  0.00000E+00  0.00000E+00  0.00000E+00  0.00000E+00  0.00000E+00  0.00000E+00  0.00000E+00  0.00000E+00  0.00000E+00  0.00000E+00  0.00000E+00  0.00000E+00  0.00000E+00  0.00000E+00  0.00000E+00  0.00000E+00  0.00000E+00  0.00000E+00  0.00000E+00  0.00000E+00  0.00000E+00  0.00000E+00  0.00000E+00  0.00000E+00  0.00000E+00  0.00000E+00  0.00000E+00  1.10525E+01  5.76522E+02  4.76636E+02  0.00000E+00  0.00000E+00  0.00000E+00  0.00000E+00  0.00000E+00  0.00000E+00  0.00000E+00  0.00000E+00  0.00000E+00  0.00000E+00  0.00000E+00  0.00000E+00  0.00000E+00  0.00000E+00  0.00000E+00  0.00000E+00  0.00000E+00  0.00000E+00  0.00000E+00  0.00000E+00  0.00000E+00  0.00000E+00
  0.00000E+00  0.00000E+00  0.00000E+00  0.00000E+00  0.00000E+00  0.00000E+00  0.00000E+00  0.00000E+00  0.00000E+00  0.00000E+00  0.00000E+00  0.00000E+00  0.00000E+00  0.00000E+00  0.00000E+00  0.00000E+00  0.00000E+00  0.00000E+00  0.00000E+00  0.00000E+00  0.00000E+00  0.00000E+00  0.00000E+00  0.00000E+00  0.00000E+00  0.00000E+00  0.00000E+00  0.00000E+00  0.00000E+00  0.00000E+00  0.00000E+00  0.00000E+00  0.00000E+00  0.00000E+00  0.00000E+00  0.00000E+00  0.00000E+00  0.00000E+00  0.00000E+00  0.00000E+00  0.00000E+00  0.00000E+00  0.00000E+00  0.00000E+00  0.00000E+00  0.00000E+00  0.00000E+00  0.00000E+00  0.00000E+00  1.21991E+02  1.21991E+02  0.00000E+00  0.00000E+00  0.00000E+00  0.00000E+00  0.00000E+00  0.00000E+00  0.00000E+00  0.00000E+00  0.00000E+00  0.00000E+00  0.00000E+00  0.00000E+00  0.00000E+00  0.00000E+00  0.00000E+00  0.00000E+00  0.00000E+00  0.00000E+00  0.00000E+00  0.00000E+00  0.00000E+00  0.00000E+00
  0.00000E+00  0.00000E+00  0.00000E+00  0.00000E+00  0.00000E+00  0.00000E+00  0.00000E+00  0.00000E+00  0.00000E+00  0.00000E+00  0.00000E+00  0.00000E+00  0.00000E+00  0.00000E+00  0.00000E+00  0.00000E+00  0.00000E+00  0.00000E+00  0.00000E+00  0.00000E+00  0.00000E+00  0.00000E+00  0.00000E+00  0.00000E+00  0.00000E+00  0.00000E+00  0.00000E+00  0.00000E+00  0.00000E+00  0.00000E+00  0.00000E+00  0.00000E+00  0.00000E+00  0.00000E+00  0.00000E+00  0.00000E+00  0.00000E+00  0.00000E+00  0.00000E+00  0.00000E+00  0.00000E+00  0.00000E+00  0.00000E+00  0.00000E+00  0.00000E+00  0.00000E+00  0.00000E+00  0.00000E+00  0.00000E+00  0.00000E+00  0.00000E+00  0.00000E+00  0.00000E+00  0.00000E+00  0.00000E+00  0.00000E+00  0.00000E+00  0.00000E+00  0.00000E+00  0.00000E+00  0.00000E+00  0.00000E+00  0.00000E+00  0.00000E+00  0.00000E+00  0.00000E+00  0.00000E+00  0.00000E+00  0.00000E+00  0.00000E+00  0.00000E+00  0.00000E+00  0.00000E+00
  0.00000E+00  0.00000E+00  0.00000E+00  0.00000E+00  0.00000E+00  0.00000E+00  0.00000E+00  0.00000E+00  0.00000E+00  0.00000E+00  0.00000E+00  0.00000E+00  0.00000E+00  0.00000E+00  0.00000E+00  0.00000E+00  0.00000E+00  0.00000E+00  0.00000E+00  0.00000E+00  0.00000E+00  0.00000E+00  0.00000E+00  0.00000E+00  0.00000E+00  0.00000E+00  0.00000E+00  0.00000E+00  0.00000E+00  0.00000E+00  0.00000E+00  0.00000E+00  0.00000E+00  0.00000E+00  0.00000E+00  0.00000E+00  0.00000E+00  0.00000E+00  0.00000E+00  0.00000E+00  0.00000E+00  0.00000E+00  0.00000E+00  0.00000E+00  0.00000E+00  0.00000E+00  0.00000E+00  0.00000E+00  0.00000E+00  0.00000E+00  0.00000E+00  0.00000E+00  0.00000E+00  0.00000E+00  0.00000E+00  0.00000E+00  0.00000E+00  0.00000E+00  0.00000E+00  0.00000E+00  0.00000E+00  0.00000E+00  0.00000E+00  0.00000E+00  0.00000E+00  0.00000E+00  0.00000E+00  0.00000E+00  0.00000E+00  0.00000E+00  0.00000E+00  0.00000E+00  0.00000E+00
  0.00000E+00  0.00000E+00  0.00000E+00  0.00000E+00  0.00000E+00  0.00000E+00  0.00000E+00  0.00000E+00  0.00000E+00  0.00000E+00  0.00000E+00  0.00000E+00  0.00000E+00  0.00000E+00  0.00000E+00  0.00000E+00  0.00000E+00  0.00000E+00  0.00000E+00  0.00000E+00  0.00000E+00  0.00000E+00  0.00000E+00  0.00000E+00  0.00000E+00  0.00000E+00  0.00000E+00  0.00000E+00  0.00000E+00  0.00000E+00  0.00000E+00  0.00000E+00  0.00000E+00  0.00000E+00  0.00000E+00  0.00000E+00  0.00000E+00  0.00000E+00  0.00000E+00  0.00000E+00  0.00000E+00  0.00000E+00  0.00000E+00  0.00000E+00  0.00000E+00  0.00000E+00  0.00000E+00  0.00000E+00  0.00000E+00  0.00000E+00  0.00000E+00  0.00000E+00  0.00000E+00  0.00000E+00  0.00000E+00  0.00000E+00  0.00000E+00  0.00000E+00  0.00000E+00  0.00000E+00  0.00000E+00  0.00000E+00  0.00000E+00  0.00000E+00  0.00000E+00  0.00000E+00  0.00000E+00  0.00000E+00  0.00000E+00  0.00000E+00  0.00000E+00  0.00000E+00  0.00000E+00
  0.00000E+00  0.00000E+00  0.00000E+00  0.00000E+00  0.00000E+00  0.00000E+00  0.00000E+00  0.00000E+00  0.00000E+00  0.00000E+00  0.00000E+00  0.00000E+00  0.00000E+00  0.00000E+00  0.00000E+00  0.00000E+00  0.00000E+00  0.00000E+00  0.00000E+00  0.00000E+00  0.00000E+00  0.00000E+00  0.00000E+00  0.00000E+00  0.00000E+00  0.00000E+00  0.00000E+00  0.00000E+00  0.00000E+00  0.00000E+00  0.00000E+00  0.00000E+00  0.00000E+00  0.00000E+00  0.00000E+00  0.00000E+00  0.00000E+00  0.00000E+00  0.00000E+00  0.00000E+00  0.00000E+00  0.00000E+00  0.00000E+00  0.00000E+00  0.00000E+00  0.00000E+00  0.00000E+00  0.00000E+00  0.00000E+00  0.00000E+00  0.00000E+00  0.00000E+00  0.00000E+00  0.00000E+00  0.00000E+00  0.00000E+00  0.00000E+00  0.00000E+00  0.00000E+00  0.00000E+00  0.00000E+00  0.00000E+00  0.00000E+00  0.00000E+00  0.00000E+00  0.00000E+00  0.00000E+00  0.00000E+00  0.00000E+00  0.00000E+00  0.00000E+00  0.00000E+00  0.00000E+00
  0.00000E+00  0.00000E+00  0.00000E+00  0.00000E+00  0.00000E+00  0.00000E+00  0.00000E+00  0.00000E+00  0.00000E+00  0.00000E+00  0.00000E+00  0.00000E+00  0.00000E+00  0.00000E+00  0.00000E+00  0.00000E+00  0.00000E+00  0.00000E+00  0.00000E+00  0.00000E+00  0.00000E+00  0.00000E+00  0.00000E+00  0.00000E+00  0.00000E+00  0.00000E+00  0.00000E+00  0.00000E+00  0.00000E+00  0.00000E+00  0.00000E+00  0.00000E+00  0.00000E+00  0.00000E+00  0.00000E+00  0.00000E+00  0.00000E+00  0.00000E+00  0.00000E+00  0.00000E+00  0.00000E+00  0.00000E+00  0.00000E+00  0.00000E+00  0.00000E+00  0.00000E+00  0.00000E+00  0.00000E+00  0.00000E+00  0.00000E+00  0.00000E+00  0.00000E+00  0.00000E+00  0.00000E+00  0.00000E+00  0.00000E+00  0.00000E+00  0.00000E+00  0.00000E+00  0.00000E+00  0.00000E+00  0.00000E+00  0.00000E+00  0.00000E+00  0.00000E+00  0.00000E+00  0.00000E+00  0.00000E+00  0.00000E+00  0.00000E+00  0.00000E+00  0.00000E+00  0.00000E+00
  0.00000E+00  0.00000E+00  0.00000E+00  0.00000E+00  0.00000E+00  0.00000E+00  0.00000E+00  0.00000E+00  0.00000E+00  0.00000E+00  0.00000E+00  0.00000E+00  0.00000E+00  0.00000E+00  0.00000E+00  0.00000E+00  0.00000E+00  0.00000E+00  0.00000E+00  0.00000E+00  0.00000E+00  0.00000E+00  0.00000E+00  0.00000E+00  0.00000E+00  0.00000E+00  0.00000E+00  0.00000E+00  0.00000E+00  0.00000E+00  0.00000E+00  0.00000E+00  0.00000E+00  0.00000E+00  0.00000E+00  0.00000E+00  0.00000E+00  0.00000E+00  0.00000E+00  0.00000E+00  0.00000E+00  0.00000E+00  0.00000E+00  0.00000E+00  0.00000E+00  0.00000E+00  0.00000E+00  0.00000E+00  0.00000E+00  0.00000E+00  0.00000E+00  0.00000E+00  0.00000E+00  0.00000E+00  0.00000E+00  0.00000E+00  0.00000E+00  0.00000E+00  0.00000E+00  0.00000E+00  0.00000E+00  0.00000E+00  0.00000E+00  0.00000E+00  0.00000E+00  0.00000E+00  0.00000E+00  0.00000E+00  0.00000E+00  0.00000E+00  0.00000E+00  0.00000E+00  0.00000E+00
  0.00000E+00  0.00000E+00  0.00000E+00  0.00000E+00  0.00000E+00  0.00000E+00  0.00000E+00  0.00000E+00  0.00000E+00  0.00000E+00  0.00000E+00  0.00000E+00  0.00000E+00  0.00000E+00  0.00000E+00  0.00000E+00  0.00000E+00  0.00000E+00  0.00000E+00  0.00000E+00  0.00000E+00  0.00000E+00  0.00000E+00  0.00000E+00  0.00000E+00  0.00000E+00  0.00000E+00  0.00000E+00  0.00000E+00  0.00000E+00  0.00000E+00  0.00000E+00  0.00000E+00  0.00000E+00  0.00000E+00  0.00000E+00  0.00000E+00  0.00000E+00  0.00000E+00  0.00000E+00  0.00000E+00  0.00000E+00  0.00000E+00  0.00000E+00  0.00000E+00  0.00000E+00  0.00000E+00  0.00000E+00  0.00000E+00  0.00000E+00  0.00000E+00  0.00000E+00  0.00000E+00  0.00000E+00  0.00000E+00  0.00000E+00  0.00000E+00  0.00000E+00  0.00000E+00  0.00000E+00  0.00000E+00  0.00000E+00  0.00000E+00  0.00000E+00  0.00000E+00  0.00000E+00  0.00000E+00  0.00000E+00  0.00000E+00  0.00000E+00  0.00000E+00  0.00000E+00  0.00000E+00
  0.00000E+00  0.00000E+00  0.00000E+00  0.00000E+00  0.00000E+00  0.00000E+00  0.00000E+00  0.00000E+00  0.00000E+00  0.00000E+00  0.00000E+00  0.00000E+00  0.00000E+00  0.00000E+00  0.00000E+00  0.00000E+00  0.00000E+00  0.00000E+00  0.00000E+00  0.00000E+00  0.00000E+00  0.00000E+00  0.00000E+00  0.00000E+00  0.00000E+00  0.00000E+00  0.00000E+00  0.00000E+00  0.00000E+00  0.00000E+00  0.00000E+00  0.00000E+00  0.00000E+00  0.00000E+00  0.00000E+00  0.00000E+00  0.00000E+00  0.00000E+00  0.00000E+00  0.00000E+00  0.00000E+00  0.00000E+00  0.00000E+00  0.00000E+00  0.00000E+00  0.00000E+00  0.00000E+00  0.00000E+00  0.00000E+00  0.00000E+00  0.00000E+00  0.00000E+00  0.00000E+00  0.00000E+00  0.00000E+00  0.00000E+00  0.00000E+00  0.00000E+00  0.00000E+00  0.00000E+00  0.00000E+00  0.00000E+00  0.00000E+00  0.00000E+00  0.00000E+00  0.00000E+00  0.00000E+00  0.00000E+00  0.00000E+00  0.00000E+00  0.00000E+00  0.00000E+00  0.00000E+00
  0.00000E+00  0.00000E+00  0.00000E+00  0.00000E+00  0.00000E+00  0.00000E+00  0.00000E+00  0.00000E+00  0.00000E+00  0.00000E+00  0.00000E+00  0.00000E+00  0.00000E+00  0.00000E+00  0.00000E+00  0.00000E+00  0.00000E+00  0.00000E+00  0.00000E+00  0.00000E+00  0.00000E+00  0.00000E+00  0.00000E+00  0.00000E+00  0.00000E+00  0.00000E+00  0.00000E+00  0.00000E+00  0.00000E+00  0.00000E+00  0.00000E+00  0.00000E+00  0.00000E+00  0.00000E+00  0.00000E+00  0.00000E+00  0.00000E+00  0.00000E+00  0.00000E+00  0.00000E+00  0.00000E+00  0.00000E+00  0.00000E+00  0.00000E+00  0.00000E+00  0.00000E+00  0.00000E+00  0.00000E+00  0.00000E+00  0.00000E+00  0.00000E+00  0.00000E+00  0.00000E+00  0.00000E+00  0.00000E+00  0.00000E+00  0.00000E+00  0.00000E+00  0.00000E+00  0.00000E+00  0.00000E+00  0.00000E+00  0.00000E+00  0.00000E+00  0.00000E+00  0.00000E+00  0.00000E+00  0.00000E+00  0.00000E+00  0.00000E+00  0.00000E+00  0.00000E+00  0.00000E+00
  0.00000E+00  0.00000E+00  0.00000E+00  0.00000E+00  0.00000E+00  0.00000E+00  0.00000E+00  0.00000E+00  0.00000E+00  0.00000E+00  0.00000E+00  0.00000E+00  0.00000E+00  0.00000E+00  0.00000E+00  0.00000E+00  0.00000E+00  0.00000E+00  0.00000E+00  0.00000E+00  0.00000E+00  0.00000E+00  0.00000E+00  0.00000E+00  0.00000E+00  0.00000E+00  0.00000E+00  0.00000E+00  0.00000E+00  0.00000E+00  0.00000E+00  0.00000E+00  0.00000E+00  0.00000E+00  0.00000E+00  0.00000E+00  0.00000E+00  0.00000E+00  0.00000E+00  0.00000E+00  0.00000E+00  0.00000E+00  0.00000E+00  0.00000E+00  0.00000E+00  0.00000E+00  0.00000E+00  0.00000E+00  0.00000E+00  0.00000E+00  0.00000E+00  0.00000E+00  0.00000E+00  0.00000E+00  0.00000E+00  0.00000E+00  0.00000E+00  0.00000E+00  0.00000E+00  0.00000E+00  0.00000E+00  0.00000E+00  0.00000E+00  0.00000E+00  0.00000E+00  0.00000E+00  0.00000E+00  0.00000E+00  0.00000E+00  0.00000E+00  0.00000E+00  0.00000E+00  0.00000E+00
  0.00000E+00  0.00000E+00  0.00000E+00  0.00000E+00  0.00000E+00  0.00000E+00  0.00000E+00  0.00000E+00  0.00000E+00  0.00000E+00  0.00000E+00  0.00000E+00  0.00000E+00  0.00000E+00  0.00000E+00  0.00000E+00  0.00000E+00  0.00000E+00  0.00000E+00  0.00000E+00  0.00000E+00  0.00000E+00  0.00000E+00  0.00000E+00  0.00000E+00  0.00000E+00  0.00000E+00  0.00000E+00  0.00000E+00  0.00000E+00  0.00000E+00  0.00000E+00  0.00000E+00  0.00000E+00  0.00000E+00  0.00000E+00  0.00000E+00  0.00000E+00  0.00000E+00  0.00000E+00  0.00000E+00  0.00000E+00  0.00000E+00  0.00000E+00  0.00000E+00  0.00000E+00  0.00000E+00  0.00000E+00  0.00000E+00  0.00000E+00  0.00000E+00  0.00000E+00  0.00000E+00  0.00000E+00  0.00000E+00  0.00000E+00  0.00000E+00  0.00000E+00  0.00000E+00  0.00000E+00  0.00000E+00  0.00000E+00  0.00000E+00  0.00000E+00  0.00000E+00  0.00000E+00  0.00000E+00  0.00000E+00  0.00000E+00  0.00000E+00  0.00000E+00  0.00000E+00  0.00000E+00
  0.00000E+00  0.00000E+00  0.00000E+00  0.00000E+00  0.00000E+00  0.00000E+00  0.00000E+00  0.00000E+00  0.00000E+00  0.00000E+00  0.00000E+00  0.00000E+00  0.00000E+00  0.00000E+00  0.00000E+00  0.00000E+00  0.00000E+00  0.00000E+00  0.00000E+00  0.00000E+00  0.00000E+00  0.00000E+00  0.00000E+00  0.00000E+00  0.00000E+00  0.00000E+00  0.00000E+00  0.00000E+00  0.00000E+00  0.00000E+00  0.00000E+00  0.00000E+00  0.00000E+00  0.00000E+00  0.00000E+00  0.00000E+00  0.00000E+00  0.00000E+00  0.00000E+00  0.00000E+00  0.00000E+00  0.00000E+00  0.00000E+00  0.00000E+00  0.00000E+00  0.00000E+00  0.00000E+00  0.00000E+00  0.00000E+00  0.00000E+00  0.00000E+00  0.00000E+00  0.00000E+00  0.00000E+00  0.00000E+00  0.00000E+00  0.00000E+00  0.00000E+00  0.00000E+00  0.00000E+00  0.00000E+00  0.00000E+00  0.00000E+00  0.00000E+00  0.00000E+00  0.00000E+00  0.00000E+00  0.00000E+00  0.00000E+00  0.00000E+00  0.00000E+00  0.00000E+00  0.00000E+00
  0.00000E+00  0.00000E+00  0.00000E+00  0.00000E+00  0.00000E+00  0.00000E+00  0.00000E+00  0.00000E+00  0.00000E+00  0.00000E+00  0.00000E+00  0.00000E+00  0.00000E+00  0.00000E+00  0.00000E+00  0.00000E+00  0.00000E+00  0.00000E+00  0.00000E+00  0.00000E+00  0.00000E+00  0.00000E+00  0.00000E+00  0.00000E+00  0.00000E+00  0.00000E+00  0.00000E+00  0.00000E+00  0.00000E+00  0.00000E+00  0.00000E+00  0.00000E+00  0.00000E+00  0.00000E+00  0.00000E+00  0.00000E+00  0.00000E+00  0.00000E+00  0.00000E+00  0.00000E+00  0.00000E+00  0.00000E+00  0.00000E+00  0.00000E+00  0.00000E+00  0.00000E+00  0.00000E+00  0.00000E+00  0.00000E+00  0.00000E+00  0.00000E+00  0.00000E+00  0.00000E+00  0.00000E+00  0.00000E+00  0.00000E+00  0.00000E+00  0.00000E+00  0.00000E+00  0.00000E+00  0.00000E+00  0.00000E+00  0.00000E+00  0.00000E+00  0.00000E+00  0.00000E+00  0.00000E+00  0.00000E+00  0.00000E+00  0.00000E+00  0.00000E+00  0.00000E+00  0.00000E+00
  0.00000E+00  0.00000E+00  0.00000E+00  0.00000E+00  0.00000E+00  0.00000E+00  0.00000E+00  0.00000E+00  0.00000E+00  0.00000E+00  0.00000E+00  0.00000E+00  0.00000E+00  0.00000E+00  0.00000E+00  0.00000E+00  0.00000E+00  0.00000E+00  0.00000E+00  0.00000E+00  0.00000E+00  0.00000E+00  0.00000E+00  0.00000E+00  0.00000E+00  0.00000E+00  0.00000E+00  0.00000E+00  0.00000E+00  0.00000E+00  0.00000E+00  0.00000E+00  0.00000E+00  0.00000E+00  0.00000E+00  0.00000E+00  0.00000E+00  0.00000E+00  0.00000E+00  0.00000E+00  0.00000E+00  0.00000E+00  0.00000E+00  0.00000E+00  0.00000E+00  0.00000E+00  0.00000E+00  0.00000E+00  0.00000E+00  0.00000E+00  0.00000E+00  0.00000E+00  0.00000E+00  0.00000E+00  0.00000E+00  0.00000E+00  0.00000E+00  0.00000E+00  0.00000E+00  0.00000E+00  0.00000E+00  0.00000E+00  0.00000E+00  0.00000E+00  0.00000E+00  0.00000E+00  0.00000E+00  0.00000E+00  0.00000E+00  0.00000E+00  0.00000E+00  0.00000E+00  0.00000E+00
  0.00000E+00  0.00000E+00  0.00000E+00  0.00000E+00  0.00000E+00  0.00000E+00  0.00000E+00  0.00000E+00  0.00000E+00  0.00000E+00  0.00000E+00  0.00000E+00  0.00000E+00  0.00000E+00  0.00000E+00  0.00000E+00  0.00000E+00  0.00000E+00  0.00000E+00  0.00000E+00  0.00000E+00  0.00000E+00  0.00000E+00  0.00000E+00  0.00000E+00  0.00000E+00  0.00000E+00  0.00000E+00  0.00000E+00  0.00000E+00  0.00000E+00  0.00000E+00  0.00000E+00  0.00000E+00  0.00000E+00  0.00000E+00  0.00000E+00  0.00000E+00  0.00000E+00  0.00000E+00  0.00000E+00  0.00000E+00  0.00000E+00  0.00000E+00  0.00000E+00  0.00000E+00  0.00000E+00  0.00000E+00  0.00000E+00  0.00000E+00  0.00000E+00  0.00000E+00  0.00000E+00  0.00000E+00  0.00000E+00  0.00000E+00  0.00000E+00  0.00000E+00  0.00000E+00  0.00000E+00  0.00000E+00  0.00000E+00  0.00000E+00  0.00000E+00  0.00000E+00  0.00000E+00  0.00000E+00  0.00000E+00  0.00000E+00  0.00000E+00  0.00000E+00  0.00000E+00  0.00000E+00
  0.00000E+00  0.00000E+00  0.00000E+00  0.00000E+00  0.00000E+00  0.00000E+00  0.00000E+00  0.00000E+00  0.00000E+00  0.00000E+00  0.00000E+00  0.00000E+00  0.00000E+00  0.00000E+00  0.00000E+00  0.00000E+00  0.00000E+00  0.00000E+00  0.00000E+00  0.00000E+00  0.00000E+00  0.00000E+00  0.00000E+00  0.00000E+00  0.00000E+00  0.00000E+00  0.00000E+00  0.00000E+00  0.00000E+00  0.00000E+00  0.00000E+00  0.00000E+00  0.00000E+00  0.00000E+00  0.00000E+00  0.00000E+00  0.00000E+00  0.00000E+00  0.00000E+00  0.00000E+00  0.00000E+00  0.00000E+00  0.00000E+00  0.00000E+00  0.00000E+00  0.00000E+00  0.00000E+00  0.00000E+00  0.00000E+00  0.00000E+00  0.00000E+00  0.00000E+00  0.00000E+00  0.00000E+00  0.00000E+00  0.00000E+00  0.00000E+00  0.00000E+00  0.00000E+00  0.00000E+00  0.00000E+00  0.00000E+00  0.00000E+00  0.00000E+00  0.00000E+00  0.00000E+00  0.00000E+00  0.00000E+00  0.00000E+00  0.00000E+00  0.00000E+00  0.00000E+00  0.00000E+00
  0.00000E+00  0.00000E+00  0.00000E+00  0.00000E+00  0.00000E+00  0.00000E+00  0.00000E+00  0.00000E+00  0.00000E+00  0.00000E+00  0.00000E+00  0.00000E+00  0.00000E+00  0.00000E+00  0.00000E+00  0.00000E+00  0.00000E+00  0.00000E+00  0.00000E+00  0.00000E+00  0.00000E+00  0.00000E+00  0.00000E+00  0.00000E+00  0.00000E+00  0.00000E+00  0.00000E+00  0.00000E+00  0.00000E+00  0.00000E+00  0.00000E+00  0.00000E+00  0.00000E+00  0.00000E+00  0.00000E+00  0.00000E+00  0.00000E+00  0.00000E+00  0.00000E+00  0.00000E+00  0.00000E+00  0.00000E+00  0.00000E+00  0.00000E+00  0.00000E+00  0.00000E+00  0.00000E+00  0.00000E+00  0.00000E+00  0.00000E+00  0.00000E+00  0.00000E+00  0.00000E+00  0.00000E+00  0.00000E+00  0.00000E+00  0.00000E+00  0.00000E+00  0.00000E+00  0.00000E+00  0.00000E+00  0.00000E+00  0.00000E+00  0.00000E+00  0.00000E+00  0.00000E+00  0.00000E+00  0.00000E+00  0.00000E+00  0.00000E+00  0.00000E+00  0.00000E+00  0.00000E+00
  0.00000E+00  0.00000E+00  0.00000E+00  0.00000E+00  0.00000E+00  0.00000E+00  0.00000E+00  0.00000E+00  0.00000E+00  0.00000E+00  0.00000E+00  0.00000E+00  0.00000E+00  0.00000E+00  0.00000E+00  0.00000E+00  0.00000E+00  0.00000E+00  0.00000E+00  0.00000E+00  0.00000E+00  0.00000E+00  0.00000E+00  0.00000E+00  0.00000E+00  0.00000E+00  0.00000E+00  0.00000E+00  0.00000E+00  0.00000E+00  0.00000E+00  0.00000E+00  0.00000E+00  0.00000E+00  0.00000E+00  0.00000E+00  0.00000E+00  0.00000E+00  0.00000E+00  0.00000E+00  0.00000E+00  0.00000E+00  0.00000E+00  0.00000E+00  0.00000E+00  0.00000E+00  0.00000E+00  0.00000E+00  0.00000E+00  0.00000E+00  0.00000E+00  0.00000E+00  0.00000E+00  0.00000E+00  0.00000E+00  0.00000E+00  0.00000E+00  0.00000E+00  0.00000E+00  0.00000E+00  0.00000E+00  0.00000E+00  0.00000E+00  0.00000E+00  0.00000E+00  0.00000E+00  0.00000E+00  0.00000E+00  0.00000E+00  0.00000E+00  0.00000E+00  0.00000E+00  0.00000E+00
  0.00000E+00  0.00000E+00  0.00000E+00  0.00000E+00  0.00000E+00  0.00000E+00  0.00000E+00  0.00000E+00  0.00000E+00  0.00000E+00  0.00000E+00  0.00000E+00  0.00000E+00  0.00000E+00  0.00000E+00  0.00000E+00  0.00000E+00  0.00000E+00  0.00000E+00  0.00000E+00  0.00000E+00  0.00000E+00  0.00000E+00  0.00000E+00  0.00000E+00  0.00000E+00  0.00000E+00  0.00000E+00  0.00000E+00  0.00000E+00  0.00000E+00  0.00000E+00  0.00000E+00  0.00000E+00  0.00000E+00  0.00000E+00  0.00000E+00  0.00000E+00  0.00000E+00  0.00000E+00  0.00000E+00  0.00000E+00  0.00000E+00  0.00000E+00  0.00000E+00  0.00000E+00  0.00000E+00  0.00000E+00  0.00000E+00  0.00000E+00  0.00000E+00  0.00000E+00  0.00000E+00  0.00000E+00  0.00000E+00  0.00000E+00  0.00000E+00  0.00000E+00  0.00000E+00  0.00000E+00  0.00000E+00  0.00000E+00  0.00000E+00  0.00000E+00  0.00000E+00  0.00000E+00  0.00000E+00  0.00000E+00  0.00000E+00  0.00000E+00  0.00000E+00  0.00000E+00  0.00000E+00
  0.00000E+00  0.00000E+00  0.00000E+00  0.00000E+00  0.00000E+00  0.00000E+00  0.00000E+00  0.00000E+00  0.00000E+00  0.00000E+00  0.00000E+00  0.00000E+00  0.00000E+00  0.00000E+00  0.00000E+00  0.00000E+00  0.00000E+00  0.00000E+00  0.00000E+00  0.00000E+00  0.00000E+00  0.00000E+00  0.00000E+00  0.00000E+00  0.00000E+00  0.00000E+00  0.00000E+00  0.00000E+00  0.00000E+00  0.00000E+00  0.00000E+00  0.00000E+00  0.00000E+00  0.00000E+00  0.00000E+00  0.00000E+00  0.00000E+00  0.00000E+00  0.00000E+00  0.00000E+00  0.00000E+00  0.00000E+00  0.00000E+00  0.00000E+00  0.00000E+00  0.00000E+00  0.00000E+00  0.00000E+00  0.00000E+00  0.00000E+00  0.00000E+00  0.00000E+00  0.00000E+00  0.00000E+00  0.00000E+00  0.00000E+00  0.00000E+00  0.00000E+00  0.00000E+00  0.00000E+00  0.00000E+00  0.00000E+00  0.00000E+00  0.00000E+00  0.00000E+00  0.00000E+00  0.00000E+00  0.00000E+00  0.00000E+00  0.00000E+00  0.00000E+00  0.00000E+00  0.00000E+00
  0.00000E+00  0.00000E+00  0.00000E+00  0.00000E+00  0.00000E+00  0.00000E+00  0.00000E+00  0.00000E+00  0.00000E+00  0.00000E+00  0.00000E+00  0.00000E+00  0.00000E+00  0.00000E+00  0.00000E+00  0.00000E+00  0.00000E+00  0.00000E+00  0.00000E+00  0.00000E+00  0.00000E+00  0.00000E+00  0.00000E+00  0.00000E+00  0.00000E+00  0.00000E+00  0.00000E+00  0.00000E+00  0.00000E+00  0.00000E+00  0.00000E+00  0.00000E+00  0.00000E+00  0.00000E+00  0.00000E+00  0.00000E+00  0.00000E+00  0.00000E+00  0.00000E+00  0.00000E+00  0.00000E+00  0.00000E+00  0.00000E+00  0.00000E+00  0.00000E+00  0.00000E+00  0.00000E+00  0.00000E+00  0.00000E+00  0.00000E+00  0.00000E+00  0.00000E+00  0.00000E+00  0.00000E+00  0.00000E+00  0.00000E+00  0.00000E+00  0.00000E+00  0.00000E+00  0.00000E+00  0.00000E+00  0.00000E+00  0.00000E+00  0.00000E+00  0.00000E+00  0.00000E+00  0.00000E+00  0.00000E+00  0.00000E+00  0.00000E+00  0.00000E+00  0.00000E+00  0.00000E+00
  0.00000E+00  0.00000E+00  0.00000E+00  0.00000E+00  0.00000E+00  0.00000E+00  0.00000E+00  0.00000E+00  0.00000E+00  0.00000E+00  0.00000E+00  0.00000E+00  0.00000E+00  0.00000E+00  0.00000E+00  0.00000E+00  0.00000E+00  0.00000E+00  0.00000E+00  0.00000E+00  0.00000E+00  0.00000E+00  0.00000E+00  0.00000E+00  0.00000E+00  0.00000E+00  0.00000E+00  0.00000E+00  0.00000E+00  0.00000E+00  0.00000E+00  0.00000E+00  0.00000E+00  0.00000E+00  0.00000E+00  0.00000E+00  0.00000E+00  0.00000E+00  0.00000E+00  0.00000E+00  0.00000E+00  0.00000E+00  0.00000E+00  0.00000E+00  0.00000E+00  0.00000E+00  0.00000E+00  0.00000E+00  0.00000E+00  0.00000E+00  0.00000E+00  0.00000E+00  0.00000E+00  0.00000E+00  0.00000E+00  0.00000E+00  0.00000E+00  0.00000E+00  0.00000E+00  0.00000E+00  0.00000E+00  0.00000E+00  0.00000E+00  0.00000E+00  0.00000E+00  0.00000E+00  0.00000E+00  0.00000E+00  0.00000E+00  0.00000E+00  0.00000E+00  0.00000E+00  0.00000E+00
  0.00000E+00  0.00000E+00  0.00000E+00  0.00000E+00  0.00000E+00  0.00000E+00  0.00000E+00  0.00000E+00  0.00000E+00  0.00000E+00  0.00000E+00  0.00000E+00  0.00000E+00  0.00000E+00  0.00000E+00  0.00000E+00  0.00000E+00  0.00000E+00  0.00000E+00  0.00000E+00  0.00000E+00  0.00000E+00  0.00000E+00  0.00000E+00  0.00000E+00  0.00000E+00  0.00000E+00  0.00000E+00  0.00000E+00  0.00000E+00  0.00000E+00  0.00000E+00  0.00000E+00  0.00000E+00  0.00000E+00  0.00000E+00  0.00000E+00  0.00000E+00  0.00000E+00  0.00000E+00  0.00000E+00  0.00000E+00  0.00000E+00  0.00000E+00  0.00000E+00  0.00000E+00  0.00000E+00  0.00000E+00  0.00000E+00  0.00000E+00  0.00000E+00  0.00000E+00  0.00000E+00  0.00000E+00  0.00000E+00  0.00000E+00  0.00000E+00  0.00000E+00  0.00000E+00  0.00000E+00  0.00000E+00  0.00000E+00  0.00000E+00  0.00000E+00  0.00000E+00  0.00000E+00  0.00000E+00  0.00000E+00  0.00000E+00  0.00000E+00  0.00000E+00  0.00000E+00  0.00000E+00
  0.00000E+00  0.00000E+00  0.00000E+00  0.00000E+00  0.00000E+00  0.00000E+00  0.00000E+00  0.00000E+00  0.00000E+00  0.00000E+00  0.00000E+00  0.00000E+00  0.00000E+00  0.00000E+00  0.00000E+00  0.00000E+00  0.00000E+00  0.00000E+00  0.00000E+00  0.00000E+00  0.00000E+00  0.00000E+00  0.00000E+00  0.00000E+00  0.00000E+00  0.00000E+00  0.00000E+00  0.00000E+00  0.00000E+00  0.00000E+00  0.00000E+00  0.00000E+00  0.00000E+00  0.00000E+00  0.00000E+00  0.00000E+00  0.00000E+00  0.00000E+00  0.00000E+00  0.00000E+00  0.00000E+00  0.00000E+00  0.00000E+00  0.00000E+00  0.00000E+00  0.00000E+00  0.00000E+00  0.00000E+00  0.00000E+00  0.00000E+00  0.00000E+00  0.00000E+00  0.00000E+00  0.00000E+00  0.00000E+00  0.00000E+00  0.00000E+00  0.00000E+00  0.00000E+00  0.00000E+00  0.00000E+00  0.00000E+00  0.00000E+00  0.00000E+00  0.00000E+00  0.00000E+00  0.00000E+00  0.00000E+00  0.00000E+00  0.00000E+00  0.00000E+00  0.00000E+00  0.00000E+00
  0.00000E+00  0.00000E+00  0.00000E+00  0.00000E+00  0.00000E+00  0.00000E+00  0.00000E+00  0.00000E+00  0.00000E+00  0.00000E+00  0.00000E+00  0.00000E+00  0.00000E+00  0.00000E+00  0.00000E+00  0.00000E+00  0.00000E+00  0.00000E+00  0.00000E+00  0.00000E+00  0.00000E+00  0.00000E+00  0.00000E+00  0.00000E+00  0.00000E+00  0.00000E+00  0.00000E+00  0.00000E+00  0.00000E+00  0.00000E+00  0.00000E+00  0.00000E+00  0.00000E+00  0.00000E+00  0.00000E+00  0.00000E+00  0.00000E+00  0.00000E+00  0.00000E+00  0.00000E+00  0.00000E+00  0.00000E+00  0.00000E+00  0.00000E+00  0.00000E+00  0.00000E+00  0.00000E+00  0.00000E+00  0.00000E+00  0.00000E+00  0.00000E+00  0.00000E+00  0.00000E+00  0.00000E+00  0.00000E+00  0.00000E+00  0.00000E+00  0.00000E+00  0.00000E+00  0.00000E+00  0.00000E+00  0.00000E+00  0.00000E+00  0.00000E+00  0.00000E+00  0.00000E+00  0.00000E+00  0.00000E+00  0.00000E+00  0.00000E+00  0.00000E+00  0.00000E+00  0.00000E+00
  0.00000E+00  0.00000E+00  0.00000E+00  0.00000E+00  0.00000E+00  0.00000E+00  0.00000E+00  0.00000E+00  0.00000E+00  0.00000E+00  0.00000E+00  0.00000E+00  0.00000E+00  0.00000E+00  0.00000E+00  0.00000E+00  0.00000E+00  0.00000E+00  0.00000E+00  0.00000E+00  0.00000E+00  0.00000E+00  0.00000E+00  0.00000E+00  0.00000E+00  0.00000E+00  0.00000E+00  0.00000E+00  0.00000E+00  0.00000E+00  0.00000E+00  0.00000E+00  0.00000E+00  0.00000E+00  0.00000E+00  0.00000E+00  0.00000E+00  0.00000E+00  0.00000E+00  0.00000E+00  0.00000E+00  0.00000E+00  0.00000E+00  0.00000E+00  0.00000E+00  0.00000E+00  0.00000E+00  0.00000E+00  0.00000E+00  0.00000E+00  0.00000E+00  0.00000E+00  0.00000E+00  0.00000E+00  0.00000E+00  0.00000E+00  0.00000E+00  0.00000E+00  0.00000E+00  0.00000E+00  0.00000E+00  0.00000E+00  0.00000E+00  0.00000E+00  0.00000E+00  0.00000E+00  0.00000E+00  0.00000E+00  0.00000E+00  0.00000E+00  0.00000E+00  0.00000E+00  0.00000E+00
  0.00000E+00  0.00000E+00  0.00000E+00  0.00000E+00  0.00000E+00  0.00000E+00  0.00000E+00  0.00000E+00  0.00000E+00  0.00000E+00  0.00000E+00  0.00000E+00  0.00000E+00  0.00000E+00  0.00000E+00  0.00000E+00  0.00000E+00  0.00000E+00  0.00000E+00  0.00000E+00  0.00000E+00  0.00000E+00  0.00000E+00  0.00000E+00  0.00000E+00  0.00000E+00  0.00000E+00  0.00000E+00  0.00000E+00  0.00000E+00  0.00000E+00  0.00000E+00  0.00000E+00  0.00000E+00  0.00000E+00  0.00000E+00  0.00000E+00  0.00000E+00  0.00000E+00  0.00000E+00  0.00000E+00  0.00000E+00  0.00000E+00  0.00000E+00  0.00000E+00  0.00000E+00  0.00000E+00  0.00000E+00  0.00000E+00  0.00000E+00  0.00000E+00  0.00000E+00  0.00000E+00  0.00000E+00  0.00000E+00  0.00000E+00  0.00000E+00  0.00000E+00  0.00000E+00  0.00000E+00  0.00000E+00  0.00000E+00  0.00000E+00  0.00000E+00  0.00000E+00  0.00000E+00  0.00000E+00  0.00000E+00  0.00000E+00  0.00000E+00  0.00000E+00  0.00000E+00  0.00000E+00
  0.00000E+00  0.00000E+00  0.00000E+00  0.00000E+00  0.00000E+00  0.00000E+00  0.00000E+00  0.00000E+00  0.00000E+00  0.00000E+00  0.00000E+00  0.00000E+00  0.00000E+00  0.00000E+00  0.00000E+00  0.00000E+00  0.00000E+00  0.00000E+00  0.00000E+00  0.00000E+00  0.00000E+00  0.00000E+00  0.00000E+00  0.00000E+00  0.00000E+00  0.00000E+00  0.00000E+00  0.00000E+00  0.00000E+00  0.00000E+00  0.00000E+00  0.00000E+00  0.00000E+00  0.00000E+00  0.00000E+00  0.00000E+00  0.00000E+00  0.00000E+00  0.00000E+00  0.00000E+00  0.00000E+00  0.00000E+00  0.00000E+00  0.00000E+00  0.00000E+00  0.00000E+00  0.00000E+00  0.00000E+00  0.00000E+00  0.00000E+00  0.00000E+00  0.00000E+00  0.00000E+00  0.00000E+00  0.00000E+00  0.00000E+00  0.00000E+00  0.00000E+00  0.00000E+00  0.00000E+00  0.00000E+00  0.00000E+00  0.00000E+00  0.00000E+00  0.00000E+00  0.00000E+00  0.00000E+00  0.00000E+00  0.00000E+00  0.00000E+00  0.00000E+00  0.00000E+00  0.00000E+00
  0.00000E+00  0.00000E+00  0.00000E+00  0.00000E+00  0.00000E+00  0.00000E+00  0.00000E+00  0.00000E+00  0.00000E+00  0.00000E+00  0.00000E+00  0.00000E+00  0.00000E+00  0.00000E+00  0.00000E+00  0.00000E+00  0.00000E+00  0.00000E+00  0.00000E+00  0.00000E+00  0.00000E+00  0.00000E+00  0.00000E+00  0.00000E+00  0.00000E+00  0.00000E+00  0.00000E+00  0.00000E+00  0.00000E+00  0.00000E+00  0.00000E+00  0.00000E+00  0.00000E+00  0.00000E+00  0.00000E+00  0.00000E+00  0.00000E+00  0.00000E+00  0.00000E+00  0.00000E+00  0.00000E+00  0.00000E+00  0.00000E+00  0.00000E+00  0.00000E+00  0.00000E+00  0.00000E+00  0.00000E+00  0.00000E+00  0.00000E+00  0.00000E+00  0.00000E+00  0.00000E+00  0.00000E+00  0.00000E+00  0.00000E+00  0.00000E+00  0.00000E+00  0.00000E+00  0.00000E+00  0.00000E+00  0.00000E+00  0.00000E+00  0.00000E+00  0.00000E+00  0.00000E+00  0.00000E+00  0.00000E+00  0.00000E+00  0.00000E+00  0.00000E+00  0.00000E+00  0.00000E+00
 
 year:        2007
  0.00000E+00  0.00000E+00  0.00000E+00  1.39629E+03  3.20397E+03  1.33930E+03  2.33712E+03  7.29632E+02  0.00000E+00  0.00000E+00  0.00000E+00  0.00000E+00  0.00000E+00  0.00000E+00  0.00000E+00  0.00000E+00  0.00000E+00  0.00000E+00  0.00000E+00  0.00000E+00  0.00000E+00  0.00000E+00  0.00000E+00  0.00000E+00  0.00000E+00  0.00000E+00  0.00000E+00  0.00000E+00  0.00000E+00  0.00000E+00  0.00000E+00  0.00000E+00  0.00000E+00  0.00000E+00  0.00000E+00  0.00000E+00  0.00000E+00  0.00000E+00  0.00000E+00  0.00000E+00  0.00000E+00  0.00000E+00  0.00000E+00  0.00000E+00  0.00000E+00  0.00000E+00  0.00000E+00  0.00000E+00  0.00000E+00  0.00000E+00  0.00000E+00  0.00000E+00  0.00000E+00  0.00000E+00  0.00000E+00  0.00000E+00  0.00000E+00  0.00000E+00  0.00000E+00  0.00000E+00  0.00000E+00  0.00000E+00  0.00000E+00  0.00000E+00  0.00000E+00  0.00000E+00  0.00000E+00  0.00000E+00  0.00000E+00  0.00000E+00  0.00000E+00  0.00000E+00  0.00000E+00
  0.00000E+00  3.14115E+03  3.73841E+03  5.82581E+03  6.37821E+03  5.99539E+03  2.53096E+03  2.81162E+03  8.59422E+02  0.00000E+00  0.00000E+00  0.00000E+00  0.00000E+00  0.00000E+00  0.00000E+00  0.00000E+00  0.00000E+00  0.00000E+00  0.00000E+00  0.00000E+00  0.00000E+00  0.00000E+00  0.00000E+00  0.00000E+00  0.00000E+00  0.00000E+00  0.00000E+00  0.00000E+00  0.00000E+00  0.00000E+00  0.00000E+00  0.00000E+00  0.00000E+00  0.00000E+00  0.00000E+00  0.00000E+00  0.00000E+00  0.00000E+00  0.00000E+00  0.00000E+00  0.00000E+00  0.00000E+00  0.00000E+00  0.00000E+00  0.00000E+00  0.00000E+00  0.00000E+00  0.00000E+00  0.00000E+00  0.00000E+00  0.00000E+00  0.00000E+00  0.00000E+00  0.00000E+00  0.00000E+00  0.00000E+00  0.00000E+00  0.00000E+00  0.00000E+00  0.00000E+00  0.00000E+00  0.00000E+00  0.00000E+00  0.00000E+00  0.00000E+00  0.00000E+00  0.00000E+00  0.00000E+00  0.00000E+00  0.00000E+00  0.00000E+00  0.00000E+00  0.00000E+00
  3.66224E+03  3.84220E+03  6.34391E+03  6.95957E+03  5.00662E+03  8.60019E+03  2.74744E+03  2.89464E+03  6.71667E+03  5.55743E+03  0.00000E+00  0.00000E+00  0.00000E+00  0.00000E+00  0.00000E+00  0.00000E+00  0.00000E+00  0.00000E+00  0.00000E+00  0.00000E+00  0.00000E+00  0.00000E+00  0.00000E+00  0.00000E+00  0.00000E+00  0.00000E+00  0.00000E+00  0.00000E+00  0.00000E+00  0.00000E+00  0.00000E+00  0.00000E+00  0.00000E+00  0.00000E+00  0.00000E+00  0.00000E+00  0.00000E+00  0.00000E+00  0.00000E+00  0.00000E+00  0.00000E+00  0.00000E+00  0.00000E+00  0.00000E+00  0.00000E+00  0.00000E+00  0.00000E+00  0.00000E+00  0.00000E+00  0.00000E+00  0.00000E+00  0.00000E+00  0.00000E+00  0.00000E+00  0.00000E+00  0.00000E+00  0.00000E+00  0.00000E+00  0.00000E+00  0.00000E+00  0.00000E+00  0.00000E+00  0.00000E+00  0.00000E+00  0.00000E+00  0.00000E+00  0.00000E+00  0.00000E+00  0.00000E+00  0.00000E+00  0.00000E+00  0.00000E+00  0.00000E+00
  2.95145E+03  5.17037E+03  2.41136E+03  2.47950E+03  4.65645E+03  6.27394E+03  1.90573E+03  3.49215E+03  8.80782E+03  5.81739E+03  2.01431E+03  6.01989E+02  2.35246E+03  0.00000E+00  0.00000E+00  0.00000E+00  0.00000E+00  0.00000E+00  0.00000E+00  0.00000E+00  0.00000E+00  0.00000E+00  0.00000E+00  0.00000E+00  0.00000E+00  0.00000E+00  0.00000E+00  0.00000E+00  0.00000E+00  0.00000E+00  0.00000E+00  0.00000E+00  0.00000E+00  0.00000E+00  0.00000E+00  0.00000E+00  0.00000E+00  0.00000E+00  0.00000E+00  0.00000E+00  0.00000E+00  0.00000E+00  0.00000E+00  0.00000E+00  0.00000E+00  0.00000E+00  0.00000E+00  0.00000E+00  0.00000E+00  0.00000E+00  0.00000E+00  0.00000E+00  0.00000E+00  0.00000E+00  0.00000E+00  0.00000E+00  0.00000E+00  0.00000E+00  0.00000E+00  0.00000E+00  0.00000E+00  0.00000E+00  0.00000E+00  0.00000E+00  0.00000E+00  0.00000E+00  0.00000E+00  0.00000E+00  0.00000E+00  0.00000E+00  0.00000E+00  0.00000E+00  0.00000E+00
  7.55581E+02  5.50271E+03  5.72281E+03  3.08108E+03  3.08778E+03  3.02791E+03  4.75574E+03  1.33202E+03  5.17735E+03  6.77258E+03  5.98869E+03  5.14697E+03  5.36517E+03  4.38089E+03  3.12991E+03  5.02889E+03  3.66851E+03  2.05131E+03  2.49256E+03  3.49724E+02  0.00000E+00  0.00000E+00  0.00000E+00  0.00000E+00  0.00000E+00  0.00000E+00  0.00000E+00  0.00000E+00  0.00000E+00  0.00000E+00  0.00000E+00  0.00000E+00  0.00000E+00  0.00000E+00  0.00000E+00  0.00000E+00  0.00000E+00  0.00000E+00  0.00000E+00  0.00000E+00  0.00000E+00  0.00000E+00  0.00000E+00  0.00000E+00  0.00000E+00  0.00000E+00  0.00000E+00  0.00000E+00  0.00000E+00  0.00000E+00  0.00000E+00  0.00000E+00  0.00000E+00  0.00000E+00  0.00000E+00  0.00000E+00  0.00000E+00  0.00000E+00  0.00000E+00  0.00000E+00  0.00000E+00  0.00000E+00  0.00000E+00  0.00000E+00  0.00000E+00  0.00000E+00  0.00000E+00  0.00000E+00  0.00000E+00  0.00000E+00  0.00000E+00  0.00000E+00  0.00000E+00
  0.00000E+00  0.00000E+00  3.50897E+03  2.47765E+03  1.82286E+03  4.56167E+03  5.34402E+03  1.58532E+03  4.52110E+03  5.12568E+03  5.95245E+03  4.15766E+03  5.91747E+03  6.43161E+03  3.77481E+03  6.98305E+03  6.84844E+03  3.96413E+03  4.73855E+03  4.25733E+03  1.29854E+03  0.00000E+00  0.00000E+00  0.00000E+00  0.00000E+00  0.00000E+00  0.00000E+00  0.00000E+00  0.00000E+00  0.00000E+00  0.00000E+00  0.00000E+00  0.00000E+00  0.00000E+00  0.00000E+00  0.00000E+00  0.00000E+00  0.00000E+00  0.00000E+00  0.00000E+00  0.00000E+00  0.00000E+00  0.00000E+00  0.00000E+00  0.00000E+00  0.00000E+00  0.00000E+00  0.00000E+00  0.00000E+00  0.00000E+00  0.00000E+00  0.00000E+00  0.00000E+00  0.00000E+00  0.00000E+00  0.00000E+00  0.00000E+00  0.00000E+00  0.00000E+00  0.00000E+00  0.00000E+00  0.00000E+00  0.00000E+00  0.00000E+00  0.00000E+00  0.00000E+00  0.00000E+00  0.00000E+00  0.00000E+00  0.00000E+00  0.00000E+00  0.00000E+00  0.00000E+00
  0.00000E+00  0.00000E+00  1.79172E+03  5.15376E+03  4.93525E+03  2.24748E+03  5.24318E+03  2.02039E+03  5.57892E+03  6.93686E+03  3.95356E+03  4.65185E+03  6.61555E+03  5.27018E+03  4.67877E+03  4.16503E+03  6.73248E+03  5.59364E+03  6.23236E+03  9.67431E+03  7.76856E+03  2.20644E+03  0.00000E+00  0.00000E+00  0.00000E+00  0.00000E+00  0.00000E+00  0.00000E+00  0.00000E+00  0.00000E+00  0.00000E+00  0.00000E+00  0.00000E+00  0.00000E+00  0.00000E+00  0.00000E+00  0.00000E+00  0.00000E+00  0.00000E+00  1.69404E+02  1.60148E+02  0.00000E+00  0.00000E+00  0.00000E+00  3.17870E+01  0.00000E+00  0.00000E+00  0.00000E+00  0.00000E+00  0.00000E+00  9.15948E+01  4.57974E+01  0.00000E+00  0.00000E+00  0.00000E+00  0.00000E+00  0.00000E+00  0.00000E+00  0.00000E+00  0.00000E+00  0.00000E+00  0.00000E+00  0.00000E+00  0.00000E+00  0.00000E+00  0.00000E+00  0.00000E+00  0.00000E+00  0.00000E+00  0.00000E+00  0.00000E+00  0.00000E+00  0.00000E+00
  0.00000E+00  0.00000E+00  7.40827E+02  3.21746E+03  3.65611E+03  1.54329E+03  4.02696E+03  2.51591E+03  4.25462E+03  5.68886E+03  7.08505E+03  3.33870E+03  5.31983E+03  4.31364E+03  4.21578E+03  5.53019E+03  6.71898E+03  5.24412E+03  4.49794E+03  6.58725E+03  7.77901E+03  3.42299E+03  0.00000E+00  0.00000E+00  0.00000E+00  0.00000E+00  0.00000E+00  0.00000E+00  0.00000E+00  0.00000E+00  0.00000E+00  0.00000E+00  0.00000E+00  0.00000E+00  0.00000E+00  0.00000E+00  0.00000E+00  0.00000E+00  1.24351E+01  7.55858E+02  3.97881E+02  3.17870E+01  6.35739E+01  2.54726E+02  6.35739E+01  6.98629E+02  2.94806E+02  0.00000E+00  0.00000E+00  8.52985E+02  3.36092E+03  1.69483E+03  0.00000E+00  0.00000E+00  0.00000E+00  0.00000E+00  0.00000E+00  0.00000E+00  0.00000E+00  0.00000E+00  0.00000E+00  0.00000E+00  0.00000E+00  0.00000E+00  0.00000E+00  0.00000E+00  0.00000E+00  0.00000E+00  0.00000E+00  0.00000E+00  0.00000E+00  0.00000E+00  0.00000E+00
  0.00000E+00  0.00000E+00  0.00000E+00  1.72407E+02  1.67113E+03  2.35707E+03  3.85320E+03  3.40376E+03  3.36310E+03  5.86662E+03  3.08634E+03  3.65076E+03  4.19863E+03  5.11480E+03  6.06574E+03  7.46392E+03  6.61451E+03  5.69546E+03  5.92901E+03  6.68263E+03  4.33053E+03  5.79597E+03  0.00000E+00  0.00000E+00  0.00000E+00  0.00000E+00  0.00000E+00  0.00000E+00  0.00000E+00  0.00000E+00  1.03178E+03  4.57187E+02  0.00000E+00  1.92809E+02  2.35376E+02  1.03793E+03  1.35176E+03  2.05084E+03  2.45283E+03  1.42844E+03  2.22939E+02  2.54940E+02  1.27363E+02  2.54940E+02  8.53752E+02  2.92982E+03  2.65882E+03  0.00000E+00  2.56571E+03  4.99672E+03  4.67689E+03  1.07477E+03  7.33488E+02  0.00000E+00  0.00000E+00  0.00000E+00  0.00000E+00  0.00000E+00  0.00000E+00  0.00000E+00  0.00000E+00  0.00000E+00  0.00000E+00  0.00000E+00  0.00000E+00  0.00000E+00  0.00000E+00  0.00000E+00  0.00000E+00  0.00000E+00  0.00000E+00  0.00000E+00  0.00000E+00
  0.00000E+00  0.00000E+00  0.00000E+00  1.74289E+03  5.90979E+03  7.36123E+03  3.20369E+03  4.50235E+03  3.60855E+03  7.89263E+03  5.82467E+03  2.35068E+03  6.74089E+03  3.54593E+03  4.07531E+03  4.45814E+03  3.63703E+03  6.10503E+03  2.91679E+03  5.36050E+03  5.14094E+03  4.66619E+03  2.80960E+03  1.18560E+03  1.97922E+03  1.87290E+03  5.06880E+02  1.60262E+03  2.40995E+03  2.07526E+03  3.58230E+03  3.25085E+03  3.17870E+01  2.30331E+03  3.93061E+03  2.70351E+03  3.78361E+03  3.03421E+03  3.97788E+03  1.70899E+03  2.87157E+02  0.00000E+00  4.56972E+02  2.56562E+03  1.24779E+03  1.27578E+02  1.88145E+03  2.02019E+03  3.32796E+03  4.35978E+03  5.33488E+03  3.60197E+03  3.39891E+03  0.00000E+00  0.00000E+00  0.00000E+00  0.00000E+00  0.00000E+00  0.00000E+00  0.00000E+00  0.00000E+00  0.00000E+00  0.00000E+00  0.00000E+00  0.00000E+00  0.00000E+00  0.00000E+00  0.00000E+00  0.00000E+00  0.00000E+00  0.00000E+00  0.00000E+00  0.00000E+00
  0.00000E+00  0.00000E+00  0.00000E+00  0.00000E+00  3.72985E+03  3.23836E+03  2.47762E+03  4.17145E+03  2.75220E+03  4.05762E+03  5.17473E+03  2.22504E+03  8.29997E+03  6.34008E+03  2.64845E+03  3.07130E+03  3.63859E+03  3.25460E+03  2.67429E+03  4.27663E+03  3.77752E+03  4.49221E+03  5.31735E+03  2.57892E+03  2.08626E+03  1.79941E+03  4.88931E+03  2.60481E+03  2.24835E+03  1.46096E+03  2.79946E+03  4.87733E+03  3.84488E+03  2.15967E+03  1.73589E+03  1.66558E+03  4.08189E+03  1.82481E+03  6.37888E+01  0.00000E+00  9.55758E+01  2.12919E+03  4.70245E+03  9.17984E+03  4.09969E+03  1.62408E+03  2.11887E+03  2.25948E+03  3.33710E+03  4.30235E+03  5.27957E+03  6.19588E+03  6.60516E+03  1.22819E+03  0.00000E+00  0.00000E+00  0.00000E+00  0.00000E+00  0.00000E+00  0.00000E+00  0.00000E+00  0.00000E+00  0.00000E+00  0.00000E+00  0.00000E+00  0.00000E+00  0.00000E+00  0.00000E+00  0.00000E+00  0.00000E+00  0.00000E+00  0.00000E+00  0.00000E+00
  0.00000E+00  0.00000E+00  0.00000E+00  0.00000E+00  1.07270E+03  4.53886E+02  2.94989E+03  7.97152E+03  5.41948E+03  1.36620E+03  7.82935E+02  5.08046E+03  5.21954E+03  2.93178E+03  3.86033E+03  6.56618E+03  4.61795E+03  4.20218E+03  2.02736E+03  4.14678E+03  7.61960E+03  5.63307E+03  1.39096E+03  1.96325E+03  1.39824E+03  1.52052E+03  3.43192E+03  2.50820E+03  1.26757E+03  2.02521E+03  2.34158E+03  1.38782E+03  2.29332E+03  2.94687E+03  1.21300E+03  1.16957E+03  1.52323E+03  9.42205E+02  8.47302E+02  3.20963E+02  7.54189E+02  2.11168E+03  4.83869E+03  5.71378E+03  4.88319E+03  2.91005E+03  4.19980E+03  3.21501E+03  6.54740E+03  5.13134E+03  8.91118E+03  1.06954E+04  1.16777E+04  3.99308E+03  0.00000E+00  0.00000E+00  0.00000E+00  0.00000E+00  0.00000E+00  0.00000E+00  0.00000E+00  0.00000E+00  0.00000E+00  0.00000E+00  0.00000E+00  0.00000E+00  0.00000E+00  0.00000E+00  0.00000E+00  0.00000E+00  0.00000E+00  0.00000E+00  0.00000E+00
  0.00000E+00  0.00000E+00  0.00000E+00  0.00000E+00  0.00000E+00  0.00000E+00  0.00000E+00  5.89767E+03  7.06024E+03  2.74202E+03  3.11947E+02  6.86908E+03  6.89783E+03  1.66862E+03  5.54801E+03  9.31844E+03  4.98685E+03  2.35874E+03  1.66218E+03  2.76152E+03  6.45598E+03  5.61461E+03  1.74498E+03  1.67880E+03  2.15560E+03  2.09028E+03  6.47612E+02  8.28752E+02  3.50569E+03  2.87361E+03  4.35700E+03  3.14913E+03  9.50612E+02  7.29555E+02  6.52257E+02  1.93242E+03  3.13279E+03  1.08467E+03  8.86055E+02  2.78013E+02  1.39643E+03  9.93303E+02  2.15650E+03  7.93465E+03  4.53642E+03  3.55696E+03  4.40761E+03  6.61694E+03  6.06828E+03  3.63435E+03  3.80722E+03  4.18501E+03  8.94375E+03  5.43023E+03  1.97622E+03  2.23857E+03  0.00000E+00  0.00000E+00  0.00000E+00  0.00000E+00  0.00000E+00  0.00000E+00  0.00000E+00  0.00000E+00  0.00000E+00  0.00000E+00  0.00000E+00  0.00000E+00  0.00000E+00  0.00000E+00  0.00000E+00  0.00000E+00  0.00000E+00
  0.00000E+00  0.00000E+00  0.00000E+00  0.00000E+00  0.00000E+00  0.00000E+00  0.00000E+00  3.12918E+03  7.78918E+03  6.23347E+03  1.30423E+03  1.10702E+03  2.53667E+03  4.89702E+03  3.97892E+03  9.10180E+03  9.30342E+03  3.81769E+03  2.07714E+03  2.95208E+03  3.16227E+03  9.90691E+03  7.06560E+03  2.78538E+03  4.26546E+03  1.38246E+03  1.03628E+03  1.34517E+03  4.82674E+03  2.99095E+03  1.40153E+03  1.67234E+03  1.92839E+03  9.46415E+02  5.37905E+02  1.73522E+03  2.84210E+03  2.68699E+03  1.00934E+03  3.82463E+03  9.84264E+02  8.47297E+02  1.84217E+03  3.07123E+03  1.54968E+03  5.28567E+03  7.86840E+03  4.92008E+03  5.80437E+03  4.63268E+03  7.76854E+03  9.83128E+03  7.31601E+03  9.01296E+03  8.27978E+03  7.90420E+03  2.85408E+03  0.00000E+00  0.00000E+00  0.00000E+00  0.00000E+00  0.00000E+00  0.00000E+00  0.00000E+00  0.00000E+00  0.00000E+00  0.00000E+00  0.00000E+00  0.00000E+00  0.00000E+00  0.00000E+00  0.00000E+00  0.00000E+00
  0.00000E+00  0.00000E+00  0.00000E+00  0.00000E+00  0.00000E+00  0.00000E+00  0.00000E+00  2.90727E+03  7.42348E+03  5.84489E+03  1.31833E+03  4.77877E+02  4.80237E+03  5.52637E+03  2.70240E+03  5.02847E+03  8.16214E+03  4.58027E+03  1.82444E+03  8.88229E+02  1.31414E+03  7.55215E+03  5.84710E+03  2.88769E+03  2.69130E+03  2.95446E+03  1.81721E+03  3.35966E+03  2.75580E+03  1.03104E+03  1.94436E+03  1.89881E+03  2.26853E+03  1.42167E+03  1.07405E+03  7.20809E+02  1.19003E+03  3.20181E+03  4.07746E+03  4.61982E+03  3.75631E+03  1.15587E+03  2.44206E+03  3.11910E+03  2.97698E+03  3.89971E+03  8.93120E+03  8.74879E+03  7.51712E+03  6.84976E+03  7.72934E+03  6.11049E+03  6.62778E+03  6.31542E+03  7.44825E+03  5.87229E+03  3.59607E+03  2.28630E+03  0.00000E+00  0.00000E+00  0.00000E+00  0.00000E+00  0.00000E+00  0.00000E+00  0.00000E+00  0.00000E+00  0.00000E+00  0.00000E+00  0.00000E+00  0.00000E+00  0.00000E+00  0.00000E+00  0.00000E+00
  0.00000E+00  0.00000E+00  0.00000E+00  0.00000E+00  0.00000E+00  0.00000E+00  0.00000E+00  3.65075E+03  6.18404E+03  3.87448E+03  3.68569E+03  2.64799E+03  5.74763E+03  7.23057E+03  8.35562E+03  7.49830E+03  7.76718E+03  6.05147E+03  1.91508E+03  1.37881E+03  3.03485E+03  3.74474E+03  5.19196E+03  3.21230E+03  2.48333E+03  2.79034E+03  4.00496E+03  3.15340E+03  6.91069E+02  4.00225E+02  6.51554E+02  7.77973E+02  3.10090E+03  3.04473E+03  1.47731E+03  7.51261E+02  5.70402E+03  6.90733E+03  9.61953E+03  8.63701E+03  4.64638E+03  1.49088E+03  2.62004E+03  4.64233E+03  5.90876E+03  6.27246E+03  7.98326E+03  9.28248E+03  7.79134E+03  7.66920E+03  9.42262E+03  8.13084E+03  6.94439E+03  3.97228E+03  6.96506E+03  5.13516E+03  2.50904E+03  4.72522E+03  1.11592E+03  0.00000E+00  0.00000E+00  0.00000E+00  0.00000E+00  0.00000E+00  0.00000E+00  0.00000E+00  0.00000E+00  0.00000E+00  0.00000E+00  0.00000E+00  0.00000E+00  0.00000E+00  0.00000E+00
  0.00000E+00  0.00000E+00  0.00000E+00  0.00000E+00  0.00000E+00  0.00000E+00  0.00000E+00  1.13278E+03  3.63573E+03  4.21877E+03  3.16721E+03  3.23560E+03  5.21069E+03  3.51281E+03  4.93592E+03  1.87640E+03  5.06000E+03  6.13502E+03  1.00110E+03  3.71960E+03  3.53109E+03  3.70618E+03  4.10644E+03  3.24027E+03  2.91142E+03  2.06046E+03  4.34821E+03  3.98906E+03  2.56743E+03  6.03211E+02  1.65731E+03  1.73750E+03  4.40462E+03  4.55444E+03  3.21477E+03  5.48194E+03  6.65188E+03  6.36894E+03  1.02103E+04  5.19093E+03  6.04185E+03  5.69401E+03  2.96167E+03  4.57094E+03  7.35534E+03  5.22555E+03  5.94607E+03  7.22716E+03  7.10127E+03  5.75748E+03  5.65965E+03  8.43627E+03  8.11341E+03  4.39187E+03  6.41354E+03  6.40990E+03  1.13954E+03  6.11054E+03  5.46390E+03  6.19877E+02  0.00000E+00  0.00000E+00  0.00000E+00  0.00000E+00  0.00000E+00  0.00000E+00  0.00000E+00  0.00000E+00  0.00000E+00  0.00000E+00  0.00000E+00  0.00000E+00  0.00000E+00
  0.00000E+00  0.00000E+00  0.00000E+00  0.00000E+00  0.00000E+00  0.00000E+00  0.00000E+00  0.00000E+00  8.83804E+02  6.37536E+03  5.24354E+03  1.86006E+03  8.47617E+03  1.00481E+04  6.59864E+03  8.83630E+03  5.35264E+03  2.27157E+03  4.46916E+03  1.31667E+03  4.59369E+03  2.76098E+03  3.62306E+03  2.33734E+03  2.18880E+03  1.96675E+03  4.29279E+03  2.13734E+03  3.33969E+03  2.11948E+03  2.40084E+03  3.51398E+03  4.22039E+03  2.54162E+03  5.05285E+03  5.64445E+03  8.67461E+03  6.98150E+03  9.84391E+03  6.73234E+03  6.18712E+03  7.51713E+03  6.09813E+03  3.60369E+03  6.98631E+03  8.66298E+03  8.41927E+03  8.51518E+03  7.29036E+03  5.94034E+03  7.28100E+03  9.49235E+03  6.90313E+03  6.00266E+03  6.51955E+03  6.13682E+03  8.43160E+03  3.64707E+03  6.48159E+03  3.67062E+03  5.59346E+02  2.32321E+02  0.00000E+00  0.00000E+00  0.00000E+00  0.00000E+00  0.00000E+00  0.00000E+00  0.00000E+00  0.00000E+00  0.00000E+00  0.00000E+00  0.00000E+00
  0.00000E+00  0.00000E+00  0.00000E+00  0.00000E+00  0.00000E+00  0.00000E+00  0.00000E+00  0.00000E+00  5.47808E+01  1.55795E+03  6.19217E+03  2.15545E+03  6.38114E+03  3.33583E+03  4.24356E+03  8.30170E+03  3.95150E+03  3.15573E+03  4.48246E+03  4.86459E+03  1.59268E+03  3.09244E+03  2.75498E+03  3.46691E+03  1.13024E+03  1.36211E+03  1.13200E+03  4.01655E+02  1.59419E+03  2.23363E+03  1.83157E+03  3.56210E+03  1.52250E+03  5.59878E+03  7.26653E+03  5.15909E+03  6.31774E+03  8.70361E+03  7.67249E+03  7.62723E+03  5.99422E+03  6.27379E+03  4.90709E+03  5.28618E+03  9.53678E+03  8.06136E+03  6.29032E+03  6.44493E+03  5.64427E+03  8.87606E+03  8.55386E+03  6.55678E+03  6.46874E+03  6.32004E+03  8.96677E+03  7.30668E+03  7.62621E+03  3.79510E+03  4.85752E+03  6.65010E+03  2.23721E+03  4.63295E+03  0.00000E+00  0.00000E+00  0.00000E+00  0.00000E+00  0.00000E+00  0.00000E+00  0.00000E+00  0.00000E+00  0.00000E+00  0.00000E+00  0.00000E+00
  0.00000E+00  0.00000E+00  0.00000E+00  0.00000E+00  0.00000E+00  0.00000E+00  0.00000E+00  0.00000E+00  3.72162E+02  2.90209E+03  4.04315E+03  2.76270E+03  4.75485E+03  4.95693E+03  3.99919E+03  8.16762E+03  3.38736E+03  7.80108E+03  5.50478E+03  6.08524E+03  2.85311E+03  4.00476E+03  3.81084E+03  1.89760E+03  2.40562E+03  2.49422E+03  1.28515E+03  7.58747E+02  2.42785E+03  2.78923E+03  1.03238E+03  1.91262E+03  3.58557E+03  6.08008E+03  6.22536E+03  4.42477E+03  7.23259E+03  7.46705E+03  8.88657E+03  7.86899E+03  8.87679E+03  7.17730E+03  5.55604E+03  6.10604E+03  8.13481E+03  7.67574E+03  7.35530E+03  1.06336E+04  8.38057E+03  7.62923E+03  7.49799E+03  8.65004E+03  1.05072E+04  8.59181E+03  9.22369E+03  7.92426E+03  7.99631E+03  6.15929E+03  9.66057E+03  6.36040E+03  4.01635E+03  7.11689E+03  0.00000E+00  0.00000E+00  0.00000E+00  2.32321E+02  2.32321E+02  0.00000E+00  0.00000E+00  0.00000E+00  0.00000E+00  0.00000E+00  0.00000E+00
  0.00000E+00  0.00000E+00  0.00000E+00  0.00000E+00  0.00000E+00  0.00000E+00  0.00000E+00  0.00000E+00  1.78835E+02  2.32063E+03  4.21299E+03  5.00493E+03  1.74051E+03  2.55365E+03  4.56841E+03  3.03661E+03  4.40763E+03  7.20153E+03  5.03523E+03  5.79194E+03  1.78668E+03  2.57621E+03  1.96629E+03  3.05253E+03  3.05807E+03  2.89572E+03  1.85558E+03  3.89813E+03  4.69570E+03  1.87653E+03  1.78002E+03  2.77346E+03  5.87257E+03  7.22034E+03  6.41379E+03  6.48282E+03  6.14934E+03  5.53608E+03  9.63840E+03  8.45232E+03  7.15440E+03  4.38167E+03  4.01265E+03  6.68239E+03  9.59312E+03  8.28299E+03  1.03602E+04  7.80873E+03  6.03785E+03  1.19348E+04  8.69576E+03  6.40549E+03  9.48164E+03  8.39197E+03  8.52460E+03  7.23343E+03  1.12443E+04  2.98944E+03  3.48046E+03  6.43233E+03  5.09089E+03  4.78651E+03  1.84172E+03  4.51254E+02  0.00000E+00  2.95670E+03  3.54600E+03  6.83575E+02  0.00000E+00  0.00000E+00  0.00000E+00  0.00000E+00  0.00000E+00
  0.00000E+00  0.00000E+00  0.00000E+00  0.00000E+00  0.00000E+00  0.00000E+00  0.00000E+00  0.00000E+00  0.00000E+00  1.74468E+03  4.42486E+03  5.10757E+03  3.82132E+03  1.86872E+03  4.78600E+03  3.39732E+03  1.38692E+03  5.02536E+03  3.84052E+03  5.27898E+03  3.33371E+03  2.97929E+03  2.14307E+03  3.45848E+03  5.03214E+03  2.82355E+03  2.42769E+03  1.63724E+03  1.91932E+03  1.04586E+03  2.63632E+03  3.67797E+03  9.88565E+03  7.31868E+03  5.61003E+03  6.39266E+03  8.81445E+03  8.76878E+03  6.65875E+03  4.79185E+03  5.21010E+03  3.48374E+03  4.63197E+03  8.19540E+03  9.14865E+03  8.06415E+03  7.89565E+03  8.39027E+03  4.97074E+03  6.50410E+03  7.98936E+03  5.74528E+03  9.19325E+03  8.43310E+03  7.25470E+03  7.29018E+03  5.82531E+03  1.82886E+03  2.97324E+03  3.42783E+03  3.94164E+03  3.42773E+03  3.68596E+03  4.06996E+03  3.51218E+03  1.94688E+03  4.95638E+03  4.59246E+03  4.91281E+02  0.00000E+00  0.00000E+00  0.00000E+00  0.00000E+00
  0.00000E+00  0.00000E+00  0.00000E+00  0.00000E+00  0.00000E+00  0.00000E+00  0.00000E+00  0.00000E+00  0.00000E+00  1.90408E+03  5.97699E+03  6.25387E+03  3.66410E+03  2.49272E+03  4.24499E+03  1.52519E+03  3.21776E+03  2.59842E+03  3.01965E+03  3.97952E+03  1.72551E+03  1.55764E+03  2.91868E+03  4.57451E+03  3.95993E+03  5.08714E+03  3.11357E+03  1.94816E+03  1.80743E+03  1.96345E+03  1.01714E+03  4.63534E+03  6.91160E+03  6.51157E+03  3.82128E+03  7.38340E+03  8.64242E+03  6.30054E+03  6.18819E+03  4.15350E+03  6.94426E+03  4.96617E+03  4.16256E+03  5.73787E+03  7.72520E+03  9.25708E+03  8.69836E+03  8.51455E+03  4.79818E+03  7.92315E+03  8.29003E+03  6.20923E+03  9.38812E+03  4.54235E+03  5.82955E+03  6.00179E+03  4.63336E+03  2.64504E+03  3.12403E+03  3.07425E+03  3.57301E+03  4.41210E+03  4.60002E+03  3.90584E+03  5.07917E+03  3.16573E+03  1.94644E+03  3.25500E+03  9.76216E+02  0.00000E+00  0.00000E+00  0.00000E+00  0.00000E+00
  0.00000E+00  0.00000E+00  0.00000E+00  0.00000E+00  0.00000E+00  0.00000E+00  0.00000E+00  0.00000E+00  0.00000E+00  0.00000E+00  1.20103E+03  2.41789E+03  1.85485E+03  4.63744E+03  6.91937E+03  5.50910E+03  2.28414E+03  3.86997E+03  6.07509E+03  3.71907E+03  3.63752E+03  3.02237E+03  2.94127E+03  3.92748E+03  1.08359E+03  3.29235E+02  2.46144E+02  1.52437E+03  4.24084E+03  3.15111E+03  9.71259E+02  2.47658E+03  2.52652E+03  1.45110E+03  6.81467E+03  5.85741E+03  7.59710E+03  5.35291E+03  6.30864E+03  5.74087E+03  4.85083E+03  3.48117E+03  5.79582E+03  8.29710E+03  8.12004E+03  7.85186E+03  7.39187E+03  7.77102E+03  5.59060E+03  7.09977E+03  8.51002E+03  6.63521E+03  6.25162E+03  5.68688E+03  4.56066E+03  6.60500E+03  4.08090E+03  3.33551E+03  4.11603E+03  2.94050E+03  3.42418E+03  3.16585E+03  2.55617E+03  4.47571E+03  4.72295E+03  3.89048E+03  2.90224E+03  2.31896E+03  0.00000E+00  0.00000E+00  0.00000E+00  0.00000E+00  0.00000E+00
  0.00000E+00  0.00000E+00  0.00000E+00  0.00000E+00  0.00000E+00  0.00000E+00  0.00000E+00  0.00000E+00  0.00000E+00  0.00000E+00  0.00000E+00  0.00000E+00  2.21011E+03  3.70767E+03  2.78192E+03  2.07288E+03  2.58561E+03  2.43147E+03  5.78772E+03  4.36501E+03  4.83020E+03  2.67960E+03  1.66089E+03  4.62263E+03  4.92289E+02  2.53778E+02  1.26374E+03  3.36041E+03  3.07757E+03  2.91828E+03  3.66253E+03  2.48028E+03  4.71660E+02  7.23880E+02  6.22002E+03  4.70053E+03  5.87853E+03  4.93516E+03  5.01700E+03  7.27168E+03  2.86458E+03  2.82025E+03  5.86384E+03  7.65830E+03  1.05945E+04  5.55694E+03  4.70115E+03  8.96174E+03  5.84039E+03  6.29493E+03  4.16726E+03  6.92704E+03  5.69996E+03  4.42933E+03  3.79402E+03  4.57426E+03  4.67482E+03  4.22270E+03  3.13023E+03  2.09689E+03  1.95275E+03  3.72241E+03  5.95997E+03  4.93336E+03  2.61678E+03  2.77026E+03  3.31480E+03  1.40975E+03  0.00000E+00  0.00000E+00  0.00000E+00  0.00000E+00  0.00000E+00
  0.00000E+00  0.00000E+00  0.00000E+00  0.00000E+00  0.00000E+00  0.00000E+00  0.00000E+00  0.00000E+00  0.00000E+00  0.00000E+00  0.00000E+00  0.00000E+00  5.63148E+02  5.21307E+03  4.01515E+03  4.93407E+03  2.00106E+03  3.17839E+03  1.51812E+03  2.63271E+03  4.64062E+03  2.05452E+03  5.94076E+03  5.84627E+03  1.37296E+03  1.45483E+03  3.90433E+03  3.93246E+03  3.42739E+03  2.84909E+03  2.39655E+03  2.35830E+02  0.00000E+00  3.08484E+03  6.67131E+03  6.13640E+03  6.28977E+03  8.01432E+03  7.25561E+03  5.13712E+03  6.06436E+03  6.29410E+03  7.93440E+03  6.54096E+03  7.83671E+03  8.50670E+03  3.90012E+03  5.38642E+03  7.56913E+03  7.35435E+03  6.47201E+03  4.68567E+03  5.62595E+03  4.56869E+03  3.37303E+03  2.79468E+03  2.08903E+03  1.99930E+03  2.27200E+03  2.14462E+03  4.54885E+03  8.21978E+03  2.05695E+03  5.44123E+03  2.57660E+03  3.56005E+03  2.18348E+03  3.73808E+02  0.00000E+00  0.00000E+00  0.00000E+00  0.00000E+00  0.00000E+00
  0.00000E+00  0.00000E+00  0.00000E+00  0.00000E+00  0.00000E+00  0.00000E+00  0.00000E+00  0.00000E+00  0.00000E+00  0.00000E+00  0.00000E+00  0.00000E+00  0.00000E+00  1.87983E+03  1.83346E+03  2.75244E+03  1.88408E+03  1.02070E+03  8.94988E+02  7.27001E+02  1.00774E+03  2.29920E+03  6.84420E+03  4.98471E+03  1.76328E+03  5.04906E+03  3.23627E+03  3.43889E+03  3.07990E+03  2.81474E+03  7.07491E+02  0.00000E+00  2.72598E+03  6.15817E+03  5.82820E+03  4.93004E+03  6.34047E+03  6.02867E+03  9.61845E+03  1.04860E+04  6.96253E+03  6.69028E+03  1.03234E+04  6.35692E+03  7.26257E+03  6.86469E+03  5.01657E+03  5.41248E+03  9.86622E+03  7.71451E+03  9.84781E+03  2.91581E+03  3.28132E+03  2.91257E+03  4.39422E+03  3.42274E+03  2.01506E+03  2.46277E+03  2.54728E+03  1.41454E+03  3.03265E+03  4.70500E+03  3.19984E+03  3.90858E+03  4.42448E+03  3.53328E+03  1.91481E+03  0.00000E+00  0.00000E+00  0.00000E+00  0.00000E+00  0.00000E+00  0.00000E+00
  0.00000E+00  0.00000E+00  0.00000E+00  0.00000E+00  0.00000E+00  0.00000E+00  0.00000E+00  0.00000E+00  0.00000E+00  0.00000E+00  0.00000E+00  0.00000E+00  0.00000E+00  0.00000E+00  0.00000E+00  6.65213E+02  1.20827E+03  7.36017E+02  5.94509E+03  5.66290E+03  1.75546E+03  4.11944E+03  5.88317E+03  3.61324E+03  1.82163E+03  4.06607E+03  2.19748E+03  2.93891E+03  3.39145E+03  1.71093E+03  2.35830E+02  1.26286E+03  5.77299E+03  5.26841E+03  6.56089E+03  7.77868E+03  7.47150E+03  6.55134E+03  8.27368E+03  9.40968E+03  8.57340E+03  8.13216E+03  8.70145E+03  6.93840E+03  3.99180E+03  4.67807E+03  5.95053E+03  5.45051E+03  5.93623E+03  4.67042E+03  2.95361E+03  2.44488E+03  2.66648E+03  4.21891E+03  3.17278E+03  2.73361E+03  1.38322E+03  3.65635E+03  4.49292E+03  2.24039E+03  1.10793E+03  3.81190E+03  2.28032E+03  6.47181E+03  5.31231E+03  4.51040E+03  4.25561E+03  7.20586E+02  0.00000E+00  0.00000E+00  0.00000E+00  0.00000E+00  0.00000E+00
  0.00000E+00  0.00000E+00  0.00000E+00  0.00000E+00  0.00000E+00  0.00000E+00  0.00000E+00  0.00000E+00  0.00000E+00  0.00000E+00  0.00000E+00  0.00000E+00  0.00000E+00  0.00000E+00  0.00000E+00  4.97775E+02  8.08817E+02  8.42415E+02  1.71104E+03  4.02574E+03  4.67281E+03  3.37100E+03  5.48746E+03  4.39440E+03  4.71173E+03  5.00899E+03  2.63389E+03  1.70969E+03  2.35830E+02  2.93966E+03  1.26374E+03  3.16653E+03  6.29043E+03  6.14028E+03  7.40451E+03  7.21188E+03  6.99317E+03  6.05229E+03  6.04149E+03  4.27204E+03  4.09659E+03  3.51197E+03  4.33780E+03  3.32134E+03  4.74168E+02  8.68913E+03  4.25913E+03  2.78230E+03  6.10704E+03  3.62887E+03  2.89435E+03  4.61048E+03  2.07770E+03  4.26704E+03  3.45253E+03  2.96564E+03  2.38661E+03  3.87612E+03  3.62376E+03  2.76148E+03  1.93978E+03  6.30857E+03  6.47416E+03  6.28175E+03  5.29833E+03  4.35426E+03  3.36840E+03  1.52111E+03  0.00000E+00  0.00000E+00  0.00000E+00  0.00000E+00  0.00000E+00
  0.00000E+00  0.00000E+00  0.00000E+00  0.00000E+00  0.00000E+00  0.00000E+00  0.00000E+00  0.00000E+00  0.00000E+00  0.00000E+00  0.00000E+00  0.00000E+00  0.00000E+00  0.00000E+00  0.00000E+00  7.43125E+02  3.57655E+03  1.77890E+03  3.12041E+03  4.39025E+03  1.40399E+03  4.92044E+03  5.91790E+03  4.91940E+03  6.13697E+03  4.59017E+03  5.27958E+03  8.35908E+02  4.52448E+03  6.67165E+03  2.06332E+03  3.71818E+03  6.11331E+03  7.44828E+03  9.87379E+03  4.88827E+03  3.51878E+03  3.89304E+03  6.72472E+03  4.28994E+03  6.31504E+03  6.81186E+03  5.58967E+03  3.39929E+03  2.18354E+03  7.55652E+03  4.01559E+03  1.84816E+03  4.52087E+03  3.91805E+03  2.14496E+03  2.90741E+03  2.07735E+03  4.01754E+03  1.95838E+03  3.11710E+03  2.09941E+03  4.58172E+03  4.21316E+03  4.93481E+03  2.92888E+03  4.43713E+03  5.44216E+03  5.86993E+03  4.80447E+03  3.40227E+03  2.61907E+03  7.47647E+02  0.00000E+00  0.00000E+00  0.00000E+00  0.00000E+00  0.00000E+00
  0.00000E+00  0.00000E+00  0.00000E+00  0.00000E+00  0.00000E+00  0.00000E+00  0.00000E+00  0.00000E+00  0.00000E+00  0.00000E+00  0.00000E+00  0.00000E+00  0.00000E+00  0.00000E+00  0.00000E+00  5.24997E+02  4.87455E+03  1.92267E+03  2.51325E+03  5.32219E+03  1.40646E+03  2.61405E+03  2.58120E+03  3.09400E+03  4.27311E+03  3.55432E+03  5.24151E+03  3.48077E+03  8.52804E+03  4.88164E+03  3.92766E+03  5.94103E+03  4.77838E+03  5.30041E+03  4.75146E+03  2.81400E+03  3.31408E+03  4.36096E+03  1.87646E+03  9.99567E+02  3.59368E+03  4.25055E+03  7.05666E+03  2.97511E+03  1.37988E+03  1.70704E+03  2.59266E+03  1.10844E+03  2.54950E+02  1.09523E+03  1.91365E+03  4.59447E+03  5.35402E+03  4.24614E+03  3.04770E+03  2.87521E+03  2.49698E+03  3.60924E+03  2.74455E+03  1.06207E+03  1.07165E+03  2.64904E+03  1.90636E+03  2.74028E+03  1.68234E+03  2.05442E+03  1.73158E+03  9.04862E+02  0.00000E+00  0.00000E+00  0.00000E+00  0.00000E+00  0.00000E+00
  0.00000E+00  0.00000E+00  0.00000E+00  0.00000E+00  0.00000E+00  0.00000E+00  0.00000E+00  0.00000E+00  0.00000E+00  0.00000E+00  0.00000E+00  0.00000E+00  0.00000E+00  0.00000E+00  0.00000E+00  2.65670E+02  3.75991E+03  5.43841E+02  1.81008E+03  3.59177E+03  2.82851E+03  4.81644E+03  3.95070E+03  4.60030E+03  3.99882E+03  6.43528E+03  7.11115E+03  1.13054E+04  6.99645E+03  5.22066E+03  6.96222E+03  7.83944E+03  5.50659E+03  4.62008E+03  3.56057E+03  2.48054E+03  4.38191E+03  3.55623E+03  2.28580E+03  1.93395E+03  1.63449E+03  3.97805E+03  5.66817E+03  3.47019E+03  5.58310E+02  2.62800E+03  3.90737E+03  1.37550E+03  9.06106E+02  1.31790E+03  4.31242E+03  3.61013E+03  3.78140E+03  4.79046E+03  4.17741E+03  4.44657E+03  4.68456E+03  1.25676E+03  3.53749E+02  5.89536E+02  2.31805E+03  2.15453E+03  1.84233E+03  1.10141E+03  1.17164E+03  1.27363E+02  4.95080E+02  0.00000E+00  0.00000E+00  0.00000E+00  0.00000E+00  0.00000E+00  0.00000E+00
  0.00000E+00  0.00000E+00  0.00000E+00  0.00000E+00  0.00000E+00  0.00000E+00  0.00000E+00  0.00000E+00  0.00000E+00  0.00000E+00  0.00000E+00  0.00000E+00  0.00000E+00  0.00000E+00  0.00000E+00  0.00000E+00  3.19685E+03  1.24620E+03  2.00975E+03  4.84157E+03  3.17163E+03  3.39291E+03  3.74375E+03  7.82710E+02  1.89778E+03  4.49607E+03  5.77851E+02  5.10648E+03  8.09682E+03  6.68220E+03  5.46193E+03  5.53910E+03  3.74367E+03  1.84477E+03  3.00322E+03  2.91578E+03  2.66225E+03  2.04509E+03  2.38351E+03  1.59339E+03  1.80700E+03  1.62839E+03  2.00081E+03  4.17870E+03  3.37549E+03  3.02886E+02  1.27944E+03  1.95564E+03  1.59168E+03  2.55853E+03  5.65831E+03  3.61656E+03  5.94398E+03  2.08698E+03  3.33166E+03  3.69868E+03  2.46975E+03  1.88806E+03  7.14022E+02  1.41459E+03  2.21588E+03  3.69148E+03  3.56993E+03  8.12315E+02  2.17552E+03  2.54726E+02  0.00000E+00  0.00000E+00  0.00000E+00  0.00000E+00  0.00000E+00  0.00000E+00  0.00000E+00
  0.00000E+00  0.00000E+00  0.00000E+00  0.00000E+00  0.00000E+00  0.00000E+00  0.00000E+00  0.00000E+00  0.00000E+00  0.00000E+00  0.00000E+00  0.00000E+00  0.00000E+00  0.00000E+00  0.00000E+00  0.00000E+00  0.00000E+00  4.87655E+02  1.25368E+03  2.21879E+03  7.00782E+03  4.14962E+03  2.30225E+03  3.90219E+03  4.12543E+03  2.18374E+03  2.30108E+03  3.83483E+03  4.33668E+03  5.17104E+03  3.92024E+03  3.17358E+03  3.61930E+03  6.33319E+02  3.00687E+03  2.05495E+03  6.32000E+02  1.34897E+03  2.45350E+03  2.00128E+03  2.14787E+03  1.35298E+03  8.78443E+02  1.20345E+03  3.22081E+03  3.52418E+03  5.06529E+02  7.81644E+02  1.68387E+03  7.46021E+03  8.88664E+03  9.09675E+03  7.49962E+03  4.84744E+03  5.46807E+03  3.39994E+03  2.87587E+03  1.91972E+03  7.14062E+02  1.29676E+03  3.16003E+03  5.00602E+03  5.78066E+03  4.95005E+03  7.33207E+03  2.99216E+03  0.00000E+00  0.00000E+00  0.00000E+00  0.00000E+00  0.00000E+00  0.00000E+00  0.00000E+00
  0.00000E+00  0.00000E+00  0.00000E+00  0.00000E+00  0.00000E+00  0.00000E+00  0.00000E+00  0.00000E+00  0.00000E+00  0.00000E+00  0.00000E+00  0.00000E+00  0.00000E+00  0.00000E+00  0.00000E+00  0.00000E+00  0.00000E+00  0.00000E+00  0.00000E+00  0.00000E+00  1.56646E+03  4.09463E+03  4.46516E+03  3.93743E+03  2.56354E+03  2.14472E+03  2.71204E+03  1.23988E+03  1.28349E+03  1.54393E+03  1.36753E+03  3.98056E+03  2.01380E+03  1.06906E+03  2.46287E+03  2.01115E+03  2.11993E+03  2.10162E+03  2.19420E+03  2.02442E+03  2.19169E+03  1.43818E+03  9.66445E+02  4.27918E+02  1.51554E+03  1.81151E+03  3.26923E+03  1.46599E+03  6.24479E+02  2.21820E+03  6.82066E+03  7.75190E+03  7.09872E+03  8.14484E+03  5.40081E+03  3.23499E+03  5.05782E+03  4.73150E+03  1.64090E+03  3.50684E+03  1.48012E+03  4.50366E+03  5.33112E+03  7.30663E+03  4.47595E+03  1.04272E+03  0.00000E+00  0.00000E+00  0.00000E+00  0.00000E+00  0.00000E+00  0.00000E+00  0.00000E+00
  0.00000E+00  0.00000E+00  0.00000E+00  0.00000E+00  0.00000E+00  0.00000E+00  0.00000E+00  0.00000E+00  0.00000E+00  0.00000E+00  0.00000E+00  0.00000E+00  0.00000E+00  0.00000E+00  0.00000E+00  0.00000E+00  0.00000E+00  0.00000E+00  0.00000E+00  0.00000E+00  0.00000E+00  7.12384E+02  4.12603E+03  3.74478E+03  3.80904E+03  2.89888E+03  1.20543E+03  5.45221E+02  1.36389E+03  1.19271E+03  1.44685E+03  3.89780E+03  4.57009E+03  2.33110E+03  1.60850E+03  1.38997E+03  1.49498E+03  2.00912E+03  1.63274E+03  1.68176E+03  1.73997E+03  1.69805E+03  2.08687E+03  9.20911E+02  1.84493E+03  2.12401E+03  3.97777E+03  2.88850E+03  3.12726E+03  1.81191E+03  5.19933E+03  5.20846E+03  3.89379E+03  5.41682E+03  4.26824E+03  5.42711E+03  5.77944E+03  3.12913E+03  1.60234E+03  1.95655E+03  5.63168E+02  3.44449E+03  4.92798E+03  5.47269E+03  3.80385E+03  0.00000E+00  0.00000E+00  0.00000E+00  0.00000E+00  0.00000E+00  0.00000E+00  0.00000E+00  0.00000E+00
  0.00000E+00  0.00000E+00  0.00000E+00  0.00000E+00  0.00000E+00  0.00000E+00  0.00000E+00  0.00000E+00  0.00000E+00  0.00000E+00  0.00000E+00  0.00000E+00  0.00000E+00  0.00000E+00  0.00000E+00  0.00000E+00  0.00000E+00  0.00000E+00  0.00000E+00  0.00000E+00  0.00000E+00  0.00000E+00  1.17625E+02  2.76180E+03  1.43183E+03  1.60626E+02  2.29008E+01  1.21731E+02  5.69991E+02  7.71859E+02  1.64974E+03  1.10014E+03  1.58539E+03  1.08597E+03  1.63979E+03  1.32646E+03  1.54628E+03  2.00095E+03  2.15957E+03  2.24401E+03  1.24895E+03  1.46253E+03  1.78661E+03  1.39733E+03  2.52129E+03  1.67965E+03  5.06227E+03  3.24571E+03  6.25892E+03  4.75809E+03  2.83286E+03  2.94920E+03  3.69008E+03  3.21932E+03  3.36775E+03  2.44982E+03  3.37097E+03  1.44441E+03  8.05264E+02  0.00000E+00  1.11826E+03  1.53556E+03  4.43863E+03  3.97602E+03  3.17182E+02  1.78262E+02  1.72284E+01  0.00000E+00  0.00000E+00  0.00000E+00  0.00000E+00  0.00000E+00  0.00000E+00
  0.00000E+00  0.00000E+00  0.00000E+00  0.00000E+00  0.00000E+00  0.00000E+00  0.00000E+00  0.00000E+00  0.00000E+00  0.00000E+00  0.00000E+00  0.00000E+00  0.00000E+00  0.00000E+00  0.00000E+00  0.00000E+00  0.00000E+00  0.00000E+00  0.00000E+00  0.00000E+00  0.00000E+00  0.00000E+00  2.71082E+03  2.36438E+03  1.14584E+02  4.58817E+01  4.58817E+01  2.09371E+03  1.22504E+03  2.79683E+03  1.64979E+03  1.81650E+03  1.23425E+03  1.52103E+03  1.27754E+03  7.90460E+02  1.49557E+03  2.36890E+03  1.95977E+03  1.81091E+03  2.09356E+03  1.50640E+03  1.80374E+03  2.67072E+03  2.23611E+03  2.17415E+03  2.64730E+03  3.02918E+03  1.51936E+03  2.34834E+03  3.12022E+03  2.53484E+03  3.89960E+03  3.56766E+03  2.87066E+03  9.61533E+02  3.33815E+03  2.01866E+03  2.64735E+03  3.18271E+03  9.89566E+02  3.15997E+03  4.42383E+03  9.04271E+02  6.11644E+02  3.35333E+02  1.02719E+02  0.00000E+00  0.00000E+00  0.00000E+00  0.00000E+00  0.00000E+00  0.00000E+00
  0.00000E+00  0.00000E+00  0.00000E+00  0.00000E+00  0.00000E+00  0.00000E+00  0.00000E+00  0.00000E+00  0.00000E+00  0.00000E+00  0.00000E+00  0.00000E+00  0.00000E+00  0.00000E+00  0.00000E+00  0.00000E+00  0.00000E+00  0.00000E+00  0.00000E+00  0.00000E+00  0.00000E+00  0.00000E+00  7.59366E+02  4.35910E+02  2.06387E+02  0.00000E+00  1.24811E+03  1.51844E+03  3.39489E+03  2.30695E+03  1.93653E+03  1.43799E+03  1.45677E+03  5.54878E+02  1.56984E+03  1.40982E+03  8.87717E+02  1.67166E+03  8.11085E+02  1.44459E+03  2.17833E+03  1.18342E+03  8.99424E+02  1.20134E+03  2.34743E+03  1.97805E+03  2.55872E+03  3.53560E+03  2.32424E+03  2.39037E+03  2.67225E+03  3.02479E+03  2.15633E+03  3.52882E+03  1.67647E+03  1.56772E+03  1.62435E+03  3.77414E+03  6.75540E+03  4.53418E+03  2.44129E+03  2.57898E+03  7.00258E+02  7.68238E+00  7.32879E+02  9.97389E+02  7.21634E+02  0.00000E+00  0.00000E+00  0.00000E+00  0.00000E+00  0.00000E+00  0.00000E+00
  0.00000E+00  0.00000E+00  0.00000E+00  0.00000E+00  0.00000E+00  0.00000E+00  0.00000E+00  0.00000E+00  0.00000E+00  0.00000E+00  0.00000E+00  0.00000E+00  0.00000E+00  0.00000E+00  0.00000E+00  0.00000E+00  0.00000E+00  0.00000E+00  0.00000E+00  0.00000E+00  0.00000E+00  0.00000E+00  0.00000E+00  4.58817E+01  1.43533E+02  9.76619E+02  2.63420E+03  1.57764E+03  3.00446E+03  4.83685E+03  1.37271E+03  1.04017E+03  1.70108E+03  1.25544E+03  2.55883E+03  2.69664E+03  1.67415E+03  7.71801E+02  1.13709E+03  9.69059E+02  3.08425E+03  1.83247E+03  1.11497E+03  2.13171E+03  2.21446E+03  1.24842E+03  1.84928E+03  2.51899E+03  1.80314E+03  3.09408E+03  2.42223E+03  1.86326E+03  2.86354E+03  2.67316E+03  1.73654E+03  9.14378E+02  3.11988E+03  6.17296E+03  5.18817E+03  1.43677E+03  6.03566E+02  7.55665E+02  3.23580E+02  1.14057E+03  1.75168E+03  8.80833E+02  4.65004E+02  0.00000E+00  0.00000E+00  0.00000E+00  0.00000E+00  0.00000E+00  0.00000E+00
  0.00000E+00  0.00000E+00  0.00000E+00  0.00000E+00  0.00000E+00  0.00000E+00  0.00000E+00  0.00000E+00  0.00000E+00  0.00000E+00  0.00000E+00  0.00000E+00  0.00000E+00  0.00000E+00  0.00000E+00  0.00000E+00  0.00000E+00  0.00000E+00  0.00000E+00  0.00000E+00  0.00000E+00  0.00000E+00  0.00000E+00  0.00000E+00  5.73321E+01  9.17233E+01  2.12596E+03  1.96059E+03  3.71163E+02  4.77387E+03  3.61415E+03  1.63383E+03  5.73392E+02  2.42215E+03  2.15501E+03  4.03523E+03  2.50068E+03  7.58837E+02  2.60580E+03  2.05676E+03  2.65563E+03  2.12876E+03  2.14717E+03  4.07008E+03  1.76099E+03  1.48016E+03  2.64809E+03  1.20450E+03  1.64682E+03  5.61560E+03  4.18619E+03  1.64531E+03  1.86562E+03  2.65749E+03  4.33728E+03  7.06288E+03  6.66998E+03  5.85908E+03  3.41339E+03  1.24641E+03  1.40667E+03  5.05102E+02  5.97677E+02  4.17411E+02  1.33832E+03  4.39712E+02  6.38923E+02  2.59406E+02  0.00000E+00  0.00000E+00  0.00000E+00  0.00000E+00  0.00000E+00
  0.00000E+00  0.00000E+00  0.00000E+00  0.00000E+00  0.00000E+00  0.00000E+00  0.00000E+00  0.00000E+00  0.00000E+00  0.00000E+00  0.00000E+00  0.00000E+00  0.00000E+00  0.00000E+00  0.00000E+00  0.00000E+00  0.00000E+00  0.00000E+00  0.00000E+00  0.00000E+00  0.00000E+00  0.00000E+00  0.00000E+00  0.00000E+00  1.14904E+01  1.14824E+02  4.88346E+02  2.00276E+03  3.71163E+02  3.16008E+03  7.84992E+03  8.30883E+03  5.69314E+02  2.22325E+03  2.65422E+03  2.83515E+03  1.91531E+03  1.70360E+03  2.26006E+03  8.61282E+02  2.33454E+03  3.59691E+03  3.01568E+03  1.83940E+03  2.10284E+03  3.36910E+03  4.64937E+03  2.35613E+03  2.52171E+03  5.78601E+03  5.18231E+03  1.04374E+03  0.00000E+00  4.25820E+03  9.75340E+03  4.07354E+03  3.67061E+03  1.99616E+03  9.43477E+02  8.47320E+02  6.16847E+02  9.13392E+02  7.67396E+02  9.98992E+02  1.29196E+03  8.89244E+02  6.11835E+02  1.46362E+02  0.00000E+00  0.00000E+00  0.00000E+00  0.00000E+00  0.00000E+00
  0.00000E+00  0.00000E+00  0.00000E+00  0.00000E+00  0.00000E+00  0.00000E+00  0.00000E+00  0.00000E+00  0.00000E+00  0.00000E+00  0.00000E+00  0.00000E+00  0.00000E+00  0.00000E+00  0.00000E+00  0.00000E+00  0.00000E+00  0.00000E+00  0.00000E+00  0.00000E+00  0.00000E+00  0.00000E+00  0.00000E+00  0.00000E+00  0.00000E+00  9.17633E+01  1.26235E+02  5.48095E+02  1.04302E+03  4.80308E+03  4.21701E+03  6.50243E+03  2.01101E+03  0.00000E+00  8.61768E+02  2.66203E+03  2.37132E+03  1.56997E+03  6.48129E+02  1.12978E+03  1.67471E+03  2.44646E+03  2.01712E+03  6.27732E+02  1.80968E+03  2.16376E+03  4.55344E+03  4.35042E+03  4.56361E+03  2.27673E+03  9.23467E+02  1.32729E+03  0.00000E+00  8.89988E+02  2.89839E+03  9.01033E+01  0.00000E+00  1.28539E+02  3.65583E+02  2.04229E+02  6.55929E+02  9.37630E+02  9.39513E+02  5.39943E+02  3.93581E+02  1.02331E+03  6.17434E+02  1.68503E+02  1.28846E+02  4.28671E+01  0.00000E+00  0.00000E+00  0.00000E+00
  0.00000E+00  0.00000E+00  0.00000E+00  0.00000E+00  0.00000E+00  0.00000E+00  0.00000E+00  0.00000E+00  0.00000E+00  0.00000E+00  0.00000E+00  0.00000E+00  0.00000E+00  0.00000E+00  0.00000E+00  0.00000E+00  0.00000E+00  0.00000E+00  0.00000E+00  0.00000E+00  0.00000E+00  0.00000E+00  0.00000E+00  0.00000E+00  0.00000E+00  3.81626E+02  2.41886E+02  0.00000E+00  1.73700E+01  1.53574E+03  3.20629E+03  7.60148E+03  5.82910E+03  1.80318E+03  0.00000E+00  2.15046E+03  4.28529E+03  2.84545E+03  1.14708E+03  1.75561E+03  3.03923E+03  3.60533E+03  3.37136E+03  3.44007E+03  2.68196E+03  2.39852E+03  1.00961E+03  4.93130E+03  3.41485E+03  3.05431E+03  1.22318E+03  4.01457E+02  0.00000E+00  0.00000E+00  2.38363E+02  8.83084E+02  1.51441E+02  3.04763E+02  2.95113E+02  2.83159E+02  5.35252E+02  4.34107E+02  1.04487E+03  5.62083E+02  4.39087E+02  7.76092E+02  1.03561E+03  5.28873E+02  6.86690E+01  8.58158E+01  6.00140E+01  3.42937E+01  0.00000E+00
  0.00000E+00  0.00000E+00  0.00000E+00  0.00000E+00  0.00000E+00  0.00000E+00  0.00000E+00  0.00000E+00  0.00000E+00  0.00000E+00  0.00000E+00  0.00000E+00  0.00000E+00  0.00000E+00  0.00000E+00  0.00000E+00  0.00000E+00  0.00000E+00  0.00000E+00  0.00000E+00  0.00000E+00  0.00000E+00  0.00000E+00  0.00000E+00  0.00000E+00  9.27908E+01  2.78372E+02  0.00000E+00  0.00000E+00  6.42127E+02  4.00223E+03  3.98319E+03  6.38188E+03  7.38389E+03  0.00000E+00  1.55036E+03  6.02665E+03  6.36253E+03  3.50814E+03  1.89226E+03  3.50696E+03  1.37423E+03  8.82741E+02  3.34490E+02  4.97027E+02  5.55432E+03  3.48141E+03  1.37852E+03  3.03685E+03  1.71241E+03  3.87377E+02  0.00000E+00  0.00000E+00  7.12096E+02  3.40957E+03  8.79427E+02  1.49882E+02  3.14577E+02  7.77898E+02  3.71721E+02  7.76092E+02  4.11302E+02  4.88117E+02  8.32929E+02  8.88019E+02  7.41657E+02  1.04668E+03  7.19516E+02  1.58537E+02  1.11862E+02  1.88942E+02  7.72424E+01  0.00000E+00
  0.00000E+00  0.00000E+00  0.00000E+00  0.00000E+00  0.00000E+00  0.00000E+00  0.00000E+00  0.00000E+00  0.00000E+00  0.00000E+00  0.00000E+00  0.00000E+00  0.00000E+00  0.00000E+00  0.00000E+00  0.00000E+00  0.00000E+00  0.00000E+00  0.00000E+00  0.00000E+00  0.00000E+00  0.00000E+00  0.00000E+00  0.00000E+00  0.00000E+00  0.00000E+00  1.85582E+02  0.00000E+00  0.00000E+00  5.23382E+02  1.87416E+03  3.51516E+03  5.47783E+03  5.81015E+03  9.72483E+01  1.71258E+03  5.00817E+03  4.49737E+03  4.10356E+03  1.27600E+03  8.02972E+02  3.43645E+02  3.29050E+02  1.62897E+03  2.80416E+03  4.73515E+03  5.03721E+03  6.90149E+02  2.31682E+03  4.37867E+02  0.00000E+00  0.00000E+00  0.00000E+00  7.84515E+01  5.55185E+02  1.88146E+02  1.26577E+02  8.31443E+02  1.49983E+03  9.74172E+02  1.01869E+03  1.08560E+03  1.37686E+03  3.45786E+02  5.17803E+02  7.19516E+02  7.65022E+02  6.83809E+02  4.54944E+02  9.45524E+01  3.43753E+01  1.11862E+02  1.72284E+01
  0.00000E+00  0.00000E+00  0.00000E+00  0.00000E+00  0.00000E+00  0.00000E+00  0.00000E+00  0.00000E+00  0.00000E+00  0.00000E+00  0.00000E+00  0.00000E+00  0.00000E+00  0.00000E+00  0.00000E+00  0.00000E+00  0.00000E+00  0.00000E+00  0.00000E+00  0.00000E+00  0.00000E+00  0.00000E+00  0.00000E+00  0.00000E+00  0.00000E+00  0.00000E+00  1.85582E+02  5.56745E+02  0.00000E+00  0.00000E+00  0.00000E+00  1.06543E+03  6.44773E+03  5.38051E+03  1.60034E+03  1.90523E+03  5.90680E+03  3.51904E+03  1.08125E+03  2.99376E+02  4.16923E+02  1.96014E+02  2.28938E+03  4.38298E+03  4.34092E+03  5.49602E+03  3.19207E+03  2.48225E+02  3.14442E+02  5.93124E+00  1.58710E+03  3.95273E+02  0.00000E+00  0.00000E+00  1.21665E+02  7.73240E+01  2.18805E+02  7.48014E+02  1.19089E+03  1.36487E+03  1.24151E+03  1.29051E+03  9.45796E+02  1.04863E+03  9.79030E+02  3.03795E+02  6.18660E+02  4.30303E+01  5.16853E+01  7.71608E+01  4.28671E+01  8.57342E+00  0.00000E+00
  0.00000E+00  0.00000E+00  0.00000E+00  0.00000E+00  0.00000E+00  0.00000E+00  0.00000E+00  0.00000E+00  0.00000E+00  0.00000E+00  0.00000E+00  0.00000E+00  0.00000E+00  0.00000E+00  0.00000E+00  0.00000E+00  0.00000E+00  0.00000E+00  0.00000E+00  0.00000E+00  0.00000E+00  0.00000E+00  0.00000E+00  0.00000E+00  0.00000E+00  0.00000E+00  0.00000E+00  1.85582E+02  1.39973E+03  3.38142E+02  0.00000E+00  1.72987E+01  3.45436E+03  2.16978E+03  1.16509E+03  1.09633E+02  6.63337E+02  1.69114E+03  2.65447E+02  1.11124E+03  2.96308E+03  5.04356E+03  2.47177E+03  4.77142E+03  6.05382E+03  3.22947E+03  4.41516E+02  2.08326E+02  7.41894E+01  3.76259E+02  1.27329E+03  0.00000E+00  3.37005E+02  2.54726E+02  1.37664E+02  9.04980E+01  7.27891E+02  5.06733E+02  3.60370E+02  4.72297E+02  1.00445E+03  9.19109E+02  6.62748E+02  9.15956E+02  3.94296E+02  6.88321E+01  2.50919E+02  1.11862E+02  1.03044E+02  5.15221E+01  2.57203E+01  0.00000E+00  0.00000E+00
  0.00000E+00  0.00000E+00  0.00000E+00  0.00000E+00  0.00000E+00  0.00000E+00  0.00000E+00  0.00000E+00  0.00000E+00  0.00000E+00  0.00000E+00  0.00000E+00  0.00000E+00  0.00000E+00  0.00000E+00  0.00000E+00  0.00000E+00  0.00000E+00  0.00000E+00  0.00000E+00  0.00000E+00  0.00000E+00  0.00000E+00  0.00000E+00  0.00000E+00  0.00000E+00  0.00000E+00  9.27908E+01  1.50578E+03  2.08389E+03  0.00000E+00  0.00000E+00  0.00000E+00  0.00000E+00  0.00000E+00  3.72392E+01  6.66835E+01  4.02926E+02  6.82805E+01  1.36468E+03  1.31252E+03  4.09072E+03  4.88737E+03  2.83459E+03  1.58507E+03  0.00000E+00  0.00000E+00  4.46915E+01  5.94491E+00  0.00000E+00  0.00000E+00  3.82511E+02  6.96151E+02  6.01771E+01  3.44569E+01  5.13150E+00  3.98681E+02  5.96519E+02  4.95663E+02  5.51014E+02  5.49789E+02  2.90369E+02  1.28920E+02  1.58144E+02  6.59928E+02  1.37932E+02  4.29487E+01  1.89186E+02  3.64487E+02  8.58158E+01  0.00000E+00  0.00000E+00  0.00000E+00
  0.00000E+00  0.00000E+00  0.00000E+00  0.00000E+00  0.00000E+00  0.00000E+00  0.00000E+00  0.00000E+00  0.00000E+00  0.00000E+00  0.00000E+00  0.00000E+00  0.00000E+00  0.00000E+00  0.00000E+00  0.00000E+00  0.00000E+00  0.00000E+00  0.00000E+00  0.00000E+00  0.00000E+00  0.00000E+00  0.00000E+00  0.00000E+00  0.00000E+00  0.00000E+00  0.00000E+00  0.00000E+00  2.52424E+02  1.95255E+03  1.77797E+03  6.23587E+02  5.56745E+02  0.00000E+00  0.00000E+00  0.00000E+00  0.00000E+00  1.28192E+02  3.12942E+01  1.31745E+02  4.39108E+02  1.09376E+03  2.80355E+03  9.39642E+02  6.64381E+01  1.70413E+01  5.94491E+00  5.94491E+00  6.20688E+02  5.62316E+02  3.60370E+02  5.06733E+02  9.49585E+02  4.29487E+01  0.00000E+00  2.54992E+00  1.68503E+02  7.87162E+01  5.28873E+02  3.80061E+02  1.13748E+03  7.82009E+02  1.72366E+02  0.00000E+00  2.95617E+02  1.26001E+02  3.79808E+02  5.27601E+02  5.73058E+02  6.08489E+02  1.39849E+02  0.00000E+00  0.00000E+00
  0.00000E+00  0.00000E+00  0.00000E+00  0.00000E+00  0.00000E+00  0.00000E+00  0.00000E+00  0.00000E+00  0.00000E+00  0.00000E+00  0.00000E+00  0.00000E+00  0.00000E+00  0.00000E+00  0.00000E+00  0.00000E+00  0.00000E+00  0.00000E+00  0.00000E+00  0.00000E+00  0.00000E+00  0.00000E+00  0.00000E+00  0.00000E+00  0.00000E+00  0.00000E+00  0.00000E+00  0.00000E+00  0.00000E+00  3.45214E+02  4.63954E+02  0.00000E+00  0.00000E+00  0.00000E+00  0.00000E+00  0.00000E+00  1.85582E+02  1.89483E+03  2.57372E+02  2.27338E+02  1.65825E+02  6.37727E+01  5.18654E+01  6.42657E+01  6.50000E+01  8.80847E+00  9.53902E+01  0.00000E+00  1.12003E+02  3.57664E+01  1.10702E+01  3.71441E+02  2.57039E+02  0.00000E+00  3.83421E+01  4.01440E+02  4.67367E+02  8.02676E+02  2.39585E+02  5.28873E+02  1.02268E+03  1.24462E+03  2.61826E+02  2.63697E+02  4.87336E+02  9.11833E+01  1.61871E+02  6.30813E+02  1.22997E+02  1.57836E+02  1.10702E+01  0.00000E+00  0.00000E+00
  0.00000E+00  0.00000E+00  0.00000E+00  0.00000E+00  0.00000E+00  0.00000E+00  0.00000E+00  0.00000E+00  0.00000E+00  0.00000E+00  0.00000E+00  0.00000E+00  0.00000E+00  0.00000E+00  0.00000E+00  0.00000E+00  0.00000E+00  0.00000E+00  0.00000E+00  0.00000E+00  0.00000E+00  0.00000E+00  0.00000E+00  0.00000E+00  0.00000E+00  0.00000E+00  0.00000E+00  0.00000E+00  0.00000E+00  0.00000E+00  0.00000E+00  2.07668E+02  0.00000E+00  0.00000E+00  9.27908E+01  2.78372E+02  2.63821E+03  3.98900E+02  4.09908E+02  3.95207E+02  2.79271E+02  1.68563E+02  2.91692E+01  7.52342E+01  1.63833E+02  6.25884E+01  1.26684E+02  2.23582E+02  0.00000E+00  1.07299E+02  1.78832E+02  3.04937E+02  2.82773E+02  2.51106E+02  2.01713E+02  4.57520E+02  4.99656E+02  5.57458E+02  8.89094E+02  3.89389E+02  2.02938E+02  4.06137E+02  5.49095E+02  3.31038E+02  6.39741E+02  3.63884E+02  5.06793E+02  2.68918E+02  1.56208E+02  2.01713E+02  0.00000E+00  0.00000E+00  0.00000E+00
  0.00000E+00  0.00000E+00  0.00000E+00  0.00000E+00  0.00000E+00  0.00000E+00  0.00000E+00  0.00000E+00  0.00000E+00  0.00000E+00  0.00000E+00  0.00000E+00  0.00000E+00  0.00000E+00  0.00000E+00  0.00000E+00  0.00000E+00  0.00000E+00  0.00000E+00  0.00000E+00  0.00000E+00  0.00000E+00  0.00000E+00  0.00000E+00  0.00000E+00  0.00000E+00  0.00000E+00  0.00000E+00  0.00000E+00  0.00000E+00  0.00000E+00  4.99719E+02  2.10959E+02  4.63954E+02  8.35117E+02  9.27908E+01  1.01024E+02  9.34741E+01  4.73389E+02  5.11411E+02  4.16854E+02  3.14985E+02  1.04439E+02  2.39320E+02  3.68365E+02  2.87678E+02  4.28952E+01  6.96056E+01  0.00000E+00  3.57664E+01  0.00000E+00  3.57664E+01  3.57664E+01  4.37862E+02  2.54992E+00  4.41303E+02  4.04216E+02  1.07975E+03  2.14358E+03  1.39880E+02  0.00000E+00  0.00000E+00  2.58018E+01  2.49750E+02  1.37625E+02  3.82440E+02  6.06364E+02  5.51014E+02  7.87162E+01  0.00000E+00  0.00000E+00  0.00000E+00  0.00000E+00
  0.00000E+00  0.00000E+00  0.00000E+00  0.00000E+00  0.00000E+00  0.00000E+00  0.00000E+00  0.00000E+00  0.00000E+00  0.00000E+00  0.00000E+00  0.00000E+00  0.00000E+00  0.00000E+00  0.00000E+00  0.00000E+00  0.00000E+00  0.00000E+00  0.00000E+00  0.00000E+00  0.00000E+00  0.00000E+00  0.00000E+00  0.00000E+00  0.00000E+00  0.00000E+00  0.00000E+00  0.00000E+00  0.00000E+00  0.00000E+00  0.00000E+00  8.43835E+01  0.00000E+00  2.78372E+02  6.49535E+02  4.13355E+02  0.00000E+00  2.58497E+01  2.52741E+01  1.34494E+02  5.27031E+02  7.37461E+02  4.64457E+02  5.14275E+02  2.54876E+02  1.56783E+02  3.88788E+02  4.10992E+02  9.84626E+02  3.21898E+02  1.38780E+02  6.72472E+01  6.38563E+02  6.02962E+02  0.00000E+00  7.87162E+02  1.03407E+02  8.45264E+02  5.06533E+02  0.00000E+00  0.00000E+00  0.00000E+00  4.83488E+01  5.37437E+02  1.35249E+02  5.36258E+02  1.14003E+03  1.15147E+03  3.36739E+02  6.18660E+02  0.00000E+00  0.00000E+00  0.00000E+00
  0.00000E+00  0.00000E+00  0.00000E+00  0.00000E+00  0.00000E+00  0.00000E+00  0.00000E+00  0.00000E+00  0.00000E+00  0.00000E+00  0.00000E+00  0.00000E+00  0.00000E+00  0.00000E+00  0.00000E+00  0.00000E+00  0.00000E+00  0.00000E+00  0.00000E+00  0.00000E+00  0.00000E+00  0.00000E+00  0.00000E+00  0.00000E+00  0.00000E+00  0.00000E+00  0.00000E+00  0.00000E+00  0.00000E+00  0.00000E+00  0.00000E+00  0.00000E+00  0.00000E+00  0.00000E+00  0.00000E+00  0.00000E+00  0.00000E+00  0.00000E+00  0.00000E+00  0.00000E+00  4.69516E+02  6.71258E+02  1.67296E+02  1.95303E+02  0.00000E+00  0.00000E+00  3.23544E+02  1.79174E+02  1.47693E+02  6.15653E+02  8.38483E+02  1.33887E+02  3.57664E+02  1.91382E+02  5.04340E+02  8.91937E+02  1.60504E+03  9.29469E+02  4.32164E+01  4.32164E+01  0.00000E+00  0.00000E+00  3.41384E+02  3.56429E+02  6.54274E+02  6.05891E+02  3.28568E+02  6.49361E+02  2.15031E+02  7.25674E+02  3.37005E+02  0.00000E+00  0.00000E+00
  0.00000E+00  0.00000E+00  0.00000E+00  0.00000E+00  0.00000E+00  0.00000E+00  0.00000E+00  0.00000E+00  0.00000E+00  0.00000E+00  0.00000E+00  0.00000E+00  0.00000E+00  0.00000E+00  0.00000E+00  0.00000E+00  0.00000E+00  0.00000E+00  0.00000E+00  0.00000E+00  0.00000E+00  0.00000E+00  0.00000E+00  0.00000E+00  0.00000E+00  0.00000E+00  0.00000E+00  0.00000E+00  0.00000E+00  0.00000E+00  0.00000E+00  0.00000E+00  0.00000E+00  0.00000E+00  0.00000E+00  0.00000E+00  0.00000E+00  0.00000E+00  0.00000E+00  0.00000E+00  0.00000E+00  2.68989E+02  3.35629E+02  3.36366E+02  2.01672E+00  3.97999E+01  3.64387E+01  1.07299E+02  2.86131E+02  3.57664E+02  1.18818E+03  7.05810E+02  1.07299E+02  3.37462E+02  2.11155E+03  2.02799E+03  3.37913E+03  1.70322E+03  6.40615E+02  4.63667E+02  1.81007E+02  2.49804E+02  4.96802E+02  7.59304E+02  9.68075E+01  0.00000E+00  1.02963E+02  1.20436E+02  1.83153E+02  1.52439E+02  7.87162E+01  0.00000E+00  0.00000E+00
  0.00000E+00  0.00000E+00  0.00000E+00  0.00000E+00  0.00000E+00  0.00000E+00  0.00000E+00  0.00000E+00  0.00000E+00  0.00000E+00  0.00000E+00  0.00000E+00  0.00000E+00  0.00000E+00  0.00000E+00  0.00000E+00  0.00000E+00  0.00000E+00  0.00000E+00  0.00000E+00  0.00000E+00  0.00000E+00  0.00000E+00  0.00000E+00  0.00000E+00  0.00000E+00  0.00000E+00  0.00000E+00  0.00000E+00  0.00000E+00  0.00000E+00  0.00000E+00  0.00000E+00  0.00000E+00  0.00000E+00  0.00000E+00  0.00000E+00  0.00000E+00  0.00000E+00  0.00000E+00  0.00000E+00  5.16316E+00  0.00000E+00  6.04206E+02  7.46418E+01  2.68897E+00  4.70569E+00  3.23915E+02  3.21898E+02  2.50365E+02  2.27271E+02  1.78832E+02  4.29197E+02  1.85765E+03  2.27996E+03  1.60375E+03  1.73828E+03  2.77673E+03  2.18457E+03  8.21763E+02  2.09248E+02  2.70502E+02  8.43970E+02  5.16910E+02  0.00000E+00  4.59088E+01  1.77336E+02  7.72424E+01  1.71468E+01  1.71468E+01  0.00000E+00  0.00000E+00  0.00000E+00
  0.00000E+00  0.00000E+00  0.00000E+00  0.00000E+00  0.00000E+00  0.00000E+00  0.00000E+00  0.00000E+00  0.00000E+00  0.00000E+00  0.00000E+00  0.00000E+00  0.00000E+00  0.00000E+00  0.00000E+00  0.00000E+00  0.00000E+00  0.00000E+00  0.00000E+00  0.00000E+00  0.00000E+00  0.00000E+00  0.00000E+00  0.00000E+00  0.00000E+00  0.00000E+00  0.00000E+00  0.00000E+00  0.00000E+00  0.00000E+00  0.00000E+00  0.00000E+00  0.00000E+00  0.00000E+00  0.00000E+00  0.00000E+00  0.00000E+00  0.00000E+00  0.00000E+00  0.00000E+00  0.00000E+00  1.03409E+02  6.72242E-01  7.39466E+00  8.73914E+00  3.36121E+00  3.36121E+00  1.09988E+02  1.78832E+02  9.13261E+02  1.09788E+03  1.77345E+03  1.07299E+02  2.76578E+03  2.68159E+03  6.21575E+02  2.79665E+03  6.36712E+02  6.24165E+02  7.10729E+02  2.97798E+02  7.59566E+02  1.15946E+03  7.96080E+02  2.01012E+02  5.67698E+02  3.41228E+02  6.87505E+01  2.57203E+01  0.00000E+00  0.00000E+00  0.00000E+00  0.00000E+00
  0.00000E+00  0.00000E+00  0.00000E+00  0.00000E+00  0.00000E+00  0.00000E+00  0.00000E+00  0.00000E+00  0.00000E+00  0.00000E+00  0.00000E+00  0.00000E+00  0.00000E+00  0.00000E+00  0.00000E+00  0.00000E+00  0.00000E+00  0.00000E+00  0.00000E+00  0.00000E+00  0.00000E+00  0.00000E+00  0.00000E+00  0.00000E+00  0.00000E+00  0.00000E+00  0.00000E+00  0.00000E+00  0.00000E+00  0.00000E+00  0.00000E+00  0.00000E+00  0.00000E+00  0.00000E+00  0.00000E+00  0.00000E+00  0.00000E+00  0.00000E+00  0.00000E+00  0.00000E+00  0.00000E+00  0.00000E+00  0.00000E+00  4.03345E+00  4.03345E+00  3.36121E+00  3.77832E+01  2.93526E+02  6.36909E+02  2.99130E+03  1.68924E+03  1.94186E+03  2.53258E+02  2.06431E+03  3.38992E+03  1.34317E+03  1.07723E+03  4.59405E+01  1.89967E+02  1.22395E+02  4.61318E+02  9.33972E+02  1.43939E+03  8.75976E+02  1.36297E+03  7.97184E+02  2.86213E+02  1.71468E+01  0.00000E+00  0.00000E+00  0.00000E+00  0.00000E+00  0.00000E+00
  0.00000E+00  0.00000E+00  0.00000E+00  0.00000E+00  0.00000E+00  0.00000E+00  0.00000E+00  0.00000E+00  0.00000E+00  0.00000E+00  0.00000E+00  0.00000E+00  0.00000E+00  0.00000E+00  0.00000E+00  0.00000E+00  0.00000E+00  0.00000E+00  0.00000E+00  0.00000E+00  0.00000E+00  0.00000E+00  0.00000E+00  0.00000E+00  0.00000E+00  0.00000E+00  0.00000E+00  0.00000E+00  0.00000E+00  0.00000E+00  0.00000E+00  0.00000E+00  0.00000E+00  0.00000E+00  0.00000E+00  0.00000E+00  0.00000E+00  0.00000E+00  0.00000E+00  0.00000E+00  0.00000E+00  0.00000E+00  0.00000E+00  0.00000E+00  0.00000E+00  6.72242E-01  3.64387E+01  1.82866E+02  4.55184E+02  2.91751E+03  2.44902E+03  2.53386E+03  1.25362E+03  1.38173E+02  1.00385E+03  8.03324E+02  6.72472E+01  0.00000E+00  2.64305E+02  5.30613E+02  5.05350E+02  3.43992E+02  5.37793E+00  1.43027E+02  1.21258E+03  8.91252E+01  0.00000E+00  0.00000E+00  0.00000E+00  0.00000E+00  0.00000E+00  0.00000E+00  0.00000E+00
  0.00000E+00  0.00000E+00  0.00000E+00  0.00000E+00  0.00000E+00  0.00000E+00  0.00000E+00  0.00000E+00  0.00000E+00  0.00000E+00  0.00000E+00  0.00000E+00  0.00000E+00  0.00000E+00  0.00000E+00  0.00000E+00  0.00000E+00  0.00000E+00  0.00000E+00  0.00000E+00  0.00000E+00  0.00000E+00  0.00000E+00  0.00000E+00  0.00000E+00  0.00000E+00  0.00000E+00  0.00000E+00  0.00000E+00  0.00000E+00  0.00000E+00  0.00000E+00  0.00000E+00  0.00000E+00  0.00000E+00  0.00000E+00  0.00000E+00  0.00000E+00  0.00000E+00  0.00000E+00  0.00000E+00  0.00000E+00  0.00000E+00  0.00000E+00  6.89905E+01  2.27767E+02  3.20958E+03  2.05047E+03  1.28111E+03  2.62947E+02  2.86131E+02  4.19418E+02  3.57664E+02  7.15328E+01  6.01582E+02  1.07049E+03  8.02716E+02  3.35022E+02  2.39333E+02  6.19084E+02  3.76448E+02  4.03345E+00  2.68897E+00  2.01672E+00  5.13150E+00  3.79786E+02  0.00000E+00  0.00000E+00  0.00000E+00  0.00000E+00  0.00000E+00  0.00000E+00  0.00000E+00
  0.00000E+00  0.00000E+00  0.00000E+00  0.00000E+00  0.00000E+00  0.00000E+00  0.00000E+00  0.00000E+00  0.00000E+00  0.00000E+00  0.00000E+00  0.00000E+00  0.00000E+00  0.00000E+00  0.00000E+00  0.00000E+00  0.00000E+00  0.00000E+00  0.00000E+00  0.00000E+00  0.00000E+00  0.00000E+00  0.00000E+00  0.00000E+00  0.00000E+00  0.00000E+00  0.00000E+00  0.00000E+00  0.00000E+00  0.00000E+00  0.00000E+00  0.00000E+00  0.00000E+00  0.00000E+00  0.00000E+00  0.00000E+00  0.00000E+00  0.00000E+00  0.00000E+00  0.00000E+00  0.00000E+00  0.00000E+00  0.00000E+00  0.00000E+00  2.25078E+02  1.86345E+03  1.42372E+03  1.43534E+03  1.46202E+03  8.91586E+02  1.04736E+03  3.90245E+02  4.29197E+02  5.36497E+02  1.78832E+02  3.34415E+02  6.68894E+02  3.72792E+02  6.25605E+02  6.00188E+02  1.95519E+02  0.00000E+00  0.00000E+00  0.00000E+00  2.58158E+00  9.95950E+01  0.00000E+00  0.00000E+00  0.00000E+00  0.00000E+00  0.00000E+00  0.00000E+00  0.00000E+00
  0.00000E+00  0.00000E+00  0.00000E+00  0.00000E+00  0.00000E+00  0.00000E+00  0.00000E+00  0.00000E+00  0.00000E+00  0.00000E+00  0.00000E+00  0.00000E+00  0.00000E+00  0.00000E+00  0.00000E+00  0.00000E+00  0.00000E+00  0.00000E+00  0.00000E+00  0.00000E+00  0.00000E+00  0.00000E+00  0.00000E+00  0.00000E+00  0.00000E+00  0.00000E+00  0.00000E+00  0.00000E+00  0.00000E+00  0.00000E+00  0.00000E+00  0.00000E+00  0.00000E+00  0.00000E+00  0.00000E+00  0.00000E+00  0.00000E+00  0.00000E+00  0.00000E+00  0.00000E+00  0.00000E+00  0.00000E+00  0.00000E+00  0.00000E+00  1.10702E+01  1.91193E+02  0.00000E+00  0.00000E+00  5.13245E+00  8.20213E+02  1.01370E+03  1.91415E+02  1.07299E+02  4.64964E+02  3.57664E+02  1.78832E+02  2.68897E+00  7.11526E+02  7.12050E+02  9.87533E+02  1.82204E+02  0.00000E+00  0.00000E+00  0.00000E+00  0.00000E+00  0.00000E+00  0.00000E+00  0.00000E+00  0.00000E+00  0.00000E+00  0.00000E+00  0.00000E+00  0.00000E+00
  0.00000E+00  0.00000E+00  0.00000E+00  0.00000E+00  0.00000E+00  0.00000E+00  0.00000E+00  0.00000E+00  0.00000E+00  0.00000E+00  0.00000E+00  0.00000E+00  0.00000E+00  0.00000E+00  0.00000E+00  0.00000E+00  0.00000E+00  0.00000E+00  0.00000E+00  0.00000E+00  0.00000E+00  0.00000E+00  0.00000E+00  0.00000E+00  0.00000E+00  0.00000E+00  0.00000E+00  0.00000E+00  0.00000E+00  0.00000E+00  0.00000E+00  0.00000E+00  0.00000E+00  0.00000E+00  0.00000E+00  0.00000E+00  0.00000E+00  0.00000E+00  0.00000E+00  0.00000E+00  0.00000E+00  0.00000E+00  0.00000E+00  0.00000E+00  0.00000E+00  0.00000E+00  1.60439E+03  0.00000E+00  1.71468E+01  1.51628E+02  1.37441E+02  7.15328E+01  7.15328E+01  3.93431E+02  2.50365E+02  1.07299E+02  1.81521E+02  4.15851E+02  6.68829E+02  4.03874E+02  2.68897E+00  0.00000E+00  0.00000E+00  0.00000E+00  0.00000E+00  0.00000E+00  0.00000E+00  0.00000E+00  0.00000E+00  0.00000E+00  0.00000E+00  0.00000E+00  0.00000E+00
  0.00000E+00  0.00000E+00  0.00000E+00  0.00000E+00  0.00000E+00  0.00000E+00  0.00000E+00  0.00000E+00  0.00000E+00  0.00000E+00  0.00000E+00  0.00000E+00  0.00000E+00  0.00000E+00  0.00000E+00  0.00000E+00  0.00000E+00  0.00000E+00  0.00000E+00  0.00000E+00  0.00000E+00  0.00000E+00  0.00000E+00  0.00000E+00  0.00000E+00  0.00000E+00  0.00000E+00  0.00000E+00  0.00000E+00  0.00000E+00  0.00000E+00  0.00000E+00  0.00000E+00  0.00000E+00  0.00000E+00  0.00000E+00  0.00000E+00  0.00000E+00  0.00000E+00  0.00000E+00  0.00000E+00  0.00000E+00  0.00000E+00  0.00000E+00  0.00000E+00  0.00000E+00  0.00000E+00  8.65501E+00  2.58834E+01  6.03403E+01  0.00000E+00  4.83162E+01  2.84973E+02  1.86547E+02  3.93431E+02  2.14599E+02  2.14599E+02  9.42169E+02  2.68447E+02  4.03345E+00  2.68897E+00  0.00000E+00  0.00000E+00  0.00000E+00  0.00000E+00  0.00000E+00  0.00000E+00  0.00000E+00  0.00000E+00  0.00000E+00  0.00000E+00  0.00000E+00  0.00000E+00
  0.00000E+00  0.00000E+00  0.00000E+00  0.00000E+00  0.00000E+00  0.00000E+00  0.00000E+00  0.00000E+00  0.00000E+00  0.00000E+00  0.00000E+00  0.00000E+00  0.00000E+00  0.00000E+00  0.00000E+00  0.00000E+00  0.00000E+00  0.00000E+00  0.00000E+00  0.00000E+00  0.00000E+00  0.00000E+00  0.00000E+00  0.00000E+00  0.00000E+00  0.00000E+00  0.00000E+00  0.00000E+00  0.00000E+00  0.00000E+00  0.00000E+00  0.00000E+00  0.00000E+00  0.00000E+00  0.00000E+00  0.00000E+00  0.00000E+00  0.00000E+00  0.00000E+00  0.00000E+00  0.00000E+00  0.00000E+00  0.00000E+00  0.00000E+00  0.00000E+00  0.00000E+00  0.00000E+00  6.91585E+01  1.90002E+02  1.03371E+02  0.00000E+00  6.89741E+02  5.01778E+02  3.98562E+02  3.57664E+02  1.43066E+02  3.57664E+02  1.16588E+03  6.08427E+02  4.70569E+00  1.34448E+00  0.00000E+00  0.00000E+00  0.00000E+00  0.00000E+00  0.00000E+00  0.00000E+00  0.00000E+00  0.00000E+00  0.00000E+00  0.00000E+00  0.00000E+00  0.00000E+00
  0.00000E+00  0.00000E+00  0.00000E+00  0.00000E+00  0.00000E+00  0.00000E+00  0.00000E+00  0.00000E+00  0.00000E+00  0.00000E+00  0.00000E+00  0.00000E+00  0.00000E+00  0.00000E+00  0.00000E+00  0.00000E+00  0.00000E+00  0.00000E+00  0.00000E+00  0.00000E+00  0.00000E+00  0.00000E+00  0.00000E+00  0.00000E+00  0.00000E+00  0.00000E+00  0.00000E+00  0.00000E+00  0.00000E+00  0.00000E+00  0.00000E+00  0.00000E+00  0.00000E+00  0.00000E+00  0.00000E+00  0.00000E+00  0.00000E+00  0.00000E+00  0.00000E+00  0.00000E+00  0.00000E+00  0.00000E+00  0.00000E+00  0.00000E+00  0.00000E+00  0.00000E+00  0.00000E+00  8.63053E+01  2.06660E+02  1.55056E+02  1.47507E+02  5.15503E+02  1.36277E+03  7.55739E+02  5.13854E+02  4.10840E+02  1.43066E+02  2.71453E+02  2.01872E+02  2.68897E+00  0.00000E+00  0.00000E+00  0.00000E+00  0.00000E+00  0.00000E+00  0.00000E+00  0.00000E+00  0.00000E+00  0.00000E+00  0.00000E+00  0.00000E+00  0.00000E+00  0.00000E+00
  0.00000E+00  0.00000E+00  0.00000E+00  0.00000E+00  0.00000E+00  0.00000E+00  0.00000E+00  0.00000E+00  0.00000E+00  0.00000E+00  0.00000E+00  0.00000E+00  0.00000E+00  0.00000E+00  0.00000E+00  0.00000E+00  0.00000E+00  0.00000E+00  0.00000E+00  0.00000E+00  0.00000E+00  0.00000E+00  0.00000E+00  0.00000E+00  0.00000E+00  0.00000E+00  0.00000E+00  0.00000E+00  0.00000E+00  0.00000E+00  0.00000E+00  0.00000E+00  0.00000E+00  0.00000E+00  0.00000E+00  0.00000E+00  0.00000E+00  0.00000E+00  0.00000E+00  0.00000E+00  0.00000E+00  0.00000E+00  0.00000E+00  0.00000E+00  0.00000E+00  0.00000E+00  0.00000E+00  4.31934E+01  2.38048E+02  5.15221E+01  1.82628E+03  3.55328E+03  1.38684E+03  6.37349E+02  6.36741E+02  4.67087E+02  1.43066E+02  7.15328E+01  5.37793E+00  4.70569E+00  0.00000E+00  0.00000E+00  0.00000E+00  0.00000E+00  0.00000E+00  0.00000E+00  0.00000E+00  0.00000E+00  0.00000E+00  0.00000E+00  0.00000E+00  0.00000E+00  0.00000E+00
  0.00000E+00  0.00000E+00  0.00000E+00  0.00000E+00  0.00000E+00  0.00000E+00  0.00000E+00  0.00000E+00  0.00000E+00  0.00000E+00  0.00000E+00  0.00000E+00  0.00000E+00  0.00000E+00  0.00000E+00  0.00000E+00  0.00000E+00  0.00000E+00  0.00000E+00  0.00000E+00  0.00000E+00  0.00000E+00  0.00000E+00  0.00000E+00  0.00000E+00  0.00000E+00  0.00000E+00  0.00000E+00  0.00000E+00  0.00000E+00  0.00000E+00  0.00000E+00  0.00000E+00  0.00000E+00  0.00000E+00  0.00000E+00  0.00000E+00  0.00000E+00  0.00000E+00  0.00000E+00  0.00000E+00  0.00000E+00  0.00000E+00  0.00000E+00  0.00000E+00  0.00000E+00  0.00000E+00  1.35972E+02  1.66337E+03  1.51826E+03  2.95360E+03  1.24955E+03  9.46340E+01  5.48307E+02  2.28929E+02  4.95852E+02  1.33887E+02  0.00000E+00  0.00000E+00  2.01672E+00  0.00000E+00  0.00000E+00  0.00000E+00  0.00000E+00  0.00000E+00  0.00000E+00  0.00000E+00  0.00000E+00  0.00000E+00  0.00000E+00  0.00000E+00  0.00000E+00  0.00000E+00
  0.00000E+00  0.00000E+00  0.00000E+00  0.00000E+00  0.00000E+00  0.00000E+00  0.00000E+00  0.00000E+00  0.00000E+00  0.00000E+00  0.00000E+00  0.00000E+00  0.00000E+00  0.00000E+00  0.00000E+00  0.00000E+00  0.00000E+00  0.00000E+00  0.00000E+00  0.00000E+00  0.00000E+00  0.00000E+00  0.00000E+00  0.00000E+00  0.00000E+00  0.00000E+00  0.00000E+00  0.00000E+00  0.00000E+00  0.00000E+00  0.00000E+00  0.00000E+00  0.00000E+00  0.00000E+00  0.00000E+00  0.00000E+00  0.00000E+00  0.00000E+00  0.00000E+00  0.00000E+00  0.00000E+00  0.00000E+00  0.00000E+00  0.00000E+00  0.00000E+00  0.00000E+00  0.00000E+00  5.06515E+02  2.02606E+03  2.87068E+03  3.54561E+03  1.34233E+03  5.20613E+02  3.98254E+02  6.73613E+02  1.37583E+02  0.00000E+00  0.00000E+00  0.00000E+00  6.72242E-01  0.00000E+00  0.00000E+00  0.00000E+00  0.00000E+00  0.00000E+00  0.00000E+00  0.00000E+00  0.00000E+00  0.00000E+00  0.00000E+00  0.00000E+00  0.00000E+00  0.00000E+00
  0.00000E+00  0.00000E+00  0.00000E+00  0.00000E+00  0.00000E+00  0.00000E+00  0.00000E+00  0.00000E+00  0.00000E+00  0.00000E+00  0.00000E+00  0.00000E+00  0.00000E+00  0.00000E+00  0.00000E+00  0.00000E+00  0.00000E+00  0.00000E+00  0.00000E+00  0.00000E+00  0.00000E+00  0.00000E+00  0.00000E+00  0.00000E+00  0.00000E+00  0.00000E+00  0.00000E+00  0.00000E+00  0.00000E+00  0.00000E+00  0.00000E+00  0.00000E+00  0.00000E+00  0.00000E+00  0.00000E+00  0.00000E+00  0.00000E+00  0.00000E+00  0.00000E+00  0.00000E+00  0.00000E+00  0.00000E+00  0.00000E+00  0.00000E+00  0.00000E+00  0.00000E+00  0.00000E+00  0.00000E+00  1.68860E+03  2.53322E+03  1.77216E+03  2.35389E+03  5.66356E+02  7.05810E+02  4.68302E+02  1.72284E+01  0.00000E+00  0.00000E+00  6.72242E-01  4.03345E+00  0.00000E+00  0.00000E+00  0.00000E+00  0.00000E+00  0.00000E+00  0.00000E+00  0.00000E+00  0.00000E+00  0.00000E+00  0.00000E+00  0.00000E+00  0.00000E+00  0.00000E+00
  0.00000E+00  0.00000E+00  0.00000E+00  0.00000E+00  0.00000E+00  0.00000E+00  0.00000E+00  0.00000E+00  0.00000E+00  0.00000E+00  0.00000E+00  0.00000E+00  0.00000E+00  0.00000E+00  0.00000E+00  0.00000E+00  0.00000E+00  0.00000E+00  0.00000E+00  0.00000E+00  0.00000E+00  0.00000E+00  0.00000E+00  0.00000E+00  0.00000E+00  0.00000E+00  0.00000E+00  0.00000E+00  0.00000E+00  0.00000E+00  0.00000E+00  0.00000E+00  0.00000E+00  0.00000E+00  0.00000E+00  0.00000E+00  0.00000E+00  0.00000E+00  0.00000E+00  0.00000E+00  0.00000E+00  0.00000E+00  0.00000E+00  0.00000E+00  0.00000E+00  0.00000E+00  0.00000E+00  0.00000E+00  2.19511E+03  3.20750E+03  2.19319E+03  1.92301E+03  3.42381E+02  2.05420E+02  0.00000E+00  0.00000E+00  0.00000E+00  0.00000E+00  0.00000E+00  3.36121E+00  0.00000E+00  0.00000E+00  0.00000E+00  0.00000E+00  0.00000E+00  0.00000E+00  0.00000E+00  0.00000E+00  0.00000E+00  0.00000E+00  0.00000E+00  0.00000E+00  0.00000E+00
  0.00000E+00  0.00000E+00  0.00000E+00  0.00000E+00  0.00000E+00  0.00000E+00  0.00000E+00  0.00000E+00  0.00000E+00  0.00000E+00  0.00000E+00  0.00000E+00  0.00000E+00  0.00000E+00  0.00000E+00  0.00000E+00  0.00000E+00  0.00000E+00  0.00000E+00  0.00000E+00  0.00000E+00  0.00000E+00  0.00000E+00  0.00000E+00  0.00000E+00  0.00000E+00  0.00000E+00  0.00000E+00  0.00000E+00  0.00000E+00  0.00000E+00  0.00000E+00  0.00000E+00  0.00000E+00  0.00000E+00  0.00000E+00  0.00000E+00  0.00000E+00  0.00000E+00  0.00000E+00  0.00000E+00  0.00000E+00  0.00000E+00  0.00000E+00  0.00000E+00  0.00000E+00  0.00000E+00  0.00000E+00  1.27422E+03  3.46076E+03  2.95424E+03  1.68410E+02  2.77560E+02  1.69654E+02  0.00000E+00  3.57664E+01  0.00000E+00  3.57664E+01  2.01672E+00  4.03345E+00  0.00000E+00  0.00000E+00  0.00000E+00  0.00000E+00  0.00000E+00  0.00000E+00  0.00000E+00  0.00000E+00  0.00000E+00  0.00000E+00  0.00000E+00  0.00000E+00  0.00000E+00
  0.00000E+00  0.00000E+00  0.00000E+00  0.00000E+00  0.00000E+00  0.00000E+00  0.00000E+00  0.00000E+00  0.00000E+00  0.00000E+00  0.00000E+00  0.00000E+00  0.00000E+00  0.00000E+00  0.00000E+00  0.00000E+00  0.00000E+00  0.00000E+00  0.00000E+00  0.00000E+00  0.00000E+00  0.00000E+00  0.00000E+00  0.00000E+00  0.00000E+00  0.00000E+00  0.00000E+00  0.00000E+00  0.00000E+00  0.00000E+00  0.00000E+00  0.00000E+00  0.00000E+00  0.00000E+00  0.00000E+00  0.00000E+00  0.00000E+00  0.00000E+00  0.00000E+00  0.00000E+00  0.00000E+00  0.00000E+00  0.00000E+00  0.00000E+00  0.00000E+00  0.00000E+00  0.00000E+00  0.00000E+00  1.01352E+02  3.32672E+03  2.78519E+03  0.00000E+00  6.66401E+01  3.57664E+01  3.57664E+01  1.78832E+02  3.93431E+02  2.13207E+02  9.24566E+00  2.01672E+00  0.00000E+00  0.00000E+00  0.00000E+00  0.00000E+00  0.00000E+00  0.00000E+00  0.00000E+00  0.00000E+00  0.00000E+00  0.00000E+00  0.00000E+00  0.00000E+00  0.00000E+00
  0.00000E+00  0.00000E+00  0.00000E+00  0.00000E+00  0.00000E+00  0.00000E+00  0.00000E+00  0.00000E+00  0.00000E+00  0.00000E+00  0.00000E+00  0.00000E+00  0.00000E+00  0.00000E+00  0.00000E+00  0.00000E+00  0.00000E+00  0.00000E+00  0.00000E+00  0.00000E+00  0.00000E+00  0.00000E+00  0.00000E+00  0.00000E+00  0.00000E+00  0.00000E+00  0.00000E+00  0.00000E+00  0.00000E+00  0.00000E+00  0.00000E+00  0.00000E+00  0.00000E+00  0.00000E+00  0.00000E+00  0.00000E+00  0.00000E+00  0.00000E+00  0.00000E+00  0.00000E+00  0.00000E+00  0.00000E+00  0.00000E+00  0.00000E+00  0.00000E+00  0.00000E+00  0.00000E+00  0.00000E+00  0.00000E+00  8.21643E+02  8.56344E+02  5.16037E+01  0.00000E+00  0.00000E+00  2.14599E+02  1.14645E+02  3.56355E+02  4.43399E+01  4.03345E+00  4.70569E+00  5.37793E+00  1.21004E+01  4.03345E+00  6.72242E-01  0.00000E+00  0.00000E+00  0.00000E+00  0.00000E+00  0.00000E+00  0.00000E+00  0.00000E+00  0.00000E+00  0.00000E+00
  0.00000E+00  0.00000E+00  0.00000E+00  0.00000E+00  0.00000E+00  0.00000E+00  0.00000E+00  0.00000E+00  0.00000E+00  0.00000E+00  0.00000E+00  0.00000E+00  0.00000E+00  0.00000E+00  0.00000E+00  0.00000E+00  0.00000E+00  0.00000E+00  0.00000E+00  0.00000E+00  0.00000E+00  0.00000E+00  0.00000E+00  0.00000E+00  0.00000E+00  0.00000E+00  0.00000E+00  0.00000E+00  0.00000E+00  0.00000E+00  0.00000E+00  0.00000E+00  0.00000E+00  0.00000E+00  0.00000E+00  0.00000E+00  0.00000E+00  0.00000E+00  0.00000E+00  0.00000E+00  0.00000E+00  0.00000E+00  0.00000E+00  0.00000E+00  0.00000E+00  0.00000E+00  0.00000E+00  0.00000E+00  0.00000E+00  5.16853E+01  7.72424E+01  1.94064E+02  0.00000E+00  0.00000E+00  1.07299E+02  3.65091E+02  2.10507E+02  1.40447E+02  0.00000E+00  6.05018E+00  7.39466E+00  5.37793E+00  4.70569E+00  2.68897E+00  0.00000E+00  0.00000E+00  0.00000E+00  0.00000E+00  0.00000E+00  0.00000E+00  0.00000E+00  0.00000E+00  0.00000E+00
  0.00000E+00  0.00000E+00  0.00000E+00  0.00000E+00  0.00000E+00  0.00000E+00  0.00000E+00  0.00000E+00  0.00000E+00  0.00000E+00  0.00000E+00  0.00000E+00  0.00000E+00  0.00000E+00  0.00000E+00  0.00000E+00  0.00000E+00  0.00000E+00  0.00000E+00  0.00000E+00  0.00000E+00  0.00000E+00  0.00000E+00  0.00000E+00  0.00000E+00  0.00000E+00  0.00000E+00  0.00000E+00  0.00000E+00  0.00000E+00  0.00000E+00  0.00000E+00  0.00000E+00  0.00000E+00  0.00000E+00  0.00000E+00  0.00000E+00  0.00000E+00  0.00000E+00  0.00000E+00  0.00000E+00  0.00000E+00  0.00000E+00  0.00000E+00  0.00000E+00  0.00000E+00  0.00000E+00  0.00000E+00  2.59650E+01  1.89594E+02  1.95404E+02  5.77284E+02  1.71468E+01  0.00000E+00  1.43066E+02  3.93431E+02  3.03360E+02  2.57547E+02  1.43066E+02  3.59009E+02  6.72241E+00  5.37793E+00  8.73914E+00  4.70569E+00  2.01672E+00  6.72242E-01  0.00000E+00  0.00000E+00  0.00000E+00  0.00000E+00  0.00000E+00  0.00000E+00  0.00000E+00
  0.00000E+00  0.00000E+00  0.00000E+00  0.00000E+00  0.00000E+00  0.00000E+00  0.00000E+00  0.00000E+00  0.00000E+00  0.00000E+00  0.00000E+00  0.00000E+00  0.00000E+00  0.00000E+00  0.00000E+00  0.00000E+00  0.00000E+00  0.00000E+00  0.00000E+00  0.00000E+00  0.00000E+00  0.00000E+00  0.00000E+00  0.00000E+00  0.00000E+00  0.00000E+00  0.00000E+00  0.00000E+00  0.00000E+00  0.00000E+00  0.00000E+00  0.00000E+00  0.00000E+00  0.00000E+00  0.00000E+00  0.00000E+00  0.00000E+00  0.00000E+00  0.00000E+00  0.00000E+00  0.00000E+00  0.00000E+00  0.00000E+00  0.00000E+00  0.00000E+00  0.00000E+00  0.00000E+00  0.00000E+00  2.59650E+01  1.12026E+02  2.86425E+02  4.02269E+02  0.00000E+00  0.00000E+00  3.57664E+01  3.21898E+02  2.14599E+02  0.00000E+00  6.84115E+02  3.94103E+02  5.37793E+00  4.70569E+00  2.01672E+00  4.70569E+00  4.70569E+00  6.72242E-01  0.00000E+00  0.00000E+00  0.00000E+00  0.00000E+00  0.00000E+00  0.00000E+00  0.00000E+00
  0.00000E+00  0.00000E+00  0.00000E+00  0.00000E+00  0.00000E+00  0.00000E+00  0.00000E+00  0.00000E+00  0.00000E+00  0.00000E+00  0.00000E+00  0.00000E+00  0.00000E+00  0.00000E+00  0.00000E+00  0.00000E+00  0.00000E+00  0.00000E+00  0.00000E+00  0.00000E+00  0.00000E+00  0.00000E+00  0.00000E+00  0.00000E+00  0.00000E+00  0.00000E+00  0.00000E+00  0.00000E+00  0.00000E+00  0.00000E+00  0.00000E+00  0.00000E+00  0.00000E+00  0.00000E+00  0.00000E+00  0.00000E+00  0.00000E+00  0.00000E+00  0.00000E+00  0.00000E+00  0.00000E+00  0.00000E+00  0.00000E+00  0.00000E+00  0.00000E+00  0.00000E+00  0.00000E+00  0.00000E+00  0.00000E+00  9.47156E+01  2.28521E+02  1.10504E+03  4.38035E+02  0.00000E+00  0.00000E+00  3.57664E+01  1.07299E+02  3.33807E+02  3.75681E+02  2.50365E+02  1.45755E+02  1.09988E+02  1.34448E+00  0.00000E+00  2.68897E+00  0.00000E+00  0.00000E+00  0.00000E+00  0.00000E+00  0.00000E+00  0.00000E+00  0.00000E+00  0.00000E+00
  0.00000E+00  0.00000E+00  0.00000E+00  0.00000E+00  0.00000E+00  0.00000E+00  0.00000E+00  0.00000E+00  0.00000E+00  0.00000E+00  0.00000E+00  0.00000E+00  0.00000E+00  0.00000E+00  0.00000E+00  0.00000E+00  0.00000E+00  0.00000E+00  0.00000E+00  0.00000E+00  0.00000E+00  0.00000E+00  0.00000E+00  0.00000E+00  0.00000E+00  0.00000E+00  0.00000E+00  0.00000E+00  0.00000E+00  0.00000E+00  0.00000E+00  0.00000E+00  0.00000E+00  0.00000E+00  0.00000E+00  0.00000E+00  0.00000E+00  0.00000E+00  0.00000E+00  0.00000E+00  0.00000E+00  0.00000E+00  0.00000E+00  0.00000E+00  0.00000E+00  0.00000E+00  0.00000E+00  9.46340E+01  1.73100E+01  1.20925E+02  2.14269E+02  1.02406E+02  2.86131E+02  0.00000E+00  0.00000E+00  1.07299E+02  3.57664E+01  4.06555E+02  2.50365E+02  2.86131E+02  3.21898E+02  2.86131E+02  3.84554E+01  3.36121E+00  1.34448E+00  0.00000E+00  0.00000E+00  0.00000E+00  0.00000E+00  0.00000E+00  0.00000E+00  0.00000E+00  0.00000E+00
  0.00000E+00  0.00000E+00  0.00000E+00  0.00000E+00  0.00000E+00  0.00000E+00  0.00000E+00  0.00000E+00  0.00000E+00  0.00000E+00  0.00000E+00  0.00000E+00  0.00000E+00  0.00000E+00  0.00000E+00  0.00000E+00  0.00000E+00  0.00000E+00  0.00000E+00  0.00000E+00  0.00000E+00  0.00000E+00  0.00000E+00  0.00000E+00  0.00000E+00  0.00000E+00  0.00000E+00  0.00000E+00  0.00000E+00  0.00000E+00  0.00000E+00  0.00000E+00  0.00000E+00  0.00000E+00  0.00000E+00  0.00000E+00  0.00000E+00  0.00000E+00  0.00000E+00  0.00000E+00  0.00000E+00  0.00000E+00  0.00000E+00  0.00000E+00  0.00000E+00  0.00000E+00  4.31118E+01  5.16853E+01  0.00000E+00  1.37664E+02  1.67721E+02  1.43066E+02  5.36497E+02  1.07299E+02  0.00000E+00  0.00000E+00  0.00000E+00  1.78832E+02  3.93431E+02  3.21898E+02  2.53726E+02  4.11444E+01  6.72241E+00  6.72241E+00  5.37793E+00  0.00000E+00  0.00000E+00  0.00000E+00  0.00000E+00  0.00000E+00  0.00000E+00  0.00000E+00  0.00000E+00
  0.00000E+00  0.00000E+00  0.00000E+00  0.00000E+00  0.00000E+00  0.00000E+00  0.00000E+00  0.00000E+00  0.00000E+00  0.00000E+00  0.00000E+00  0.00000E+00  0.00000E+00  0.00000E+00  0.00000E+00  0.00000E+00  0.00000E+00  0.00000E+00  0.00000E+00  0.00000E+00  0.00000E+00  0.00000E+00  0.00000E+00  0.00000E+00  0.00000E+00  0.00000E+00  0.00000E+00  0.00000E+00  0.00000E+00  0.00000E+00  0.00000E+00  0.00000E+00  0.00000E+00  0.00000E+00  0.00000E+00  0.00000E+00  0.00000E+00  0.00000E+00  0.00000E+00  0.00000E+00  0.00000E+00  0.00000E+00  0.00000E+00  0.00000E+00  8.65501E+00  3.44569E+01  8.60605E+01  1.03126E+02  1.28928E+02  1.89186E+02  1.51721E+02  2.14599E+02  7.15328E+01  2.86131E+02  3.57664E+01  0.00000E+00  1.07299E+02  1.07299E+02  1.43066E+02  3.57664E+02  7.42218E+01  5.37793E+00  5.37793E+00  4.70569E+00  6.72242E-01  0.00000E+00  0.00000E+00  0.00000E+00  0.00000E+00  0.00000E+00  0.00000E+00  0.00000E+00  0.00000E+00
  0.00000E+00  0.00000E+00  0.00000E+00  0.00000E+00  0.00000E+00  0.00000E+00  0.00000E+00  0.00000E+00  0.00000E+00  0.00000E+00  0.00000E+00  0.00000E+00  0.00000E+00  0.00000E+00  0.00000E+00  0.00000E+00  0.00000E+00  0.00000E+00  0.00000E+00  0.00000E+00  0.00000E+00  0.00000E+00  0.00000E+00  0.00000E+00  0.00000E+00  0.00000E+00  0.00000E+00  0.00000E+00  0.00000E+00  0.00000E+00  0.00000E+00  0.00000E+00  0.00000E+00  0.00000E+00  0.00000E+00  0.00000E+00  0.00000E+00  0.00000E+00  0.00000E+00  0.00000E+00  0.00000E+00  0.00000E+00  0.00000E+00  3.46200E+01  0.00000E+00  0.00000E+00  0.00000E+00  9.44708E+01  7.74871E+01  8.65501E+00  0.00000E+00  1.07299E+02  2.14599E+02  2.50365E+02  7.15328E+01  0.00000E+00  1.43066E+02  1.07299E+02  2.14599E+02  2.86131E+02  7.42218E+01  4.03345E+00  6.72242E-01  0.00000E+00  0.00000E+00  0.00000E+00  0.00000E+00  0.00000E+00  0.00000E+00  0.00000E+00  0.00000E+00  0.00000E+00  0.00000E+00
  0.00000E+00  0.00000E+00  0.00000E+00  0.00000E+00  0.00000E+00  0.00000E+00  0.00000E+00  0.00000E+00  0.00000E+00  0.00000E+00  0.00000E+00  0.00000E+00  0.00000E+00  0.00000E+00  0.00000E+00  0.00000E+00  0.00000E+00  0.00000E+00  0.00000E+00  0.00000E+00  0.00000E+00  0.00000E+00  0.00000E+00  0.00000E+00  0.00000E+00  0.00000E+00  0.00000E+00  0.00000E+00  0.00000E+00  0.00000E+00  0.00000E+00  0.00000E+00  0.00000E+00  0.00000E+00  0.00000E+00  0.00000E+00  0.00000E+00  0.00000E+00  0.00000E+00  0.00000E+00  0.00000E+00  0.00000E+00  0.00000E+00  1.29254E+02  0.00000E+00  0.00000E+00  0.00000E+00  5.16037E+01  1.46238E+02  1.63548E+02  3.44569E+01  0.00000E+00  0.00000E+00  0.00000E+00  0.00000E+00  0.00000E+00  3.57664E+02  4.29197E+02  2.86131E+02  1.78832E+02  3.77832E+01  0.00000E+00  0.00000E+00  0.00000E+00  0.00000E+00  0.00000E+00  0.00000E+00  0.00000E+00  0.00000E+00  0.00000E+00  0.00000E+00  0.00000E+00  0.00000E+00
  0.00000E+00  0.00000E+00  0.00000E+00  0.00000E+00  0.00000E+00  0.00000E+00  0.00000E+00  0.00000E+00  0.00000E+00  0.00000E+00  0.00000E+00  0.00000E+00  0.00000E+00  0.00000E+00  0.00000E+00  0.00000E+00  0.00000E+00  0.00000E+00  0.00000E+00  0.00000E+00  0.00000E+00  0.00000E+00  0.00000E+00  0.00000E+00  0.00000E+00  0.00000E+00  0.00000E+00  0.00000E+00  0.00000E+00  0.00000E+00  0.00000E+00  0.00000E+00  0.00000E+00  0.00000E+00  0.00000E+00  0.00000E+00  0.00000E+00  0.00000E+00  0.00000E+00  0.00000E+00  0.00000E+00  0.00000E+00  0.00000E+00  1.11944E+02  1.03289E+02  0.00000E+00  0.00000E+00  1.46401E+02  1.54811E+02  1.46319E+02  3.43753E+01  0.00000E+00  1.99920E+02  0.00000E+00  0.00000E+00  0.00000E+00  3.21898E+02  2.50365E+02  3.57664E+02  7.15328E+01  0.00000E+00  0.00000E+00  0.00000E+00  0.00000E+00  0.00000E+00  0.00000E+00  0.00000E+00  0.00000E+00  0.00000E+00  0.00000E+00  0.00000E+00  0.00000E+00  0.00000E+00
  0.00000E+00  0.00000E+00  0.00000E+00  0.00000E+00  0.00000E+00  0.00000E+00  0.00000E+00  0.00000E+00  0.00000E+00  0.00000E+00  0.00000E+00  0.00000E+00  0.00000E+00  0.00000E+00  0.00000E+00  0.00000E+00  0.00000E+00  0.00000E+00  0.00000E+00  0.00000E+00  0.00000E+00  0.00000E+00  0.00000E+00  0.00000E+00  0.00000E+00  0.00000E+00  0.00000E+00  0.00000E+00  0.00000E+00  0.00000E+00  0.00000E+00  0.00000E+00  0.00000E+00  0.00000E+00  0.00000E+00  0.00000E+00  0.00000E+00  0.00000E+00  0.00000E+00  0.00000E+00  0.00000E+00  0.00000E+00  0.00000E+00  0.00000E+00  4.31934E+01  1.72284E+01  0.00000E+00  4.31118E+01  7.74055E+01  6.02587E+01  8.65501E+00  5.37978E+02  3.36236E+02  0.00000E+00  0.00000E+00  0.00000E+00  3.57664E+02  1.78832E+02  3.21898E+02  0.00000E+00  0.00000E+00  0.00000E+00  0.00000E+00  0.00000E+00  0.00000E+00  0.00000E+00  0.00000E+00  0.00000E+00  0.00000E+00  0.00000E+00  0.00000E+00  0.00000E+00  0.00000E+00
  0.00000E+00  0.00000E+00  0.00000E+00  0.00000E+00  0.00000E+00  0.00000E+00  0.00000E+00  0.00000E+00  0.00000E+00  0.00000E+00  0.00000E+00  0.00000E+00  0.00000E+00  0.00000E+00  0.00000E+00  0.00000E+00  0.00000E+00  0.00000E+00  0.00000E+00  0.00000E+00  0.00000E+00  0.00000E+00  0.00000E+00  0.00000E+00  0.00000E+00  0.00000E+00  0.00000E+00  0.00000E+00  0.00000E+00  0.00000E+00  0.00000E+00  0.00000E+00  0.00000E+00  0.00000E+00  0.00000E+00  0.00000E+00  0.00000E+00  0.00000E+00  0.00000E+00  0.00000E+00  0.00000E+00  0.00000E+00  0.00000E+00  0.00000E+00  0.00000E+00  0.00000E+00  1.71468E+01  1.20354E+02  6.86690E+01  6.87505E+01  1.72284E+01  4.70123E+02  5.36763E+02  6.68829E+02  0.00000E+00  0.00000E+00  7.15328E+01  3.57664E+02  3.57664E+02  0.00000E+00  0.00000E+00  0.00000E+00  0.00000E+00  0.00000E+00  0.00000E+00  0.00000E+00  0.00000E+00  0.00000E+00  0.00000E+00  0.00000E+00  0.00000E+00  0.00000E+00  0.00000E+00
  0.00000E+00  0.00000E+00  0.00000E+00  0.00000E+00  0.00000E+00  0.00000E+00  0.00000E+00  0.00000E+00  0.00000E+00  0.00000E+00  0.00000E+00  0.00000E+00  0.00000E+00  0.00000E+00  0.00000E+00  0.00000E+00  0.00000E+00  0.00000E+00  0.00000E+00  0.00000E+00  0.00000E+00  0.00000E+00  0.00000E+00  0.00000E+00  0.00000E+00  0.00000E+00  0.00000E+00  0.00000E+00  0.00000E+00  0.00000E+00  0.00000E+00  0.00000E+00  0.00000E+00  0.00000E+00  0.00000E+00  0.00000E+00  0.00000E+00  0.00000E+00  0.00000E+00  0.00000E+00  0.00000E+00  0.00000E+00  0.00000E+00  0.00000E+00  0.00000E+00  0.00000E+00  1.72284E+01  0.00000E+00  8.57342E+00  7.73240E+01  1.73100E+01  4.68302E+02  9.39032E+02  1.60786E+03  6.70043E+02  0.00000E+00  0.00000E+00  2.86131E+02  3.57664E+02  0.00000E+00  0.00000E+00  0.00000E+00  0.00000E+00  0.00000E+00  0.00000E+00  0.00000E+00  0.00000E+00  0.00000E+00  0.00000E+00  0.00000E+00  0.00000E+00  0.00000E+00  0.00000E+00
  0.00000E+00  0.00000E+00  0.00000E+00  0.00000E+00  0.00000E+00  0.00000E+00  0.00000E+00  0.00000E+00  0.00000E+00  0.00000E+00  0.00000E+00  0.00000E+00  0.00000E+00  0.00000E+00  0.00000E+00  0.00000E+00  0.00000E+00  0.00000E+00  0.00000E+00  0.00000E+00  0.00000E+00  0.00000E+00  0.00000E+00  0.00000E+00  0.00000E+00  0.00000E+00  0.00000E+00  0.00000E+00  0.00000E+00  0.00000E+00  0.00000E+00  0.00000E+00  0.00000E+00  0.00000E+00  0.00000E+00  0.00000E+00  0.00000E+00  0.00000E+00  0.00000E+00  0.00000E+00  0.00000E+00  0.00000E+00  0.00000E+00  0.00000E+00  0.00000E+00  0.00000E+00  0.00000E+00  0.00000E+00  0.00000E+00  3.42937E+01  2.57203E+01  4.02876E+02  1.61029E+03  1.27223E+03  4.69516E+02  7.37291E+02  7.15328E+01  3.21898E+02  1.43066E+02  0.00000E+00  0.00000E+00  0.00000E+00  0.00000E+00  0.00000E+00  0.00000E+00  0.00000E+00  0.00000E+00  0.00000E+00  0.00000E+00  0.00000E+00  0.00000E+00  0.00000E+00  0.00000E+00
  0.00000E+00  0.00000E+00  0.00000E+00  0.00000E+00  0.00000E+00  0.00000E+00  0.00000E+00  0.00000E+00  0.00000E+00  0.00000E+00  0.00000E+00  0.00000E+00  0.00000E+00  0.00000E+00  0.00000E+00  0.00000E+00  0.00000E+00  0.00000E+00  0.00000E+00  0.00000E+00  0.00000E+00  0.00000E+00  0.00000E+00  0.00000E+00  0.00000E+00  0.00000E+00  0.00000E+00  0.00000E+00  0.00000E+00  0.00000E+00  0.00000E+00  0.00000E+00  0.00000E+00  0.00000E+00  0.00000E+00  0.00000E+00  0.00000E+00  0.00000E+00  0.00000E+00  0.00000E+00  0.00000E+00  0.00000E+00  0.00000E+00  0.00000E+00  0.00000E+00  0.00000E+00  0.00000E+00  0.00000E+00  0.00000E+00  0.00000E+00  6.86690E+01  4.28671E+01  1.47458E+03  1.60665E+03  3.35022E+02  6.71258E+02  7.15328E+01  5.36497E+02  7.15328E+01  0.00000E+00  0.00000E+00  0.00000E+00  0.00000E+00  0.00000E+00  0.00000E+00  0.00000E+00  0.00000E+00  0.00000E+00  0.00000E+00  0.00000E+00  0.00000E+00  0.00000E+00  0.00000E+00
  0.00000E+00  0.00000E+00  0.00000E+00  0.00000E+00  0.00000E+00  0.00000E+00  0.00000E+00  0.00000E+00  0.00000E+00  0.00000E+00  0.00000E+00  0.00000E+00  0.00000E+00  0.00000E+00  0.00000E+00  0.00000E+00  0.00000E+00  0.00000E+00  0.00000E+00  0.00000E+00  0.00000E+00  0.00000E+00  0.00000E+00  0.00000E+00  0.00000E+00  0.00000E+00  0.00000E+00  0.00000E+00  0.00000E+00  0.00000E+00  0.00000E+00  0.00000E+00  0.00000E+00  0.00000E+00  0.00000E+00  0.00000E+00  0.00000E+00  0.00000E+00  0.00000E+00  0.00000E+00  0.00000E+00  0.00000E+00  0.00000E+00  0.00000E+00  0.00000E+00  0.00000E+00  0.00000E+00  0.00000E+00  0.00000E+00  6.86690E+01  1.20354E+02  5.14405E+01  1.00446E+03  4.00448E+02  6.72472E+01  0.00000E+00  0.00000E+00  2.86131E+02  7.15328E+01  0.00000E+00  0.00000E+00  0.00000E+00  0.00000E+00  0.00000E+00  0.00000E+00  0.00000E+00  0.00000E+00  0.00000E+00  0.00000E+00  0.00000E+00  0.00000E+00  0.00000E+00  0.00000E+00
  0.00000E+00  0.00000E+00  0.00000E+00  0.00000E+00  0.00000E+00  0.00000E+00  0.00000E+00  0.00000E+00  0.00000E+00  0.00000E+00  0.00000E+00  0.00000E+00  0.00000E+00  0.00000E+00  0.00000E+00  0.00000E+00  0.00000E+00  0.00000E+00  0.00000E+00  0.00000E+00  0.00000E+00  0.00000E+00  0.00000E+00  0.00000E+00  0.00000E+00  0.00000E+00  0.00000E+00  0.00000E+00  0.00000E+00  0.00000E+00  0.00000E+00  0.00000E+00  0.00000E+00  0.00000E+00  0.00000E+00  0.00000E+00  0.00000E+00  0.00000E+00  0.00000E+00  0.00000E+00  0.00000E+00  0.00000E+00  0.00000E+00  0.00000E+00  0.00000E+00  0.00000E+00  0.00000E+00  0.00000E+00  0.00000E+00  0.00000E+00  6.85874E+01  4.28671E+01  4.02876E+02  2.67167E+02  0.00000E+00  0.00000E+00  0.00000E+00  7.15328E+01  1.43066E+02  0.00000E+00  0.00000E+00  0.00000E+00  0.00000E+00  0.00000E+00  0.00000E+00  0.00000E+00  0.00000E+00  0.00000E+00  0.00000E+00  0.00000E+00  0.00000E+00  0.00000E+00  0.00000E+00
  0.00000E+00  0.00000E+00  0.00000E+00  0.00000E+00  0.00000E+00  0.00000E+00  0.00000E+00  0.00000E+00  0.00000E+00  0.00000E+00  0.00000E+00  0.00000E+00  0.00000E+00  0.00000E+00  0.00000E+00  0.00000E+00  0.00000E+00  0.00000E+00  0.00000E+00  0.00000E+00  0.00000E+00  0.00000E+00  0.00000E+00  0.00000E+00  0.00000E+00  0.00000E+00  0.00000E+00  0.00000E+00  0.00000E+00  0.00000E+00  0.00000E+00  0.00000E+00  0.00000E+00  0.00000E+00  0.00000E+00  0.00000E+00  0.00000E+00  0.00000E+00  0.00000E+00  0.00000E+00  0.00000E+00  0.00000E+00  0.00000E+00  0.00000E+00  0.00000E+00  0.00000E+00  0.00000E+00  0.00000E+00  0.00000E+00  0.00000E+00  3.42937E+01  1.71468E+01  4.70123E+02  8.02716E+02  0.00000E+00  0.00000E+00  0.00000E+00  1.43066E+02  1.07299E+02  0.00000E+00  0.00000E+00  0.00000E+00  0.00000E+00  0.00000E+00  0.00000E+00  0.00000E+00  0.00000E+00  0.00000E+00  0.00000E+00  0.00000E+00  0.00000E+00  0.00000E+00  0.00000E+00
  0.00000E+00  0.00000E+00  0.00000E+00  0.00000E+00  0.00000E+00  0.00000E+00  0.00000E+00  0.00000E+00  0.00000E+00  0.00000E+00  0.00000E+00  0.00000E+00  0.00000E+00  0.00000E+00  0.00000E+00  0.00000E+00  0.00000E+00  0.00000E+00  0.00000E+00  0.00000E+00  0.00000E+00  0.00000E+00  0.00000E+00  0.00000E+00  0.00000E+00  0.00000E+00  0.00000E+00  0.00000E+00  0.00000E+00  0.00000E+00  0.00000E+00  0.00000E+00  0.00000E+00  0.00000E+00  0.00000E+00  0.00000E+00  0.00000E+00  0.00000E+00  0.00000E+00  0.00000E+00  0.00000E+00  0.00000E+00  0.00000E+00  0.00000E+00  0.00000E+00  0.00000E+00  0.00000E+00  0.00000E+00  0.00000E+00  0.00000E+00  0.00000E+00  0.00000E+00  0.00000E+00  1.33280E+02  0.00000E+00  0.00000E+00  0.00000E+00  1.43066E+02  0.00000E+00  0.00000E+00  0.00000E+00  0.00000E+00  0.00000E+00  0.00000E+00  0.00000E+00  0.00000E+00  0.00000E+00  0.00000E+00  0.00000E+00  0.00000E+00  0.00000E+00  0.00000E+00  0.00000E+00
  0.00000E+00  0.00000E+00  0.00000E+00  0.00000E+00  0.00000E+00  0.00000E+00  0.00000E+00  0.00000E+00  0.00000E+00  0.00000E+00  0.00000E+00  0.00000E+00  0.00000E+00  0.00000E+00  0.00000E+00  0.00000E+00  0.00000E+00  0.00000E+00  0.00000E+00  0.00000E+00  0.00000E+00  0.00000E+00  0.00000E+00  0.00000E+00  0.00000E+00  0.00000E+00  0.00000E+00  0.00000E+00  0.00000E+00  0.00000E+00  0.00000E+00  0.00000E+00  0.00000E+00  0.00000E+00  0.00000E+00  0.00000E+00  0.00000E+00  0.00000E+00  0.00000E+00  0.00000E+00  0.00000E+00  0.00000E+00  0.00000E+00  0.00000E+00  0.00000E+00  0.00000E+00  0.00000E+00  0.00000E+00  0.00000E+00  0.00000E+00  0.00000E+00  0.00000E+00  0.00000E+00  6.72472E+01  6.72472E+01  0.00000E+00  0.00000E+00  2.50365E+02  1.78832E+02  0.00000E+00  0.00000E+00  0.00000E+00  0.00000E+00  0.00000E+00  0.00000E+00  0.00000E+00  0.00000E+00  0.00000E+00  0.00000E+00  0.00000E+00  0.00000E+00  0.00000E+00  0.00000E+00
  0.00000E+00  0.00000E+00  0.00000E+00  0.00000E+00  0.00000E+00  0.00000E+00  0.00000E+00  0.00000E+00  0.00000E+00  0.00000E+00  0.00000E+00  0.00000E+00  0.00000E+00  0.00000E+00  0.00000E+00  0.00000E+00  0.00000E+00  0.00000E+00  0.00000E+00  0.00000E+00  0.00000E+00  0.00000E+00  0.00000E+00  0.00000E+00  0.00000E+00  0.00000E+00  0.00000E+00  0.00000E+00  0.00000E+00  0.00000E+00  0.00000E+00  0.00000E+00  0.00000E+00  0.00000E+00  0.00000E+00  0.00000E+00  0.00000E+00  0.00000E+00  0.00000E+00  0.00000E+00  0.00000E+00  0.00000E+00  0.00000E+00  0.00000E+00  0.00000E+00  0.00000E+00  0.00000E+00  0.00000E+00  0.00000E+00  0.00000E+00  0.00000E+00  0.00000E+00  0.00000E+00  0.00000E+00  0.00000E+00  0.00000E+00  0.00000E+00  1.07299E+02  2.50365E+02  0.00000E+00  0.00000E+00  0.00000E+00  0.00000E+00  0.00000E+00  0.00000E+00  0.00000E+00  0.00000E+00  0.00000E+00  0.00000E+00  0.00000E+00  0.00000E+00  0.00000E+00  0.00000E+00
  0.00000E+00  0.00000E+00  0.00000E+00  0.00000E+00  0.00000E+00  0.00000E+00  0.00000E+00  0.00000E+00  0.00000E+00  0.00000E+00  0.00000E+00  0.00000E+00  0.00000E+00  0.00000E+00  0.00000E+00  0.00000E+00  0.00000E+00  0.00000E+00  0.00000E+00  0.00000E+00  0.00000E+00  0.00000E+00  0.00000E+00  0.00000E+00  0.00000E+00  0.00000E+00  0.00000E+00  0.00000E+00  0.00000E+00  0.00000E+00  0.00000E+00  0.00000E+00  0.00000E+00  0.00000E+00  0.00000E+00  0.00000E+00  0.00000E+00  0.00000E+00  0.00000E+00  0.00000E+00  0.00000E+00  0.00000E+00  0.00000E+00  0.00000E+00  0.00000E+00  0.00000E+00  0.00000E+00  0.00000E+00  0.00000E+00  0.00000E+00  0.00000E+00  0.00000E+00  0.00000E+00  0.00000E+00  0.00000E+00  0.00000E+00  0.00000E+00  3.57664E+01  1.07299E+02  0.00000E+00  0.00000E+00  0.00000E+00  0.00000E+00  0.00000E+00  0.00000E+00  0.00000E+00  0.00000E+00  0.00000E+00  0.00000E+00  0.00000E+00  0.00000E+00  0.00000E+00  0.00000E+00
  0.00000E+00  0.00000E+00  0.00000E+00  0.00000E+00  0.00000E+00  0.00000E+00  0.00000E+00  0.00000E+00  0.00000E+00  0.00000E+00  0.00000E+00  0.00000E+00  0.00000E+00  0.00000E+00  0.00000E+00  0.00000E+00  0.00000E+00  0.00000E+00  0.00000E+00  0.00000E+00  0.00000E+00  0.00000E+00  0.00000E+00  0.00000E+00  0.00000E+00  0.00000E+00  0.00000E+00  0.00000E+00  0.00000E+00  0.00000E+00  0.00000E+00  0.00000E+00  0.00000E+00  0.00000E+00  0.00000E+00  0.00000E+00  0.00000E+00  0.00000E+00  0.00000E+00  0.00000E+00  0.00000E+00  0.00000E+00  0.00000E+00  0.00000E+00  0.00000E+00  0.00000E+00  0.00000E+00  0.00000E+00  0.00000E+00  0.00000E+00  0.00000E+00  0.00000E+00  0.00000E+00  0.00000E+00  0.00000E+00  1.33887E+02  5.34335E+02  1.54612E+03  8.30859E+02  2.14599E+02  0.00000E+00  0.00000E+00  0.00000E+00  0.00000E+00  0.00000E+00  0.00000E+00  0.00000E+00  0.00000E+00  0.00000E+00  0.00000E+00  0.00000E+00  0.00000E+00  0.00000E+00
  0.00000E+00  0.00000E+00  0.00000E+00  0.00000E+00  0.00000E+00  0.00000E+00  0.00000E+00  0.00000E+00  0.00000E+00  0.00000E+00  0.00000E+00  0.00000E+00  0.00000E+00  0.00000E+00  0.00000E+00  0.00000E+00  0.00000E+00  0.00000E+00  0.00000E+00  0.00000E+00  0.00000E+00  0.00000E+00  0.00000E+00  0.00000E+00  0.00000E+00  0.00000E+00  0.00000E+00  0.00000E+00  0.00000E+00  0.00000E+00  0.00000E+00  0.00000E+00  0.00000E+00  0.00000E+00  0.00000E+00  0.00000E+00  0.00000E+00  0.00000E+00  0.00000E+00  0.00000E+00  0.00000E+00  0.00000E+00  0.00000E+00  0.00000E+00  0.00000E+00  0.00000E+00  0.00000E+00  0.00000E+00  0.00000E+00  0.00000E+00  0.00000E+00  0.00000E+00  0.00000E+00  0.00000E+00  0.00000E+00  1.20620E+03  4.67695E+02  9.84585E+02  4.60071E+02  4.29197E+02  0.00000E+00  0.00000E+00  0.00000E+00  0.00000E+00  0.00000E+00  0.00000E+00  0.00000E+00  0.00000E+00  0.00000E+00  0.00000E+00  0.00000E+00  0.00000E+00  0.00000E+00
  0.00000E+00  0.00000E+00  0.00000E+00  0.00000E+00  0.00000E+00  0.00000E+00  0.00000E+00  0.00000E+00  0.00000E+00  0.00000E+00  0.00000E+00  0.00000E+00  0.00000E+00  0.00000E+00  0.00000E+00  0.00000E+00  0.00000E+00  0.00000E+00  0.00000E+00  0.00000E+00  0.00000E+00  0.00000E+00  0.00000E+00  0.00000E+00  0.00000E+00  0.00000E+00  0.00000E+00  0.00000E+00  0.00000E+00  0.00000E+00  0.00000E+00  0.00000E+00  0.00000E+00  0.00000E+00  0.00000E+00  0.00000E+00  0.00000E+00  0.00000E+00  0.00000E+00  0.00000E+00  0.00000E+00  0.00000E+00  0.00000E+00  0.00000E+00  0.00000E+00  0.00000E+00  0.00000E+00  0.00000E+00  0.00000E+00  0.00000E+00  0.00000E+00  0.00000E+00  0.00000E+00  0.00000E+00  0.00000E+00  1.34494E+02  3.35629E+02  9.39639E+02  1.02342E+03  2.77560E+02  0.00000E+00  0.00000E+00  0.00000E+00  0.00000E+00  0.00000E+00  0.00000E+00  0.00000E+00  0.00000E+00  0.00000E+00  0.00000E+00  0.00000E+00  0.00000E+00  0.00000E+00
  0.00000E+00  0.00000E+00  0.00000E+00  0.00000E+00  0.00000E+00  0.00000E+00  0.00000E+00  0.00000E+00  0.00000E+00  0.00000E+00  0.00000E+00  0.00000E+00  0.00000E+00  0.00000E+00  0.00000E+00  0.00000E+00  0.00000E+00  0.00000E+00  0.00000E+00  0.00000E+00  0.00000E+00  0.00000E+00  0.00000E+00  0.00000E+00  0.00000E+00  0.00000E+00  0.00000E+00  0.00000E+00  0.00000E+00  0.00000E+00  0.00000E+00  0.00000E+00  0.00000E+00  0.00000E+00  0.00000E+00  0.00000E+00  0.00000E+00  0.00000E+00  0.00000E+00  0.00000E+00  0.00000E+00  0.00000E+00  0.00000E+00  0.00000E+00  0.00000E+00  0.00000E+00  0.00000E+00  0.00000E+00  0.00000E+00  0.00000E+00  0.00000E+00  0.00000E+00  0.00000E+00  0.00000E+00  0.00000E+00  0.00000E+00  0.00000E+00  5.37371E+02  6.70043E+02  4.68909E+02  0.00000E+00  0.00000E+00  0.00000E+00  0.00000E+00  0.00000E+00  0.00000E+00  0.00000E+00  0.00000E+00  0.00000E+00  0.00000E+00  0.00000E+00  0.00000E+00  0.00000E+00
  0.00000E+00  0.00000E+00  0.00000E+00  0.00000E+00  0.00000E+00  0.00000E+00  0.00000E+00  0.00000E+00  0.00000E+00  0.00000E+00  0.00000E+00  0.00000E+00  0.00000E+00  0.00000E+00  0.00000E+00  0.00000E+00  0.00000E+00  0.00000E+00  0.00000E+00  0.00000E+00  0.00000E+00  0.00000E+00  0.00000E+00  0.00000E+00  0.00000E+00  0.00000E+00  0.00000E+00  0.00000E+00  0.00000E+00  0.00000E+00  0.00000E+00  0.00000E+00  0.00000E+00  0.00000E+00  0.00000E+00  0.00000E+00  0.00000E+00  0.00000E+00  0.00000E+00  0.00000E+00  0.00000E+00  0.00000E+00  0.00000E+00  0.00000E+00  0.00000E+00  0.00000E+00  0.00000E+00  0.00000E+00  0.00000E+00  0.00000E+00  0.00000E+00  0.00000E+00  0.00000E+00  0.00000E+00  0.00000E+00  0.00000E+00  0.00000E+00  0.00000E+00  4.01662E+02  0.00000E+00  0.00000E+00  0.00000E+00  0.00000E+00  0.00000E+00  0.00000E+00  0.00000E+00  0.00000E+00  0.00000E+00  0.00000E+00  0.00000E+00  0.00000E+00  0.00000E+00  0.00000E+00
  0.00000E+00  0.00000E+00  0.00000E+00  0.00000E+00  0.00000E+00  0.00000E+00  0.00000E+00  0.00000E+00  0.00000E+00  0.00000E+00  0.00000E+00  0.00000E+00  0.00000E+00  0.00000E+00  0.00000E+00  0.00000E+00  0.00000E+00  0.00000E+00  0.00000E+00  0.00000E+00  0.00000E+00  0.00000E+00  0.00000E+00  0.00000E+00  0.00000E+00  0.00000E+00  0.00000E+00  0.00000E+00  0.00000E+00  0.00000E+00  0.00000E+00  0.00000E+00  0.00000E+00  0.00000E+00  0.00000E+00  0.00000E+00  0.00000E+00  0.00000E+00  0.00000E+00  0.00000E+00  0.00000E+00  0.00000E+00  0.00000E+00  0.00000E+00  0.00000E+00  0.00000E+00  0.00000E+00  0.00000E+00  0.00000E+00  0.00000E+00  0.00000E+00  0.00000E+00  0.00000E+00  0.00000E+00  0.00000E+00  0.00000E+00  0.00000E+00  0.00000E+00  0.00000E+00  0.00000E+00  0.00000E+00  0.00000E+00  0.00000E+00  0.00000E+00  0.00000E+00  0.00000E+00  0.00000E+00  0.00000E+00  0.00000E+00  0.00000E+00  0.00000E+00  0.00000E+00  0.00000E+00
  0.00000E+00  0.00000E+00  0.00000E+00  0.00000E+00  0.00000E+00  0.00000E+00  0.00000E+00  0.00000E+00  0.00000E+00  0.00000E+00  0.00000E+00  0.00000E+00  0.00000E+00  0.00000E+00  0.00000E+00  0.00000E+00  0.00000E+00  0.00000E+00  0.00000E+00  0.00000E+00  0.00000E+00  0.00000E+00  0.00000E+00  0.00000E+00  0.00000E+00  0.00000E+00  0.00000E+00  0.00000E+00  0.00000E+00  0.00000E+00  0.00000E+00  0.00000E+00  0.00000E+00  0.00000E+00  0.00000E+00  0.00000E+00  0.00000E+00  0.00000E+00  0.00000E+00  0.00000E+00  0.00000E+00  0.00000E+00  0.00000E+00  0.00000E+00  0.00000E+00  0.00000E+00  0.00000E+00  0.00000E+00  0.00000E+00  0.00000E+00  0.00000E+00  0.00000E+00  0.00000E+00  0.00000E+00  0.00000E+00  0.00000E+00  0.00000E+00  0.00000E+00  6.72472E+01  0.00000E+00  0.00000E+00  0.00000E+00  0.00000E+00  0.00000E+00  0.00000E+00  0.00000E+00  0.00000E+00  0.00000E+00  0.00000E+00  0.00000E+00  0.00000E+00  0.00000E+00  0.00000E+00
 
 year:        2008
  0.00000E+00  0.00000E+00  0.00000E+00  4.72260E+01  1.07210E+02  4.87654E+01  1.94757E+02  6.46423E+01  0.00000E+00  0.00000E+00  0.00000E+00  0.00000E+00  0.00000E+00  0.00000E+00  0.00000E+00  0.00000E+00  0.00000E+00  0.00000E+00  0.00000E+00  0.00000E+00  0.00000E+00  0.00000E+00  0.00000E+00  0.00000E+00  0.00000E+00  0.00000E+00  0.00000E+00  0.00000E+00  0.00000E+00  0.00000E+00  0.00000E+00  0.00000E+00  0.00000E+00  0.00000E+00  0.00000E+00  0.00000E+00  0.00000E+00  0.00000E+00  0.00000E+00  0.00000E+00  0.00000E+00  0.00000E+00  0.00000E+00  0.00000E+00  0.00000E+00  0.00000E+00  0.00000E+00  0.00000E+00  0.00000E+00  0.00000E+00  0.00000E+00  0.00000E+00  0.00000E+00  0.00000E+00  0.00000E+00  0.00000E+00  0.00000E+00  0.00000E+00  0.00000E+00  0.00000E+00  0.00000E+00  0.00000E+00  0.00000E+00  0.00000E+00  0.00000E+00  0.00000E+00  0.00000E+00  0.00000E+00  0.00000E+00  0.00000E+00  0.00000E+00  0.00000E+00  0.00000E+00
  0.00000E+00  1.37508E+02  1.34265E+02  2.56299E+02  2.49341E+02  4.20785E+02  1.59551E+02  1.96264E+02  4.33336E+01  0.00000E+00  0.00000E+00  0.00000E+00  0.00000E+00  0.00000E+00  0.00000E+00  0.00000E+00  0.00000E+00  0.00000E+00  0.00000E+00  0.00000E+00  0.00000E+00  0.00000E+00  0.00000E+00  0.00000E+00  0.00000E+00  0.00000E+00  0.00000E+00  0.00000E+00  0.00000E+00  0.00000E+00  0.00000E+00  0.00000E+00  0.00000E+00  0.00000E+00  0.00000E+00  0.00000E+00  0.00000E+00  0.00000E+00  0.00000E+00  0.00000E+00  0.00000E+00  0.00000E+00  0.00000E+00  0.00000E+00  0.00000E+00  0.00000E+00  0.00000E+00  0.00000E+00  0.00000E+00  0.00000E+00  0.00000E+00  0.00000E+00  0.00000E+00  0.00000E+00  0.00000E+00  0.00000E+00  0.00000E+00  0.00000E+00  0.00000E+00  0.00000E+00  0.00000E+00  0.00000E+00  0.00000E+00  0.00000E+00  0.00000E+00  0.00000E+00  0.00000E+00  0.00000E+00  0.00000E+00  0.00000E+00  0.00000E+00  0.00000E+00  0.00000E+00
  3.02514E+02  1.68430E+02  2.81684E+02  3.09751E+02  2.41677E+02  5.32407E+02  1.48926E+02  2.02804E+02  4.39966E+02  3.06820E+02  0.00000E+00  0.00000E+00  0.00000E+00  0.00000E+00  0.00000E+00  0.00000E+00  0.00000E+00  0.00000E+00  0.00000E+00  0.00000E+00  0.00000E+00  0.00000E+00  0.00000E+00  0.00000E+00  0.00000E+00  0.00000E+00  0.00000E+00  0.00000E+00  0.00000E+00  0.00000E+00  0.00000E+00  0.00000E+00  0.00000E+00  0.00000E+00  0.00000E+00  0.00000E+00  0.00000E+00  0.00000E+00  0.00000E+00  0.00000E+00  0.00000E+00  0.00000E+00  0.00000E+00  0.00000E+00  0.00000E+00  0.00000E+00  0.00000E+00  0.00000E+00  0.00000E+00  0.00000E+00  0.00000E+00  0.00000E+00  0.00000E+00  0.00000E+00  0.00000E+00  0.00000E+00  0.00000E+00  0.00000E+00  0.00000E+00  0.00000E+00  0.00000E+00  0.00000E+00  0.00000E+00  0.00000E+00  0.00000E+00  0.00000E+00  0.00000E+00  0.00000E+00  0.00000E+00  0.00000E+00  0.00000E+00  0.00000E+00  0.00000E+00
  1.90786E+02  1.69102E+02  8.62877E+01  1.13853E+02  1.92151E+02  3.86417E+02  5.40165E+01  2.42786E+02  6.36737E+02  3.34708E+02  5.73013E+01  1.77365E+01  1.39924E+02  0.00000E+00  0.00000E+00  0.00000E+00  0.00000E+00  0.00000E+00  0.00000E+00  0.00000E+00  0.00000E+00  0.00000E+00  0.00000E+00  0.00000E+00  0.00000E+00  0.00000E+00  0.00000E+00  0.00000E+00  0.00000E+00  0.00000E+00  0.00000E+00  0.00000E+00  0.00000E+00  0.00000E+00  0.00000E+00  0.00000E+00  0.00000E+00  0.00000E+00  0.00000E+00  0.00000E+00  0.00000E+00  0.00000E+00  0.00000E+00  0.00000E+00  0.00000E+00  0.00000E+00  0.00000E+00  0.00000E+00  0.00000E+00  0.00000E+00  0.00000E+00  0.00000E+00  0.00000E+00  0.00000E+00  0.00000E+00  0.00000E+00  0.00000E+00  0.00000E+00  0.00000E+00  0.00000E+00  0.00000E+00  0.00000E+00  0.00000E+00  0.00000E+00  0.00000E+00  0.00000E+00  0.00000E+00  0.00000E+00  0.00000E+00  0.00000E+00  0.00000E+00  0.00000E+00  0.00000E+00
  5.89324E+01  2.85363E+02  2.57821E+02  8.49207E+01  1.29442E+02  1.43257E+02  1.79358E+02  4.74545E+01  3.52284E+02  2.89673E+02  3.44087E+02  3.07591E+02  2.37248E+02  9.16867E+01  7.54399E+01  1.04211E+02  6.45090E+01  4.08440E+01  5.67204E+01  1.31364E+01  0.00000E+00  0.00000E+00  0.00000E+00  0.00000E+00  0.00000E+00  0.00000E+00  0.00000E+00  0.00000E+00  0.00000E+00  0.00000E+00  0.00000E+00  0.00000E+00  0.00000E+00  0.00000E+00  0.00000E+00  0.00000E+00  0.00000E+00  0.00000E+00  0.00000E+00  0.00000E+00  0.00000E+00  0.00000E+00  0.00000E+00  0.00000E+00  0.00000E+00  0.00000E+00  0.00000E+00  0.00000E+00  0.00000E+00  0.00000E+00  0.00000E+00  0.00000E+00  0.00000E+00  0.00000E+00  0.00000E+00  0.00000E+00  0.00000E+00  0.00000E+00  0.00000E+00  0.00000E+00  0.00000E+00  0.00000E+00  0.00000E+00  0.00000E+00  0.00000E+00  0.00000E+00  0.00000E+00  0.00000E+00  0.00000E+00  0.00000E+00  0.00000E+00  0.00000E+00  0.00000E+00
  0.00000E+00  0.00000E+00  1.18274E+02  1.06643E+02  4.38495E+01  1.90310E+02  2.34226E+02  6.58422E+01  3.41273E+02  2.49508E+02  3.03414E+02  1.98542E+02  1.22478E+02  1.68298E+02  7.15314E+01  1.26812E+02  1.22212E+02  9.51434E+01  6.36327E+01  7.44821E+01  3.39043E+01  0.00000E+00  0.00000E+00  0.00000E+00  0.00000E+00  0.00000E+00  0.00000E+00  0.00000E+00  0.00000E+00  0.00000E+00  0.00000E+00  0.00000E+00  0.00000E+00  0.00000E+00  0.00000E+00  0.00000E+00  0.00000E+00  0.00000E+00  0.00000E+00  0.00000E+00  0.00000E+00  0.00000E+00  0.00000E+00  0.00000E+00  0.00000E+00  0.00000E+00  0.00000E+00  0.00000E+00  0.00000E+00  0.00000E+00  0.00000E+00  0.00000E+00  0.00000E+00  0.00000E+00  0.00000E+00  0.00000E+00  0.00000E+00  0.00000E+00  0.00000E+00  0.00000E+00  0.00000E+00  0.00000E+00  0.00000E+00  0.00000E+00  0.00000E+00  0.00000E+00  0.00000E+00  0.00000E+00  0.00000E+00  0.00000E+00  0.00000E+00  0.00000E+00  0.00000E+00
  0.00000E+00  0.00000E+00  9.07225E+01  2.39752E+02  2.56414E+02  9.16393E+01  3.70073E+02  9.89573E+01  4.05397E+02  3.91720E+02  2.81967E+02  2.57859E+02  1.38726E+02  8.65542E+01  4.45941E+01  7.59710E+01  1.39631E+02  9.57018E+01  8.97449E+01  1.80288E+02  1.79410E+02  1.08116E+02  0.00000E+00  0.00000E+00  0.00000E+00  0.00000E+00  0.00000E+00  0.00000E+00  0.00000E+00  0.00000E+00  0.00000E+00  0.00000E+00  0.00000E+00  0.00000E+00  0.00000E+00  0.00000E+00  0.00000E+00  0.00000E+00  0.00000E+00  1.35384E+00  3.12377E+00  0.00000E+00  0.00000E+00  0.00000E+00  0.00000E+00  0.00000E+00  0.00000E+00  0.00000E+00  0.00000E+00  0.00000E+00  8.32161E-01  4.16081E-01  0.00000E+00  0.00000E+00  0.00000E+00  0.00000E+00  0.00000E+00  0.00000E+00  0.00000E+00  0.00000E+00  0.00000E+00  0.00000E+00  0.00000E+00  0.00000E+00  0.00000E+00  0.00000E+00  0.00000E+00  0.00000E+00  0.00000E+00  0.00000E+00  0.00000E+00  0.00000E+00  0.00000E+00
  0.00000E+00  0.00000E+00  4.63913E+01  1.72941E+02  2.98984E+02  1.30828E+02  3.51867E+02  2.09481E+02  2.64629E+02  2.70140E+02  4.38104E+02  9.95104E+01  1.00381E+02  6.38977E+01  6.11600E+01  1.06711E+02  1.18118E+02  1.41866E+02  8.17694E+01  9.84418E+01  1.30854E+02  1.66860E+02  0.00000E+00  0.00000E+00  0.00000E+00  0.00000E+00  0.00000E+00  0.00000E+00  0.00000E+00  0.00000E+00  0.00000E+00  0.00000E+00  0.00000E+00  0.00000E+00  0.00000E+00  0.00000E+00  0.00000E+00  0.00000E+00  0.00000E+00  1.35384E+00  6.66362E+00  0.00000E+00  0.00000E+00  0.00000E+00  0.00000E+00  5.41684E+01  2.84380E+01  0.00000E+00  0.00000E+00  9.86996E+01  3.60963E+02  1.94753E+02  0.00000E+00  0.00000E+00  0.00000E+00  0.00000E+00  0.00000E+00  0.00000E+00  0.00000E+00  0.00000E+00  0.00000E+00  0.00000E+00  0.00000E+00  0.00000E+00  0.00000E+00  0.00000E+00  0.00000E+00  0.00000E+00  0.00000E+00  0.00000E+00  0.00000E+00  0.00000E+00  0.00000E+00
  0.00000E+00  0.00000E+00  0.00000E+00  5.24410E-01  4.91007E+01  1.53012E+02  3.09329E+02  3.09306E+02  1.82629E+02  2.55647E+02  1.39443E+02  2.27544E+02  1.67832E+02  1.29000E+02  1.57324E+02  1.35135E+02  1.28782E+02  1.20247E+02  7.32047E+01  9.34677E+01  1.37765E+02  2.44298E+02  0.00000E+00  0.00000E+00  0.00000E+00  0.00000E+00  0.00000E+00  0.00000E+00  0.00000E+00  0.00000E+00  3.61929E+01  5.27775E+01  0.00000E+00  1.02742E+01  2.26994E+01  1.35796E+02  1.66061E+02  2.55870E+02  2.90206E+02  1.38450E+02  0.00000E+00  0.00000E+00  0.00000E+00  0.00000E+00  7.98616E+01  3.42358E+02  3.01207E+02  0.00000E+00  3.11850E+02  5.85839E+02  5.05208E+02  7.14502E+01  7.98246E+01  0.00000E+00  0.00000E+00  0.00000E+00  0.00000E+00  0.00000E+00  0.00000E+00  0.00000E+00  0.00000E+00  0.00000E+00  0.00000E+00  0.00000E+00  0.00000E+00  0.00000E+00  0.00000E+00  0.00000E+00  0.00000E+00  0.00000E+00  0.00000E+00  0.00000E+00  0.00000E+00
  0.00000E+00  0.00000E+00  0.00000E+00  6.00445E+01  2.76462E+02  3.39388E+02  1.46251E+02  2.14020E+02  2.08274E+02  5.50776E+02  2.68587E+02  1.07895E+02  1.90566E+02  9.94951E+01  9.04343E+01  1.01020E+02  3.26804E+01  1.17531E+02  2.35055E+01  6.58929E+01  1.60063E+02  2.03475E+02  1.47048E+02  6.72674E+01  1.41066E+02  1.03769E+02  4.69964E+01  3.82939E+01  5.73369E+01  4.65224E+01  3.38574E+02  3.76219E+02  0.00000E+00  2.66451E+02  4.86345E+02  3.32120E+02  4.60985E+02  3.80327E+02  4.57432E+02  2.03643E+02  0.00000E+00  0.00000E+00  5.27775E+01  2.63984E+02  1.32639E+02  0.00000E+00  2.05647E+02  2.40759E+02  4.03639E+02  5.18011E+02  6.46636E+02  4.01162E+02  4.14072E+02  0.00000E+00  0.00000E+00  0.00000E+00  0.00000E+00  0.00000E+00  0.00000E+00  0.00000E+00  0.00000E+00  0.00000E+00  0.00000E+00  0.00000E+00  0.00000E+00  0.00000E+00  0.00000E+00  0.00000E+00  0.00000E+00  0.00000E+00  0.00000E+00  0.00000E+00  0.00000E+00
  0.00000E+00  0.00000E+00  0.00000E+00  0.00000E+00  1.84048E+02  1.61125E+02  7.31931E+01  1.46532E+02  1.19125E+02  2.44399E+02  2.12112E+02  3.59629E+01  3.14289E+02  1.34611E+02  3.51630E+01  5.15332E+01  3.64015E+01  3.92213E+01  5.02470E+00  6.03765E+01  1.47126E+02  1.41435E+02  2.49317E+02  1.37951E+02  2.27378E+02  1.38751E+02  3.13741E+02  6.40105E+01  2.02919E+01  6.78379E+01  2.96905E+02  5.62094E+02  4.43077E+02  2.14290E+02  2.06110E+02  1.96325E+02  4.76047E+02  1.73663E+02  0.00000E+00  0.00000E+00  0.00000E+00  2.44970E+02  6.11544E+02  1.03588E+03  3.79962E+02  3.12377E+00  4.47761E+00  0.00000E+00  3.09905E+02  4.84576E+02  5.79412E+02  8.03019E+02  8.70292E+02  1.66013E+02  0.00000E+00  0.00000E+00  0.00000E+00  0.00000E+00  0.00000E+00  0.00000E+00  0.00000E+00  0.00000E+00  0.00000E+00  0.00000E+00  0.00000E+00  0.00000E+00  0.00000E+00  0.00000E+00  0.00000E+00  0.00000E+00  0.00000E+00  0.00000E+00  0.00000E+00
  0.00000E+00  0.00000E+00  0.00000E+00  0.00000E+00  4.84890E+01  1.48740E+01  1.49763E+02  3.80654E+02  3.55979E+02  7.48876E+01  4.33225E+01  4.59796E+02  4.14011E+02  5.57420E+01  3.35939E+01  1.79207E+02  7.81926E+01  5.20660E+01  6.38131E+00  1.90000E+02  4.06568E+02  2.78001E+02  6.95870E+01  1.57304E+02  1.50318E+02  1.23411E+02  1.40284E+02  9.93529E+01  6.46814E+01  9.92993E+01  1.47850E+02  2.08285E+01  2.55956E+02  3.04161E+02  1.17850E+02  1.06319E+02  9.10161E+01  2.00615E+01  1.35384E+00  0.00000E+00  0.00000E+00  0.00000E+00  5.43628E+02  5.58417E+02  3.66589E+02  1.35384E+00  2.67228E+02  2.44778E+02  4.11140E+02  1.30633E+02  1.02730E+03  1.47746E+03  1.60337E+03  5.52480E+02  0.00000E+00  0.00000E+00  0.00000E+00  0.00000E+00  0.00000E+00  0.00000E+00  0.00000E+00  0.00000E+00  0.00000E+00  0.00000E+00  0.00000E+00  0.00000E+00  0.00000E+00  0.00000E+00  0.00000E+00  0.00000E+00  0.00000E+00  0.00000E+00  0.00000E+00
  0.00000E+00  0.00000E+00  0.00000E+00  0.00000E+00  0.00000E+00  0.00000E+00  0.00000E+00  3.05777E+02  6.20855E+02  1.79469E+02  0.00000E+00  7.39471E+02  6.89555E+02  6.51520E+00  8.12452E+01  2.81285E+02  1.29364E+02  8.96061E+00  1.70176E+01  2.81447E+01  2.36468E+02  2.44384E+02  6.05304E+01  6.64400E+01  1.83538E+02  2.10445E+02  3.46179E+01  6.46814E+01  2.05896E+02  2.41906E+02  2.59883E+02  8.28988E+01  4.19369E+00  1.38489E+01  1.00979E+01  1.52716E+02  3.52618E+02  6.32207E+01  1.42650E+01  0.00000E+00  5.41538E+00  3.95593E+00  6.52214E+01  8.07381E+02  2.36067E+02  1.99291E+02  5.00152E+02  6.55633E+02  5.57411E+02  1.96899E+01  4.63283E+02  5.64640E+02  1.22742E+03  7.07411E+02  2.46699E+02  3.13193E+02  0.00000E+00  0.00000E+00  0.00000E+00  0.00000E+00  0.00000E+00  0.00000E+00  0.00000E+00  0.00000E+00  0.00000E+00  0.00000E+00  0.00000E+00  0.00000E+00  0.00000E+00  0.00000E+00  0.00000E+00  0.00000E+00  0.00000E+00
  0.00000E+00  0.00000E+00  0.00000E+00  0.00000E+00  0.00000E+00  0.00000E+00  0.00000E+00  1.12064E+02  4.51998E+02  5.94529E+02  8.41673E+01  1.11403E+02  8.87620E+01  5.95634E+01  6.57329E+01  2.47949E+02  3.42905E+02  1.06737E+02  1.33221E+01  1.10334E+01  6.19457E+01  5.19584E+02  3.58829E+02  7.09995E+01  3.08711E+02  1.20254E+02  9.01905E+01  8.76548E+01  1.51670E+02  1.55238E+02  4.68426E+01  1.36630E+01  1.11832E+01  5.91956E+00  7.39018E+00  9.59034E+01  2.68175E+02  2.63868E+02  9.68179E+00  0.00000E+00  1.41594E+01  9.78739E+00  0.00000E+00  1.20699E+02  0.00000E+00  5.69461E+02  8.67028E+02  5.78133E+02  6.21504E+02  2.14399E+02  9.86516E+02  1.33785E+03  9.00613E+02  1.08756E+03  1.11678E+03  1.09980E+03  4.06583E+02  0.00000E+00  0.00000E+00  0.00000E+00  0.00000E+00  0.00000E+00  0.00000E+00  0.00000E+00  0.00000E+00  0.00000E+00  0.00000E+00  0.00000E+00  0.00000E+00  0.00000E+00  0.00000E+00  0.00000E+00  0.00000E+00
  0.00000E+00  0.00000E+00  0.00000E+00  0.00000E+00  0.00000E+00  0.00000E+00  0.00000E+00  1.08822E+02  3.95912E+02  5.42183E+02  8.83696E+01  2.04575E+01  7.56880E+01  6.23570E+01  5.41177E+01  2.24729E+02  3.84515E+02  1.75906E+02  7.88141E+01  2.81803E+00  6.20354E+01  3.27865E+02  2.26375E+02  8.68827E+01  1.97728E+02  2.20659E+02  1.88438E+02  2.41697E+02  1.53994E+02  3.60158E+01  7.10208E+01  1.68195E+01  1.78567E+01  1.08673E+01  1.40321E+01  1.23895E+01  7.32551E+01  3.62006E+02  2.01243E+02  1.64628E+02  9.28610E+01  1.06195E+01  0.00000E+00  1.30881E+02  2.95131E+02  4.13371E+02  1.02428E+03  9.78591E+02  8.39458E+02  7.13781E+02  7.92920E+02  6.84766E+02  6.78020E+02  6.72472E+02  9.85817E+02  8.27406E+02  4.97022E+02  3.05471E+02  0.00000E+00  0.00000E+00  0.00000E+00  0.00000E+00  0.00000E+00  0.00000E+00  0.00000E+00  0.00000E+00  0.00000E+00  0.00000E+00  0.00000E+00  0.00000E+00  0.00000E+00  0.00000E+00  0.00000E+00
  0.00000E+00  0.00000E+00  0.00000E+00  0.00000E+00  0.00000E+00  0.00000E+00  0.00000E+00  1.52467E+02  2.40380E+02  2.89488E+02  3.03940E+02  2.34025E+02  2.26581E+02  2.90832E+02  3.36834E+02  2.28058E+02  3.77446E+02  4.61207E+02  1.29779E+02  3.80200E+00  1.00431E+02  9.95793E+01  1.33910E+02  1.24555E+02  1.24390E+02  1.61439E+02  3.48028E+02  3.31112E+02  6.01271E+01  3.00635E+01  1.39790E+00  1.39790E+00  4.16700E+01  8.50445E+01  2.55144E+01  3.83061E+01  7.03162E+02  7.75699E+02  1.04961E+03  1.19211E+03  5.58590E+02  0.00000E+00  1.52254E+02  4.67222E+02  5.95623E+02  6.32364E+02  8.80655E+02  1.04253E+03  8.75381E+02  8.37506E+02  1.04450E+03  8.81596E+02  7.44447E+02  3.97178E+02  7.95768E+02  7.10844E+02  3.35507E+02  6.48759E+02  1.58697E+02  0.00000E+00  0.00000E+00  0.00000E+00  0.00000E+00  0.00000E+00  0.00000E+00  0.00000E+00  0.00000E+00  0.00000E+00  0.00000E+00  0.00000E+00  0.00000E+00  0.00000E+00  0.00000E+00
  0.00000E+00  0.00000E+00  0.00000E+00  0.00000E+00  0.00000E+00  0.00000E+00  0.00000E+00  5.89135E+01  1.15528E+02  2.23623E+02  2.40828E+02  2.69806E+02  3.11748E+02  1.55459E+02  1.90024E+02  7.07771E+01  2.64223E+02  5.79545E+02  2.32054E+01  6.06716E+01  9.19479E+01  7.85300E+01  1.13860E+02  1.05804E+02  1.03281E+02  1.39344E+02  3.92298E+02  1.75275E+02  2.76867E+01  0.00000E+00  1.51019E+02  1.50609E+01  3.39602E+02  4.53102E+02  2.98300E+02  5.95776E+02  8.99318E+02  9.02861E+02  1.42067E+03  7.12579E+02  8.02730E+02  6.06686E+02  3.41731E+02  5.16836E+02  7.91044E+02  5.44837E+02  5.95193E+02  7.74057E+02  7.98243E+02  6.63200E+02  6.48117E+02  9.33320E+02  9.06406E+02  4.75145E+02  7.77921E+02  9.02057E+02  1.50465E+02  8.32407E+02  7.43991E+02  8.89624E+01  0.00000E+00  0.00000E+00  0.00000E+00  0.00000E+00  0.00000E+00  0.00000E+00  0.00000E+00  0.00000E+00  0.00000E+00  0.00000E+00  0.00000E+00  0.00000E+00  0.00000E+00
  0.00000E+00  0.00000E+00  0.00000E+00  0.00000E+00  0.00000E+00  0.00000E+00  0.00000E+00  0.00000E+00  3.11192E+01  1.99777E+02  3.51492E+02  1.44723E+02  6.69132E+02  3.59843E+02  3.72394E+02  7.57219E+02  4.55872E+02  3.40385E+01  7.44720E+01  5.17778E+01  1.70358E+02  7.27154E+01  8.90849E+01  4.25348E+01  4.12936E+01  8.63075E+01  3.00691E+02  1.12959E+02  7.06890E+01  7.69466E+01  1.88160E+02  3.37556E+02  4.32893E+02  2.78607E+02  6.52483E+02  7.52241E+02  1.24933E+03  9.92827E+02  1.37571E+03  9.23874E+02  8.14089E+02  1.00979E+03  8.10360E+02  4.18827E+02  7.42459E+02  8.89409E+02  9.16501E+02  9.57441E+02  8.99543E+02  6.55090E+02  7.93671E+02  1.02173E+03  7.69050E+02  6.07789E+02  8.08664E+02  8.56966E+02  1.15754E+03  4.90888E+02  8.84918E+02  4.93747E+02  6.80880E+01  3.08665E+01  0.00000E+00  0.00000E+00  0.00000E+00  0.00000E+00  0.00000E+00  0.00000E+00  0.00000E+00  0.00000E+00  0.00000E+00  0.00000E+00  0.00000E+00
  0.00000E+00  0.00000E+00  0.00000E+00  0.00000E+00  0.00000E+00  0.00000E+00  0.00000E+00  0.00000E+00  0.00000E+00  4.44580E+01  3.29478E+02  1.48810E+02  5.05951E+02  1.57497E+02  2.77419E+02  8.53576E+02  2.12824E+02  8.98031E+01  1.65405E+02  9.30460E+01  4.57365E+01  7.02588E+01  1.83283E+01  4.34595E+01  3.50316E+01  4.09809E+01  7.48213E+01  3.60128E+01  2.41666E+01  1.35315E+02  1.05560E+02  3.66441E+02  1.66137E+02  7.36281E+02  1.00857E+03  7.11461E+02  8.57323E+02  1.23733E+03  1.07679E+03  1.01789E+03  6.32408E+02  7.42736E+02  5.95637E+02  5.74292E+02  1.00330E+03  8.67690E+02  7.28907E+02  7.32585E+02  6.88596E+02  9.43094E+02  8.97898E+02  7.13683E+02  6.78909E+02  6.82268E+02  1.13653E+03  1.03077E+03  1.04494E+03  5.17786E+02  6.59727E+02  9.05598E+02  2.25568E+02  6.48147E+02  0.00000E+00  0.00000E+00  0.00000E+00  0.00000E+00  0.00000E+00  0.00000E+00  0.00000E+00  0.00000E+00  0.00000E+00  0.00000E+00  0.00000E+00
  0.00000E+00  0.00000E+00  0.00000E+00  0.00000E+00  0.00000E+00  0.00000E+00  0.00000E+00  0.00000E+00  1.57323E+00  2.71620E+01  1.26158E+02  1.69762E+02  4.40803E+02  5.01427E+02  4.35403E+02  8.19906E+02  1.49794E+02  2.98818E+02  2.28410E+02  1.72660E+02  4.87431E+01  6.66514E+01  8.18244E+01  7.68347E+01  1.24287E+02  1.05865E+02  9.92963E+01  4.05671E+01  9.19518E+01  1.59841E+02  3.77360E+01  2.27788E+02  5.03566E+02  8.22407E+02  8.15160E+02  5.91676E+02  1.03023E+03  1.01219E+03  1.23637E+03  9.16113E+02  9.78182E+02  8.43119E+02  6.62718E+02  6.36082E+02  8.74559E+02  8.97571E+02  8.66312E+02  1.24319E+03  1.03687E+03  9.35989E+02  9.23743E+02  1.05922E+03  1.24656E+03  1.03560E+03  1.28424E+03  1.09497E+03  1.02275E+03  6.91372E+02  1.31781E+03  8.73511E+02  3.61446E+02  9.97448E+02  0.00000E+00  0.00000E+00  0.00000E+00  3.08665E+01  3.08665E+01  0.00000E+00  0.00000E+00  0.00000E+00  0.00000E+00  0.00000E+00  0.00000E+00
  0.00000E+00  0.00000E+00  0.00000E+00  0.00000E+00  0.00000E+00  0.00000E+00  0.00000E+00  0.00000E+00  5.24410E-01  6.20553E+01  1.99121E+02  3.84043E+02  9.98248E+01  1.99592E+02  4.68578E+02  1.90573E+02  2.82399E+02  3.07323E+02  1.94622E+02  1.71960E+02  2.78289E+01  1.02568E+02  3.86107E+01  1.08622E+02  2.63760E+02  2.05523E+02  1.32827E+02  2.40555E+02  2.17226E+02  7.96896E+01  1.66281E+02  3.55127E+02  8.20899E+02  9.15290E+02  8.75873E+02  9.06682E+02  7.91224E+02  6.49677E+02  1.31351E+03  9.40628E+02  7.55594E+02  4.91106E+02  4.62795E+02  6.85127E+02  1.03920E+03  9.58194E+02  1.24433E+03  1.06840E+03  8.44869E+02  1.53725E+03  9.22500E+02  6.34054E+02  1.11629E+03  1.02792E+03  1.15043E+03  9.92000E+02  1.48174E+03  1.18376E+01  1.93766E+02  6.73713E+02  1.95726E+02  3.23607E+02  1.59664E+02  6.35101E+01  0.00000E+00  3.79283E+02  4.41016E+02  9.43765E+01  0.00000E+00  0.00000E+00  0.00000E+00  0.00000E+00  0.00000E+00
  0.00000E+00  0.00000E+00  0.00000E+00  0.00000E+00  0.00000E+00  0.00000E+00  0.00000E+00  0.00000E+00  0.00000E+00  7.53542E+01  2.15451E+02  3.20118E+02  2.16284E+02  9.98475E+01  4.36967E+02  2.66675E+02  1.12148E+02  2.35596E+02  1.65986E+02  7.86427E+01  6.30469E+01  1.10807E+02  5.41613E+01  2.24024E+02  4.18414E+02  2.14632E+02  1.33549E+02  8.30122E+01  1.10578E+02  1.20872E+02  3.21784E+02  4.21367E+02  1.41005E+03  9.91504E+02  7.17653E+02  7.86238E+02  1.25289E+03  1.00286E+03  6.88873E+02  4.66318E+02  5.17572E+02  3.58560E+02  5.08543E+02  9.19271E+02  1.01547E+03  9.98539E+02  1.08511E+03  1.15395E+03  6.74195E+02  7.34291E+02  8.65691E+02  7.50007E+02  1.25457E+03  1.15796E+03  1.00143E+03  1.02022E+03  7.86670E+02  4.85651E+01  0.00000E+00  3.69253E+01  0.00000E+00  0.00000E+00  6.35101E+01  9.61537E+01  6.17329E+01  0.00000E+00  9.25993E+01  2.83130E+02  0.00000E+00  0.00000E+00  0.00000E+00  0.00000E+00  0.00000E+00
  0.00000E+00  0.00000E+00  0.00000E+00  0.00000E+00  0.00000E+00  0.00000E+00  0.00000E+00  0.00000E+00  0.00000E+00  7.27212E+01  2.23530E+02  3.28765E+02  2.43831E+02  1.50076E+02  3.38650E+02  8.90832E+01  2.60468E+02  2.38948E+02  1.82398E+02  5.86080E+01  3.46860E+01  5.14320E+01  8.15819E+01  2.17774E+02  4.01126E+02  6.17640E+02  2.82095E+02  2.53092E+02  1.96420E+02  2.30346E+02  1.31477E+02  5.27912E+02  9.30481E+02  9.07585E+02  4.53679E+02  1.02077E+03  1.22527E+03  6.94393E+02  6.24121E+02  4.19439E+02  7.13218E+02  5.21647E+02  4.21433E+02  6.90535E+02  9.23145E+02  1.23579E+03  1.20317E+03  1.18612E+03  6.49150E+02  1.00278E+03  1.02993E+03  8.58006E+02  1.30502E+03  6.13914E+02  7.92430E+02  7.84283E+02  4.10303E+02  0.00000E+00  0.00000E+00  0.00000E+00  0.00000E+00  0.00000E+00  0.00000E+00  0.00000E+00  0.00000E+00  0.00000E+00  0.00000E+00  0.00000E+00  0.00000E+00  0.00000E+00  0.00000E+00  0.00000E+00  0.00000E+00
  0.00000E+00  0.00000E+00  0.00000E+00  0.00000E+00  0.00000E+00  0.00000E+00  0.00000E+00  0.00000E+00  0.00000E+00  0.00000E+00  4.94543E+01  7.17959E+01  3.93854E+01  2.32449E+02  4.10955E+02  3.86216E+02  1.90554E+02  2.57938E+02  2.09056E+02  5.53626E+01  1.24298E+02  5.75256E+01  5.78816E+01  2.46571E+02  1.04983E+02  4.32038E+01  3.58162E+01  2.13483E+02  4.22657E+02  4.41186E+02  1.36947E+02  2.95229E+02  3.29481E+02  1.77647E+02  8.38196E+02  7.78155E+02  9.00209E+02  5.51236E+02  5.86437E+02  5.65367E+02  5.12513E+02  3.38605E+02  6.10433E+02  9.18458E+02  9.07212E+02  1.07574E+03  1.02714E+03  1.07788E+03  7.82823E+02  9.89832E+02  1.18331E+03  8.26950E+02  8.67160E+02  7.11814E+02  5.50513E+02  7.96795E+02  3.73399E+02  0.00000E+00  0.00000E+00  0.00000E+00  0.00000E+00  0.00000E+00  0.00000E+00  0.00000E+00  0.00000E+00  0.00000E+00  0.00000E+00  0.00000E+00  0.00000E+00  0.00000E+00  0.00000E+00  0.00000E+00  0.00000E+00
  0.00000E+00  0.00000E+00  0.00000E+00  0.00000E+00  0.00000E+00  0.00000E+00  0.00000E+00  0.00000E+00  0.00000E+00  0.00000E+00  0.00000E+00  0.00000E+00  5.07103E+01  9.80749E+01  1.00191E+02  7.62493E+01  2.25875E+02  1.76810E+02  2.35739E+02  1.12129E+02  2.04191E+02  3.03788E+01  5.58165E+01  4.83255E+02  7.16323E+01  2.30112E+01  1.57988E+02  4.39403E+02  3.43718E+02  4.11688E+02  5.24041E+02  3.16116E+02  6.01271E+01  8.20795E+01  6.61161E+02  4.71296E+02  6.15949E+02  5.14254E+02  4.97022E+02  7.80148E+02  2.95102E+02  2.83951E+02  6.13953E+02  7.88209E+02  1.33447E+03  8.01498E+02  6.45656E+02  1.23882E+03  8.02196E+02  8.48694E+02  5.24715E+02  7.10626E+02  7.92170E+02  5.77376E+02  4.58605E+02  4.52334E+02  1.77699E+02  0.00000E+00  0.00000E+00  0.00000E+00  0.00000E+00  1.06214E+02  5.54671E+02  4.11252E+02  0.00000E+00  0.00000E+00  0.00000E+00  0.00000E+00  0.00000E+00  0.00000E+00  0.00000E+00  0.00000E+00  0.00000E+00
  0.00000E+00  0.00000E+00  0.00000E+00  0.00000E+00  0.00000E+00  0.00000E+00  0.00000E+00  0.00000E+00  0.00000E+00  0.00000E+00  0.00000E+00  0.00000E+00  1.44886E+01  1.60658E+02  1.94411E+02  2.89937E+02  1.36734E+02  2.87225E+02  1.24672E+02  1.39325E+02  2.48380E+02  9.31998E+01  4.05952E+02  5.71035E+02  1.40654E+02  1.73355E+02  4.83967E+02  4.17750E+02  3.36452E+02  3.71985E+02  3.23080E+02  3.00635E+01  0.00000E+00  3.05352E+02  6.96957E+02  6.10087E+02  6.34021E+02  8.27603E+02  7.33533E+02  5.61679E+02  6.28701E+02  7.00159E+02  8.53890E+02  7.03593E+02  9.60708E+02  1.19208E+03  5.29851E+02  7.37538E+02  1.05044E+03  1.02053E+03  8.27825E+02  4.96233E+02  7.04954E+02  4.28056E+02  3.73648E+02  8.17154E+01  0.00000E+00  0.00000E+00  0.00000E+00  0.00000E+00  2.37106E+02  8.59340E+02  1.75581E+02  6.25736E+02  1.53365E+02  0.00000E+00  0.00000E+00  0.00000E+00  0.00000E+00  0.00000E+00  0.00000E+00  0.00000E+00  0.00000E+00
  0.00000E+00  0.00000E+00  0.00000E+00  0.00000E+00  0.00000E+00  0.00000E+00  0.00000E+00  0.00000E+00  0.00000E+00  0.00000E+00  0.00000E+00  0.00000E+00  0.00000E+00  6.66673E+01  6.44673E+01  7.95462E+01  1.13393E+02  5.40745E+01  5.72862E+01  0.00000E+00  2.37273E+01  1.76496E+02  7.02363E+02  4.42313E+02  1.66302E+02  6.19742E+02  4.53334E+02  4.68194E+02  3.28666E+02  2.93583E+02  9.01905E+01  0.00000E+00  2.90141E+02  5.97585E+02  5.85759E+02  4.83314E+02  6.52190E+02  6.33433E+02  1.12527E+03  1.43217E+03  9.45764E+02  7.80021E+02  1.15149E+03  6.65419E+02  8.36292E+02  9.48878E+02  6.96188E+02  7.34080E+02  1.37107E+03  1.07484E+03  1.36600E+03  2.07340E+02  0.00000E+00  0.00000E+00  1.35884E+02  0.00000E+00  0.00000E+00  0.00000E+00  0.00000E+00  0.00000E+00  1.28797E+02  3.10129E+02  1.81331E+02  4.87905E+02  4.26771E+02  1.59664E+02  0.00000E+00  0.00000E+00  0.00000E+00  0.00000E+00  0.00000E+00  0.00000E+00  0.00000E+00
  0.00000E+00  0.00000E+00  0.00000E+00  0.00000E+00  0.00000E+00  0.00000E+00  0.00000E+00  0.00000E+00  0.00000E+00  0.00000E+00  0.00000E+00  0.00000E+00  0.00000E+00  0.00000E+00  0.00000E+00  1.34009E+01  9.30665E+01  3.99825E+01  4.63433E+02  4.38854E+02  4.32522E+01  3.37928E+02  5.51411E+02  3.24758E+02  1.77786E+02  4.22790E+02  3.15179E+02  4.23193E+02  4.72098E+02  1.20254E+02  3.00635E+01  1.43351E+02  6.13389E+02  5.01989E+02  6.74732E+02  8.08850E+02  7.78946E+02  7.32492E+02  1.04007E+03  1.31375E+03  9.94582E+02  8.68265E+02  9.73600E+02  8.02044E+02  4.75659E+02  6.56268E+02  6.34623E+02  6.94377E+02  8.14889E+02  5.23025E+02  2.83033E+02  0.00000E+00  0.00000E+00  0.00000E+00  0.00000E+00  0.00000E+00  0.00000E+00  0.00000E+00  0.00000E+00  0.00000E+00  0.00000E+00  2.13607E+02  6.07660E+01  9.05230E+02  7.55206E+02  2.19463E+02  0.00000E+00  0.00000E+00  0.00000E+00  0.00000E+00  0.00000E+00  0.00000E+00  0.00000E+00
  0.00000E+00  0.00000E+00  0.00000E+00  0.00000E+00  0.00000E+00  0.00000E+00  0.00000E+00  0.00000E+00  0.00000E+00  0.00000E+00  0.00000E+00  0.00000E+00  0.00000E+00  0.00000E+00  0.00000E+00  3.99825E+01  6.04400E+01  3.90499E+01  1.42742E+02  3.36808E+02  3.95602E+02  2.87628E+02  5.23495E+02  4.46642E+02  4.57463E+02  4.95406E+02  3.53427E+02  2.44395E+02  3.00635E+01  3.60762E+02  1.57988E+02  3.62166E+02  6.74386E+02  6.22561E+02  7.80041E+02  7.45304E+02  7.42794E+02  7.93106E+02  8.22771E+02  4.28303E+02  2.68908E+02  0.00000E+00  3.79133E+02  4.05497E+02  6.78817E+01  1.21729E+03  3.01483E+02  2.31623E+02  8.38856E+02  4.27623E+02  0.00000E+00  0.00000E+00  0.00000E+00  0.00000E+00  0.00000E+00  0.00000E+00  0.00000E+00  0.00000E+00  0.00000E+00  0.00000E+00  0.00000E+00  6.97479E+02  9.11594E+02  8.73341E+02  6.56392E+02  3.38850E+02  9.16324E+01  0.00000E+00  0.00000E+00  0.00000E+00  0.00000E+00  0.00000E+00  0.00000E+00
  0.00000E+00  0.00000E+00  0.00000E+00  0.00000E+00  0.00000E+00  0.00000E+00  0.00000E+00  0.00000E+00  0.00000E+00  0.00000E+00  0.00000E+00  0.00000E+00  0.00000E+00  0.00000E+00  0.00000E+00  5.95074E+01  3.10430E+02  1.67586E+02  2.77059E+02  4.03800E+02  1.35824E+02  4.40185E+02  5.39133E+02  4.98109E+02  6.51223E+02  5.06578E+02  6.93007E+02  9.79160E+01  5.65655E+02  8.45955E+02  2.46838E+02  4.05810E+02  6.31868E+02  7.64288E+02  1.05135E+03  5.84842E+02  4.90575E+02  5.45320E+02  8.15487E+02  3.63774E+02  7.35077E+02  6.55354E+02  4.03716E+02  2.83512E+02  2.70020E+02  9.78071E+02  3.37728E+02  4.82707E+01  5.19337E+02  2.96200E+02  0.00000E+00  0.00000E+00  0.00000E+00  0.00000E+00  0.00000E+00  0.00000E+00  0.00000E+00  0.00000E+00  0.00000E+00  0.00000E+00  0.00000E+00  3.17910E+02  2.57144E+02  5.58672E+02  3.93529E+02  3.65848E+02  2.47742E+02  0.00000E+00  0.00000E+00  0.00000E+00  0.00000E+00  0.00000E+00  0.00000E+00
  0.00000E+00  0.00000E+00  0.00000E+00  0.00000E+00  0.00000E+00  0.00000E+00  0.00000E+00  0.00000E+00  0.00000E+00  0.00000E+00  0.00000E+00  0.00000E+00  0.00000E+00  0.00000E+00  0.00000E+00  5.14677E+01  4.93107E+02  2.00692E+02  2.27121E+02  5.79760E+02  1.59430E+02  2.42786E+02  2.25572E+02  2.92859E+02  4.07913E+02  3.71667E+02  6.43054E+02  4.60281E+02  1.19662E+03  6.11143E+02  4.75165E+02  7.54383E+02  5.14774E+02  5.77625E+02  5.88733E+02  3.83867E+02  4.68824E+02  5.73443E+02  1.26011E+02  4.14232E+01  3.85421E+02  4.68827E+02  8.14382E+02  7.22698E+01  0.00000E+00  0.00000E+00  0.00000E+00  0.00000E+00  0.00000E+00  0.00000E+00  0.00000E+00  0.00000E+00  0.00000E+00  0.00000E+00  0.00000E+00  0.00000E+00  0.00000E+00  0.00000E+00  0.00000E+00  0.00000E+00  0.00000E+00  0.00000E+00  0.00000E+00  1.83265E+02  9.06656E+01  9.34096E+01  2.21314E+02  1.23309E+02  0.00000E+00  0.00000E+00  0.00000E+00  0.00000E+00  0.00000E+00
  0.00000E+00  0.00000E+00  0.00000E+00  0.00000E+00  0.00000E+00  0.00000E+00  0.00000E+00  0.00000E+00  0.00000E+00  0.00000E+00  0.00000E+00  0.00000E+00  0.00000E+00  0.00000E+00  0.00000E+00  2.62041E+01  4.02276E+02  3.57127E+01  1.66846E+02  3.52753E+02  2.90564E+02  4.31578E+02  3.52968E+02  4.52480E+02  4.07984E+02  5.93853E+02  7.10405E+02  1.45333E+03  1.01046E+03  7.25010E+02  9.49111E+02  9.25441E+02  6.08184E+02  4.81777E+02  4.13721E+02  2.90186E+02  5.18094E+02  3.60884E+02  8.51451E+01  0.00000E+00  1.54329E+01  2.63428E+02  6.75850E+02  9.84805E+01  0.00000E+00  0.00000E+00  0.00000E+00  0.00000E+00  0.00000E+00  0.00000E+00  1.06374E+02  0.00000E+00  0.00000E+00  0.00000E+00  0.00000E+00  0.00000E+00  2.88190E+02  5.27775E+01  0.00000E+00  0.00000E+00  0.00000E+00  0.00000E+00  0.00000E+00  0.00000E+00  0.00000E+00  0.00000E+00  6.39522E+01  0.00000E+00  0.00000E+00  0.00000E+00  0.00000E+00  0.00000E+00  0.00000E+00
  0.00000E+00  0.00000E+00  0.00000E+00  0.00000E+00  0.00000E+00  0.00000E+00  0.00000E+00  0.00000E+00  0.00000E+00  0.00000E+00  0.00000E+00  0.00000E+00  0.00000E+00  0.00000E+00  0.00000E+00  0.00000E+00  3.61135E+02  1.36763E+02  1.80410E+02  5.10275E+02  3.82247E+02  3.28601E+02  3.41920E+02  7.17206E+01  1.73993E+02  4.22666E+02  5.37894E+01  7.12125E+02  1.12504E+03  8.97949E+02  5.93282E+02  6.06940E+02  3.46344E+02  7.55271E+01  2.72006E+02  3.31590E+02  1.90375E+02  3.83454E+01  3.04805E+01  0.00000E+00  0.00000E+00  0.00000E+00  1.08639E+02  4.91508E+02  4.70773E+02  0.00000E+00  0.00000E+00  0.00000E+00  0.00000E+00  1.72557E+02  5.31654E+02  0.00000E+00  6.07660E+01  0.00000E+00  2.50878E+01  0.00000E+00  2.89581E+02  1.32639E+02  0.00000E+00  0.00000E+00  0.00000E+00  0.00000E+00  5.13865E+01  5.13865E+01  1.98542E+02  0.00000E+00  0.00000E+00  0.00000E+00  0.00000E+00  0.00000E+00  0.00000E+00  0.00000E+00  0.00000E+00
  0.00000E+00  0.00000E+00  0.00000E+00  0.00000E+00  0.00000E+00  0.00000E+00  0.00000E+00  0.00000E+00  0.00000E+00  0.00000E+00  0.00000E+00  0.00000E+00  0.00000E+00  0.00000E+00  0.00000E+00  0.00000E+00  0.00000E+00  5.87509E+01  1.43950E+02  2.61695E+02  7.49116E+02  3.85484E+02  1.94641E+02  3.51789E+02  4.05567E+02  1.97778E+02  1.90072E+02  4.81527E+02  5.09114E+02  5.39151E+02  4.21873E+02  3.61689E+02  3.84104E+02  0.00000E+00  3.02098E+02  1.88776E+02  0.00000E+00  0.00000E+00  0.00000E+00  0.00000E+00  0.00000E+00  0.00000E+00  0.00000E+00  1.18034E+01  2.44638E+02  4.86510E+02  0.00000E+00  0.00000E+00  0.00000E+00  9.13030E+02  1.11398E+03  1.03175E+03  9.19391E+02  3.21374E+02  5.93257E+02  0.00000E+00  5.13865E+01  5.13865E+01  0.00000E+00  0.00000E+00  7.84707E+01  1.74241E+02  6.40524E+02  6.39919E+02  1.00253E+03  3.89493E+02  0.00000E+00  0.00000E+00  0.00000E+00  0.00000E+00  0.00000E+00  0.00000E+00  0.00000E+00
  0.00000E+00  0.00000E+00  0.00000E+00  0.00000E+00  0.00000E+00  0.00000E+00  0.00000E+00  0.00000E+00  0.00000E+00  0.00000E+00  0.00000E+00  0.00000E+00  0.00000E+00  0.00000E+00  0.00000E+00  0.00000E+00  0.00000E+00  0.00000E+00  0.00000E+00  0.00000E+00  1.59577E+02  4.20694E+02  3.89705E+02  3.73996E+02  2.39442E+02  1.97483E+02  2.50408E+02  8.70624E+01  1.53449E+01  0.00000E+00  6.78546E+01  4.29462E+02  1.65773E+02  7.67247E+00  2.41294E+02  1.88729E+02  2.18311E+02  7.49293E+01  0.00000E+00  0.00000E+00  0.00000E+00  0.00000E+00  0.00000E+00  0.00000E+00  0.00000E+00  1.18956E+02  4.29101E+02  1.96510E+02  0.00000E+00  0.00000E+00  9.10723E+02  1.02001E+03  7.72147E+02  1.08547E+03  4.27504E+02  2.56933E+01  5.27775E+01  0.00000E+00  2.70842E+01  8.12525E+01  1.04164E+02  4.25613E+02  5.19223E+02  9.18355E+02  5.91066E+02  1.34030E+02  0.00000E+00  0.00000E+00  0.00000E+00  0.00000E+00  0.00000E+00  0.00000E+00  0.00000E+00
  0.00000E+00  0.00000E+00  0.00000E+00  0.00000E+00  0.00000E+00  0.00000E+00  0.00000E+00  0.00000E+00  0.00000E+00  0.00000E+00  0.00000E+00  0.00000E+00  0.00000E+00  0.00000E+00  0.00000E+00  0.00000E+00  0.00000E+00  0.00000E+00  0.00000E+00  0.00000E+00  0.00000E+00  7.32352E+01  3.77987E+02  3.55541E+02  3.74855E+02  2.73521E+02  1.03876E+02  0.00000E+00  0.00000E+00  0.00000E+00  0.00000E+00  3.54557E+02  4.89637E+02  2.02940E+02  3.00635E+01  1.13232E+02  1.65797E+02  3.77604E+01  0.00000E+00  0.00000E+00  0.00000E+00  0.00000E+00  0.00000E+00  0.00000E+00  0.00000E+00  0.00000E+00  4.14300E+02  3.88198E+02  3.60084E+02  0.00000E+00  5.08467E+02  2.96769E+02  5.30825E+01  3.84251E+02  2.58320E+02  5.52115E+02  4.46522E+02  0.00000E+00  1.05555E+02  2.09719E+02  5.13865E+01  3.59341E+02  4.22251E+02  5.24225E+02  4.28371E+02  0.00000E+00  0.00000E+00  0.00000E+00  0.00000E+00  0.00000E+00  0.00000E+00  0.00000E+00  0.00000E+00
  0.00000E+00  0.00000E+00  0.00000E+00  0.00000E+00  0.00000E+00  0.00000E+00  0.00000E+00  0.00000E+00  0.00000E+00  0.00000E+00  0.00000E+00  0.00000E+00  0.00000E+00  0.00000E+00  0.00000E+00  0.00000E+00  0.00000E+00  0.00000E+00  0.00000E+00  0.00000E+00  0.00000E+00  0.00000E+00  9.50860E+00  2.59236E+02  1.36909E+02  0.00000E+00  0.00000E+00  0.00000E+00  0.00000E+00  0.00000E+00  0.00000E+00  0.00000E+00  0.00000E+00  0.00000E+00  9.02171E+01  1.13204E+02  9.02457E+01  0.00000E+00  0.00000E+00  0.00000E+00  0.00000E+00  0.00000E+00  0.00000E+00  0.00000E+00  0.00000E+00  0.00000E+00  2.90916E+02  4.42079E+02  8.54177E+02  4.95667E+02  1.16831E+01  0.00000E+00  0.00000E+00  2.25256E+02  4.07656E+02  2.59910E+02  2.42135E+02  7.98773E+01  0.00000E+00  0.00000E+00  1.30106E+02  1.83658E+02  5.31824E+02  4.84205E+02  7.56517E+00  0.00000E+00  0.00000E+00  0.00000E+00  0.00000E+00  0.00000E+00  0.00000E+00  0.00000E+00  0.00000E+00
  0.00000E+00  0.00000E+00  0.00000E+00  0.00000E+00  0.00000E+00  0.00000E+00  0.00000E+00  0.00000E+00  0.00000E+00  0.00000E+00  0.00000E+00  0.00000E+00  0.00000E+00  0.00000E+00  0.00000E+00  0.00000E+00  0.00000E+00  0.00000E+00  0.00000E+00  0.00000E+00  0.00000E+00  0.00000E+00  2.58284E+02  1.91180E+02  0.00000E+00  0.00000E+00  0.00000E+00  2.03034E+02  1.32094E+02  2.85259E+02  0.00000E+00  0.00000E+00  0.00000E+00  0.00000E+00  1.27925E+02  0.00000E+00  0.00000E+00  0.00000E+00  0.00000E+00  0.00000E+00  0.00000E+00  0.00000E+00  0.00000E+00  0.00000E+00  0.00000E+00  0.00000E+00  6.14630E+01  2.35846E+02  4.27040E+01  1.07337E+02  1.37236E+02  1.22617E+02  2.83748E+02  3.89454E+02  3.41067E+02  1.06946E+02  4.06552E+02  1.03097E+02  1.82837E+02  3.53406E+02  1.10451E+02  3.70578E+02  5.14606E+02  5.97915E+01  0.00000E+00  0.00000E+00  0.00000E+00  0.00000E+00  0.00000E+00  0.00000E+00  0.00000E+00  0.00000E+00  0.00000E+00
  0.00000E+00  0.00000E+00  0.00000E+00  0.00000E+00  0.00000E+00  0.00000E+00  0.00000E+00  0.00000E+00  0.00000E+00  0.00000E+00  0.00000E+00  0.00000E+00  0.00000E+00  0.00000E+00  0.00000E+00  0.00000E+00  0.00000E+00  0.00000E+00  0.00000E+00  0.00000E+00  0.00000E+00  0.00000E+00  6.79120E+01  2.04575E+01  0.00000E+00  0.00000E+00  1.14620E+02  1.37195E+02  4.71887E+02  2.15840E+02  0.00000E+00  0.00000E+00  0.00000E+00  0.00000E+00  1.35709E+02  0.00000E+00  0.00000E+00  0.00000E+00  0.00000E+00  0.00000E+00  0.00000E+00  0.00000E+00  0.00000E+00  0.00000E+00  0.00000E+00  0.00000E+00  0.00000E+00  0.00000E+00  0.00000E+00  0.00000E+00  1.14291E+02  4.04370E+02  2.13986E+02  4.21946E+02  2.01789E+02  2.27720E+02  2.12989E+02  4.97169E+02  9.42877E+02  6.18689E+02  3.37197E+02  2.34595E+02  0.00000E+00  0.00000E+00  0.00000E+00  0.00000E+00  0.00000E+00  0.00000E+00  0.00000E+00  0.00000E+00  0.00000E+00  0.00000E+00  0.00000E+00
  0.00000E+00  0.00000E+00  0.00000E+00  0.00000E+00  0.00000E+00  0.00000E+00  0.00000E+00  0.00000E+00  0.00000E+00  0.00000E+00  0.00000E+00  0.00000E+00  0.00000E+00  0.00000E+00  0.00000E+00  0.00000E+00  0.00000E+00  0.00000E+00  0.00000E+00  0.00000E+00  0.00000E+00  0.00000E+00  0.00000E+00  0.00000E+00  0.00000E+00  8.62399E+01  2.36603E+02  1.40457E+02  3.77825E+02  4.85660E+02  0.00000E+00  0.00000E+00  0.00000E+00  4.54044E+01  1.35711E+02  1.65793E+02  1.58123E+02  2.30112E+01  1.06979E+02  3.83426E+01  2.51689E+02  7.86497E+00  0.00000E+00  3.83426E+01  1.74021E+02  0.00000E+00  0.00000E+00  0.00000E+00  5.99396E+01  3.52243E+02  7.38507E+01  2.25625E+02  2.17691E+02  8.05728E+01  1.95151E+02  1.20174E+02  4.10760E+02  8.45815E+02  7.24056E+02  1.82957E+02  0.00000E+00  0.00000E+00  0.00000E+00  0.00000E+00  0.00000E+00  0.00000E+00  0.00000E+00  0.00000E+00  0.00000E+00  0.00000E+00  0.00000E+00  0.00000E+00  0.00000E+00
  0.00000E+00  0.00000E+00  0.00000E+00  0.00000E+00  0.00000E+00  0.00000E+00  0.00000E+00  0.00000E+00  0.00000E+00  0.00000E+00  0.00000E+00  0.00000E+00  0.00000E+00  0.00000E+00  0.00000E+00  0.00000E+00  0.00000E+00  0.00000E+00  0.00000E+00  0.00000E+00  0.00000E+00  0.00000E+00  0.00000E+00  0.00000E+00  0.00000E+00  0.00000E+00  1.88667E+02  1.67134E+02  1.96635E+01  5.10638E+02  3.43057E+02  6.64031E+01  0.00000E+00  1.59312E+02  2.33648E+02  4.66695E+02  3.07390E+02  3.77604E+01  2.52114E+02  1.44526E+02  2.80202E+02  4.27117E+01  8.80489E+01  3.34280E+02  7.57030E+01  0.00000E+00  0.00000E+00  0.00000E+00  2.06937E+02  7.55631E+02  4.94282E+02  1.82635E+02  1.80704E+02  2.89698E+02  5.73581E+02  9.78327E+02  9.28142E+02  8.18014E+02  4.03708E+02  0.00000E+00  0.00000E+00  2.89727E+01  0.00000E+00  0.00000E+00  0.00000E+00  0.00000E+00  0.00000E+00  0.00000E+00  0.00000E+00  0.00000E+00  0.00000E+00  0.00000E+00  0.00000E+00
  0.00000E+00  0.00000E+00  0.00000E+00  0.00000E+00  0.00000E+00  0.00000E+00  0.00000E+00  0.00000E+00  0.00000E+00  0.00000E+00  0.00000E+00  0.00000E+00  0.00000E+00  0.00000E+00  0.00000E+00  0.00000E+00  0.00000E+00  0.00000E+00  0.00000E+00  0.00000E+00  0.00000E+00  0.00000E+00  0.00000E+00  0.00000E+00  0.00000E+00  0.00000E+00  3.79992E+01  1.39174E+02  1.96635E+01  3.43442E+02  1.08005E+03  1.12514E+03  7.13496E+01  2.41916E+02  2.94438E+02  3.30999E+02  2.10630E+02  2.24196E+01  1.97822E+02  3.83454E+01  2.34980E+02  2.65652E+02  1.86364E+02  1.51406E+02  3.04777E+01  2.06469E+02  2.43835E+02  1.16027E+02  3.18275E+02  5.68340E+02  4.67205E+02  0.00000E+00  0.00000E+00  5.79156E+02  1.34957E+03  5.77344E+02  5.20788E+02  2.77718E+02  4.44812E+01  0.00000E+00  0.00000E+00  0.00000E+00  0.00000E+00  0.00000E+00  0.00000E+00  0.00000E+00  0.00000E+00  0.00000E+00  0.00000E+00  0.00000E+00  0.00000E+00  0.00000E+00  0.00000E+00
  0.00000E+00  0.00000E+00  0.00000E+00  0.00000E+00  0.00000E+00  0.00000E+00  0.00000E+00  0.00000E+00  0.00000E+00  0.00000E+00  0.00000E+00  0.00000E+00  0.00000E+00  0.00000E+00  0.00000E+00  0.00000E+00  0.00000E+00  0.00000E+00  0.00000E+00  0.00000E+00  0.00000E+00  0.00000E+00  0.00000E+00  0.00000E+00  0.00000E+00  0.00000E+00  0.00000E+00  3.52051E+01  9.23711E+01  4.74816E+02  4.55786E+02  8.50247E+02  2.83798E+02  0.00000E+00  1.05021E+02  3.08583E+02  2.63742E+02  1.44910E+02  5.30903E+01  1.28793E+02  1.82874E+02  2.24066E+02  3.39734E+01  0.00000E+00  6.09581E+01  1.92486E+02  4.36545E+02  3.75595E+02  3.50450E+02  1.23603E+02  0.00000E+00  0.00000E+00  0.00000E+00  1.20901E+02  4.02505E+02  1.16831E+01  0.00000E+00  0.00000E+00  0.00000E+00  0.00000E+00  0.00000E+00  0.00000E+00  0.00000E+00  0.00000E+00  0.00000E+00  0.00000E+00  0.00000E+00  0.00000E+00  0.00000E+00  0.00000E+00  0.00000E+00  0.00000E+00  0.00000E+00
  0.00000E+00  0.00000E+00  0.00000E+00  0.00000E+00  0.00000E+00  0.00000E+00  0.00000E+00  0.00000E+00  0.00000E+00  0.00000E+00  0.00000E+00  0.00000E+00  0.00000E+00  0.00000E+00  0.00000E+00  0.00000E+00  0.00000E+00  0.00000E+00  0.00000E+00  0.00000E+00  0.00000E+00  0.00000E+00  0.00000E+00  0.00000E+00  0.00000E+00  1.47476E+01  4.91587E+00  0.00000E+00  0.00000E+00  1.37195E+02  2.63399E+02  8.36478E+02  8.17763E+02  2.49366E+02  0.00000E+00  2.55474E+02  4.82657E+02  3.12472E+02  1.15028E+02  1.97619E+02  3.03245E+02  3.51940E+02  3.58863E+02  3.46097E+02  2.68421E+02  2.44823E+02  1.00283E+02  4.20812E+02  3.04805E+01  0.00000E+00  0.00000E+00  0.00000E+00  0.00000E+00  0.00000E+00  2.89367E+01  1.01944E+02  0.00000E+00  0.00000E+00  0.00000E+00  0.00000E+00  0.00000E+00  0.00000E+00  0.00000E+00  0.00000E+00  0.00000E+00  0.00000E+00  0.00000E+00  0.00000E+00  0.00000E+00  0.00000E+00  0.00000E+00  0.00000E+00  0.00000E+00
  0.00000E+00  0.00000E+00  0.00000E+00  0.00000E+00  0.00000E+00  0.00000E+00  0.00000E+00  0.00000E+00  0.00000E+00  0.00000E+00  0.00000E+00  0.00000E+00  0.00000E+00  0.00000E+00  0.00000E+00  0.00000E+00  0.00000E+00  0.00000E+00  0.00000E+00  0.00000E+00  0.00000E+00  0.00000E+00  0.00000E+00  0.00000E+00  0.00000E+00  4.91587E+00  1.47476E+01  0.00000E+00  0.00000E+00  6.00359E+01  3.60772E+02  3.95213E+02  8.33600E+02  1.01857E+03  0.00000E+00  1.87619E+02  6.60781E+02  7.21681E+02  3.77095E+02  2.12364E+02  3.25222E+02  9.95185E+01  7.66852E+01  3.04777E+01  2.26127E+01  6.02704E+02  3.74596E+02  0.00000E+00  0.00000E+00  0.00000E+00  0.00000E+00  0.00000E+00  0.00000E+00  8.05715E+01  4.00206E+02  2.13715E+01  0.00000E+00  0.00000E+00  0.00000E+00  0.00000E+00  0.00000E+00  0.00000E+00  0.00000E+00  0.00000E+00  0.00000E+00  0.00000E+00  0.00000E+00  0.00000E+00  0.00000E+00  0.00000E+00  0.00000E+00  0.00000E+00  0.00000E+00
  0.00000E+00  0.00000E+00  0.00000E+00  0.00000E+00  0.00000E+00  0.00000E+00  0.00000E+00  0.00000E+00  0.00000E+00  0.00000E+00  0.00000E+00  0.00000E+00  0.00000E+00  0.00000E+00  0.00000E+00  0.00000E+00  0.00000E+00  0.00000E+00  0.00000E+00  0.00000E+00  0.00000E+00  0.00000E+00  0.00000E+00  0.00000E+00  0.00000E+00  0.00000E+00  9.83174E+00  0.00000E+00  0.00000E+00  4.64570E+01  1.76897E+02  4.00207E+02  6.84214E+02  7.85620E+02  1.29122E+01  1.96245E+02  5.28198E+02  4.47370E+02  4.13917E+02  1.07266E+02  4.79539E+01  0.00000E+00  0.00000E+00  1.45520E+02  2.96926E+02  4.90637E+02  5.49605E+02  3.83426E+01  0.00000E+00  0.00000E+00  0.00000E+00  0.00000E+00  0.00000E+00  7.56517E+00  6.54399E+01  0.00000E+00  0.00000E+00  0.00000E+00  0.00000E+00  0.00000E+00  0.00000E+00  0.00000E+00  0.00000E+00  0.00000E+00  0.00000E+00  0.00000E+00  0.00000E+00  0.00000E+00  0.00000E+00  0.00000E+00  0.00000E+00  0.00000E+00  0.00000E+00
  0.00000E+00  0.00000E+00  0.00000E+00  0.00000E+00  0.00000E+00  0.00000E+00  0.00000E+00  0.00000E+00  0.00000E+00  0.00000E+00  0.00000E+00  0.00000E+00  0.00000E+00  0.00000E+00  0.00000E+00  0.00000E+00  0.00000E+00  0.00000E+00  0.00000E+00  0.00000E+00  0.00000E+00  0.00000E+00  0.00000E+00  0.00000E+00  0.00000E+00  0.00000E+00  9.83174E+00  2.94952E+01  0.00000E+00  0.00000E+00  0.00000E+00  1.08236E+02  8.66659E+02  7.63549E+02  2.26261E+02  2.04729E+02  6.61695E+02  3.47085E+02  9.66750E+01  0.00000E+00  0.00000E+00  0.00000E+00  2.15331E+02  5.04585E+02  5.11781E+02  5.95821E+02  3.25972E+02  1.57299E+01  0.00000E+00  0.00000E+00  1.88753E+02  4.40684E+01  0.00000E+00  0.00000E+00  0.00000E+00  0.00000E+00  0.00000E+00  0.00000E+00  0.00000E+00  0.00000E+00  0.00000E+00  0.00000E+00  0.00000E+00  0.00000E+00  0.00000E+00  0.00000E+00  0.00000E+00  0.00000E+00  0.00000E+00  0.00000E+00  0.00000E+00  0.00000E+00  0.00000E+00
  0.00000E+00  0.00000E+00  0.00000E+00  0.00000E+00  0.00000E+00  0.00000E+00  0.00000E+00  0.00000E+00  0.00000E+00  0.00000E+00  0.00000E+00  0.00000E+00  0.00000E+00  0.00000E+00  0.00000E+00  0.00000E+00  0.00000E+00  0.00000E+00  0.00000E+00  0.00000E+00  0.00000E+00  0.00000E+00  0.00000E+00  0.00000E+00  0.00000E+00  0.00000E+00  0.00000E+00  9.83174E+00  9.48511E+01  2.44408E+01  0.00000E+00  0.00000E+00  3.36853E+02  2.53066E+02  1.48450E+02  7.86497E+00  5.30903E+01  1.60262E+02  1.75227E+00  6.81530E+01  2.73735E+02  5.64968E+02  2.74307E+02  5.77195E+02  8.30867E+02  3.85286E+02  2.53384E+01  0.00000E+00  0.00000E+00  4.08262E+01  1.58492E+02  0.00000E+00  0.00000E+00  0.00000E+00  0.00000E+00  0.00000E+00  0.00000E+00  0.00000E+00  0.00000E+00  0.00000E+00  0.00000E+00  0.00000E+00  0.00000E+00  0.00000E+00  0.00000E+00  0.00000E+00  0.00000E+00  0.00000E+00  0.00000E+00  0.00000E+00  0.00000E+00  0.00000E+00  0.00000E+00
  0.00000E+00  0.00000E+00  0.00000E+00  0.00000E+00  0.00000E+00  0.00000E+00  0.00000E+00  0.00000E+00  0.00000E+00  0.00000E+00  0.00000E+00  0.00000E+00  0.00000E+00  0.00000E+00  0.00000E+00  0.00000E+00  0.00000E+00  0.00000E+00  0.00000E+00  0.00000E+00  0.00000E+00  0.00000E+00  0.00000E+00  0.00000E+00  0.00000E+00  0.00000E+00  0.00000E+00  4.91587E+00  1.19372E+02  1.64846E+02  0.00000E+00  0.00000E+00  0.00000E+00  0.00000E+00  0.00000E+00  0.00000E+00  0.00000E+00  0.00000E+00  0.00000E+00  1.09894E+02  1.29778E+02  5.14019E+02  6.03184E+02  3.65095E+02  2.23574E+02  0.00000E+00  0.00000E+00  0.00000E+00  0.00000E+00  0.00000E+00  0.00000E+00  0.00000E+00  0.00000E+00  0.00000E+00  0.00000E+00  0.00000E+00  0.00000E+00  0.00000E+00  0.00000E+00  0.00000E+00  0.00000E+00  0.00000E+00  0.00000E+00  0.00000E+00  0.00000E+00  0.00000E+00  0.00000E+00  0.00000E+00  0.00000E+00  0.00000E+00  0.00000E+00  0.00000E+00  0.00000E+00
  0.00000E+00  0.00000E+00  0.00000E+00  0.00000E+00  0.00000E+00  0.00000E+00  0.00000E+00  0.00000E+00  0.00000E+00  0.00000E+00  0.00000E+00  0.00000E+00  0.00000E+00  0.00000E+00  0.00000E+00  0.00000E+00  0.00000E+00  0.00000E+00  0.00000E+00  0.00000E+00  0.00000E+00  0.00000E+00  0.00000E+00  0.00000E+00  0.00000E+00  0.00000E+00  0.00000E+00  0.00000E+00  2.04575E+01  1.53034E+02  1.15447E+02  4.01210E+01  2.94952E+01  0.00000E+00  0.00000E+00  0.00000E+00  0.00000E+00  0.00000E+00  0.00000E+00  0.00000E+00  0.00000E+00  1.38871E+02  3.86077E+02  1.21302E+02  0.00000E+00  0.00000E+00  0.00000E+00  0.00000E+00  0.00000E+00  0.00000E+00  0.00000E+00  0.00000E+00  0.00000E+00  0.00000E+00  0.00000E+00  0.00000E+00  0.00000E+00  0.00000E+00  0.00000E+00  0.00000E+00  0.00000E+00  0.00000E+00  0.00000E+00  0.00000E+00  0.00000E+00  0.00000E+00  0.00000E+00  0.00000E+00  0.00000E+00  0.00000E+00  0.00000E+00  0.00000E+00  0.00000E+00
  0.00000E+00  0.00000E+00  0.00000E+00  0.00000E+00  0.00000E+00  0.00000E+00  0.00000E+00  0.00000E+00  0.00000E+00  0.00000E+00  0.00000E+00  0.00000E+00  0.00000E+00  0.00000E+00  0.00000E+00  0.00000E+00  0.00000E+00  0.00000E+00  0.00000E+00  0.00000E+00  0.00000E+00  0.00000E+00  0.00000E+00  0.00000E+00  0.00000E+00  0.00000E+00  0.00000E+00  0.00000E+00  0.00000E+00  2.53734E+01  2.45793E+01  0.00000E+00  0.00000E+00  0.00000E+00  0.00000E+00  0.00000E+00  9.83174E+00  1.82963E+02  9.60570E+00  0.00000E+00  0.00000E+00  0.00000E+00  0.00000E+00  0.00000E+00  0.00000E+00  0.00000E+00  0.00000E+00  0.00000E+00  0.00000E+00  0.00000E+00  0.00000E+00  0.00000E+00  0.00000E+00  0.00000E+00  0.00000E+00  0.00000E+00  0.00000E+00  0.00000E+00  0.00000E+00  0.00000E+00  0.00000E+00  0.00000E+00  0.00000E+00  0.00000E+00  0.00000E+00  0.00000E+00  0.00000E+00  0.00000E+00  0.00000E+00  0.00000E+00  0.00000E+00  0.00000E+00  0.00000E+00
  0.00000E+00  0.00000E+00  0.00000E+00  0.00000E+00  0.00000E+00  0.00000E+00  0.00000E+00  0.00000E+00  0.00000E+00  0.00000E+00  0.00000E+00  0.00000E+00  0.00000E+00  0.00000E+00  0.00000E+00  0.00000E+00  0.00000E+00  0.00000E+00  0.00000E+00  0.00000E+00  0.00000E+00  0.00000E+00  0.00000E+00  0.00000E+00  0.00000E+00  0.00000E+00  0.00000E+00  0.00000E+00  0.00000E+00  0.00000E+00  0.00000E+00  0.00000E+00  0.00000E+00  0.00000E+00  4.91587E+00  1.47476E+01  2.55740E+02  1.48510E+01  0.00000E+00  0.00000E+00  0.00000E+00  0.00000E+00  0.00000E+00  0.00000E+00  0.00000E+00  0.00000E+00  0.00000E+00  0.00000E+00  0.00000E+00  0.00000E+00  0.00000E+00  0.00000E+00  0.00000E+00  0.00000E+00  0.00000E+00  0.00000E+00  0.00000E+00  0.00000E+00  0.00000E+00  0.00000E+00  0.00000E+00  0.00000E+00  0.00000E+00  0.00000E+00  0.00000E+00  0.00000E+00  0.00000E+00  0.00000E+00  0.00000E+00  0.00000E+00  0.00000E+00  0.00000E+00  0.00000E+00
  0.00000E+00  0.00000E+00  0.00000E+00  0.00000E+00  0.00000E+00  0.00000E+00  0.00000E+00  0.00000E+00  0.00000E+00  0.00000E+00  0.00000E+00  0.00000E+00  0.00000E+00  0.00000E+00  0.00000E+00  0.00000E+00  0.00000E+00  0.00000E+00  0.00000E+00  0.00000E+00  0.00000E+00  0.00000E+00  0.00000E+00  0.00000E+00  0.00000E+00  0.00000E+00  0.00000E+00  0.00000E+00  0.00000E+00  0.00000E+00  0.00000E+00  0.00000E+00  0.00000E+00  2.45793E+01  4.42428E+01  4.91587E+00  4.91587E+00  0.00000E+00  0.00000E+00  0.00000E+00  0.00000E+00  0.00000E+00  0.00000E+00  0.00000E+00  0.00000E+00  0.00000E+00  0.00000E+00  0.00000E+00  0.00000E+00  0.00000E+00  0.00000E+00  0.00000E+00  0.00000E+00  0.00000E+00  0.00000E+00  0.00000E+00  0.00000E+00  1.12232E+02  2.11807E+02  0.00000E+00  0.00000E+00  0.00000E+00  0.00000E+00  0.00000E+00  0.00000E+00  0.00000E+00  0.00000E+00  0.00000E+00  0.00000E+00  0.00000E+00  0.00000E+00  0.00000E+00  0.00000E+00
  0.00000E+00  0.00000E+00  0.00000E+00  0.00000E+00  0.00000E+00  0.00000E+00  0.00000E+00  0.00000E+00  0.00000E+00  0.00000E+00  0.00000E+00  0.00000E+00  0.00000E+00  0.00000E+00  0.00000E+00  0.00000E+00  0.00000E+00  0.00000E+00  0.00000E+00  0.00000E+00  0.00000E+00  0.00000E+00  0.00000E+00  0.00000E+00  0.00000E+00  0.00000E+00  0.00000E+00  0.00000E+00  0.00000E+00  0.00000E+00  0.00000E+00  0.00000E+00  0.00000E+00  1.47476E+01  3.44111E+01  1.96635E+01  0.00000E+00  0.00000E+00  0.00000E+00  0.00000E+00  0.00000E+00  0.00000E+00  0.00000E+00  0.00000E+00  0.00000E+00  0.00000E+00  0.00000E+00  0.00000E+00  0.00000E+00  0.00000E+00  0.00000E+00  0.00000E+00  0.00000E+00  0.00000E+00  0.00000E+00  0.00000E+00  0.00000E+00  1.04074E+02  0.00000E+00  0.00000E+00  0.00000E+00  0.00000E+00  0.00000E+00  0.00000E+00  0.00000E+00  0.00000E+00  0.00000E+00  0.00000E+00  0.00000E+00  0.00000E+00  0.00000E+00  0.00000E+00  0.00000E+00
  0.00000E+00  0.00000E+00  0.00000E+00  0.00000E+00  0.00000E+00  0.00000E+00  0.00000E+00  0.00000E+00  0.00000E+00  0.00000E+00  0.00000E+00  0.00000E+00  0.00000E+00  0.00000E+00  0.00000E+00  0.00000E+00  0.00000E+00  0.00000E+00  0.00000E+00  0.00000E+00  0.00000E+00  0.00000E+00  0.00000E+00  0.00000E+00  0.00000E+00  0.00000E+00  0.00000E+00  0.00000E+00  0.00000E+00  0.00000E+00  0.00000E+00  0.00000E+00  0.00000E+00  0.00000E+00  0.00000E+00  0.00000E+00  0.00000E+00  0.00000E+00  0.00000E+00  0.00000E+00  0.00000E+00  0.00000E+00  0.00000E+00  0.00000E+00  0.00000E+00  0.00000E+00  0.00000E+00  0.00000E+00  0.00000E+00  0.00000E+00  0.00000E+00  0.00000E+00  0.00000E+00  0.00000E+00  8.15794E+00  8.69182E+01  1.90992E+02  1.12232E+02  0.00000E+00  0.00000E+00  0.00000E+00  0.00000E+00  0.00000E+00  0.00000E+00  0.00000E+00  0.00000E+00  0.00000E+00  0.00000E+00  0.00000E+00  0.00000E+00  0.00000E+00  0.00000E+00  0.00000E+00
  0.00000E+00  0.00000E+00  0.00000E+00  0.00000E+00  0.00000E+00  0.00000E+00  0.00000E+00  0.00000E+00  0.00000E+00  0.00000E+00  0.00000E+00  0.00000E+00  0.00000E+00  0.00000E+00  0.00000E+00  0.00000E+00  0.00000E+00  0.00000E+00  0.00000E+00  0.00000E+00  0.00000E+00  0.00000E+00  0.00000E+00  0.00000E+00  0.00000E+00  0.00000E+00  0.00000E+00  0.00000E+00  0.00000E+00  0.00000E+00  0.00000E+00  0.00000E+00  0.00000E+00  0.00000E+00  0.00000E+00  0.00000E+00  0.00000E+00  0.00000E+00  0.00000E+00  0.00000E+00  0.00000E+00  0.00000E+00  0.00000E+00  0.00000E+00  0.00000E+00  0.00000E+00  0.00000E+00  0.00000E+00  0.00000E+00  0.00000E+00  0.00000E+00  0.00000E+00  0.00000E+00  3.71307E+01  2.48938E+02  2.45279E+02  4.02799E+02  1.24049E+02  0.00000E+00  0.00000E+00  0.00000E+00  0.00000E+00  0.00000E+00  0.00000E+00  0.00000E+00  0.00000E+00  0.00000E+00  0.00000E+00  0.00000E+00  0.00000E+00  0.00000E+00  0.00000E+00  0.00000E+00
  0.00000E+00  0.00000E+00  0.00000E+00  0.00000E+00  0.00000E+00  0.00000E+00  0.00000E+00  0.00000E+00  0.00000E+00  0.00000E+00  0.00000E+00  0.00000E+00  0.00000E+00  0.00000E+00  0.00000E+00  0.00000E+00  0.00000E+00  0.00000E+00  0.00000E+00  0.00000E+00  0.00000E+00  0.00000E+00  0.00000E+00  0.00000E+00  0.00000E+00  0.00000E+00  0.00000E+00  0.00000E+00  0.00000E+00  0.00000E+00  0.00000E+00  0.00000E+00  0.00000E+00  0.00000E+00  0.00000E+00  0.00000E+00  0.00000E+00  0.00000E+00  0.00000E+00  0.00000E+00  0.00000E+00  0.00000E+00  0.00000E+00  0.00000E+00  0.00000E+00  0.00000E+00  0.00000E+00  0.00000E+00  0.00000E+00  0.00000E+00  8.15794E+00  0.00000E+00  0.00000E+00  2.15466E+02  2.65253E+02  1.81994E+02  1.86493E+02  2.11807E+02  5.79455E+01  0.00000E+00  0.00000E+00  0.00000E+00  0.00000E+00  0.00000E+00  0.00000E+00  0.00000E+00  0.00000E+00  0.00000E+00  0.00000E+00  0.00000E+00  0.00000E+00  0.00000E+00  0.00000E+00
  0.00000E+00  0.00000E+00  0.00000E+00  0.00000E+00  0.00000E+00  0.00000E+00  0.00000E+00  0.00000E+00  0.00000E+00  0.00000E+00  0.00000E+00  0.00000E+00  0.00000E+00  0.00000E+00  0.00000E+00  0.00000E+00  0.00000E+00  0.00000E+00  0.00000E+00  0.00000E+00  0.00000E+00  0.00000E+00  0.00000E+00  0.00000E+00  0.00000E+00  0.00000E+00  0.00000E+00  0.00000E+00  0.00000E+00  0.00000E+00  0.00000E+00  0.00000E+00  0.00000E+00  0.00000E+00  0.00000E+00  0.00000E+00  0.00000E+00  0.00000E+00  0.00000E+00  0.00000E+00  0.00000E+00  0.00000E+00  0.00000E+00  0.00000E+00  0.00000E+00  0.00000E+00  0.00000E+00  0.00000E+00  0.00000E+00  7.06023E+01  1.28548E+02  2.07308E+02  0.00000E+00  2.27283E+02  2.60755E+02  8.15794E+00  2.10967E+02  1.63159E+01  0.00000E+00  0.00000E+00  0.00000E+00  0.00000E+00  0.00000E+00  0.00000E+00  0.00000E+00  0.00000E+00  0.00000E+00  0.00000E+00  0.00000E+00  0.00000E+00  0.00000E+00  0.00000E+00  0.00000E+00
  0.00000E+00  0.00000E+00  0.00000E+00  0.00000E+00  0.00000E+00  0.00000E+00  0.00000E+00  0.00000E+00  0.00000E+00  0.00000E+00  0.00000E+00  0.00000E+00  0.00000E+00  0.00000E+00  0.00000E+00  0.00000E+00  0.00000E+00  0.00000E+00  0.00000E+00  0.00000E+00  0.00000E+00  0.00000E+00  0.00000E+00  0.00000E+00  0.00000E+00  0.00000E+00  0.00000E+00  0.00000E+00  0.00000E+00  0.00000E+00  0.00000E+00  0.00000E+00  0.00000E+00  0.00000E+00  0.00000E+00  0.00000E+00  0.00000E+00  0.00000E+00  0.00000E+00  0.00000E+00  0.00000E+00  0.00000E+00  0.00000E+00  0.00000E+00  0.00000E+00  0.00000E+00  0.00000E+00  0.00000E+00  4.97875E+01  3.44014E+02  1.99150E+02  2.23624E+02  2.89727E+01  1.78335E+02  3.27698E+02  4.16296E+01  7.87603E+01  0.00000E+00  0.00000E+00  0.00000E+00  0.00000E+00  0.00000E+00  0.00000E+00  0.00000E+00  0.00000E+00  0.00000E+00  0.00000E+00  0.00000E+00  0.00000E+00  0.00000E+00  0.00000E+00  0.00000E+00  0.00000E+00
  0.00000E+00  0.00000E+00  0.00000E+00  0.00000E+00  0.00000E+00  0.00000E+00  0.00000E+00  0.00000E+00  0.00000E+00  0.00000E+00  0.00000E+00  0.00000E+00  0.00000E+00  0.00000E+00  0.00000E+00  0.00000E+00  0.00000E+00  0.00000E+00  0.00000E+00  0.00000E+00  0.00000E+00  0.00000E+00  0.00000E+00  0.00000E+00  0.00000E+00  0.00000E+00  0.00000E+00  0.00000E+00  0.00000E+00  0.00000E+00  0.00000E+00  0.00000E+00  0.00000E+00  0.00000E+00  0.00000E+00  0.00000E+00  0.00000E+00  0.00000E+00  0.00000E+00  0.00000E+00  0.00000E+00  0.00000E+00  0.00000E+00  0.00000E+00  0.00000E+00  0.00000E+00  0.00000E+00  0.00000E+00  2.08148E+01  3.19540E+02  2.86068E+02  2.98725E+02  1.36706E+02  0.00000E+00  0.00000E+00  0.00000E+00  0.00000E+00  0.00000E+00  0.00000E+00  0.00000E+00  0.00000E+00  0.00000E+00  0.00000E+00  0.00000E+00  0.00000E+00  0.00000E+00  0.00000E+00  0.00000E+00  0.00000E+00  0.00000E+00  0.00000E+00  0.00000E+00  0.00000E+00
  0.00000E+00  0.00000E+00  0.00000E+00  0.00000E+00  0.00000E+00  0.00000E+00  0.00000E+00  0.00000E+00  0.00000E+00  0.00000E+00  0.00000E+00  0.00000E+00  0.00000E+00  0.00000E+00  0.00000E+00  0.00000E+00  0.00000E+00  0.00000E+00  0.00000E+00  0.00000E+00  0.00000E+00  0.00000E+00  0.00000E+00  0.00000E+00  0.00000E+00  0.00000E+00  0.00000E+00  0.00000E+00  0.00000E+00  0.00000E+00  0.00000E+00  0.00000E+00  0.00000E+00  0.00000E+00  0.00000E+00  0.00000E+00  0.00000E+00  0.00000E+00  0.00000E+00  0.00000E+00  0.00000E+00  0.00000E+00  0.00000E+00  0.00000E+00  0.00000E+00  0.00000E+00  3.52172E+02  2.28123E+02  1.07733E+02  0.00000E+00  0.00000E+00  2.08148E+01  0.00000E+00  0.00000E+00  0.00000E+00  0.00000E+00  0.00000E+00  0.00000E+00  0.00000E+00  0.00000E+00  0.00000E+00  0.00000E+00  0.00000E+00  0.00000E+00  0.00000E+00  0.00000E+00  0.00000E+00  0.00000E+00  0.00000E+00  0.00000E+00  0.00000E+00  0.00000E+00  0.00000E+00
  0.00000E+00  0.00000E+00  0.00000E+00  0.00000E+00  0.00000E+00  0.00000E+00  0.00000E+00  0.00000E+00  0.00000E+00  0.00000E+00  0.00000E+00  0.00000E+00  0.00000E+00  0.00000E+00  0.00000E+00  0.00000E+00  0.00000E+00  0.00000E+00  0.00000E+00  0.00000E+00  0.00000E+00  0.00000E+00  0.00000E+00  0.00000E+00  0.00000E+00  0.00000E+00  0.00000E+00  0.00000E+00  0.00000E+00  0.00000E+00  0.00000E+00  0.00000E+00  0.00000E+00  0.00000E+00  0.00000E+00  0.00000E+00  0.00000E+00  0.00000E+00  0.00000E+00  0.00000E+00  0.00000E+00  0.00000E+00  0.00000E+00  0.00000E+00  0.00000E+00  1.49363E+02  1.44864E+02  1.65678E+02  1.40365E+02  0.00000E+00  0.00000E+00  0.00000E+00  0.00000E+00  0.00000E+00  0.00000E+00  0.00000E+00  0.00000E+00  0.00000E+00  0.00000E+00  0.00000E+00  0.00000E+00  0.00000E+00  0.00000E+00  0.00000E+00  0.00000E+00  0.00000E+00  0.00000E+00  0.00000E+00  0.00000E+00  0.00000E+00  0.00000E+00  0.00000E+00  0.00000E+00
  0.00000E+00  0.00000E+00  0.00000E+00  0.00000E+00  0.00000E+00  0.00000E+00  0.00000E+00  0.00000E+00  0.00000E+00  0.00000E+00  0.00000E+00  0.00000E+00  0.00000E+00  0.00000E+00  0.00000E+00  0.00000E+00  0.00000E+00  0.00000E+00  0.00000E+00  0.00000E+00  0.00000E+00  0.00000E+00  0.00000E+00  0.00000E+00  0.00000E+00  0.00000E+00  0.00000E+00  0.00000E+00  0.00000E+00  0.00000E+00  0.00000E+00  0.00000E+00  0.00000E+00  0.00000E+00  0.00000E+00  0.00000E+00  0.00000E+00  0.00000E+00  0.00000E+00  0.00000E+00  0.00000E+00  0.00000E+00  0.00000E+00  0.00000E+00  0.00000E+00  2.08148E+01  0.00000E+00  0.00000E+00  0.00000E+00  0.00000E+00  0.00000E+00  0.00000E+00  0.00000E+00  0.00000E+00  0.00000E+00  0.00000E+00  0.00000E+00  0.00000E+00  0.00000E+00  0.00000E+00  0.00000E+00  0.00000E+00  0.00000E+00  0.00000E+00  0.00000E+00  0.00000E+00  0.00000E+00  0.00000E+00  0.00000E+00  0.00000E+00  0.00000E+00  0.00000E+00  0.00000E+00
  0.00000E+00  0.00000E+00  0.00000E+00  0.00000E+00  0.00000E+00  0.00000E+00  0.00000E+00  0.00000E+00  0.00000E+00  0.00000E+00  0.00000E+00  0.00000E+00  0.00000E+00  0.00000E+00  0.00000E+00  0.00000E+00  0.00000E+00  0.00000E+00  0.00000E+00  0.00000E+00  0.00000E+00  0.00000E+00  0.00000E+00  0.00000E+00  0.00000E+00  0.00000E+00  0.00000E+00  0.00000E+00  0.00000E+00  0.00000E+00  0.00000E+00  0.00000E+00  0.00000E+00  0.00000E+00  0.00000E+00  0.00000E+00  0.00000E+00  0.00000E+00  0.00000E+00  0.00000E+00  0.00000E+00  0.00000E+00  0.00000E+00  0.00000E+00  0.00000E+00  0.00000E+00  1.86493E+02  0.00000E+00  0.00000E+00  0.00000E+00  0.00000E+00  0.00000E+00  0.00000E+00  0.00000E+00  0.00000E+00  0.00000E+00  0.00000E+00  0.00000E+00  0.00000E+00  0.00000E+00  0.00000E+00  0.00000E+00  0.00000E+00  0.00000E+00  0.00000E+00  0.00000E+00  0.00000E+00  0.00000E+00  0.00000E+00  0.00000E+00  0.00000E+00  0.00000E+00  0.00000E+00
  0.00000E+00  0.00000E+00  0.00000E+00  0.00000E+00  0.00000E+00  0.00000E+00  0.00000E+00  0.00000E+00  0.00000E+00  0.00000E+00  0.00000E+00  0.00000E+00  0.00000E+00  0.00000E+00  0.00000E+00  0.00000E+00  0.00000E+00  0.00000E+00  0.00000E+00  0.00000E+00  0.00000E+00  0.00000E+00  0.00000E+00  0.00000E+00  0.00000E+00  0.00000E+00  0.00000E+00  0.00000E+00  0.00000E+00  0.00000E+00  0.00000E+00  0.00000E+00  0.00000E+00  0.00000E+00  0.00000E+00  0.00000E+00  0.00000E+00  0.00000E+00  0.00000E+00  0.00000E+00  0.00000E+00  0.00000E+00  0.00000E+00  0.00000E+00  0.00000E+00  0.00000E+00  0.00000E+00  0.00000E+00  0.00000E+00  0.00000E+00  0.00000E+00  0.00000E+00  0.00000E+00  0.00000E+00  0.00000E+00  0.00000E+00  0.00000E+00  0.00000E+00  0.00000E+00  0.00000E+00  0.00000E+00  0.00000E+00  0.00000E+00  0.00000E+00  0.00000E+00  0.00000E+00  0.00000E+00  0.00000E+00  0.00000E+00  0.00000E+00  0.00000E+00  0.00000E+00  0.00000E+00
  0.00000E+00  0.00000E+00  0.00000E+00  0.00000E+00  0.00000E+00  0.00000E+00  0.00000E+00  0.00000E+00  0.00000E+00  0.00000E+00  0.00000E+00  0.00000E+00  0.00000E+00  0.00000E+00  0.00000E+00  0.00000E+00  0.00000E+00  0.00000E+00  0.00000E+00  0.00000E+00  0.00000E+00  0.00000E+00  0.00000E+00  0.00000E+00  0.00000E+00  0.00000E+00  0.00000E+00  0.00000E+00  0.00000E+00  0.00000E+00  0.00000E+00  0.00000E+00  0.00000E+00  0.00000E+00  0.00000E+00  0.00000E+00  0.00000E+00  0.00000E+00  0.00000E+00  0.00000E+00  0.00000E+00  0.00000E+00  0.00000E+00  0.00000E+00  0.00000E+00  0.00000E+00  0.00000E+00  0.00000E+00  0.00000E+00  0.00000E+00  0.00000E+00  0.00000E+00  0.00000E+00  0.00000E+00  0.00000E+00  0.00000E+00  0.00000E+00  0.00000E+00  0.00000E+00  0.00000E+00  0.00000E+00  0.00000E+00  0.00000E+00  0.00000E+00  0.00000E+00  0.00000E+00  0.00000E+00  0.00000E+00  0.00000E+00  0.00000E+00  0.00000E+00  0.00000E+00  0.00000E+00
  0.00000E+00  0.00000E+00  0.00000E+00  0.00000E+00  0.00000E+00  0.00000E+00  0.00000E+00  0.00000E+00  0.00000E+00  0.00000E+00  0.00000E+00  0.00000E+00  0.00000E+00  0.00000E+00  0.00000E+00  0.00000E+00  0.00000E+00  0.00000E+00  0.00000E+00  0.00000E+00  0.00000E+00  0.00000E+00  0.00000E+00  0.00000E+00  0.00000E+00  0.00000E+00  0.00000E+00  0.00000E+00  0.00000E+00  0.00000E+00  0.00000E+00  0.00000E+00  0.00000E+00  0.00000E+00  0.00000E+00  0.00000E+00  0.00000E+00  0.00000E+00  0.00000E+00  0.00000E+00  0.00000E+00  0.00000E+00  0.00000E+00  0.00000E+00  0.00000E+00  0.00000E+00  0.00000E+00  0.00000E+00  0.00000E+00  0.00000E+00  0.00000E+00  2.08148E+01  1.20390E+02  2.08148E+01  0.00000E+00  0.00000E+00  0.00000E+00  0.00000E+00  0.00000E+00  0.00000E+00  0.00000E+00  0.00000E+00  0.00000E+00  0.00000E+00  0.00000E+00  0.00000E+00  0.00000E+00  0.00000E+00  0.00000E+00  0.00000E+00  0.00000E+00  0.00000E+00  0.00000E+00
  0.00000E+00  0.00000E+00  0.00000E+00  0.00000E+00  0.00000E+00  0.00000E+00  0.00000E+00  0.00000E+00  0.00000E+00  0.00000E+00  0.00000E+00  0.00000E+00  0.00000E+00  0.00000E+00  0.00000E+00  0.00000E+00  0.00000E+00  0.00000E+00  0.00000E+00  0.00000E+00  0.00000E+00  0.00000E+00  0.00000E+00  0.00000E+00  0.00000E+00  0.00000E+00  0.00000E+00  0.00000E+00  0.00000E+00  0.00000E+00  0.00000E+00  0.00000E+00  0.00000E+00  0.00000E+00  0.00000E+00  0.00000E+00  0.00000E+00  0.00000E+00  0.00000E+00  0.00000E+00  0.00000E+00  0.00000E+00  0.00000E+00  0.00000E+00  0.00000E+00  0.00000E+00  0.00000E+00  0.00000E+00  2.08148E+01  0.00000E+00  2.02809E+02  3.63989E+02  1.20390E+02  0.00000E+00  0.00000E+00  0.00000E+00  0.00000E+00  0.00000E+00  0.00000E+00  0.00000E+00  0.00000E+00  0.00000E+00  0.00000E+00  0.00000E+00  0.00000E+00  0.00000E+00  0.00000E+00  0.00000E+00  0.00000E+00  0.00000E+00  0.00000E+00  0.00000E+00  0.00000E+00
  0.00000E+00  0.00000E+00  0.00000E+00  0.00000E+00  0.00000E+00  0.00000E+00  0.00000E+00  0.00000E+00  0.00000E+00  0.00000E+00  0.00000E+00  0.00000E+00  0.00000E+00  0.00000E+00  0.00000E+00  0.00000E+00  0.00000E+00  0.00000E+00  0.00000E+00  0.00000E+00  0.00000E+00  0.00000E+00  0.00000E+00  0.00000E+00  0.00000E+00  0.00000E+00  0.00000E+00  0.00000E+00  0.00000E+00  0.00000E+00  0.00000E+00  0.00000E+00  0.00000E+00  0.00000E+00  0.00000E+00  0.00000E+00  0.00000E+00  0.00000E+00  0.00000E+00  0.00000E+00  0.00000E+00  0.00000E+00  0.00000E+00  0.00000E+00  0.00000E+00  0.00000E+00  0.00000E+00  8.15794E+00  1.77495E+02  1.64839E+02  3.30517E+02  1.27708E+02  0.00000E+00  0.00000E+00  0.00000E+00  0.00000E+00  0.00000E+00  0.00000E+00  0.00000E+00  0.00000E+00  0.00000E+00  0.00000E+00  0.00000E+00  0.00000E+00  0.00000E+00  0.00000E+00  0.00000E+00  0.00000E+00  0.00000E+00  0.00000E+00  0.00000E+00  0.00000E+00  0.00000E+00
  0.00000E+00  0.00000E+00  0.00000E+00  0.00000E+00  0.00000E+00  0.00000E+00  0.00000E+00  0.00000E+00  0.00000E+00  0.00000E+00  0.00000E+00  0.00000E+00  0.00000E+00  0.00000E+00  0.00000E+00  0.00000E+00  0.00000E+00  0.00000E+00  0.00000E+00  0.00000E+00  0.00000E+00  0.00000E+00  0.00000E+00  0.00000E+00  0.00000E+00  0.00000E+00  0.00000E+00  0.00000E+00  0.00000E+00  0.00000E+00  0.00000E+00  0.00000E+00  0.00000E+00  0.00000E+00  0.00000E+00  0.00000E+00  0.00000E+00  0.00000E+00  0.00000E+00  0.00000E+00  0.00000E+00  0.00000E+00  0.00000E+00  0.00000E+00  0.00000E+00  0.00000E+00  0.00000E+00  5.79455E+01  2.31782E+02  3.31357E+02  4.05618E+02  1.35866E+02  8.15794E+00  0.00000E+00  0.00000E+00  0.00000E+00  0.00000E+00  0.00000E+00  0.00000E+00  0.00000E+00  0.00000E+00  0.00000E+00  0.00000E+00  0.00000E+00  0.00000E+00  0.00000E+00  0.00000E+00  0.00000E+00  0.00000E+00  0.00000E+00  0.00000E+00  0.00000E+00  0.00000E+00
  0.00000E+00  0.00000E+00  0.00000E+00  0.00000E+00  0.00000E+00  0.00000E+00  0.00000E+00  0.00000E+00  0.00000E+00  0.00000E+00  0.00000E+00  0.00000E+00  0.00000E+00  0.00000E+00  0.00000E+00  0.00000E+00  0.00000E+00  0.00000E+00  0.00000E+00  0.00000E+00  0.00000E+00  0.00000E+00  0.00000E+00  0.00000E+00  0.00000E+00  0.00000E+00  0.00000E+00  0.00000E+00  0.00000E+00  0.00000E+00  0.00000E+00  0.00000E+00  0.00000E+00  0.00000E+00  0.00000E+00  0.00000E+00  0.00000E+00  0.00000E+00  0.00000E+00  0.00000E+00  0.00000E+00  0.00000E+00  0.00000E+00  0.00000E+00  0.00000E+00  0.00000E+00  0.00000E+00  0.00000E+00  1.94651E+02  2.94226E+02  1.98310E+02  2.56256E+02  4.97875E+01  0.00000E+00  0.00000E+00  0.00000E+00  0.00000E+00  0.00000E+00  0.00000E+00  0.00000E+00  0.00000E+00  0.00000E+00  0.00000E+00  0.00000E+00  0.00000E+00  0.00000E+00  0.00000E+00  0.00000E+00  0.00000E+00  0.00000E+00  0.00000E+00  0.00000E+00  0.00000E+00
  0.00000E+00  0.00000E+00  0.00000E+00  0.00000E+00  0.00000E+00  0.00000E+00  0.00000E+00  0.00000E+00  0.00000E+00  0.00000E+00  0.00000E+00  0.00000E+00  0.00000E+00  0.00000E+00  0.00000E+00  0.00000E+00  0.00000E+00  0.00000E+00  0.00000E+00  0.00000E+00  0.00000E+00  0.00000E+00  0.00000E+00  0.00000E+00  0.00000E+00  0.00000E+00  0.00000E+00  0.00000E+00  0.00000E+00  0.00000E+00  0.00000E+00  0.00000E+00  0.00000E+00  0.00000E+00  0.00000E+00  0.00000E+00  0.00000E+00  0.00000E+00  0.00000E+00  0.00000E+00  0.00000E+00  0.00000E+00  0.00000E+00  0.00000E+00  0.00000E+00  0.00000E+00  0.00000E+00  0.00000E+00  2.52597E+02  3.63989E+02  2.39100E+02  2.06468E+02  0.00000E+00  0.00000E+00  0.00000E+00  0.00000E+00  0.00000E+00  0.00000E+00  0.00000E+00  0.00000E+00  0.00000E+00  0.00000E+00  0.00000E+00  0.00000E+00  0.00000E+00  0.00000E+00  0.00000E+00  0.00000E+00  0.00000E+00  0.00000E+00  0.00000E+00  0.00000E+00  0.00000E+00
  0.00000E+00  0.00000E+00  0.00000E+00  0.00000E+00  0.00000E+00  0.00000E+00  0.00000E+00  0.00000E+00  0.00000E+00  0.00000E+00  0.00000E+00  0.00000E+00  0.00000E+00  0.00000E+00  0.00000E+00  0.00000E+00  0.00000E+00  0.00000E+00  0.00000E+00  0.00000E+00  0.00000E+00  0.00000E+00  0.00000E+00  0.00000E+00  0.00000E+00  0.00000E+00  0.00000E+00  0.00000E+00  0.00000E+00  0.00000E+00  0.00000E+00  0.00000E+00  0.00000E+00  0.00000E+00  0.00000E+00  0.00000E+00  0.00000E+00  0.00000E+00  0.00000E+00  0.00000E+00  0.00000E+00  0.00000E+00  0.00000E+00  0.00000E+00  0.00000E+00  0.00000E+00  0.00000E+00  0.00000E+00  1.40365E+02  3.92961E+02  3.35016E+02  1.63159E+01  0.00000E+00  0.00000E+00  0.00000E+00  0.00000E+00  0.00000E+00  0.00000E+00  0.00000E+00  0.00000E+00  0.00000E+00  0.00000E+00  0.00000E+00  0.00000E+00  0.00000E+00  0.00000E+00  0.00000E+00  0.00000E+00  0.00000E+00  0.00000E+00  0.00000E+00  0.00000E+00  0.00000E+00
  0.00000E+00  0.00000E+00  0.00000E+00  0.00000E+00  0.00000E+00  0.00000E+00  0.00000E+00  0.00000E+00  0.00000E+00  0.00000E+00  0.00000E+00  0.00000E+00  0.00000E+00  0.00000E+00  0.00000E+00  0.00000E+00  0.00000E+00  0.00000E+00  0.00000E+00  0.00000E+00  0.00000E+00  0.00000E+00  0.00000E+00  0.00000E+00  0.00000E+00  0.00000E+00  0.00000E+00  0.00000E+00  0.00000E+00  0.00000E+00  0.00000E+00  0.00000E+00  0.00000E+00  0.00000E+00  0.00000E+00  0.00000E+00  0.00000E+00  0.00000E+00  0.00000E+00  0.00000E+00  0.00000E+00  0.00000E+00  0.00000E+00  0.00000E+00  0.00000E+00  0.00000E+00  0.00000E+00  0.00000E+00  8.15794E+00  3.76646E+02  3.14201E+02  0.00000E+00  0.00000E+00  0.00000E+00  0.00000E+00  0.00000E+00  0.00000E+00  0.00000E+00  0.00000E+00  0.00000E+00  0.00000E+00  0.00000E+00  0.00000E+00  0.00000E+00  0.00000E+00  0.00000E+00  0.00000E+00  0.00000E+00  0.00000E+00  0.00000E+00  0.00000E+00  0.00000E+00  0.00000E+00
  0.00000E+00  0.00000E+00  0.00000E+00  0.00000E+00  0.00000E+00  0.00000E+00  0.00000E+00  0.00000E+00  0.00000E+00  0.00000E+00  0.00000E+00  0.00000E+00  0.00000E+00  0.00000E+00  0.00000E+00  0.00000E+00  0.00000E+00  0.00000E+00  0.00000E+00  0.00000E+00  0.00000E+00  0.00000E+00  0.00000E+00  0.00000E+00  0.00000E+00  0.00000E+00  0.00000E+00  0.00000E+00  0.00000E+00  0.00000E+00  0.00000E+00  0.00000E+00  0.00000E+00  0.00000E+00  0.00000E+00  0.00000E+00  0.00000E+00  0.00000E+00  0.00000E+00  0.00000E+00  0.00000E+00  0.00000E+00  0.00000E+00  0.00000E+00  0.00000E+00  0.00000E+00  0.00000E+00  0.00000E+00  0.00000E+00  7.87603E+01  7.87603E+01  0.00000E+00  0.00000E+00  0.00000E+00  0.00000E+00  0.00000E+00  0.00000E+00  0.00000E+00  0.00000E+00  0.00000E+00  0.00000E+00  0.00000E+00  0.00000E+00  0.00000E+00  0.00000E+00  0.00000E+00  0.00000E+00  0.00000E+00  0.00000E+00  0.00000E+00  0.00000E+00  0.00000E+00  0.00000E+00
  0.00000E+00  0.00000E+00  0.00000E+00  0.00000E+00  0.00000E+00  0.00000E+00  0.00000E+00  0.00000E+00  0.00000E+00  0.00000E+00  0.00000E+00  0.00000E+00  0.00000E+00  0.00000E+00  0.00000E+00  0.00000E+00  0.00000E+00  0.00000E+00  0.00000E+00  0.00000E+00  0.00000E+00  0.00000E+00  0.00000E+00  0.00000E+00  0.00000E+00  0.00000E+00  0.00000E+00  0.00000E+00  0.00000E+00  0.00000E+00  0.00000E+00  0.00000E+00  0.00000E+00  0.00000E+00  0.00000E+00  0.00000E+00  0.00000E+00  0.00000E+00  0.00000E+00  0.00000E+00  0.00000E+00  0.00000E+00  0.00000E+00  0.00000E+00  0.00000E+00  0.00000E+00  0.00000E+00  0.00000E+00  0.00000E+00  0.00000E+00  0.00000E+00  0.00000E+00  0.00000E+00  0.00000E+00  0.00000E+00  0.00000E+00  0.00000E+00  0.00000E+00  0.00000E+00  0.00000E+00  0.00000E+00  0.00000E+00  0.00000E+00  0.00000E+00  0.00000E+00  0.00000E+00  0.00000E+00  0.00000E+00  0.00000E+00  0.00000E+00  0.00000E+00  0.00000E+00  0.00000E+00
  0.00000E+00  0.00000E+00  0.00000E+00  0.00000E+00  0.00000E+00  0.00000E+00  0.00000E+00  0.00000E+00  0.00000E+00  0.00000E+00  0.00000E+00  0.00000E+00  0.00000E+00  0.00000E+00  0.00000E+00  0.00000E+00  0.00000E+00  0.00000E+00  0.00000E+00  0.00000E+00  0.00000E+00  0.00000E+00  0.00000E+00  0.00000E+00  0.00000E+00  0.00000E+00  0.00000E+00  0.00000E+00  0.00000E+00  0.00000E+00  0.00000E+00  0.00000E+00  0.00000E+00  0.00000E+00  0.00000E+00  0.00000E+00  0.00000E+00  0.00000E+00  0.00000E+00  0.00000E+00  0.00000E+00  0.00000E+00  0.00000E+00  0.00000E+00  0.00000E+00  0.00000E+00  0.00000E+00  0.00000E+00  0.00000E+00  0.00000E+00  0.00000E+00  0.00000E+00  0.00000E+00  0.00000E+00  0.00000E+00  0.00000E+00  0.00000E+00  0.00000E+00  0.00000E+00  0.00000E+00  0.00000E+00  0.00000E+00  0.00000E+00  0.00000E+00  0.00000E+00  0.00000E+00  0.00000E+00  0.00000E+00  0.00000E+00  0.00000E+00  0.00000E+00  0.00000E+00  0.00000E+00
  0.00000E+00  0.00000E+00  0.00000E+00  0.00000E+00  0.00000E+00  0.00000E+00  0.00000E+00  0.00000E+00  0.00000E+00  0.00000E+00  0.00000E+00  0.00000E+00  0.00000E+00  0.00000E+00  0.00000E+00  0.00000E+00  0.00000E+00  0.00000E+00  0.00000E+00  0.00000E+00  0.00000E+00  0.00000E+00  0.00000E+00  0.00000E+00  0.00000E+00  0.00000E+00  0.00000E+00  0.00000E+00  0.00000E+00  0.00000E+00  0.00000E+00  0.00000E+00  0.00000E+00  0.00000E+00  0.00000E+00  0.00000E+00  0.00000E+00  0.00000E+00  0.00000E+00  0.00000E+00  0.00000E+00  0.00000E+00  0.00000E+00  0.00000E+00  0.00000E+00  0.00000E+00  0.00000E+00  0.00000E+00  0.00000E+00  0.00000E+00  0.00000E+00  0.00000E+00  0.00000E+00  0.00000E+00  0.00000E+00  0.00000E+00  0.00000E+00  0.00000E+00  0.00000E+00  0.00000E+00  0.00000E+00  0.00000E+00  0.00000E+00  0.00000E+00  0.00000E+00  0.00000E+00  0.00000E+00  0.00000E+00  0.00000E+00  0.00000E+00  0.00000E+00  0.00000E+00  0.00000E+00
  0.00000E+00  0.00000E+00  0.00000E+00  0.00000E+00  0.00000E+00  0.00000E+00  0.00000E+00  0.00000E+00  0.00000E+00  0.00000E+00  0.00000E+00  0.00000E+00  0.00000E+00  0.00000E+00  0.00000E+00  0.00000E+00  0.00000E+00  0.00000E+00  0.00000E+00  0.00000E+00  0.00000E+00  0.00000E+00  0.00000E+00  0.00000E+00  0.00000E+00  0.00000E+00  0.00000E+00  0.00000E+00  0.00000E+00  0.00000E+00  0.00000E+00  0.00000E+00  0.00000E+00  0.00000E+00  0.00000E+00  0.00000E+00  0.00000E+00  0.00000E+00  0.00000E+00  0.00000E+00  0.00000E+00  0.00000E+00  0.00000E+00  0.00000E+00  0.00000E+00  0.00000E+00  0.00000E+00  0.00000E+00  0.00000E+00  0.00000E+00  0.00000E+00  0.00000E+00  0.00000E+00  0.00000E+00  0.00000E+00  0.00000E+00  0.00000E+00  0.00000E+00  0.00000E+00  0.00000E+00  0.00000E+00  0.00000E+00  0.00000E+00  0.00000E+00  0.00000E+00  0.00000E+00  0.00000E+00  0.00000E+00  0.00000E+00  0.00000E+00  0.00000E+00  0.00000E+00  0.00000E+00
  0.00000E+00  0.00000E+00  0.00000E+00  0.00000E+00  0.00000E+00  0.00000E+00  0.00000E+00  0.00000E+00  0.00000E+00  0.00000E+00  0.00000E+00  0.00000E+00  0.00000E+00  0.00000E+00  0.00000E+00  0.00000E+00  0.00000E+00  0.00000E+00  0.00000E+00  0.00000E+00  0.00000E+00  0.00000E+00  0.00000E+00  0.00000E+00  0.00000E+00  0.00000E+00  0.00000E+00  0.00000E+00  0.00000E+00  0.00000E+00  0.00000E+00  0.00000E+00  0.00000E+00  0.00000E+00  0.00000E+00  0.00000E+00  0.00000E+00  0.00000E+00  0.00000E+00  0.00000E+00  0.00000E+00  0.00000E+00  0.00000E+00  0.00000E+00  0.00000E+00  0.00000E+00  0.00000E+00  0.00000E+00  0.00000E+00  0.00000E+00  0.00000E+00  0.00000E+00  0.00000E+00  0.00000E+00  0.00000E+00  0.00000E+00  0.00000E+00  0.00000E+00  0.00000E+00  0.00000E+00  0.00000E+00  0.00000E+00  0.00000E+00  0.00000E+00  0.00000E+00  0.00000E+00  0.00000E+00  0.00000E+00  0.00000E+00  0.00000E+00  0.00000E+00  0.00000E+00  0.00000E+00
  0.00000E+00  0.00000E+00  0.00000E+00  0.00000E+00  0.00000E+00  0.00000E+00  0.00000E+00  0.00000E+00  0.00000E+00  0.00000E+00  0.00000E+00  0.00000E+00  0.00000E+00  0.00000E+00  0.00000E+00  0.00000E+00  0.00000E+00  0.00000E+00  0.00000E+00  0.00000E+00  0.00000E+00  0.00000E+00  0.00000E+00  0.00000E+00  0.00000E+00  0.00000E+00  0.00000E+00  0.00000E+00  0.00000E+00  0.00000E+00  0.00000E+00  0.00000E+00  0.00000E+00  0.00000E+00  0.00000E+00  0.00000E+00  0.00000E+00  0.00000E+00  0.00000E+00  0.00000E+00  0.00000E+00  0.00000E+00  0.00000E+00  0.00000E+00  0.00000E+00  0.00000E+00  0.00000E+00  0.00000E+00  0.00000E+00  0.00000E+00  0.00000E+00  0.00000E+00  0.00000E+00  0.00000E+00  0.00000E+00  0.00000E+00  0.00000E+00  0.00000E+00  0.00000E+00  0.00000E+00  0.00000E+00  0.00000E+00  0.00000E+00  0.00000E+00  0.00000E+00  0.00000E+00  0.00000E+00  0.00000E+00  0.00000E+00  0.00000E+00  0.00000E+00  0.00000E+00  0.00000E+00
  0.00000E+00  0.00000E+00  0.00000E+00  0.00000E+00  0.00000E+00  0.00000E+00  0.00000E+00  0.00000E+00  0.00000E+00  0.00000E+00  0.00000E+00  0.00000E+00  0.00000E+00  0.00000E+00  0.00000E+00  0.00000E+00  0.00000E+00  0.00000E+00  0.00000E+00  0.00000E+00  0.00000E+00  0.00000E+00  0.00000E+00  0.00000E+00  0.00000E+00  0.00000E+00  0.00000E+00  0.00000E+00  0.00000E+00  0.00000E+00  0.00000E+00  0.00000E+00  0.00000E+00  0.00000E+00  0.00000E+00  0.00000E+00  0.00000E+00  0.00000E+00  0.00000E+00  0.00000E+00  0.00000E+00  0.00000E+00  0.00000E+00  0.00000E+00  0.00000E+00  0.00000E+00  0.00000E+00  0.00000E+00  0.00000E+00  0.00000E+00  0.00000E+00  0.00000E+00  0.00000E+00  0.00000E+00  0.00000E+00  0.00000E+00  0.00000E+00  0.00000E+00  0.00000E+00  0.00000E+00  0.00000E+00  0.00000E+00  0.00000E+00  0.00000E+00  0.00000E+00  0.00000E+00  0.00000E+00  0.00000E+00  0.00000E+00  0.00000E+00  0.00000E+00  0.00000E+00  0.00000E+00
  0.00000E+00  0.00000E+00  0.00000E+00  0.00000E+00  0.00000E+00  0.00000E+00  0.00000E+00  0.00000E+00  0.00000E+00  0.00000E+00  0.00000E+00  0.00000E+00  0.00000E+00  0.00000E+00  0.00000E+00  0.00000E+00  0.00000E+00  0.00000E+00  0.00000E+00  0.00000E+00  0.00000E+00  0.00000E+00  0.00000E+00  0.00000E+00  0.00000E+00  0.00000E+00  0.00000E+00  0.00000E+00  0.00000E+00  0.00000E+00  0.00000E+00  0.00000E+00  0.00000E+00  0.00000E+00  0.00000E+00  0.00000E+00  0.00000E+00  0.00000E+00  0.00000E+00  0.00000E+00  0.00000E+00  0.00000E+00  0.00000E+00  0.00000E+00  0.00000E+00  0.00000E+00  0.00000E+00  0.00000E+00  0.00000E+00  0.00000E+00  0.00000E+00  0.00000E+00  0.00000E+00  0.00000E+00  0.00000E+00  0.00000E+00  0.00000E+00  0.00000E+00  0.00000E+00  0.00000E+00  0.00000E+00  0.00000E+00  0.00000E+00  0.00000E+00  0.00000E+00  0.00000E+00  0.00000E+00  0.00000E+00  0.00000E+00  0.00000E+00  0.00000E+00  0.00000E+00  0.00000E+00
  0.00000E+00  0.00000E+00  0.00000E+00  0.00000E+00  0.00000E+00  0.00000E+00  0.00000E+00  0.00000E+00  0.00000E+00  0.00000E+00  0.00000E+00  0.00000E+00  0.00000E+00  0.00000E+00  0.00000E+00  0.00000E+00  0.00000E+00  0.00000E+00  0.00000E+00  0.00000E+00  0.00000E+00  0.00000E+00  0.00000E+00  0.00000E+00  0.00000E+00  0.00000E+00  0.00000E+00  0.00000E+00  0.00000E+00  0.00000E+00  0.00000E+00  0.00000E+00  0.00000E+00  0.00000E+00  0.00000E+00  0.00000E+00  0.00000E+00  0.00000E+00  0.00000E+00  0.00000E+00  0.00000E+00  0.00000E+00  0.00000E+00  0.00000E+00  0.00000E+00  0.00000E+00  0.00000E+00  0.00000E+00  0.00000E+00  0.00000E+00  0.00000E+00  0.00000E+00  0.00000E+00  0.00000E+00  0.00000E+00  0.00000E+00  0.00000E+00  0.00000E+00  0.00000E+00  0.00000E+00  0.00000E+00  0.00000E+00  0.00000E+00  0.00000E+00  0.00000E+00  0.00000E+00  0.00000E+00  0.00000E+00  0.00000E+00  0.00000E+00  0.00000E+00  0.00000E+00  0.00000E+00
  0.00000E+00  0.00000E+00  0.00000E+00  0.00000E+00  0.00000E+00  0.00000E+00  0.00000E+00  0.00000E+00  0.00000E+00  0.00000E+00  0.00000E+00  0.00000E+00  0.00000E+00  0.00000E+00  0.00000E+00  0.00000E+00  0.00000E+00  0.00000E+00  0.00000E+00  0.00000E+00  0.00000E+00  0.00000E+00  0.00000E+00  0.00000E+00  0.00000E+00  0.00000E+00  0.00000E+00  0.00000E+00  0.00000E+00  0.00000E+00  0.00000E+00  0.00000E+00  0.00000E+00  0.00000E+00  0.00000E+00  0.00000E+00  0.00000E+00  0.00000E+00  0.00000E+00  0.00000E+00  0.00000E+00  0.00000E+00  0.00000E+00  0.00000E+00  0.00000E+00  0.00000E+00  0.00000E+00  0.00000E+00  0.00000E+00  0.00000E+00  0.00000E+00  0.00000E+00  0.00000E+00  0.00000E+00  0.00000E+00  0.00000E+00  0.00000E+00  0.00000E+00  0.00000E+00  0.00000E+00  0.00000E+00  0.00000E+00  0.00000E+00  0.00000E+00  0.00000E+00  0.00000E+00  0.00000E+00  0.00000E+00  0.00000E+00  0.00000E+00  0.00000E+00  0.00000E+00  0.00000E+00
  0.00000E+00  0.00000E+00  0.00000E+00  0.00000E+00  0.00000E+00  0.00000E+00  0.00000E+00  0.00000E+00  0.00000E+00  0.00000E+00  0.00000E+00  0.00000E+00  0.00000E+00  0.00000E+00  0.00000E+00  0.00000E+00  0.00000E+00  0.00000E+00  0.00000E+00  0.00000E+00  0.00000E+00  0.00000E+00  0.00000E+00  0.00000E+00  0.00000E+00  0.00000E+00  0.00000E+00  0.00000E+00  0.00000E+00  0.00000E+00  0.00000E+00  0.00000E+00  0.00000E+00  0.00000E+00  0.00000E+00  0.00000E+00  0.00000E+00  0.00000E+00  0.00000E+00  0.00000E+00  0.00000E+00  0.00000E+00  0.00000E+00  0.00000E+00  0.00000E+00  0.00000E+00  0.00000E+00  0.00000E+00  0.00000E+00  0.00000E+00  0.00000E+00  0.00000E+00  0.00000E+00  0.00000E+00  0.00000E+00  0.00000E+00  0.00000E+00  0.00000E+00  0.00000E+00  0.00000E+00  0.00000E+00  0.00000E+00  0.00000E+00  0.00000E+00  0.00000E+00  0.00000E+00  0.00000E+00  0.00000E+00  0.00000E+00  0.00000E+00  0.00000E+00  0.00000E+00  0.00000E+00
  0.00000E+00  0.00000E+00  0.00000E+00  0.00000E+00  0.00000E+00  0.00000E+00  0.00000E+00  0.00000E+00  0.00000E+00  0.00000E+00  0.00000E+00  0.00000E+00  0.00000E+00  0.00000E+00  0.00000E+00  0.00000E+00  0.00000E+00  0.00000E+00  0.00000E+00  0.00000E+00  0.00000E+00  0.00000E+00  0.00000E+00  0.00000E+00  0.00000E+00  0.00000E+00  0.00000E+00  0.00000E+00  0.00000E+00  0.00000E+00  0.00000E+00  0.00000E+00  0.00000E+00  0.00000E+00  0.00000E+00  0.00000E+00  0.00000E+00  0.00000E+00  0.00000E+00  0.00000E+00  0.00000E+00  0.00000E+00  0.00000E+00  0.00000E+00  0.00000E+00  0.00000E+00  0.00000E+00  0.00000E+00  0.00000E+00  0.00000E+00  0.00000E+00  0.00000E+00  0.00000E+00  0.00000E+00  0.00000E+00  0.00000E+00  0.00000E+00  0.00000E+00  0.00000E+00  0.00000E+00  0.00000E+00  0.00000E+00  0.00000E+00  0.00000E+00  0.00000E+00  0.00000E+00  0.00000E+00  0.00000E+00  0.00000E+00  0.00000E+00  0.00000E+00  0.00000E+00  0.00000E+00
  0.00000E+00  0.00000E+00  0.00000E+00  0.00000E+00  0.00000E+00  0.00000E+00  0.00000E+00  0.00000E+00  0.00000E+00  0.00000E+00  0.00000E+00  0.00000E+00  0.00000E+00  0.00000E+00  0.00000E+00  0.00000E+00  0.00000E+00  0.00000E+00  0.00000E+00  0.00000E+00  0.00000E+00  0.00000E+00  0.00000E+00  0.00000E+00  0.00000E+00  0.00000E+00  0.00000E+00  0.00000E+00  0.00000E+00  0.00000E+00  0.00000E+00  0.00000E+00  0.00000E+00  0.00000E+00  0.00000E+00  0.00000E+00  0.00000E+00  0.00000E+00  0.00000E+00  0.00000E+00  0.00000E+00  0.00000E+00  0.00000E+00  0.00000E+00  0.00000E+00  0.00000E+00  0.00000E+00  0.00000E+00  0.00000E+00  0.00000E+00  0.00000E+00  0.00000E+00  0.00000E+00  0.00000E+00  0.00000E+00  0.00000E+00  0.00000E+00  0.00000E+00  0.00000E+00  0.00000E+00  0.00000E+00  0.00000E+00  0.00000E+00  0.00000E+00  0.00000E+00  0.00000E+00  0.00000E+00  0.00000E+00  0.00000E+00  0.00000E+00  0.00000E+00  0.00000E+00  0.00000E+00
  0.00000E+00  0.00000E+00  0.00000E+00  0.00000E+00  0.00000E+00  0.00000E+00  0.00000E+00  0.00000E+00  0.00000E+00  0.00000E+00  0.00000E+00  0.00000E+00  0.00000E+00  0.00000E+00  0.00000E+00  0.00000E+00  0.00000E+00  0.00000E+00  0.00000E+00  0.00000E+00  0.00000E+00  0.00000E+00  0.00000E+00  0.00000E+00  0.00000E+00  0.00000E+00  0.00000E+00  0.00000E+00  0.00000E+00  0.00000E+00  0.00000E+00  0.00000E+00  0.00000E+00  0.00000E+00  0.00000E+00  0.00000E+00  0.00000E+00  0.00000E+00  0.00000E+00  0.00000E+00  0.00000E+00  0.00000E+00  0.00000E+00  0.00000E+00  0.00000E+00  0.00000E+00  0.00000E+00  0.00000E+00  0.00000E+00  0.00000E+00  0.00000E+00  0.00000E+00  0.00000E+00  0.00000E+00  0.00000E+00  0.00000E+00  0.00000E+00  0.00000E+00  0.00000E+00  0.00000E+00  0.00000E+00  0.00000E+00  0.00000E+00  0.00000E+00  0.00000E+00  0.00000E+00  0.00000E+00  0.00000E+00  0.00000E+00  0.00000E+00  0.00000E+00  0.00000E+00  0.00000E+00
  0.00000E+00  0.00000E+00  0.00000E+00  0.00000E+00  0.00000E+00  0.00000E+00  0.00000E+00  0.00000E+00  0.00000E+00  0.00000E+00  0.00000E+00  0.00000E+00  0.00000E+00  0.00000E+00  0.00000E+00  0.00000E+00  0.00000E+00  0.00000E+00  0.00000E+00  0.00000E+00  0.00000E+00  0.00000E+00  0.00000E+00  0.00000E+00  0.00000E+00  0.00000E+00  0.00000E+00  0.00000E+00  0.00000E+00  0.00000E+00  0.00000E+00  0.00000E+00  0.00000E+00  0.00000E+00  0.00000E+00  0.00000E+00  0.00000E+00  0.00000E+00  0.00000E+00  0.00000E+00  0.00000E+00  0.00000E+00  0.00000E+00  0.00000E+00  0.00000E+00  0.00000E+00  0.00000E+00  0.00000E+00  0.00000E+00  0.00000E+00  0.00000E+00  0.00000E+00  0.00000E+00  0.00000E+00  0.00000E+00  0.00000E+00  0.00000E+00  0.00000E+00  0.00000E+00  0.00000E+00  0.00000E+00  0.00000E+00  0.00000E+00  0.00000E+00  0.00000E+00  0.00000E+00  0.00000E+00  0.00000E+00  0.00000E+00  0.00000E+00  0.00000E+00  0.00000E+00  0.00000E+00
  0.00000E+00  0.00000E+00  0.00000E+00  0.00000E+00  0.00000E+00  0.00000E+00  0.00000E+00  0.00000E+00  0.00000E+00  0.00000E+00  0.00000E+00  0.00000E+00  0.00000E+00  0.00000E+00  0.00000E+00  0.00000E+00  0.00000E+00  0.00000E+00  0.00000E+00  0.00000E+00  0.00000E+00  0.00000E+00  0.00000E+00  0.00000E+00  0.00000E+00  0.00000E+00  0.00000E+00  0.00000E+00  0.00000E+00  0.00000E+00  0.00000E+00  0.00000E+00  0.00000E+00  0.00000E+00  0.00000E+00  0.00000E+00  0.00000E+00  0.00000E+00  0.00000E+00  0.00000E+00  0.00000E+00  0.00000E+00  0.00000E+00  0.00000E+00  0.00000E+00  0.00000E+00  0.00000E+00  0.00000E+00  0.00000E+00  0.00000E+00  0.00000E+00  0.00000E+00  0.00000E+00  0.00000E+00  0.00000E+00  0.00000E+00  0.00000E+00  0.00000E+00  0.00000E+00  0.00000E+00  0.00000E+00  0.00000E+00  0.00000E+00  0.00000E+00  0.00000E+00  0.00000E+00  0.00000E+00  0.00000E+00  0.00000E+00  0.00000E+00  0.00000E+00  0.00000E+00  0.00000E+00
  0.00000E+00  0.00000E+00  0.00000E+00  0.00000E+00  0.00000E+00  0.00000E+00  0.00000E+00  0.00000E+00  0.00000E+00  0.00000E+00  0.00000E+00  0.00000E+00  0.00000E+00  0.00000E+00  0.00000E+00  0.00000E+00  0.00000E+00  0.00000E+00  0.00000E+00  0.00000E+00  0.00000E+00  0.00000E+00  0.00000E+00  0.00000E+00  0.00000E+00  0.00000E+00  0.00000E+00  0.00000E+00  0.00000E+00  0.00000E+00  0.00000E+00  0.00000E+00  0.00000E+00  0.00000E+00  0.00000E+00  0.00000E+00  0.00000E+00  0.00000E+00  0.00000E+00  0.00000E+00  0.00000E+00  0.00000E+00  0.00000E+00  0.00000E+00  0.00000E+00  0.00000E+00  0.00000E+00  0.00000E+00  0.00000E+00  0.00000E+00  0.00000E+00  0.00000E+00  0.00000E+00  0.00000E+00  0.00000E+00  0.00000E+00  0.00000E+00  0.00000E+00  0.00000E+00  0.00000E+00  0.00000E+00  0.00000E+00  0.00000E+00  0.00000E+00  0.00000E+00  0.00000E+00  0.00000E+00  0.00000E+00  0.00000E+00  0.00000E+00  0.00000E+00  0.00000E+00  0.00000E+00
  0.00000E+00  0.00000E+00  0.00000E+00  0.00000E+00  0.00000E+00  0.00000E+00  0.00000E+00  0.00000E+00  0.00000E+00  0.00000E+00  0.00000E+00  0.00000E+00  0.00000E+00  0.00000E+00  0.00000E+00  0.00000E+00  0.00000E+00  0.00000E+00  0.00000E+00  0.00000E+00  0.00000E+00  0.00000E+00  0.00000E+00  0.00000E+00  0.00000E+00  0.00000E+00  0.00000E+00  0.00000E+00  0.00000E+00  0.00000E+00  0.00000E+00  0.00000E+00  0.00000E+00  0.00000E+00  0.00000E+00  0.00000E+00  0.00000E+00  0.00000E+00  0.00000E+00  0.00000E+00  0.00000E+00  0.00000E+00  0.00000E+00  0.00000E+00  0.00000E+00  0.00000E+00  0.00000E+00  0.00000E+00  0.00000E+00  0.00000E+00  0.00000E+00  0.00000E+00  0.00000E+00  0.00000E+00  0.00000E+00  0.00000E+00  0.00000E+00  0.00000E+00  0.00000E+00  0.00000E+00  0.00000E+00  0.00000E+00  0.00000E+00  0.00000E+00  0.00000E+00  0.00000E+00  0.00000E+00  0.00000E+00  0.00000E+00  0.00000E+00  0.00000E+00  0.00000E+00  0.00000E+00
  0.00000E+00  0.00000E+00  0.00000E+00  0.00000E+00  0.00000E+00  0.00000E+00  0.00000E+00  0.00000E+00  0.00000E+00  0.00000E+00  0.00000E+00  0.00000E+00  0.00000E+00  0.00000E+00  0.00000E+00  0.00000E+00  0.00000E+00  0.00000E+00  0.00000E+00  0.00000E+00  0.00000E+00  0.00000E+00  0.00000E+00  0.00000E+00  0.00000E+00  0.00000E+00  0.00000E+00  0.00000E+00  0.00000E+00  0.00000E+00  0.00000E+00  0.00000E+00  0.00000E+00  0.00000E+00  0.00000E+00  0.00000E+00  0.00000E+00  0.00000E+00  0.00000E+00  0.00000E+00  0.00000E+00  0.00000E+00  0.00000E+00  0.00000E+00  0.00000E+00  0.00000E+00  0.00000E+00  0.00000E+00  0.00000E+00  0.00000E+00  0.00000E+00  0.00000E+00  0.00000E+00  0.00000E+00  0.00000E+00  0.00000E+00  0.00000E+00  0.00000E+00  0.00000E+00  0.00000E+00  0.00000E+00  0.00000E+00  0.00000E+00  0.00000E+00  0.00000E+00  0.00000E+00  0.00000E+00  0.00000E+00  0.00000E+00  0.00000E+00  0.00000E+00  0.00000E+00  0.00000E+00
  0.00000E+00  0.00000E+00  0.00000E+00  0.00000E+00  0.00000E+00  0.00000E+00  0.00000E+00  0.00000E+00  0.00000E+00  0.00000E+00  0.00000E+00  0.00000E+00  0.00000E+00  0.00000E+00  0.00000E+00  0.00000E+00  0.00000E+00  0.00000E+00  0.00000E+00  0.00000E+00  0.00000E+00  0.00000E+00  0.00000E+00  0.00000E+00  0.00000E+00  0.00000E+00  0.00000E+00  0.00000E+00  0.00000E+00  0.00000E+00  0.00000E+00  0.00000E+00  0.00000E+00  0.00000E+00  0.00000E+00  0.00000E+00  0.00000E+00  0.00000E+00  0.00000E+00  0.00000E+00  0.00000E+00  0.00000E+00  0.00000E+00  0.00000E+00  0.00000E+00  0.00000E+00  0.00000E+00  0.00000E+00  0.00000E+00  0.00000E+00  0.00000E+00  0.00000E+00  0.00000E+00  0.00000E+00  0.00000E+00  0.00000E+00  0.00000E+00  0.00000E+00  0.00000E+00  0.00000E+00  0.00000E+00  0.00000E+00  0.00000E+00  0.00000E+00  0.00000E+00  0.00000E+00  0.00000E+00  0.00000E+00  0.00000E+00  0.00000E+00  0.00000E+00  0.00000E+00  0.00000E+00
  0.00000E+00  0.00000E+00  0.00000E+00  0.00000E+00  0.00000E+00  0.00000E+00  0.00000E+00  0.00000E+00  0.00000E+00  0.00000E+00  0.00000E+00  0.00000E+00  0.00000E+00  0.00000E+00  0.00000E+00  0.00000E+00  0.00000E+00  0.00000E+00  0.00000E+00  0.00000E+00  0.00000E+00  0.00000E+00  0.00000E+00  0.00000E+00  0.00000E+00  0.00000E+00  0.00000E+00  0.00000E+00  0.00000E+00  0.00000E+00  0.00000E+00  0.00000E+00  0.00000E+00  0.00000E+00  0.00000E+00  0.00000E+00  0.00000E+00  0.00000E+00  0.00000E+00  0.00000E+00  0.00000E+00  0.00000E+00  0.00000E+00  0.00000E+00  0.00000E+00  0.00000E+00  0.00000E+00  0.00000E+00  0.00000E+00  0.00000E+00  0.00000E+00  0.00000E+00  0.00000E+00  0.00000E+00  0.00000E+00  0.00000E+00  0.00000E+00  0.00000E+00  0.00000E+00  0.00000E+00  0.00000E+00  0.00000E+00  0.00000E+00  0.00000E+00  0.00000E+00  0.00000E+00  0.00000E+00  0.00000E+00  0.00000E+00  0.00000E+00  0.00000E+00  0.00000E+00  0.00000E+00
  0.00000E+00  0.00000E+00  0.00000E+00  0.00000E+00  0.00000E+00  0.00000E+00  0.00000E+00  0.00000E+00  0.00000E+00  0.00000E+00  0.00000E+00  0.00000E+00  0.00000E+00  0.00000E+00  0.00000E+00  0.00000E+00  0.00000E+00  0.00000E+00  0.00000E+00  0.00000E+00  0.00000E+00  0.00000E+00  0.00000E+00  0.00000E+00  0.00000E+00  0.00000E+00  0.00000E+00  0.00000E+00  0.00000E+00  0.00000E+00  0.00000E+00  0.00000E+00  0.00000E+00  0.00000E+00  0.00000E+00  0.00000E+00  0.00000E+00  0.00000E+00  0.00000E+00  0.00000E+00  0.00000E+00  0.00000E+00  0.00000E+00  0.00000E+00  0.00000E+00  0.00000E+00  0.00000E+00  0.00000E+00  0.00000E+00  0.00000E+00  0.00000E+00  0.00000E+00  0.00000E+00  0.00000E+00  0.00000E+00  0.00000E+00  0.00000E+00  0.00000E+00  0.00000E+00  0.00000E+00  0.00000E+00  0.00000E+00  0.00000E+00  0.00000E+00  0.00000E+00  0.00000E+00  0.00000E+00  0.00000E+00  0.00000E+00  0.00000E+00  0.00000E+00  0.00000E+00  0.00000E+00
  0.00000E+00  0.00000E+00  0.00000E+00  0.00000E+00  0.00000E+00  0.00000E+00  0.00000E+00  0.00000E+00  0.00000E+00  0.00000E+00  0.00000E+00  0.00000E+00  0.00000E+00  0.00000E+00  0.00000E+00  0.00000E+00  0.00000E+00  0.00000E+00  0.00000E+00  0.00000E+00  0.00000E+00  0.00000E+00  0.00000E+00  0.00000E+00  0.00000E+00  0.00000E+00  0.00000E+00  0.00000E+00  0.00000E+00  0.00000E+00  0.00000E+00  0.00000E+00  0.00000E+00  0.00000E+00  0.00000E+00  0.00000E+00  0.00000E+00  0.00000E+00  0.00000E+00  0.00000E+00  0.00000E+00  0.00000E+00  0.00000E+00  0.00000E+00  0.00000E+00  0.00000E+00  0.00000E+00  0.00000E+00  0.00000E+00  0.00000E+00  0.00000E+00  0.00000E+00  0.00000E+00  0.00000E+00  0.00000E+00  0.00000E+00  0.00000E+00  0.00000E+00  0.00000E+00  0.00000E+00  0.00000E+00  0.00000E+00  0.00000E+00  0.00000E+00  0.00000E+00  0.00000E+00  0.00000E+00  0.00000E+00  0.00000E+00  0.00000E+00  0.00000E+00  0.00000E+00  0.00000E+00
  0.00000E+00  0.00000E+00  0.00000E+00  0.00000E+00  0.00000E+00  0.00000E+00  0.00000E+00  0.00000E+00  0.00000E+00  0.00000E+00  0.00000E+00  0.00000E+00  0.00000E+00  0.00000E+00  0.00000E+00  0.00000E+00  0.00000E+00  0.00000E+00  0.00000E+00  0.00000E+00  0.00000E+00  0.00000E+00  0.00000E+00  0.00000E+00  0.00000E+00  0.00000E+00  0.00000E+00  0.00000E+00  0.00000E+00  0.00000E+00  0.00000E+00  0.00000E+00  0.00000E+00  0.00000E+00  0.00000E+00  0.00000E+00  0.00000E+00  0.00000E+00  0.00000E+00  0.00000E+00  0.00000E+00  0.00000E+00  0.00000E+00  0.00000E+00  0.00000E+00  0.00000E+00  0.00000E+00  0.00000E+00  0.00000E+00  0.00000E+00  0.00000E+00  0.00000E+00  0.00000E+00  0.00000E+00  0.00000E+00  0.00000E+00  0.00000E+00  0.00000E+00  0.00000E+00  0.00000E+00  0.00000E+00  0.00000E+00  0.00000E+00  0.00000E+00  0.00000E+00  0.00000E+00  0.00000E+00  0.00000E+00  0.00000E+00  0.00000E+00  0.00000E+00  0.00000E+00  0.00000E+00
  0.00000E+00  0.00000E+00  0.00000E+00  0.00000E+00  0.00000E+00  0.00000E+00  0.00000E+00  0.00000E+00  0.00000E+00  0.00000E+00  0.00000E+00  0.00000E+00  0.00000E+00  0.00000E+00  0.00000E+00  0.00000E+00  0.00000E+00  0.00000E+00  0.00000E+00  0.00000E+00  0.00000E+00  0.00000E+00  0.00000E+00  0.00000E+00  0.00000E+00  0.00000E+00  0.00000E+00  0.00000E+00  0.00000E+00  0.00000E+00  0.00000E+00  0.00000E+00  0.00000E+00  0.00000E+00  0.00000E+00  0.00000E+00  0.00000E+00  0.00000E+00  0.00000E+00  0.00000E+00  0.00000E+00  0.00000E+00  0.00000E+00  0.00000E+00  0.00000E+00  0.00000E+00  0.00000E+00  0.00000E+00  0.00000E+00  0.00000E+00  0.00000E+00  0.00000E+00  0.00000E+00  0.00000E+00  0.00000E+00  0.00000E+00  0.00000E+00  0.00000E+00  0.00000E+00  0.00000E+00  0.00000E+00  0.00000E+00  0.00000E+00  0.00000E+00  0.00000E+00  0.00000E+00  0.00000E+00  0.00000E+00  0.00000E+00  0.00000E+00  0.00000E+00  0.00000E+00  0.00000E+00
  0.00000E+00  0.00000E+00  0.00000E+00  0.00000E+00  0.00000E+00  0.00000E+00  0.00000E+00  0.00000E+00  0.00000E+00  0.00000E+00  0.00000E+00  0.00000E+00  0.00000E+00  0.00000E+00  0.00000E+00  0.00000E+00  0.00000E+00  0.00000E+00  0.00000E+00  0.00000E+00  0.00000E+00  0.00000E+00  0.00000E+00  0.00000E+00  0.00000E+00  0.00000E+00  0.00000E+00  0.00000E+00  0.00000E+00  0.00000E+00  0.00000E+00  0.00000E+00  0.00000E+00  0.00000E+00  0.00000E+00  0.00000E+00  0.00000E+00  0.00000E+00  0.00000E+00  0.00000E+00  0.00000E+00  0.00000E+00  0.00000E+00  0.00000E+00  0.00000E+00  0.00000E+00  0.00000E+00  0.00000E+00  0.00000E+00  0.00000E+00  0.00000E+00  0.00000E+00  0.00000E+00  0.00000E+00  0.00000E+00  0.00000E+00  0.00000E+00  0.00000E+00  0.00000E+00  0.00000E+00  0.00000E+00  0.00000E+00  0.00000E+00  0.00000E+00  0.00000E+00  0.00000E+00  0.00000E+00  0.00000E+00  0.00000E+00  0.00000E+00  0.00000E+00  0.00000E+00  0.00000E+00
  0.00000E+00  0.00000E+00  0.00000E+00  0.00000E+00  0.00000E+00  0.00000E+00  0.00000E+00  0.00000E+00  0.00000E+00  0.00000E+00  0.00000E+00  0.00000E+00  0.00000E+00  0.00000E+00  0.00000E+00  0.00000E+00  0.00000E+00  0.00000E+00  0.00000E+00  0.00000E+00  0.00000E+00  0.00000E+00  0.00000E+00  0.00000E+00  0.00000E+00  0.00000E+00  0.00000E+00  0.00000E+00  0.00000E+00  0.00000E+00  0.00000E+00  0.00000E+00  0.00000E+00  0.00000E+00  0.00000E+00  0.00000E+00  0.00000E+00  0.00000E+00  0.00000E+00  0.00000E+00  0.00000E+00  0.00000E+00  0.00000E+00  0.00000E+00  0.00000E+00  0.00000E+00  0.00000E+00  0.00000E+00  0.00000E+00  0.00000E+00  0.00000E+00  0.00000E+00  0.00000E+00  0.00000E+00  0.00000E+00  0.00000E+00  0.00000E+00  0.00000E+00  0.00000E+00  0.00000E+00  0.00000E+00  0.00000E+00  0.00000E+00  0.00000E+00  0.00000E+00  0.00000E+00  0.00000E+00  0.00000E+00  0.00000E+00  0.00000E+00  0.00000E+00  0.00000E+00  0.00000E+00
  0.00000E+00  0.00000E+00  0.00000E+00  0.00000E+00  0.00000E+00  0.00000E+00  0.00000E+00  0.00000E+00  0.00000E+00  0.00000E+00  0.00000E+00  0.00000E+00  0.00000E+00  0.00000E+00  0.00000E+00  0.00000E+00  0.00000E+00  0.00000E+00  0.00000E+00  0.00000E+00  0.00000E+00  0.00000E+00  0.00000E+00  0.00000E+00  0.00000E+00  0.00000E+00  0.00000E+00  0.00000E+00  0.00000E+00  0.00000E+00  0.00000E+00  0.00000E+00  0.00000E+00  0.00000E+00  0.00000E+00  0.00000E+00  0.00000E+00  0.00000E+00  0.00000E+00  0.00000E+00  0.00000E+00  0.00000E+00  0.00000E+00  0.00000E+00  0.00000E+00  0.00000E+00  0.00000E+00  0.00000E+00  0.00000E+00  0.00000E+00  0.00000E+00  0.00000E+00  0.00000E+00  0.00000E+00  0.00000E+00  0.00000E+00  0.00000E+00  0.00000E+00  0.00000E+00  0.00000E+00  0.00000E+00  0.00000E+00  0.00000E+00  0.00000E+00  0.00000E+00  0.00000E+00  0.00000E+00  0.00000E+00  0.00000E+00  0.00000E+00  0.00000E+00  0.00000E+00  0.00000E+00
  0.00000E+00  0.00000E+00  0.00000E+00  0.00000E+00  0.00000E+00  0.00000E+00  0.00000E+00  0.00000E+00  0.00000E+00  0.00000E+00  0.00000E+00  0.00000E+00  0.00000E+00  0.00000E+00  0.00000E+00  0.00000E+00  0.00000E+00  0.00000E+00  0.00000E+00  0.00000E+00  0.00000E+00  0.00000E+00  0.00000E+00  0.00000E+00  0.00000E+00  0.00000E+00  0.00000E+00  0.00000E+00  0.00000E+00  0.00000E+00  0.00000E+00  0.00000E+00  0.00000E+00  0.00000E+00  0.00000E+00  0.00000E+00  0.00000E+00  0.00000E+00  0.00000E+00  0.00000E+00  0.00000E+00  0.00000E+00  0.00000E+00  0.00000E+00  0.00000E+00  0.00000E+00  0.00000E+00  0.00000E+00  0.00000E+00  0.00000E+00  0.00000E+00  0.00000E+00  0.00000E+00  0.00000E+00  0.00000E+00  0.00000E+00  0.00000E+00  0.00000E+00  0.00000E+00  0.00000E+00  0.00000E+00  0.00000E+00  0.00000E+00  0.00000E+00  0.00000E+00  0.00000E+00  0.00000E+00  0.00000E+00  0.00000E+00  0.00000E+00  0.00000E+00  0.00000E+00  0.00000E+00
 
 year:        2009
  0.00000E+00  0.00000E+00  0.00000E+00  5.57914E+02  1.14467E+03  4.18004E+02  9.46199E+02  3.23274E+02  0.00000E+00  0.00000E+00  0.00000E+00  0.00000E+00  0.00000E+00  0.00000E+00  0.00000E+00  0.00000E+00  0.00000E+00  0.00000E+00  0.00000E+00  0.00000E+00  0.00000E+00  0.00000E+00  0.00000E+00  0.00000E+00  0.00000E+00  0.00000E+00  0.00000E+00  0.00000E+00  0.00000E+00  0.00000E+00  0.00000E+00  0.00000E+00  0.00000E+00  0.00000E+00  0.00000E+00  0.00000E+00  0.00000E+00  0.00000E+00  0.00000E+00  0.00000E+00  0.00000E+00  0.00000E+00  0.00000E+00  0.00000E+00  0.00000E+00  0.00000E+00  0.00000E+00  0.00000E+00  0.00000E+00  0.00000E+00  0.00000E+00  0.00000E+00  0.00000E+00  0.00000E+00  0.00000E+00  0.00000E+00  0.00000E+00  0.00000E+00  0.00000E+00  0.00000E+00  0.00000E+00  0.00000E+00  0.00000E+00  0.00000E+00  0.00000E+00  0.00000E+00  0.00000E+00  0.00000E+00  0.00000E+00  0.00000E+00  0.00000E+00  0.00000E+00  0.00000E+00
  0.00000E+00  1.24162E+03  1.50998E+03  2.30507E+03  2.17287E+03  2.33004E+03  7.15337E+02  9.51472E+02  3.55654E+02  0.00000E+00  0.00000E+00  0.00000E+00  0.00000E+00  0.00000E+00  0.00000E+00  0.00000E+00  0.00000E+00  0.00000E+00  0.00000E+00  0.00000E+00  0.00000E+00  0.00000E+00  0.00000E+00  0.00000E+00  0.00000E+00  0.00000E+00  0.00000E+00  0.00000E+00  0.00000E+00  0.00000E+00  0.00000E+00  0.00000E+00  0.00000E+00  0.00000E+00  0.00000E+00  0.00000E+00  0.00000E+00  0.00000E+00  0.00000E+00  0.00000E+00  0.00000E+00  0.00000E+00  0.00000E+00  0.00000E+00  0.00000E+00  0.00000E+00  0.00000E+00  0.00000E+00  0.00000E+00  0.00000E+00  0.00000E+00  0.00000E+00  0.00000E+00  0.00000E+00  0.00000E+00  0.00000E+00  0.00000E+00  0.00000E+00  0.00000E+00  0.00000E+00  0.00000E+00  0.00000E+00  0.00000E+00  0.00000E+00  0.00000E+00  0.00000E+00  0.00000E+00  0.00000E+00  0.00000E+00  0.00000E+00  0.00000E+00  0.00000E+00  0.00000E+00
  1.48854E+03  1.23005E+03  2.44058E+03  2.83262E+03  2.04151E+03  3.57550E+03  6.81530E+02  9.22246E+02  2.64878E+03  2.29239E+03  0.00000E+00  0.00000E+00  0.00000E+00  0.00000E+00  0.00000E+00  0.00000E+00  0.00000E+00  0.00000E+00  0.00000E+00  0.00000E+00  0.00000E+00  0.00000E+00  0.00000E+00  0.00000E+00  0.00000E+00  0.00000E+00  0.00000E+00  0.00000E+00  0.00000E+00  0.00000E+00  0.00000E+00  0.00000E+00  0.00000E+00  0.00000E+00  0.00000E+00  0.00000E+00  0.00000E+00  0.00000E+00  0.00000E+00  0.00000E+00  0.00000E+00  0.00000E+00  0.00000E+00  0.00000E+00  0.00000E+00  0.00000E+00  0.00000E+00  0.00000E+00  0.00000E+00  0.00000E+00  0.00000E+00  0.00000E+00  0.00000E+00  0.00000E+00  0.00000E+00  0.00000E+00  0.00000E+00  0.00000E+00  0.00000E+00  0.00000E+00  0.00000E+00  0.00000E+00  0.00000E+00  0.00000E+00  0.00000E+00  0.00000E+00  0.00000E+00  0.00000E+00  0.00000E+00  0.00000E+00  0.00000E+00  0.00000E+00  0.00000E+00
  1.19148E+03  1.58672E+03  8.08570E+02  9.66469E+02  1.89535E+03  2.63157E+03  2.89467E+02  1.14377E+03  3.52278E+03  2.38056E+03  6.54849E+02  2.33980E+02  9.74407E+02  0.00000E+00  0.00000E+00  0.00000E+00  0.00000E+00  0.00000E+00  0.00000E+00  0.00000E+00  0.00000E+00  0.00000E+00  0.00000E+00  0.00000E+00  0.00000E+00  0.00000E+00  0.00000E+00  0.00000E+00  0.00000E+00  0.00000E+00  0.00000E+00  0.00000E+00  0.00000E+00  0.00000E+00  0.00000E+00  0.00000E+00  0.00000E+00  0.00000E+00  0.00000E+00  0.00000E+00  0.00000E+00  0.00000E+00  0.00000E+00  0.00000E+00  0.00000E+00  0.00000E+00  0.00000E+00  0.00000E+00  0.00000E+00  0.00000E+00  0.00000E+00  0.00000E+00  0.00000E+00  0.00000E+00  0.00000E+00  0.00000E+00  0.00000E+00  0.00000E+00  0.00000E+00  0.00000E+00  0.00000E+00  0.00000E+00  0.00000E+00  0.00000E+00  0.00000E+00  0.00000E+00  0.00000E+00  0.00000E+00  0.00000E+00  0.00000E+00  0.00000E+00  0.00000E+00  0.00000E+00
  3.28878E+02  2.28451E+03  2.14451E+03  7.73537E+02  1.12590E+03  1.23609E+03  1.68980E+03  1.96032E+02  1.98632E+03  2.55068E+03  2.44672E+03  2.08284E+03  1.88031E+03  1.61790E+03  1.15162E+03  1.81584E+03  1.33483E+03  7.72696E+02  9.36872E+02  1.38532E+02  0.00000E+00  0.00000E+00  0.00000E+00  0.00000E+00  0.00000E+00  0.00000E+00  0.00000E+00  0.00000E+00  0.00000E+00  0.00000E+00  0.00000E+00  0.00000E+00  0.00000E+00  0.00000E+00  0.00000E+00  0.00000E+00  0.00000E+00  0.00000E+00  0.00000E+00  0.00000E+00  0.00000E+00  0.00000E+00  0.00000E+00  0.00000E+00  0.00000E+00  0.00000E+00  0.00000E+00  0.00000E+00  0.00000E+00  0.00000E+00  0.00000E+00  0.00000E+00  0.00000E+00  0.00000E+00  0.00000E+00  0.00000E+00  0.00000E+00  0.00000E+00  0.00000E+00  0.00000E+00  0.00000E+00  0.00000E+00  0.00000E+00  0.00000E+00  0.00000E+00  0.00000E+00  0.00000E+00  0.00000E+00  0.00000E+00  0.00000E+00  0.00000E+00  0.00000E+00  0.00000E+00
  0.00000E+00  0.00000E+00  1.40001E+03  9.78494E+02  3.78592E+02  1.65551E+03  2.08449E+03  3.86223E+02  1.72814E+03  1.98554E+03  2.42238E+03  1.31244E+03  2.14791E+03  2.39301E+03  1.22080E+03  2.34792E+03  2.41456E+03  1.48362E+03  1.62819E+03  1.54885E+03  4.93489E+02  0.00000E+00  0.00000E+00  0.00000E+00  0.00000E+00  0.00000E+00  0.00000E+00  0.00000E+00  0.00000E+00  0.00000E+00  0.00000E+00  0.00000E+00  0.00000E+00  0.00000E+00  0.00000E+00  0.00000E+00  0.00000E+00  0.00000E+00  0.00000E+00  0.00000E+00  0.00000E+00  0.00000E+00  0.00000E+00  0.00000E+00  0.00000E+00  0.00000E+00  0.00000E+00  0.00000E+00  0.00000E+00  0.00000E+00  0.00000E+00  0.00000E+00  0.00000E+00  0.00000E+00  0.00000E+00  0.00000E+00  0.00000E+00  0.00000E+00  0.00000E+00  0.00000E+00  0.00000E+00  0.00000E+00  0.00000E+00  0.00000E+00  0.00000E+00  0.00000E+00  0.00000E+00  0.00000E+00  0.00000E+00  0.00000E+00  0.00000E+00  0.00000E+00  0.00000E+00
  0.00000E+00  0.00000E+00  7.38538E+02  1.89831E+03  1.94488E+03  4.06676E+02  1.88857E+03  5.21117E+02  2.12742E+03  2.89576E+03  1.67627E+03  1.48803E+03  2.39014E+03  1.76303E+03  1.28218E+03  1.27867E+03  2.36287E+03  1.95165E+03  1.98046E+03  3.49744E+03  2.87456E+03  8.79740E+02  0.00000E+00  0.00000E+00  0.00000E+00  0.00000E+00  0.00000E+00  0.00000E+00  0.00000E+00  0.00000E+00  0.00000E+00  0.00000E+00  0.00000E+00  0.00000E+00  0.00000E+00  0.00000E+00  0.00000E+00  0.00000E+00  0.00000E+00  8.34909E+01  8.68733E+01  0.00000E+00  0.00000E+00  0.00000E+00  1.03710E+00  0.00000E+00  0.00000E+00  0.00000E+00  0.00000E+00  0.00000E+00  4.96772E+01  2.48386E+01  0.00000E+00  0.00000E+00  0.00000E+00  0.00000E+00  0.00000E+00  0.00000E+00  0.00000E+00  0.00000E+00  0.00000E+00  0.00000E+00  0.00000E+00  0.00000E+00  0.00000E+00  0.00000E+00  0.00000E+00  0.00000E+00  0.00000E+00  0.00000E+00  0.00000E+00  0.00000E+00  0.00000E+00
  0.00000E+00  0.00000E+00  3.12124E+02  1.18060E+03  1.57667E+03  6.73213E+02  1.65253E+03  9.41771E+02  1.55694E+03  2.32950E+03  2.74883E+03  7.68239E+02  1.94696E+03  1.27004E+03  1.02803E+03  2.01991E+03  2.42587E+03  1.99206E+03  1.20979E+03  2.02784E+03  2.64156E+03  1.35509E+03  0.00000E+00  0.00000E+00  0.00000E+00  0.00000E+00  0.00000E+00  0.00000E+00  0.00000E+00  0.00000E+00  0.00000E+00  0.00000E+00  0.00000E+00  0.00000E+00  0.00000E+00  0.00000E+00  0.00000E+00  0.00000E+00  1.20471E+01  4.66612E+02  1.99622E+02  1.03710E+00  2.07420E+00  8.59060E+00  2.07420E+00  2.10673E+02  1.32430E+02  0.00000E+00  0.00000E+00  4.54872E+02  1.76628E+03  8.58010E+02  0.00000E+00  0.00000E+00  0.00000E+00  0.00000E+00  0.00000E+00  0.00000E+00  0.00000E+00  0.00000E+00  0.00000E+00  0.00000E+00  0.00000E+00  0.00000E+00  0.00000E+00  0.00000E+00  0.00000E+00  0.00000E+00  0.00000E+00  0.00000E+00  0.00000E+00  0.00000E+00  0.00000E+00
  0.00000E+00  0.00000E+00  0.00000E+00  9.31285E+01  3.01242E+02  7.51868E+02  1.49591E+03  1.37325E+03  1.08852E+03  2.37727E+03  1.20147E+03  1.18671E+03  1.46313E+03  1.64143E+03  2.15782E+03  2.67651E+03  2.44220E+03  2.04751E+03  1.57297E+03  2.21552E+03  1.35938E+03  2.16219E+03  0.00000E+00  0.00000E+00  0.00000E+00  0.00000E+00  0.00000E+00  0.00000E+00  0.00000E+00  0.00000E+00  4.65217E+02  2.20686E+02  0.00000E+00  1.04122E+02  1.26263E+02  5.44294E+02  7.12644E+02  1.08287E+03  1.27507E+03  6.86183E+02  7.55350E+00  8.73749E+00  4.29530E+00  8.73749E+00  3.27284E+02  1.44162E+03  1.35385E+03  0.00000E+00  1.35880E+03  2.62649E+03  2.45385E+03  4.25164E+02  3.70683E+02  0.00000E+00  0.00000E+00  0.00000E+00  0.00000E+00  0.00000E+00  0.00000E+00  0.00000E+00  0.00000E+00  0.00000E+00  0.00000E+00  0.00000E+00  0.00000E+00  0.00000E+00  0.00000E+00  0.00000E+00  0.00000E+00  0.00000E+00  0.00000E+00  0.00000E+00  0.00000E+00
  0.00000E+00  0.00000E+00  0.00000E+00  7.01166E+02  2.44126E+03  2.92015E+03  1.13590E+03  1.51058E+03  1.19501E+03  3.28257E+03  2.25614E+03  5.30182E+02  2.23993E+03  1.34509E+03  1.51756E+03  1.68347E+03  1.27323E+03  2.13644E+03  6.79547E+02  1.74692E+03  1.77246E+03  1.87191E+03  1.20502E+03  5.41632E+02  9.26626E+02  8.67231E+02  2.48351E+02  6.52321E+02  9.83802E+02  7.86146E+02  1.73309E+03  1.63730E+03  1.03710E+00  1.18310E+03  2.07873E+03  1.42528E+03  1.97514E+03  1.59556E+03  2.02148E+03  9.09284E+02  1.00684E+01  0.00000E+00  2.20539E+02  1.21829E+03  5.46190E+02  4.44219E+00  8.81939E+02  1.06175E+03  1.70879E+03  2.28819E+03  2.71548E+03  1.63902E+03  1.72931E+03  0.00000E+00  0.00000E+00  0.00000E+00  0.00000E+00  0.00000E+00  0.00000E+00  0.00000E+00  0.00000E+00  0.00000E+00  0.00000E+00  0.00000E+00  0.00000E+00  0.00000E+00  0.00000E+00  0.00000E+00  0.00000E+00  0.00000E+00  0.00000E+00  0.00000E+00  0.00000E+00
  0.00000E+00  0.00000E+00  0.00000E+00  0.00000E+00  1.54027E+03  1.36086E+03  8.11196E+02  1.67274E+03  1.00638E+03  1.42934E+03  1.91917E+03  4.59681E+02  3.12312E+03  2.34720E+03  9.36327E+02  1.12233E+03  1.25876E+03  1.01878E+03  4.94396E+02  1.48265E+03  1.42802E+03  1.48839E+03  2.11873E+03  1.16050E+03  9.83943E+02  7.36775E+02  2.21195E+03  1.08139E+03  8.87545E+02  5.48722E+02  1.41687E+03  2.44547E+03  1.93500E+03  9.58269E+02  9.19293E+02  8.80987E+02  2.15886E+03  9.20667E+02  2.22110E+00  0.00000E+00  3.25820E+00  1.14872E+03  2.48993E+03  4.83069E+03  1.87297E+03  7.92656E+02  1.02561E+03  1.20585E+03  1.73631E+03  2.21988E+03  2.67113E+03  3.26412E+03  3.48089E+03  6.78786E+02  0.00000E+00  0.00000E+00  0.00000E+00  0.00000E+00  0.00000E+00  0.00000E+00  0.00000E+00  0.00000E+00  0.00000E+00  0.00000E+00  0.00000E+00  0.00000E+00  0.00000E+00  0.00000E+00  0.00000E+00  0.00000E+00  0.00000E+00  0.00000E+00  0.00000E+00
  0.00000E+00  0.00000E+00  0.00000E+00  0.00000E+00  4.42195E+02  2.12926E+02  1.22086E+03  3.19248E+03  2.00627E+03  4.34423E+02  1.91091E+02  1.99097E+03  2.15735E+03  1.03506E+03  1.28479E+03  2.49529E+03  1.67760E+03  1.49767E+03  5.81525E+02  1.59561E+03  3.15785E+03  2.19989E+03  5.09183E+02  8.59011E+02  6.28246E+02  6.23510E+02  1.51098E+03  1.09082E+03  4.66819E+02  7.65005E+02  1.15253E+03  6.73632E+02  1.13386E+03  1.50262E+03  6.13818E+02  6.22930E+02  8.12086E+02  3.97281E+02  5.31986E+02  2.05189E+02  4.62850E+02  1.21244E+03  2.69668E+03  3.03848E+03  2.44767E+03  1.65247E+03  2.15377E+03  1.70901E+03  3.42091E+03  2.58570E+03  4.54097E+03  5.73266E+03  6.29155E+03  2.15146E+03  0.00000E+00  0.00000E+00  0.00000E+00  0.00000E+00  0.00000E+00  0.00000E+00  0.00000E+00  0.00000E+00  0.00000E+00  0.00000E+00  0.00000E+00  0.00000E+00  0.00000E+00  0.00000E+00  0.00000E+00  0.00000E+00  0.00000E+00  0.00000E+00  0.00000E+00
  0.00000E+00  0.00000E+00  0.00000E+00  0.00000E+00  0.00000E+00  0.00000E+00  0.00000E+00  2.44331E+03  3.12740E+03  8.94625E+02  0.00000E+00  3.11905E+03  2.94092E+03  4.72504E+02  1.88658E+03  3.57499E+03  1.88411E+03  7.98243E+02  5.48026E+02  9.17373E+02  2.53283E+03  2.27018E+03  6.75885E+02  5.50957E+02  8.88508E+02  9.04854E+02  2.77478E+02  3.84825E+02  1.54778E+03  1.16193E+03  1.99997E+03  1.50029E+03  4.70672E+02  3.79548E+02  3.53795E+02  1.03277E+03  1.65394E+03  5.81821E+02  5.14919E+02  1.90025E+02  8.47815E+02  6.43365E+02  1.39411E+03  4.21523E+03  2.57184E+03  1.91110E+03  2.31872E+03  3.31237E+03  3.15398E+03  1.93710E+03  2.08967E+03  2.30983E+03  4.78987E+03  2.91867E+03  1.04238E+03  1.17335E+03  0.00000E+00  0.00000E+00  0.00000E+00  0.00000E+00  0.00000E+00  0.00000E+00  0.00000E+00  0.00000E+00  0.00000E+00  0.00000E+00  0.00000E+00  0.00000E+00  0.00000E+00  0.00000E+00  0.00000E+00  0.00000E+00  0.00000E+00
  0.00000E+00  0.00000E+00  0.00000E+00  0.00000E+00  0.00000E+00  0.00000E+00  0.00000E+00  1.24505E+03  3.22899E+03  2.81314E+03  4.32167E+02  4.61812E+02  6.21558E+02  1.73929E+03  1.39076E+03  3.43394E+03  3.63310E+03  1.46595E+03  6.71209E+02  9.87701E+02  1.15021E+03  3.94295E+03  2.92474E+03  1.23609E+03  1.99197E+03  5.52170E+02  4.13761E+02  5.54158E+02  2.09644E+03  1.27672E+03  6.34438E+02  7.95174E+02  9.02649E+02  4.89187E+02  2.91761E+02  9.31157E+02  1.50431E+03  1.36083E+03  5.39467E+02  1.79823E+03  5.49442E+02  4.90677E+02  1.19160E+03  1.87552E+03  9.98808E+02  2.86500E+03  4.12277E+03  2.56531E+03  3.05211E+03  2.40253E+03  4.18326E+03  5.19035E+03  3.84871E+03  4.68607E+03  4.36757E+03  4.14416E+03  1.47668E+03  0.00000E+00  0.00000E+00  0.00000E+00  0.00000E+00  0.00000E+00  0.00000E+00  0.00000E+00  0.00000E+00  0.00000E+00  0.00000E+00  0.00000E+00  0.00000E+00  0.00000E+00  0.00000E+00  0.00000E+00  0.00000E+00
  0.00000E+00  0.00000E+00  0.00000E+00  0.00000E+00  0.00000E+00  0.00000E+00  0.00000E+00  1.16721E+03  3.08750E+03  2.60941E+03  4.21290E+02  1.12629E+02  1.52771E+03  1.93760E+03  8.45936E+02  1.90393E+03  3.24865E+03  1.76913E+03  5.93973E+02  2.62335E+02  4.66897E+02  2.85779E+03  2.32696E+03  1.22965E+03  1.22938E+03  1.34077E+03  8.59116E+02  1.43253E+03  1.24304E+03  3.86624E+02  8.66491E+02  8.96722E+02  1.06561E+03  7.03552E+02  4.49215E+02  3.90992E+02  6.33922E+02  1.59303E+03  1.89618E+03  2.18127E+03  1.80899E+03  7.24163E+02  1.36023E+03  1.74332E+03  1.61988E+03  2.05845E+03  4.66347E+03  4.53746E+03  3.87667E+03  3.62154E+03  4.08684E+03  3.17053E+03  3.49435E+03  3.33666E+03  3.92480E+03  3.07842E+03  1.94760E+03  1.26813E+03  0.00000E+00  0.00000E+00  0.00000E+00  0.00000E+00  0.00000E+00  0.00000E+00  0.00000E+00  0.00000E+00  0.00000E+00  0.00000E+00  0.00000E+00  0.00000E+00  0.00000E+00  0.00000E+00  0.00000E+00
  0.00000E+00  0.00000E+00  0.00000E+00  0.00000E+00  0.00000E+00  0.00000E+00  0.00000E+00  1.48118E+03  2.49142E+03  1.68267E+03  1.52821E+03  1.11743E+03  2.23194E+03  2.87260E+03  3.32325E+03  2.80572E+03  3.03567E+03  2.43905E+03  7.43387E+02  3.30286E+02  9.63251E+02  1.31401E+03  1.93026E+03  1.28904E+03  1.02079E+03  1.27670E+03  1.92405E+03  1.45867E+03  2.75980E+02  1.48135E+02  2.64701E+02  4.24143E+02  1.41392E+03  1.29185E+03  5.33269E+02  3.91890E+02  3.00590E+03  3.57803E+03  4.96464E+03  4.59151E+03  2.53101E+03  1.01053E+03  1.48739E+03  2.46165E+03  3.12298E+03  3.30449E+03  4.18796E+03  4.83161E+03  4.07252E+03  4.04199E+03  4.94504E+03  4.29682E+03  3.63861E+03  2.08620E+03  3.57138E+03  2.70263E+03  1.40980E+03  2.55815E+03  5.85681E+02  0.00000E+00  0.00000E+00  0.00000E+00  0.00000E+00  0.00000E+00  0.00000E+00  0.00000E+00  0.00000E+00  0.00000E+00  0.00000E+00  0.00000E+00  0.00000E+00  0.00000E+00  0.00000E+00
  0.00000E+00  0.00000E+00  0.00000E+00  0.00000E+00  0.00000E+00  0.00000E+00  0.00000E+00  4.68872E+02  1.44152E+03  1.72881E+03  1.33287E+03  1.34983E+03  2.17387E+03  1.40121E+03  1.90233E+03  6.98450E+02  1.98953E+03  2.53456E+03  2.30675E+02  1.23979E+03  1.29876E+03  1.38305E+03  1.57685E+03  1.38727E+03  1.16206E+03  9.54421E+02  2.07758E+03  1.82721E+03  9.95726E+02  1.12638E+02  8.23187E+02  8.08510E+02  2.19553E+03  2.31288E+03  1.57126E+03  2.80790E+03  3.53671E+03  3.28556E+03  5.34388E+03  2.74312E+03  3.21543E+03  3.15735E+03  1.55464E+03  2.40958E+03  3.86073E+03  2.76606E+03  3.15499E+03  3.72287E+03  3.77485E+03  2.99928E+03  2.95762E+03  4.46140E+03  4.25459E+03  2.29578E+03  3.33313E+03  3.37612E+03  6.47370E+02  3.34220E+03  3.00899E+03  3.13585E+02  0.00000E+00  0.00000E+00  0.00000E+00  0.00000E+00  0.00000E+00  0.00000E+00  0.00000E+00  0.00000E+00  0.00000E+00  0.00000E+00  0.00000E+00  0.00000E+00  0.00000E+00
  0.00000E+00  0.00000E+00  0.00000E+00  0.00000E+00  0.00000E+00  0.00000E+00  0.00000E+00  0.00000E+00  3.49668E+02  2.46644E+03  2.21858E+03  6.92407E+02  3.65368E+03  3.91238E+03  2.64734E+03  3.66132E+03  2.14647E+03  3.88270E+02  1.53016E+03  5.27651E+02  1.82746E+03  1.05194E+03  1.44280E+03  9.64391E+02  9.10287E+02  7.90797E+02  1.95931E+03  9.57662E+02  1.39778E+03  8.37632E+02  1.03318E+03  1.77926E+03  2.14803E+03  1.28290E+03  2.66260E+03  2.98980E+03  4.58506E+03  3.66572E+03  5.14474E+03  3.54983E+03  3.24617E+03  3.95869E+03  3.22898E+03  1.89017E+03  3.66513E+03  4.58115E+03  4.43370E+03  4.49149E+03  3.90389E+03  3.15615E+03  3.80954E+03  5.01459E+03  3.64763E+03  3.17287E+03  3.43849E+03  3.21274E+03  4.59804E+03  2.03866E+03  3.52277E+03  1.96452E+03  2.92953E+02  1.32206E+02  0.00000E+00  0.00000E+00  0.00000E+00  0.00000E+00  0.00000E+00  0.00000E+00  0.00000E+00  0.00000E+00  0.00000E+00  0.00000E+00  0.00000E+00
  0.00000E+00  0.00000E+00  0.00000E+00  0.00000E+00  0.00000E+00  0.00000E+00  0.00000E+00  0.00000E+00  2.06396E+01  6.18792E+02  2.52241E+03  7.55440E+02  2.69924E+03  1.33702E+03  1.77729E+03  3.59082E+03  9.86036E+02  8.39748E+02  1.73906E+03  1.65727E+03  5.78102E+02  1.13487E+03  8.18352E+02  1.31385E+03  4.25490E+02  4.95557E+02  5.20056E+02  1.91670E+02  6.73545E+02  9.97994E+02  6.37070E+02  1.88069E+03  7.80312E+02  2.95386E+03  3.84281E+03  2.71790E+03  3.33284E+03  4.59511E+03  4.01014E+03  4.02620E+03  3.14417E+03  3.27047E+03  2.58015E+03  2.78690E+03  4.99417E+03  4.21044E+03  3.32607E+03  3.36431E+03  2.97973E+03  4.73432E+03  4.57023E+03  3.56957E+03  3.43350E+03  3.36566E+03  4.67767E+03  3.81444E+03  4.11739E+03  2.06954E+03  2.65911E+03  3.56520E+03  1.20627E+03  2.43816E+03  0.00000E+00  0.00000E+00  0.00000E+00  0.00000E+00  0.00000E+00  0.00000E+00  0.00000E+00  0.00000E+00  0.00000E+00  0.00000E+00  0.00000E+00
  0.00000E+00  0.00000E+00  0.00000E+00  0.00000E+00  0.00000E+00  0.00000E+00  0.00000E+00  0.00000E+00  1.43993E+02  1.09751E+03  1.54731E+03  9.64909E+02  2.01891E+03  2.16982E+03  1.74923E+03  3.33658E+03  8.23392E+02  3.03909E+03  2.13659E+03  2.22642E+03  8.83962E+02  1.34330E+03  1.10354E+03  7.23513E+02  9.74143E+02  9.23477E+02  5.48925E+02  3.41512E+02  1.06612E+03  1.26043E+03  2.96389E+02  9.53174E+02  1.83980E+03  3.18026E+03  3.27255E+03  2.34323E+03  3.84996E+03  3.96228E+03  4.69443E+03  4.13971E+03  4.64946E+03  3.72810E+03  2.91792E+03  3.21209E+03  4.26134E+03  4.04614E+03  3.92100E+03  5.55950E+03  4.45715E+03  4.11592E+03  3.94883E+03  4.57710E+03  5.62934E+03  4.55975E+03  4.83793E+03  4.23339E+03  4.24391E+03  3.18433E+03  5.15914E+03  3.40915E+03  2.10674E+03  3.75019E+03  0.00000E+00  0.00000E+00  0.00000E+00  1.32206E+02  1.32206E+02  0.00000E+00  0.00000E+00  0.00000E+00  0.00000E+00  0.00000E+00  0.00000E+00
  0.00000E+00  0.00000E+00  0.00000E+00  0.00000E+00  0.00000E+00  0.00000E+00  0.00000E+00  0.00000E+00  6.86372E+01  9.14901E+02  1.69292E+03  2.02000E+03  4.31475E+02  1.08091E+03  1.98980E+03  7.71407E+02  1.51954E+03  2.86018E+03  1.83255E+03  2.11908E+03  5.48158E+02  9.27696E+02  4.70201E+02  1.14388E+03  1.38291E+03  1.33262E+03  7.83660E+02  1.73154E+03  2.08866E+03  8.28970E+02  8.09775E+02  1.44129E+03  3.06099E+03  3.79231E+03  3.39608E+03  3.43359E+03  3.24555E+03  2.92356E+03  5.08917E+03  4.46241E+03  3.74811E+03  2.28358E+03  2.05931E+03  3.45700E+03  5.02115E+03  4.37842E+03  5.55741E+03  4.20380E+03  3.14553E+03  6.35476E+03  4.57522E+03  3.38943E+03  5.11601E+03  4.43299E+03  4.56174E+03  3.90791E+03  5.99699E+03  1.42964E+03  1.68612E+03  3.44253E+03  2.43976E+03  2.40857E+03  9.06919E+02  2.40434E+02  0.00000E+00  1.56871E+03  1.89006E+03  3.72640E+02  0.00000E+00  0.00000E+00  0.00000E+00  0.00000E+00  0.00000E+00
  0.00000E+00  0.00000E+00  0.00000E+00  0.00000E+00  0.00000E+00  0.00000E+00  0.00000E+00  0.00000E+00  0.00000E+00  7.03956E+02  1.82007E+03  2.16808E+03  1.15720E+03  5.54136E+02  2.08843E+03  1.41320E+03  5.83521E+02  2.00822E+03  1.51725E+03  1.80487E+03  1.08932E+03  1.18987E+03  5.92396E+02  1.47376E+03  2.35546E+03  1.32072E+03  1.02798E+03  6.70357E+02  8.98062E+02  5.38008E+02  1.32131E+03  1.92024E+03  5.26203E+03  3.88363E+03  2.94590E+03  3.40158E+03  4.65976E+03  4.64410E+03  3.50951E+03  2.54203E+03  2.74479E+03  1.83110E+03  2.39105E+03  4.11548E+03  4.74529E+03  4.34657E+03  4.20563E+03  4.53704E+03  2.63288E+03  3.42294E+03  4.18930E+03  3.08574E+03  4.84561E+03  4.48423E+03  3.90058E+03  3.86786E+03  3.08087E+03  1.02329E+03  1.38115E+03  1.70819E+03  1.78681E+03  1.66628E+03  1.66488E+03  1.86529E+03  1.62858E+03  8.69771E+02  2.30037E+03  2.24819E+03  2.21609E+02  0.00000E+00  0.00000E+00  0.00000E+00  0.00000E+00
  0.00000E+00  0.00000E+00  0.00000E+00  0.00000E+00  0.00000E+00  0.00000E+00  0.00000E+00  0.00000E+00  0.00000E+00  7.69924E+02  2.38727E+03  2.59347E+03  1.55729E+03  8.42856E+02  1.66223E+03  4.71577E+02  1.36785E+03  1.13267E+03  1.18973E+03  1.18805E+03  4.62194E+02  6.15328E+02  1.00472E+03  1.87621E+03  1.92150E+03  2.53399E+03  1.48789E+03  9.67498E+02  9.27921E+02  1.02013E+03  4.97137E+02  2.39183E+03  3.64595E+03  3.42684E+03  1.98121E+03  3.93329E+03  4.57479E+03  3.30126E+03  3.28246E+03  2.21292E+03  3.66352E+03  2.56540E+03  1.93429E+03  2.88434E+03  3.99374E+03  4.90309E+03  4.59997E+03  4.50502E+03  2.54261E+03  4.19462E+03  4.37528E+03  3.28861E+03  4.97246E+03  2.40140E+03  3.10736E+03  3.25164E+03  2.44609E+03  1.40630E+03  1.66102E+03  1.53196E+03  1.70448E+03  2.10955E+03  2.04539E+03  1.75060E+03  2.25586E+03  1.41535E+03  8.69541E+02  1.44211E+03  4.37535E+02  0.00000E+00  0.00000E+00  0.00000E+00  0.00000E+00
  0.00000E+00  0.00000E+00  0.00000E+00  0.00000E+00  0.00000E+00  0.00000E+00  0.00000E+00  0.00000E+00  0.00000E+00  0.00000E+00  4.83680E+02  9.51914E+02  7.18329E+02  1.92518E+03  2.91392E+03  2.34578E+03  9.57076E+02  1.63326E+03  2.38070E+03  1.00723E+03  1.33458E+03  1.07277E+03  6.18256E+02  1.72982E+03  5.22825E+02  1.71963E+02  1.26429E+02  7.64682E+02  1.83581E+03  1.60358E+03  4.95080E+02  1.29692E+03  1.31087E+03  7.39472E+02  3.54476E+03  3.08038E+03  3.90537E+03  2.83733E+03  3.39670E+03  3.01836E+03  2.51454E+03  1.59406E+03  2.74948E+03  4.27808E+03  4.27417E+03  4.23119E+03  3.91086E+03  4.08190E+03  2.93242E+03  3.74201E+03  4.48724E+03  3.54012E+03  3.29825E+03  2.96179E+03  2.37630E+03  3.45928E+03  2.12402E+03  1.69344E+03  2.00850E+03  1.50626E+03  1.76750E+03  1.41535E+03  1.14333E+03  1.98860E+03  2.13971E+03  1.81184E+03  1.28941E+03  1.03966E+03  0.00000E+00  0.00000E+00  0.00000E+00  0.00000E+00  0.00000E+00
  0.00000E+00  0.00000E+00  0.00000E+00  0.00000E+00  0.00000E+00  0.00000E+00  0.00000E+00  0.00000E+00  0.00000E+00  0.00000E+00  0.00000E+00  0.00000E+00  8.52666E+02  1.43608E+03  1.11115E+03  8.36707E+02  1.11403E+03  9.87596E+02  2.23871E+03  1.30459E+03  1.91054E+03  6.53505E+02  5.13894E+02  2.09975E+03  2.52858E+02  1.39150E+02  6.33841E+02  1.72039E+03  1.39941E+03  1.48779E+03  1.87347E+03  1.28246E+03  2.34983E+02  3.65475E+02  3.16543E+03  2.39673E+03  2.97003E+03  2.50515E+03  2.61037E+03  3.77359E+03  1.43751E+03  1.42777E+03  3.07526E+03  4.00743E+03  5.62324E+03  2.84774E+03  2.50912E+03  4.71873E+03  3.10817E+03  3.34522E+03  2.23727E+03  3.72900E+03  3.00586E+03  2.33663E+03  1.96687E+03  2.35896E+03  2.28132E+03  2.01158E+03  1.53986E+03  1.28436E+03  1.12855E+03  1.96927E+03  3.14358E+03  2.51104E+03  1.31076E+03  1.56289E+03  1.65842E+03  7.51419E+02  0.00000E+00  0.00000E+00  0.00000E+00  0.00000E+00  0.00000E+00
  0.00000E+00  0.00000E+00  0.00000E+00  0.00000E+00  0.00000E+00  0.00000E+00  0.00000E+00  0.00000E+00  0.00000E+00  0.00000E+00  0.00000E+00  0.00000E+00  2.16475E+02  2.04560E+03  1.64440E+03  2.07337E+03  8.60414E+02  1.32925E+03  5.56497E+02  7.65829E+02  1.75791E+03  6.41976E+02  2.30467E+03  2.58292E+03  6.46714E+02  7.43878E+02  2.00095E+03  1.76174E+03  1.45519E+03  1.42692E+03  1.20897E+03  1.17491E+02  0.00000E+00  1.57700E+03  3.37252E+03  3.13439E+03  3.20364E+03  4.06131E+03  3.72209E+03  2.67596E+03  3.15864E+03  3.23987E+03  4.15312E+03  3.40711E+03  4.09213E+03  4.45149E+03  2.06514E+03  2.85041E+03  4.02876E+03  3.89097E+03  3.49075E+03  2.66067E+03  3.04053E+03  2.51133E+03  1.74077E+03  1.30547E+03  9.44598E+02  9.16757E+02  1.09061E+03  1.22447E+03  2.47758E+03  4.36487E+03  1.07361E+03  2.90309E+03  1.40337E+03  1.81123E+03  1.04448E+03  1.70737E+02  0.00000E+00  0.00000E+00  0.00000E+00  0.00000E+00  0.00000E+00
  0.00000E+00  0.00000E+00  0.00000E+00  0.00000E+00  0.00000E+00  0.00000E+00  0.00000E+00  0.00000E+00  0.00000E+00  0.00000E+00  0.00000E+00  0.00000E+00  0.00000E+00  7.49446E+02  7.27513E+02  1.08486E+03  8.02924E+02  4.33521E+02  2.74854E+02  0.00000E+00  9.80159E+01  6.34706E+02  3.00055E+03  2.25054E+03  8.15758E+02  2.53203E+03  1.68229E+03  1.72830E+03  1.38672E+03  1.27836E+03  3.52475E+02  0.00000E+00  1.40697E+03  3.16082E+03  2.97025E+03  2.52522E+03  3.21601E+03  3.04384E+03  4.97141E+03  5.55590E+03  3.67571E+03  3.52359E+03  5.35777E+03  3.29837E+03  3.81817E+03  3.62385E+03  2.64637E+03  2.86683E+03  5.21177E+03  4.06643E+03  5.19942E+03  1.68868E+03  1.68290E+03  1.34800E+03  2.09440E+03  1.58816E+03  1.12591E+03  1.29637E+03  1.48156E+03  8.83975E+02  1.51076E+03  2.33330E+03  1.59779E+03  2.17772E+03  2.35422E+03  1.72875E+03  9.11846E+02  0.00000E+00  0.00000E+00  0.00000E+00  0.00000E+00  0.00000E+00  0.00000E+00
  0.00000E+00  0.00000E+00  0.00000E+00  0.00000E+00  0.00000E+00  0.00000E+00  0.00000E+00  0.00000E+00  0.00000E+00  0.00000E+00  0.00000E+00  0.00000E+00  0.00000E+00  0.00000E+00  0.00000E+00  2.59218E+02  5.27892E+02  2.21522E+02  2.46151E+03  2.26445E+03  2.06909E+02  1.54640E+03  2.63649E+03  1.65567E+03  8.53709E+02  1.92340E+03  1.12468E+03  1.50566E+03  1.72362E+03  6.13247E+02  1.17491E+02  6.60944E+02  2.99503E+03  2.71368E+03  3.32758E+03  3.93601E+03  3.77863E+03  3.37873E+03  4.29236E+03  4.97284E+03  4.43712E+03  4.16045E+03  4.48340E+03  3.55846E+03  2.06815E+03  2.42856E+03  3.06944E+03  2.91413E+03  3.21678E+03  2.55368E+03  1.64567E+03  1.23234E+03  1.18721E+03  1.86843E+03  1.63733E+03  1.52548E+03  8.63486E+02  1.82701E+03  2.21636E+03  1.16943E+03  5.00462E+02  1.89445E+03  1.07329E+03  3.45412E+03  2.77939E+03  2.16512E+03  2.03194E+03  3.17977E+02  0.00000E+00  0.00000E+00  0.00000E+00  0.00000E+00  0.00000E+00
  0.00000E+00  0.00000E+00  0.00000E+00  0.00000E+00  0.00000E+00  0.00000E+00  0.00000E+00  0.00000E+00  0.00000E+00  0.00000E+00  0.00000E+00  0.00000E+00  0.00000E+00  0.00000E+00  0.00000E+00  2.21522E+02  3.34151E+02  2.17786E+02  7.58845E+02  1.77742E+03  2.05754E+03  1.37334E+03  2.50531E+03  2.03515E+03  2.20520E+03  2.33835E+03  1.32731E+03  8.74368E+02  1.17491E+02  1.43040E+03  6.33841E+02  1.64962E+03  3.22394E+03  3.12388E+03  3.73634E+03  3.65413E+03  3.58062E+03  3.20329E+03  3.19748E+03  2.16967E+03  1.91319E+03  1.56236E+03  2.09738E+03  1.64355E+03  2.42798E+02  4.54687E+03  2.43503E+03  1.61650E+03  3.24481E+03  1.98976E+03  1.44793E+03  2.05814E+03  9.32238E+02  1.90997E+03  1.78223E+03  1.56619E+03  1.26076E+03  1.80986E+03  1.60785E+03  1.25092E+03  8.63705E+02  3.16106E+03  3.32970E+03  3.38015E+03  2.77645E+03  2.22871E+03  1.72079E+03  7.60224E+02  0.00000E+00  0.00000E+00  0.00000E+00  0.00000E+00  0.00000E+00
  0.00000E+00  0.00000E+00  0.00000E+00  0.00000E+00  0.00000E+00  0.00000E+00  0.00000E+00  0.00000E+00  0.00000E+00  0.00000E+00  0.00000E+00  0.00000E+00  0.00000E+00  0.00000E+00  0.00000E+00  3.30415E+02  1.60547E+03  8.15773E+02  1.37089E+03  1.92611E+03  6.17321E+02  2.17472E+03  2.69971E+03  2.28154E+03  2.80170E+03  2.12438E+03  2.66587E+03  4.33403E+02  2.30839E+03  3.41446E+03  1.04758E+03  1.93038E+03  3.10759E+03  3.77973E+03  4.99053E+03  2.52332E+03  1.86573E+03  2.08828E+03  3.60590E+03  2.18712E+03  3.25952E+03  3.43306E+03  2.71519E+03  1.62361E+03  1.16125E+03  4.06036E+03  2.32242E+03  1.21192E+03  2.52874E+03  2.18688E+03  1.14294E+03  1.33183E+03  9.32084E+02  1.79602E+03  1.14486E+03  1.63715E+03  1.22862E+03  2.09936E+03  1.86313E+03  2.25473E+03  1.42150E+03  2.21929E+03  2.52052E+03  2.99544E+03  2.50980E+03  1.79784E+03  1.37277E+03  3.49072E+02  0.00000E+00  0.00000E+00  0.00000E+00  0.00000E+00  0.00000E+00
  0.00000E+00  0.00000E+00  0.00000E+00  0.00000E+00  0.00000E+00  0.00000E+00  0.00000E+00  0.00000E+00  0.00000E+00  0.00000E+00  0.00000E+00  0.00000E+00  0.00000E+00  0.00000E+00  0.00000E+00  2.46388E+02  2.22725E+03  8.78414E+02  1.11884E+03  2.33846E+03  6.11400E+02  1.14377E+03  1.11869E+03  1.42810E+03  1.94471E+03  1.62491E+03  2.58348E+03  1.81950E+03  4.42890E+03  2.53085E+03  2.06165E+03  3.09929E+03  2.47730E+03  2.72309E+03  2.49462E+03  1.50712E+03  1.77458E+03  2.33881E+03  1.07721E+03  5.68637E+02  1.86131E+03  2.28964E+03  3.70978E+03  1.37083E+03  9.19484E+02  1.14046E+03  1.36943E+03  6.45230E+02  1.83725E+02  6.59997E+02  9.85200E+02  2.04009E+03  2.39254E+03  1.89208E+03  1.47221E+03  1.41982E+03  1.30635E+03  1.59557E+03  1.20345E+03  4.95778E+02  6.26282E+02  1.38616E+03  9.43336E+02  1.40082E+03  8.44908E+02  8.90174E+02  8.01753E+02  4.98016E+02  0.00000E+00  0.00000E+00  0.00000E+00  0.00000E+00  0.00000E+00
  0.00000E+00  0.00000E+00  0.00000E+00  0.00000E+00  0.00000E+00  0.00000E+00  0.00000E+00  0.00000E+00  0.00000E+00  0.00000E+00  0.00000E+00  0.00000E+00  0.00000E+00  0.00000E+00  0.00000E+00  1.24924E+02  1.69325E+03  2.80933E+02  8.07621E+02  1.57837E+03  1.23841E+03  2.12073E+03  1.76209E+03  2.05819E+03  1.80815E+03  2.90002E+03  3.22197E+03  5.61937E+03  3.68931E+03  2.74666E+03  3.60644E+03  3.99704E+03  2.84153E+03  2.46648E+03  1.88097E+03  1.32238E+03  2.27092E+03  1.84907E+03  1.31058E+03  1.07374E+03  9.38300E+02  2.18096E+03  2.91663E+03  1.58265E+03  2.61271E+02  1.48717E+03  2.03172E+03  7.77960E+02  4.09063E+02  7.14809E+02  2.21999E+03  1.59603E+03  1.69374E+03  2.16022E+03  1.93486E+03  2.06617E+03  2.31754E+03  5.82591E+02  1.53229E+02  2.55356E+02  1.22113E+03  1.32016E+03  1.03775E+03  4.94703E+02  5.02613E+02  4.29530E+00  2.15300E+02  0.00000E+00  0.00000E+00  0.00000E+00  0.00000E+00  0.00000E+00  0.00000E+00
  0.00000E+00  0.00000E+00  0.00000E+00  0.00000E+00  0.00000E+00  0.00000E+00  0.00000E+00  0.00000E+00  0.00000E+00  0.00000E+00  0.00000E+00  0.00000E+00  0.00000E+00  0.00000E+00  0.00000E+00  0.00000E+00  1.41504E+03  5.52588E+02  9.07744E+02  2.11900E+03  1.37480E+03  1.49279E+03  1.64762E+03  3.49966E+02  8.45751E+02  2.04813E+03  2.60537E+02  2.66989E+03  4.30680E+03  3.56616E+03  2.81992E+03  2.86881E+03  2.02449E+03  1.09207E+03  1.64220E+03  1.53317E+03  1.41592E+03  1.09748E+03  1.28058E+03  8.60347E+02  9.88666E+02  9.14616E+02  1.23068E+03  2.32292E+03  1.76143E+03  2.14120E+02  8.42194E+02  1.22764E+03  9.70759E+02  1.37073E+03  3.01436E+03  1.60171E+03  2.71608E+03  9.53820E+02  1.70717E+03  1.68802E+03  1.27350E+03  9.02623E+02  3.12217E+02  6.12686E+02  1.01707E+03  1.98195E+03  1.67920E+03  4.08913E+02  8.82121E+02  8.59060E+00  0.00000E+00  0.00000E+00  0.00000E+00  0.00000E+00  0.00000E+00  0.00000E+00  0.00000E+00
  0.00000E+00  0.00000E+00  0.00000E+00  0.00000E+00  0.00000E+00  0.00000E+00  0.00000E+00  0.00000E+00  0.00000E+00  0.00000E+00  0.00000E+00  0.00000E+00  0.00000E+00  0.00000E+00  0.00000E+00  0.00000E+00  0.00000E+00  2.11370E+02  5.55564E+02  9.71594E+02  3.14325E+03  1.85314E+03  1.02011E+03  1.75432E+03  1.85918E+03  9.69863E+02  1.01734E+03  1.96737E+03  2.30104E+03  2.79304E+03  2.08595E+03  1.66796E+03  1.92120E+03  4.14430E+02  1.62653E+03  1.12557E+03  4.09131E+02  7.72425E+02  1.33304E+03  1.08925E+03  1.20217E+03  7.58437E+02  5.14274E+02  6.76733E+02  1.79187E+03  1.84915E+03  3.31952E+02  4.60180E+02  1.00674E+03  4.05020E+03  4.79343E+03  4.80523E+03  3.91958E+03  2.51010E+03  3.01676E+03  1.70714E+03  1.32917E+03  9.09145E+02  3.12217E+02  5.61661E+02  1.44579E+03  2.44967E+03  3.00272E+03  2.58919E+03  3.91314E+03  1.57633E+03  0.00000E+00  0.00000E+00  0.00000E+00  0.00000E+00  0.00000E+00  0.00000E+00  0.00000E+00
  0.00000E+00  0.00000E+00  0.00000E+00  0.00000E+00  0.00000E+00  0.00000E+00  0.00000E+00  0.00000E+00  0.00000E+00  0.00000E+00  0.00000E+00  0.00000E+00  0.00000E+00  0.00000E+00  0.00000E+00  0.00000E+00  0.00000E+00  0.00000E+00  0.00000E+00  0.00000E+00  7.27142E+02  1.86705E+03  1.99390E+03  1.77051E+03  1.16249E+03  9.62459E+02  1.23776E+03  5.77071E+02  8.18611E+02  9.81376E+02  8.19025E+02  2.09694E+03  1.12043E+03  6.71034E+02  1.34672E+03  1.09103E+03  1.13818E+03  1.16224E+03  1.20357E+03  1.08994E+03  1.21686E+03  8.15369E+02  5.43786E+02  2.56893E+02  8.89323E+02  1.07864E+03  1.77591E+03  7.72118E+02  4.19547E+02  1.43396E+03  3.61445E+03  4.11995E+03  3.69281E+03  4.36616E+03  2.83400E+03  1.57886E+03  2.29368E+03  2.10816E+03  7.30800E+02  1.57902E+03  7.36455E+02  2.29788E+03  2.86346E+03  3.85964E+03  2.36938E+03  5.20629E+02  0.00000E+00  0.00000E+00  0.00000E+00  0.00000E+00  0.00000E+00  0.00000E+00  0.00000E+00
  0.00000E+00  0.00000E+00  0.00000E+00  0.00000E+00  0.00000E+00  0.00000E+00  0.00000E+00  0.00000E+00  0.00000E+00  0.00000E+00  0.00000E+00  0.00000E+00  0.00000E+00  0.00000E+00  0.00000E+00  0.00000E+00  0.00000E+00  0.00000E+00  0.00000E+00  0.00000E+00  0.00000E+00  3.18519E+02  1.83469E+03  1.71330E+03  1.76464E+03  1.32840E+03  5.91278E+02  3.55047E+02  8.88714E+02  7.71128E+02  9.21582E+02  2.12850E+03  2.42424E+03  1.29416E+03  9.81251E+02  7.62486E+02  7.95496E+02  1.12549E+03  9.16060E+02  8.89997E+02  9.73266E+02  9.45053E+02  1.14633E+03  5.42688E+02  1.05807E+03  1.21544E+03  2.22364E+03  1.54032E+03  1.76226E+03  1.17919E+03  2.81608E+03  2.57098E+03  1.82585E+03  2.77341E+03  2.20453E+03  2.73647E+03  2.90178E+03  1.51466E+03  7.86849E+02  1.00465E+03  2.95114E+02  1.76149E+03  2.53507E+03  2.84323E+03  2.02372E+03  0.00000E+00  0.00000E+00  0.00000E+00  0.00000E+00  0.00000E+00  0.00000E+00  0.00000E+00  0.00000E+00
  0.00000E+00  0.00000E+00  0.00000E+00  0.00000E+00  0.00000E+00  0.00000E+00  0.00000E+00  0.00000E+00  0.00000E+00  0.00000E+00  0.00000E+00  0.00000E+00  0.00000E+00  0.00000E+00  0.00000E+00  0.00000E+00  0.00000E+00  0.00000E+00  0.00000E+00  0.00000E+00  0.00000E+00  0.00000E+00  5.36625E+01  1.23235E+03  6.60084E+02  1.02373E+02  1.46099E+01  8.02440E+01  3.62902E+02  4.90648E+02  1.01620E+03  6.98910E+02  9.97804E+02  6.71974E+02  9.36607E+02  7.28731E+02  8.67481E+02  1.09519E+03  1.12115E+03  1.17780E+03  6.73971E+02  8.02278E+02  9.74772E+02  7.73328E+02  1.34872E+03  9.03440E+02  2.77441E+03  1.75877E+03  3.33390E+03  2.61069E+03  1.45997E+03  1.42896E+03  1.80108E+03  1.66772E+03  1.77306E+03  1.27507E+03  1.84265E+03  8.42177E+02  4.57353E+02  0.00000E+00  5.90673E+02  8.06821E+02  2.33298E+03  2.08424E+03  1.70162E+02  5.71772E+01  0.00000E+00  0.00000E+00  0.00000E+00  0.00000E+00  0.00000E+00  0.00000E+00  0.00000E+00
  0.00000E+00  0.00000E+00  0.00000E+00  0.00000E+00  0.00000E+00  0.00000E+00  0.00000E+00  0.00000E+00  0.00000E+00  0.00000E+00  0.00000E+00  0.00000E+00  0.00000E+00  0.00000E+00  0.00000E+00  0.00000E+00  0.00000E+00  0.00000E+00  0.00000E+00  0.00000E+00  0.00000E+00  0.00000E+00  1.22631E+03  1.07485E+03  7.30756E+01  2.92457E+01  2.92457E+01  9.35922E+02  6.72372E+02  1.55319E+03  1.01621E+03  1.14624E+03  7.87589E+02  9.79407E+02  6.79231E+02  5.05122E+02  9.11760E+02  1.26335E+03  1.06120E+03  9.61664E+02  1.09190E+03  8.16986E+02  1.01591E+03  1.43424E+03  1.23177E+03  1.17557E+03  1.47408E+03  1.77083E+03  8.73265E+02  1.14038E+03  1.60050E+03  1.25153E+03  2.10089E+03  1.88151E+03  1.52825E+03  4.77191E+02  1.77911E+03  1.15515E+03  1.55735E+03  1.77042E+03  5.37716E+02  1.65422E+03  2.28345E+03  4.61079E+02  2.92348E+02  1.39095E+02  4.63040E+01  0.00000E+00  0.00000E+00  0.00000E+00  0.00000E+00  0.00000E+00  0.00000E+00
  0.00000E+00  0.00000E+00  0.00000E+00  0.00000E+00  0.00000E+00  0.00000E+00  0.00000E+00  0.00000E+00  0.00000E+00  0.00000E+00  0.00000E+00  0.00000E+00  0.00000E+00  0.00000E+00  0.00000E+00  0.00000E+00  0.00000E+00  0.00000E+00  0.00000E+00  0.00000E+00  0.00000E+00  0.00000E+00  3.45224E+02  2.29599E+02  1.31580E+02  0.00000E+00  5.68079E+02  6.71183E+02  1.78095E+03  1.30342E+03  1.20802E+03  9.46504E+02  9.61047E+02  3.69128E+02  8.56495E+02  8.92697E+02  5.64980E+02  9.78988E+02  4.58562E+02  7.60839E+02  1.14867E+03  6.44898E+02  5.28387E+02  6.86330E+02  1.26204E+03  1.08854E+03  1.46510E+03  2.03667E+03  1.46618E+03  1.32134E+03  1.34892E+03  1.64133E+03  1.19146E+03  1.85855E+03  8.83871E+02  7.85238E+02  8.24285E+02  1.98866E+03  3.55982E+03  2.40926E+03  1.30198E+03  1.31996E+03  3.45375E+02  2.50625E+00  3.64946E+02  5.12771E+02  3.67601E+02  0.00000E+00  0.00000E+00  0.00000E+00  0.00000E+00  0.00000E+00  0.00000E+00
  0.00000E+00  0.00000E+00  0.00000E+00  0.00000E+00  0.00000E+00  0.00000E+00  0.00000E+00  0.00000E+00  0.00000E+00  0.00000E+00  0.00000E+00  0.00000E+00  0.00000E+00  0.00000E+00  0.00000E+00  0.00000E+00  0.00000E+00  0.00000E+00  0.00000E+00  0.00000E+00  0.00000E+00  0.00000E+00  0.00000E+00  2.92457E+01  8.04452E+01  4.58078E+02  1.18771E+03  6.88792E+02  1.49998E+03  2.53378E+03  8.63776E+02  6.68037E+02  1.07207E+03  7.46253E+02  1.46871E+03  1.54174E+03  9.38917E+02  4.79457E+02  6.03922E+02  5.09840E+02  1.56202E+03  1.01971E+03  6.43193E+02  1.14070E+03  1.12179E+03  6.73772E+02  1.01701E+03  1.36209E+03  9.84543E+02  1.68156E+03  1.37123E+03  9.77573E+02  1.65275E+03  1.58437E+03  8.81183E+02  4.50067E+02  1.61675E+03  3.25544E+03  2.73421E+03  7.36854E+02  2.40892E+02  3.38243E+02  1.60159E+02  5.62740E+02  8.87464E+02  4.56227E+02  2.38481E+02  0.00000E+00  0.00000E+00  0.00000E+00  0.00000E+00  0.00000E+00  0.00000E+00
  0.00000E+00  0.00000E+00  0.00000E+00  0.00000E+00  0.00000E+00  0.00000E+00  0.00000E+00  0.00000E+00  0.00000E+00  0.00000E+00  0.00000E+00  0.00000E+00  0.00000E+00  0.00000E+00  0.00000E+00  0.00000E+00  0.00000E+00  0.00000E+00  0.00000E+00  0.00000E+00  0.00000E+00  0.00000E+00  0.00000E+00  0.00000E+00  3.65507E+01  5.84786E+01  9.54542E+02  8.53756E+02  1.57644E+02  2.26254E+03  1.96686E+03  9.83878E+02  3.83572E+02  1.38667E+03  1.14227E+03  2.11420E+03  1.29246E+03  4.74118E+02  1.36253E+03  1.03970E+03  1.30727E+03  1.14169E+03  1.13649E+03  2.02565E+03  8.98005E+02  8.43598E+02  1.43374E+03  6.59048E+02  8.10099E+02  2.90596E+03  2.25599E+03  8.65292E+02  1.04406E+03  1.47982E+03  2.31449E+03  3.70994E+03  3.53413E+03  3.10130E+03  1.77226E+03  5.47648E+02  3.37900E+02  1.88781E+02  2.61156E+02  2.06803E+02  7.07246E+02  2.23629E+02  3.17544E+02  1.32534E+02  0.00000E+00  0.00000E+00  0.00000E+00  0.00000E+00  0.00000E+00
  0.00000E+00  0.00000E+00  0.00000E+00  0.00000E+00  0.00000E+00  0.00000E+00  0.00000E+00  0.00000E+00  0.00000E+00  0.00000E+00  0.00000E+00  0.00000E+00  0.00000E+00  0.00000E+00  0.00000E+00  0.00000E+00  0.00000E+00  0.00000E+00  0.00000E+00  0.00000E+00  0.00000E+00  0.00000E+00  0.00000E+00  0.00000E+00  7.31790E+00  7.31532E+01  2.21893E+02  8.69424E+02  1.57644E+02  1.49653E+03  4.10785E+03  4.42545E+03  2.97341E+02  1.17967E+03  1.40285E+03  1.48240E+03  1.03002E+03  1.00501E+03  1.15806E+03  4.52435E+02  1.14664E+03  1.84488E+03  1.53492E+03  9.19935E+02  1.13685E+03  1.70382E+03  2.41874E+03  1.22275E+03  1.24267E+03  2.91860E+03  2.78674E+03  6.67092E+02  0.00000E+00  2.25447E+03  5.16884E+03  2.11760E+03  1.91973E+03  1.05196E+03  4.87497E+02  4.08835E+02  2.87172E+02  4.43429E+02  3.81355E+02  5.08350E+02  6.79715E+02  4.71999E+02  3.18479E+02  7.74358E+01  0.00000E+00  0.00000E+00  0.00000E+00  0.00000E+00  0.00000E+00
  0.00000E+00  0.00000E+00  0.00000E+00  0.00000E+00  0.00000E+00  0.00000E+00  0.00000E+00  0.00000E+00  0.00000E+00  0.00000E+00  0.00000E+00  0.00000E+00  0.00000E+00  0.00000E+00  0.00000E+00  0.00000E+00  0.00000E+00  0.00000E+00  0.00000E+00  0.00000E+00  0.00000E+00  0.00000E+00  0.00000E+00  0.00000E+00  0.00000E+00  5.84915E+01  8.04452E+01  2.30862E+02  4.55361E+02  2.21479E+03  2.05725E+03  3.38238E+03  1.06786E+03  0.00000E+00  4.46284E+02  1.39403E+03  1.26062E+03  8.38243E+02  3.07490E+02  5.45289E+02  8.18153E+02  1.24217E+03  1.05026E+03  3.14792E+02  9.41254E+02  1.08596E+03  2.26761E+03  2.17245E+03  2.32600E+03  1.20421E+03  6.23704E+02  8.36081E+02  0.00000E+00  4.71337E+02  1.52874E+03  4.80987E+01  0.00000E+00  4.62630E+01  1.64452E+02  9.19411E+01  3.16709E+02  4.61902E+02  4.92301E+02  2.89485E+02  2.12049E+02  5.51327E+02  3.41171E+02  9.22033E+01  0.00000E+00  0.00000E+00  0.00000E+00  0.00000E+00  0.00000E+00
  0.00000E+00  0.00000E+00  0.00000E+00  0.00000E+00  0.00000E+00  0.00000E+00  0.00000E+00  0.00000E+00  0.00000E+00  0.00000E+00  0.00000E+00  0.00000E+00  0.00000E+00  0.00000E+00  0.00000E+00  0.00000E+00  0.00000E+00  0.00000E+00  0.00000E+00  0.00000E+00  0.00000E+00  0.00000E+00  0.00000E+00  0.00000E+00  0.00000E+00  1.84042E+02  1.34453E+02  0.00000E+00  0.00000E+00  6.71183E+02  1.40982E+03  3.65036E+03  3.10700E+03  9.69247E+02  0.00000E+00  1.12010E+03  2.25782E+03  1.46330E+03  5.40826E+02  8.45376E+02  1.49682E+03  1.81088E+03  1.61278E+03  1.67369E+03  1.30516E+03  1.18049E+03  4.99411E+02  2.46274E+03  1.86744E+03  1.69048E+03  7.24362E+02  2.56582E+02  0.00000E+00  0.00000E+00  1.25785E+02  4.68917E+02  7.66110E+01  1.18866E+02  9.10339E+01  1.14497E+02  2.61628E+02  2.15610E+02  5.46052E+02  3.04252E+02  2.32307E+02  4.16714E+02  5.49434E+02  2.82101E+02  0.00000E+00  0.00000E+00  0.00000E+00  0.00000E+00  0.00000E+00
  0.00000E+00  0.00000E+00  0.00000E+00  0.00000E+00  0.00000E+00  0.00000E+00  0.00000E+00  0.00000E+00  0.00000E+00  0.00000E+00  0.00000E+00  0.00000E+00  0.00000E+00  0.00000E+00  0.00000E+00  0.00000E+00  0.00000E+00  0.00000E+00  0.00000E+00  0.00000E+00  0.00000E+00  0.00000E+00  0.00000E+00  0.00000E+00  0.00000E+00  3.94110E+01  1.18233E+02  0.00000E+00  0.00000E+00  2.89286E+02  1.78471E+03  1.87012E+03  3.37980E+03  3.89195E+03  0.00000E+00  8.04178E+02  3.06268E+03  3.12062E+03  1.69620E+03  8.86790E+02  1.73019E+03  7.18428E+02  4.48815E+02  1.69352E+02  2.73461E+02  2.72011E+03  1.70536E+03  7.45791E+02  1.64922E+03  9.55057E+02  2.15673E+02  0.00000E+00  0.00000E+00  3.77829E+02  1.80403E+03  4.72773E+02  4.97935E+01  9.22033E+01  3.91295E+02  1.83621E+02  4.16714E+02  2.14314E+02  2.44882E+02  4.46815E+02  4.81275E+02  4.03839E+02  5.56818E+02  3.89072E+02  4.97935E+01  0.00000E+00  0.00000E+00  0.00000E+00  0.00000E+00
  0.00000E+00  0.00000E+00  0.00000E+00  0.00000E+00  0.00000E+00  0.00000E+00  0.00000E+00  0.00000E+00  0.00000E+00  0.00000E+00  0.00000E+00  0.00000E+00  0.00000E+00  0.00000E+00  0.00000E+00  0.00000E+00  0.00000E+00  0.00000E+00  0.00000E+00  0.00000E+00  0.00000E+00  0.00000E+00  0.00000E+00  0.00000E+00  0.00000E+00  0.00000E+00  7.88220E+01  0.00000E+00  0.00000E+00  2.28502E+02  8.26388E+02  1.72133E+03  2.89057E+03  3.08825E+03  5.26690E+01  8.82732E+02  2.47921E+03  2.22427E+03  2.03342E+03  6.20021E+02  4.28096E+02  2.03085E+02  1.94420E+02  8.25031E+02  1.38213E+03  2.33276E+03  2.46303E+03  3.52535E+02  1.27217E+03  2.08815E+02  0.00000E+00  0.00000E+00  0.00000E+00  4.20839E+01  2.93658E+02  9.95870E+01  5.71772E+01  4.53633E+02  7.82477E+02  4.81142E+02  5.23635E+02  5.82092E+02  7.16380E+02  1.93421E+02  2.74717E+02  3.89072E+02  4.09330E+02  3.59537E+02  1.77023E+02  0.00000E+00  0.00000E+00  0.00000E+00  0.00000E+00
  0.00000E+00  0.00000E+00  0.00000E+00  0.00000E+00  0.00000E+00  0.00000E+00  0.00000E+00  0.00000E+00  0.00000E+00  0.00000E+00  0.00000E+00  0.00000E+00  0.00000E+00  0.00000E+00  0.00000E+00  0.00000E+00  0.00000E+00  0.00000E+00  0.00000E+00  0.00000E+00  0.00000E+00  0.00000E+00  0.00000E+00  0.00000E+00  0.00000E+00  0.00000E+00  7.88220E+01  2.36466E+02  0.00000E+00  0.00000E+00  0.00000E+00  4.90163E+02  3.34474E+03  2.86491E+03  8.56769E+02  9.97633E+02  2.90376E+03  1.74616E+03  5.37058E+02  1.66954E+02  2.22565E+02  1.13900E+02  1.14637E+03  2.15471E+03  2.13283E+03  2.68961E+03  1.57681E+03  1.36045E+02  1.73902E+02  0.00000E+00  8.38885E+02  2.09956E+02  0.00000E+00  0.00000E+00  4.24098E+01  0.00000E+00  1.11515E+02  3.96241E+02  6.22794E+02  7.02362E+02  6.21859E+02  6.48049E+02  4.69449E+02  5.52416E+02  5.21792E+02  1.62255E+02  3.31894E+02  0.00000E+00  0.00000E+00  0.00000E+00  0.00000E+00  0.00000E+00  0.00000E+00
  0.00000E+00  0.00000E+00  0.00000E+00  0.00000E+00  0.00000E+00  0.00000E+00  0.00000E+00  0.00000E+00  0.00000E+00  0.00000E+00  0.00000E+00  0.00000E+00  0.00000E+00  0.00000E+00  0.00000E+00  0.00000E+00  0.00000E+00  0.00000E+00  0.00000E+00  0.00000E+00  0.00000E+00  0.00000E+00  0.00000E+00  0.00000E+00  0.00000E+00  0.00000E+00  0.00000E+00  7.88220E+01  6.10028E+02  1.48304E+02  0.00000E+00  0.00000E+00  1.53119E+03  1.07192E+03  6.06387E+02  4.62848E+01  3.09507E+02  8.45823E+02  1.28459E+02  5.51318E+02  1.44209E+03  2.46872E+03  1.20593E+03  2.34979E+03  2.98592E+03  1.59206E+03  2.46807E+02  1.29567E+02  4.26157E+01  2.03302E+02  6.70549E+02  0.00000E+00  1.84407E+02  9.22033E+01  0.00000E+00  2.61548E+01  3.63331E+02  2.67334E+02  1.89898E+02  2.54459E+02  5.22796E+02  4.40604E+02  3.25475E+02  4.56953E+02  2.01078E+02  0.00000E+00  4.24098E+01  0.00000E+00  0.00000E+00  0.00000E+00  0.00000E+00  0.00000E+00  0.00000E+00
  0.00000E+00  0.00000E+00  0.00000E+00  0.00000E+00  0.00000E+00  0.00000E+00  0.00000E+00  0.00000E+00  0.00000E+00  0.00000E+00  0.00000E+00  0.00000E+00  0.00000E+00  0.00000E+00  0.00000E+00  0.00000E+00  0.00000E+00  0.00000E+00  0.00000E+00  0.00000E+00  0.00000E+00  0.00000E+00  0.00000E+00  0.00000E+00  0.00000E+00  0.00000E+00  0.00000E+00  3.94110E+01  6.63028E+02  9.25498E+02  0.00000E+00  0.00000E+00  0.00000E+00  0.00000E+00  0.00000E+00  2.13079E+01  2.13079E+01  2.37825E+02  4.26157E+01  6.63425E+02  5.82253E+02  2.01961E+03  2.40715E+03  1.39898E+03  7.79006E+02  0.00000E+00  0.00000E+00  2.21675E+01  0.00000E+00  0.00000E+00  0.00000E+00  2.04665E+02  3.83581E+02  0.00000E+00  0.00000E+00  1.67724E+00  2.13706E+02  3.17127E+02  2.59950E+02  2.96868E+02  3.06145E+02  5.71772E+01  4.64487E+01  7.50069E+01  3.24502E+02  2.18889E+01  0.00000E+00  0.00000E+00  1.12964E+02  0.00000E+00  0.00000E+00  0.00000E+00  0.00000E+00
  0.00000E+00  0.00000E+00  0.00000E+00  0.00000E+00  0.00000E+00  0.00000E+00  0.00000E+00  0.00000E+00  0.00000E+00  0.00000E+00  0.00000E+00  0.00000E+00  0.00000E+00  0.00000E+00  0.00000E+00  0.00000E+00  0.00000E+00  0.00000E+00  0.00000E+00  0.00000E+00  0.00000E+00  0.00000E+00  0.00000E+00  0.00000E+00  0.00000E+00  0.00000E+00  0.00000E+00  0.00000E+00  1.12629E+02  8.67224E+02  7.71407E+02  2.70273E+02  2.36466E+02  0.00000E+00  0.00000E+00  0.00000E+00  0.00000E+00  8.69508E+01  2.13079E+01  6.56429E+01  2.82160E+02  5.53690E+02  1.37813E+03  4.66494E+02  3.16726E+01  8.09512E+00  0.00000E+00  0.00000E+00  2.85071E+02  2.90916E+02  1.89898E+02  2.67334E+02  4.71999E+02  0.00000E+00  0.00000E+00  8.28354E-01  9.22033E+01  4.24098E+01  2.82101E+02  2.23218E+02  5.94501E+02  3.48679E+02  0.00000E+00  0.00000E+00  1.43241E+02  4.55176E+01  1.19846E+02  1.62255E+02  2.28455E+02  2.99818E+02  6.89803E+01  0.00000E+00  0.00000E+00
  0.00000E+00  0.00000E+00  0.00000E+00  0.00000E+00  0.00000E+00  0.00000E+00  0.00000E+00  0.00000E+00  0.00000E+00  0.00000E+00  0.00000E+00  0.00000E+00  0.00000E+00  0.00000E+00  0.00000E+00  0.00000E+00  0.00000E+00  0.00000E+00  0.00000E+00  0.00000E+00  0.00000E+00  0.00000E+00  0.00000E+00  0.00000E+00  0.00000E+00  0.00000E+00  0.00000E+00  0.00000E+00  0.00000E+00  1.52040E+02  1.97055E+02  0.00000E+00  0.00000E+00  0.00000E+00  0.00000E+00  0.00000E+00  7.88220E+01  9.58468E+02  1.54231E+02  1.30426E+02  6.47833E+01  0.00000E+00  0.00000E+00  8.09512E+00  1.98838E+01  4.16555E+00  6.47833E+01  0.00000E+00  1.08469E+02  9.01269E+00  7.38373E+00  1.97281E+02  1.12462E+02  0.00000E+00  2.38284E+01  2.13479E+02  2.40261E+02  4.14087E+02  1.17167E+02  2.82101E+02  5.46222E+02  6.47129E+02  4.97935E+01  1.22870E+02  2.34132E+02  2.35457E+01  8.13508E+01  3.17127E+02  7.19447E+01  8.73400E+01  7.38373E+00  0.00000E+00  0.00000E+00
  0.00000E+00  0.00000E+00  0.00000E+00  0.00000E+00  0.00000E+00  0.00000E+00  0.00000E+00  0.00000E+00  0.00000E+00  0.00000E+00  0.00000E+00  0.00000E+00  0.00000E+00  0.00000E+00  0.00000E+00  0.00000E+00  0.00000E+00  0.00000E+00  0.00000E+00  0.00000E+00  0.00000E+00  0.00000E+00  0.00000E+00  0.00000E+00  0.00000E+00  0.00000E+00  0.00000E+00  0.00000E+00  0.00000E+00  0.00000E+00  0.00000E+00  8.50632E+01  0.00000E+00  0.00000E+00  3.94110E+01  1.18233E+02  1.27229E+03  2.26300E+02  2.42124E+02  2.36966E+02  4.34754E+01  0.00000E+00  0.00000E+00  0.00000E+00  2.13079E+01  4.26157E+01  8.60912E+01  1.51734E+02  0.00000E+00  2.70381E+01  4.50635E+01  1.17402E+02  1.39038E+02  1.17612E+02  1.14354E+02  2.24612E+02  2.54828E+02  2.77719E+02  4.40713E+02  2.01983E+02  1.05078E+02  2.12615E+02  2.52923E+02  1.64902E+02  3.01724E+02  1.75616E+02  2.54752E+02  1.34215E+02  9.40959E+01  1.14354E+02  0.00000E+00  0.00000E+00  0.00000E+00
  0.00000E+00  0.00000E+00  0.00000E+00  0.00000E+00  0.00000E+00  0.00000E+00  0.00000E+00  0.00000E+00  0.00000E+00  0.00000E+00  0.00000E+00  0.00000E+00  0.00000E+00  0.00000E+00  0.00000E+00  0.00000E+00  0.00000E+00  0.00000E+00  0.00000E+00  0.00000E+00  0.00000E+00  0.00000E+00  0.00000E+00  0.00000E+00  0.00000E+00  0.00000E+00  0.00000E+00  0.00000E+00  0.00000E+00  0.00000E+00  0.00000E+00  2.04648E+02  8.63038E+01  1.97055E+02  3.54699E+02  3.94110E+01  4.33406E+01  3.63101E+01  1.06989E+02  1.51732E+02  1.96069E+02  1.50874E+02  0.00000E+00  1.08259E+02  1.95210E+02  1.95210E+02  2.13079E+01  0.00000E+00  0.00000E+00  9.01269E+00  0.00000E+00  9.01269E+00  9.01269E+00  2.41584E+02  8.28354E-01  2.29352E+02  2.17903E+02  5.39661E+02  1.07376E+03  6.90008E+01  0.00000E+00  0.00000E+00  0.00000E+00  1.12657E+02  6.04708E+01  1.93159E+02  3.33787E+02  2.96868E+02  4.24098E+01  0.00000E+00  0.00000E+00  0.00000E+00  0.00000E+00
  0.00000E+00  0.00000E+00  0.00000E+00  0.00000E+00  0.00000E+00  0.00000E+00  0.00000E+00  0.00000E+00  0.00000E+00  0.00000E+00  0.00000E+00  0.00000E+00  0.00000E+00  0.00000E+00  0.00000E+00  0.00000E+00  0.00000E+00  0.00000E+00  0.00000E+00  0.00000E+00  0.00000E+00  0.00000E+00  0.00000E+00  0.00000E+00  0.00000E+00  0.00000E+00  0.00000E+00  0.00000E+00  0.00000E+00  0.00000E+00  0.00000E+00  3.45215E+01  0.00000E+00  1.18233E+02  2.75877E+02  1.74905E+02  0.00000E+00  1.22607E+01  1.20247E+01  2.87873E+01  1.07397E+02  3.32548E+02  3.03468E+02  3.48663E+02  1.73042E+02  8.69508E+01  7.19903E+01  1.35384E+02  2.87447E+02  8.11142E+01  3.24191E+01  1.43937E+01  1.37466E+02  2.86988E+02  0.00000E+00  4.24098E+02  5.80056E+01  4.25759E+02  2.50986E+02  0.00000E+00  0.00000E+00  0.00000E+00  2.35668E+01  2.61093E+02  5.97246E+01  2.69356E+02  5.70207E+02  5.72337E+02  1.55498E+02  3.31894E+02  0.00000E+00  0.00000E+00  0.00000E+00
  0.00000E+00  0.00000E+00  0.00000E+00  0.00000E+00  0.00000E+00  0.00000E+00  0.00000E+00  0.00000E+00  0.00000E+00  0.00000E+00  0.00000E+00  0.00000E+00  0.00000E+00  0.00000E+00  0.00000E+00  0.00000E+00  0.00000E+00  0.00000E+00  0.00000E+00  0.00000E+00  0.00000E+00  0.00000E+00  0.00000E+00  0.00000E+00  0.00000E+00  0.00000E+00  0.00000E+00  0.00000E+00  0.00000E+00  0.00000E+00  0.00000E+00  0.00000E+00  0.00000E+00  0.00000E+00  0.00000E+00  0.00000E+00  0.00000E+00  0.00000E+00  0.00000E+00  0.00000E+00  1.00211E+02  1.43392E+02  5.09548E+01  1.32146E+02  0.00000E+00  0.00000E+00  7.74825E+01  7.89546E+01  7.35737E+01  1.39349E+02  1.79830E+02  2.85149E+01  9.01270E+01  5.95964E+01  2.48716E+02  4.47544E+02  8.05670E+02  4.67244E+02  2.18889E+01  2.18889E+01  0.00000E+00  0.00000E+00  1.65958E+02  1.70825E+02  3.22578E+02  2.98989E+02  1.61774E+02  3.20981E+02  7.74358E+01  3.81688E+02  1.84407E+02  0.00000E+00  0.00000E+00
  0.00000E+00  0.00000E+00  0.00000E+00  0.00000E+00  0.00000E+00  0.00000E+00  0.00000E+00  0.00000E+00  0.00000E+00  0.00000E+00  0.00000E+00  0.00000E+00  0.00000E+00  0.00000E+00  0.00000E+00  0.00000E+00  0.00000E+00  0.00000E+00  0.00000E+00  0.00000E+00  0.00000E+00  0.00000E+00  0.00000E+00  0.00000E+00  0.00000E+00  0.00000E+00  0.00000E+00  0.00000E+00  0.00000E+00  0.00000E+00  0.00000E+00  0.00000E+00  0.00000E+00  0.00000E+00  0.00000E+00  0.00000E+00  0.00000E+00  0.00000E+00  0.00000E+00  0.00000E+00  0.00000E+00  5.75746E+01  7.16959E+01  7.14234E+01  0.00000E+00  9.01269E+00  9.01269E+00  2.70381E+01  7.21015E+01  9.01270E+01  2.62966E+02  1.51860E+02  2.70381E+01  1.68122E+02  1.05894E+03  1.01964E+03  1.69649E+03  6.77608E+02  2.56325E+02  2.29263E+02  9.02679E+01  1.20524E+02  2.40053E+02  3.72547E+02  4.71743E+01  0.00000E+00  0.00000E+00  0.00000E+00  8.48196E+01  7.00521E+01  4.24098E+01  0.00000E+00  0.00000E+00
  0.00000E+00  0.00000E+00  0.00000E+00  0.00000E+00  0.00000E+00  0.00000E+00  0.00000E+00  0.00000E+00  0.00000E+00  0.00000E+00  0.00000E+00  0.00000E+00  0.00000E+00  0.00000E+00  0.00000E+00  0.00000E+00  0.00000E+00  0.00000E+00  0.00000E+00  0.00000E+00  0.00000E+00  0.00000E+00  0.00000E+00  0.00000E+00  0.00000E+00  0.00000E+00  0.00000E+00  0.00000E+00  0.00000E+00  0.00000E+00  0.00000E+00  0.00000E+00  0.00000E+00  0.00000E+00  0.00000E+00  0.00000E+00  0.00000E+00  0.00000E+00  0.00000E+00  0.00000E+00  0.00000E+00  1.69777E+00  0.00000E+00  1.28181E+02  1.43937E+01  0.00000E+00  0.00000E+00  8.11142E+01  8.11142E+01  6.30889E+01  7.75360E+01  4.50635E+01  1.08152E+02  9.30125E+02  1.14191E+03  8.01307E+02  8.32004E+02  1.10400E+03  6.88246E+02  4.02863E+02  9.95042E+01  1.27314E+02  4.08021E+02  2.54384E+02  0.00000E+00  2.27791E+01  2.36280E+01  0.00000E+00  0.00000E+00  0.00000E+00  0.00000E+00  0.00000E+00  0.00000E+00
  0.00000E+00  0.00000E+00  0.00000E+00  0.00000E+00  0.00000E+00  0.00000E+00  0.00000E+00  0.00000E+00  0.00000E+00  0.00000E+00  0.00000E+00  0.00000E+00  0.00000E+00  0.00000E+00  0.00000E+00  0.00000E+00  0.00000E+00  0.00000E+00  0.00000E+00  0.00000E+00  0.00000E+00  0.00000E+00  0.00000E+00  0.00000E+00  0.00000E+00  0.00000E+00  0.00000E+00  0.00000E+00  0.00000E+00  0.00000E+00  0.00000E+00  0.00000E+00  0.00000E+00  0.00000E+00  0.00000E+00  0.00000E+00  0.00000E+00  0.00000E+00  0.00000E+00  0.00000E+00  0.00000E+00  4.89330E+01  0.00000E+00  0.00000E+00  0.00000E+00  0.00000E+00  0.00000E+00  2.70381E+01  4.50635E+01  3.78055E+02  5.50215E+02  8.88641E+02  2.70381E+01  1.17124E+03  1.22555E+03  1.56362E+02  1.12864E+03  1.82636E+02  2.99484E+02  3.10212E+02  1.38373E+02  3.72625E+02  5.80382E+02  4.04536E+02  9.67306E+01  2.78738E+02  1.19510E+02  0.00000E+00  0.00000E+00  0.00000E+00  0.00000E+00  0.00000E+00  0.00000E+00
  0.00000E+00  0.00000E+00  0.00000E+00  0.00000E+00  0.00000E+00  0.00000E+00  0.00000E+00  0.00000E+00  0.00000E+00  0.00000E+00  0.00000E+00  0.00000E+00  0.00000E+00  0.00000E+00  0.00000E+00  0.00000E+00  0.00000E+00  0.00000E+00  0.00000E+00  0.00000E+00  0.00000E+00  0.00000E+00  0.00000E+00  0.00000E+00  0.00000E+00  0.00000E+00  0.00000E+00  0.00000E+00  0.00000E+00  0.00000E+00  0.00000E+00  0.00000E+00  0.00000E+00  0.00000E+00  0.00000E+00  0.00000E+00  0.00000E+00  0.00000E+00  0.00000E+00  0.00000E+00  0.00000E+00  0.00000E+00  0.00000E+00  0.00000E+00  0.00000E+00  0.00000E+00  9.01269E+00  7.21015E+01  2.65865E+02  1.48935E+03  8.47156E+02  9.71611E+02  1.26637E+02  8.83326E+02  1.52582E+03  3.84574E+02  4.23971E+02  2.27996E+01  7.41766E+01  2.52447E+01  2.20734E+02  4.67417E+02  7.41339E+02  4.33037E+02  6.78659E+02  3.92657E+02  1.37359E+02  0.00000E+00  0.00000E+00  0.00000E+00  0.00000E+00  0.00000E+00  0.00000E+00
  0.00000E+00  0.00000E+00  0.00000E+00  0.00000E+00  0.00000E+00  0.00000E+00  0.00000E+00  0.00000E+00  0.00000E+00  0.00000E+00  0.00000E+00  0.00000E+00  0.00000E+00  0.00000E+00  0.00000E+00  0.00000E+00  0.00000E+00  0.00000E+00  0.00000E+00  0.00000E+00  0.00000E+00  0.00000E+00  0.00000E+00  0.00000E+00  0.00000E+00  0.00000E+00  0.00000E+00  0.00000E+00  0.00000E+00  0.00000E+00  0.00000E+00  0.00000E+00  0.00000E+00  0.00000E+00  0.00000E+00  0.00000E+00  0.00000E+00  0.00000E+00  0.00000E+00  0.00000E+00  0.00000E+00  0.00000E+00  0.00000E+00  0.00000E+00  0.00000E+00  0.00000E+00  9.01269E+00  4.50635E+01  1.57253E+02  1.40996E+03  1.22707E+03  1.27073E+03  6.09725E+02  3.21467E+01  2.13726E+02  1.71089E+02  1.43937E+01  0.00000E+00  1.19633E+02  2.56060E+02  2.42080E+02  1.64444E+02  0.00000E+00  6.83178E+01  5.98372E+02  4.46681E+01  0.00000E+00  0.00000E+00  0.00000E+00  0.00000E+00  0.00000E+00  0.00000E+00  0.00000E+00
  0.00000E+00  0.00000E+00  0.00000E+00  0.00000E+00  0.00000E+00  0.00000E+00  0.00000E+00  0.00000E+00  0.00000E+00  0.00000E+00  0.00000E+00  0.00000E+00  0.00000E+00  0.00000E+00  0.00000E+00  0.00000E+00  0.00000E+00  0.00000E+00  0.00000E+00  0.00000E+00  0.00000E+00  0.00000E+00  0.00000E+00  0.00000E+00  0.00000E+00  0.00000E+00  0.00000E+00  0.00000E+00  0.00000E+00  0.00000E+00  0.00000E+00  0.00000E+00  0.00000E+00  0.00000E+00  0.00000E+00  0.00000E+00  0.00000E+00  0.00000E+00  0.00000E+00  0.00000E+00  0.00000E+00  0.00000E+00  0.00000E+00  0.00000E+00  3.50261E+01  1.19846E+02  1.61403E+03  1.00083E+03  5.87478E+02  7.76430E+01  7.21015E+01  1.48241E+02  9.01270E+01  1.80254E+01  1.27908E+02  2.27847E+02  1.70817E+02  7.14234E+01  1.17065E+02  3.03357E+02  1.84554E+02  0.00000E+00  0.00000E+00  0.00000E+00  1.67724E+00  1.86315E+02  0.00000E+00  0.00000E+00  0.00000E+00  0.00000E+00  0.00000E+00  0.00000E+00  0.00000E+00
  0.00000E+00  0.00000E+00  0.00000E+00  0.00000E+00  0.00000E+00  0.00000E+00  0.00000E+00  0.00000E+00  0.00000E+00  0.00000E+00  0.00000E+00  0.00000E+00  0.00000E+00  0.00000E+00  0.00000E+00  0.00000E+00  0.00000E+00  0.00000E+00  0.00000E+00  0.00000E+00  0.00000E+00  0.00000E+00  0.00000E+00  0.00000E+00  0.00000E+00  0.00000E+00  0.00000E+00  0.00000E+00  0.00000E+00  0.00000E+00  0.00000E+00  0.00000E+00  0.00000E+00  0.00000E+00  0.00000E+00  0.00000E+00  0.00000E+00  0.00000E+00  0.00000E+00  0.00000E+00  0.00000E+00  0.00000E+00  0.00000E+00  0.00000E+00  1.19846E+02  9.52493E+02  7.18005E+02  7.18337E+02  7.26285E+02  4.39066E+02  5.21129E+02  1.66158E+02  1.08152E+02  1.35190E+02  4.50635E+01  7.11511E+01  1.42030E+02  1.06647E+02  3.04145E+02  2.96772E+02  9.43060E+01  0.00000E+00  0.00000E+00  0.00000E+00  8.48886E-01  4.81260E+01  0.00000E+00  0.00000E+00  0.00000E+00  0.00000E+00  0.00000E+00  0.00000E+00  0.00000E+00
  0.00000E+00  0.00000E+00  0.00000E+00  0.00000E+00  0.00000E+00  0.00000E+00  0.00000E+00  0.00000E+00  0.00000E+00  0.00000E+00  0.00000E+00  0.00000E+00  0.00000E+00  0.00000E+00  0.00000E+00  0.00000E+00  0.00000E+00  0.00000E+00  0.00000E+00  0.00000E+00  0.00000E+00  0.00000E+00  0.00000E+00  0.00000E+00  0.00000E+00  0.00000E+00  0.00000E+00  0.00000E+00  0.00000E+00  0.00000E+00  0.00000E+00  0.00000E+00  0.00000E+00  0.00000E+00  0.00000E+00  0.00000E+00  0.00000E+00  0.00000E+00  0.00000E+00  0.00000E+00  0.00000E+00  0.00000E+00  0.00000E+00  0.00000E+00  7.38373E+00  9.99192E+01  0.00000E+00  0.00000E+00  1.67788E+00  4.00134E+02  5.02263E+02  5.96176E+01  2.70381E+01  1.17165E+02  9.01270E+01  4.50635E+01  0.00000E+00  3.48027E+02  3.10707E+02  3.39321E+02  5.20606E+01  0.00000E+00  0.00000E+00  0.00000E+00  0.00000E+00  0.00000E+00  0.00000E+00  0.00000E+00  0.00000E+00  0.00000E+00  0.00000E+00  0.00000E+00  0.00000E+00
  0.00000E+00  0.00000E+00  0.00000E+00  0.00000E+00  0.00000E+00  0.00000E+00  0.00000E+00  0.00000E+00  0.00000E+00  0.00000E+00  0.00000E+00  0.00000E+00  0.00000E+00  0.00000E+00  0.00000E+00  0.00000E+00  0.00000E+00  0.00000E+00  0.00000E+00  0.00000E+00  0.00000E+00  0.00000E+00  0.00000E+00  0.00000E+00  0.00000E+00  0.00000E+00  0.00000E+00  0.00000E+00  0.00000E+00  0.00000E+00  0.00000E+00  0.00000E+00  0.00000E+00  0.00000E+00  0.00000E+00  0.00000E+00  0.00000E+00  0.00000E+00  0.00000E+00  0.00000E+00  0.00000E+00  0.00000E+00  0.00000E+00  0.00000E+00  0.00000E+00  0.00000E+00  8.03489E+02  0.00000E+00  0.00000E+00  4.54346E+01  6.82137E+01  1.80254E+01  1.80254E+01  9.91396E+01  6.30889E+01  2.70381E+01  4.50635E+01  1.54654E+02  1.42302E+02  8.47275E+01  0.00000E+00  0.00000E+00  0.00000E+00  0.00000E+00  0.00000E+00  0.00000E+00  0.00000E+00  0.00000E+00  0.00000E+00  0.00000E+00  0.00000E+00  0.00000E+00  0.00000E+00
  0.00000E+00  0.00000E+00  0.00000E+00  0.00000E+00  0.00000E+00  0.00000E+00  0.00000E+00  0.00000E+00  0.00000E+00  0.00000E+00  0.00000E+00  0.00000E+00  0.00000E+00  0.00000E+00  0.00000E+00  0.00000E+00  0.00000E+00  0.00000E+00  0.00000E+00  0.00000E+00  0.00000E+00  0.00000E+00  0.00000E+00  0.00000E+00  0.00000E+00  0.00000E+00  0.00000E+00  0.00000E+00  0.00000E+00  0.00000E+00  0.00000E+00  0.00000E+00  0.00000E+00  0.00000E+00  0.00000E+00  0.00000E+00  0.00000E+00  0.00000E+00  0.00000E+00  0.00000E+00  0.00000E+00  0.00000E+00  0.00000E+00  0.00000E+00  0.00000E+00  0.00000E+00  0.00000E+00  0.00000E+00  0.00000E+00  0.00000E+00  0.00000E+00  2.35456E+01  1.39700E+02  4.75908E+01  9.91396E+01  5.40762E+01  5.40762E+01  2.03236E+02  5.70298E+01  0.00000E+00  0.00000E+00  0.00000E+00  0.00000E+00  0.00000E+00  0.00000E+00  0.00000E+00  0.00000E+00  0.00000E+00  0.00000E+00  0.00000E+00  0.00000E+00  0.00000E+00  0.00000E+00
  0.00000E+00  0.00000E+00  0.00000E+00  0.00000E+00  0.00000E+00  0.00000E+00  0.00000E+00  0.00000E+00  0.00000E+00  0.00000E+00  0.00000E+00  0.00000E+00  0.00000E+00  0.00000E+00  0.00000E+00  0.00000E+00  0.00000E+00  0.00000E+00  0.00000E+00  0.00000E+00  0.00000E+00  0.00000E+00  0.00000E+00  0.00000E+00  0.00000E+00  0.00000E+00  0.00000E+00  0.00000E+00  0.00000E+00  0.00000E+00  0.00000E+00  0.00000E+00  0.00000E+00  0.00000E+00  0.00000E+00  0.00000E+00  0.00000E+00  0.00000E+00  0.00000E+00  0.00000E+00  0.00000E+00  0.00000E+00  0.00000E+00  0.00000E+00  0.00000E+00  0.00000E+00  0.00000E+00  0.00000E+00  0.00000E+00  0.00000E+00  0.00000E+00  3.41917E+02  2.39001E+02  1.00817E+02  9.01270E+01  3.60508E+01  9.01270E+01  2.65121E+02  1.32085E+02  0.00000E+00  0.00000E+00  0.00000E+00  0.00000E+00  0.00000E+00  0.00000E+00  0.00000E+00  0.00000E+00  0.00000E+00  0.00000E+00  0.00000E+00  0.00000E+00  0.00000E+00  0.00000E+00
  0.00000E+00  0.00000E+00  0.00000E+00  0.00000E+00  0.00000E+00  0.00000E+00  0.00000E+00  0.00000E+00  0.00000E+00  0.00000E+00  0.00000E+00  0.00000E+00  0.00000E+00  0.00000E+00  0.00000E+00  0.00000E+00  0.00000E+00  0.00000E+00  0.00000E+00  0.00000E+00  0.00000E+00  0.00000E+00  0.00000E+00  0.00000E+00  0.00000E+00  0.00000E+00  0.00000E+00  0.00000E+00  0.00000E+00  0.00000E+00  0.00000E+00  0.00000E+00  0.00000E+00  0.00000E+00  0.00000E+00  0.00000E+00  0.00000E+00  0.00000E+00  0.00000E+00  0.00000E+00  0.00000E+00  0.00000E+00  0.00000E+00  0.00000E+00  0.00000E+00  0.00000E+00  0.00000E+00  0.00000E+00  0.00000E+00  0.00000E+00  4.95969E+01  2.52745E+02  6.77213E+02  2.48205E+02  1.16487E+02  9.30806E+01  3.60508E+01  6.03892E+01  4.26362E+01  0.00000E+00  0.00000E+00  0.00000E+00  0.00000E+00  0.00000E+00  0.00000E+00  0.00000E+00  0.00000E+00  0.00000E+00  0.00000E+00  0.00000E+00  0.00000E+00  0.00000E+00  0.00000E+00
  0.00000E+00  0.00000E+00  0.00000E+00  0.00000E+00  0.00000E+00  0.00000E+00  0.00000E+00  0.00000E+00  0.00000E+00  0.00000E+00  0.00000E+00  0.00000E+00  0.00000E+00  0.00000E+00  0.00000E+00  0.00000E+00  0.00000E+00  0.00000E+00  0.00000E+00  0.00000E+00  0.00000E+00  0.00000E+00  0.00000E+00  0.00000E+00  0.00000E+00  0.00000E+00  0.00000E+00  0.00000E+00  0.00000E+00  0.00000E+00  0.00000E+00  0.00000E+00  0.00000E+00  0.00000E+00  0.00000E+00  0.00000E+00  0.00000E+00  0.00000E+00  0.00000E+00  0.00000E+00  0.00000E+00  0.00000E+00  0.00000E+00  0.00000E+00  0.00000E+00  0.00000E+00  0.00000E+00  0.00000E+00  8.51518E+01  0.00000E+00  9.11703E+02  1.74809E+03  5.95206E+02  1.36921E+02  1.36649E+02  9.91212E+01  3.60508E+01  1.80254E+01  0.00000E+00  0.00000E+00  0.00000E+00  0.00000E+00  0.00000E+00  0.00000E+00  0.00000E+00  0.00000E+00  0.00000E+00  0.00000E+00  0.00000E+00  0.00000E+00  0.00000E+00  0.00000E+00  0.00000E+00
  0.00000E+00  0.00000E+00  0.00000E+00  0.00000E+00  0.00000E+00  0.00000E+00  0.00000E+00  0.00000E+00  0.00000E+00  0.00000E+00  0.00000E+00  0.00000E+00  0.00000E+00  0.00000E+00  0.00000E+00  0.00000E+00  0.00000E+00  0.00000E+00  0.00000E+00  0.00000E+00  0.00000E+00  0.00000E+00  0.00000E+00  0.00000E+00  0.00000E+00  0.00000E+00  0.00000E+00  0.00000E+00  0.00000E+00  0.00000E+00  0.00000E+00  0.00000E+00  0.00000E+00  0.00000E+00  0.00000E+00  0.00000E+00  0.00000E+00  0.00000E+00  0.00000E+00  0.00000E+00  0.00000E+00  0.00000E+00  0.00000E+00  0.00000E+00  0.00000E+00  0.00000E+00  0.00000E+00  4.14852E+01  7.99126E+02  7.55459E+02  1.47380E+03  5.87337E+02  0.00000E+00  8.55447E+01  2.85149E+01  8.52723E+01  2.85149E+01  0.00000E+00  0.00000E+00  0.00000E+00  0.00000E+00  0.00000E+00  0.00000E+00  0.00000E+00  0.00000E+00  0.00000E+00  0.00000E+00  0.00000E+00  0.00000E+00  0.00000E+00  0.00000E+00  0.00000E+00  0.00000E+00
  0.00000E+00  0.00000E+00  0.00000E+00  0.00000E+00  0.00000E+00  0.00000E+00  0.00000E+00  0.00000E+00  0.00000E+00  0.00000E+00  0.00000E+00  0.00000E+00  0.00000E+00  0.00000E+00  0.00000E+00  0.00000E+00  0.00000E+00  0.00000E+00  0.00000E+00  0.00000E+00  0.00000E+00  0.00000E+00  0.00000E+00  0.00000E+00  0.00000E+00  0.00000E+00  0.00000E+00  0.00000E+00  0.00000E+00  0.00000E+00  0.00000E+00  0.00000E+00  0.00000E+00  0.00000E+00  0.00000E+00  0.00000E+00  0.00000E+00  0.00000E+00  0.00000E+00  0.00000E+00  0.00000E+00  0.00000E+00  0.00000E+00  0.00000E+00  0.00000E+00  0.00000E+00  0.00000E+00  2.53274E+02  1.01310E+03  1.43667E+03  1.77292E+03  6.28822E+02  1.12092E+02  7.33060E+01  1.29270E+02  0.00000E+00  0.00000E+00  0.00000E+00  0.00000E+00  0.00000E+00  0.00000E+00  0.00000E+00  0.00000E+00  0.00000E+00  0.00000E+00  0.00000E+00  0.00000E+00  0.00000E+00  0.00000E+00  0.00000E+00  0.00000E+00  0.00000E+00  0.00000E+00
  0.00000E+00  0.00000E+00  0.00000E+00  0.00000E+00  0.00000E+00  0.00000E+00  0.00000E+00  0.00000E+00  0.00000E+00  0.00000E+00  0.00000E+00  0.00000E+00  0.00000E+00  0.00000E+00  0.00000E+00  0.00000E+00  0.00000E+00  0.00000E+00  0.00000E+00  0.00000E+00  0.00000E+00  0.00000E+00  0.00000E+00  0.00000E+00  0.00000E+00  0.00000E+00  0.00000E+00  0.00000E+00  0.00000E+00  0.00000E+00  0.00000E+00  0.00000E+00  0.00000E+00  0.00000E+00  0.00000E+00  0.00000E+00  0.00000E+00  0.00000E+00  0.00000E+00  0.00000E+00  0.00000E+00  0.00000E+00  0.00000E+00  0.00000E+00  0.00000E+00  0.00000E+00  0.00000E+00  0.00000E+00  8.44974E+02  1.26855E+03  8.84278E+02  1.15167E+03  2.25910E+02  1.51860E+02  9.96659E+01  0.00000E+00  0.00000E+00  0.00000E+00  0.00000E+00  0.00000E+00  0.00000E+00  0.00000E+00  0.00000E+00  0.00000E+00  0.00000E+00  0.00000E+00  0.00000E+00  0.00000E+00  0.00000E+00  0.00000E+00  0.00000E+00  0.00000E+00  0.00000E+00
  0.00000E+00  0.00000E+00  0.00000E+00  0.00000E+00  0.00000E+00  0.00000E+00  0.00000E+00  0.00000E+00  0.00000E+00  0.00000E+00  0.00000E+00  0.00000E+00  0.00000E+00  0.00000E+00  0.00000E+00  0.00000E+00  0.00000E+00  0.00000E+00  0.00000E+00  0.00000E+00  0.00000E+00  0.00000E+00  0.00000E+00  0.00000E+00  0.00000E+00  0.00000E+00  0.00000E+00  0.00000E+00  0.00000E+00  0.00000E+00  0.00000E+00  0.00000E+00  0.00000E+00  0.00000E+00  0.00000E+00  0.00000E+00  0.00000E+00  0.00000E+00  0.00000E+00  0.00000E+00  0.00000E+00  0.00000E+00  0.00000E+00  0.00000E+00  0.00000E+00  0.00000E+00  0.00000E+00  0.00000E+00  1.09825E+03  1.60261E+03  1.09170E+03  9.39884E+02  7.08787E+01  4.65403E+01  0.00000E+00  0.00000E+00  0.00000E+00  0.00000E+00  0.00000E+00  0.00000E+00  0.00000E+00  0.00000E+00  0.00000E+00  0.00000E+00  0.00000E+00  0.00000E+00  0.00000E+00  0.00000E+00  0.00000E+00  0.00000E+00  0.00000E+00  0.00000E+00  0.00000E+00
  0.00000E+00  0.00000E+00  0.00000E+00  0.00000E+00  0.00000E+00  0.00000E+00  0.00000E+00  0.00000E+00  0.00000E+00  0.00000E+00  0.00000E+00  0.00000E+00  0.00000E+00  0.00000E+00  0.00000E+00  0.00000E+00  0.00000E+00  0.00000E+00  0.00000E+00  0.00000E+00  0.00000E+00  0.00000E+00  0.00000E+00  0.00000E+00  0.00000E+00  0.00000E+00  0.00000E+00  0.00000E+00  0.00000E+00  0.00000E+00  0.00000E+00  0.00000E+00  0.00000E+00  0.00000E+00  0.00000E+00  0.00000E+00  0.00000E+00  0.00000E+00  0.00000E+00  0.00000E+00  0.00000E+00  0.00000E+00  0.00000E+00  0.00000E+00  0.00000E+00  0.00000E+00  0.00000E+00  0.00000E+00  6.31004E+02  1.72925E+03  1.47598E+03  8.29705E+01  6.48381E+01  3.75276E+01  0.00000E+00  9.01269E+00  0.00000E+00  9.01269E+00  0.00000E+00  0.00000E+00  0.00000E+00  0.00000E+00  0.00000E+00  0.00000E+00  0.00000E+00  0.00000E+00  0.00000E+00  0.00000E+00  0.00000E+00  0.00000E+00  0.00000E+00  0.00000E+00  0.00000E+00
  0.00000E+00  0.00000E+00  0.00000E+00  0.00000E+00  0.00000E+00  0.00000E+00  0.00000E+00  0.00000E+00  0.00000E+00  0.00000E+00  0.00000E+00  0.00000E+00  0.00000E+00  0.00000E+00  0.00000E+00  0.00000E+00  0.00000E+00  0.00000E+00  0.00000E+00  0.00000E+00  0.00000E+00  0.00000E+00  0.00000E+00  0.00000E+00  0.00000E+00  0.00000E+00  0.00000E+00  0.00000E+00  0.00000E+00  0.00000E+00  0.00000E+00  0.00000E+00  0.00000E+00  0.00000E+00  0.00000E+00  0.00000E+00  0.00000E+00  0.00000E+00  0.00000E+00  0.00000E+00  0.00000E+00  0.00000E+00  0.00000E+00  0.00000E+00  0.00000E+00  0.00000E+00  0.00000E+00  0.00000E+00  4.14852E+01  1.64628E+03  1.39083E+03  0.00000E+00  1.41213E+01  9.01269E+00  9.01269E+00  4.50635E+01  9.91396E+01  4.50635E+01  0.00000E+00  0.00000E+00  0.00000E+00  0.00000E+00  0.00000E+00  0.00000E+00  0.00000E+00  0.00000E+00  0.00000E+00  0.00000E+00  0.00000E+00  0.00000E+00  0.00000E+00  0.00000E+00  0.00000E+00
  0.00000E+00  0.00000E+00  0.00000E+00  0.00000E+00  0.00000E+00  0.00000E+00  0.00000E+00  0.00000E+00  0.00000E+00  0.00000E+00  0.00000E+00  0.00000E+00  0.00000E+00  0.00000E+00  0.00000E+00  0.00000E+00  0.00000E+00  0.00000E+00  0.00000E+00  0.00000E+00  0.00000E+00  0.00000E+00  0.00000E+00  0.00000E+00  0.00000E+00  0.00000E+00  0.00000E+00  0.00000E+00  0.00000E+00  0.00000E+00  0.00000E+00  0.00000E+00  0.00000E+00  0.00000E+00  0.00000E+00  0.00000E+00  0.00000E+00  0.00000E+00  0.00000E+00  0.00000E+00  0.00000E+00  0.00000E+00  0.00000E+00  0.00000E+00  0.00000E+00  0.00000E+00  0.00000E+00  0.00000E+00  0.00000E+00  3.38426E+02  3.38426E+02  0.00000E+00  0.00000E+00  0.00000E+00  5.40762E+01  1.80254E+01  8.11142E+01  9.01269E+00  0.00000E+00  0.00000E+00  0.00000E+00  0.00000E+00  0.00000E+00  0.00000E+00  0.00000E+00  0.00000E+00  0.00000E+00  0.00000E+00  0.00000E+00  0.00000E+00  0.00000E+00  0.00000E+00  0.00000E+00
  0.00000E+00  0.00000E+00  0.00000E+00  0.00000E+00  0.00000E+00  0.00000E+00  0.00000E+00  0.00000E+00  0.00000E+00  0.00000E+00  0.00000E+00  0.00000E+00  0.00000E+00  0.00000E+00  0.00000E+00  0.00000E+00  0.00000E+00  0.00000E+00  0.00000E+00  0.00000E+00  0.00000E+00  0.00000E+00  0.00000E+00  0.00000E+00  0.00000E+00  0.00000E+00  0.00000E+00  0.00000E+00  0.00000E+00  0.00000E+00  0.00000E+00  0.00000E+00  0.00000E+00  0.00000E+00  0.00000E+00  0.00000E+00  0.00000E+00  0.00000E+00  0.00000E+00  0.00000E+00  0.00000E+00  0.00000E+00  0.00000E+00  0.00000E+00  0.00000E+00  0.00000E+00  0.00000E+00  0.00000E+00  0.00000E+00  0.00000E+00  0.00000E+00  2.85149E+01  0.00000E+00  0.00000E+00  2.70381E+01  8.11142E+01  2.70381E+01  1.80254E+01  0.00000E+00  0.00000E+00  0.00000E+00  0.00000E+00  0.00000E+00  0.00000E+00  0.00000E+00  0.00000E+00  0.00000E+00  0.00000E+00  0.00000E+00  0.00000E+00  0.00000E+00  0.00000E+00  0.00000E+00
  0.00000E+00  0.00000E+00  0.00000E+00  0.00000E+00  0.00000E+00  0.00000E+00  0.00000E+00  0.00000E+00  0.00000E+00  0.00000E+00  0.00000E+00  0.00000E+00  0.00000E+00  0.00000E+00  0.00000E+00  0.00000E+00  0.00000E+00  0.00000E+00  0.00000E+00  0.00000E+00  0.00000E+00  0.00000E+00  0.00000E+00  0.00000E+00  0.00000E+00  0.00000E+00  0.00000E+00  0.00000E+00  0.00000E+00  0.00000E+00  0.00000E+00  0.00000E+00  0.00000E+00  0.00000E+00  0.00000E+00  0.00000E+00  0.00000E+00  0.00000E+00  0.00000E+00  0.00000E+00  0.00000E+00  0.00000E+00  0.00000E+00  0.00000E+00  0.00000E+00  0.00000E+00  0.00000E+00  0.00000E+00  0.00000E+00  0.00000E+00  1.41213E+01  1.13515E+02  0.00000E+00  0.00000E+00  3.60508E+01  9.91396E+01  7.21015E+01  5.40762E+01  3.60508E+01  9.01270E+01  0.00000E+00  0.00000E+00  0.00000E+00  0.00000E+00  0.00000E+00  0.00000E+00  0.00000E+00  0.00000E+00  0.00000E+00  0.00000E+00  0.00000E+00  0.00000E+00  0.00000E+00
  0.00000E+00  0.00000E+00  0.00000E+00  0.00000E+00  0.00000E+00  0.00000E+00  0.00000E+00  0.00000E+00  0.00000E+00  0.00000E+00  0.00000E+00  0.00000E+00  0.00000E+00  0.00000E+00  0.00000E+00  0.00000E+00  0.00000E+00  0.00000E+00  0.00000E+00  0.00000E+00  0.00000E+00  0.00000E+00  0.00000E+00  0.00000E+00  0.00000E+00  0.00000E+00  0.00000E+00  0.00000E+00  0.00000E+00  0.00000E+00  0.00000E+00  0.00000E+00  0.00000E+00  0.00000E+00  0.00000E+00  0.00000E+00  0.00000E+00  0.00000E+00  0.00000E+00  0.00000E+00  0.00000E+00  0.00000E+00  0.00000E+00  0.00000E+00  0.00000E+00  0.00000E+00  0.00000E+00  0.00000E+00  0.00000E+00  0.00000E+00  4.26362E+01  8.58171E+01  0.00000E+00  0.00000E+00  9.01269E+00  8.11142E+01  5.40762E+01  0.00000E+00  1.54287E+02  9.91396E+01  0.00000E+00  0.00000E+00  0.00000E+00  0.00000E+00  0.00000E+00  0.00000E+00  0.00000E+00  0.00000E+00  0.00000E+00  0.00000E+00  0.00000E+00  0.00000E+00  0.00000E+00
  0.00000E+00  0.00000E+00  0.00000E+00  0.00000E+00  0.00000E+00  0.00000E+00  0.00000E+00  0.00000E+00  0.00000E+00  0.00000E+00  0.00000E+00  0.00000E+00  0.00000E+00  0.00000E+00  0.00000E+00  0.00000E+00  0.00000E+00  0.00000E+00  0.00000E+00  0.00000E+00  0.00000E+00  0.00000E+00  0.00000E+00  0.00000E+00  0.00000E+00  0.00000E+00  0.00000E+00  0.00000E+00  0.00000E+00  0.00000E+00  0.00000E+00  0.00000E+00  0.00000E+00  0.00000E+00  0.00000E+00  0.00000E+00  0.00000E+00  0.00000E+00  0.00000E+00  0.00000E+00  0.00000E+00  0.00000E+00  0.00000E+00  0.00000E+00  0.00000E+00  0.00000E+00  0.00000E+00  0.00000E+00  0.00000E+00  0.00000E+00  2.85149E+01  2.36315E+02  9.48298E+01  0.00000E+00  0.00000E+00  9.01269E+00  2.70381E+01  7.08787E+01  8.43403E+01  6.30889E+01  3.60508E+01  2.70381E+01  0.00000E+00  0.00000E+00  0.00000E+00  0.00000E+00  0.00000E+00  0.00000E+00  0.00000E+00  0.00000E+00  0.00000E+00  0.00000E+00  0.00000E+00
  0.00000E+00  0.00000E+00  0.00000E+00  0.00000E+00  0.00000E+00  0.00000E+00  0.00000E+00  0.00000E+00  0.00000E+00  0.00000E+00  0.00000E+00  0.00000E+00  0.00000E+00  0.00000E+00  0.00000E+00  0.00000E+00  0.00000E+00  0.00000E+00  0.00000E+00  0.00000E+00  0.00000E+00  0.00000E+00  0.00000E+00  0.00000E+00  0.00000E+00  0.00000E+00  0.00000E+00  0.00000E+00  0.00000E+00  0.00000E+00  0.00000E+00  0.00000E+00  0.00000E+00  0.00000E+00  0.00000E+00  0.00000E+00  0.00000E+00  0.00000E+00  0.00000E+00  0.00000E+00  0.00000E+00  0.00000E+00  0.00000E+00  0.00000E+00  0.00000E+00  0.00000E+00  0.00000E+00  0.00000E+00  0.00000E+00  0.00000E+00  2.31339E+01  2.31339E+01  7.21015E+01  0.00000E+00  0.00000E+00  2.70381E+01  9.01269E+00  8.94489E+01  6.30889E+01  7.21015E+01  8.11142E+01  7.21015E+01  9.01269E+00  0.00000E+00  0.00000E+00  0.00000E+00  0.00000E+00  0.00000E+00  0.00000E+00  0.00000E+00  0.00000E+00  0.00000E+00  0.00000E+00
  0.00000E+00  0.00000E+00  0.00000E+00  0.00000E+00  0.00000E+00  0.00000E+00  0.00000E+00  0.00000E+00  0.00000E+00  0.00000E+00  0.00000E+00  0.00000E+00  0.00000E+00  0.00000E+00  0.00000E+00  0.00000E+00  0.00000E+00  0.00000E+00  0.00000E+00  0.00000E+00  0.00000E+00  0.00000E+00  0.00000E+00  0.00000E+00  0.00000E+00  0.00000E+00  0.00000E+00  0.00000E+00  0.00000E+00  0.00000E+00  0.00000E+00  0.00000E+00  0.00000E+00  0.00000E+00  0.00000E+00  0.00000E+00  0.00000E+00  0.00000E+00  0.00000E+00  0.00000E+00  0.00000E+00  0.00000E+00  0.00000E+00  0.00000E+00  0.00000E+00  0.00000E+00  0.00000E+00  0.00000E+00  0.00000E+00  0.00000E+00  2.70381E+01  3.60508E+01  1.35190E+02  2.70381E+01  0.00000E+00  0.00000E+00  0.00000E+00  4.50635E+01  9.91396E+01  8.11142E+01  6.30889E+01  9.01269E+00  0.00000E+00  0.00000E+00  0.00000E+00  0.00000E+00  0.00000E+00  0.00000E+00  0.00000E+00  0.00000E+00  0.00000E+00  0.00000E+00  0.00000E+00
  0.00000E+00  0.00000E+00  0.00000E+00  0.00000E+00  0.00000E+00  0.00000E+00  0.00000E+00  0.00000E+00  0.00000E+00  0.00000E+00  0.00000E+00  0.00000E+00  0.00000E+00  0.00000E+00  0.00000E+00  0.00000E+00  0.00000E+00  0.00000E+00  0.00000E+00  0.00000E+00  0.00000E+00  0.00000E+00  0.00000E+00  0.00000E+00  0.00000E+00  0.00000E+00  0.00000E+00  0.00000E+00  0.00000E+00  0.00000E+00  0.00000E+00  0.00000E+00  0.00000E+00  0.00000E+00  0.00000E+00  0.00000E+00  0.00000E+00  0.00000E+00  0.00000E+00  0.00000E+00  0.00000E+00  0.00000E+00  0.00000E+00  0.00000E+00  0.00000E+00  0.00000E+00  0.00000E+00  0.00000E+00  0.00000E+00  0.00000E+00  3.60508E+01  5.40762E+01  1.80254E+01  7.21015E+01  9.01269E+00  0.00000E+00  2.70381E+01  2.70381E+01  3.60508E+01  9.01270E+01  1.80254E+01  0.00000E+00  0.00000E+00  0.00000E+00  0.00000E+00  0.00000E+00  0.00000E+00  0.00000E+00  0.00000E+00  0.00000E+00  0.00000E+00  0.00000E+00  0.00000E+00
  0.00000E+00  0.00000E+00  0.00000E+00  0.00000E+00  0.00000E+00  0.00000E+00  0.00000E+00  0.00000E+00  0.00000E+00  0.00000E+00  0.00000E+00  0.00000E+00  0.00000E+00  0.00000E+00  0.00000E+00  0.00000E+00  0.00000E+00  0.00000E+00  0.00000E+00  0.00000E+00  0.00000E+00  0.00000E+00  0.00000E+00  0.00000E+00  0.00000E+00  0.00000E+00  0.00000E+00  0.00000E+00  0.00000E+00  0.00000E+00  0.00000E+00  0.00000E+00  0.00000E+00  0.00000E+00  0.00000E+00  0.00000E+00  0.00000E+00  0.00000E+00  0.00000E+00  0.00000E+00  0.00000E+00  0.00000E+00  0.00000E+00  0.00000E+00  0.00000E+00  0.00000E+00  0.00000E+00  0.00000E+00  0.00000E+00  0.00000E+00  0.00000E+00  2.70381E+01  5.40762E+01  6.30889E+01  1.80254E+01  0.00000E+00  3.60508E+01  2.70381E+01  5.40762E+01  7.21015E+01  1.80254E+01  0.00000E+00  0.00000E+00  0.00000E+00  0.00000E+00  0.00000E+00  0.00000E+00  0.00000E+00  0.00000E+00  0.00000E+00  0.00000E+00  0.00000E+00  0.00000E+00
  0.00000E+00  0.00000E+00  0.00000E+00  0.00000E+00  0.00000E+00  0.00000E+00  0.00000E+00  0.00000E+00  0.00000E+00  0.00000E+00  0.00000E+00  0.00000E+00  0.00000E+00  0.00000E+00  0.00000E+00  0.00000E+00  0.00000E+00  0.00000E+00  0.00000E+00  0.00000E+00  0.00000E+00  0.00000E+00  0.00000E+00  0.00000E+00  0.00000E+00  0.00000E+00  0.00000E+00  0.00000E+00  0.00000E+00  0.00000E+00  0.00000E+00  0.00000E+00  0.00000E+00  0.00000E+00  0.00000E+00  0.00000E+00  0.00000E+00  0.00000E+00  0.00000E+00  0.00000E+00  0.00000E+00  0.00000E+00  0.00000E+00  0.00000E+00  0.00000E+00  0.00000E+00  0.00000E+00  0.00000E+00  0.00000E+00  0.00000E+00  0.00000E+00  0.00000E+00  0.00000E+00  0.00000E+00  0.00000E+00  0.00000E+00  9.01270E+01  1.08152E+02  7.21015E+01  4.50635E+01  9.01269E+00  0.00000E+00  0.00000E+00  0.00000E+00  0.00000E+00  0.00000E+00  0.00000E+00  0.00000E+00  0.00000E+00  0.00000E+00  0.00000E+00  0.00000E+00  0.00000E+00
  0.00000E+00  0.00000E+00  0.00000E+00  0.00000E+00  0.00000E+00  0.00000E+00  0.00000E+00  0.00000E+00  0.00000E+00  0.00000E+00  0.00000E+00  0.00000E+00  0.00000E+00  0.00000E+00  0.00000E+00  0.00000E+00  0.00000E+00  0.00000E+00  0.00000E+00  0.00000E+00  0.00000E+00  0.00000E+00  0.00000E+00  0.00000E+00  0.00000E+00  0.00000E+00  0.00000E+00  0.00000E+00  0.00000E+00  0.00000E+00  0.00000E+00  0.00000E+00  0.00000E+00  0.00000E+00  0.00000E+00  0.00000E+00  0.00000E+00  0.00000E+00  0.00000E+00  0.00000E+00  0.00000E+00  0.00000E+00  0.00000E+00  0.00000E+00  0.00000E+00  0.00000E+00  0.00000E+00  0.00000E+00  0.00000E+00  0.00000E+00  0.00000E+00  0.00000E+00  4.23638E+01  0.00000E+00  0.00000E+00  0.00000E+00  8.11142E+01  6.30889E+01  9.01270E+01  1.80254E+01  0.00000E+00  0.00000E+00  0.00000E+00  0.00000E+00  0.00000E+00  0.00000E+00  0.00000E+00  0.00000E+00  0.00000E+00  0.00000E+00  0.00000E+00  0.00000E+00  0.00000E+00
  0.00000E+00  0.00000E+00  0.00000E+00  0.00000E+00  0.00000E+00  0.00000E+00  0.00000E+00  0.00000E+00  0.00000E+00  0.00000E+00  0.00000E+00  0.00000E+00  0.00000E+00  0.00000E+00  0.00000E+00  0.00000E+00  0.00000E+00  0.00000E+00  0.00000E+00  0.00000E+00  0.00000E+00  0.00000E+00  0.00000E+00  0.00000E+00  0.00000E+00  0.00000E+00  0.00000E+00  0.00000E+00  0.00000E+00  0.00000E+00  0.00000E+00  0.00000E+00  0.00000E+00  0.00000E+00  0.00000E+00  0.00000E+00  0.00000E+00  0.00000E+00  0.00000E+00  0.00000E+00  0.00000E+00  0.00000E+00  0.00000E+00  0.00000E+00  0.00000E+00  0.00000E+00  0.00000E+00  0.00000E+00  0.00000E+00  0.00000E+00  0.00000E+00  1.15149E+02  7.19682E+01  0.00000E+00  0.00000E+00  0.00000E+00  9.01270E+01  4.50635E+01  8.11142E+01  0.00000E+00  0.00000E+00  0.00000E+00  0.00000E+00  0.00000E+00  0.00000E+00  0.00000E+00  0.00000E+00  0.00000E+00  0.00000E+00  0.00000E+00  0.00000E+00  0.00000E+00  0.00000E+00
  0.00000E+00  0.00000E+00  0.00000E+00  0.00000E+00  0.00000E+00  0.00000E+00  0.00000E+00  0.00000E+00  0.00000E+00  0.00000E+00  0.00000E+00  0.00000E+00  0.00000E+00  0.00000E+00  0.00000E+00  0.00000E+00  0.00000E+00  0.00000E+00  0.00000E+00  0.00000E+00  0.00000E+00  0.00000E+00  0.00000E+00  0.00000E+00  0.00000E+00  0.00000E+00  0.00000E+00  0.00000E+00  0.00000E+00  0.00000E+00  0.00000E+00  0.00000E+00  0.00000E+00  0.00000E+00  0.00000E+00  0.00000E+00  0.00000E+00  0.00000E+00  0.00000E+00  0.00000E+00  0.00000E+00  0.00000E+00  0.00000E+00  0.00000E+00  0.00000E+00  0.00000E+00  0.00000E+00  0.00000E+00  0.00000E+00  0.00000E+00  0.00000E+00  1.00483E+02  1.14604E+02  1.42302E+02  0.00000E+00  0.00000E+00  1.80254E+01  9.01270E+01  9.01270E+01  0.00000E+00  0.00000E+00  0.00000E+00  0.00000E+00  0.00000E+00  0.00000E+00  0.00000E+00  0.00000E+00  0.00000E+00  0.00000E+00  0.00000E+00  0.00000E+00  0.00000E+00  0.00000E+00
  0.00000E+00  0.00000E+00  0.00000E+00  0.00000E+00  0.00000E+00  0.00000E+00  0.00000E+00  0.00000E+00  0.00000E+00  0.00000E+00  0.00000E+00  0.00000E+00  0.00000E+00  0.00000E+00  0.00000E+00  0.00000E+00  0.00000E+00  0.00000E+00  0.00000E+00  0.00000E+00  0.00000E+00  0.00000E+00  0.00000E+00  0.00000E+00  0.00000E+00  0.00000E+00  0.00000E+00  0.00000E+00  0.00000E+00  0.00000E+00  0.00000E+00  0.00000E+00  0.00000E+00  0.00000E+00  0.00000E+00  0.00000E+00  0.00000E+00  0.00000E+00  0.00000E+00  0.00000E+00  0.00000E+00  0.00000E+00  0.00000E+00  0.00000E+00  0.00000E+00  0.00000E+00  0.00000E+00  0.00000E+00  0.00000E+00  0.00000E+00  0.00000E+00  9.96659E+01  2.00421E+02  3.42724E+02  1.42847E+02  0.00000E+00  0.00000E+00  7.21015E+01  9.01270E+01  0.00000E+00  0.00000E+00  0.00000E+00  0.00000E+00  0.00000E+00  0.00000E+00  0.00000E+00  0.00000E+00  0.00000E+00  0.00000E+00  0.00000E+00  0.00000E+00  0.00000E+00  0.00000E+00
  0.00000E+00  0.00000E+00  0.00000E+00  0.00000E+00  0.00000E+00  0.00000E+00  0.00000E+00  0.00000E+00  0.00000E+00  0.00000E+00  0.00000E+00  0.00000E+00  0.00000E+00  0.00000E+00  0.00000E+00  0.00000E+00  0.00000E+00  0.00000E+00  0.00000E+00  0.00000E+00  0.00000E+00  0.00000E+00  0.00000E+00  0.00000E+00  0.00000E+00  0.00000E+00  0.00000E+00  0.00000E+00  0.00000E+00  0.00000E+00  0.00000E+00  0.00000E+00  0.00000E+00  0.00000E+00  0.00000E+00  0.00000E+00  0.00000E+00  0.00000E+00  0.00000E+00  0.00000E+00  0.00000E+00  0.00000E+00  0.00000E+00  0.00000E+00  0.00000E+00  0.00000E+00  0.00000E+00  0.00000E+00  0.00000E+00  0.00000E+00  0.00000E+00  8.60895E+01  3.43813E+02  2.71028E+02  1.00211E+02  1.57241E+02  1.80254E+01  8.11142E+01  3.60508E+01  0.00000E+00  0.00000E+00  0.00000E+00  0.00000E+00  0.00000E+00  0.00000E+00  0.00000E+00  0.00000E+00  0.00000E+00  0.00000E+00  0.00000E+00  0.00000E+00  0.00000E+00  0.00000E+00
  0.00000E+00  0.00000E+00  0.00000E+00  0.00000E+00  0.00000E+00  0.00000E+00  0.00000E+00  0.00000E+00  0.00000E+00  0.00000E+00  0.00000E+00  0.00000E+00  0.00000E+00  0.00000E+00  0.00000E+00  0.00000E+00  0.00000E+00  0.00000E+00  0.00000E+00  0.00000E+00  0.00000E+00  0.00000E+00  0.00000E+00  0.00000E+00  0.00000E+00  0.00000E+00  0.00000E+00  0.00000E+00  0.00000E+00  0.00000E+00  0.00000E+00  0.00000E+00  0.00000E+00  0.00000E+00  0.00000E+00  0.00000E+00  0.00000E+00  0.00000E+00  0.00000E+00  0.00000E+00  0.00000E+00  0.00000E+00  0.00000E+00  0.00000E+00  0.00000E+00  0.00000E+00  0.00000E+00  0.00000E+00  0.00000E+00  0.00000E+00  0.00000E+00  0.00000E+00  3.14481E+02  3.42179E+02  7.14234E+01  1.43392E+02  1.80254E+01  1.35190E+02  1.80254E+01  0.00000E+00  0.00000E+00  0.00000E+00  0.00000E+00  0.00000E+00  0.00000E+00  0.00000E+00  0.00000E+00  0.00000E+00  0.00000E+00  0.00000E+00  0.00000E+00  0.00000E+00  0.00000E+00
  0.00000E+00  0.00000E+00  0.00000E+00  0.00000E+00  0.00000E+00  0.00000E+00  0.00000E+00  0.00000E+00  0.00000E+00  0.00000E+00  0.00000E+00  0.00000E+00  0.00000E+00  0.00000E+00  0.00000E+00  0.00000E+00  0.00000E+00  0.00000E+00  0.00000E+00  0.00000E+00  0.00000E+00  0.00000E+00  0.00000E+00  0.00000E+00  0.00000E+00  0.00000E+00  0.00000E+00  0.00000E+00  0.00000E+00  0.00000E+00  0.00000E+00  0.00000E+00  0.00000E+00  0.00000E+00  0.00000E+00  0.00000E+00  0.00000E+00  0.00000E+00  0.00000E+00  0.00000E+00  0.00000E+00  0.00000E+00  0.00000E+00  0.00000E+00  0.00000E+00  0.00000E+00  0.00000E+00  0.00000E+00  0.00000E+00  0.00000E+00  0.00000E+00  0.00000E+00  2.13998E+02  8.49999E+01  1.43937E+01  0.00000E+00  0.00000E+00  7.21015E+01  1.80254E+01  0.00000E+00  0.00000E+00  0.00000E+00  0.00000E+00  0.00000E+00  0.00000E+00  0.00000E+00  0.00000E+00  0.00000E+00  0.00000E+00  0.00000E+00  0.00000E+00  0.00000E+00  0.00000E+00
  0.00000E+00  0.00000E+00  0.00000E+00  0.00000E+00  0.00000E+00  0.00000E+00  0.00000E+00  0.00000E+00  0.00000E+00  0.00000E+00  0.00000E+00  0.00000E+00  0.00000E+00  0.00000E+00  0.00000E+00  0.00000E+00  0.00000E+00  0.00000E+00  0.00000E+00  0.00000E+00  0.00000E+00  0.00000E+00  0.00000E+00  0.00000E+00  0.00000E+00  0.00000E+00  0.00000E+00  0.00000E+00  0.00000E+00  0.00000E+00  0.00000E+00  0.00000E+00  0.00000E+00  0.00000E+00  0.00000E+00  0.00000E+00  0.00000E+00  0.00000E+00  0.00000E+00  0.00000E+00  0.00000E+00  0.00000E+00  0.00000E+00  0.00000E+00  0.00000E+00  0.00000E+00  0.00000E+00  0.00000E+00  0.00000E+00  0.00000E+00  0.00000E+00  0.00000E+00  8.60895E+01  5.67574E+01  0.00000E+00  0.00000E+00  0.00000E+00  1.80254E+01  3.60508E+01  0.00000E+00  0.00000E+00  0.00000E+00  0.00000E+00  0.00000E+00  0.00000E+00  0.00000E+00  0.00000E+00  0.00000E+00  0.00000E+00  0.00000E+00  0.00000E+00  0.00000E+00  0.00000E+00
  0.00000E+00  0.00000E+00  0.00000E+00  0.00000E+00  0.00000E+00  0.00000E+00  0.00000E+00  0.00000E+00  0.00000E+00  0.00000E+00  0.00000E+00  0.00000E+00  0.00000E+00  0.00000E+00  0.00000E+00  0.00000E+00  0.00000E+00  0.00000E+00  0.00000E+00  0.00000E+00  0.00000E+00  0.00000E+00  0.00000E+00  0.00000E+00  0.00000E+00  0.00000E+00  0.00000E+00  0.00000E+00  0.00000E+00  0.00000E+00  0.00000E+00  0.00000E+00  0.00000E+00  0.00000E+00  0.00000E+00  0.00000E+00  0.00000E+00  0.00000E+00  0.00000E+00  0.00000E+00  0.00000E+00  0.00000E+00  0.00000E+00  0.00000E+00  0.00000E+00  0.00000E+00  0.00000E+00  0.00000E+00  0.00000E+00  0.00000E+00  0.00000E+00  0.00000E+00  1.00483E+02  1.70817E+02  0.00000E+00  0.00000E+00  0.00000E+00  3.60508E+01  2.70381E+01  0.00000E+00  0.00000E+00  0.00000E+00  0.00000E+00  0.00000E+00  0.00000E+00  0.00000E+00  0.00000E+00  0.00000E+00  0.00000E+00  0.00000E+00  0.00000E+00  0.00000E+00  0.00000E+00
  0.00000E+00  0.00000E+00  0.00000E+00  0.00000E+00  0.00000E+00  0.00000E+00  0.00000E+00  0.00000E+00  0.00000E+00  0.00000E+00  0.00000E+00  0.00000E+00  0.00000E+00  0.00000E+00  0.00000E+00  0.00000E+00  0.00000E+00  0.00000E+00  0.00000E+00  0.00000E+00  0.00000E+00  0.00000E+00  0.00000E+00  0.00000E+00  0.00000E+00  0.00000E+00  0.00000E+00  0.00000E+00  0.00000E+00  0.00000E+00  0.00000E+00  0.00000E+00  0.00000E+00  0.00000E+00  0.00000E+00  0.00000E+00  0.00000E+00  0.00000E+00  0.00000E+00  0.00000E+00  0.00000E+00  0.00000E+00  0.00000E+00  0.00000E+00  0.00000E+00  0.00000E+00  0.00000E+00  0.00000E+00  0.00000E+00  0.00000E+00  0.00000E+00  0.00000E+00  0.00000E+00  2.82425E+01  0.00000E+00  0.00000E+00  0.00000E+00  3.60508E+01  0.00000E+00  0.00000E+00  0.00000E+00  0.00000E+00  0.00000E+00  0.00000E+00  0.00000E+00  0.00000E+00  0.00000E+00  0.00000E+00  0.00000E+00  0.00000E+00  0.00000E+00  0.00000E+00  0.00000E+00
  0.00000E+00  0.00000E+00  0.00000E+00  0.00000E+00  0.00000E+00  0.00000E+00  0.00000E+00  0.00000E+00  0.00000E+00  0.00000E+00  0.00000E+00  0.00000E+00  0.00000E+00  0.00000E+00  0.00000E+00  0.00000E+00  0.00000E+00  0.00000E+00  0.00000E+00  0.00000E+00  0.00000E+00  0.00000E+00  0.00000E+00  0.00000E+00  0.00000E+00  0.00000E+00  0.00000E+00  0.00000E+00  0.00000E+00  0.00000E+00  0.00000E+00  0.00000E+00  0.00000E+00  0.00000E+00  0.00000E+00  0.00000E+00  0.00000E+00  0.00000E+00  0.00000E+00  0.00000E+00  0.00000E+00  0.00000E+00  0.00000E+00  0.00000E+00  0.00000E+00  0.00000E+00  0.00000E+00  0.00000E+00  0.00000E+00  0.00000E+00  0.00000E+00  0.00000E+00  0.00000E+00  1.43937E+01  1.43937E+01  0.00000E+00  0.00000E+00  6.30889E+01  4.50635E+01  0.00000E+00  0.00000E+00  0.00000E+00  0.00000E+00  0.00000E+00  0.00000E+00  0.00000E+00  0.00000E+00  0.00000E+00  0.00000E+00  0.00000E+00  0.00000E+00  0.00000E+00  0.00000E+00
  0.00000E+00  0.00000E+00  0.00000E+00  0.00000E+00  0.00000E+00  0.00000E+00  0.00000E+00  0.00000E+00  0.00000E+00  0.00000E+00  0.00000E+00  0.00000E+00  0.00000E+00  0.00000E+00  0.00000E+00  0.00000E+00  0.00000E+00  0.00000E+00  0.00000E+00  0.00000E+00  0.00000E+00  0.00000E+00  0.00000E+00  0.00000E+00  0.00000E+00  0.00000E+00  0.00000E+00  0.00000E+00  0.00000E+00  0.00000E+00  0.00000E+00  0.00000E+00  0.00000E+00  0.00000E+00  0.00000E+00  0.00000E+00  0.00000E+00  0.00000E+00  0.00000E+00  0.00000E+00  0.00000E+00  0.00000E+00  0.00000E+00  0.00000E+00  0.00000E+00  0.00000E+00  0.00000E+00  0.00000E+00  0.00000E+00  0.00000E+00  0.00000E+00  0.00000E+00  0.00000E+00  0.00000E+00  0.00000E+00  0.00000E+00  0.00000E+00  2.70381E+01  6.30889E+01  0.00000E+00  0.00000E+00  0.00000E+00  0.00000E+00  0.00000E+00  0.00000E+00  0.00000E+00  0.00000E+00  0.00000E+00  0.00000E+00  0.00000E+00  0.00000E+00  0.00000E+00  0.00000E+00
  0.00000E+00  0.00000E+00  0.00000E+00  0.00000E+00  0.00000E+00  0.00000E+00  0.00000E+00  0.00000E+00  0.00000E+00  0.00000E+00  0.00000E+00  0.00000E+00  0.00000E+00  0.00000E+00  0.00000E+00  0.00000E+00  0.00000E+00  0.00000E+00  0.00000E+00  0.00000E+00  0.00000E+00  0.00000E+00  0.00000E+00  0.00000E+00  0.00000E+00  0.00000E+00  0.00000E+00  0.00000E+00  0.00000E+00  0.00000E+00  0.00000E+00  0.00000E+00  0.00000E+00  0.00000E+00  0.00000E+00  0.00000E+00  0.00000E+00  0.00000E+00  0.00000E+00  0.00000E+00  0.00000E+00  0.00000E+00  0.00000E+00  0.00000E+00  0.00000E+00  0.00000E+00  0.00000E+00  0.00000E+00  0.00000E+00  0.00000E+00  0.00000E+00  0.00000E+00  0.00000E+00  0.00000E+00  0.00000E+00  0.00000E+00  0.00000E+00  9.01269E+00  2.70381E+01  0.00000E+00  0.00000E+00  0.00000E+00  0.00000E+00  0.00000E+00  0.00000E+00  0.00000E+00  0.00000E+00  0.00000E+00  0.00000E+00  0.00000E+00  0.00000E+00  0.00000E+00  0.00000E+00
  0.00000E+00  0.00000E+00  0.00000E+00  0.00000E+00  0.00000E+00  0.00000E+00  0.00000E+00  0.00000E+00  0.00000E+00  0.00000E+00  0.00000E+00  0.00000E+00  0.00000E+00  0.00000E+00  0.00000E+00  0.00000E+00  0.00000E+00  0.00000E+00  0.00000E+00  0.00000E+00  0.00000E+00  0.00000E+00  0.00000E+00  0.00000E+00  0.00000E+00  0.00000E+00  0.00000E+00  0.00000E+00  0.00000E+00  0.00000E+00  0.00000E+00  0.00000E+00  0.00000E+00  0.00000E+00  0.00000E+00  0.00000E+00  0.00000E+00  0.00000E+00  0.00000E+00  0.00000E+00  0.00000E+00  0.00000E+00  0.00000E+00  0.00000E+00  0.00000E+00  0.00000E+00  0.00000E+00  0.00000E+00  0.00000E+00  0.00000E+00  0.00000E+00  0.00000E+00  0.00000E+00  0.00000E+00  0.00000E+00  2.85149E+01  1.13515E+02  3.32506E+02  1.93697E+02  5.40762E+01  0.00000E+00  0.00000E+00  0.00000E+00  0.00000E+00  0.00000E+00  0.00000E+00  0.00000E+00  0.00000E+00  0.00000E+00  0.00000E+00  0.00000E+00  0.00000E+00  0.00000E+00
  0.00000E+00  0.00000E+00  0.00000E+00  0.00000E+00  0.00000E+00  0.00000E+00  0.00000E+00  0.00000E+00  0.00000E+00  0.00000E+00  0.00000E+00  0.00000E+00  0.00000E+00  0.00000E+00  0.00000E+00  0.00000E+00  0.00000E+00  0.00000E+00  0.00000E+00  0.00000E+00  0.00000E+00  0.00000E+00  0.00000E+00  0.00000E+00  0.00000E+00  0.00000E+00  0.00000E+00  0.00000E+00  0.00000E+00  0.00000E+00  0.00000E+00  0.00000E+00  0.00000E+00  0.00000E+00  0.00000E+00  0.00000E+00  0.00000E+00  0.00000E+00  0.00000E+00  0.00000E+00  0.00000E+00  0.00000E+00  0.00000E+00  0.00000E+00  0.00000E+00  0.00000E+00  0.00000E+00  0.00000E+00  0.00000E+00  0.00000E+00  0.00000E+00  0.00000E+00  0.00000E+00  0.00000E+00  0.00000E+00  2.57179E+02  9.93936E+01  2.17243E+02  1.13261E+02  1.08152E+02  0.00000E+00  0.00000E+00  0.00000E+00  0.00000E+00  0.00000E+00  0.00000E+00  0.00000E+00  0.00000E+00  0.00000E+00  0.00000E+00  0.00000E+00  0.00000E+00  0.00000E+00
  0.00000E+00  0.00000E+00  0.00000E+00  0.00000E+00  0.00000E+00  0.00000E+00  0.00000E+00  0.00000E+00  0.00000E+00  0.00000E+00  0.00000E+00  0.00000E+00  0.00000E+00  0.00000E+00  0.00000E+00  0.00000E+00  0.00000E+00  0.00000E+00  0.00000E+00  0.00000E+00  0.00000E+00  0.00000E+00  0.00000E+00  0.00000E+00  0.00000E+00  0.00000E+00  0.00000E+00  0.00000E+00  0.00000E+00  0.00000E+00  0.00000E+00  0.00000E+00  0.00000E+00  0.00000E+00  0.00000E+00  0.00000E+00  0.00000E+00  0.00000E+00  0.00000E+00  0.00000E+00  0.00000E+00  0.00000E+00  0.00000E+00  0.00000E+00  0.00000E+00  0.00000E+00  0.00000E+00  0.00000E+00  0.00000E+00  0.00000E+00  0.00000E+00  0.00000E+00  0.00000E+00  0.00000E+00  0.00000E+00  2.87873E+01  7.16959E+01  2.00694E+02  2.29342E+02  6.48381E+01  0.00000E+00  0.00000E+00  0.00000E+00  0.00000E+00  0.00000E+00  0.00000E+00  0.00000E+00  0.00000E+00  0.00000E+00  0.00000E+00  0.00000E+00  0.00000E+00  0.00000E+00
  0.00000E+00  0.00000E+00  0.00000E+00  0.00000E+00  0.00000E+00  0.00000E+00  0.00000E+00  0.00000E+00  0.00000E+00  0.00000E+00  0.00000E+00  0.00000E+00  0.00000E+00  0.00000E+00  0.00000E+00  0.00000E+00  0.00000E+00  0.00000E+00  0.00000E+00  0.00000E+00  0.00000E+00  0.00000E+00  0.00000E+00  0.00000E+00  0.00000E+00  0.00000E+00  0.00000E+00  0.00000E+00  0.00000E+00  0.00000E+00  0.00000E+00  0.00000E+00  0.00000E+00  0.00000E+00  0.00000E+00  0.00000E+00  0.00000E+00  0.00000E+00  0.00000E+00  0.00000E+00  0.00000E+00  0.00000E+00  0.00000E+00  0.00000E+00  0.00000E+00  0.00000E+00  0.00000E+00  0.00000E+00  0.00000E+00  0.00000E+00  0.00000E+00  0.00000E+00  0.00000E+00  0.00000E+00  0.00000E+00  0.00000E+00  0.00000E+00  1.14877E+02  1.42847E+02  9.99384E+01  0.00000E+00  0.00000E+00  0.00000E+00  0.00000E+00  0.00000E+00  0.00000E+00  0.00000E+00  0.00000E+00  0.00000E+00  0.00000E+00  0.00000E+00  0.00000E+00  0.00000E+00
  0.00000E+00  0.00000E+00  0.00000E+00  0.00000E+00  0.00000E+00  0.00000E+00  0.00000E+00  0.00000E+00  0.00000E+00  0.00000E+00  0.00000E+00  0.00000E+00  0.00000E+00  0.00000E+00  0.00000E+00  0.00000E+00  0.00000E+00  0.00000E+00  0.00000E+00  0.00000E+00  0.00000E+00  0.00000E+00  0.00000E+00  0.00000E+00  0.00000E+00  0.00000E+00  0.00000E+00  0.00000E+00  0.00000E+00  0.00000E+00  0.00000E+00  0.00000E+00  0.00000E+00  0.00000E+00  0.00000E+00  0.00000E+00  0.00000E+00  0.00000E+00  0.00000E+00  0.00000E+00  0.00000E+00  0.00000E+00  0.00000E+00  0.00000E+00  0.00000E+00  0.00000E+00  0.00000E+00  0.00000E+00  0.00000E+00  0.00000E+00  0.00000E+00  0.00000E+00  0.00000E+00  0.00000E+00  0.00000E+00  0.00000E+00  0.00000E+00  0.00000E+00  8.55447E+01  0.00000E+00  0.00000E+00  0.00000E+00  0.00000E+00  0.00000E+00  0.00000E+00  0.00000E+00  0.00000E+00  0.00000E+00  0.00000E+00  0.00000E+00  0.00000E+00  0.00000E+00  0.00000E+00
  0.00000E+00  0.00000E+00  0.00000E+00  0.00000E+00  0.00000E+00  0.00000E+00  0.00000E+00  0.00000E+00  0.00000E+00  0.00000E+00  0.00000E+00  0.00000E+00  0.00000E+00  0.00000E+00  0.00000E+00  0.00000E+00  0.00000E+00  0.00000E+00  0.00000E+00  0.00000E+00  0.00000E+00  0.00000E+00  0.00000E+00  0.00000E+00  0.00000E+00  0.00000E+00  0.00000E+00  0.00000E+00  0.00000E+00  0.00000E+00  0.00000E+00  0.00000E+00  0.00000E+00  0.00000E+00  0.00000E+00  0.00000E+00  0.00000E+00  0.00000E+00  0.00000E+00  0.00000E+00  0.00000E+00  0.00000E+00  0.00000E+00  0.00000E+00  0.00000E+00  0.00000E+00  0.00000E+00  0.00000E+00  0.00000E+00  0.00000E+00  0.00000E+00  0.00000E+00  0.00000E+00  0.00000E+00  0.00000E+00  0.00000E+00  0.00000E+00  0.00000E+00  0.00000E+00  0.00000E+00  0.00000E+00  0.00000E+00  0.00000E+00  0.00000E+00  0.00000E+00  0.00000E+00  0.00000E+00  0.00000E+00  0.00000E+00  0.00000E+00  0.00000E+00  0.00000E+00  0.00000E+00
  0.00000E+00  0.00000E+00  0.00000E+00  0.00000E+00  0.00000E+00  0.00000E+00  0.00000E+00  0.00000E+00  0.00000E+00  0.00000E+00  0.00000E+00  0.00000E+00  0.00000E+00  0.00000E+00  0.00000E+00  0.00000E+00  0.00000E+00  0.00000E+00  0.00000E+00  0.00000E+00  0.00000E+00  0.00000E+00  0.00000E+00  0.00000E+00  0.00000E+00  0.00000E+00  0.00000E+00  0.00000E+00  0.00000E+00  0.00000E+00  0.00000E+00  0.00000E+00  0.00000E+00  0.00000E+00  0.00000E+00  0.00000E+00  0.00000E+00  0.00000E+00  0.00000E+00  0.00000E+00  0.00000E+00  0.00000E+00  0.00000E+00  0.00000E+00  0.00000E+00  0.00000E+00  0.00000E+00  0.00000E+00  0.00000E+00  0.00000E+00  0.00000E+00  0.00000E+00  0.00000E+00  0.00000E+00  0.00000E+00  0.00000E+00  0.00000E+00  0.00000E+00  1.43937E+01  0.00000E+00  0.00000E+00  0.00000E+00  0.00000E+00  0.00000E+00  0.00000E+00  0.00000E+00  0.00000E+00  0.00000E+00  0.00000E+00  0.00000E+00  0.00000E+00  0.00000E+00  0.00000E+00
 
 year:        2010
  0.00000E+00  0.00000E+00  0.00000E+00  7.48531E+02  1.74041E+03  7.28122E+02  1.30287E+03  3.91537E+02  0.00000E+00  0.00000E+00  0.00000E+00  0.00000E+00  0.00000E+00  0.00000E+00  0.00000E+00  0.00000E+00  0.00000E+00  0.00000E+00  0.00000E+00  0.00000E+00  0.00000E+00  0.00000E+00  0.00000E+00  0.00000E+00  0.00000E+00  0.00000E+00  0.00000E+00  0.00000E+00  0.00000E+00  0.00000E+00  0.00000E+00  0.00000E+00  0.00000E+00  0.00000E+00  0.00000E+00  0.00000E+00  0.00000E+00  0.00000E+00  0.00000E+00  0.00000E+00  0.00000E+00  0.00000E+00  0.00000E+00  0.00000E+00  0.00000E+00  0.00000E+00  0.00000E+00  0.00000E+00  0.00000E+00  0.00000E+00  0.00000E+00  0.00000E+00  0.00000E+00  0.00000E+00  0.00000E+00  0.00000E+00  0.00000E+00  0.00000E+00  0.00000E+00  0.00000E+00  0.00000E+00  0.00000E+00  0.00000E+00  0.00000E+00  0.00000E+00  0.00000E+00  0.00000E+00  0.00000E+00  0.00000E+00  0.00000E+00  0.00000E+00  0.00000E+00  0.00000E+00
  0.00000E+00  1.71658E+03  2.05092E+03  3.11445E+03  3.49971E+03  3.25064E+03  1.45001E+03  1.57943E+03  4.43612E+02  0.00000E+00  0.00000E+00  0.00000E+00  0.00000E+00  0.00000E+00  0.00000E+00  0.00000E+00  0.00000E+00  0.00000E+00  0.00000E+00  0.00000E+00  0.00000E+00  0.00000E+00  0.00000E+00  0.00000E+00  0.00000E+00  0.00000E+00  0.00000E+00  0.00000E+00  0.00000E+00  0.00000E+00  0.00000E+00  0.00000E+00  0.00000E+00  0.00000E+00  0.00000E+00  0.00000E+00  0.00000E+00  0.00000E+00  0.00000E+00  0.00000E+00  0.00000E+00  0.00000E+00  0.00000E+00  0.00000E+00  0.00000E+00  0.00000E+00  0.00000E+00  0.00000E+00  0.00000E+00  0.00000E+00  0.00000E+00  0.00000E+00  0.00000E+00  0.00000E+00  0.00000E+00  0.00000E+00  0.00000E+00  0.00000E+00  0.00000E+00  0.00000E+00  0.00000E+00  0.00000E+00  0.00000E+00  0.00000E+00  0.00000E+00  0.00000E+00  0.00000E+00  0.00000E+00  0.00000E+00  0.00000E+00  0.00000E+00  0.00000E+00  0.00000E+00
  2.01506E+03  2.09450E+03  3.35955E+03  3.69074E+03  2.63707E+03  4.49983E+03  1.60107E+03  1.64479E+03  3.59686E+03  2.88676E+03  0.00000E+00  0.00000E+00  0.00000E+00  0.00000E+00  0.00000E+00  0.00000E+00  0.00000E+00  0.00000E+00  0.00000E+00  0.00000E+00  0.00000E+00  0.00000E+00  0.00000E+00  0.00000E+00  0.00000E+00  0.00000E+00  0.00000E+00  0.00000E+00  0.00000E+00  0.00000E+00  0.00000E+00  0.00000E+00  0.00000E+00  0.00000E+00  0.00000E+00  0.00000E+00  0.00000E+00  0.00000E+00  0.00000E+00  0.00000E+00  0.00000E+00  0.00000E+00  0.00000E+00  0.00000E+00  0.00000E+00  0.00000E+00  0.00000E+00  0.00000E+00  0.00000E+00  0.00000E+00  0.00000E+00  0.00000E+00  0.00000E+00  0.00000E+00  0.00000E+00  0.00000E+00  0.00000E+00  0.00000E+00  0.00000E+00  0.00000E+00  0.00000E+00  0.00000E+00  0.00000E+00  0.00000E+00  0.00000E+00  0.00000E+00  0.00000E+00  0.00000E+00  0.00000E+00  0.00000E+00  0.00000E+00  0.00000E+00  0.00000E+00
  1.61903E+03  2.84404E+03  1.38823E+03  1.39814E+03  2.50844E+03  3.38214E+03  1.14283E+03  1.95779E+03  4.75625E+03  3.04758E+03  1.07900E+03  3.08471E+02  1.23383E+03  0.00000E+00  0.00000E+00  0.00000E+00  0.00000E+00  0.00000E+00  0.00000E+00  0.00000E+00  0.00000E+00  0.00000E+00  0.00000E+00  0.00000E+00  0.00000E+00  0.00000E+00  0.00000E+00  0.00000E+00  0.00000E+00  0.00000E+00  0.00000E+00  0.00000E+00  0.00000E+00  0.00000E+00  0.00000E+00  0.00000E+00  0.00000E+00  0.00000E+00  0.00000E+00  0.00000E+00  0.00000E+00  0.00000E+00  0.00000E+00  0.00000E+00  0.00000E+00  0.00000E+00  0.00000E+00  0.00000E+00  0.00000E+00  0.00000E+00  0.00000E+00  0.00000E+00  0.00000E+00  0.00000E+00  0.00000E+00  0.00000E+00  0.00000E+00  0.00000E+00  0.00000E+00  0.00000E+00  0.00000E+00  0.00000E+00  0.00000E+00  0.00000E+00  0.00000E+00  0.00000E+00  0.00000E+00  0.00000E+00  0.00000E+00  0.00000E+00  0.00000E+00  0.00000E+00  0.00000E+00
  4.20240E+02  2.87972E+03  3.07903E+03  1.74929E+03  1.69091E+03  1.63477E+03  2.54109E+03  7.81956E+02  2.80871E+03  3.55367E+03  3.14750E+03  2.72404E+03  2.94793E+03  2.26828E+03  1.62040E+03  2.61807E+03  1.90462E+03  1.09726E+03  1.30636E+03  1.78383E+02  0.00000E+00  0.00000E+00  0.00000E+00  0.00000E+00  0.00000E+00  0.00000E+00  0.00000E+00  0.00000E+00  0.00000E+00  0.00000E+00  0.00000E+00  0.00000E+00  0.00000E+00  0.00000E+00  0.00000E+00  0.00000E+00  0.00000E+00  0.00000E+00  0.00000E+00  0.00000E+00  0.00000E+00  0.00000E+00  0.00000E+00  0.00000E+00  0.00000E+00  0.00000E+00  0.00000E+00  0.00000E+00  0.00000E+00  0.00000E+00  0.00000E+00  0.00000E+00  0.00000E+00  0.00000E+00  0.00000E+00  0.00000E+00  0.00000E+00  0.00000E+00  0.00000E+00  0.00000E+00  0.00000E+00  0.00000E+00  0.00000E+00  0.00000E+00  0.00000E+00  0.00000E+00  0.00000E+00  0.00000E+00  0.00000E+00  0.00000E+00  0.00000E+00  0.00000E+00  0.00000E+00
  0.00000E+00  0.00000E+00  1.85829E+03  1.27967E+03  1.05358E+03  2.42047E+03  2.78297E+03  8.98568E+02  2.48281E+03  2.68955E+03  3.08848E+03  2.31733E+03  3.13335E+03  3.33380E+03  2.00554E+03  3.69548E+03  3.57902E+03  2.04620E+03  2.53370E+03  2.21174E+03  6.74901E+02  0.00000E+00  0.00000E+00  0.00000E+00  0.00000E+00  0.00000E+00  0.00000E+00  0.00000E+00  0.00000E+00  0.00000E+00  0.00000E+00  0.00000E+00  0.00000E+00  0.00000E+00  0.00000E+00  0.00000E+00  0.00000E+00  0.00000E+00  0.00000E+00  0.00000E+00  0.00000E+00  0.00000E+00  0.00000E+00  0.00000E+00  0.00000E+00  0.00000E+00  0.00000E+00  0.00000E+00  0.00000E+00  0.00000E+00  0.00000E+00  0.00000E+00  0.00000E+00  0.00000E+00  0.00000E+00  0.00000E+00  0.00000E+00  0.00000E+00  0.00000E+00  0.00000E+00  0.00000E+00  0.00000E+00  0.00000E+00  0.00000E+00  0.00000E+00  0.00000E+00  0.00000E+00  0.00000E+00  0.00000E+00  0.00000E+00  0.00000E+00  0.00000E+00  0.00000E+00
  0.00000E+00  0.00000E+00  9.35175E+02  2.73608E+03  2.65445E+03  1.33045E+03  2.89018E+03  1.13944E+03  3.03427E+03  3.63966E+03  2.08823E+03  2.59786E+03  3.46017E+03  2.82085E+03  2.57294E+03  2.23181E+03  3.51394E+03  2.93540E+03  3.33302E+03  5.03398E+03  4.07771E+03  1.13553E+03  0.00000E+00  0.00000E+00  0.00000E+00  0.00000E+00  0.00000E+00  0.00000E+00  0.00000E+00  0.00000E+00  0.00000E+00  0.00000E+00  0.00000E+00  0.00000E+00  0.00000E+00  0.00000E+00  0.00000E+00  0.00000E+00  0.00000E+00  1.69669E+02  1.28809E+02  0.00000E+00  0.00000E+00  0.00000E+00  5.31991E+01  0.00000E+00  0.00000E+00  0.00000E+00  0.00000E+00  0.00000E+00  7.45703E+01  3.72851E+01  0.00000E+00  0.00000E+00  0.00000E+00  0.00000E+00  0.00000E+00  0.00000E+00  0.00000E+00  0.00000E+00  0.00000E+00  0.00000E+00  0.00000E+00  0.00000E+00  0.00000E+00  0.00000E+00  0.00000E+00  0.00000E+00  0.00000E+00  0.00000E+00  0.00000E+00  0.00000E+00  0.00000E+00
  0.00000E+00  0.00000E+00  3.78993E+02  1.74981E+03  2.01193E+03  8.52784E+02  2.24456E+03  1.42141E+03  2.29287E+03  2.96697E+03  3.78915E+03  1.91780E+03  2.75941E+03  2.34056E+03  2.39542E+03  2.89535E+03  3.49486E+03  2.70591E+03  2.49956E+03  3.53960E+03  4.15209E+03  1.76904E+03  0.00000E+00  0.00000E+00  0.00000E+00  0.00000E+00  0.00000E+00  0.00000E+00  0.00000E+00  0.00000E+00  0.00000E+00  0.00000E+00  0.00000E+00  0.00000E+00  0.00000E+00  0.00000E+00  0.00000E+00  0.00000E+00  1.79373E+01  6.99129E+02  3.48102E+02  5.31991E+01  1.06398E+02  4.25984E+02  1.06398E+02  7.70645E+02  2.44496E+02  0.00000E+00  0.00000E+00  6.63595E+02  2.52743E+03  1.25731E+03  0.00000E+00  0.00000E+00  0.00000E+00  0.00000E+00  0.00000E+00  0.00000E+00  0.00000E+00  0.00000E+00  0.00000E+00  0.00000E+00  0.00000E+00  0.00000E+00  0.00000E+00  0.00000E+00  0.00000E+00  0.00000E+00  0.00000E+00  0.00000E+00  0.00000E+00  0.00000E+00  0.00000E+00
  0.00000E+00  0.00000E+00  0.00000E+00  1.96634E+02  1.06982E+03  1.33464E+03  2.15487E+03  1.91034E+03  1.84209E+03  3.05993E+03  1.60197E+03  2.04311E+03  2.26964E+03  2.74501E+03  3.18301E+03  3.96154E+03  3.45838E+03  2.97355E+03  3.29081E+03  3.56523E+03  2.35664E+03  3.04301E+03  0.00000E+00  0.00000E+00  0.00000E+00  0.00000E+00  0.00000E+00  0.00000E+00  0.00000E+00  0.00000E+00  6.60997E+02  3.56860E+02  0.00000E+00  1.56459E+02  1.94805E+02  8.02745E+02  1.06249E+03  1.58932E+03  1.92377E+03  1.28331E+03  3.72785E+02  4.26180E+02  2.12992E+02  4.26180E+02  8.21589E+02  2.24511E+03  1.98387E+03  0.00000E+00  1.98090E+03  3.89026E+03  3.50753E+03  1.07881E+03  5.60356E+02  0.00000E+00  0.00000E+00  0.00000E+00  0.00000E+00  0.00000E+00  0.00000E+00  0.00000E+00  0.00000E+00  0.00000E+00  0.00000E+00  0.00000E+00  0.00000E+00  0.00000E+00  0.00000E+00  0.00000E+00  0.00000E+00  0.00000E+00  0.00000E+00  0.00000E+00  0.00000E+00
  0.00000E+00  0.00000E+00  0.00000E+00  9.37945E+02  3.18271E+03  3.87474E+03  1.73772E+03  2.47430E+03  1.95610E+03  4.19421E+03  3.02693E+03  1.38241E+03  3.61618E+03  1.83514E+03  2.11268E+03  2.34983E+03  1.90505E+03  3.19228E+03  1.65255E+03  2.86603E+03  2.74215E+03  2.43766E+03  1.66933E+03  7.69694E+02  1.31416E+03  1.24397E+03  3.57637E+02  1.08543E+03  1.61065E+03  1.51606E+03  2.59337E+03  2.50693E+03  5.31991E+01  1.78788E+03  2.98831E+03  2.12496E+03  2.87690E+03  2.32662E+03  3.13072E+03  1.32031E+03  4.79771E+02  0.00000E+00  3.56664E+02  2.08838E+03  1.07244E+03  2.13188E+02  1.57811E+03  1.52336E+03  2.57843E+03  3.37873E+03  3.89330E+03  2.97993E+03  2.54272E+03  0.00000E+00  0.00000E+00  0.00000E+00  0.00000E+00  0.00000E+00  0.00000E+00  0.00000E+00  0.00000E+00  0.00000E+00  0.00000E+00  0.00000E+00  0.00000E+00  0.00000E+00  0.00000E+00  0.00000E+00  0.00000E+00  0.00000E+00  0.00000E+00  0.00000E+00  0.00000E+00
  0.00000E+00  0.00000E+00  0.00000E+00  0.00000E+00  1.97440E+03  1.80269E+03  1.38814E+03  2.25930E+03  1.49194E+03  2.20279E+03  2.69010E+03  1.28173E+03  4.39234E+03  3.28467E+03  1.41498E+03  1.61337E+03  1.91246E+03  1.75723E+03  1.59370E+03  2.26781E+03  2.01840E+03  2.43783E+03  3.12550E+03  1.69949E+03  1.54559E+03  1.47804E+03  3.27028E+03  1.70413E+03  1.48749E+03  1.16271E+03  2.11600E+03  3.79953E+03  3.09144E+03  1.91442E+03  1.31290E+03  1.32221E+03  3.12310E+03  1.52566E+03  1.06594E+02  0.00000E+00  1.59793E+02  1.74760E+03  3.50242E+03  6.57128E+03  3.38475E+03  1.12164E+03  1.51789E+03  1.71120E+03  2.52250E+03  3.16257E+03  3.83742E+03  4.55359E+03  4.82429E+03  8.99788E+02  0.00000E+00  0.00000E+00  0.00000E+00  0.00000E+00  0.00000E+00  0.00000E+00  0.00000E+00  0.00000E+00  0.00000E+00  0.00000E+00  0.00000E+00  0.00000E+00  0.00000E+00  0.00000E+00  0.00000E+00  0.00000E+00  0.00000E+00  0.00000E+00  0.00000E+00
  0.00000E+00  0.00000E+00  0.00000E+00  0.00000E+00  5.79707E+02  3.58675E+02  1.55647E+03  4.14474E+03  2.96180E+03  7.65845E+02  4.40641E+02  2.82056E+03  2.83349E+03  1.54242E+03  2.09076E+03  3.41013E+03  2.39910E+03  2.19996E+03  1.14284E+03  2.21394E+03  3.94870E+03  2.94890E+03  8.49746E+02  1.45944E+03  1.08165E+03  1.21707E+03  2.18117E+03  1.61864E+03  1.04366E+03  1.61395E+03  1.72292E+03  9.58285E+02  1.83535E+03  2.31075E+03  9.66483E+02  9.34245E+02  1.18233E+03  9.53153E+02  7.33116E+02  2.82090E+02  6.88089E+02  1.73949E+03  3.95141E+03  4.44671E+03  3.95491E+03  2.28897E+03  3.10312E+03  2.49328E+03  4.90342E+03  3.67745E+03  6.41805E+03  7.95416E+03  8.52791E+03  2.90461E+03  0.00000E+00  0.00000E+00  0.00000E+00  0.00000E+00  0.00000E+00  0.00000E+00  0.00000E+00  0.00000E+00  0.00000E+00  0.00000E+00  0.00000E+00  0.00000E+00  0.00000E+00  0.00000E+00  0.00000E+00  0.00000E+00  0.00000E+00  0.00000E+00  0.00000E+00
  0.00000E+00  0.00000E+00  0.00000E+00  0.00000E+00  0.00000E+00  0.00000E+00  0.00000E+00  3.06402E+03  3.80377E+03  1.56870E+03  1.88738E+02  3.72759E+03  3.77879E+03  9.27101E+02  2.97364E+03  4.80659E+03  2.57858E+03  1.27393E+03  8.88983E+02  1.47329E+03  3.32235E+03  2.92452E+03  1.14843E+03  1.48934E+03  1.73468E+03  1.66206E+03  4.47609E+02  5.53917E+02  2.36832E+03  2.35794E+03  2.93136E+03  2.04307E+03  6.16784E+02  6.14197E+02  5.27091E+02  1.54470E+03  2.45183E+03  8.63393E+02  7.58544E+02  2.65369E+02  1.18284E+03  9.11145E+02  1.97537E+03  5.96969E+03  3.63941E+03  2.79415E+03  3.44043E+03  4.83213E+03  4.49497E+03  2.76660E+03  2.73647E+03  3.11386E+03  6.85289E+03  3.97258E+03  1.55348E+03  1.75259E+03  0.00000E+00  0.00000E+00  0.00000E+00  0.00000E+00  0.00000E+00  0.00000E+00  0.00000E+00  0.00000E+00  0.00000E+00  0.00000E+00  0.00000E+00  0.00000E+00  0.00000E+00  0.00000E+00  0.00000E+00  0.00000E+00  0.00000E+00
  0.00000E+00  0.00000E+00  0.00000E+00  0.00000E+00  0.00000E+00  0.00000E+00  0.00000E+00  1.60123E+03  4.10014E+03  3.36995E+03  7.20268E+02  6.06712E+02  1.44941E+03  2.55664E+03  2.11471E+03  4.71282E+03  4.81713E+03  1.99378E+03  1.13745E+03  1.56258E+03  1.65900E+03  5.23239E+03  3.84382E+03  1.76036E+03  2.91106E+03  1.15961E+03  8.69278E+02  1.02346E+03  3.03398E+03  2.07642E+03  9.75517E+02  1.06816E+03  1.22663E+03  6.45043E+02  4.35567E+02  1.38686E+03  2.21133E+03  2.13536E+03  7.84778E+02  2.54337E+03  8.05422E+02  7.05846E+02  1.65537E+03  2.65278E+03  1.37590E+03  4.14423E+03  5.94593E+03  3.66396E+03  4.33797E+03  3.35654E+03  5.81060E+03  7.49853E+03  5.76775E+03  6.86460E+03  6.53820E+03  6.20118E+03  2.08807E+03  0.00000E+00  0.00000E+00  0.00000E+00  0.00000E+00  0.00000E+00  0.00000E+00  0.00000E+00  0.00000E+00  0.00000E+00  0.00000E+00  0.00000E+00  0.00000E+00  0.00000E+00  0.00000E+00  0.00000E+00  0.00000E+00
  0.00000E+00  0.00000E+00  0.00000E+00  0.00000E+00  0.00000E+00  0.00000E+00  0.00000E+00  1.52481E+03  3.86713E+03  3.14365E+03  7.36171E+02  2.70005E+02  2.63786E+03  2.94814E+03  1.49481E+03  2.72427E+03  4.35541E+03  2.45450E+03  1.00519E+03  4.81656E+02  7.22749E+02  4.03643E+03  3.06307E+03  1.86887E+03  1.85143E+03  2.09270E+03  1.37128E+03  2.50258E+03  1.78785E+03  7.92788E+02  1.42635E+03  1.21041E+03  1.44615E+03  9.20604E+02  8.09369E+02  5.81330E+02  9.20921E+02  2.43839E+03  2.97743E+03  3.07909E+03  2.61463E+03  1.04824E+03  1.91283E+03  2.51120E+03  2.38339E+03  3.06303E+03  6.60079E+03  6.32174E+03  5.47636E+03  5.11274E+03  5.74895E+03  4.54939E+03  5.17067E+03  4.96189E+03  5.70044E+03  4.35341E+03  2.60202E+03  1.70297E+03  0.00000E+00  0.00000E+00  0.00000E+00  0.00000E+00  0.00000E+00  0.00000E+00  0.00000E+00  0.00000E+00  0.00000E+00  0.00000E+00  0.00000E+00  0.00000E+00  0.00000E+00  0.00000E+00  0.00000E+00
  0.00000E+00  0.00000E+00  0.00000E+00  0.00000E+00  0.00000E+00  0.00000E+00  0.00000E+00  1.91759E+03  3.26716E+03  2.04222E+03  1.99870E+03  1.45202E+03  3.00222E+03  3.71398E+03  4.28813E+03  3.90441E+03  4.13374E+03  3.32092E+03  1.05575E+03  7.88881E+02  1.70290E+03  2.00955E+03  2.71523E+03  1.92236E+03  1.81755E+03  1.81165E+03  2.74384E+03  2.41615E+03  5.79681E+02  3.50937E+02  5.29764E+02  5.22780E+02  1.96687E+03  2.18515E+03  1.18525E+03  5.60222E+02  4.18206E+03  5.15641E+03  7.11462E+03  6.63395E+03  3.75781E+03  1.41755E+03  2.15036E+03  3.64114E+03  4.61748E+03  4.88209E+03  5.89520E+03  6.75086E+03  5.59033E+03  5.57541E+03  6.80801E+03  6.05702E+03  5.29971E+03  3.07583E+03  5.18263E+03  3.79886E+03  1.82419E+03  3.46234E+03  8.04432E+02  0.00000E+00  0.00000E+00  0.00000E+00  0.00000E+00  0.00000E+00  0.00000E+00  0.00000E+00  0.00000E+00  0.00000E+00  0.00000E+00  0.00000E+00  0.00000E+00  0.00000E+00  0.00000E+00
  0.00000E+00  0.00000E+00  0.00000E+00  0.00000E+00  0.00000E+00  0.00000E+00  0.00000E+00  5.88915E+02  1.92798E+03  2.21627E+03  1.68749E+03  1.76206E+03  2.74114E+03  1.80500E+03  2.54250E+03  9.79131E+02  2.66285E+03  3.39220E+03  5.89383E+02  1.98629E+03  1.84317E+03  1.91661E+03  2.13942E+03  2.02693E+03  2.12196E+03  1.35228E+03  2.96304E+03  2.58936E+03  1.80501E+03  6.73278E+02  1.32720E+03  1.10286E+03  3.19242E+03  3.48800E+03  2.46098E+03  4.10139E+03  5.13000E+03  4.84235E+03  7.89568E+03  4.12724E+03  4.80491E+03  4.64434E+03  2.34378E+03  3.43668E+03  5.60923E+03  3.99589E+03  4.55697E+03  5.40436E+03  5.22369E+03  4.09908E+03  3.99435E+03  6.15458E+03  6.14681E+03  3.36104E+03  4.91510E+03  4.77001E+03  8.29715E+02  4.56638E+03  3.99685E+03  4.62367E+02  0.00000E+00  0.00000E+00  0.00000E+00  0.00000E+00  0.00000E+00  0.00000E+00  0.00000E+00  0.00000E+00  0.00000E+00  0.00000E+00  0.00000E+00  0.00000E+00  0.00000E+00
  0.00000E+00  0.00000E+00  0.00000E+00  0.00000E+00  0.00000E+00  0.00000E+00  0.00000E+00  0.00000E+00  4.52505E+02  3.35085E+03  2.77822E+03  1.03713E+03  4.55891E+03  5.20516E+03  3.41814E+03  4.77115E+03  2.94239E+03  1.32507E+03  2.36150E+03  6.73419E+02  2.35316E+03  1.42294E+03  2.03315E+03  1.53796E+03  1.48332E+03  1.45020E+03  2.87122E+03  1.38549E+03  2.13209E+03  1.53910E+03  2.04294E+03  2.58947E+03  3.20120E+03  1.89187E+03  3.91386E+03  4.41306E+03  6.71862E+03  5.43983E+03  7.68236E+03  5.30816E+03  4.87620E+03  5.88858E+03  4.87473E+03  2.71213E+03  5.31016E+03  6.58622E+03  6.45889E+03  6.48204E+03  5.36397E+03  4.23126E+03  5.32293E+03  7.02624E+03  5.14745E+03  4.61795E+03  5.12736E+03  4.70065E+03  6.11457E+03  2.67583E+03  4.96174E+03  2.91360E+03  4.32411E+02  1.69164E+02  0.00000E+00  0.00000E+00  0.00000E+00  0.00000E+00  0.00000E+00  0.00000E+00  0.00000E+00  0.00000E+00  0.00000E+00  0.00000E+00  0.00000E+00
  0.00000E+00  0.00000E+00  0.00000E+00  0.00000E+00  0.00000E+00  0.00000E+00  0.00000E+00  0.00000E+00  3.32241E+01  8.59407E+02  3.29013E+03  1.18548E+03  3.41750E+03  1.71715E+03  2.19422E+03  4.53948E+03  2.27873E+03  1.74976E+03  2.33840E+03  2.58371E+03  8.37046E+02  1.60785E+03  1.54610E+03  2.30943E+03  8.82311E+02  1.08277E+03  7.50686E+02  2.74793E+02  9.83822E+02  1.48859E+03  1.71384E+03  2.79340E+03  1.14829E+03  4.36290E+03  5.64681E+03  4.13974E+03  4.96627E+03  6.72731E+03  5.98028E+03  6.03328E+03  4.50603E+03  4.72370E+03  3.79780E+03  3.96722E+03  7.24750E+03  6.13535E+03  4.77011E+03  4.87573E+03  4.24395E+03  6.57318E+03  6.35863E+03  4.85558E+03  4.91736E+03  4.76543E+03  6.93874E+03  5.61175E+03  5.78565E+03  2.80075E+03  3.66773E+03  5.18943E+03  1.77568E+03  3.43518E+03  0.00000E+00  0.00000E+00  0.00000E+00  0.00000E+00  0.00000E+00  0.00000E+00  0.00000E+00  0.00000E+00  0.00000E+00  0.00000E+00  0.00000E+00
  0.00000E+00  0.00000E+00  0.00000E+00  0.00000E+00  0.00000E+00  0.00000E+00  0.00000E+00  0.00000E+00  2.25290E+02  1.66470E+03  2.14450E+03  1.51980E+03  2.58700E+03  2.70832E+03  2.18356E+03  4.53332E+03  1.98685E+03  4.06297E+03  2.87370E+03  3.18201E+03  1.55396E+03  2.12911E+03  2.09367E+03  1.13978E+03  1.79321E+03  2.00402E+03  9.72789E+02  4.93901E+02  1.54002E+03  1.80981E+03  1.03167E+03  1.46390E+03  2.59703E+03  4.64031E+03  4.83207E+03  3.46483E+03  5.69889E+03  5.86146E+03  6.94905E+03  6.05961E+03  6.40179E+03  5.17574E+03  4.26085E+03  4.70266E+03  6.18384E+03  5.74514E+03  5.51504E+03  7.88987E+03  6.39091E+03  5.79595E+03  5.69677E+03  6.65807E+03  8.09479E+03  6.69618E+03  7.15232E+03  6.09821E+03  6.10491E+03  4.52853E+03  7.35622E+03  4.90111E+03  3.01961E+03  5.23696E+03  0.00000E+00  0.00000E+00  0.00000E+00  1.69164E+02  1.69164E+02  0.00000E+00  0.00000E+00  0.00000E+00  0.00000E+00  0.00000E+00  0.00000E+00
  0.00000E+00  0.00000E+00  0.00000E+00  0.00000E+00  0.00000E+00  0.00000E+00  0.00000E+00  0.00000E+00  1.08321E+02  1.32587E+03  2.21633E+03  2.73071E+03  1.01453E+03  1.42300E+03  2.51772E+03  1.76987E+03  2.46598E+03  3.73146E+03  2.63908E+03  3.02299E+03  9.73768E+02  1.36567E+03  1.11524E+03  1.66025E+03  1.86997E+03  1.92159E+03  1.39489E+03  2.69607E+03  2.99632E+03  1.19552E+03  1.45256E+03  2.09059E+03  4.43212E+03  5.57762E+03  5.00860E+03  5.07069E+03  4.80645E+03  4.33966E+03  7.57773E+03  6.57270E+03  5.39587E+03  3.21209E+03  3.08896E+03  5.17409E+03  7.17475E+03  6.12883E+03  7.60919E+03  5.91538E+03  4.62644E+03  8.89301E+03  6.54656E+03  4.94642E+03  7.21351E+03  6.56703E+03  6.46086E+03  5.46660E+03  8.49323E+03  2.02471E+03  2.36350E+03  4.86259E+03  3.47598E+03  3.41599E+03  1.25807E+03  3.25874E+02  0.00000E+00  2.10962E+03  2.53101E+03  4.95038E+02  0.00000E+00  0.00000E+00  0.00000E+00  0.00000E+00  0.00000E+00
  0.00000E+00  0.00000E+00  0.00000E+00  0.00000E+00  0.00000E+00  0.00000E+00  0.00000E+00  0.00000E+00  0.00000E+00  9.30659E+02  2.27969E+03  2.67043E+03  2.15216E+03  1.07053E+03  2.62971E+03  1.86280E+03  7.50848E+02  2.64592E+03  1.98160E+03  2.79291E+03  1.78650E+03  1.52351E+03  1.19442E+03  1.88258E+03  3.27494E+03  1.86302E+03  1.73064E+03  1.24161E+03  1.30146E+03  7.79288E+02  1.94780E+03  2.88998E+03  7.78078E+03  5.73787E+03  4.34398E+03  5.05051E+03  6.85734E+03  6.89903E+03  5.12404E+03  3.70040E+03  4.05172E+03  2.69488E+03  3.50811E+03  6.07138E+03  6.66859E+03  6.02184E+03  5.92126E+03  6.20843E+03  3.97899E+03  4.89171E+03  5.98998E+03  4.27905E+03  7.11628E+03  6.61881E+03  5.50560E+03  5.45279E+03  4.52795E+03  1.46280E+03  1.94519E+03  2.41036E+03  2.55889E+03  2.36719E+03  2.33717E+03  2.64945E+03  2.29314E+03  1.24411E+03  3.23190E+03  3.09533E+03  3.19810E+02  0.00000E+00  0.00000E+00  0.00000E+00  0.00000E+00
  0.00000E+00  0.00000E+00  0.00000E+00  0.00000E+00  0.00000E+00  0.00000E+00  0.00000E+00  0.00000E+00  0.00000E+00  1.00570E+03  3.07869E+03  3.27318E+03  1.94164E+03  1.38498E+03  2.33507E+03  8.77772E+02  1.73685E+03  1.41512E+03  1.63752E+03  2.19258E+03  9.71883E+02  7.97183E+02  1.55018E+03  2.44457E+03  2.71217E+03  3.56776E+03  2.09318E+03  1.41047E+03  1.40998E+03  1.48154E+03  7.49853E+02  3.55296E+03  5.36196E+03  4.99585E+03  2.89437E+03  5.83780E+03  6.76888E+03  4.89754E+03  4.67947E+03  3.12350E+03  5.22892E+03  3.70478E+03  3.38969E+03  4.01908E+03  5.63760E+03  7.06180E+03  6.77072E+03  6.44707E+03  3.84600E+03  6.19423E+03  6.49826E+03  4.87208E+03  7.25258E+03  3.61428E+03  4.50125E+03  4.53002E+03  3.38772E+03  2.00473E+03  2.32370E+03  2.17569E+03  2.43315E+03  3.01348E+03  2.91335E+03  2.51158E+03  3.20974E+03  2.02593E+03  1.24384E+03  2.04759E+03  6.27757E+02  0.00000E+00  0.00000E+00  0.00000E+00  0.00000E+00
  0.00000E+00  0.00000E+00  0.00000E+00  0.00000E+00  0.00000E+00  0.00000E+00  0.00000E+00  0.00000E+00  0.00000E+00  0.00000E+00  6.20328E+02  1.27562E+03  1.01040E+03  2.49128E+03  3.65279E+03  2.97165E+03  1.25318E+03  2.11095E+03  3.21320E+03  2.06262E+03  1.89998E+03  1.58095E+03  1.67701E+03  2.33594E+03  7.38795E+02  2.45703E+02  1.77513E+02  1.12103E+03  3.51358E+03  2.26184E+03  6.97787E+02  1.90961E+03  1.90180E+03  1.07077E+03  5.24165E+03  4.58742E+03  5.81067E+03  4.04512E+03  4.76490E+03  4.33000E+03  3.61068E+03  2.92304E+03  4.52948E+03  6.10618E+03  6.17493E+03  5.95635E+03  5.62897E+03  6.11514E+03  4.37724E+03  5.59890E+03  6.72059E+03  5.26747E+03  4.94481E+03  4.37283E+03  3.50003E+03  4.87993E+03  3.01325E+03  2.41870E+03  2.84912E+03  2.12152E+03  2.49297E+03  2.02597E+03  1.62932E+03  2.83049E+03  3.03774E+03  2.58784E+03  1.83525E+03  1.49220E+03  0.00000E+00  0.00000E+00  0.00000E+00  0.00000E+00  0.00000E+00
  0.00000E+00  0.00000E+00  0.00000E+00  0.00000E+00  0.00000E+00  0.00000E+00  0.00000E+00  0.00000E+00  0.00000E+00  0.00000E+00  0.00000E+00  0.00000E+00  1.17535E+03  1.93132E+03  1.44414E+03  1.14263E+03  1.44794E+03  1.35875E+03  3.04790E+03  2.39866E+03  2.52843E+03  1.50930E+03  9.29367E+02  2.79023E+03  3.55027E+02  2.07806E+02  9.06291E+02  2.46910E+03  2.41598E+03  2.09660E+03  2.63601E+03  1.84877E+03  3.34809E+02  5.37224E+02  4.72151E+03  3.58195E+03  4.43344E+03  3.73475E+03  3.82428E+03  5.39361E+03  2.25803E+03  2.23003E+03  4.45420E+03  5.78616E+03  7.77783E+03  4.02789E+03  3.61280E+03  7.07965E+03  4.54732E+03  4.88268E+03  3.32102E+03  5.47290E+03  4.50250E+03  3.49566E+03  2.86400E+03  3.32424E+03  3.25773E+03  2.90211E+03  2.19503E+03  1.78422E+03  1.59477E+03  2.76266E+03  4.38469E+03  3.52017E+03  1.83723E+03  2.19101E+03  2.34962E+03  1.07165E+03  0.00000E+00  0.00000E+00  0.00000E+00  0.00000E+00  0.00000E+00
  0.00000E+00  0.00000E+00  0.00000E+00  0.00000E+00  0.00000E+00  0.00000E+00  0.00000E+00  0.00000E+00  0.00000E+00  0.00000E+00  0.00000E+00  0.00000E+00  2.89136E+02  2.71056E+03  2.10794E+03  2.68194E+03  1.13958E+03  1.77610E+03  8.44716E+02  1.46904E+03  2.48974E+03  1.13066E+03  3.22709E+03  3.19136E+03  8.72633E+02  1.07683E+03  2.88453E+03  3.16421E+03  2.76995E+03  2.02799E+03  1.71232E+03  1.67404E+02  0.00000E+00  2.35759E+03  5.03471E+03  4.68540E+03  4.78715E+03  6.06498E+03  5.54419E+03  3.92215E+03  4.67422E+03  4.68666E+03  5.89611E+03  4.83952E+03  5.88559E+03  6.47759E+03  3.11908E+03  4.26061E+03  5.81345E+03  5.76742E+03  5.21276E+03  3.92349E+03  4.52665E+03  3.71675E+03  2.52663E+03  1.85255E+03  1.35058E+03  1.33426E+03  1.58901E+03  1.73007E+03  3.50966E+03  5.95071E+03  1.44634E+03  3.90279E+03  1.89251E+03  2.58630E+03  1.49925E+03  2.49081E+02  0.00000E+00  0.00000E+00  0.00000E+00  0.00000E+00  0.00000E+00
  0.00000E+00  0.00000E+00  0.00000E+00  0.00000E+00  0.00000E+00  0.00000E+00  0.00000E+00  0.00000E+00  0.00000E+00  0.00000E+00  0.00000E+00  0.00000E+00  0.00000E+00  9.89147E+02  9.51336E+02  1.46659E+03  1.06988E+03  5.94879E+02  5.14249E+02  4.39395E+02  6.07705E+02  1.33417E+03  3.77690E+03  2.68514E+03  9.83912E+02  3.45097E+03  2.41915E+03  2.60543E+03  2.50536E+03  2.20395E+03  5.02213E+02  0.00000E+00  2.07566E+03  4.72765E+03  4.43886E+03  3.77618E+03  4.80308E+03  4.54331E+03  7.40636E+03  8.27691E+03  5.51463E+03  5.21313E+03  7.56057E+03  4.76975E+03  5.48997E+03  5.43934E+03  3.96678E+03  4.33257E+03  7.70889E+03  6.08576E+03  7.79053E+03  2.41721E+03  2.37544E+03  1.90494E+03  2.99061E+03  2.24895E+03  1.58238E+03  1.82593E+03  2.08350E+03  1.21743E+03  2.14180E+03  3.21368E+03  2.17144E+03  2.82789E+03  3.12041E+03  2.44280E+03  1.30866E+03  0.00000E+00  0.00000E+00  0.00000E+00  0.00000E+00  0.00000E+00  0.00000E+00
  0.00000E+00  0.00000E+00  0.00000E+00  0.00000E+00  0.00000E+00  0.00000E+00  0.00000E+00  0.00000E+00  0.00000E+00  0.00000E+00  0.00000E+00  0.00000E+00  0.00000E+00  0.00000E+00  0.00000E+00  3.64052E+02  6.58462E+02  4.17446E+02  3.26464E+03  3.10415E+03  1.04081E+03  2.32165E+03  3.18742E+03  1.93325E+03  9.84206E+02  2.35885E+03  1.58212E+03  2.11681E+03  2.43248E+03  1.52643E+03  1.67404E+02  9.73464E+02  4.45680E+03  4.06070E+03  4.96984E+03  5.87677E+03  5.64133E+03  5.04167E+03  6.37044E+03  7.44092E+03  6.56943E+03  6.09642E+03  6.20158E+03  4.96922E+03  3.01622E+03  3.62048E+03  4.50692E+03  4.16697E+03  4.52205E+03  3.77269E+03  2.41999E+03  1.73806E+03  1.69330E+03  2.65183E+03  2.32931E+03  2.14881E+03  1.18026E+03  2.58227E+03  3.15916E+03  1.65456E+03  7.23064E+02  2.61272E+03  1.49474E+03  4.67396E+03  3.82691E+03  3.03406E+03  2.89296E+03  4.49790E+02  0.00000E+00  0.00000E+00  0.00000E+00  0.00000E+00  0.00000E+00
  0.00000E+00  0.00000E+00  0.00000E+00  0.00000E+00  0.00000E+00  0.00000E+00  0.00000E+00  0.00000E+00  0.00000E+00  0.00000E+00  0.00000E+00  0.00000E+00  0.00000E+00  0.00000E+00  0.00000E+00  2.63076E+02  4.37273E+02  5.03035E+02  9.09694E+02  2.17109E+03  2.51500E+03  1.86184E+03  2.95499E+03  2.37867E+03  2.54412E+03  2.88910E+03  1.88081E+03  1.23033E+03  1.67404E+02  2.13129E+03  9.06291E+02  2.42025E+03  4.80038E+03  4.66718E+03  5.57659E+03  5.45678E+03  5.34979E+03  4.78468E+03  4.75673E+03  3.12453E+03  2.70379E+03  2.22634E+03  2.93677E+03  2.30782E+03  3.58026E+02  6.65227E+03  3.43913E+03  2.33778E+03  4.81789E+03  2.95063E+03  2.05807E+03  2.91891E+03  1.33889E+03  2.73696E+03  2.53147E+03  2.21676E+03  1.81820E+03  2.56817E+03  2.28558E+03  1.78875E+03  1.23180E+03  4.40279E+03  4.64853E+03  4.54093E+03  3.77039E+03  3.02800E+03  2.38998E+03  1.07708E+03  0.00000E+00  0.00000E+00  0.00000E+00  0.00000E+00  0.00000E+00
  0.00000E+00  0.00000E+00  0.00000E+00  0.00000E+00  0.00000E+00  0.00000E+00  0.00000E+00  0.00000E+00  0.00000E+00  0.00000E+00  0.00000E+00  0.00000E+00  0.00000E+00  0.00000E+00  0.00000E+00  3.92616E+02  1.91640E+03  9.58822E+02  1.69825E+03  2.39585E+03  7.64925E+02  2.64209E+03  3.17756E+03  2.66248E+03  3.32830E+03  2.57742E+03  3.68852E+03  6.35498E+02  3.35492E+03  4.96375E+03  1.50842E+03  2.85641E+03  4.63926E+03  5.64536E+03  7.44645E+03  3.77043E+03  2.77559E+03  3.12828E+03  5.35536E+03  3.11560E+03  4.45471E+03  4.84954E+03  3.91291E+03  2.26471E+03  1.70072E+03  5.83167E+03  3.18383E+03  1.71378E+03  3.58115E+03  3.11372E+03  1.60683E+03  1.89436E+03  1.33870E+03  2.57075E+03  1.60559E+03  2.33744E+03  1.72208E+03  3.00225E+03  2.64036E+03  3.19792E+03  1.99691E+03  3.12672E+03  3.60704E+03  4.12240E+03  3.33975E+03  2.49350E+03  1.88819E+03  5.56968E+02  0.00000E+00  0.00000E+00  0.00000E+00  0.00000E+00  0.00000E+00
  0.00000E+00  0.00000E+00  0.00000E+00  0.00000E+00  0.00000E+00  0.00000E+00  0.00000E+00  0.00000E+00  0.00000E+00  0.00000E+00  0.00000E+00  0.00000E+00  0.00000E+00  0.00000E+00  0.00000E+00  2.83813E+02  2.63271E+03  1.08145E+03  1.40332E+03  2.90532E+03  7.72677E+02  1.41699E+03  1.38719E+03  1.66730E+03  2.30533E+03  1.92877E+03  3.39669E+03  2.66156E+03  6.37350E+03  3.72006E+03  3.06485E+03  4.56126E+03  3.67810E+03  4.06950E+03  3.73028E+03  2.25558E+03  2.65028E+03  3.49786E+03  1.49904E+03  8.09153E+02  2.70507E+03  3.36531E+03  5.44026E+03  1.94349E+03  1.29452E+03  1.59341E+03  1.91958E+03  8.96098E+02  2.68459E+02  9.20652E+02  1.40952E+03  2.90194E+03  3.42339E+03  2.70034E+03  2.07404E+03  2.02306E+03  1.87097E+03  2.26080E+03  1.69215E+03  6.98448E+02  8.80471E+02  1.95544E+03  1.33790E+03  1.89620E+03  1.16343E+03  1.66444E+03  1.42749E+03  6.56150E+02  0.00000E+00  0.00000E+00  0.00000E+00  0.00000E+00  0.00000E+00
  0.00000E+00  0.00000E+00  0.00000E+00  0.00000E+00  0.00000E+00  0.00000E+00  0.00000E+00  0.00000E+00  0.00000E+00  0.00000E+00  0.00000E+00  0.00000E+00  0.00000E+00  0.00000E+00  0.00000E+00  1.43735E+02  2.12994E+03  4.64661E+02  1.08900E+03  1.95136E+03  1.54119E+03  2.59268E+03  2.12177E+03  2.51443E+03  2.18441E+03  3.50497E+03  3.86156E+03  7.68133E+03  5.38524E+03  4.01864E+03  5.22557E+03  5.89355E+03  4.19749E+03  3.59009E+03  2.79161E+03  1.97833E+03  3.39877E+03  2.79281E+03  1.91271E+03  1.54596E+03  1.29185E+03  3.08659E+03  4.09909E+03  2.26809E+03  3.66303E+02  2.09007E+03  2.84162E+03  1.08017E+03  5.67624E+02  1.03221E+03  3.17662E+03  2.26132E+03  2.42863E+03  3.11633E+03  2.76503E+03  2.96718E+03  3.24557E+03  8.12038E+02  2.12929E+02  3.54854E+02  1.71235E+03  1.84745E+03  1.47209E+03  7.11105E+02  8.29544E+02  2.12992E+02  4.15137E+02  0.00000E+00  0.00000E+00  0.00000E+00  0.00000E+00  0.00000E+00  0.00000E+00
  0.00000E+00  0.00000E+00  0.00000E+00  0.00000E+00  0.00000E+00  0.00000E+00  0.00000E+00  0.00000E+00  0.00000E+00  0.00000E+00  0.00000E+00  0.00000E+00  0.00000E+00  0.00000E+00  0.00000E+00  0.00000E+00  1.74976E+03  7.44501E+02  1.22570E+03  2.62304E+03  1.72976E+03  1.82656E+03  2.03462E+03  4.50218E+02  1.09751E+03  2.52779E+03  3.28912E+02  3.92254E+03  6.38255E+03  5.30011E+03  4.19341E+03  4.25029E+03  2.85797E+03  1.40262E+03  2.33834E+03  2.27119E+03  2.08070E+03  1.65956E+03  1.84148E+03  1.21943E+03  1.35893E+03  1.32320E+03  1.77285E+03  3.47307E+03  2.63133E+03  3.01245E+02  1.16611E+03  1.71055E+03  1.35816E+03  1.97808E+03  4.31533E+03  2.27321E+03  3.85252E+03  1.35442E+03  2.42183E+03  2.41528E+03  1.75822E+03  1.26120E+03  4.37817E+02  8.51468E+02  1.43687E+03  2.80058E+03  2.40860E+03  5.64845E+02  2.01416E+03  4.25984E+02  0.00000E+00  0.00000E+00  0.00000E+00  0.00000E+00  0.00000E+00  0.00000E+00  0.00000E+00
  0.00000E+00  0.00000E+00  0.00000E+00  0.00000E+00  0.00000E+00  0.00000E+00  0.00000E+00  0.00000E+00  0.00000E+00  0.00000E+00  0.00000E+00  0.00000E+00  0.00000E+00  0.00000E+00  0.00000E+00  0.00000E+00  0.00000E+00  2.65945E+02  6.93561E+02  1.20900E+03  3.80093E+03  2.23511E+03  1.23377E+03  2.16628E+03  2.31423E+03  1.26665E+03  1.31284E+03  2.88980E+03  3.36039E+03  4.00293E+03  3.04681E+03  2.47064E+03  2.79338E+03  4.98310E+02  2.36347E+03  1.59571E+03  5.42347E+02  1.20017E+03  1.91323E+03  1.56369E+03  1.70430E+03  1.12893E+03  8.51109E+02  1.03373E+03  2.62055E+03  2.77496E+03  4.59118E+02  6.56638E+02  1.40341E+03  5.95315E+03  6.76251E+03  6.93697E+03  5.74400E+03  3.64048E+03  4.30380E+03  2.40389E+03  1.87923E+03  1.28762E+03  4.37831E+02  7.80547E+02  2.02369E+03  3.52948E+03  4.37234E+03  3.76496E+03  5.53490E+03  2.20915E+03  0.00000E+00  0.00000E+00  0.00000E+00  0.00000E+00  0.00000E+00  0.00000E+00  0.00000E+00
  0.00000E+00  0.00000E+00  0.00000E+00  0.00000E+00  0.00000E+00  0.00000E+00  0.00000E+00  0.00000E+00  0.00000E+00  0.00000E+00  0.00000E+00  0.00000E+00  0.00000E+00  0.00000E+00  0.00000E+00  0.00000E+00  0.00000E+00  0.00000E+00  0.00000E+00  0.00000E+00  8.48363E+02  2.21387E+03  2.38208E+03  2.15594E+03  1.45065E+03  1.22979E+03  1.51957E+03  7.78209E+02  1.00992E+03  1.16795E+03  1.07343E+03  3.03535E+03  1.54691E+03  8.12198E+02  1.92831E+03  1.53172E+03  1.64249E+03  1.66464E+03  1.67395E+03  1.46462E+03  1.64386E+03  1.11728E+03  7.95657E+02  5.59193E+02  1.33595E+03  1.61844E+03  2.60915E+03  1.17017E+03  5.83676E+02  1.97693E+03  5.15538E+03  5.75525E+03  5.37931E+03  6.23040E+03  3.89883E+03  2.21603E+03  3.27661E+03  3.00851E+03  1.03340E+03  2.24798E+03  1.02237E+03  3.16983E+03  4.00388E+03  5.46146E+03  3.30921E+03  7.40069E+02  0.00000E+00  0.00000E+00  0.00000E+00  0.00000E+00  0.00000E+00  0.00000E+00  0.00000E+00
  0.00000E+00  0.00000E+00  0.00000E+00  0.00000E+00  0.00000E+00  0.00000E+00  0.00000E+00  0.00000E+00  0.00000E+00  0.00000E+00  0.00000E+00  0.00000E+00  0.00000E+00  0.00000E+00  0.00000E+00  0.00000E+00  0.00000E+00  0.00000E+00  0.00000E+00  0.00000E+00  0.00000E+00  3.97021E+02  2.23393E+03  2.09634E+03  2.08206E+03  1.63265E+03  7.94881E+02  4.60145E+02  1.06702E+03  9.23313E+02  1.09762E+03  2.99901E+03  3.50751E+03  1.79295E+03  1.19162E+03  1.04170E+03  1.17230E+03  1.47332E+03  1.22907E+03  1.16420E+03  1.30401E+03  1.26369E+03  1.66421E+03  9.85036E+02  1.61886E+03  1.88625E+03  3.30016E+03  2.30364E+03  2.57522E+03  1.64608E+03  4.00723E+03  3.61931E+03  2.60490E+03  3.87455E+03  3.11406E+03  3.87495E+03  4.04289E+03  2.18743E+03  1.10456E+03  1.38014E+03  3.98823E+02  2.45871E+03  3.61983E+03  4.17708E+03  2.98295E+03  0.00000E+00  0.00000E+00  0.00000E+00  0.00000E+00  0.00000E+00  0.00000E+00  0.00000E+00  0.00000E+00
  0.00000E+00  0.00000E+00  0.00000E+00  0.00000E+00  0.00000E+00  0.00000E+00  0.00000E+00  0.00000E+00  0.00000E+00  0.00000E+00  0.00000E+00  0.00000E+00  0.00000E+00  0.00000E+00  0.00000E+00  0.00000E+00  0.00000E+00  0.00000E+00  0.00000E+00  0.00000E+00  0.00000E+00  0.00000E+00  8.01362E+01  1.55849E+03  9.27852E+02  2.40825E+02  3.43839E+01  1.73133E+02  5.25544E+02  5.83937E+02  1.19547E+03  8.31624E+02  1.18324E+03  7.91869E+02  1.20378E+03  9.94343E+02  1.17836E+03  1.42514E+03  1.45403E+03  1.53505E+03  8.89252E+02  1.06604E+03  1.38574E+03  1.15277E+03  1.77290E+03  1.22754E+03  3.84076E+03  2.49673E+03  4.93064E+03  3.78272E+03  2.07598E+03  2.02821E+03  2.56785E+03  2.44377E+03  2.62743E+03  1.90453E+03  2.56956E+03  1.18017E+03  6.43242E+02  0.00000E+00  8.44092E+02  1.18493E+03  3.35758E+03  3.04222E+03  2.60687E+02  2.76126E+02  4.01052E+01  0.00000E+00  0.00000E+00  0.00000E+00  0.00000E+00  0.00000E+00  0.00000E+00
  0.00000E+00  0.00000E+00  0.00000E+00  0.00000E+00  0.00000E+00  0.00000E+00  0.00000E+00  0.00000E+00  0.00000E+00  0.00000E+00  0.00000E+00  0.00000E+00  0.00000E+00  0.00000E+00  0.00000E+00  0.00000E+00  0.00000E+00  0.00000E+00  0.00000E+00  0.00000E+00  0.00000E+00  0.00000E+00  1.47930E+03  1.36487E+03  1.71954E+02  6.88022E+01  6.88022E+01  1.22181E+03  1.07327E+03  2.19051E+03  1.19549E+03  1.36056E+03  9.38637E+02  1.17102E+03  9.34541E+02  6.02306E+02  1.12177E+03  1.65525E+03  1.40239E+03  1.25989E+03  1.41886E+03  1.08956E+03  1.55155E+03  1.90691E+03  1.63973E+03  1.55232E+03  1.99815E+03  2.47001E+03  1.21768E+03  1.65983E+03  2.29067E+03  1.78866E+03  3.04057E+03  2.66910E+03  2.16250E+03  6.77594E+02  2.47987E+03  1.62662E+03  2.23474E+03  2.61219E+03  8.00944E+02  2.45206E+03  3.36865E+03  9.05710E+02  7.20810E+02  4.04957E+02  1.25431E+02  0.00000E+00  0.00000E+00  0.00000E+00  0.00000E+00  0.00000E+00  0.00000E+00
  0.00000E+00  0.00000E+00  0.00000E+00  0.00000E+00  0.00000E+00  0.00000E+00  0.00000E+00  0.00000E+00  0.00000E+00  0.00000E+00  0.00000E+00  0.00000E+00  0.00000E+00  0.00000E+00  0.00000E+00  0.00000E+00  0.00000E+00  0.00000E+00  0.00000E+00  0.00000E+00  0.00000E+00  0.00000E+00  4.68474E+02  4.08729E+02  3.09575E+02  0.00000E+00  7.19598E+02  8.86245E+02  2.64921E+03  1.80444E+03  1.42785E+03  1.14039E+03  1.15882E+03  4.46357E+02  1.19915E+03  1.06094E+03  6.72709E+02  1.22340E+03  6.10549E+02  9.92850E+02  1.50010E+03  8.63822E+02  8.52651E+02  1.00213E+03  1.66236E+03  1.44836E+03  1.96884E+03  2.78222E+03  2.08655E+03  1.84497E+03  1.90808E+03  2.29220E+03  1.75034E+03  2.71569E+03  1.27794E+03  1.14951E+03  1.21416E+03  2.97312E+03  5.32456E+03  3.57197E+03  1.91935E+03  1.97540E+03  7.55103E+02  4.28576E+01  9.95635E+02  1.06057E+03  6.22347E+02  0.00000E+00  0.00000E+00  0.00000E+00  0.00000E+00  0.00000E+00  0.00000E+00
  0.00000E+00  0.00000E+00  0.00000E+00  0.00000E+00  0.00000E+00  0.00000E+00  0.00000E+00  0.00000E+00  0.00000E+00  0.00000E+00  0.00000E+00  0.00000E+00  0.00000E+00  0.00000E+00  0.00000E+00  0.00000E+00  0.00000E+00  0.00000E+00  0.00000E+00  0.00000E+00  0.00000E+00  0.00000E+00  0.00000E+00  6.88022E+01  1.99686E+02  6.00494E+02  1.57212E+03  9.35000E+02  2.18816E+03  3.45026E+03  1.02423E+03  7.97994E+02  1.27195E+03  9.41877E+02  2.02196E+03  2.12833E+03  1.33842E+03  6.17552E+02  9.12303E+02  7.21591E+02  2.36188E+03  1.49774E+03  1.06856E+03  1.66796E+03  1.69415E+03  8.88900E+02  1.38083E+03  1.88274E+03  1.68750E+03  2.48561E+03  1.94102E+03  1.39349E+03  2.39937E+03  2.24391E+03  1.28728E+03  6.56613E+02  2.40862E+03  4.87480E+03  4.09029E+03  1.14071E+03  5.87801E+02  7.37879E+02  4.17974E+02  1.20916E+03  1.71222E+03  9.72619E+02  3.71278E+02  2.25573E+02  0.00000E+00  0.00000E+00  0.00000E+00  0.00000E+00  0.00000E+00
  0.00000E+00  0.00000E+00  0.00000E+00  0.00000E+00  0.00000E+00  0.00000E+00  0.00000E+00  0.00000E+00  0.00000E+00  0.00000E+00  0.00000E+00  0.00000E+00  0.00000E+00  0.00000E+00  0.00000E+00  0.00000E+00  0.00000E+00  0.00000E+00  0.00000E+00  0.00000E+00  0.00000E+00  0.00000E+00  0.00000E+00  0.00000E+00  8.59941E+01  1.37587E+02  1.27383E+03  1.15988E+03  2.16320E+02  2.87323E+03  2.58410E+03  1.24570E+03  4.64695E+02  1.91948E+03  1.80039E+03  3.15482E+03  1.90801E+03  6.29469E+02  2.05614E+03  1.53491E+03  2.03703E+03  1.65726E+03  1.66481E+03  3.04173E+03  1.25824E+03  1.13907E+03  1.89450E+03  1.00522E+03  1.57164E+03  4.43531E+03  3.24437E+03  1.18162E+03  1.39870E+03  2.07275E+03  3.27313E+03  5.10928E+03  5.16132E+03  4.54113E+03  2.70482E+03  1.10344E+03  1.63429E+03  7.69533E+02  9.68193E+02  4.20848E+02  1.16145E+03  4.40779E+02  6.23737E+02  3.13096E+02  0.00000E+00  0.00000E+00  0.00000E+00  0.00000E+00  0.00000E+00
  0.00000E+00  0.00000E+00  0.00000E+00  0.00000E+00  0.00000E+00  0.00000E+00  0.00000E+00  0.00000E+00  0.00000E+00  0.00000E+00  0.00000E+00  0.00000E+00  0.00000E+00  0.00000E+00  0.00000E+00  0.00000E+00  0.00000E+00  0.00000E+00  0.00000E+00  0.00000E+00  0.00000E+00  0.00000E+00  0.00000E+00  0.00000E+00  1.72092E+01  1.72057E+02  3.04730E+02  1.11995E+03  2.16320E+02  1.93170E+03  5.99870E+03  6.51579E+03  4.56545E+02  1.75065E+03  2.08026E+03  2.37082E+03  1.73383E+03  1.28829E+03  1.73246E+03  6.46305E+02  1.77196E+03  2.86214E+03  2.28395E+03  1.37927E+03  1.54449E+03  2.48174E+03  3.48630E+03  1.77339E+03  1.97486E+03  4.42045E+03  4.14936E+03  9.17121E+02  0.00000E+00  3.40387E+03  7.56045E+03  3.01091E+03  2.81844E+03  1.50915E+03  7.41116E+02  7.95807E+02  6.63368E+02  1.07209E+03  8.38582E+02  9.88814E+02  9.68481E+02  6.37530E+02  5.12736E+02  1.03312E+02  0.00000E+00  0.00000E+00  0.00000E+00  0.00000E+00  0.00000E+00
  0.00000E+00  0.00000E+00  0.00000E+00  0.00000E+00  0.00000E+00  0.00000E+00  0.00000E+00  0.00000E+00  0.00000E+00  0.00000E+00  0.00000E+00  0.00000E+00  0.00000E+00  0.00000E+00  0.00000E+00  0.00000E+00  0.00000E+00  0.00000E+00  0.00000E+00  0.00000E+00  0.00000E+00  0.00000E+00  0.00000E+00  0.00000E+00  0.00000E+00  1.37604E+02  1.89232E+02  3.06231E+02  6.17987E+02  2.82179E+03  2.86148E+03  4.95005E+03  1.70348E+03  1.51535E+02  8.61865E+02  2.26555E+03  1.95937E+03  1.26651E+03  6.53254E+02  9.16240E+02  1.31834E+03  1.92622E+03  1.82757E+03  7.40972E+02  1.47786E+03  1.66158E+03  3.52119E+03  3.31721E+03  3.45378E+03  1.74864E+03  9.06580E+02  1.14532E+03  0.00000E+00  7.12045E+02  2.29069E+03  7.37867E+01  0.00000E+00  1.92825E+02  3.71613E+02  1.76933E+02  6.48958E+02  1.02615E+03  8.33298E+02  4.05740E+02  3.02427E+02  7.86312E+02  5.76299E+02  1.49506E+02  3.00336E+02  1.00011E+02  0.00000E+00  0.00000E+00  0.00000E+00
  0.00000E+00  0.00000E+00  0.00000E+00  0.00000E+00  0.00000E+00  0.00000E+00  0.00000E+00  0.00000E+00  0.00000E+00  0.00000E+00  0.00000E+00  0.00000E+00  0.00000E+00  0.00000E+00  0.00000E+00  0.00000E+00  0.00000E+00  0.00000E+00  0.00000E+00  0.00000E+00  0.00000E+00  0.00000E+00  0.00000E+00  0.00000E+00  0.00000E+00  3.17053E+02  2.77678E+02  0.00000E+00  1.05246E+01  8.96699E+02  1.79839E+03  4.81894E+03  4.61338E+03  1.45688E+03  4.04606E+02  1.88406E+03  3.39663E+03  2.21554E+03  1.06530E+03  1.41844E+03  2.47849E+03  2.84652E+03  2.89130E+03  2.84666E+03  2.17635E+03  1.84799E+03  7.85215E+02  3.74730E+03  2.52187E+03  2.30209E+03  1.02744E+03  3.52750E+02  0.00000E+00  0.00000E+00  1.87898E+02  7.11229E+02  1.85767E+02  4.53744E+02  4.76579E+02  3.62328E+02  4.43893E+02  4.85173E+02  9.56440E+02  4.41058E+02  3.13528E+02  5.94430E+02  7.73269E+02  4.02498E+02  1.60119E+02  2.00123E+02  1.40016E+02  8.00089E+01  0.00000E+00
  0.00000E+00  0.00000E+00  0.00000E+00  0.00000E+00  0.00000E+00  0.00000E+00  0.00000E+00  0.00000E+00  0.00000E+00  0.00000E+00  0.00000E+00  0.00000E+00  0.00000E+00  0.00000E+00  0.00000E+00  0.00000E+00  0.00000E+00  0.00000E+00  0.00000E+00  0.00000E+00  0.00000E+00  0.00000E+00  0.00000E+00  0.00000E+00  0.00000E+00  5.40799E+01  1.62240E+02  0.00000E+00  0.00000E+00  3.53556E+02  2.28802E+03  2.47750E+03  5.01232E+03  5.70931E+03  1.51535E+02  1.33958E+03  4.68820E+03  4.90273E+03  2.88906E+03  1.69760E+03  3.00460E+03  1.17160E+03  7.80073E+02  2.84110E+02  5.18664E+02  4.31597E+03  2.69274E+03  9.85339E+02  2.21066E+03  1.28046E+03  2.90007E+02  0.00000E+00  0.00000E+00  5.70595E+02  2.70932E+03  6.84998E+02  2.18261E+02  5.97750E+02  7.79041E+02  3.93176E+02  5.87196E+02  3.23606E+02  4.59079E+02  6.68466E+02  7.33086E+02  6.44141E+02  7.75445E+02  6.03099E+02  2.45548E+02  2.60533E+02  4.40452E+02  1.80121E+02  0.00000E+00
  0.00000E+00  0.00000E+00  0.00000E+00  0.00000E+00  0.00000E+00  0.00000E+00  0.00000E+00  0.00000E+00  0.00000E+00  0.00000E+00  0.00000E+00  0.00000E+00  0.00000E+00  0.00000E+00  0.00000E+00  0.00000E+00  0.00000E+00  0.00000E+00  0.00000E+00  0.00000E+00  0.00000E+00  0.00000E+00  0.00000E+00  0.00000E+00  0.00000E+00  0.00000E+00  1.08160E+02  0.00000E+00  0.00000E+00  3.10139E+02  1.08545E+03  2.46616E+03  4.28289E+03  4.57263E+03  3.58178E+02  1.47361E+03  3.88171E+03  3.49746E+03  3.24039E+03  1.19077E+03  7.97840E+02  4.73672E+02  4.32141E+02  1.37514E+03  2.22769E+03  3.69477E+03  3.89215E+03  5.10223E+02  1.81228E+03  6.60997E+02  0.00000E+00  0.00000E+00  0.00000E+00  6.49294E+01  4.40731E+02  1.76291E+02  3.19239E+02  7.27387E+02  1.26062E+03  9.95374E+02  1.11680E+03  1.01799E+03  1.24619E+03  3.65631E+02  4.10031E+02  5.62029E+02  7.42802E+02  7.86345E+02  5.67372E+02  2.20327E+02  8.01097E+01  2.60533E+02  4.01052E+01
  0.00000E+00  0.00000E+00  0.00000E+00  0.00000E+00  0.00000E+00  0.00000E+00  0.00000E+00  0.00000E+00  0.00000E+00  0.00000E+00  0.00000E+00  0.00000E+00  0.00000E+00  0.00000E+00  0.00000E+00  0.00000E+00  0.00000E+00  0.00000E+00  0.00000E+00  0.00000E+00  0.00000E+00  0.00000E+00  0.00000E+00  0.00000E+00  0.00000E+00  0.00000E+00  1.08160E+02  3.24479E+02  0.00000E+00  0.00000E+00  0.00000E+00  6.49829E+02  4.88340E+03  4.25705E+03  1.53176E+03  1.67477E+03  4.55590E+03  2.75582E+03  1.08994E+03  5.88147E+02  6.62427E+02  2.80688E+02  1.86227E+03  3.42235E+03  3.37892E+03  4.24866E+03  2.47997E+03  2.08631E+02  5.21517E+02  2.66501E+01  1.25726E+03  3.17762E+02  0.00000E+00  0.00000E+00  1.60597E+02  2.14108E+02  3.98111E+02  5.62799E+02  9.18845E+02  1.15357E+03  1.36619E+03  1.43075E+03  1.22654E+03  9.63756E+02  7.30144E+02  4.48416E+02  8.59905E+02  4.73153E+02  4.58509E+02  2.08203E+02  1.00011E+02  2.00022E+01  0.00000E+00
  0.00000E+00  0.00000E+00  0.00000E+00  0.00000E+00  0.00000E+00  0.00000E+00  0.00000E+00  0.00000E+00  0.00000E+00  0.00000E+00  0.00000E+00  0.00000E+00  0.00000E+00  0.00000E+00  0.00000E+00  0.00000E+00  0.00000E+00  0.00000E+00  0.00000E+00  0.00000E+00  0.00000E+00  0.00000E+00  0.00000E+00  0.00000E+00  0.00000E+00  0.00000E+00  0.00000E+00  1.08160E+02  7.75173E+02  1.83619E+02  0.00000E+00  1.04541E+01  1.95816E+03  1.55173E+03  1.18045E+03  3.54728E+02  8.39016E+02  1.49469E+03  5.94727E+02  1.36769E+03  2.62941E+03  3.93121E+03  1.90750E+03  3.72454E+03  4.75556E+03  2.53119E+03  3.75868E+02  2.71028E+02  1.16158E+02  2.87800E+02  9.97539E+02  0.00000E+00  2.80903E+02  3.61060E+02  3.20640E+02  3.18419E+02  7.58408E+02  3.52762E+02  2.49450E+02  3.62913E+02  8.61622E+02  1.15512E+03  1.02428E+03  1.18943E+03  5.10459E+02  3.97831E+02  7.15814E+02  3.67728E+02  4.37618E+02  1.20114E+02  6.00067E+01  0.00000E+00  0.00000E+00
  0.00000E+00  0.00000E+00  0.00000E+00  0.00000E+00  0.00000E+00  0.00000E+00  0.00000E+00  0.00000E+00  0.00000E+00  0.00000E+00  0.00000E+00  0.00000E+00  0.00000E+00  0.00000E+00  0.00000E+00  0.00000E+00  0.00000E+00  0.00000E+00  0.00000E+00  0.00000E+00  0.00000E+00  0.00000E+00  0.00000E+00  0.00000E+00  0.00000E+00  0.00000E+00  0.00000E+00  5.40799E+01  8.16853E+02  1.10639E+03  0.00000E+00  0.00000E+00  0.00000E+00  0.00000E+00  7.57676E+01  5.82389E+01  2.03795E+02  5.90181E+02  1.75747E+02  1.40405E+03  1.47674E+03  3.20958E+03  3.81666E+03  2.22367E+03  1.24363E+03  0.00000E+00  0.00000E+00  8.58596E+01  2.66654E+01  0.00000E+00  0.00000E+00  2.84769E+02  5.89839E+02  1.40217E+02  8.02105E+01  2.85791E+01  3.41809E+02  4.45375E+02  3.35103E+02  4.30633E+02  5.08279E+02  6.12006E+02  5.97948E+02  5.05558E+02  7.55250E+02  2.85727E+02  1.00112E+02  4.97120E+02  1.04197E+03  3.69220E+02  5.63656E+01  0.00000E+00  0.00000E+00
  0.00000E+00  0.00000E+00  0.00000E+00  0.00000E+00  0.00000E+00  0.00000E+00  0.00000E+00  0.00000E+00  0.00000E+00  0.00000E+00  0.00000E+00  0.00000E+00  0.00000E+00  0.00000E+00  0.00000E+00  0.00000E+00  0.00000E+00  0.00000E+00  0.00000E+00  0.00000E+00  0.00000E+00  0.00000E+00  0.00000E+00  0.00000E+00  0.00000E+00  0.00000E+00  0.00000E+00  0.00000E+00  1.33537E+02  1.04292E+03  9.95491E+02  3.49857E+02  3.24479E+02  0.00000E+00  0.00000E+00  0.00000E+00  0.00000E+00  1.28205E+02  4.35903E+01  3.16843E+02  5.59347E+02  9.37383E+02  2.24880E+03  7.57784E+02  8.44980E+01  2.13583E+01  2.66654E+01  2.66654E+01  4.02544E+02  4.05949E+02  2.49450E+02  3.56404E+02  7.88825E+02  1.00112E+02  0.00000E+00  1.42777E+01  1.45915E+02  7.13618E+01  4.13374E+02  4.25493E+02  9.74607E+02  7.77196E+02  7.34430E+02  3.05283E+02  3.87837E+02  3.96763E+02  6.93493E+02  7.45449E+02  7.87109E+02  8.33083E+02  1.50933E+02  0.00000E+00  0.00000E+00
  0.00000E+00  0.00000E+00  0.00000E+00  0.00000E+00  0.00000E+00  0.00000E+00  0.00000E+00  0.00000E+00  0.00000E+00  0.00000E+00  0.00000E+00  0.00000E+00  0.00000E+00  0.00000E+00  0.00000E+00  0.00000E+00  0.00000E+00  0.00000E+00  0.00000E+00  0.00000E+00  0.00000E+00  0.00000E+00  0.00000E+00  0.00000E+00  0.00000E+00  0.00000E+00  0.00000E+00  0.00000E+00  0.00000E+00  1.87617E+02  2.70400E+02  0.00000E+00  0.00000E+00  0.00000E+00  0.00000E+00  0.00000E+00  1.08160E+02  1.50917E+03  3.90694E+02  4.86946E+02  5.25430E+02  3.53173E+02  2.38168E+02  2.34308E+02  1.71553E+02  1.08350E+01  9.56757E+01  0.00000E+00  1.71669E+02  1.22933E+02  7.89894E+01  2.70701E+02  2.49993E+02  0.00000E+00  9.59741E+01  3.62264E+02  5.08450E+02  9.12444E+02  2.88716E+02  3.91672E+02  7.85070E+02  8.91667E+02  4.95837E+02  3.73239E+02  6.18235E+02  3.28992E+02  3.17413E+02  5.28975E+02  1.49182E+02  1.73486E+02  1.76591E+01  0.00000E+00  0.00000E+00
  0.00000E+00  0.00000E+00  0.00000E+00  0.00000E+00  0.00000E+00  0.00000E+00  0.00000E+00  0.00000E+00  0.00000E+00  0.00000E+00  0.00000E+00  0.00000E+00  0.00000E+00  0.00000E+00  0.00000E+00  0.00000E+00  0.00000E+00  0.00000E+00  0.00000E+00  0.00000E+00  0.00000E+00  0.00000E+00  0.00000E+00  0.00000E+00  0.00000E+00  0.00000E+00  0.00000E+00  0.00000E+00  0.00000E+00  0.00000E+00  0.00000E+00  1.38197E+02  0.00000E+00  0.00000E+00  5.40799E+01  1.62240E+02  2.02117E+03  4.11163E+02  7.16608E+02  5.62263E+02  1.04540E+03  7.69025E+02  1.32710E+02  3.44378E+02  7.38455E+02  1.24280E+02  1.27249E+02  2.23880E+02  1.01711E+01  2.06061E+02  4.63161E+02  6.00824E+02  3.98353E+02  2.83845E+02  2.27778E+02  5.86810E+02  5.32944E+02  6.85912E+02  9.29237E+02  3.29898E+02  1.28479E+02  2.95002E+02  5.80263E+02  4.57863E+02  7.52709E+02  4.92207E+02  5.19591E+02  3.84744E+02  2.23861E+02  2.13209E+02  0.00000E+00  0.00000E+00  0.00000E+00
  0.00000E+00  0.00000E+00  0.00000E+00  0.00000E+00  0.00000E+00  0.00000E+00  0.00000E+00  0.00000E+00  0.00000E+00  0.00000E+00  0.00000E+00  0.00000E+00  0.00000E+00  0.00000E+00  0.00000E+00  0.00000E+00  0.00000E+00  0.00000E+00  0.00000E+00  0.00000E+00  0.00000E+00  0.00000E+00  0.00000E+00  0.00000E+00  0.00000E+00  0.00000E+00  0.00000E+00  0.00000E+00  0.00000E+00  0.00000E+00  0.00000E+00  3.32339E+02  1.39864E+02  2.70400E+02  4.86719E+02  5.40799E+01  6.46032E+01  1.75108E+02  8.82345E+02  7.81159E+02  8.88459E+02  6.47119E+02  4.77127E+02  5.29329E+02  6.58479E+02  2.87982E+02  8.45841E+01  3.99993E+02  1.65630E+01  8.24005E+01  0.00000E+00  8.24005E+01  1.80718E+02  4.23753E+02  1.78694E+01  3.38230E+02  4.26494E+02  8.70569E+02  1.62513E+03  1.50956E+02  0.00000E+00  0.00000E+00  6.01074E+01  5.53717E+02  3.48247E+02  5.17614E+02  5.58741E+02  4.37816E+02  6.04855E+01  0.00000E+00  0.00000E+00  0.00000E+00  0.00000E+00
  0.00000E+00  0.00000E+00  0.00000E+00  0.00000E+00  0.00000E+00  0.00000E+00  0.00000E+00  0.00000E+00  0.00000E+00  0.00000E+00  0.00000E+00  0.00000E+00  0.00000E+00  0.00000E+00  0.00000E+00  0.00000E+00  0.00000E+00  0.00000E+00  0.00000E+00  0.00000E+00  0.00000E+00  0.00000E+00  0.00000E+00  0.00000E+00  0.00000E+00  0.00000E+00  0.00000E+00  0.00000E+00  0.00000E+00  0.00000E+00  0.00000E+00  5.59455E+01  0.00000E+00  1.62240E+02  3.78559E+02  2.44292E+02  0.00000E+00  3.21933E+01  3.18816E+01  3.59959E+02  1.20649E+03  1.07583E+03  6.38978E+02  5.26315E+02  2.67995E+02  2.60274E+02  1.11672E+03  7.42257E+02  1.23875E+03  5.80707E+02  3.60849E+02  7.30867E+01  8.22561E+02  5.21126E+02  0.00000E+00  6.62728E+02  1.17315E+02  5.90397E+02  5.15601E+02  0.00000E+00  0.00000E+00  0.00000E+00  1.27703E+02  7.43474E+02  3.34046E+02  6.59818E+02  1.25122E+03  1.35104E+03  4.36881E+02  4.69817E+02  0.00000E+00  0.00000E+00  0.00000E+00
  0.00000E+00  0.00000E+00  0.00000E+00  0.00000E+00  0.00000E+00  0.00000E+00  0.00000E+00  0.00000E+00  0.00000E+00  0.00000E+00  0.00000E+00  0.00000E+00  0.00000E+00  0.00000E+00  0.00000E+00  0.00000E+00  0.00000E+00  0.00000E+00  0.00000E+00  0.00000E+00  0.00000E+00  0.00000E+00  0.00000E+00  0.00000E+00  0.00000E+00  0.00000E+00  0.00000E+00  0.00000E+00  0.00000E+00  0.00000E+00  0.00000E+00  0.00000E+00  0.00000E+00  0.00000E+00  0.00000E+00  0.00000E+00  0.00000E+00  0.00000E+00  0.00000E+00  0.00000E+00  5.60402E+02  1.05908E+03  4.04298E+02  2.68941E+02  0.00000E+00  1.03230E+01  6.50716E+02  1.97375E+02  2.24295E+02  1.04298E+03  1.15710E+03  2.05357E+02  6.29690E+02  4.60931E+02  5.14208E+02  6.93700E+02  1.12802E+03  6.51525E+02  3.12739E+01  3.12739E+01  0.00000E+00  0.00000E+00  4.33388E+02  5.18970E+02  7.09495E+02  6.49616E+02  5.59451E+02  1.07575E+03  4.04344E+02  5.88067E+02  2.84444E+02  0.00000E+00  0.00000E+00
  0.00000E+00  0.00000E+00  0.00000E+00  0.00000E+00  0.00000E+00  0.00000E+00  0.00000E+00  0.00000E+00  0.00000E+00  0.00000E+00  0.00000E+00  0.00000E+00  0.00000E+00  0.00000E+00  0.00000E+00  0.00000E+00  0.00000E+00  0.00000E+00  0.00000E+00  0.00000E+00  0.00000E+00  0.00000E+00  0.00000E+00  0.00000E+00  0.00000E+00  0.00000E+00  0.00000E+00  0.00000E+00  0.00000E+00  0.00000E+00  0.00000E+00  0.00000E+00  0.00000E+00  0.00000E+00  0.00000E+00  0.00000E+00  0.00000E+00  0.00000E+00  0.00000E+00  0.00000E+00  1.08763E+01  3.58138E+02  7.43959E+02  6.90045E+02  6.02472E+01  1.59750E+02  2.51348E+02  2.68454E+02  4.85382E+02  7.12272E+02  1.56358E+03  8.88242E+02  3.29174E+02  2.60830E+02  1.48644E+03  1.42113E+03  2.37412E+03  1.57947E+03  8.18467E+02  4.84483E+02  1.68138E+02  3.42302E+02  6.70136E+02  8.72388E+02  1.36718E+02  1.01585E+02  6.35075E+02  5.06108E+02  1.80978E+02  1.25657E+02  6.04855E+01  0.00000E+00  0.00000E+00
  0.00000E+00  0.00000E+00  0.00000E+00  0.00000E+00  0.00000E+00  0.00000E+00  0.00000E+00  0.00000E+00  0.00000E+00  0.00000E+00  0.00000E+00  0.00000E+00  0.00000E+00  0.00000E+00  0.00000E+00  0.00000E+00  0.00000E+00  0.00000E+00  0.00000E+00  0.00000E+00  0.00000E+00  0.00000E+00  0.00000E+00  0.00000E+00  0.00000E+00  0.00000E+00  0.00000E+00  0.00000E+00  0.00000E+00  0.00000E+00  0.00000E+00  0.00000E+00  0.00000E+00  0.00000E+00  0.00000E+00  0.00000E+00  0.00000E+00  0.00000E+00  0.00000E+00  0.00000E+00  3.64230E+00  2.86029E+01  1.65571E+01  9.13467E+02  3.15643E+02  5.82457E+01  1.01930E+02  6.12075E+02  5.06454E+02  4.54597E+02  3.70232E+02  3.20310E+02  8.24541E+02  1.31140E+03  1.60869E+03  1.13637E+03  1.39341E+03  2.50338E+03  2.26570E+03  7.46255E+02  3.93224E+02  4.56695E+02  1.13243E+03  6.23659E+02  2.82615E+02  1.86857E+02  3.88425E+02  1.80121E+02  5.69476E+01  4.00044E+01  0.00000E+00  0.00000E+00  0.00000E+00
  0.00000E+00  0.00000E+00  0.00000E+00  0.00000E+00  0.00000E+00  0.00000E+00  0.00000E+00  0.00000E+00  0.00000E+00  0.00000E+00  0.00000E+00  0.00000E+00  0.00000E+00  0.00000E+00  0.00000E+00  0.00000E+00  0.00000E+00  0.00000E+00  0.00000E+00  0.00000E+00  0.00000E+00  0.00000E+00  0.00000E+00  0.00000E+00  0.00000E+00  0.00000E+00  0.00000E+00  0.00000E+00  0.00000E+00  0.00000E+00  0.00000E+00  0.00000E+00  0.00000E+00  0.00000E+00  0.00000E+00  0.00000E+00  0.00000E+00  0.00000E+00  0.00000E+00  0.00000E+00  0.00000E+00  1.77533E+02  1.45614E+01  1.60176E+02  1.89298E+02  7.28070E+01  1.03472E+02  4.09437E+02  4.33863E+02  9.73586E+02  7.73781E+02  1.25028E+03  2.36725E+02  2.32734E+03  2.11632E+03  8.26080E+02  2.45334E+03  7.85009E+02  8.42279E+02  8.85117E+02  4.10245E+02  8.72424E+02  1.30828E+03  8.47848E+02  3.33129E+02  7.31723E+02  6.04273E+02  6.79420E+02  9.39313E+01  0.00000E+00  0.00000E+00  0.00000E+00  0.00000E+00
  0.00000E+00  0.00000E+00  0.00000E+00  0.00000E+00  0.00000E+00  0.00000E+00  0.00000E+00  0.00000E+00  0.00000E+00  0.00000E+00  0.00000E+00  0.00000E+00  0.00000E+00  0.00000E+00  0.00000E+00  0.00000E+00  0.00000E+00  0.00000E+00  0.00000E+00  0.00000E+00  0.00000E+00  0.00000E+00  0.00000E+00  0.00000E+00  0.00000E+00  0.00000E+00  0.00000E+00  0.00000E+00  0.00000E+00  0.00000E+00  0.00000E+00  0.00000E+00  0.00000E+00  0.00000E+00  0.00000E+00  0.00000E+00  0.00000E+00  0.00000E+00  0.00000E+00  0.00000E+00  0.00000E+00  0.00000E+00  0.00000E+00  8.73685E+01  8.73685E+01  7.28070E+01  2.28703E+02  5.84381E+02  8.03226E+02  2.15757E+03  1.18915E+03  1.37253E+03  1.79208E+02  1.76185E+03  2.61893E+03  1.49435E+03  1.11661E+03  2.15291E+02  3.50859E+02  2.82741E+02  6.98754E+02  1.10936E+03  1.34853E+03  9.38567E+02  1.29636E+03  1.12885E+03  7.59166E+02  6.27088E+02  1.69815E+01  0.00000E+00  0.00000E+00  0.00000E+00  0.00000E+00
  0.00000E+00  0.00000E+00  0.00000E+00  0.00000E+00  0.00000E+00  0.00000E+00  0.00000E+00  0.00000E+00  0.00000E+00  0.00000E+00  0.00000E+00  0.00000E+00  0.00000E+00  0.00000E+00  0.00000E+00  0.00000E+00  0.00000E+00  0.00000E+00  0.00000E+00  0.00000E+00  0.00000E+00  0.00000E+00  0.00000E+00  0.00000E+00  0.00000E+00  0.00000E+00  0.00000E+00  0.00000E+00  0.00000E+00  0.00000E+00  0.00000E+00  0.00000E+00  0.00000E+00  0.00000E+00  0.00000E+00  0.00000E+00  0.00000E+00  0.00000E+00  0.00000E+00  0.00000E+00  0.00000E+00  0.00000E+00  0.00000E+00  0.00000E+00  0.00000E+00  1.45614E+01  1.58441E+02  3.87032E+02  6.34277E+02  2.28356E+03  1.75759E+03  1.78372E+03  1.05071E+03  2.90946E+02  1.21204E+03  1.17138E+03  2.88310E+02  9.91414E+01  3.67957E+02  6.21371E+02  7.57293E+02  5.65137E+02  1.16491E+02  2.53302E+02  1.60990E+03  6.69438E+02  2.25628E+02  8.46037E+01  0.00000E+00  0.00000E+00  0.00000E+00  0.00000E+00  0.00000E+00
  0.00000E+00  0.00000E+00  0.00000E+00  0.00000E+00  0.00000E+00  0.00000E+00  0.00000E+00  0.00000E+00  0.00000E+00  0.00000E+00  0.00000E+00  0.00000E+00  0.00000E+00  0.00000E+00  0.00000E+00  0.00000E+00  0.00000E+00  0.00000E+00  0.00000E+00  0.00000E+00  0.00000E+00  0.00000E+00  0.00000E+00  0.00000E+00  0.00000E+00  0.00000E+00  0.00000E+00  0.00000E+00  0.00000E+00  0.00000E+00  0.00000E+00  0.00000E+00  0.00000E+00  0.00000E+00  0.00000E+00  0.00000E+00  0.00000E+00  0.00000E+00  0.00000E+00  0.00000E+00  0.00000E+00  0.00000E+00  0.00000E+00  0.00000E+00  8.89307E+01  2.50878E+02  2.33567E+03  1.56848E+03  1.17430E+03  5.33304E+02  5.36388E+02  5.71916E+02  7.21833E+02  2.15956E+02  6.71688E+02  1.36325E+03  1.15462E+03  5.46096E+02  2.85042E+02  7.21229E+02  4.51258E+02  8.73685E+01  5.82457E+01  4.36842E+01  1.13183E+02  4.92635E+02  0.00000E+00  0.00000E+00  0.00000E+00  0.00000E+00  0.00000E+00  0.00000E+00  0.00000E+00
  0.00000E+00  0.00000E+00  0.00000E+00  0.00000E+00  0.00000E+00  0.00000E+00  0.00000E+00  0.00000E+00  0.00000E+00  0.00000E+00  0.00000E+00  0.00000E+00  0.00000E+00  0.00000E+00  0.00000E+00  0.00000E+00  0.00000E+00  0.00000E+00  0.00000E+00  0.00000E+00  0.00000E+00  0.00000E+00  0.00000E+00  0.00000E+00  0.00000E+00  0.00000E+00  0.00000E+00  0.00000E+00  0.00000E+00  0.00000E+00  0.00000E+00  0.00000E+00  0.00000E+00  0.00000E+00  0.00000E+00  0.00000E+00  0.00000E+00  0.00000E+00  0.00000E+00  0.00000E+00  0.00000E+00  0.00000E+00  0.00000E+00  0.00000E+00  1.63797E+02  1.32995E+03  1.02060E+03  1.01412E+03  1.15407E+03  1.00084E+03  1.00590E+03  5.43464E+02  8.25608E+02  9.60016E+02  3.09835E+02  3.31405E+02  7.42321E+02  5.18019E+02  8.22829E+02  6.36144E+02  2.83126E+02  0.00000E+00  0.00000E+00  0.00000E+00  1.43015E+01  1.34139E+02  0.00000E+00  0.00000E+00  0.00000E+00  0.00000E+00  0.00000E+00  0.00000E+00  0.00000E+00
  0.00000E+00  0.00000E+00  0.00000E+00  0.00000E+00  0.00000E+00  0.00000E+00  0.00000E+00  0.00000E+00  0.00000E+00  0.00000E+00  0.00000E+00  0.00000E+00  0.00000E+00  0.00000E+00  0.00000E+00  0.00000E+00  0.00000E+00  0.00000E+00  0.00000E+00  0.00000E+00  0.00000E+00  0.00000E+00  0.00000E+00  0.00000E+00  0.00000E+00  0.00000E+00  0.00000E+00  0.00000E+00  0.00000E+00  0.00000E+00  0.00000E+00  0.00000E+00  0.00000E+00  0.00000E+00  0.00000E+00  0.00000E+00  0.00000E+00  0.00000E+00  0.00000E+00  0.00000E+00  0.00000E+00  0.00000E+00  0.00000E+00  0.00000E+00  6.85653E+01  3.06231E+02  5.08678E+01  1.69431E+01  2.85799E+01  1.00349E+03  1.03147E+03  4.51238E+02  2.67997E+02  7.74264E+02  6.60351E+02  3.81486E+02  5.82457E+01  8.70936E+02  8.66023E+02  9.92697E+02  2.05547E+02  0.00000E+00  0.00000E+00  0.00000E+00  0.00000E+00  0.00000E+00  0.00000E+00  0.00000E+00  0.00000E+00  0.00000E+00  0.00000E+00  0.00000E+00  0.00000E+00
  0.00000E+00  0.00000E+00  0.00000E+00  0.00000E+00  0.00000E+00  0.00000E+00  0.00000E+00  0.00000E+00  0.00000E+00  0.00000E+00  0.00000E+00  0.00000E+00  0.00000E+00  0.00000E+00  0.00000E+00  0.00000E+00  0.00000E+00  0.00000E+00  0.00000E+00  0.00000E+00  0.00000E+00  0.00000E+00  0.00000E+00  0.00000E+00  0.00000E+00  0.00000E+00  0.00000E+00  0.00000E+00  0.00000E+00  0.00000E+00  0.00000E+00  0.00000E+00  0.00000E+00  0.00000E+00  0.00000E+00  0.00000E+00  0.00000E+00  0.00000E+00  0.00000E+00  0.00000E+00  0.00000E+00  0.00000E+00  0.00000E+00  0.00000E+00  5.09061E+01  1.01889E+02  1.16616E+03  2.37472E+02  1.92531E+02  2.31220E+02  1.36708E+02  1.44153E+02  2.25518E+02  7.22562E+02  4.23323E+02  2.88340E+02  4.40341E+02  6.50980E+02  9.08907E+02  5.40044E+02  5.82457E+01  0.00000E+00  0.00000E+00  0.00000E+00  0.00000E+00  0.00000E+00  0.00000E+00  0.00000E+00  0.00000E+00  0.00000E+00  0.00000E+00  0.00000E+00  0.00000E+00
  0.00000E+00  0.00000E+00  0.00000E+00  0.00000E+00  0.00000E+00  0.00000E+00  0.00000E+00  0.00000E+00  0.00000E+00  0.00000E+00  0.00000E+00  0.00000E+00  0.00000E+00  0.00000E+00  0.00000E+00  0.00000E+00  0.00000E+00  0.00000E+00  0.00000E+00  0.00000E+00  0.00000E+00  0.00000E+00  0.00000E+00  0.00000E+00  0.00000E+00  0.00000E+00  0.00000E+00  0.00000E+00  0.00000E+00  0.00000E+00  0.00000E+00  0.00000E+00  0.00000E+00  0.00000E+00  0.00000E+00  0.00000E+00  0.00000E+00  0.00000E+00  0.00000E+00  0.00000E+00  0.00000E+00  0.00000E+00  0.00000E+00  0.00000E+00  0.00000E+00  0.00000E+00  0.00000E+00  2.01030E+01  1.28096E+02  1.40419E+02  0.00000E+00  5.98292E+01  3.71486E+02  4.75527E+02  6.29810E+02  3.40923E+02  3.62027E+02  1.22764E+03  3.55271E+02  8.73685E+01  5.82457E+01  0.00000E+00  0.00000E+00  0.00000E+00  0.00000E+00  0.00000E+00  0.00000E+00  0.00000E+00  0.00000E+00  0.00000E+00  0.00000E+00  0.00000E+00  0.00000E+00
  0.00000E+00  0.00000E+00  0.00000E+00  0.00000E+00  0.00000E+00  0.00000E+00  0.00000E+00  0.00000E+00  0.00000E+00  0.00000E+00  0.00000E+00  0.00000E+00  0.00000E+00  0.00000E+00  0.00000E+00  0.00000E+00  0.00000E+00  0.00000E+00  0.00000E+00  0.00000E+00  0.00000E+00  0.00000E+00  0.00000E+00  0.00000E+00  0.00000E+00  0.00000E+00  0.00000E+00  0.00000E+00  0.00000E+00  0.00000E+00  0.00000E+00  0.00000E+00  0.00000E+00  0.00000E+00  0.00000E+00  0.00000E+00  0.00000E+00  0.00000E+00  0.00000E+00  0.00000E+00  0.00000E+00  0.00000E+00  0.00000E+00  0.00000E+00  0.00000E+00  0.00000E+00  0.00000E+00  1.60723E+02  4.41762E+02  2.40631E+02  0.00000E+00  6.97861E+02  5.70889E+02  8.43287E+02  7.84077E+02  2.68270E+02  5.37391E+02  1.53103E+03  8.34755E+02  1.01930E+02  2.91228E+01  0.00000E+00  0.00000E+00  0.00000E+00  0.00000E+00  0.00000E+00  0.00000E+00  0.00000E+00  0.00000E+00  0.00000E+00  0.00000E+00  0.00000E+00  0.00000E+00
  0.00000E+00  0.00000E+00  0.00000E+00  0.00000E+00  0.00000E+00  0.00000E+00  0.00000E+00  0.00000E+00  0.00000E+00  0.00000E+00  0.00000E+00  0.00000E+00  0.00000E+00  0.00000E+00  0.00000E+00  0.00000E+00  0.00000E+00  0.00000E+00  0.00000E+00  0.00000E+00  0.00000E+00  0.00000E+00  0.00000E+00  0.00000E+00  0.00000E+00  0.00000E+00  0.00000E+00  0.00000E+00  0.00000E+00  0.00000E+00  0.00000E+00  0.00000E+00  0.00000E+00  0.00000E+00  0.00000E+00  0.00000E+00  0.00000E+00  0.00000E+00  0.00000E+00  0.00000E+00  0.00000E+00  0.00000E+00  0.00000E+00  0.00000E+00  0.00000E+00  0.00000E+00  0.00000E+00  2.00728E+02  4.81162E+02  3.60947E+02  2.62929E+02  5.79997E+02  1.18892E+03  1.04690E+03  8.44973E+02  5.16706E+02  3.71197E+02  4.42937E+02  2.57656E+02  5.82457E+01  0.00000E+00  0.00000E+00  0.00000E+00  0.00000E+00  0.00000E+00  0.00000E+00  0.00000E+00  0.00000E+00  0.00000E+00  0.00000E+00  0.00000E+00  0.00000E+00  0.00000E+00
  0.00000E+00  0.00000E+00  0.00000E+00  0.00000E+00  0.00000E+00  0.00000E+00  0.00000E+00  0.00000E+00  0.00000E+00  0.00000E+00  0.00000E+00  0.00000E+00  0.00000E+00  0.00000E+00  0.00000E+00  0.00000E+00  0.00000E+00  0.00000E+00  0.00000E+00  0.00000E+00  0.00000E+00  0.00000E+00  0.00000E+00  0.00000E+00  0.00000E+00  0.00000E+00  0.00000E+00  0.00000E+00  0.00000E+00  0.00000E+00  0.00000E+00  0.00000E+00  0.00000E+00  0.00000E+00  0.00000E+00  0.00000E+00  0.00000E+00  0.00000E+00  0.00000E+00  0.00000E+00  0.00000E+00  0.00000E+00  0.00000E+00  0.00000E+00  0.00000E+00  0.00000E+00  0.00000E+00  1.00414E+02  2.78601E+02  1.20114E+02  1.34288E+03  2.80340E+03  1.24333E+03  8.54119E+02  9.06186E+02  5.19963E+02  2.06637E+02  1.23812E+02  1.16491E+02  1.01930E+02  0.00000E+00  0.00000E+00  0.00000E+00  0.00000E+00  0.00000E+00  0.00000E+00  0.00000E+00  0.00000E+00  0.00000E+00  0.00000E+00  0.00000E+00  0.00000E+00  0.00000E+00
  0.00000E+00  0.00000E+00  0.00000E+00  0.00000E+00  0.00000E+00  0.00000E+00  0.00000E+00  0.00000E+00  0.00000E+00  0.00000E+00  0.00000E+00  0.00000E+00  0.00000E+00  0.00000E+00  0.00000E+00  0.00000E+00  0.00000E+00  0.00000E+00  0.00000E+00  0.00000E+00  0.00000E+00  0.00000E+00  0.00000E+00  0.00000E+00  0.00000E+00  0.00000E+00  0.00000E+00  0.00000E+00  0.00000E+00  0.00000E+00  0.00000E+00  0.00000E+00  0.00000E+00  0.00000E+00  0.00000E+00  0.00000E+00  0.00000E+00  0.00000E+00  0.00000E+00  0.00000E+00  0.00000E+00  0.00000E+00  0.00000E+00  0.00000E+00  0.00000E+00  0.00000E+00  0.00000E+00  1.81545E+02  1.28087E+03  1.08360E+03  2.09772E+03  1.00348E+03  2.20428E+02  8.28016E+02  4.82782E+02  7.56520E+02  1.62074E+02  0.00000E+00  0.00000E+00  4.36842E+01  0.00000E+00  0.00000E+00  0.00000E+00  0.00000E+00  0.00000E+00  0.00000E+00  0.00000E+00  0.00000E+00  0.00000E+00  0.00000E+00  0.00000E+00  0.00000E+00  0.00000E+00
  0.00000E+00  0.00000E+00  0.00000E+00  0.00000E+00  0.00000E+00  0.00000E+00  0.00000E+00  0.00000E+00  0.00000E+00  0.00000E+00  0.00000E+00  0.00000E+00  0.00000E+00  0.00000E+00  0.00000E+00  0.00000E+00  0.00000E+00  0.00000E+00  0.00000E+00  0.00000E+00  0.00000E+00  0.00000E+00  0.00000E+00  0.00000E+00  0.00000E+00  0.00000E+00  0.00000E+00  0.00000E+00  0.00000E+00  0.00000E+00  0.00000E+00  0.00000E+00  0.00000E+00  0.00000E+00  0.00000E+00  0.00000E+00  0.00000E+00  0.00000E+00  0.00000E+00  0.00000E+00  0.00000E+00  0.00000E+00  0.00000E+00  0.00000E+00  0.00000E+00  0.00000E+00  0.00000E+00  3.58415E+02  1.53543E+03  2.02823E+03  2.50891E+03  1.08461E+03  7.60925E+02  9.01739E+02  1.10948E+03  3.20540E+02  0.00000E+00  0.00000E+00  0.00000E+00  1.45614E+01  0.00000E+00  0.00000E+00  0.00000E+00  0.00000E+00  0.00000E+00  0.00000E+00  0.00000E+00  0.00000E+00  0.00000E+00  0.00000E+00  0.00000E+00  0.00000E+00  0.00000E+00
  0.00000E+00  0.00000E+00  0.00000E+00  0.00000E+00  0.00000E+00  0.00000E+00  0.00000E+00  0.00000E+00  0.00000E+00  0.00000E+00  0.00000E+00  0.00000E+00  0.00000E+00  0.00000E+00  0.00000E+00  0.00000E+00  0.00000E+00  0.00000E+00  0.00000E+00  0.00000E+00  0.00000E+00  0.00000E+00  0.00000E+00  0.00000E+00  0.00000E+00  0.00000E+00  0.00000E+00  0.00000E+00  0.00000E+00  0.00000E+00  0.00000E+00  0.00000E+00  0.00000E+00  0.00000E+00  0.00000E+00  0.00000E+00  0.00000E+00  0.00000E+00  0.00000E+00  0.00000E+00  0.00000E+00  0.00000E+00  0.00000E+00  0.00000E+00  0.00000E+00  0.00000E+00  0.00000E+00  0.00000E+00  1.32902E+03  1.78790E+03  1.25863E+03  1.70970E+03  5.99522E+02  9.71590E+02  8.76736E+02  1.06138E+02  0.00000E+00  0.00000E+00  1.45614E+01  8.73685E+01  0.00000E+00  0.00000E+00  0.00000E+00  0.00000E+00  0.00000E+00  0.00000E+00  0.00000E+00  0.00000E+00  0.00000E+00  0.00000E+00  0.00000E+00  0.00000E+00  0.00000E+00
  0.00000E+00  0.00000E+00  0.00000E+00  0.00000E+00  0.00000E+00  0.00000E+00  0.00000E+00  0.00000E+00  0.00000E+00  0.00000E+00  0.00000E+00  0.00000E+00  0.00000E+00  0.00000E+00  0.00000E+00  0.00000E+00  0.00000E+00  0.00000E+00  0.00000E+00  0.00000E+00  0.00000E+00  0.00000E+00  0.00000E+00  0.00000E+00  0.00000E+00  0.00000E+00  0.00000E+00  0.00000E+00  0.00000E+00  0.00000E+00  0.00000E+00  0.00000E+00  0.00000E+00  0.00000E+00  0.00000E+00  0.00000E+00  0.00000E+00  0.00000E+00  0.00000E+00  0.00000E+00  0.00000E+00  0.00000E+00  0.00000E+00  0.00000E+00  0.00000E+00  0.00000E+00  0.00000E+00  1.69815E+01  1.68755E+03  2.27275E+03  1.56427E+03  1.46345E+03  4.55583E+02  3.86588E+02  5.14631E+01  0.00000E+00  0.00000E+00  1.01711E+01  0.00000E+00  7.28070E+01  0.00000E+00  0.00000E+00  0.00000E+00  0.00000E+00  0.00000E+00  0.00000E+00  0.00000E+00  0.00000E+00  0.00000E+00  0.00000E+00  0.00000E+00  0.00000E+00  0.00000E+00
  0.00000E+00  0.00000E+00  0.00000E+00  0.00000E+00  0.00000E+00  0.00000E+00  0.00000E+00  0.00000E+00  0.00000E+00  0.00000E+00  0.00000E+00  0.00000E+00  0.00000E+00  0.00000E+00  0.00000E+00  0.00000E+00  0.00000E+00  0.00000E+00  0.00000E+00  0.00000E+00  0.00000E+00  0.00000E+00  0.00000E+00  0.00000E+00  0.00000E+00  0.00000E+00  0.00000E+00  0.00000E+00  0.00000E+00  0.00000E+00  0.00000E+00  0.00000E+00  0.00000E+00  0.00000E+00  0.00000E+00  0.00000E+00  0.00000E+00  0.00000E+00  0.00000E+00  0.00000E+00  0.00000E+00  0.00000E+00  0.00000E+00  0.00000E+00  0.00000E+00  0.00000E+00  0.00000E+00  1.52757E+02  1.20856E+03  2.45196E+03  2.20627E+03  3.47830E+02  4.60990E+02  2.95841E+02  0.00000E+00  8.23998E+01  1.02469E+02  1.23541E+02  4.36842E+01  8.73685E+01  0.00000E+00  0.00000E+00  0.00000E+00  0.00000E+00  0.00000E+00  0.00000E+00  0.00000E+00  0.00000E+00  0.00000E+00  0.00000E+00  0.00000E+00  0.00000E+00  0.00000E+00
  0.00000E+00  0.00000E+00  0.00000E+00  0.00000E+00  0.00000E+00  0.00000E+00  0.00000E+00  0.00000E+00  0.00000E+00  0.00000E+00  0.00000E+00  0.00000E+00  0.00000E+00  0.00000E+00  0.00000E+00  0.00000E+00  0.00000E+00  0.00000E+00  0.00000E+00  0.00000E+00  0.00000E+00  0.00000E+00  0.00000E+00  0.00000E+00  0.00000E+00  0.00000E+00  0.00000E+00  0.00000E+00  0.00000E+00  0.00000E+00  0.00000E+00  0.00000E+00  0.00000E+00  0.00000E+00  0.00000E+00  0.00000E+00  0.00000E+00  0.00000E+00  0.00000E+00  0.00000E+00  0.00000E+00  0.00000E+00  0.00000E+00  0.00000E+00  0.00000E+00  0.00000E+00  0.00000E+00  6.78877E+01  3.21624E+02  2.40981E+03  2.06021E+03  4.40573E+01  2.68164E+02  1.05192E+02  1.23540E+02  2.89341E+02  5.89127E+02  3.58673E+02  3.45636E+01  4.36842E+01  0.00000E+00  0.00000E+00  0.00000E+00  0.00000E+00  0.00000E+00  0.00000E+00  0.00000E+00  0.00000E+00  0.00000E+00  0.00000E+00  0.00000E+00  0.00000E+00  0.00000E+00
  0.00000E+00  0.00000E+00  0.00000E+00  0.00000E+00  0.00000E+00  0.00000E+00  0.00000E+00  0.00000E+00  0.00000E+00  0.00000E+00  0.00000E+00  0.00000E+00  0.00000E+00  0.00000E+00  0.00000E+00  0.00000E+00  0.00000E+00  0.00000E+00  0.00000E+00  0.00000E+00  0.00000E+00  0.00000E+00  0.00000E+00  0.00000E+00  0.00000E+00  0.00000E+00  0.00000E+00  0.00000E+00  0.00000E+00  0.00000E+00  0.00000E+00  0.00000E+00  0.00000E+00  0.00000E+00  0.00000E+00  0.00000E+00  0.00000E+00  0.00000E+00  0.00000E+00  0.00000E+00  0.00000E+00  0.00000E+00  0.00000E+00  0.00000E+00  0.00000E+00  0.00000E+00  0.00000E+00  1.63842E+02  4.97229E+02  9.18671E+02  9.82241E+02  3.57687E+02  2.20224E+02  1.01711E+01  4.02407E+02  3.06255E+02  7.71107E+02  2.15040E+02  8.73685E+01  1.01930E+02  1.16491E+02  2.62105E+02  8.73685E+01  1.45614E+01  0.00000E+00  0.00000E+00  0.00000E+00  0.00000E+00  0.00000E+00  0.00000E+00  0.00000E+00  0.00000E+00  0.00000E+00
  0.00000E+00  0.00000E+00  0.00000E+00  0.00000E+00  0.00000E+00  0.00000E+00  0.00000E+00  0.00000E+00  0.00000E+00  0.00000E+00  0.00000E+00  0.00000E+00  0.00000E+00  0.00000E+00  0.00000E+00  0.00000E+00  0.00000E+00  0.00000E+00  0.00000E+00  0.00000E+00  0.00000E+00  0.00000E+00  0.00000E+00  0.00000E+00  0.00000E+00  0.00000E+00  0.00000E+00  0.00000E+00  0.00000E+00  0.00000E+00  0.00000E+00  0.00000E+00  0.00000E+00  0.00000E+00  0.00000E+00  0.00000E+00  0.00000E+00  0.00000E+00  0.00000E+00  0.00000E+00  0.00000E+00  0.00000E+00  0.00000E+00  0.00000E+00  0.00000E+00  0.00000E+00  5.09061E+01  2.48711E+02  2.71358E+02  3.74731E+02  1.80121E+02  3.86742E+02  8.45484E+01  0.00000E+00  3.60297E+02  7.71427E+02  4.67439E+02  3.15202E+02  0.00000E+00  1.51546E+02  1.60176E+02  1.16491E+02  1.01930E+02  5.82457E+01  0.00000E+00  0.00000E+00  0.00000E+00  0.00000E+00  0.00000E+00  0.00000E+00  0.00000E+00  0.00000E+00  0.00000E+00
  0.00000E+00  0.00000E+00  0.00000E+00  0.00000E+00  0.00000E+00  0.00000E+00  0.00000E+00  0.00000E+00  0.00000E+00  0.00000E+00  0.00000E+00  0.00000E+00  0.00000E+00  0.00000E+00  0.00000E+00  0.00000E+00  0.00000E+00  0.00000E+00  0.00000E+00  0.00000E+00  0.00000E+00  0.00000E+00  0.00000E+00  0.00000E+00  0.00000E+00  0.00000E+00  0.00000E+00  0.00000E+00  0.00000E+00  0.00000E+00  0.00000E+00  0.00000E+00  0.00000E+00  0.00000E+00  0.00000E+00  0.00000E+00  0.00000E+00  0.00000E+00  0.00000E+00  0.00000E+00  0.00000E+00  0.00000E+00  0.00000E+00  0.00000E+00  0.00000E+00  0.00000E+00  0.00000E+00  2.09006E+02  3.59888E+02  4.58240E+02  3.89444E+02  8.30570E+02  8.92507E+01  0.00000E+00  3.29904E+02  6.50758E+02  6.17785E+02  4.71700E+02  3.09663E+02  6.38469E+02  1.45614E+02  1.16491E+02  1.89298E+02  1.01930E+02  4.36842E+01  1.45614E+01  0.00000E+00  0.00000E+00  0.00000E+00  0.00000E+00  0.00000E+00  0.00000E+00  0.00000E+00
  0.00000E+00  0.00000E+00  0.00000E+00  0.00000E+00  0.00000E+00  0.00000E+00  0.00000E+00  0.00000E+00  0.00000E+00  0.00000E+00  0.00000E+00  0.00000E+00  0.00000E+00  0.00000E+00  0.00000E+00  0.00000E+00  0.00000E+00  0.00000E+00  0.00000E+00  0.00000E+00  0.00000E+00  0.00000E+00  0.00000E+00  0.00000E+00  0.00000E+00  0.00000E+00  0.00000E+00  0.00000E+00  0.00000E+00  0.00000E+00  0.00000E+00  0.00000E+00  0.00000E+00  0.00000E+00  0.00000E+00  0.00000E+00  0.00000E+00  0.00000E+00  0.00000E+00  0.00000E+00  0.00000E+00  0.00000E+00  0.00000E+00  0.00000E+00  0.00000E+00  0.00000E+00  0.00000E+00  1.13031E+02  2.63895E+02  2.60734E+02  4.34763E+02  8.32321E+02  9.84925E+01  0.00000E+00  8.20947E+01  6.90742E+02  7.41083E+02  9.45388E+01  1.13589E+03  8.79666E+02  1.88296E+02  1.01930E+02  4.36842E+01  1.01930E+02  1.01930E+02  1.45614E+01  0.00000E+00  0.00000E+00  0.00000E+00  0.00000E+00  0.00000E+00  0.00000E+00  0.00000E+00
  0.00000E+00  0.00000E+00  0.00000E+00  0.00000E+00  0.00000E+00  0.00000E+00  0.00000E+00  0.00000E+00  0.00000E+00  0.00000E+00  0.00000E+00  0.00000E+00  0.00000E+00  0.00000E+00  0.00000E+00  0.00000E+00  0.00000E+00  0.00000E+00  0.00000E+00  0.00000E+00  0.00000E+00  0.00000E+00  0.00000E+00  0.00000E+00  0.00000E+00  0.00000E+00  0.00000E+00  0.00000E+00  0.00000E+00  0.00000E+00  0.00000E+00  0.00000E+00  0.00000E+00  0.00000E+00  0.00000E+00  0.00000E+00  0.00000E+00  0.00000E+00  0.00000E+00  0.00000E+00  0.00000E+00  0.00000E+00  0.00000E+00  0.00000E+00  0.00000E+00  0.00000E+00  2.37261E+02  1.69434E+02  1.69815E+01  2.20528E+02  4.31754E+02  1.50086E+03  6.44213E+02  8.23832E+01  0.00000E+00  2.35874E+02  1.85719E+02  4.45833E+02  6.59113E+02  7.70804E+02  3.57029E+02  2.64459E+02  4.96169E+01  0.00000E+00  5.82457E+01  0.00000E+00  0.00000E+00  0.00000E+00  0.00000E+00  0.00000E+00  0.00000E+00  0.00000E+00  0.00000E+00
  0.00000E+00  0.00000E+00  0.00000E+00  0.00000E+00  0.00000E+00  0.00000E+00  0.00000E+00  0.00000E+00  0.00000E+00  0.00000E+00  0.00000E+00  0.00000E+00  0.00000E+00  0.00000E+00  0.00000E+00  0.00000E+00  0.00000E+00  0.00000E+00  0.00000E+00  0.00000E+00  0.00000E+00  0.00000E+00  0.00000E+00  0.00000E+00  0.00000E+00  0.00000E+00  0.00000E+00  0.00000E+00  0.00000E+00  0.00000E+00  0.00000E+00  0.00000E+00  0.00000E+00  0.00000E+00  0.00000E+00  0.00000E+00  0.00000E+00  0.00000E+00  0.00000E+00  0.00000E+00  0.00000E+00  0.00000E+00  0.00000E+00  0.00000E+00  0.00000E+00  2.37189E+02  1.69318E+02  2.20428E+02  4.02060E+01  2.81140E+02  4.56252E+02  1.95871E+02  8.12353E+02  9.65397E+01  0.00000E+00  1.85871E+02  9.27234E+01  5.94572E+02  5.05603E+02  5.26978E+02  5.67935E+02  5.46865E+02  9.96580E+01  7.28070E+01  2.91228E+01  0.00000E+00  0.00000E+00  0.00000E+00  0.00000E+00  0.00000E+00  0.00000E+00  0.00000E+00  0.00000E+00
  0.00000E+00  0.00000E+00  0.00000E+00  0.00000E+00  0.00000E+00  0.00000E+00  0.00000E+00  0.00000E+00  0.00000E+00  0.00000E+00  0.00000E+00  0.00000E+00  0.00000E+00  0.00000E+00  0.00000E+00  0.00000E+00  0.00000E+00  0.00000E+00  0.00000E+00  0.00000E+00  0.00000E+00  0.00000E+00  0.00000E+00  0.00000E+00  0.00000E+00  0.00000E+00  0.00000E+00  0.00000E+00  0.00000E+00  0.00000E+00  0.00000E+00  0.00000E+00  0.00000E+00  0.00000E+00  0.00000E+00  0.00000E+00  0.00000E+00  0.00000E+00  0.00000E+00  0.00000E+00  0.00000E+00  0.00000E+00  0.00000E+00  0.00000E+00  0.00000E+00  1.69815E+01  1.00313E+02  1.20316E+02  0.00000E+00  3.20640E+02  4.99748E+02  4.52406E+02  1.04199E+03  1.95736E+02  0.00000E+00  2.04941E+01  1.01711E+01  3.81485E+02  7.43207E+02  5.58220E+02  4.65923E+02  1.78397E+02  1.45614E+02  1.45614E+02  1.16491E+02  0.00000E+00  0.00000E+00  0.00000E+00  0.00000E+00  0.00000E+00  0.00000E+00  0.00000E+00  0.00000E+00
  0.00000E+00  0.00000E+00  0.00000E+00  0.00000E+00  0.00000E+00  0.00000E+00  0.00000E+00  0.00000E+00  0.00000E+00  0.00000E+00  0.00000E+00  0.00000E+00  0.00000E+00  0.00000E+00  0.00000E+00  0.00000E+00  0.00000E+00  0.00000E+00  0.00000E+00  0.00000E+00  0.00000E+00  0.00000E+00  0.00000E+00  0.00000E+00  0.00000E+00  0.00000E+00  0.00000E+00  0.00000E+00  0.00000E+00  0.00000E+00  0.00000E+00  0.00000E+00  0.00000E+00  0.00000E+00  0.00000E+00  0.00000E+00  0.00000E+00  0.00000E+00  0.00000E+00  0.00000E+00  0.00000E+00  0.00000E+00  0.00000E+00  0.00000E+00  4.83412E+01  2.49418E+02  3.13212E+02  2.40329E+02  3.28619E+02  4.68937E+02  4.80251E+02  5.73640E+02  2.37212E+02  5.16351E+02  8.23998E+01  0.00000E+00  1.96346E+02  2.58283E+02  3.10171E+02  6.30449E+02  2.84983E+02  1.16491E+02  1.16491E+02  1.01930E+02  1.45614E+01  0.00000E+00  0.00000E+00  0.00000E+00  0.00000E+00  0.00000E+00  0.00000E+00  0.00000E+00  0.00000E+00
  0.00000E+00  0.00000E+00  0.00000E+00  0.00000E+00  0.00000E+00  0.00000E+00  0.00000E+00  0.00000E+00  0.00000E+00  0.00000E+00  0.00000E+00  0.00000E+00  0.00000E+00  0.00000E+00  0.00000E+00  0.00000E+00  0.00000E+00  0.00000E+00  0.00000E+00  0.00000E+00  0.00000E+00  0.00000E+00  0.00000E+00  0.00000E+00  0.00000E+00  0.00000E+00  0.00000E+00  0.00000E+00  0.00000E+00  0.00000E+00  0.00000E+00  0.00000E+00  0.00000E+00  0.00000E+00  0.00000E+00  0.00000E+00  0.00000E+00  0.00000E+00  0.00000E+00  0.00000E+00  0.00000E+00  0.00000E+00  0.00000E+00  1.65071E+02  2.54088E+02  2.53922E+02  4.51589E+02  6.15339E+02  7.44522E+02  4.71305E+02  3.97470E+02  3.32106E+02  5.50819E+02  5.05757E+02  1.13641E+02  0.00000E+00  3.82432E+02  3.61666E+02  4.44611E+02  5.67357E+02  2.94849E+02  8.73685E+01  1.45614E+01  0.00000E+00  0.00000E+00  0.00000E+00  0.00000E+00  0.00000E+00  0.00000E+00  0.00000E+00  0.00000E+00  0.00000E+00  0.00000E+00
  0.00000E+00  0.00000E+00  0.00000E+00  0.00000E+00  0.00000E+00  0.00000E+00  0.00000E+00  0.00000E+00  0.00000E+00  0.00000E+00  0.00000E+00  0.00000E+00  0.00000E+00  0.00000E+00  0.00000E+00  0.00000E+00  0.00000E+00  0.00000E+00  0.00000E+00  0.00000E+00  0.00000E+00  0.00000E+00  0.00000E+00  0.00000E+00  0.00000E+00  0.00000E+00  0.00000E+00  0.00000E+00  0.00000E+00  0.00000E+00  0.00000E+00  0.00000E+00  0.00000E+00  0.00000E+00  0.00000E+00  0.00000E+00  0.00000E+00  0.00000E+00  0.00000E+00  0.00000E+00  0.00000E+00  0.00000E+00  0.00000E+00  6.95897E+02  8.46315E+02  5.36415E+02  5.36304E+02  7.12663E+02  5.38144E+02  6.06421E+02  1.64759E+02  9.42654E+01  2.95704E+02  5.14631E+01  0.00000E+00  0.00000E+00  6.90712E+02  9.18364E+02  6.61177E+02  3.71316E+02  1.47035E+02  0.00000E+00  0.00000E+00  0.00000E+00  0.00000E+00  0.00000E+00  0.00000E+00  0.00000E+00  0.00000E+00  0.00000E+00  0.00000E+00  0.00000E+00  0.00000E+00
  0.00000E+00  0.00000E+00  0.00000E+00  0.00000E+00  0.00000E+00  0.00000E+00  0.00000E+00  0.00000E+00  0.00000E+00  0.00000E+00  0.00000E+00  0.00000E+00  0.00000E+00  0.00000E+00  0.00000E+00  0.00000E+00  0.00000E+00  0.00000E+00  0.00000E+00  0.00000E+00  0.00000E+00  0.00000E+00  0.00000E+00  0.00000E+00  0.00000E+00  0.00000E+00  0.00000E+00  0.00000E+00  0.00000E+00  0.00000E+00  0.00000E+00  0.00000E+00  0.00000E+00  0.00000E+00  0.00000E+00  0.00000E+00  0.00000E+00  0.00000E+00  0.00000E+00  0.00000E+00  0.00000E+00  0.00000E+00  0.00000E+00  3.45237E+02  6.35533E+02  7.05456E+02  5.92669E+02  6.51187E+02  8.68378E+02  7.63762E+02  8.01097E+01  8.27854E+01  4.48523E+02  0.00000E+00  0.00000E+00  0.00000E+00  5.98903E+02  4.75701E+02  5.89463E+02  2.27194E+02  0.00000E+00  0.00000E+00  0.00000E+00  0.00000E+00  0.00000E+00  0.00000E+00  0.00000E+00  0.00000E+00  0.00000E+00  0.00000E+00  0.00000E+00  0.00000E+00  0.00000E+00
  0.00000E+00  0.00000E+00  0.00000E+00  0.00000E+00  0.00000E+00  0.00000E+00  0.00000E+00  0.00000E+00  0.00000E+00  0.00000E+00  0.00000E+00  0.00000E+00  0.00000E+00  0.00000E+00  0.00000E+00  0.00000E+00  0.00000E+00  0.00000E+00  0.00000E+00  0.00000E+00  0.00000E+00  0.00000E+00  0.00000E+00  0.00000E+00  0.00000E+00  0.00000E+00  0.00000E+00  0.00000E+00  0.00000E+00  0.00000E+00  0.00000E+00  0.00000E+00  0.00000E+00  0.00000E+00  0.00000E+00  0.00000E+00  0.00000E+00  0.00000E+00  0.00000E+00  0.00000E+00  0.00000E+00  0.00000E+00  0.00000E+00  0.00000E+00  4.38940E+02  4.91418E+02  7.61711E+02  8.62135E+02  4.51393E+02  2.41976E+02  1.03705E+02  7.00575E+02  6.12140E+02  0.00000E+00  0.00000E+00  0.00000E+00  6.29842E+02  4.74243E+02  6.81642E+02  1.03230E+01  0.00000E+00  0.00000E+00  0.00000E+00  0.00000E+00  0.00000E+00  0.00000E+00  0.00000E+00  0.00000E+00  0.00000E+00  0.00000E+00  0.00000E+00  0.00000E+00  0.00000E+00
  0.00000E+00  0.00000E+00  0.00000E+00  0.00000E+00  0.00000E+00  0.00000E+00  0.00000E+00  0.00000E+00  0.00000E+00  0.00000E+00  0.00000E+00  0.00000E+00  0.00000E+00  0.00000E+00  0.00000E+00  0.00000E+00  0.00000E+00  0.00000E+00  0.00000E+00  0.00000E+00  0.00000E+00  0.00000E+00  0.00000E+00  0.00000E+00  0.00000E+00  0.00000E+00  0.00000E+00  0.00000E+00  0.00000E+00  0.00000E+00  0.00000E+00  0.00000E+00  0.00000E+00  0.00000E+00  0.00000E+00  0.00000E+00  0.00000E+00  0.00000E+00  0.00000E+00  0.00000E+00  0.00000E+00  0.00000E+00  0.00000E+00  0.00000E+00  8.46037E+01  3.10398E+02  5.76087E+02  5.79482E+02  3.29626E+02  1.60219E+02  1.07954E+02  5.77589E+02  8.64881E+02  6.78929E+02  0.00000E+00  0.00000E+00  1.54477E+02  7.11667E+02  5.68665E+02  0.00000E+00  0.00000E+00  0.00000E+00  0.00000E+00  0.00000E+00  0.00000E+00  0.00000E+00  0.00000E+00  0.00000E+00  0.00000E+00  0.00000E+00  0.00000E+00  0.00000E+00  0.00000E+00
  0.00000E+00  0.00000E+00  0.00000E+00  0.00000E+00  0.00000E+00  0.00000E+00  0.00000E+00  0.00000E+00  0.00000E+00  0.00000E+00  0.00000E+00  0.00000E+00  0.00000E+00  0.00000E+00  0.00000E+00  0.00000E+00  0.00000E+00  0.00000E+00  0.00000E+00  0.00000E+00  0.00000E+00  0.00000E+00  0.00000E+00  0.00000E+00  0.00000E+00  0.00000E+00  0.00000E+00  0.00000E+00  0.00000E+00  0.00000E+00  0.00000E+00  0.00000E+00  0.00000E+00  0.00000E+00  0.00000E+00  0.00000E+00  0.00000E+00  0.00000E+00  0.00000E+00  0.00000E+00  0.00000E+00  0.00000E+00  0.00000E+00  0.00000E+00  0.00000E+00  5.64210E+01  2.94027E+02  0.00000E+00  5.39269E+01  3.15958E+02  1.58923E+02  5.93242E+02  1.31888E+03  1.68318E+03  7.61770E+02  0.00000E+00  0.00000E+00  5.98784E+02  5.79140E+02  0.00000E+00  0.00000E+00  0.00000E+00  0.00000E+00  0.00000E+00  0.00000E+00  0.00000E+00  0.00000E+00  0.00000E+00  0.00000E+00  0.00000E+00  0.00000E+00  0.00000E+00  0.00000E+00
  0.00000E+00  0.00000E+00  0.00000E+00  0.00000E+00  0.00000E+00  0.00000E+00  0.00000E+00  0.00000E+00  0.00000E+00  0.00000E+00  0.00000E+00  0.00000E+00  0.00000E+00  0.00000E+00  0.00000E+00  0.00000E+00  0.00000E+00  0.00000E+00  0.00000E+00  0.00000E+00  0.00000E+00  0.00000E+00  0.00000E+00  0.00000E+00  0.00000E+00  0.00000E+00  0.00000E+00  0.00000E+00  0.00000E+00  0.00000E+00  0.00000E+00  0.00000E+00  0.00000E+00  0.00000E+00  0.00000E+00  0.00000E+00  0.00000E+00  0.00000E+00  0.00000E+00  0.00000E+00  0.00000E+00  0.00000E+00  0.00000E+00  0.00000E+00  0.00000E+00  0.00000E+00  0.00000E+00  0.00000E+00  1.52565E+02  3.17520E+02  2.97364E+02  5.73890E+02  1.94969E+03  1.50058E+03  6.26849E+02  8.68387E+02  1.03319E+02  5.26490E+02  2.17264E+02  0.00000E+00  0.00000E+00  0.00000E+00  0.00000E+00  0.00000E+00  0.00000E+00  0.00000E+00  0.00000E+00  0.00000E+00  0.00000E+00  0.00000E+00  0.00000E+00  0.00000E+00  0.00000E+00
  0.00000E+00  0.00000E+00  0.00000E+00  0.00000E+00  0.00000E+00  0.00000E+00  0.00000E+00  0.00000E+00  0.00000E+00  0.00000E+00  0.00000E+00  0.00000E+00  0.00000E+00  0.00000E+00  0.00000E+00  0.00000E+00  0.00000E+00  0.00000E+00  0.00000E+00  0.00000E+00  0.00000E+00  0.00000E+00  0.00000E+00  0.00000E+00  0.00000E+00  0.00000E+00  0.00000E+00  0.00000E+00  0.00000E+00  0.00000E+00  0.00000E+00  0.00000E+00  0.00000E+00  0.00000E+00  0.00000E+00  0.00000E+00  0.00000E+00  0.00000E+00  0.00000E+00  0.00000E+00  0.00000E+00  0.00000E+00  0.00000E+00  0.00000E+00  0.00000E+00  0.00000E+00  0.00000E+00  0.00000E+00  3.38862E+01  1.69431E+01  1.77062E+02  2.01747E+02  1.65444E+03  1.81460E+03  3.64765E+02  8.43931E+02  1.13794E+02  7.03769E+02  1.13794E+02  0.00000E+00  0.00000E+00  0.00000E+00  0.00000E+00  0.00000E+00  0.00000E+00  0.00000E+00  0.00000E+00  0.00000E+00  0.00000E+00  0.00000E+00  0.00000E+00  0.00000E+00  0.00000E+00
  0.00000E+00  0.00000E+00  0.00000E+00  0.00000E+00  0.00000E+00  0.00000E+00  0.00000E+00  0.00000E+00  0.00000E+00  0.00000E+00  0.00000E+00  0.00000E+00  0.00000E+00  0.00000E+00  0.00000E+00  0.00000E+00  0.00000E+00  0.00000E+00  0.00000E+00  0.00000E+00  0.00000E+00  0.00000E+00  0.00000E+00  0.00000E+00  0.00000E+00  0.00000E+00  0.00000E+00  0.00000E+00  0.00000E+00  0.00000E+00  0.00000E+00  0.00000E+00  0.00000E+00  0.00000E+00  0.00000E+00  0.00000E+00  0.00000E+00  0.00000E+00  0.00000E+00  0.00000E+00  0.00000E+00  0.00000E+00  0.00000E+00  0.00000E+00  0.00000E+00  0.00000E+00  0.00000E+00  0.00000E+00  0.00000E+00  1.60119E+02  5.90611E+02  3.45531E+02  9.94244E+02  4.69023E+02  2.04041E+02  1.14613E+02  2.06460E+01  4.75517E+02  1.44459E+02  0.00000E+00  0.00000E+00  0.00000E+00  0.00000E+00  0.00000E+00  0.00000E+00  0.00000E+00  0.00000E+00  0.00000E+00  0.00000E+00  0.00000E+00  0.00000E+00  0.00000E+00  0.00000E+00
  0.00000E+00  0.00000E+00  0.00000E+00  0.00000E+00  0.00000E+00  0.00000E+00  0.00000E+00  0.00000E+00  0.00000E+00  0.00000E+00  0.00000E+00  0.00000E+00  0.00000E+00  0.00000E+00  0.00000E+00  0.00000E+00  0.00000E+00  0.00000E+00  0.00000E+00  0.00000E+00  0.00000E+00  0.00000E+00  0.00000E+00  0.00000E+00  0.00000E+00  0.00000E+00  0.00000E+00  0.00000E+00  0.00000E+00  0.00000E+00  0.00000E+00  0.00000E+00  0.00000E+00  0.00000E+00  0.00000E+00  0.00000E+00  0.00000E+00  0.00000E+00  0.00000E+00  0.00000E+00  0.00000E+00  0.00000E+00  0.00000E+00  0.00000E+00  0.00000E+00  0.00000E+00  0.00000E+00  0.00000E+00  0.00000E+00  0.00000E+00  1.88201E+02  4.10243E+02  5.04299E+02  3.40240E+02  0.00000E+00  0.00000E+00  0.00000E+00  1.54782E+02  3.20039E+02  0.00000E+00  0.00000E+00  0.00000E+00  0.00000E+00  0.00000E+00  0.00000E+00  0.00000E+00  0.00000E+00  0.00000E+00  0.00000E+00  0.00000E+00  0.00000E+00  0.00000E+00  0.00000E+00
  0.00000E+00  0.00000E+00  0.00000E+00  0.00000E+00  0.00000E+00  0.00000E+00  0.00000E+00  0.00000E+00  0.00000E+00  0.00000E+00  0.00000E+00  0.00000E+00  0.00000E+00  0.00000E+00  0.00000E+00  0.00000E+00  0.00000E+00  0.00000E+00  0.00000E+00  0.00000E+00  0.00000E+00  0.00000E+00  0.00000E+00  0.00000E+00  0.00000E+00  0.00000E+00  0.00000E+00  0.00000E+00  0.00000E+00  0.00000E+00  0.00000E+00  0.00000E+00  0.00000E+00  0.00000E+00  0.00000E+00  0.00000E+00  0.00000E+00  0.00000E+00  0.00000E+00  0.00000E+00  0.00000E+00  0.00000E+00  0.00000E+00  0.00000E+00  0.00000E+00  0.00000E+00  0.00000E+00  0.00000E+00  0.00000E+00  1.12787E+02  3.90241E+02  2.09267E+02  5.93515E+02  9.72448E+02  0.00000E+00  0.00000E+00  0.00000E+00  3.09259E+02  1.65529E+02  0.00000E+00  0.00000E+00  0.00000E+00  0.00000E+00  0.00000E+00  0.00000E+00  0.00000E+00  0.00000E+00  0.00000E+00  0.00000E+00  0.00000E+00  0.00000E+00  0.00000E+00  0.00000E+00
  0.00000E+00  0.00000E+00  0.00000E+00  0.00000E+00  0.00000E+00  0.00000E+00  0.00000E+00  0.00000E+00  0.00000E+00  0.00000E+00  0.00000E+00  0.00000E+00  0.00000E+00  0.00000E+00  0.00000E+00  0.00000E+00  0.00000E+00  0.00000E+00  0.00000E+00  0.00000E+00  0.00000E+00  0.00000E+00  0.00000E+00  0.00000E+00  0.00000E+00  0.00000E+00  0.00000E+00  0.00000E+00  0.00000E+00  0.00000E+00  0.00000E+00  0.00000E+00  0.00000E+00  0.00000E+00  0.00000E+00  0.00000E+00  0.00000E+00  0.00000E+00  0.00000E+00  0.00000E+00  0.00000E+00  0.00000E+00  0.00000E+00  0.00000E+00  0.00000E+00  0.00000E+00  0.00000E+00  0.00000E+00  0.00000E+00  2.53811E+02  3.10232E+02  1.97446E+02  1.65630E+01  2.44210E+02  0.00000E+00  0.00000E+00  0.00000E+00  2.17112E+02  1.03230E+01  0.00000E+00  0.00000E+00  0.00000E+00  0.00000E+00  0.00000E+00  0.00000E+00  0.00000E+00  0.00000E+00  0.00000E+00  0.00000E+00  0.00000E+00  0.00000E+00  0.00000E+00  0.00000E+00
  0.00000E+00  0.00000E+00  0.00000E+00  0.00000E+00  0.00000E+00  0.00000E+00  0.00000E+00  0.00000E+00  0.00000E+00  0.00000E+00  0.00000E+00  0.00000E+00  0.00000E+00  0.00000E+00  0.00000E+00  0.00000E+00  0.00000E+00  0.00000E+00  0.00000E+00  0.00000E+00  0.00000E+00  0.00000E+00  0.00000E+00  0.00000E+00  0.00000E+00  0.00000E+00  0.00000E+00  0.00000E+00  0.00000E+00  0.00000E+00  0.00000E+00  0.00000E+00  0.00000E+00  0.00000E+00  0.00000E+00  0.00000E+00  0.00000E+00  0.00000E+00  0.00000E+00  0.00000E+00  0.00000E+00  0.00000E+00  0.00000E+00  0.00000E+00  0.00000E+00  0.00000E+00  0.00000E+00  0.00000E+00  0.00000E+00  2.81828E+01  1.12787E+02  2.81828E+01  0.00000E+00  1.22333E+02  8.94283E+01  0.00000E+00  1.01711E+01  3.51369E+02  2.17385E+02  0.00000E+00  0.00000E+00  0.00000E+00  0.00000E+00  0.00000E+00  0.00000E+00  0.00000E+00  0.00000E+00  0.00000E+00  0.00000E+00  0.00000E+00  0.00000E+00  0.00000E+00  0.00000E+00
  0.00000E+00  0.00000E+00  0.00000E+00  0.00000E+00  0.00000E+00  0.00000E+00  0.00000E+00  0.00000E+00  0.00000E+00  0.00000E+00  0.00000E+00  0.00000E+00  0.00000E+00  0.00000E+00  0.00000E+00  0.00000E+00  0.00000E+00  0.00000E+00  0.00000E+00  0.00000E+00  0.00000E+00  0.00000E+00  0.00000E+00  0.00000E+00  0.00000E+00  0.00000E+00  0.00000E+00  0.00000E+00  0.00000E+00  0.00000E+00  0.00000E+00  0.00000E+00  0.00000E+00  0.00000E+00  0.00000E+00  0.00000E+00  0.00000E+00  0.00000E+00  0.00000E+00  0.00000E+00  0.00000E+00  0.00000E+00  0.00000E+00  0.00000E+00  0.00000E+00  0.00000E+00  0.00000E+00  0.00000E+00  0.00000E+00  0.00000E+00  0.00000E+00  0.00000E+00  0.00000E+00  0.00000E+00  0.00000E+00  0.00000E+00  0.00000E+00  1.85871E+02  3.10533E+02  0.00000E+00  0.00000E+00  0.00000E+00  0.00000E+00  0.00000E+00  0.00000E+00  0.00000E+00  0.00000E+00  0.00000E+00  0.00000E+00  0.00000E+00  0.00000E+00  0.00000E+00  0.00000E+00
  0.00000E+00  0.00000E+00  0.00000E+00  0.00000E+00  0.00000E+00  0.00000E+00  0.00000E+00  0.00000E+00  0.00000E+00  0.00000E+00  0.00000E+00  0.00000E+00  0.00000E+00  0.00000E+00  0.00000E+00  0.00000E+00  0.00000E+00  0.00000E+00  0.00000E+00  0.00000E+00  0.00000E+00  0.00000E+00  0.00000E+00  0.00000E+00  0.00000E+00  0.00000E+00  0.00000E+00  0.00000E+00  0.00000E+00  0.00000E+00  0.00000E+00  0.00000E+00  0.00000E+00  0.00000E+00  0.00000E+00  0.00000E+00  0.00000E+00  0.00000E+00  0.00000E+00  0.00000E+00  0.00000E+00  0.00000E+00  0.00000E+00  0.00000E+00  0.00000E+00  0.00000E+00  0.00000E+00  0.00000E+00  0.00000E+00  0.00000E+00  5.08678E+01  2.03509E+02  1.01736E+02  0.00000E+00  0.00000E+00  0.00000E+00  0.00000E+00  1.13065E+02  2.68151E+02  0.00000E+00  0.00000E+00  0.00000E+00  0.00000E+00  0.00000E+00  0.00000E+00  0.00000E+00  0.00000E+00  0.00000E+00  0.00000E+00  0.00000E+00  0.00000E+00  0.00000E+00  0.00000E+00
  0.00000E+00  0.00000E+00  0.00000E+00  0.00000E+00  0.00000E+00  0.00000E+00  0.00000E+00  0.00000E+00  0.00000E+00  0.00000E+00  0.00000E+00  0.00000E+00  0.00000E+00  0.00000E+00  0.00000E+00  0.00000E+00  0.00000E+00  0.00000E+00  0.00000E+00  0.00000E+00  0.00000E+00  0.00000E+00  0.00000E+00  0.00000E+00  0.00000E+00  0.00000E+00  0.00000E+00  0.00000E+00  0.00000E+00  0.00000E+00  0.00000E+00  0.00000E+00  0.00000E+00  0.00000E+00  0.00000E+00  0.00000E+00  0.00000E+00  0.00000E+00  0.00000E+00  0.00000E+00  0.00000E+00  0.00000E+00  0.00000E+00  0.00000E+00  0.00000E+00  0.00000E+00  0.00000E+00  0.00000E+00  0.00000E+00  0.00000E+00  5.08678E+01  2.54454E+02  6.78493E+01  0.00000E+00  0.00000E+00  1.62287E+02  6.15578E+02  1.70898E+03  1.19047E+03  3.62027E+02  0.00000E+00  0.00000E+00  0.00000E+00  0.00000E+00  0.00000E+00  0.00000E+00  0.00000E+00  0.00000E+00  0.00000E+00  0.00000E+00  0.00000E+00  0.00000E+00  0.00000E+00
  0.00000E+00  0.00000E+00  0.00000E+00  0.00000E+00  0.00000E+00  0.00000E+00  0.00000E+00  0.00000E+00  0.00000E+00  0.00000E+00  0.00000E+00  0.00000E+00  0.00000E+00  0.00000E+00  0.00000E+00  0.00000E+00  0.00000E+00  0.00000E+00  0.00000E+00  0.00000E+00  0.00000E+00  0.00000E+00  0.00000E+00  0.00000E+00  0.00000E+00  0.00000E+00  0.00000E+00  0.00000E+00  0.00000E+00  0.00000E+00  0.00000E+00  0.00000E+00  0.00000E+00  0.00000E+00  0.00000E+00  0.00000E+00  0.00000E+00  0.00000E+00  0.00000E+00  0.00000E+00  0.00000E+00  0.00000E+00  0.00000E+00  0.00000E+00  0.00000E+00  0.00000E+00  0.00000E+00  0.00000E+00  0.00000E+00  6.78493E+01  2.54377E+02  2.37434E+02  0.00000E+00  0.00000E+00  0.00000E+00  1.47658E+03  7.91531E+02  1.29795E+03  8.77175E+02  7.43329E+02  0.00000E+00  0.00000E+00  0.00000E+00  0.00000E+00  0.00000E+00  0.00000E+00  0.00000E+00  0.00000E+00  0.00000E+00  0.00000E+00  0.00000E+00  0.00000E+00  0.00000E+00
  0.00000E+00  0.00000E+00  0.00000E+00  0.00000E+00  0.00000E+00  0.00000E+00  0.00000E+00  0.00000E+00  0.00000E+00  0.00000E+00  0.00000E+00  0.00000E+00  0.00000E+00  0.00000E+00  0.00000E+00  0.00000E+00  0.00000E+00  0.00000E+00  0.00000E+00  0.00000E+00  0.00000E+00  0.00000E+00  0.00000E+00  0.00000E+00  0.00000E+00  0.00000E+00  0.00000E+00  0.00000E+00  0.00000E+00  0.00000E+00  0.00000E+00  0.00000E+00  0.00000E+00  0.00000E+00  0.00000E+00  0.00000E+00  0.00000E+00  0.00000E+00  0.00000E+00  0.00000E+00  0.00000E+00  0.00000E+00  0.00000E+00  0.00000E+00  0.00000E+00  0.00000E+00  0.00000E+00  0.00000E+00  0.00000E+00  8.48308E+01  2.37511E+02  1.69431E+01  0.00000E+00  0.00000E+00  0.00000E+00  2.11983E+02  4.80237E+02  1.02143E+03  1.31236E+03  6.26270E+02  0.00000E+00  0.00000E+00  0.00000E+00  0.00000E+00  0.00000E+00  0.00000E+00  0.00000E+00  0.00000E+00  0.00000E+00  0.00000E+00  0.00000E+00  0.00000E+00  0.00000E+00
  0.00000E+00  0.00000E+00  0.00000E+00  0.00000E+00  0.00000E+00  0.00000E+00  0.00000E+00  0.00000E+00  0.00000E+00  0.00000E+00  0.00000E+00  0.00000E+00  0.00000E+00  0.00000E+00  0.00000E+00  0.00000E+00  0.00000E+00  0.00000E+00  0.00000E+00  0.00000E+00  0.00000E+00  0.00000E+00  0.00000E+00  0.00000E+00  0.00000E+00  0.00000E+00  0.00000E+00  0.00000E+00  0.00000E+00  0.00000E+00  0.00000E+00  0.00000E+00  0.00000E+00  0.00000E+00  0.00000E+00  0.00000E+00  0.00000E+00  0.00000E+00  0.00000E+00  0.00000E+00  0.00000E+00  0.00000E+00  0.00000E+00  0.00000E+00  0.00000E+00  0.00000E+00  0.00000E+00  0.00000E+00  0.00000E+00  6.78493E+01  1.18679E+02  0.00000E+00  0.00000E+00  0.00000E+00  0.00000E+00  0.00000E+00  6.58033E+01  6.33260E+02  1.04115E+03  6.25332E+02  0.00000E+00  0.00000E+00  0.00000E+00  0.00000E+00  0.00000E+00  0.00000E+00  0.00000E+00  0.00000E+00  0.00000E+00  0.00000E+00  0.00000E+00  0.00000E+00  0.00000E+00
  0.00000E+00  0.00000E+00  0.00000E+00  0.00000E+00  0.00000E+00  0.00000E+00  0.00000E+00  0.00000E+00  0.00000E+00  0.00000E+00  0.00000E+00  0.00000E+00  0.00000E+00  0.00000E+00  0.00000E+00  0.00000E+00  0.00000E+00  0.00000E+00  0.00000E+00  0.00000E+00  0.00000E+00  0.00000E+00  0.00000E+00  0.00000E+00  0.00000E+00  0.00000E+00  0.00000E+00  0.00000E+00  0.00000E+00  0.00000E+00  0.00000E+00  0.00000E+00  0.00000E+00  0.00000E+00  0.00000E+00  0.00000E+00  0.00000E+00  0.00000E+00  0.00000E+00  0.00000E+00  0.00000E+00  0.00000E+00  0.00000E+00  0.00000E+00  0.00000E+00  0.00000E+00  0.00000E+00  0.00000E+00  0.00000E+00  0.00000E+00  1.69431E+01  0.00000E+00  0.00000E+00  0.00000E+00  0.00000E+00  0.00000E+00  0.00000E+00  0.00000E+00  3.87926E+02  0.00000E+00  0.00000E+00  0.00000E+00  0.00000E+00  0.00000E+00  0.00000E+00  0.00000E+00  0.00000E+00  0.00000E+00  0.00000E+00  0.00000E+00  0.00000E+00  0.00000E+00  0.00000E+00
  0.00000E+00  0.00000E+00  0.00000E+00  0.00000E+00  0.00000E+00  0.00000E+00  0.00000E+00  0.00000E+00  0.00000E+00  0.00000E+00  0.00000E+00  0.00000E+00  0.00000E+00  0.00000E+00  0.00000E+00  0.00000E+00  0.00000E+00  0.00000E+00  0.00000E+00  0.00000E+00  0.00000E+00  0.00000E+00  0.00000E+00  0.00000E+00  0.00000E+00  0.00000E+00  0.00000E+00  0.00000E+00  0.00000E+00  0.00000E+00  0.00000E+00  0.00000E+00  0.00000E+00  0.00000E+00  0.00000E+00  0.00000E+00  0.00000E+00  0.00000E+00  0.00000E+00  0.00000E+00  0.00000E+00  0.00000E+00  0.00000E+00  0.00000E+00  0.00000E+00  0.00000E+00  0.00000E+00  0.00000E+00  0.00000E+00  0.00000E+00  0.00000E+00  0.00000E+00  0.00000E+00  0.00000E+00  0.00000E+00  0.00000E+00  0.00000E+00  0.00000E+00  8.23722E+01  0.00000E+00  0.00000E+00  0.00000E+00  0.00000E+00  0.00000E+00  0.00000E+00  0.00000E+00  0.00000E+00  0.00000E+00  0.00000E+00  0.00000E+00  0.00000E+00  0.00000E+00  0.00000E+00
  0.00000E+00  0.00000E+00  0.00000E+00  0.00000E+00  0.00000E+00  0.00000E+00  0.00000E+00  0.00000E+00  0.00000E+00  0.00000E+00  0.00000E+00  0.00000E+00  0.00000E+00  0.00000E+00  0.00000E+00  0.00000E+00  0.00000E+00  0.00000E+00  0.00000E+00  0.00000E+00  0.00000E+00  0.00000E+00  0.00000E+00  0.00000E+00  0.00000E+00  0.00000E+00  0.00000E+00  0.00000E+00  0.00000E+00  0.00000E+00  0.00000E+00  0.00000E+00  0.00000E+00  0.00000E+00  0.00000E+00  0.00000E+00  0.00000E+00  0.00000E+00  0.00000E+00  0.00000E+00  0.00000E+00  0.00000E+00  0.00000E+00  0.00000E+00  0.00000E+00  0.00000E+00  0.00000E+00  0.00000E+00  0.00000E+00  0.00000E+00  0.00000E+00  0.00000E+00  0.00000E+00  0.00000E+00  0.00000E+00  0.00000E+00  0.00000E+00  0.00000E+00  1.88165E+02  0.00000E+00  0.00000E+00  0.00000E+00  0.00000E+00  0.00000E+00  0.00000E+00  0.00000E+00  0.00000E+00  0.00000E+00  0.00000E+00  0.00000E+00  0.00000E+00  0.00000E+00  0.00000E+00
 
 year:        2011
  0.00000E+00  0.00000E+00  0.00000E+00  3.72437E+02  7.41587E+02  2.66635E+02  6.28811E+02  2.08385E+02  0.00000E+00  0.00000E+00  0.00000E+00  0.00000E+00  0.00000E+00  0.00000E+00  0.00000E+00  0.00000E+00  0.00000E+00  0.00000E+00  0.00000E+00  0.00000E+00  0.00000E+00  0.00000E+00  0.00000E+00  0.00000E+00  0.00000E+00  0.00000E+00  0.00000E+00  0.00000E+00  0.00000E+00  0.00000E+00  0.00000E+00  0.00000E+00  0.00000E+00  0.00000E+00  0.00000E+00  0.00000E+00  0.00000E+00  0.00000E+00  0.00000E+00  0.00000E+00  0.00000E+00  0.00000E+00  0.00000E+00  0.00000E+00  0.00000E+00  0.00000E+00  0.00000E+00  0.00000E+00  0.00000E+00  0.00000E+00  0.00000E+00  0.00000E+00  0.00000E+00  0.00000E+00  0.00000E+00  0.00000E+00  0.00000E+00  0.00000E+00  0.00000E+00  0.00000E+00  0.00000E+00  0.00000E+00  0.00000E+00  0.00000E+00  0.00000E+00  0.00000E+00  0.00000E+00  0.00000E+00  0.00000E+00  0.00000E+00  0.00000E+00  0.00000E+00  0.00000E+00
  0.00000E+00  8.26898E+02  1.04095E+03  1.52586E+03  1.40991E+03  1.50388E+03  4.72661E+02  6.17562E+02  2.19838E+02  0.00000E+00  0.00000E+00  0.00000E+00  0.00000E+00  0.00000E+00  0.00000E+00  0.00000E+00  0.00000E+00  0.00000E+00  0.00000E+00  0.00000E+00  0.00000E+00  0.00000E+00  0.00000E+00  0.00000E+00  0.00000E+00  0.00000E+00  0.00000E+00  0.00000E+00  0.00000E+00  0.00000E+00  0.00000E+00  0.00000E+00  0.00000E+00  0.00000E+00  0.00000E+00  0.00000E+00  0.00000E+00  0.00000E+00  0.00000E+00  0.00000E+00  0.00000E+00  0.00000E+00  0.00000E+00  0.00000E+00  0.00000E+00  0.00000E+00  0.00000E+00  0.00000E+00  0.00000E+00  0.00000E+00  0.00000E+00  0.00000E+00  0.00000E+00  0.00000E+00  0.00000E+00  0.00000E+00  0.00000E+00  0.00000E+00  0.00000E+00  0.00000E+00  0.00000E+00  0.00000E+00  0.00000E+00  0.00000E+00  0.00000E+00  0.00000E+00  0.00000E+00  0.00000E+00  0.00000E+00  0.00000E+00  0.00000E+00  0.00000E+00  0.00000E+00
  1.02045E+03  7.92336E+02  1.57578E+03  1.87044E+03  1.33246E+03  2.27396E+03  4.58164E+02  6.07384E+02  1.68649E+03  1.43865E+03  0.00000E+00  0.00000E+00  0.00000E+00  0.00000E+00  0.00000E+00  0.00000E+00  0.00000E+00  0.00000E+00  0.00000E+00  0.00000E+00  0.00000E+00  0.00000E+00  0.00000E+00  0.00000E+00  0.00000E+00  0.00000E+00  0.00000E+00  0.00000E+00  0.00000E+00  0.00000E+00  0.00000E+00  0.00000E+00  0.00000E+00  0.00000E+00  0.00000E+00  0.00000E+00  0.00000E+00  0.00000E+00  0.00000E+00  0.00000E+00  0.00000E+00  0.00000E+00  0.00000E+00  0.00000E+00  0.00000E+00  0.00000E+00  0.00000E+00  0.00000E+00  0.00000E+00  0.00000E+00  0.00000E+00  0.00000E+00  0.00000E+00  0.00000E+00  0.00000E+00  0.00000E+00  0.00000E+00  0.00000E+00  0.00000E+00  0.00000E+00  0.00000E+00  0.00000E+00  0.00000E+00  0.00000E+00  0.00000E+00  0.00000E+00  0.00000E+00  0.00000E+00  0.00000E+00  0.00000E+00  0.00000E+00  0.00000E+00  0.00000E+00
  8.09828E+02  1.01804E+03  5.25707E+02  6.29421E+02  1.26670E+03  1.74596E+03  1.93888E+02  7.47196E+02  2.25544E+03  1.48893E+03  4.03036E+02  1.42650E+02  6.21345E+02  0.00000E+00  0.00000E+00  0.00000E+00  0.00000E+00  0.00000E+00  0.00000E+00  0.00000E+00  0.00000E+00  0.00000E+00  0.00000E+00  0.00000E+00  0.00000E+00  0.00000E+00  0.00000E+00  0.00000E+00  0.00000E+00  0.00000E+00  0.00000E+00  0.00000E+00  0.00000E+00  0.00000E+00  0.00000E+00  0.00000E+00  0.00000E+00  0.00000E+00  0.00000E+00  0.00000E+00  0.00000E+00  0.00000E+00  0.00000E+00  0.00000E+00  0.00000E+00  0.00000E+00  0.00000E+00  0.00000E+00  0.00000E+00  0.00000E+00  0.00000E+00  0.00000E+00  0.00000E+00  0.00000E+00  0.00000E+00  0.00000E+00  0.00000E+00  0.00000E+00  0.00000E+00  0.00000E+00  0.00000E+00  0.00000E+00  0.00000E+00  0.00000E+00  0.00000E+00  0.00000E+00  0.00000E+00  0.00000E+00  0.00000E+00  0.00000E+00  0.00000E+00  0.00000E+00  0.00000E+00
  2.22219E+02  1.45366E+03  1.38508E+03  4.79400E+02  7.22529E+02  8.17952E+02  1.06520E+03  1.32138E+02  1.26511E+03  1.58333E+03  1.53626E+03  1.31160E+03  1.22131E+03  1.03759E+03  7.43388E+02  1.16576E+03  8.51303E+02  5.10748E+02  6.09841E+02  9.12938E+01  0.00000E+00  0.00000E+00  0.00000E+00  0.00000E+00  0.00000E+00  0.00000E+00  0.00000E+00  0.00000E+00  0.00000E+00  0.00000E+00  0.00000E+00  0.00000E+00  0.00000E+00  0.00000E+00  0.00000E+00  0.00000E+00  0.00000E+00  0.00000E+00  0.00000E+00  0.00000E+00  0.00000E+00  0.00000E+00  0.00000E+00  0.00000E+00  0.00000E+00  0.00000E+00  0.00000E+00  0.00000E+00  0.00000E+00  0.00000E+00  0.00000E+00  0.00000E+00  0.00000E+00  0.00000E+00  0.00000E+00  0.00000E+00  0.00000E+00  0.00000E+00  0.00000E+00  0.00000E+00  0.00000E+00  0.00000E+00  0.00000E+00  0.00000E+00  0.00000E+00  0.00000E+00  0.00000E+00  0.00000E+00  0.00000E+00  0.00000E+00  0.00000E+00  0.00000E+00  0.00000E+00
  0.00000E+00  0.00000E+00  9.10629E+02  6.09507E+02  2.38304E+02  1.05032E+03  1.30874E+03  2.45673E+02  1.12549E+03  1.24293E+03  1.50821E+03  8.47893E+02  1.40061E+03  1.55345E+03  7.83349E+02  1.50340E+03  1.54187E+03  9.57296E+02  1.04298E+03  9.86503E+02  3.22028E+02  0.00000E+00  0.00000E+00  0.00000E+00  0.00000E+00  0.00000E+00  0.00000E+00  0.00000E+00  0.00000E+00  0.00000E+00  0.00000E+00  0.00000E+00  0.00000E+00  0.00000E+00  0.00000E+00  0.00000E+00  0.00000E+00  0.00000E+00  0.00000E+00  0.00000E+00  0.00000E+00  0.00000E+00  0.00000E+00  0.00000E+00  0.00000E+00  0.00000E+00  0.00000E+00  0.00000E+00  0.00000E+00  0.00000E+00  0.00000E+00  0.00000E+00  0.00000E+00  0.00000E+00  0.00000E+00  0.00000E+00  0.00000E+00  0.00000E+00  0.00000E+00  0.00000E+00  0.00000E+00  0.00000E+00  0.00000E+00  0.00000E+00  0.00000E+00  0.00000E+00  0.00000E+00  0.00000E+00  0.00000E+00  0.00000E+00  0.00000E+00  0.00000E+00  0.00000E+00
  0.00000E+00  0.00000E+00  4.72066E+02  1.20060E+03  1.26767E+03  2.69365E+02  1.23235E+03  3.33272E+02  1.36127E+03  1.83359E+03  1.06931E+03  9.64109E+02  1.54035E+03  1.13757E+03  8.07487E+02  8.22083E+02  1.51821E+03  1.24420E+03  1.26448E+03  2.23442E+03  1.84404E+03  5.46742E+02  0.00000E+00  0.00000E+00  0.00000E+00  0.00000E+00  0.00000E+00  0.00000E+00  0.00000E+00  0.00000E+00  0.00000E+00  0.00000E+00  0.00000E+00  0.00000E+00  0.00000E+00  0.00000E+00  0.00000E+00  0.00000E+00  0.00000E+00  3.24165E+01  4.75890E+01  0.00000E+00  0.00000E+00  0.00000E+00  6.28371E-06  0.00000E+00  0.00000E+00  0.00000E+00  0.00000E+00  0.00000E+00  2.65152E+01  1.32576E+01  0.00000E+00  0.00000E+00  0.00000E+00  0.00000E+00  0.00000E+00  0.00000E+00  0.00000E+00  0.00000E+00  0.00000E+00  0.00000E+00  0.00000E+00  0.00000E+00  0.00000E+00  0.00000E+00  0.00000E+00  0.00000E+00  0.00000E+00  0.00000E+00  0.00000E+00  0.00000E+00  0.00000E+00
  0.00000E+00  0.00000E+00  1.95804E+02  7.54437E+02  1.05616E+03  4.51342E+02  1.11022E+03  6.41875E+02  9.92044E+02  1.48072E+03  1.74053E+03  4.90575E+02  1.24409E+03  8.11214E+02  6.74410E+02  1.30238E+03  1.54618E+03  1.29414E+03  7.90120E+02  1.29120E+03  1.67217E+03  8.42235E+02  0.00000E+00  0.00000E+00  0.00000E+00  0.00000E+00  0.00000E+00  0.00000E+00  0.00000E+00  0.00000E+00  0.00000E+00  0.00000E+00  0.00000E+00  0.00000E+00  0.00000E+00  0.00000E+00  0.00000E+00  0.00000E+00  7.34955E-03  1.39187E+02  1.08436E+02  6.28371E-06  1.25674E-05  5.03459E-05  1.25674E-05  1.35129E+02  8.47304E+01  0.00000E+00  0.00000E+00  3.00613E+02  1.12788E+03  5.49026E+02  0.00000E+00  0.00000E+00  0.00000E+00  0.00000E+00  0.00000E+00  0.00000E+00  0.00000E+00  0.00000E+00  0.00000E+00  0.00000E+00  0.00000E+00  0.00000E+00  0.00000E+00  0.00000E+00  0.00000E+00  0.00000E+00  0.00000E+00  0.00000E+00  0.00000E+00  0.00000E+00  0.00000E+00
  0.00000E+00  0.00000E+00  0.00000E+00  5.25007E+01  1.89821E+02  4.86296E+02  1.00641E+03  9.34481E+02  7.01694E+02  1.50799E+03  7.48723E+02  7.71340E+02  9.46970E+02  1.04349E+03  1.36596E+03  1.73335E+03  1.57469E+03  1.31718E+03  1.00667E+03  1.40468E+03  8.58387E+02  1.33820E+03  0.00000E+00  0.00000E+00  0.00000E+00  0.00000E+00  0.00000E+00  0.00000E+00  0.00000E+00  0.00000E+00  2.41262E+02  1.40873E+02  0.00000E+00  6.27514E+01  8.52601E+01  3.69312E+02  4.82992E+02  7.26746E+02  8.33040E+02  4.41449E+02  4.40622E-05  5.03841E-05  2.51730E-05  5.03841E-05  2.08438E+02  9.18546E+02  8.57587E+02  0.00000E+00  9.02447E+02  1.75871E+03  1.56696E+03  2.58560E+02  2.31347E+02  0.00000E+00  0.00000E+00  0.00000E+00  0.00000E+00  0.00000E+00  0.00000E+00  0.00000E+00  0.00000E+00  0.00000E+00  0.00000E+00  0.00000E+00  0.00000E+00  0.00000E+00  0.00000E+00  0.00000E+00  0.00000E+00  0.00000E+00  0.00000E+00  0.00000E+00  0.00000E+00
  0.00000E+00  0.00000E+00  0.00000E+00  4.44950E+02  1.58056E+03  1.86295E+03  7.40535E+02  9.98544E+02  7.61149E+02  2.10035E+03  1.40018E+03  3.43108E+02  1.41929E+03  8.34507E+02  9.74211E+02  1.10480E+03  7.96373E+02  1.36968E+03  4.31672E+02  1.10355E+03  1.10552E+03  1.19058E+03  7.10540E+02  3.08111E+02  5.51728E+02  4.95539E+02  1.60173E+02  3.20205E+02  4.82134E+02  3.66239E+02  1.09481E+03  1.06539E+03  6.28371E-06  7.69320E+02  1.37164E+03  9.65978E+02  1.31413E+03  1.06648E+03  1.31252E+03  6.01213E+02  5.67441E-05  0.00000E+00  1.40873E+02  7.42396E+02  3.49310E+02  2.52111E-05  5.76618E+02  6.96015E+02  1.13289E+03  1.52717E+03  1.76562E+03  1.05986E+03  1.12255E+03  0.00000E+00  0.00000E+00  0.00000E+00  0.00000E+00  0.00000E+00  0.00000E+00  0.00000E+00  0.00000E+00  0.00000E+00  0.00000E+00  0.00000E+00  0.00000E+00  0.00000E+00  0.00000E+00  0.00000E+00  0.00000E+00  0.00000E+00  0.00000E+00  0.00000E+00  0.00000E+00
  0.00000E+00  0.00000E+00  0.00000E+00  0.00000E+00  9.96531E+02  8.91147E+02  5.24448E+02  1.12667E+03  6.67853E+02  9.17120E+02  1.18594E+03  2.92612E+02  2.01717E+03  1.48713E+03  5.98756E+02  7.22002E+02  7.90098E+02  6.47180E+02  3.11313E+02  9.23099E+02  9.10081E+02  9.59002E+02  1.24525E+03  6.51528E+02  6.56415E+02  4.31404E+02  1.29842E+03  5.38086E+02  4.05765E+02  2.78576E+02  9.32058E+02  1.62353E+03  1.26879E+03  6.09604E+02  6.00033E+02  5.96667E+02  1.41679E+03  5.95336E+02  1.26056E-05  0.00000E+00  1.88893E-05  7.11175E+02  1.61326E+03  2.99611E+03  1.13564E+03  2.76266E+02  3.07389E+02  3.15168E+02  1.00392E+03  1.38620E+03  1.65503E+03  2.11334E+03  2.24068E+03  4.21229E+02  0.00000E+00  0.00000E+00  0.00000E+00  0.00000E+00  0.00000E+00  0.00000E+00  0.00000E+00  0.00000E+00  0.00000E+00  0.00000E+00  0.00000E+00  0.00000E+00  0.00000E+00  0.00000E+00  0.00000E+00  0.00000E+00  0.00000E+00  0.00000E+00  0.00000E+00
  0.00000E+00  0.00000E+00  0.00000E+00  0.00000E+00  2.97966E+02  1.31006E+02  7.52396E+02  2.00967E+03  1.32921E+03  2.90188E+02  1.27727E+02  1.34063E+03  1.43248E+03  6.48298E+02  8.14246E+02  1.57615E+03  1.06610E+03  9.46267E+02  3.67812E+02  9.99478E+02  1.96542E+03  1.37317E+03  2.93706E+02  5.20190E+02  4.13536E+02  3.71153E+02  8.20085E+02  5.83891E+02  2.38251E+02  3.93794E+02  6.53556E+02  3.23296E+02  7.38333E+02  9.73256E+02  3.98799E+02  3.99908E+02  4.75406E+02  2.18776E+02  1.69738E+02  6.10111E+01  1.37293E+02  3.51410E+02  1.59975E+03  1.87710E+03  1.36237E+03  5.22040E+02  1.05356E+03  8.99460E+02  1.61670E+03  8.80528E+02  2.79855E+03  3.71401E+03  3.98560E+03  1.35809E+03  0.00000E+00  0.00000E+00  0.00000E+00  0.00000E+00  0.00000E+00  0.00000E+00  0.00000E+00  0.00000E+00  0.00000E+00  0.00000E+00  0.00000E+00  0.00000E+00  0.00000E+00  0.00000E+00  0.00000E+00  0.00000E+00  0.00000E+00  0.00000E+00  0.00000E+00
  0.00000E+00  0.00000E+00  0.00000E+00  0.00000E+00  0.00000E+00  0.00000E+00  0.00000E+00  1.54158E+03  2.07810E+03  5.99182E+02  0.00000E+00  2.11055E+03  1.99001E+03  2.92462E+02  1.19806E+03  2.23923E+03  1.17434E+03  5.04491E+02  3.47419E+02  5.65199E+02  1.58141E+03  1.40757E+03  3.62083E+02  2.46064E+02  5.36568E+02  5.78950E+02  1.55544E+02  2.38251E+02  8.87856E+02  6.94169E+02  1.15541E+03  7.54260E+02  2.12575E+02  2.07522E+02  1.91889E+02  6.46981E+02  1.09154E+03  3.45664E+02  2.36079E+02  4.57785E+01  2.76008E+02  1.96221E+02  4.54864E+02  2.58616E+03  1.10658E+03  8.77748E+02  1.52302E+03  2.09406E+03  1.77581E+03  5.19403E+02  1.21222E+03  1.45730E+03  3.19775E+03  1.83955E+03  7.06032E+02  8.16911E+02  0.00000E+00  0.00000E+00  0.00000E+00  0.00000E+00  0.00000E+00  0.00000E+00  0.00000E+00  0.00000E+00  0.00000E+00  0.00000E+00  0.00000E+00  0.00000E+00  0.00000E+00  0.00000E+00  0.00000E+00  0.00000E+00  0.00000E+00
  0.00000E+00  0.00000E+00  0.00000E+00  0.00000E+00  0.00000E+00  0.00000E+00  0.00000E+00  7.60296E+02  2.07910E+03  1.86408E+03  2.77039E+02  3.13461E+02  4.09541E+02  1.09602E+03  8.93720E+02  2.14863E+03  2.30010E+03  9.29493E+02  4.28800E+02  6.11211E+02  7.20074E+02  2.48940E+03  1.83913E+03  6.31143E+02  1.20443E+03  3.30828E+02  2.48121E+02  3.12455E+02  1.09791E+03  7.09041E+02  3.22916E+02  3.70401E+02  4.14461E+02  2.27653E+02  1.57558E+02  5.50218E+02  9.52461E+02  8.66877E+02  2.40440E+02  5.54191E+02  2.73892E+02  2.17064E+02  3.14358E+02  7.31032E+02  2.89896E+02  1.74390E+03  2.65462E+03  1.66564E+03  1.92244E+03  9.93098E+02  2.60870E+03  3.47566E+03  2.62181E+03  3.11351E+03  3.02970E+03  2.88970E+03  9.73840E+02  0.00000E+00  0.00000E+00  0.00000E+00  0.00000E+00  0.00000E+00  0.00000E+00  0.00000E+00  0.00000E+00  0.00000E+00  0.00000E+00  0.00000E+00  0.00000E+00  0.00000E+00  0.00000E+00  0.00000E+00  0.00000E+00
  0.00000E+00  0.00000E+00  0.00000E+00  0.00000E+00  0.00000E+00  0.00000E+00  0.00000E+00  7.47195E+02  1.94045E+03  1.70677E+03  2.74454E+02  7.11581E+01  9.87424E+02  1.23726E+03  5.46597E+02  1.23942E+03  2.08810E+03  1.13550E+03  3.81299E+02  1.62332E+02  2.93122E+02  1.81973E+03  1.43248E+03  6.31969E+02  7.39107E+02  7.99221E+02  5.63286E+02  8.33382E+02  7.12573E+02  1.88055E+02  4.36135E+02  4.19087E+02  4.92554E+02  3.25042E+02  2.01622E+02  2.12963E+02  3.72907E+02  1.01723E+03  8.67941E+02  7.94277E+02  6.60782E+02  2.58891E+02  3.56943E+02  6.72759E+02  9.82697E+02  1.35002E+03  2.99165E+03  2.85801E+03  2.46412E+03  2.24237E+03  2.31813E+03  2.00676E+03  2.25879E+03  2.18450E+03  2.63111E+03  2.03153E+03  1.21714E+03  7.97098E+02  0.00000E+00  0.00000E+00  0.00000E+00  0.00000E+00  0.00000E+00  0.00000E+00  0.00000E+00  0.00000E+00  0.00000E+00  0.00000E+00  0.00000E+00  0.00000E+00  0.00000E+00  0.00000E+00  0.00000E+00
  0.00000E+00  0.00000E+00  0.00000E+00  0.00000E+00  0.00000E+00  0.00000E+00  0.00000E+00  9.57567E+02  1.61928E+03  1.06552E+03  9.89082E+02  7.37708E+02  1.43814E+03  1.79768E+03  2.07707E+03  1.75681E+03  1.96069E+03  1.59881E+03  4.76097E+02  2.04394E+02  6.13576E+02  8.28557E+02  1.20869E+03  7.52979E+02  5.38189E+02  7.27551E+02  1.20969E+03  9.54308E+02  1.65414E+02  8.27071E+01  9.98639E+01  1.86880E+02  6.80407E+02  6.29946E+02  2.28874E+02  2.21662E+02  1.92588E+03  2.26727E+03  2.97657E+03  3.09405E+03  1.61136E+03  2.36174E+02  6.67842E+02  1.51113E+03  2.01345E+03  2.12655E+03  2.64806E+03  3.05086E+03  2.54100E+03  2.51348E+03  3.08257E+03  2.71466E+03  2.34550E+03  1.33751E+03  2.32540E+03  1.77209E+03  8.54821E+02  1.61895E+03  3.75714E+02  0.00000E+00  0.00000E+00  0.00000E+00  0.00000E+00  0.00000E+00  0.00000E+00  0.00000E+00  0.00000E+00  0.00000E+00  0.00000E+00  0.00000E+00  0.00000E+00  0.00000E+00  0.00000E+00
  0.00000E+00  0.00000E+00  0.00000E+00  0.00000E+00  0.00000E+00  0.00000E+00  0.00000E+00  3.02440E+02  9.42674E+02  1.08194E+03  8.41376E+02  8.80105E+02  1.39118E+03  8.90802E+02  1.22140E+03  4.37626E+02  1.29294E+03  1.71854E+03  1.44464E+02  7.65168E+02  8.01092E+02  8.52449E+02  9.72216E+02  7.41859E+02  5.76415E+02  5.61521E+02  1.31846E+03  1.00133E+03  4.43287E+02  0.00000E+00  5.10563E+02  3.77365E+02  1.33530E+03  1.49091E+03  9.94285E+02  1.85697E+03  2.39002E+03  2.25648E+03  3.67929E+03  1.92290E+03  2.18674E+03  1.86991E+03  1.04957E+03  1.55299E+03  2.48608E+03  1.76107E+03  1.99247E+03  2.39594E+03  2.37226E+03  1.87728E+03  1.83167E+03  2.78133E+03  2.75323E+03  1.48469E+03  2.22012E+03  2.22666E+03  3.88870E+02  2.13537E+03  1.87145E+03  2.15344E+02  0.00000E+00  0.00000E+00  0.00000E+00  0.00000E+00  0.00000E+00  0.00000E+00  0.00000E+00  0.00000E+00  0.00000E+00  0.00000E+00  0.00000E+00  0.00000E+00  0.00000E+00
  0.00000E+00  0.00000E+00  0.00000E+00  0.00000E+00  0.00000E+00  0.00000E+00  0.00000E+00  0.00000E+00  2.16362E+02  1.59333E+03  1.40095E+03  4.60749E+02  2.41289E+03  2.47723E+03  1.70088E+03  2.44763E+03  1.44038E+03  2.48205E+02  9.56377E+02  3.29320E+02  1.12691E+03  6.48232E+02  8.21035E+02  4.67209E+02  4.35703E+02  4.04610E+02  1.18098E+03  5.46874E+02  6.97504E+02  4.24249E+02  5.96150E+02  1.13159E+03  1.39629E+03  8.52081E+02  1.83498E+03  2.07664E+03  3.23079E+03  2.55393E+03  3.57920E+03  2.47364E+03  2.25212E+03  2.73382E+03  2.25801E+03  1.23112E+03  2.34740E+03  2.89796E+03  2.86344E+03  2.90944E+03  2.47724E+03  1.92727E+03  2.39041E+03  3.14143E+03  2.31684E+03  2.01912E+03  2.32802E+03  2.19190E+03  2.86142E+03  1.25378E+03  2.31840E+03  1.35864E+03  1.92147E+02  7.94150E+01  0.00000E+00  0.00000E+00  0.00000E+00  0.00000E+00  0.00000E+00  0.00000E+00  0.00000E+00  0.00000E+00  0.00000E+00  0.00000E+00  0.00000E+00
  0.00000E+00  0.00000E+00  0.00000E+00  0.00000E+00  0.00000E+00  0.00000E+00  0.00000E+00  0.00000E+00  1.67328E+01  4.38571E+02  1.62486E+03  4.85424E+02  1.77504E+03  8.62217E+02  1.15094E+03  2.47235E+03  6.66810E+02  5.27937E+02  1.08461E+03  1.03350E+03  3.51870E+02  7.13761E+02  4.89397E+02  6.33384E+02  1.97870E+02  2.26486E+02  3.10274E+02  1.22625E+02  3.31264E+02  5.81849E+02  3.15990E+02  1.23327E+03  5.18461E+02  2.03652E+03  2.67631E+03  1.88722E+03  2.29662E+03  3.16089E+03  2.78764E+03  2.78678E+03  1.99770E+03  2.14451E+03  1.73196E+03  1.77072E+03  3.19331E+03  2.71749E+03  2.16222E+03  2.18939E+03  1.93274E+03  2.93917E+03  2.83319E+03  2.18490E+03  2.17450E+03  2.12333E+03  3.16305E+03  2.61683E+03  2.70216E+03  1.30998E+03  1.71491E+03  2.42159E+03  7.10372E+02  1.58688E+03  0.00000E+00  0.00000E+00  0.00000E+00  0.00000E+00  0.00000E+00  0.00000E+00  0.00000E+00  0.00000E+00  0.00000E+00  0.00000E+00  0.00000E+00
  0.00000E+00  0.00000E+00  0.00000E+00  0.00000E+00  0.00000E+00  0.00000E+00  0.00000E+00  0.00000E+00  1.14271E+02  7.81231E+02  9.82845E+02  6.15909E+02  1.33244E+03  1.47606E+03  1.19581E+03  2.28753E+03  5.27486E+02  1.92137E+03  1.32526E+03  1.38852E+03  5.54969E+02  8.33981E+02  6.76018E+02  4.19522E+02  5.10305E+02  4.43509E+02  3.28365E+02  1.95462E+02  5.72248E+02  7.24607E+02  1.12838E+02  6.47415E+02  1.31155E+03  2.22473E+03  2.24353E+03  1.61003E+03  2.68249E+03  2.73136E+03  3.24354E+03  2.72356E+03  2.89378E+03  2.36880E+03  1.93024E+03  2.06235E+03  2.74321E+03  2.61781E+03  2.50920E+03  3.57998E+03  2.92132E+03  2.64399E+03  2.59395E+03  3.02215E+03  3.65455E+03  3.03444E+03  3.33108E+03  2.84628E+03  2.73553E+03  1.86794E+03  3.40553E+03  2.28007E+03  1.11668E+03  2.44535E+03  0.00000E+00  0.00000E+00  0.00000E+00  7.94150E+01  7.94150E+01  0.00000E+00  0.00000E+00  0.00000E+00  0.00000E+00  0.00000E+00  0.00000E+00
  0.00000E+00  0.00000E+00  0.00000E+00  0.00000E+00  0.00000E+00  0.00000E+00  0.00000E+00  0.00000E+00  5.48231E+01  6.53080E+02  1.05870E+03  1.31337E+03  2.92607E+02  7.30222E+02  1.35185E+03  5.27459E+02  9.78725E+02  1.80143E+03  1.14334E+03  1.33608E+03  3.42103E+02  5.73250E+02  2.88563E+02  6.88643E+02  8.90136E+02  7.83172E+02  4.54537E+02  1.00557E+03  1.14947E+03  4.51680E+02  5.11591E+02  1.00123E+03  2.16239E+03  2.59615E+03  2.33684E+03  2.37793E+03  2.21707E+03  1.96275E+03  3.51802E+03  2.92163E+03  2.38554E+03  1.45033E+03  1.36846E+03  2.22292E+03  3.19620E+03  2.78167E+03  3.48461E+03  2.76218E+03  2.15641E+03  4.10683E+03  2.90523E+03  2.15260E+03  3.26344E+03  2.97498E+03  3.00213E+03  2.55320E+03  3.85901E+03  4.52325E+02  8.16547E+02  1.96058E+03  9.84129E+02  1.07874E+03  4.84840E+02  1.52393E+02  0.00000E+00  9.65361E+02  1.13323E+03  2.31808E+02  0.00000E+00  0.00000E+00  0.00000E+00  0.00000E+00  0.00000E+00
  0.00000E+00  0.00000E+00  0.00000E+00  0.00000E+00  0.00000E+00  0.00000E+00  0.00000E+00  0.00000E+00  0.00000E+00  4.55811E+02  1.12733E+03  1.35849E+03  7.45543E+02  3.64535E+02  1.38976E+03  9.29863E+02  3.80081E+02  1.29618E+03  9.51193E+02  1.13413E+03  6.81444E+02  7.25165E+02  3.62535E+02  9.27280E+02  1.46764E+03  7.94470E+02  5.57646E+02  3.59530E+02  5.22742E+02  3.68622E+02  9.10645E+02  1.28579E+03  3.69092E+03  2.68661E+03  2.01245E+03  2.30902E+03  3.24594E+03  3.08511E+03  2.24849E+03  1.60683E+03  1.75856E+03  1.17758E+03  1.55732E+03  2.64620E+03  3.00084E+03  2.76259E+03  2.76069E+03  2.90236E+03  1.85396E+03  2.19755E+03  2.67106E+03  1.97581E+03  3.30250E+03  3.08618E+03  2.57148E+03  2.54608E+03  2.08178E+03  3.33841E+02  4.58266E+02  5.82053E+02  4.74235E+02  4.65130E+02  6.47517E+02  6.50138E+02  5.17065E+02  2.37295E+02  7.52919E+02  1.03059E+03  4.93000E+01  0.00000E+00  0.00000E+00  0.00000E+00  0.00000E+00
  0.00000E+00  0.00000E+00  0.00000E+00  0.00000E+00  0.00000E+00  0.00000E+00  0.00000E+00  0.00000E+00  0.00000E+00  5.03172E+02  1.48562E+03  1.62822E+03  9.85044E+02  5.35453E+02  1.08590E+03  3.05370E+02  8.82770E+02  7.49935E+02  7.64735E+02  7.73583E+02  2.83713E+02  3.73436E+02  6.12209E+02  1.14134E+03  1.24485E+03  1.72516E+03  9.31643E+02  6.72373E+02  6.17123E+02  6.99930E+02  3.46396E+02  1.61041E+03  2.53780E+03  2.40767E+03  1.35329E+03  2.73124E+03  3.17973E+03  2.17101E+03  2.05661E+03  1.37706E+03  2.30534E+03  1.62151E+03  1.20350E+03  1.84927E+03  2.57577E+03  3.26840E+03  3.15652E+03  3.00805E+03  1.79192E+03  2.83487E+03  2.95391E+03  2.27167E+03  3.38294E+03  1.67845E+03  2.09433E+03  2.10316E+03  1.25200E+03  3.05492E+02  4.80600E+02  3.88403E+02  4.41430E+02  5.37361E+02  6.08063E+02  4.47834E+02  6.84054E+02  3.80548E+02  2.37192E+02  4.55439E+02  1.11914E+02  0.00000E+00  0.00000E+00  0.00000E+00  0.00000E+00
  0.00000E+00  0.00000E+00  0.00000E+00  0.00000E+00  0.00000E+00  0.00000E+00  0.00000E+00  0.00000E+00  0.00000E+00  0.00000E+00  3.03508E+02  6.09059E+02  4.89308E+02  1.26334E+03  1.85795E+03  1.53033E+03  6.31396E+02  1.09037E+03  1.55927E+03  6.56144E+02  8.41903E+02  6.71409E+02  3.81614E+02  1.05817E+03  3.35037E+02  1.20307E+02  9.07999E+01  5.41708E+02  1.15115E+03  1.14494E+03  3.53870E+02  8.80363E+02  9.15224E+02  5.10050E+02  2.39939E+03  2.12262E+03  2.61299E+03  1.78379E+03  2.07553E+03  1.89390E+03  1.58405E+03  9.86254E+02  1.73852E+03  2.73402E+03  2.74539E+03  2.78150E+03  2.62635E+03  2.84968E+03  2.04033E+03  2.61022E+03  3.13285E+03  2.32733E+03  2.30545E+03  2.00223E+03  1.59252E+03  2.24302E+03  1.17989E+03  3.72800E+02  5.41824E+02  4.38603E+02  4.89050E+02  3.80508E+02  3.35613E+02  5.99076E+02  6.63269E+02  4.86742E+02  3.88832E+02  2.64038E+02  0.00000E+00  0.00000E+00  0.00000E+00  0.00000E+00  0.00000E+00
  0.00000E+00  0.00000E+00  0.00000E+00  0.00000E+00  0.00000E+00  0.00000E+00  0.00000E+00  0.00000E+00  0.00000E+00  0.00000E+00  0.00000E+00  0.00000E+00  5.59053E+02  9.06080E+02  7.02888E+02  5.77614E+02  7.60287E+02  6.72750E+02  1.46920E+03  8.40201E+02  1.21486E+03  4.04724E+02  3.14196E+02  1.41074E+03  1.81600E+02  9.03752E+01  4.43661E+02  1.20406E+03  9.25952E+02  1.06347E+03  1.34210E+03  8.88734E+02  1.65414E+02  2.46097E+02  2.06770E+03  1.54670E+03  1.93864E+03  1.63234E+03  1.66117E+03  2.39889E+03  9.25523E+02  9.11040E+02  1.96248E+03  2.54505E+03  3.56379E+03  1.87824E+03  1.68569E+03  3.29890E+03  2.12070E+03  2.23292E+03  1.46843E+03  2.17991E+03  2.09877E+03  1.60718E+03  1.30723E+03  1.39204E+03  8.63999E+02  4.06906E+02  3.86963E+02  3.47624E+02  2.59599E+02  6.58364E+02  1.60553E+03  1.29607E+03  4.25435E+02  4.36524E+02  4.75738E+02  1.73128E+02  0.00000E+00  0.00000E+00  0.00000E+00  0.00000E+00  0.00000E+00
  0.00000E+00  0.00000E+00  0.00000E+00  0.00000E+00  0.00000E+00  0.00000E+00  0.00000E+00  0.00000E+00  0.00000E+00  0.00000E+00  0.00000E+00  0.00000E+00  1.32905E+02  1.28860E+03  1.04607E+03  1.38245E+03  5.99926E+02  9.01832E+02  3.74264E+02  5.09348E+02  1.16700E+03  4.20789E+02  1.48728E+03  1.73865E+03  4.34784E+02  5.11523E+02  1.38515E+03  1.13779E+03  9.17871E+02  1.00805E+03  8.58206E+02  8.27071E+01  0.00000E+00  1.01397E+03  2.19951E+03  2.01884E+03  2.06976E+03  2.64074E+03  2.40062E+03  1.74137E+03  2.03299E+03  2.07652E+03  2.62768E+03  2.15732E+03  2.68815E+03  3.02081E+03  1.45326E+03  1.98542E+03  2.71317E+03  2.68942E+03  2.30031E+03  1.50092E+03  1.97914E+03  1.39607E+03  1.08726E+03  5.27327E+02  2.59434E+02  1.57711E+02  1.68639E+02  2.83783E+02  9.59523E+02  2.30994E+03  5.55098E+02  1.63719E+03  5.91504E+02  4.15611E+02  2.41398E+02  2.70883E+01  0.00000E+00  0.00000E+00  0.00000E+00  0.00000E+00  0.00000E+00
  0.00000E+00  0.00000E+00  0.00000E+00  0.00000E+00  0.00000E+00  0.00000E+00  0.00000E+00  0.00000E+00  0.00000E+00  0.00000E+00  0.00000E+00  0.00000E+00  0.00000E+00  4.85841E+02  4.57770E+02  7.09943E+02  5.60744E+02  3.11638E+02  1.88799E+02  0.00000E+00  6.60690E+01  4.43526E+02  2.05986E+03  1.47024E+03  5.34466E+02  1.73545E+03  1.18791E+03  1.21580E+03  8.99766E+02  8.34739E+02  2.48121E+02  0.00000E+00  9.28595E+02  2.02272E+03  1.91836E+03  1.62101E+03  2.08928E+03  1.98790E+03  3.31644E+03  3.85127E+03  2.56139E+03  2.34379E+03  3.40036E+03  2.10486E+03  2.47880E+03  2.53548E+03  1.84943E+03  2.01866E+03  3.59481E+03  2.83710E+03  3.62329E+03  8.26391E+02  4.71692E+02  4.29882E+02  7.78488E+02  4.92558E+02  2.95314E+02  3.62854E+02  3.60341E+02  2.66434E+02  5.54010E+02  1.03983E+03  6.83087E+02  1.26582E+03  1.22065E+03  6.50165E+02  2.09846E+02  0.00000E+00  0.00000E+00  0.00000E+00  0.00000E+00  0.00000E+00  0.00000E+00
  0.00000E+00  0.00000E+00  0.00000E+00  0.00000E+00  0.00000E+00  0.00000E+00  0.00000E+00  0.00000E+00  0.00000E+00  0.00000E+00  0.00000E+00  0.00000E+00  0.00000E+00  0.00000E+00  0.00000E+00  1.75870E+02  3.47929E+02  1.39812E+02  1.60675E+03  1.46510E+03  1.34723E+02  1.03821E+03  1.73611E+03  1.07188E+03  5.64558E+02  1.28524E+03  8.06015E+02  1.07965E+03  1.22950E+03  3.30828E+02  8.27071E+01  4.44058E+02  1.96309E+03  1.72896E+03  2.16125E+03  2.56372E+03  2.46308E+03  2.23239E+03  2.90077E+03  3.47430E+03  2.92964E+03  2.64152E+03  2.80831E+03  2.26102E+03  1.36168E+03  1.68729E+03  1.82008E+03  1.82751E+03  2.11324E+03  1.54530E+03  8.42732E+02  3.61564E+02  3.44176E+02  5.94017E+02  3.83302E+02  3.83186E+02  2.74812E+02  5.01049E+02  5.35896E+02  2.98689E+02  1.07739E+02  7.43180E+02  3.84791E+02  2.18469E+03  1.78707E+03  8.54971E+02  5.36556E+02  1.07139E+02  0.00000E+00  0.00000E+00  0.00000E+00  0.00000E+00  0.00000E+00
  0.00000E+00  0.00000E+00  0.00000E+00  0.00000E+00  0.00000E+00  0.00000E+00  0.00000E+00  0.00000E+00  0.00000E+00  0.00000E+00  0.00000E+00  0.00000E+00  0.00000E+00  0.00000E+00  0.00000E+00  1.39812E+02  2.10970E+02  1.37308E+02  4.83001E+02  1.15282E+03  1.33038E+03  9.10188E+02  1.64892E+03  1.35791E+03  1.45529E+03  1.54578E+03  9.41531E+02  6.26270E+02  8.27071E+01  9.92486E+02  4.43661E+02  1.11377E+03  2.11498E+03  2.02118E+03  2.44213E+03  2.37637E+03  2.34202E+03  2.20447E+03  2.20671E+03  1.28286E+03  1.01731E+03  4.60523E+02  1.17391E+03  1.06395E+03  1.66778E+02  3.10189E+03  1.07591E+03  8.10554E+02  2.24673E+03  1.20025E+03  3.64123E+02  6.61094E+02  2.32915E+02  5.01524E+02  4.41372E+02  4.05030E+02  2.17918E+02  5.34827E+02  4.96163E+02  3.33285E+02  2.50442E+02  1.84946E+03  2.13887E+03  2.12404E+03  1.67055E+03  1.02739E+03  5.76020E+02  2.15631E+02  0.00000E+00  0.00000E+00  0.00000E+00  0.00000E+00  0.00000E+00
  0.00000E+00  0.00000E+00  0.00000E+00  0.00000E+00  0.00000E+00  0.00000E+00  0.00000E+00  0.00000E+00  0.00000E+00  0.00000E+00  0.00000E+00  0.00000E+00  0.00000E+00  0.00000E+00  0.00000E+00  2.08466E+02  1.03651E+03  5.34180E+02  9.00842E+02  1.27467E+03  4.06592E+02  1.40832E+03  1.75684E+03  1.52089E+03  1.88879E+03  1.44319E+03  1.87158E+03  2.93477E+02  1.58657E+03  2.35185E+03  7.23505E+02  1.28036E+03  2.02185E+03  2.45360E+03  3.26899E+03  1.70247E+03  1.29996E+03  1.46807E+03  2.40504E+03  1.23796E+03  1.99270E+03  1.91287E+03  1.42861E+03  9.49711E+02  7.30756E+02  2.60664E+03  1.09465E+03  3.74831E+02  1.51393E+03  1.01383E+03  3.29340E+02  3.94978E+02  2.32864E+02  4.83423E+02  2.94604E+02  3.66066E+02  3.11587E+02  5.54218E+02  6.07552E+02  7.01073E+02  4.52607E+02  1.05954E+03  1.07496E+03  1.51821E+03  1.23089E+03  9.68524E+02  6.81008E+02  6.04008E+01  0.00000E+00  0.00000E+00  0.00000E+00  0.00000E+00  0.00000E+00
  0.00000E+00  0.00000E+00  0.00000E+00  0.00000E+00  0.00000E+00  0.00000E+00  0.00000E+00  0.00000E+00  0.00000E+00  0.00000E+00  0.00000E+00  0.00000E+00  0.00000E+00  0.00000E+00  0.00000E+00  1.62977E+02  1.48311E+03  5.92400E+02  7.38410E+02  1.59637E+03  4.19970E+02  7.47196E+02  7.25055E+02  9.35982E+02  1.27731E+03  1.09178E+03  1.78653E+03  1.25318E+03  3.12361E+03  1.72292E+03  1.39238E+03  2.12337E+03  1.63246E+03  1.79987E+03  1.69687E+03  1.05282E+03  1.24610E+03  1.61594E+03  5.36221E+02  2.19008E+02  1.15225E+03  1.39587E+03  2.31778E+03  5.32378E+02  2.12566E+02  2.82011E+02  4.06821E+02  1.91134E+02  2.24093E+01  1.88951E+02  2.22437E+02  6.21531E+02  6.48913E+02  5.41160E+02  4.48445E+02  3.55662E+02  2.79951E+02  5.22393E+02  4.46121E+02  1.67106E+02  1.67478E+02  3.73772E+02  2.69216E+02  5.98241E+02  3.06319E+02  3.11022E+02  5.17046E+02  3.07121E+02  0.00000E+00  0.00000E+00  0.00000E+00  0.00000E+00  0.00000E+00
  0.00000E+00  0.00000E+00  0.00000E+00  0.00000E+00  0.00000E+00  0.00000E+00  0.00000E+00  0.00000E+00  0.00000E+00  0.00000E+00  0.00000E+00  0.00000E+00  0.00000E+00  0.00000E+00  0.00000E+00  8.26610E+01  1.15731E+03  1.68907E+02  5.74561E+02  1.05181E+03  8.28257E+02  1.37243E+03  1.14032E+03  1.37936E+03  1.22378E+03  1.92291E+03  2.15244E+03  3.92327E+03  2.60384E+03  1.91295E+03  2.51927E+03  2.69061E+03  1.89040E+03  1.59483E+03  1.26327E+03  8.96918E+02  1.52287E+03  1.17065E+03  5.38305E+02  3.47383E+02  2.99242E+02  1.04307E+03  1.78691E+03  6.38569E+02  9.10823E+01  3.87595E+02  6.46340E+02  2.49140E+02  1.71395E+02  1.29318E+02  6.93713E+02  5.22598E+02  4.38808E+02  4.84370E+02  5.06889E+02  4.85162E+02  1.02732E+03  2.83498E+02  6.68647E+01  1.11428E+02  3.66859E+02  3.44564E+02  2.36116E+02  1.21028E+02  1.07778E+02  2.51730E-05  1.43644E+02  0.00000E+00  0.00000E+00  0.00000E+00  0.00000E+00  0.00000E+00  0.00000E+00
  0.00000E+00  0.00000E+00  0.00000E+00  0.00000E+00  0.00000E+00  0.00000E+00  0.00000E+00  0.00000E+00  0.00000E+00  0.00000E+00  0.00000E+00  0.00000E+00  0.00000E+00  0.00000E+00  0.00000E+00  0.00000E+00  9.78541E+02  3.81724E+02  5.98600E+02  1.42602E+03  9.60677E+02  9.83298E+02  1.08082E+03  2.48949E+02  6.05978E+02  1.41705E+03  1.83204E+02  1.87633E+03  2.98909E+03  2.46525E+03  1.85755E+03  1.89724E+03  1.22804E+03  4.97744E+02  9.89403E+02  1.02372E+03  7.80035E+02  4.27606E+02  4.84075E+02  3.05350E+02  3.36066E+02  2.99456E+02  4.91302E+02  1.42950E+03  1.22603E+03  4.57935E+01  2.29156E+02  3.28652E+02  2.59306E+02  6.63098E+02  1.60071E+03  5.09257E+02  8.01390E+02  2.80776E+02  5.03542E+02  4.37888E+02  7.86685E+02  4.92013E+02  1.20441E+02  2.67342E+02  3.29470E+02  5.01554E+02  4.11959E+02  1.73679E+02  5.33030E+02  5.03459E-05  0.00000E+00  0.00000E+00  0.00000E+00  0.00000E+00  0.00000E+00  0.00000E+00  0.00000E+00
  0.00000E+00  0.00000E+00  0.00000E+00  0.00000E+00  0.00000E+00  0.00000E+00  0.00000E+00  0.00000E+00  0.00000E+00  0.00000E+00  0.00000E+00  0.00000E+00  0.00000E+00  0.00000E+00  0.00000E+00  0.00000E+00  0.00000E+00  1.47694E+02  3.81950E+02  6.74326E+02  2.12292E+03  1.20901E+03  6.56071E+02  1.19317E+03  1.29267E+03  6.96553E+02  7.08691E+02  1.37079E+03  1.51280E+03  1.73852E+03  1.34385E+03  1.11406E+03  1.23903E+03  1.29482E+02  1.01717E+03  6.70533E+02  1.13724E+02  2.25962E+02  4.63667E+02  3.76697E+02  3.78180E+02  2.37299E+02  1.36821E+02  2.41428E+02  8.88895E+02  1.29266E+03  9.15914E+01  8.81260E+01  2.76435E+02  2.57405E+03  2.99944E+03  2.95513E+03  2.49282E+03  1.15109E+03  1.72993E+03  4.96151E+02  4.33033E+02  2.81343E+02  1.20427E+02  2.45080E+02  6.02462E+02  8.94393E+02  1.88143E+03  1.73830E+03  2.58118E+03  1.02099E+03  0.00000E+00  0.00000E+00  0.00000E+00  0.00000E+00  0.00000E+00  0.00000E+00  0.00000E+00
  0.00000E+00  0.00000E+00  0.00000E+00  0.00000E+00  0.00000E+00  0.00000E+00  0.00000E+00  0.00000E+00  0.00000E+00  0.00000E+00  0.00000E+00  0.00000E+00  0.00000E+00  0.00000E+00  0.00000E+00  0.00000E+00  0.00000E+00  0.00000E+00  0.00000E+00  0.00000E+00  4.85030E+02  1.24808E+03  1.28172E+03  1.18804E+03  8.10200E+02  6.81519E+02  8.23251E+02  3.64376E+02  2.90281E+02  3.35025E+02  3.67057E+02  1.36678E+03  6.27065E+02  2.44507E+02  8.07620E+02  6.55312E+02  7.11513E+02  4.90139E+02  4.05651E+02  3.90426E+02  3.93669E+02  2.44998E+02  1.67892E+02  6.16174E+01  2.60197E+02  4.81615E+02  1.14154E+03  5.44724E+02  1.06968E+02  4.12352E+02  2.30073E+03  2.61719E+03  2.18746E+03  2.80144E+03  1.31154E+03  5.37790E+02  6.82493E+02  6.03797E+02  2.95247E+02  6.18063E+02  3.45891E+02  1.27135E+03  1.60654E+03  2.39459E+03  1.52179E+03  3.43567E+02  0.00000E+00  0.00000E+00  0.00000E+00  0.00000E+00  0.00000E+00  0.00000E+00  0.00000E+00
  0.00000E+00  0.00000E+00  0.00000E+00  0.00000E+00  0.00000E+00  0.00000E+00  0.00000E+00  0.00000E+00  0.00000E+00  0.00000E+00  0.00000E+00  0.00000E+00  0.00000E+00  0.00000E+00  0.00000E+00  0.00000E+00  0.00000E+00  0.00000E+00  0.00000E+00  0.00000E+00  0.00000E+00  2.21554E+02  1.20908E+03  1.17992E+03  1.18535E+03  9.12314E+02  3.73336E+02  1.16579E+02  2.81367E+02  2.50103E+02  3.12675E+02  1.26641E+03  1.55632E+03  7.24024E+02  3.86442E+02  4.37717E+02  5.16328E+02  4.54818E+02  2.85702E+02  3.36518E+02  3.06831E+02  3.03163E+02  3.84497E+02  1.40634E+02  3.04724E+02  3.52943E+02  1.25406E+03  1.07332E+03  1.02089E+03  3.04145E+02  1.55006E+03  1.12526E+03  5.70622E+02  1.24502E+03  9.95946E+02  1.65671E+03  1.44725E+03  3.04449E+02  3.75628E+02  6.00510E+02  1.55629E+02  1.05560E+03  1.33282E+03  1.69056E+03  1.32436E+03  0.00000E+00  0.00000E+00  0.00000E+00  0.00000E+00  0.00000E+00  0.00000E+00  0.00000E+00  0.00000E+00
  0.00000E+00  0.00000E+00  0.00000E+00  0.00000E+00  0.00000E+00  0.00000E+00  0.00000E+00  0.00000E+00  0.00000E+00  0.00000E+00  0.00000E+00  0.00000E+00  0.00000E+00  0.00000E+00  0.00000E+00  0.00000E+00  0.00000E+00  0.00000E+00  0.00000E+00  0.00000E+00  0.00000E+00  0.00000E+00  3.77527E+01  8.58250E+02  4.39930E+02  4.85269E+01  6.91328E+00  3.33985E+01  1.34167E+02  1.67479E+02  3.79729E+02  2.38978E+02  3.50673E+02  2.47924E+02  4.61210E+02  4.14412E+02  4.12695E+02  3.93063E+02  4.49187E+02  4.56678E+02  2.39653E+02  2.70362E+02  3.34385E+02  2.52931E+02  4.93105E+02  3.24641E+02  1.33681E+03  1.16580E+03  2.27355E+03  1.51414E+03  3.77131E+02  3.91194E+02  4.51657E+02  8.68073E+02  1.17317E+03  7.95935E+02  8.48455E+02  3.26223E+02  1.16568E+02  0.00000E+00  3.84671E+02  5.38646E+02  1.53407E+03  1.38860E+03  2.84171E+01  0.00000E+00  0.00000E+00  0.00000E+00  0.00000E+00  0.00000E+00  0.00000E+00  0.00000E+00  0.00000E+00
  0.00000E+00  0.00000E+00  0.00000E+00  0.00000E+00  0.00000E+00  0.00000E+00  0.00000E+00  0.00000E+00  0.00000E+00  0.00000E+00  0.00000E+00  0.00000E+00  0.00000E+00  0.00000E+00  0.00000E+00  0.00000E+00  0.00000E+00  0.00000E+00  0.00000E+00  0.00000E+00  0.00000E+00  0.00000E+00  8.04674E+02  7.00043E+02  3.45999E+01  1.38601E+01  1.38601E+01  6.58380E+02  4.10808E+02  9.26589E+02  3.79743E+02  3.99795E+02  2.65778E+02  3.21616E+02  4.12301E+02  1.69731E+02  3.07890E+02  4.68491E+02  3.73140E+02  3.59736E+02  4.31536E+02  2.85864E+02  3.12568E+02  5.17974E+02  4.09315E+02  4.15375E+02  5.86168E+02  8.70635E+02  2.85589E+02  4.96229E+02  6.45679E+02  5.20401E+02  1.06485E+03  1.18026E+03  9.90431E+02  2.85040E+02  1.09305E+03  4.93573E+02  7.34826E+02  1.05269E+03  3.40265E+02  1.10612E+03  1.46777E+03  1.96664E+02  0.00000E+00  0.00000E+00  0.00000E+00  0.00000E+00  0.00000E+00  0.00000E+00  0.00000E+00  0.00000E+00  0.00000E+00
  0.00000E+00  0.00000E+00  0.00000E+00  0.00000E+00  0.00000E+00  0.00000E+00  0.00000E+00  0.00000E+00  0.00000E+00  0.00000E+00  0.00000E+00  0.00000E+00  0.00000E+00  0.00000E+00  0.00000E+00  0.00000E+00  0.00000E+00  0.00000E+00  0.00000E+00  0.00000E+00  0.00000E+00  0.00000E+00  2.20629E+02  1.26582E+02  6.23368E+01  0.00000E+00  3.86904E+02  4.86173E+02  1.25134E+03  7.40282E+02  4.35567E+02  2.90281E+02  2.92586E+02  1.09397E+02  5.08671E+02  3.08225E+02  1.92134E+02  3.42284E+02  1.43531E+02  2.91963E+02  4.39116E+02  2.22134E+02  1.38660E+02  2.00526E+02  4.54163E+02  3.62946E+02  4.62594E+02  6.62412E+02  4.14382E+02  3.78279E+02  4.94397E+02  1.06814E+03  6.79265E+02  1.23583E+03  5.83543E+02  5.35025E+02  5.46340E+02  1.36382E+03  2.48263E+03  1.64851E+03  8.87178E+02  6.46294E+02  0.00000E+00  0.00000E+00  0.00000E+00  0.00000E+00  0.00000E+00  0.00000E+00  0.00000E+00  0.00000E+00  0.00000E+00  0.00000E+00  0.00000E+00
  0.00000E+00  0.00000E+00  0.00000E+00  0.00000E+00  0.00000E+00  0.00000E+00  0.00000E+00  0.00000E+00  0.00000E+00  0.00000E+00  0.00000E+00  0.00000E+00  0.00000E+00  0.00000E+00  0.00000E+00  0.00000E+00  0.00000E+00  0.00000E+00  0.00000E+00  0.00000E+00  0.00000E+00  0.00000E+00  0.00000E+00  1.38601E+01  3.81403E+01  2.98379E+02  8.38851E+02  5.08745E+02  1.06622E+03  1.57215E+03  3.03748E+02  2.21105E+02  3.75274E+02  3.30561E+02  7.34278E+02  7.88855E+02  5.28594E+02  1.95376E+02  3.61842E+02  2.26641E+02  8.58603E+02  3.35409E+02  1.81206E+02  4.46993E+02  5.97785E+02  2.39512E+02  3.39828E+02  4.81178E+02  4.04579E+02  1.06043E+03  4.83040E+02  6.39171E+02  8.36686E+02  5.99537E+02  5.63478E+02  3.04952E+02  1.11343E+03  2.26591E+03  1.90750E+03  4.91026E+02  0.00000E+00  0.00000E+00  0.00000E+00  0.00000E+00  0.00000E+00  0.00000E+00  0.00000E+00  0.00000E+00  0.00000E+00  0.00000E+00  0.00000E+00  0.00000E+00  0.00000E+00
  0.00000E+00  0.00000E+00  0.00000E+00  0.00000E+00  0.00000E+00  0.00000E+00  0.00000E+00  0.00000E+00  0.00000E+00  0.00000E+00  0.00000E+00  0.00000E+00  0.00000E+00  0.00000E+00  0.00000E+00  0.00000E+00  0.00000E+00  0.00000E+00  0.00000E+00  0.00000E+00  0.00000E+00  0.00000E+00  0.00000E+00  0.00000E+00  1.73167E+01  2.77034E+01  6.77004E+02  6.28302E+02  1.13323E+02  1.54171E+03  1.13876E+03  4.35399E+02  1.11622E+02  7.34188E+02  7.44965E+02  1.41505E+03  8.72963E+02  1.91898E+02  8.50554E+02  5.53110E+02  7.96640E+02  4.67912E+02  5.07399E+02  1.15007E+03  4.29653E+02  2.48679E+02  5.04380E+02  2.23999E+02  5.38886E+02  1.99570E+03  1.38919E+03  5.10691E+02  5.79114E+02  8.61342E+02  1.52191E+03  2.38480E+03  2.40802E+03  2.11877E+03  1.02525E+03  0.00000E+00  0.00000E+00  7.99455E+01  0.00000E+00  0.00000E+00  0.00000E+00  0.00000E+00  0.00000E+00  0.00000E+00  0.00000E+00  0.00000E+00  0.00000E+00  0.00000E+00  0.00000E+00
  0.00000E+00  0.00000E+00  0.00000E+00  0.00000E+00  0.00000E+00  0.00000E+00  0.00000E+00  0.00000E+00  0.00000E+00  0.00000E+00  0.00000E+00  0.00000E+00  0.00000E+00  0.00000E+00  0.00000E+00  0.00000E+00  0.00000E+00  0.00000E+00  0.00000E+00  0.00000E+00  0.00000E+00  0.00000E+00  0.00000E+00  0.00000E+00  3.47339E+00  3.47004E+01  1.46209E+02  5.91181E+02  1.13323E+02  1.03919E+03  2.88540E+03  3.04760E+03  2.01093E+02  7.82952E+02  9.33501E+02  9.93537E+02  6.45613E+02  3.96174E+02  6.71574E+02  2.05369E+02  6.96817E+02  9.88242E+02  7.94038E+02  5.11255E+02  4.24115E+02  8.94393E+02  1.14124E+03  5.91837E+02  8.27238E+02  1.71898E+03  1.60696E+03  1.98447E+02  0.00000E+00  1.58627E+03  3.52600E+03  1.40484E+03  1.31441E+03  7.04021E+02  1.07672E+02  0.00000E+00  0.00000E+00  0.00000E+00  0.00000E+00  0.00000E+00  0.00000E+00  0.00000E+00  0.00000E+00  0.00000E+00  0.00000E+00  0.00000E+00  0.00000E+00  0.00000E+00  0.00000E+00
  0.00000E+00  0.00000E+00  0.00000E+00  0.00000E+00  0.00000E+00  0.00000E+00  0.00000E+00  0.00000E+00  0.00000E+00  0.00000E+00  0.00000E+00  0.00000E+00  0.00000E+00  0.00000E+00  0.00000E+00  0.00000E+00  0.00000E+00  0.00000E+00  0.00000E+00  0.00000E+00  0.00000E+00  0.00000E+00  0.00000E+00  0.00000E+00  0.00000E+00  2.77201E+01  3.81403E+01  1.56150E+02  3.35841E+02  1.51900E+03  1.41030E+03  2.34949E+03  7.54654E+02  0.00000E+00  3.01033E+02  9.33354E+02  8.19648E+02  4.82394E+02  1.68906E+02  3.47260E+02  5.18815E+02  7.54213E+02  4.01726E+02  9.64801E+01  3.98220E+02  6.25723E+02  1.36327E+03  1.26846E+03  1.25130E+03  5.53929E+02  1.54565E+02  2.59421E+02  0.00000E+00  3.31895E+02  1.06786E+03  3.43361E+01  0.00000E+00  0.00000E+00  0.00000E+00  0.00000E+00  0.00000E+00  0.00000E+00  0.00000E+00  0.00000E+00  0.00000E+00  0.00000E+00  0.00000E+00  0.00000E+00  0.00000E+00  0.00000E+00  0.00000E+00  0.00000E+00  0.00000E+00
  0.00000E+00  0.00000E+00  0.00000E+00  0.00000E+00  0.00000E+00  0.00000E+00  0.00000E+00  0.00000E+00  0.00000E+00  0.00000E+00  0.00000E+00  0.00000E+00  0.00000E+00  0.00000E+00  0.00000E+00  0.00000E+00  0.00000E+00  0.00000E+00  0.00000E+00  0.00000E+00  0.00000E+00  0.00000E+00  0.00000E+00  0.00000E+00  0.00000E+00  1.16186E+02  7.33675E+01  0.00000E+00  0.00000E+00  4.86173E+02  9.65498E+02  2.47719E+03  2.19284E+03  6.82012E+02  0.00000E+00  7.52636E+02  1.50557E+03  9.58588E+02  3.43840E+02  5.46140E+02  9.36284E+02  1.11458E+03  1.03307E+03  1.05928E+03  8.21698E+02  7.38200E+02  3.14620E+02  1.42643E+03  6.58003E+02  5.52654E+02  2.17752E+02  7.63293E+01  0.00000E+00  0.00000E+00  8.52324E+01  3.12540E+02  0.00000E+00  0.00000E+00  0.00000E+00  0.00000E+00  0.00000E+00  0.00000E+00  0.00000E+00  0.00000E+00  0.00000E+00  0.00000E+00  0.00000E+00  0.00000E+00  0.00000E+00  0.00000E+00  0.00000E+00  0.00000E+00  0.00000E+00
  0.00000E+00  0.00000E+00  0.00000E+00  0.00000E+00  0.00000E+00  0.00000E+00  0.00000E+00  0.00000E+00  0.00000E+00  0.00000E+00  0.00000E+00  0.00000E+00  0.00000E+00  0.00000E+00  0.00000E+00  0.00000E+00  0.00000E+00  0.00000E+00  0.00000E+00  0.00000E+00  0.00000E+00  0.00000E+00  0.00000E+00  0.00000E+00  0.00000E+00  2.83307E+01  8.49922E+01  0.00000E+00  0.00000E+00  1.94928E+02  1.26205E+03  1.28059E+03  2.32580E+03  2.71744E+03  0.00000E+00  5.41860E+02  1.99921E+03  2.02236E+03  1.08406E+03  5.75360E+02  1.05367E+03  3.72613E+02  2.29227E+02  8.61506E+01  5.76879E+01  1.72232E+03  1.09000E+03  2.62984E+02  5.74383E+02  2.95777E+02  6.38092E+01  0.00000E+00  0.00000E+00  2.55722E+02  1.22173E+03  5.68153E+01  0.00000E+00  0.00000E+00  0.00000E+00  0.00000E+00  0.00000E+00  0.00000E+00  0.00000E+00  0.00000E+00  0.00000E+00  0.00000E+00  0.00000E+00  0.00000E+00  0.00000E+00  0.00000E+00  0.00000E+00  0.00000E+00  0.00000E+00
  0.00000E+00  0.00000E+00  0.00000E+00  0.00000E+00  0.00000E+00  0.00000E+00  0.00000E+00  0.00000E+00  0.00000E+00  0.00000E+00  0.00000E+00  0.00000E+00  0.00000E+00  0.00000E+00  0.00000E+00  0.00000E+00  0.00000E+00  0.00000E+00  0.00000E+00  0.00000E+00  0.00000E+00  0.00000E+00  0.00000E+00  0.00000E+00  0.00000E+00  0.00000E+00  5.66615E+01  0.00000E+00  0.00000E+00  1.68632E+02  5.96438E+02  1.21176E+03  1.96426E+03  2.14321E+03  3.73013E+01  5.89553E+02  1.58455E+03  1.40162E+03  1.27347E+03  3.58193E+02  1.53966E+02  0.00000E+00  0.00000E+00  4.30019E+02  8.33072E+02  1.46161E+03  1.57846E+03  1.78467E+02  3.88783E+02  4.63219E+01  0.00000E+00  0.00000E+00  0.00000E+00  2.84171E+01  1.98885E+02  0.00000E+00  0.00000E+00  0.00000E+00  0.00000E+00  0.00000E+00  0.00000E+00  0.00000E+00  0.00000E+00  0.00000E+00  0.00000E+00  0.00000E+00  0.00000E+00  0.00000E+00  0.00000E+00  0.00000E+00  0.00000E+00  0.00000E+00  0.00000E+00
  0.00000E+00  0.00000E+00  0.00000E+00  0.00000E+00  0.00000E+00  0.00000E+00  0.00000E+00  0.00000E+00  0.00000E+00  0.00000E+00  0.00000E+00  0.00000E+00  0.00000E+00  0.00000E+00  0.00000E+00  0.00000E+00  0.00000E+00  0.00000E+00  0.00000E+00  0.00000E+00  0.00000E+00  0.00000E+00  0.00000E+00  0.00000E+00  0.00000E+00  0.00000E+00  5.66615E+01  1.69984E+02  0.00000E+00  0.00000E+00  0.00000E+00  3.47871E+02  2.35220E+03  2.01032E+03  6.01109E+02  6.56653E+02  1.87773E+03  1.08699E+03  2.91146E+02  0.00000E+00  0.00000E+00  0.00000E+00  6.58500E+02  1.38380E+03  1.39402E+03  1.72156E+03  9.95628E+02  5.69254E+01  0.00000E+00  0.00000E+00  5.68235E+02  1.42070E+02  0.00000E+00  0.00000E+00  0.00000E+00  0.00000E+00  0.00000E+00  0.00000E+00  0.00000E+00  0.00000E+00  0.00000E+00  0.00000E+00  0.00000E+00  0.00000E+00  0.00000E+00  0.00000E+00  0.00000E+00  0.00000E+00  0.00000E+00  0.00000E+00  0.00000E+00  0.00000E+00  0.00000E+00
  0.00000E+00  0.00000E+00  0.00000E+00  0.00000E+00  0.00000E+00  0.00000E+00  0.00000E+00  0.00000E+00  0.00000E+00  0.00000E+00  0.00000E+00  0.00000E+00  0.00000E+00  0.00000E+00  0.00000E+00  0.00000E+00  0.00000E+00  0.00000E+00  0.00000E+00  0.00000E+00  0.00000E+00  0.00000E+00  0.00000E+00  0.00000E+00  0.00000E+00  0.00000E+00  0.00000E+00  5.66615E+01  4.09285E+02  9.69846E+01  0.00000E+00  0.00000E+00  1.07993E+03  7.67964E+02  4.30677E+02  2.84627E+01  1.43839E+02  4.59233E+02  1.09204E+01  3.01560E+02  8.77766E+02  1.57331E+03  7.75373E+02  1.54599E+03  2.02859E+03  1.04302E+03  9.62721E+01  0.00000E+00  0.00000E+00  1.30148E+02  4.54566E+02  0.00000E+00  0.00000E+00  0.00000E+00  0.00000E+00  0.00000E+00  0.00000E+00  0.00000E+00  0.00000E+00  0.00000E+00  0.00000E+00  0.00000E+00  0.00000E+00  0.00000E+00  0.00000E+00  0.00000E+00  0.00000E+00  0.00000E+00  0.00000E+00  0.00000E+00  0.00000E+00  0.00000E+00  0.00000E+00
  0.00000E+00  0.00000E+00  0.00000E+00  0.00000E+00  0.00000E+00  0.00000E+00  0.00000E+00  0.00000E+00  0.00000E+00  0.00000E+00  0.00000E+00  0.00000E+00  0.00000E+00  0.00000E+00  0.00000E+00  0.00000E+00  0.00000E+00  0.00000E+00  0.00000E+00  0.00000E+00  0.00000E+00  0.00000E+00  0.00000E+00  0.00000E+00  0.00000E+00  0.00000E+00  0.00000E+00  2.83307E+01  4.33189E+02  5.87579E+02  0.00000E+00  0.00000E+00  0.00000E+00  0.00000E+00  0.00000E+00  0.00000E+00  0.00000E+00  0.00000E+00  0.00000E+00  3.95174E+02  3.73071E+02  1.34424E+03  1.59069E+03  9.35928E+02  5.29048E+02  0.00000E+00  0.00000E+00  0.00000E+00  0.00000E+00  0.00000E+00  0.00000E+00  0.00000E+00  0.00000E+00  0.00000E+00  0.00000E+00  0.00000E+00  0.00000E+00  0.00000E+00  0.00000E+00  0.00000E+00  0.00000E+00  0.00000E+00  0.00000E+00  0.00000E+00  0.00000E+00  0.00000E+00  0.00000E+00  0.00000E+00  0.00000E+00  0.00000E+00  0.00000E+00  0.00000E+00  0.00000E+00
  0.00000E+00  0.00000E+00  0.00000E+00  0.00000E+00  0.00000E+00  0.00000E+00  0.00000E+00  0.00000E+00  0.00000E+00  0.00000E+00  0.00000E+00  0.00000E+00  0.00000E+00  0.00000E+00  0.00000E+00  0.00000E+00  0.00000E+00  0.00000E+00  0.00000E+00  0.00000E+00  0.00000E+00  0.00000E+00  0.00000E+00  0.00000E+00  0.00000E+00  0.00000E+00  0.00000E+00  0.00000E+00  7.11581E+01  5.54768E+02  5.25112E+02  1.84481E+02  1.69984E+02  0.00000E+00  0.00000E+00  0.00000E+00  0.00000E+00  0.00000E+00  0.00000E+00  0.00000E+00  0.00000E+00  3.32767E+02  9.38506E+02  3.08502E+02  0.00000E+00  0.00000E+00  0.00000E+00  0.00000E+00  9.80805E+01  6.69054E+01  0.00000E+00  0.00000E+00  0.00000E+00  0.00000E+00  0.00000E+00  0.00000E+00  0.00000E+00  0.00000E+00  0.00000E+00  0.00000E+00  0.00000E+00  0.00000E+00  0.00000E+00  0.00000E+00  0.00000E+00  0.00000E+00  0.00000E+00  0.00000E+00  0.00000E+00  0.00000E+00  0.00000E+00  0.00000E+00  0.00000E+00
  0.00000E+00  0.00000E+00  0.00000E+00  0.00000E+00  0.00000E+00  0.00000E+00  0.00000E+00  0.00000E+00  0.00000E+00  0.00000E+00  0.00000E+00  0.00000E+00  0.00000E+00  0.00000E+00  0.00000E+00  0.00000E+00  0.00000E+00  0.00000E+00  0.00000E+00  0.00000E+00  0.00000E+00  0.00000E+00  0.00000E+00  0.00000E+00  0.00000E+00  0.00000E+00  0.00000E+00  0.00000E+00  0.00000E+00  9.94888E+01  1.41654E+02  0.00000E+00  0.00000E+00  0.00000E+00  0.00000E+00  0.00000E+00  5.66615E+01  5.59688E+02  3.93410E+01  0.00000E+00  0.00000E+00  0.00000E+00  0.00000E+00  0.00000E+00  0.00000E+00  0.00000E+00  0.00000E+00  0.00000E+00  7.78777E-02  0.00000E+00  0.00000E+00  0.00000E+00  0.00000E+00  0.00000E+00  0.00000E+00  0.00000E+00  0.00000E+00  0.00000E+00  0.00000E+00  0.00000E+00  0.00000E+00  0.00000E+00  0.00000E+00  0.00000E+00  0.00000E+00  0.00000E+00  0.00000E+00  0.00000E+00  0.00000E+00  0.00000E+00  0.00000E+00  0.00000E+00  0.00000E+00
  0.00000E+00  0.00000E+00  0.00000E+00  0.00000E+00  0.00000E+00  0.00000E+00  0.00000E+00  0.00000E+00  0.00000E+00  0.00000E+00  0.00000E+00  0.00000E+00  0.00000E+00  0.00000E+00  0.00000E+00  0.00000E+00  0.00000E+00  0.00000E+00  0.00000E+00  0.00000E+00  0.00000E+00  0.00000E+00  0.00000E+00  0.00000E+00  0.00000E+00  0.00000E+00  0.00000E+00  0.00000E+00  0.00000E+00  0.00000E+00  0.00000E+00  6.59422E+01  0.00000E+00  0.00000E+00  2.83307E+01  8.49922E+01  8.16934E+02  7.20600E+01  0.00000E+00  0.00000E+00  0.00000E+00  0.00000E+00  0.00000E+00  0.00000E+00  0.00000E+00  0.00000E+00  0.00000E+00  0.00000E+00  0.00000E+00  0.00000E+00  0.00000E+00  0.00000E+00  0.00000E+00  0.00000E+00  0.00000E+00  0.00000E+00  0.00000E+00  0.00000E+00  0.00000E+00  0.00000E+00  0.00000E+00  0.00000E+00  0.00000E+00  0.00000E+00  0.00000E+00  0.00000E+00  0.00000E+00  0.00000E+00  0.00000E+00  0.00000E+00  0.00000E+00  0.00000E+00  0.00000E+00
  0.00000E+00  0.00000E+00  0.00000E+00  0.00000E+00  0.00000E+00  0.00000E+00  0.00000E+00  0.00000E+00  0.00000E+00  0.00000E+00  0.00000E+00  0.00000E+00  0.00000E+00  0.00000E+00  0.00000E+00  0.00000E+00  0.00000E+00  0.00000E+00  0.00000E+00  0.00000E+00  0.00000E+00  0.00000E+00  0.00000E+00  0.00000E+00  0.00000E+00  0.00000E+00  0.00000E+00  0.00000E+00  0.00000E+00  0.00000E+00  0.00000E+00  1.58623E+02  6.68463E+01  1.41654E+02  2.54977E+02  2.83307E+01  2.83307E+01  0.00000E+00  0.00000E+00  0.00000E+00  0.00000E+00  0.00000E+00  0.00000E+00  0.00000E+00  0.00000E+00  0.00000E+00  0.00000E+00  0.00000E+00  0.00000E+00  0.00000E+00  0.00000E+00  0.00000E+00  0.00000E+00  0.00000E+00  0.00000E+00  0.00000E+00  0.00000E+00  2.95019E+02  5.62447E+02  0.00000E+00  0.00000E+00  0.00000E+00  0.00000E+00  0.00000E+00  0.00000E+00  0.00000E+00  0.00000E+00  0.00000E+00  0.00000E+00  0.00000E+00  0.00000E+00  0.00000E+00  0.00000E+00
  0.00000E+00  0.00000E+00  0.00000E+00  0.00000E+00  0.00000E+00  0.00000E+00  0.00000E+00  0.00000E+00  0.00000E+00  0.00000E+00  0.00000E+00  0.00000E+00  0.00000E+00  0.00000E+00  0.00000E+00  0.00000E+00  0.00000E+00  0.00000E+00  0.00000E+00  0.00000E+00  0.00000E+00  0.00000E+00  0.00000E+00  0.00000E+00  0.00000E+00  0.00000E+00  0.00000E+00  0.00000E+00  0.00000E+00  0.00000E+00  0.00000E+00  2.67385E+01  0.00000E+00  8.49922E+01  1.98315E+02  1.26692E+02  0.00000E+00  0.00000E+00  0.00000E+00  0.00000E+00  0.00000E+00  0.00000E+00  0.00000E+00  0.00000E+00  0.00000E+00  0.00000E+00  0.00000E+00  0.00000E+00  0.00000E+00  0.00000E+00  0.00000E+00  0.00000E+00  0.00000E+00  0.00000E+00  0.00000E+00  0.00000E+00  0.00000E+00  2.68842E+02  0.00000E+00  0.00000E+00  0.00000E+00  0.00000E+00  0.00000E+00  0.00000E+00  0.00000E+00  0.00000E+00  0.00000E+00  0.00000E+00  0.00000E+00  0.00000E+00  0.00000E+00  0.00000E+00  0.00000E+00
  0.00000E+00  0.00000E+00  0.00000E+00  0.00000E+00  0.00000E+00  0.00000E+00  0.00000E+00  0.00000E+00  0.00000E+00  0.00000E+00  0.00000E+00  0.00000E+00  0.00000E+00  0.00000E+00  0.00000E+00  0.00000E+00  0.00000E+00  0.00000E+00  0.00000E+00  0.00000E+00  0.00000E+00  0.00000E+00  0.00000E+00  0.00000E+00  0.00000E+00  0.00000E+00  0.00000E+00  0.00000E+00  0.00000E+00  0.00000E+00  0.00000E+00  0.00000E+00  0.00000E+00  0.00000E+00  0.00000E+00  0.00000E+00  0.00000E+00  0.00000E+00  0.00000E+00  0.00000E+00  0.00000E+00  0.00000E+00  0.00000E+00  0.00000E+00  0.00000E+00  0.00000E+00  0.00000E+00  0.00000E+00  0.00000E+00  0.00000E+00  0.00000E+00  0.00000E+00  0.00000E+00  0.00000E+00  2.61772E+01  2.39837E+02  5.08678E+02  2.95019E+02  0.00000E+00  0.00000E+00  0.00000E+00  0.00000E+00  0.00000E+00  0.00000E+00  0.00000E+00  0.00000E+00  0.00000E+00  0.00000E+00  0.00000E+00  0.00000E+00  0.00000E+00  0.00000E+00  0.00000E+00
  0.00000E+00  0.00000E+00  0.00000E+00  0.00000E+00  0.00000E+00  0.00000E+00  0.00000E+00  0.00000E+00  0.00000E+00  0.00000E+00  0.00000E+00  0.00000E+00  0.00000E+00  0.00000E+00  0.00000E+00  0.00000E+00  0.00000E+00  0.00000E+00  0.00000E+00  0.00000E+00  0.00000E+00  0.00000E+00  0.00000E+00  0.00000E+00  0.00000E+00  0.00000E+00  0.00000E+00  0.00000E+00  0.00000E+00  0.00000E+00  0.00000E+00  0.00000E+00  0.00000E+00  0.00000E+00  0.00000E+00  0.00000E+00  0.00000E+00  0.00000E+00  0.00000E+00  0.00000E+00  0.00000E+00  0.00000E+00  0.00000E+00  0.00000E+00  0.00000E+00  0.00000E+00  0.00000E+00  0.00000E+00  0.00000E+00  0.00000E+00  0.00000E+00  0.00000E+00  0.00000E+00  1.06123E+02  6.68570E+02  6.43807E+02  1.07113E+03  3.45959E+02  0.00000E+00  0.00000E+00  0.00000E+00  0.00000E+00  0.00000E+00  0.00000E+00  0.00000E+00  0.00000E+00  0.00000E+00  0.00000E+00  0.00000E+00  0.00000E+00  0.00000E+00  0.00000E+00  0.00000E+00
  0.00000E+00  0.00000E+00  0.00000E+00  0.00000E+00  0.00000E+00  0.00000E+00  0.00000E+00  0.00000E+00  0.00000E+00  0.00000E+00  0.00000E+00  0.00000E+00  0.00000E+00  0.00000E+00  0.00000E+00  0.00000E+00  0.00000E+00  0.00000E+00  0.00000E+00  0.00000E+00  0.00000E+00  0.00000E+00  0.00000E+00  0.00000E+00  0.00000E+00  0.00000E+00  0.00000E+00  0.00000E+00  0.00000E+00  0.00000E+00  0.00000E+00  0.00000E+00  0.00000E+00  0.00000E+00  0.00000E+00  0.00000E+00  0.00000E+00  0.00000E+00  0.00000E+00  0.00000E+00  0.00000E+00  0.00000E+00  0.00000E+00  0.00000E+00  0.00000E+00  0.00000E+00  0.00000E+00  0.00000E+00  0.00000E+00  0.00000E+00  2.61772E+01  0.00000E+00  0.00000E+00  5.87210E+02  7.20924E+02  5.05850E+02  5.07265E+02  5.62447E+02  1.59891E+02  0.00000E+00  0.00000E+00  0.00000E+00  0.00000E+00  0.00000E+00  0.00000E+00  0.00000E+00  0.00000E+00  0.00000E+00  0.00000E+00  0.00000E+00  0.00000E+00  0.00000E+00  0.00000E+00
  0.00000E+00  0.00000E+00  0.00000E+00  0.00000E+00  0.00000E+00  0.00000E+00  0.00000E+00  0.00000E+00  0.00000E+00  0.00000E+00  0.00000E+00  0.00000E+00  0.00000E+00  0.00000E+00  0.00000E+00  0.00000E+00  0.00000E+00  0.00000E+00  0.00000E+00  0.00000E+00  0.00000E+00  0.00000E+00  0.00000E+00  0.00000E+00  0.00000E+00  0.00000E+00  0.00000E+00  0.00000E+00  0.00000E+00  0.00000E+00  0.00000E+00  0.00000E+00  0.00000E+00  0.00000E+00  0.00000E+00  0.00000E+00  0.00000E+00  0.00000E+00  0.00000E+00  0.00000E+00  0.00000E+00  0.00000E+00  0.00000E+00  0.00000E+00  0.00000E+00  0.00000E+00  0.00000E+00  0.00000E+00  0.00000E+00  1.87482E+02  3.47373E+02  5.61033E+02  0.00000E+00  6.38151E+02  7.19510E+02  2.61772E+01  5.85796E+02  5.23543E+01  0.00000E+00  0.00000E+00  0.00000E+00  0.00000E+00  0.00000E+00  0.00000E+00  0.00000E+00  0.00000E+00  0.00000E+00  0.00000E+00  0.00000E+00  0.00000E+00  0.00000E+00  0.00000E+00  0.00000E+00
  0.00000E+00  0.00000E+00  0.00000E+00  0.00000E+00  0.00000E+00  0.00000E+00  0.00000E+00  0.00000E+00  0.00000E+00  0.00000E+00  0.00000E+00  0.00000E+00  0.00000E+00  0.00000E+00  0.00000E+00  0.00000E+00  0.00000E+00  0.00000E+00  0.00000E+00  0.00000E+00  0.00000E+00  0.00000E+00  0.00000E+00  0.00000E+00  0.00000E+00  0.00000E+00  0.00000E+00  0.00000E+00  0.00000E+00  0.00000E+00  0.00000E+00  0.00000E+00  0.00000E+00  0.00000E+00  0.00000E+00  0.00000E+00  0.00000E+00  0.00000E+00  0.00000E+00  0.00000E+00  0.00000E+00  0.00000E+00  0.00000E+00  0.00000E+00  0.00000E+00  0.00000E+00  0.00000E+00  0.00000E+00  1.33714E+02  9.34584E+02  5.34856E+02  6.13387E+02  7.99455E+01  4.81088E+02  8.82229E+02  1.07537E+02  2.13659E+02  0.00000E+00  0.00000E+00  0.00000E+00  0.00000E+00  0.00000E+00  0.00000E+00  0.00000E+00  0.00000E+00  0.00000E+00  0.00000E+00  0.00000E+00  0.00000E+00  0.00000E+00  0.00000E+00  0.00000E+00  0.00000E+00
  0.00000E+00  0.00000E+00  0.00000E+00  0.00000E+00  0.00000E+00  0.00000E+00  0.00000E+00  0.00000E+00  0.00000E+00  0.00000E+00  0.00000E+00  0.00000E+00  0.00000E+00  0.00000E+00  0.00000E+00  0.00000E+00  0.00000E+00  0.00000E+00  0.00000E+00  0.00000E+00  0.00000E+00  0.00000E+00  0.00000E+00  0.00000E+00  0.00000E+00  0.00000E+00  0.00000E+00  0.00000E+00  0.00000E+00  0.00000E+00  0.00000E+00  0.00000E+00  0.00000E+00  0.00000E+00  0.00000E+00  0.00000E+00  0.00000E+00  0.00000E+00  0.00000E+00  0.00000E+00  0.00000E+00  0.00000E+00  0.00000E+00  0.00000E+00  0.00000E+00  0.00000E+00  0.00000E+00  0.00000E+00  5.37684E+01  8.56052E+02  7.74693E+02  8.02284E+02  3.73550E+02  0.00000E+00  0.00000E+00  0.00000E+00  0.00000E+00  0.00000E+00  0.00000E+00  0.00000E+00  0.00000E+00  0.00000E+00  0.00000E+00  0.00000E+00  0.00000E+00  0.00000E+00  0.00000E+00  0.00000E+00  0.00000E+00  0.00000E+00  0.00000E+00  0.00000E+00  0.00000E+00
  0.00000E+00  0.00000E+00  0.00000E+00  0.00000E+00  0.00000E+00  0.00000E+00  0.00000E+00  0.00000E+00  0.00000E+00  0.00000E+00  0.00000E+00  0.00000E+00  0.00000E+00  0.00000E+00  0.00000E+00  0.00000E+00  0.00000E+00  0.00000E+00  0.00000E+00  0.00000E+00  0.00000E+00  0.00000E+00  0.00000E+00  0.00000E+00  0.00000E+00  0.00000E+00  0.00000E+00  0.00000E+00  0.00000E+00  0.00000E+00  0.00000E+00  0.00000E+00  0.00000E+00  0.00000E+00  0.00000E+00  0.00000E+00  0.00000E+00  0.00000E+00  0.00000E+00  0.00000E+00  0.00000E+00  0.00000E+00  0.00000E+00  0.00000E+00  0.00000E+00  0.00000E+00  9.60760E+02  6.14801E+02  2.93605E+02  0.00000E+00  0.00000E+00  5.37684E+01  0.00000E+00  0.00000E+00  0.00000E+00  0.00000E+00  0.00000E+00  0.00000E+00  0.00000E+00  0.00000E+00  0.00000E+00  0.00000E+00  0.00000E+00  0.00000E+00  0.00000E+00  0.00000E+00  0.00000E+00  0.00000E+00  0.00000E+00  0.00000E+00  0.00000E+00  0.00000E+00  0.00000E+00
  0.00000E+00  0.00000E+00  0.00000E+00  0.00000E+00  0.00000E+00  0.00000E+00  0.00000E+00  0.00000E+00  0.00000E+00  0.00000E+00  0.00000E+00  0.00000E+00  0.00000E+00  0.00000E+00  0.00000E+00  0.00000E+00  0.00000E+00  0.00000E+00  0.00000E+00  0.00000E+00  0.00000E+00  0.00000E+00  0.00000E+00  0.00000E+00  0.00000E+00  0.00000E+00  0.00000E+00  0.00000E+00  0.00000E+00  0.00000E+00  0.00000E+00  0.00000E+00  0.00000E+00  0.00000E+00  0.00000E+00  0.00000E+00  0.00000E+00  0.00000E+00  0.00000E+00  0.00000E+00  0.00000E+00  0.00000E+00  0.00000E+00  0.00000E+00  0.00000E+00  4.01142E+02  3.99728E+02  4.53496E+02  3.98314E+02  0.00000E+00  0.00000E+00  0.00000E+00  0.00000E+00  0.00000E+00  0.00000E+00  0.00000E+00  0.00000E+00  0.00000E+00  0.00000E+00  0.00000E+00  0.00000E+00  0.00000E+00  0.00000E+00  0.00000E+00  0.00000E+00  0.00000E+00  0.00000E+00  0.00000E+00  0.00000E+00  0.00000E+00  0.00000E+00  0.00000E+00  0.00000E+00
  0.00000E+00  0.00000E+00  0.00000E+00  0.00000E+00  0.00000E+00  0.00000E+00  0.00000E+00  0.00000E+00  0.00000E+00  0.00000E+00  0.00000E+00  0.00000E+00  0.00000E+00  0.00000E+00  0.00000E+00  0.00000E+00  0.00000E+00  0.00000E+00  0.00000E+00  0.00000E+00  0.00000E+00  0.00000E+00  0.00000E+00  0.00000E+00  0.00000E+00  0.00000E+00  0.00000E+00  0.00000E+00  0.00000E+00  0.00000E+00  0.00000E+00  0.00000E+00  0.00000E+00  0.00000E+00  0.00000E+00  0.00000E+00  0.00000E+00  0.00000E+00  0.00000E+00  0.00000E+00  0.00000E+00  0.00000E+00  0.00000E+00  0.00000E+00  0.00000E+00  5.37684E+01  0.00000E+00  0.00000E+00  0.00000E+00  0.00000E+00  0.00000E+00  0.00000E+00  0.00000E+00  0.00000E+00  0.00000E+00  0.00000E+00  0.00000E+00  0.00000E+00  0.00000E+00  0.00000E+00  0.00000E+00  0.00000E+00  0.00000E+00  0.00000E+00  0.00000E+00  0.00000E+00  0.00000E+00  0.00000E+00  0.00000E+00  0.00000E+00  0.00000E+00  0.00000E+00  0.00000E+00
  0.00000E+00  0.00000E+00  0.00000E+00  0.00000E+00  0.00000E+00  0.00000E+00  0.00000E+00  0.00000E+00  0.00000E+00  0.00000E+00  0.00000E+00  0.00000E+00  0.00000E+00  0.00000E+00  0.00000E+00  0.00000E+00  0.00000E+00  0.00000E+00  0.00000E+00  0.00000E+00  0.00000E+00  0.00000E+00  0.00000E+00  0.00000E+00  0.00000E+00  0.00000E+00  0.00000E+00  0.00000E+00  0.00000E+00  0.00000E+00  0.00000E+00  0.00000E+00  0.00000E+00  0.00000E+00  0.00000E+00  0.00000E+00  0.00000E+00  0.00000E+00  0.00000E+00  0.00000E+00  0.00000E+00  0.00000E+00  0.00000E+00  0.00000E+00  0.00000E+00  0.00000E+00  5.07265E+02  0.00000E+00  0.00000E+00  0.00000E+00  0.00000E+00  0.00000E+00  0.00000E+00  0.00000E+00  0.00000E+00  0.00000E+00  0.00000E+00  0.00000E+00  0.00000E+00  0.00000E+00  0.00000E+00  0.00000E+00  0.00000E+00  0.00000E+00  0.00000E+00  0.00000E+00  0.00000E+00  0.00000E+00  0.00000E+00  0.00000E+00  0.00000E+00  0.00000E+00  0.00000E+00
  0.00000E+00  0.00000E+00  0.00000E+00  0.00000E+00  0.00000E+00  0.00000E+00  0.00000E+00  0.00000E+00  0.00000E+00  0.00000E+00  0.00000E+00  0.00000E+00  0.00000E+00  0.00000E+00  0.00000E+00  0.00000E+00  0.00000E+00  0.00000E+00  0.00000E+00  0.00000E+00  0.00000E+00  0.00000E+00  0.00000E+00  0.00000E+00  0.00000E+00  0.00000E+00  0.00000E+00  0.00000E+00  0.00000E+00  0.00000E+00  0.00000E+00  0.00000E+00  0.00000E+00  0.00000E+00  0.00000E+00  0.00000E+00  0.00000E+00  0.00000E+00  0.00000E+00  0.00000E+00  0.00000E+00  0.00000E+00  0.00000E+00  0.00000E+00  0.00000E+00  0.00000E+00  0.00000E+00  0.00000E+00  0.00000E+00  0.00000E+00  0.00000E+00  0.00000E+00  0.00000E+00  0.00000E+00  0.00000E+00  0.00000E+00  0.00000E+00  0.00000E+00  0.00000E+00  0.00000E+00  0.00000E+00  0.00000E+00  0.00000E+00  0.00000E+00  0.00000E+00  0.00000E+00  0.00000E+00  0.00000E+00  0.00000E+00  0.00000E+00  0.00000E+00  0.00000E+00  0.00000E+00
  0.00000E+00  0.00000E+00  0.00000E+00  0.00000E+00  0.00000E+00  0.00000E+00  0.00000E+00  0.00000E+00  0.00000E+00  0.00000E+00  0.00000E+00  0.00000E+00  0.00000E+00  0.00000E+00  0.00000E+00  0.00000E+00  0.00000E+00  0.00000E+00  0.00000E+00  0.00000E+00  0.00000E+00  0.00000E+00  0.00000E+00  0.00000E+00  0.00000E+00  0.00000E+00  0.00000E+00  0.00000E+00  0.00000E+00  0.00000E+00  0.00000E+00  0.00000E+00  0.00000E+00  0.00000E+00  0.00000E+00  0.00000E+00  0.00000E+00  0.00000E+00  0.00000E+00  0.00000E+00  0.00000E+00  0.00000E+00  0.00000E+00  0.00000E+00  0.00000E+00  0.00000E+00  0.00000E+00  0.00000E+00  0.00000E+00  0.00000E+00  0.00000E+00  0.00000E+00  0.00000E+00  0.00000E+00  0.00000E+00  0.00000E+00  0.00000E+00  0.00000E+00  0.00000E+00  0.00000E+00  0.00000E+00  0.00000E+00  0.00000E+00  0.00000E+00  0.00000E+00  0.00000E+00  0.00000E+00  0.00000E+00  0.00000E+00  0.00000E+00  0.00000E+00  0.00000E+00  0.00000E+00
  0.00000E+00  0.00000E+00  0.00000E+00  0.00000E+00  0.00000E+00  0.00000E+00  0.00000E+00  0.00000E+00  0.00000E+00  0.00000E+00  0.00000E+00  0.00000E+00  0.00000E+00  0.00000E+00  0.00000E+00  0.00000E+00  0.00000E+00  0.00000E+00  0.00000E+00  0.00000E+00  0.00000E+00  0.00000E+00  0.00000E+00  0.00000E+00  0.00000E+00  0.00000E+00  0.00000E+00  0.00000E+00  0.00000E+00  0.00000E+00  0.00000E+00  0.00000E+00  0.00000E+00  0.00000E+00  0.00000E+00  0.00000E+00  0.00000E+00  0.00000E+00  0.00000E+00  0.00000E+00  0.00000E+00  0.00000E+00  0.00000E+00  0.00000E+00  0.00000E+00  0.00000E+00  0.00000E+00  0.00000E+00  0.00000E+00  0.00000E+00  0.00000E+00  5.37684E+01  3.21196E+02  5.37684E+01  0.00000E+00  0.00000E+00  0.00000E+00  0.00000E+00  0.00000E+00  0.00000E+00  0.00000E+00  0.00000E+00  0.00000E+00  0.00000E+00  0.00000E+00  0.00000E+00  0.00000E+00  0.00000E+00  0.00000E+00  0.00000E+00  0.00000E+00  0.00000E+00  0.00000E+00
  0.00000E+00  0.00000E+00  0.00000E+00  0.00000E+00  0.00000E+00  0.00000E+00  0.00000E+00  0.00000E+00  0.00000E+00  0.00000E+00  0.00000E+00  0.00000E+00  0.00000E+00  0.00000E+00  0.00000E+00  0.00000E+00  0.00000E+00  0.00000E+00  0.00000E+00  0.00000E+00  0.00000E+00  0.00000E+00  0.00000E+00  0.00000E+00  0.00000E+00  0.00000E+00  0.00000E+00  0.00000E+00  0.00000E+00  0.00000E+00  0.00000E+00  0.00000E+00  0.00000E+00  0.00000E+00  0.00000E+00  0.00000E+00  0.00000E+00  0.00000E+00  0.00000E+00  0.00000E+00  0.00000E+00  0.00000E+00  0.00000E+00  0.00000E+00  0.00000E+00  0.00000E+00  0.00000E+00  0.00000E+00  5.37684E+01  0.00000E+00  5.59619E+02  1.01170E+03  3.21196E+02  0.00000E+00  0.00000E+00  0.00000E+00  0.00000E+00  0.00000E+00  0.00000E+00  0.00000E+00  0.00000E+00  0.00000E+00  0.00000E+00  0.00000E+00  0.00000E+00  0.00000E+00  0.00000E+00  0.00000E+00  0.00000E+00  0.00000E+00  0.00000E+00  0.00000E+00  0.00000E+00
  0.00000E+00  0.00000E+00  0.00000E+00  0.00000E+00  0.00000E+00  0.00000E+00  0.00000E+00  0.00000E+00  0.00000E+00  0.00000E+00  0.00000E+00  0.00000E+00  0.00000E+00  0.00000E+00  0.00000E+00  0.00000E+00  0.00000E+00  0.00000E+00  0.00000E+00  0.00000E+00  0.00000E+00  0.00000E+00  0.00000E+00  0.00000E+00  0.00000E+00  0.00000E+00  0.00000E+00  0.00000E+00  0.00000E+00  0.00000E+00  0.00000E+00  0.00000E+00  0.00000E+00  0.00000E+00  0.00000E+00  0.00000E+00  0.00000E+00  0.00000E+00  0.00000E+00  0.00000E+00  0.00000E+00  0.00000E+00  0.00000E+00  0.00000E+00  0.00000E+00  0.00000E+00  0.00000E+00  2.61772E+01  5.04436E+02  4.76845E+02  9.30341E+02  3.70722E+02  0.00000E+00  0.00000E+00  0.00000E+00  0.00000E+00  0.00000E+00  0.00000E+00  0.00000E+00  0.00000E+00  0.00000E+00  0.00000E+00  0.00000E+00  0.00000E+00  0.00000E+00  0.00000E+00  0.00000E+00  0.00000E+00  0.00000E+00  0.00000E+00  0.00000E+00  0.00000E+00  0.00000E+00
  0.00000E+00  0.00000E+00  0.00000E+00  0.00000E+00  0.00000E+00  0.00000E+00  0.00000E+00  0.00000E+00  0.00000E+00  0.00000E+00  0.00000E+00  0.00000E+00  0.00000E+00  0.00000E+00  0.00000E+00  0.00000E+00  0.00000E+00  0.00000E+00  0.00000E+00  0.00000E+00  0.00000E+00  0.00000E+00  0.00000E+00  0.00000E+00  0.00000E+00  0.00000E+00  0.00000E+00  0.00000E+00  0.00000E+00  0.00000E+00  0.00000E+00  0.00000E+00  0.00000E+00  0.00000E+00  0.00000E+00  0.00000E+00  0.00000E+00  0.00000E+00  0.00000E+00  0.00000E+00  0.00000E+00  0.00000E+00  0.00000E+00  0.00000E+00  0.00000E+00  0.00000E+00  0.00000E+00  1.59891E+02  6.39564E+02  9.06992E+02  1.11924E+03  3.96900E+02  2.61772E+01  0.00000E+00  0.00000E+00  0.00000E+00  0.00000E+00  0.00000E+00  0.00000E+00  0.00000E+00  0.00000E+00  0.00000E+00  0.00000E+00  0.00000E+00  0.00000E+00  0.00000E+00  0.00000E+00  0.00000E+00  0.00000E+00  0.00000E+00  0.00000E+00  0.00000E+00  0.00000E+00
  0.00000E+00  0.00000E+00  0.00000E+00  0.00000E+00  0.00000E+00  0.00000E+00  0.00000E+00  0.00000E+00  0.00000E+00  0.00000E+00  0.00000E+00  0.00000E+00  0.00000E+00  0.00000E+00  0.00000E+00  0.00000E+00  0.00000E+00  0.00000E+00  0.00000E+00  0.00000E+00  0.00000E+00  0.00000E+00  0.00000E+00  0.00000E+00  0.00000E+00  0.00000E+00  0.00000E+00  0.00000E+00  0.00000E+00  0.00000E+00  0.00000E+00  0.00000E+00  0.00000E+00  0.00000E+00  0.00000E+00  0.00000E+00  0.00000E+00  0.00000E+00  0.00000E+00  0.00000E+00  0.00000E+00  0.00000E+00  0.00000E+00  0.00000E+00  0.00000E+00  0.00000E+00  0.00000E+00  0.00000E+00  5.33442E+02  8.00869E+02  5.58205E+02  7.18096E+02  1.33714E+02  0.00000E+00  0.00000E+00  0.00000E+00  0.00000E+00  0.00000E+00  0.00000E+00  0.00000E+00  0.00000E+00  0.00000E+00  0.00000E+00  0.00000E+00  0.00000E+00  0.00000E+00  0.00000E+00  0.00000E+00  0.00000E+00  0.00000E+00  0.00000E+00  0.00000E+00  0.00000E+00
  0.00000E+00  0.00000E+00  0.00000E+00  0.00000E+00  0.00000E+00  0.00000E+00  0.00000E+00  0.00000E+00  0.00000E+00  0.00000E+00  0.00000E+00  0.00000E+00  0.00000E+00  0.00000E+00  0.00000E+00  0.00000E+00  0.00000E+00  0.00000E+00  0.00000E+00  0.00000E+00  0.00000E+00  0.00000E+00  0.00000E+00  0.00000E+00  0.00000E+00  0.00000E+00  0.00000E+00  0.00000E+00  0.00000E+00  0.00000E+00  0.00000E+00  0.00000E+00  0.00000E+00  0.00000E+00  0.00000E+00  0.00000E+00  0.00000E+00  0.00000E+00  0.00000E+00  0.00000E+00  0.00000E+00  0.00000E+00  0.00000E+00  0.00000E+00  0.00000E+00  0.00000E+00  0.00000E+00  0.00000E+00  6.93333E+02  1.01170E+03  6.89091E+02  5.84382E+02  0.00000E+00  0.00000E+00  0.00000E+00  0.00000E+00  0.00000E+00  0.00000E+00  0.00000E+00  0.00000E+00  0.00000E+00  0.00000E+00  0.00000E+00  0.00000E+00  0.00000E+00  0.00000E+00  0.00000E+00  0.00000E+00  0.00000E+00  0.00000E+00  0.00000E+00  0.00000E+00  0.00000E+00
  0.00000E+00  0.00000E+00  0.00000E+00  0.00000E+00  0.00000E+00  0.00000E+00  0.00000E+00  0.00000E+00  0.00000E+00  0.00000E+00  0.00000E+00  0.00000E+00  0.00000E+00  0.00000E+00  0.00000E+00  0.00000E+00  0.00000E+00  0.00000E+00  0.00000E+00  0.00000E+00  0.00000E+00  0.00000E+00  0.00000E+00  0.00000E+00  0.00000E+00  0.00000E+00  0.00000E+00  0.00000E+00  0.00000E+00  0.00000E+00  0.00000E+00  0.00000E+00  0.00000E+00  0.00000E+00  0.00000E+00  0.00000E+00  0.00000E+00  0.00000E+00  0.00000E+00  0.00000E+00  0.00000E+00  0.00000E+00  0.00000E+00  0.00000E+00  0.00000E+00  0.00000E+00  0.00000E+00  0.00000E+00  3.98314E+02  1.09165E+03  9.31755E+02  5.23543E+01  0.00000E+00  0.00000E+00  0.00000E+00  0.00000E+00  0.00000E+00  0.00000E+00  0.00000E+00  0.00000E+00  0.00000E+00  0.00000E+00  0.00000E+00  0.00000E+00  0.00000E+00  0.00000E+00  0.00000E+00  0.00000E+00  0.00000E+00  0.00000E+00  0.00000E+00  0.00000E+00  0.00000E+00
  0.00000E+00  0.00000E+00  0.00000E+00  0.00000E+00  0.00000E+00  0.00000E+00  0.00000E+00  0.00000E+00  0.00000E+00  0.00000E+00  0.00000E+00  0.00000E+00  0.00000E+00  0.00000E+00  0.00000E+00  0.00000E+00  0.00000E+00  0.00000E+00  0.00000E+00  0.00000E+00  0.00000E+00  0.00000E+00  0.00000E+00  0.00000E+00  0.00000E+00  0.00000E+00  0.00000E+00  0.00000E+00  0.00000E+00  0.00000E+00  0.00000E+00  0.00000E+00  0.00000E+00  0.00000E+00  0.00000E+00  0.00000E+00  0.00000E+00  0.00000E+00  0.00000E+00  0.00000E+00  0.00000E+00  0.00000E+00  0.00000E+00  0.00000E+00  0.00000E+00  0.00000E+00  0.00000E+00  0.00000E+00  2.61772E+01  1.03929E+03  8.77987E+02  0.00000E+00  0.00000E+00  0.00000E+00  0.00000E+00  0.00000E+00  0.00000E+00  0.00000E+00  0.00000E+00  0.00000E+00  0.00000E+00  0.00000E+00  0.00000E+00  0.00000E+00  0.00000E+00  0.00000E+00  0.00000E+00  0.00000E+00  0.00000E+00  0.00000E+00  0.00000E+00  0.00000E+00  0.00000E+00
  0.00000E+00  0.00000E+00  0.00000E+00  0.00000E+00  0.00000E+00  0.00000E+00  0.00000E+00  0.00000E+00  0.00000E+00  0.00000E+00  0.00000E+00  0.00000E+00  0.00000E+00  0.00000E+00  0.00000E+00  0.00000E+00  0.00000E+00  0.00000E+00  0.00000E+00  0.00000E+00  0.00000E+00  0.00000E+00  0.00000E+00  0.00000E+00  0.00000E+00  0.00000E+00  0.00000E+00  0.00000E+00  0.00000E+00  0.00000E+00  0.00000E+00  0.00000E+00  0.00000E+00  0.00000E+00  0.00000E+00  0.00000E+00  0.00000E+00  0.00000E+00  0.00000E+00  0.00000E+00  0.00000E+00  0.00000E+00  0.00000E+00  0.00000E+00  0.00000E+00  0.00000E+00  0.00000E+00  0.00000E+00  0.00000E+00  2.13659E+02  2.13659E+02  0.00000E+00  0.00000E+00  0.00000E+00  0.00000E+00  0.00000E+00  0.00000E+00  0.00000E+00  0.00000E+00  0.00000E+00  0.00000E+00  0.00000E+00  0.00000E+00  0.00000E+00  0.00000E+00  0.00000E+00  0.00000E+00  0.00000E+00  0.00000E+00  0.00000E+00  0.00000E+00  0.00000E+00  0.00000E+00
  0.00000E+00  0.00000E+00  0.00000E+00  0.00000E+00  0.00000E+00  0.00000E+00  0.00000E+00  0.00000E+00  0.00000E+00  0.00000E+00  0.00000E+00  0.00000E+00  0.00000E+00  0.00000E+00  0.00000E+00  0.00000E+00  0.00000E+00  0.00000E+00  0.00000E+00  0.00000E+00  0.00000E+00  0.00000E+00  0.00000E+00  0.00000E+00  0.00000E+00  0.00000E+00  0.00000E+00  0.00000E+00  0.00000E+00  0.00000E+00  0.00000E+00  0.00000E+00  0.00000E+00  0.00000E+00  0.00000E+00  0.00000E+00  0.00000E+00  0.00000E+00  0.00000E+00  0.00000E+00  0.00000E+00  0.00000E+00  0.00000E+00  0.00000E+00  0.00000E+00  0.00000E+00  0.00000E+00  0.00000E+00  0.00000E+00  0.00000E+00  0.00000E+00  0.00000E+00  0.00000E+00  0.00000E+00  0.00000E+00  0.00000E+00  0.00000E+00  0.00000E+00  0.00000E+00  0.00000E+00  0.00000E+00  0.00000E+00  0.00000E+00  0.00000E+00  0.00000E+00  0.00000E+00  0.00000E+00  0.00000E+00  0.00000E+00  0.00000E+00  0.00000E+00  0.00000E+00  0.00000E+00
  0.00000E+00  0.00000E+00  0.00000E+00  0.00000E+00  0.00000E+00  0.00000E+00  0.00000E+00  0.00000E+00  0.00000E+00  0.00000E+00  0.00000E+00  0.00000E+00  0.00000E+00  0.00000E+00  0.00000E+00  0.00000E+00  0.00000E+00  0.00000E+00  0.00000E+00  0.00000E+00  0.00000E+00  0.00000E+00  0.00000E+00  0.00000E+00  0.00000E+00  0.00000E+00  0.00000E+00  0.00000E+00  0.00000E+00  0.00000E+00  0.00000E+00  0.00000E+00  0.00000E+00  0.00000E+00  0.00000E+00  0.00000E+00  0.00000E+00  0.00000E+00  0.00000E+00  0.00000E+00  0.00000E+00  0.00000E+00  0.00000E+00  0.00000E+00  0.00000E+00  0.00000E+00  0.00000E+00  0.00000E+00  0.00000E+00  0.00000E+00  0.00000E+00  0.00000E+00  0.00000E+00  0.00000E+00  0.00000E+00  0.00000E+00  0.00000E+00  0.00000E+00  0.00000E+00  0.00000E+00  0.00000E+00  0.00000E+00  0.00000E+00  0.00000E+00  0.00000E+00  0.00000E+00  0.00000E+00  0.00000E+00  0.00000E+00  0.00000E+00  0.00000E+00  0.00000E+00  0.00000E+00
  0.00000E+00  0.00000E+00  0.00000E+00  0.00000E+00  0.00000E+00  0.00000E+00  0.00000E+00  0.00000E+00  0.00000E+00  0.00000E+00  0.00000E+00  0.00000E+00  0.00000E+00  0.00000E+00  0.00000E+00  0.00000E+00  0.00000E+00  0.00000E+00  0.00000E+00  0.00000E+00  0.00000E+00  0.00000E+00  0.00000E+00  0.00000E+00  0.00000E+00  0.00000E+00  0.00000E+00  0.00000E+00  0.00000E+00  0.00000E+00  0.00000E+00  0.00000E+00  0.00000E+00  0.00000E+00  0.00000E+00  0.00000E+00  0.00000E+00  0.00000E+00  0.00000E+00  0.00000E+00  0.00000E+00  0.00000E+00  0.00000E+00  0.00000E+00  0.00000E+00  0.00000E+00  0.00000E+00  0.00000E+00  0.00000E+00  0.00000E+00  0.00000E+00  0.00000E+00  0.00000E+00  0.00000E+00  0.00000E+00  0.00000E+00  0.00000E+00  0.00000E+00  0.00000E+00  0.00000E+00  0.00000E+00  0.00000E+00  0.00000E+00  0.00000E+00  0.00000E+00  0.00000E+00  0.00000E+00  0.00000E+00  0.00000E+00  0.00000E+00  0.00000E+00  0.00000E+00  0.00000E+00
  0.00000E+00  0.00000E+00  0.00000E+00  0.00000E+00  0.00000E+00  0.00000E+00  0.00000E+00  0.00000E+00  0.00000E+00  0.00000E+00  0.00000E+00  0.00000E+00  0.00000E+00  0.00000E+00  0.00000E+00  0.00000E+00  0.00000E+00  0.00000E+00  0.00000E+00  0.00000E+00  0.00000E+00  0.00000E+00  0.00000E+00  0.00000E+00  0.00000E+00  0.00000E+00  0.00000E+00  0.00000E+00  0.00000E+00  0.00000E+00  0.00000E+00  0.00000E+00  0.00000E+00  0.00000E+00  0.00000E+00  0.00000E+00  0.00000E+00  0.00000E+00  0.00000E+00  0.00000E+00  0.00000E+00  0.00000E+00  0.00000E+00  0.00000E+00  0.00000E+00  0.00000E+00  0.00000E+00  0.00000E+00  0.00000E+00  0.00000E+00  0.00000E+00  0.00000E+00  0.00000E+00  0.00000E+00  0.00000E+00  0.00000E+00  0.00000E+00  0.00000E+00  0.00000E+00  0.00000E+00  0.00000E+00  0.00000E+00  0.00000E+00  0.00000E+00  0.00000E+00  0.00000E+00  0.00000E+00  0.00000E+00  0.00000E+00  0.00000E+00  0.00000E+00  0.00000E+00  0.00000E+00
  0.00000E+00  0.00000E+00  0.00000E+00  0.00000E+00  0.00000E+00  0.00000E+00  0.00000E+00  0.00000E+00  0.00000E+00  0.00000E+00  0.00000E+00  0.00000E+00  0.00000E+00  0.00000E+00  0.00000E+00  0.00000E+00  0.00000E+00  0.00000E+00  0.00000E+00  0.00000E+00  0.00000E+00  0.00000E+00  0.00000E+00  0.00000E+00  0.00000E+00  0.00000E+00  0.00000E+00  0.00000E+00  0.00000E+00  0.00000E+00  0.00000E+00  0.00000E+00  0.00000E+00  0.00000E+00  0.00000E+00  0.00000E+00  0.00000E+00  0.00000E+00  0.00000E+00  0.00000E+00  0.00000E+00  0.00000E+00  0.00000E+00  0.00000E+00  0.00000E+00  0.00000E+00  0.00000E+00  0.00000E+00  0.00000E+00  0.00000E+00  0.00000E+00  0.00000E+00  0.00000E+00  0.00000E+00  0.00000E+00  0.00000E+00  0.00000E+00  0.00000E+00  0.00000E+00  0.00000E+00  0.00000E+00  0.00000E+00  0.00000E+00  0.00000E+00  0.00000E+00  0.00000E+00  0.00000E+00  0.00000E+00  0.00000E+00  0.00000E+00  0.00000E+00  0.00000E+00  0.00000E+00
  0.00000E+00  0.00000E+00  0.00000E+00  0.00000E+00  0.00000E+00  0.00000E+00  0.00000E+00  0.00000E+00  0.00000E+00  0.00000E+00  0.00000E+00  0.00000E+00  0.00000E+00  0.00000E+00  0.00000E+00  0.00000E+00  0.00000E+00  0.00000E+00  0.00000E+00  0.00000E+00  0.00000E+00  0.00000E+00  0.00000E+00  0.00000E+00  0.00000E+00  0.00000E+00  0.00000E+00  0.00000E+00  0.00000E+00  0.00000E+00  0.00000E+00  0.00000E+00  0.00000E+00  0.00000E+00  0.00000E+00  0.00000E+00  0.00000E+00  0.00000E+00  0.00000E+00  0.00000E+00  0.00000E+00  0.00000E+00  0.00000E+00  0.00000E+00  0.00000E+00  0.00000E+00  0.00000E+00  0.00000E+00  0.00000E+00  0.00000E+00  0.00000E+00  0.00000E+00  0.00000E+00  0.00000E+00  0.00000E+00  0.00000E+00  0.00000E+00  0.00000E+00  0.00000E+00  0.00000E+00  0.00000E+00  0.00000E+00  0.00000E+00  0.00000E+00  0.00000E+00  0.00000E+00  0.00000E+00  0.00000E+00  0.00000E+00  0.00000E+00  0.00000E+00  0.00000E+00  0.00000E+00
  0.00000E+00  0.00000E+00  0.00000E+00  0.00000E+00  0.00000E+00  0.00000E+00  0.00000E+00  0.00000E+00  0.00000E+00  0.00000E+00  0.00000E+00  0.00000E+00  0.00000E+00  0.00000E+00  0.00000E+00  0.00000E+00  0.00000E+00  0.00000E+00  0.00000E+00  0.00000E+00  0.00000E+00  0.00000E+00  0.00000E+00  0.00000E+00  0.00000E+00  0.00000E+00  0.00000E+00  0.00000E+00  0.00000E+00  0.00000E+00  0.00000E+00  0.00000E+00  0.00000E+00  0.00000E+00  0.00000E+00  0.00000E+00  0.00000E+00  0.00000E+00  0.00000E+00  0.00000E+00  0.00000E+00  0.00000E+00  0.00000E+00  0.00000E+00  0.00000E+00  0.00000E+00  0.00000E+00  0.00000E+00  0.00000E+00  0.00000E+00  0.00000E+00  0.00000E+00  0.00000E+00  0.00000E+00  0.00000E+00  0.00000E+00  0.00000E+00  0.00000E+00  0.00000E+00  0.00000E+00  0.00000E+00  0.00000E+00  0.00000E+00  0.00000E+00  0.00000E+00  0.00000E+00  0.00000E+00  0.00000E+00  0.00000E+00  0.00000E+00  0.00000E+00  0.00000E+00  0.00000E+00
  0.00000E+00  0.00000E+00  0.00000E+00  0.00000E+00  0.00000E+00  0.00000E+00  0.00000E+00  0.00000E+00  0.00000E+00  0.00000E+00  0.00000E+00  0.00000E+00  0.00000E+00  0.00000E+00  0.00000E+00  0.00000E+00  0.00000E+00  0.00000E+00  0.00000E+00  0.00000E+00  0.00000E+00  0.00000E+00  0.00000E+00  0.00000E+00  0.00000E+00  0.00000E+00  0.00000E+00  0.00000E+00  0.00000E+00  0.00000E+00  0.00000E+00  0.00000E+00  0.00000E+00  0.00000E+00  0.00000E+00  0.00000E+00  0.00000E+00  0.00000E+00  0.00000E+00  0.00000E+00  0.00000E+00  0.00000E+00  0.00000E+00  0.00000E+00  0.00000E+00  0.00000E+00  0.00000E+00  0.00000E+00  0.00000E+00  0.00000E+00  0.00000E+00  0.00000E+00  0.00000E+00  0.00000E+00  0.00000E+00  0.00000E+00  0.00000E+00  0.00000E+00  0.00000E+00  0.00000E+00  0.00000E+00  0.00000E+00  0.00000E+00  0.00000E+00  0.00000E+00  0.00000E+00  0.00000E+00  0.00000E+00  0.00000E+00  0.00000E+00  0.00000E+00  0.00000E+00  0.00000E+00
  0.00000E+00  0.00000E+00  0.00000E+00  0.00000E+00  0.00000E+00  0.00000E+00  0.00000E+00  0.00000E+00  0.00000E+00  0.00000E+00  0.00000E+00  0.00000E+00  0.00000E+00  0.00000E+00  0.00000E+00  0.00000E+00  0.00000E+00  0.00000E+00  0.00000E+00  0.00000E+00  0.00000E+00  0.00000E+00  0.00000E+00  0.00000E+00  0.00000E+00  0.00000E+00  0.00000E+00  0.00000E+00  0.00000E+00  0.00000E+00  0.00000E+00  0.00000E+00  0.00000E+00  0.00000E+00  0.00000E+00  0.00000E+00  0.00000E+00  0.00000E+00  0.00000E+00  0.00000E+00  0.00000E+00  0.00000E+00  0.00000E+00  0.00000E+00  0.00000E+00  0.00000E+00  0.00000E+00  0.00000E+00  0.00000E+00  0.00000E+00  0.00000E+00  0.00000E+00  0.00000E+00  0.00000E+00  0.00000E+00  0.00000E+00  0.00000E+00  0.00000E+00  0.00000E+00  0.00000E+00  0.00000E+00  0.00000E+00  0.00000E+00  0.00000E+00  0.00000E+00  0.00000E+00  0.00000E+00  0.00000E+00  0.00000E+00  0.00000E+00  0.00000E+00  0.00000E+00  0.00000E+00
  0.00000E+00  0.00000E+00  0.00000E+00  0.00000E+00  0.00000E+00  0.00000E+00  0.00000E+00  0.00000E+00  0.00000E+00  0.00000E+00  0.00000E+00  0.00000E+00  0.00000E+00  0.00000E+00  0.00000E+00  0.00000E+00  0.00000E+00  0.00000E+00  0.00000E+00  0.00000E+00  0.00000E+00  0.00000E+00  0.00000E+00  0.00000E+00  0.00000E+00  0.00000E+00  0.00000E+00  0.00000E+00  0.00000E+00  0.00000E+00  0.00000E+00  0.00000E+00  0.00000E+00  0.00000E+00  0.00000E+00  0.00000E+00  0.00000E+00  0.00000E+00  0.00000E+00  0.00000E+00  0.00000E+00  0.00000E+00  0.00000E+00  0.00000E+00  0.00000E+00  0.00000E+00  0.00000E+00  0.00000E+00  0.00000E+00  0.00000E+00  0.00000E+00  0.00000E+00  0.00000E+00  0.00000E+00  0.00000E+00  0.00000E+00  0.00000E+00  0.00000E+00  0.00000E+00  0.00000E+00  0.00000E+00  0.00000E+00  0.00000E+00  0.00000E+00  0.00000E+00  0.00000E+00  0.00000E+00  0.00000E+00  0.00000E+00  0.00000E+00  0.00000E+00  0.00000E+00  0.00000E+00
  0.00000E+00  0.00000E+00  0.00000E+00  0.00000E+00  0.00000E+00  0.00000E+00  0.00000E+00  0.00000E+00  0.00000E+00  0.00000E+00  0.00000E+00  0.00000E+00  0.00000E+00  0.00000E+00  0.00000E+00  0.00000E+00  0.00000E+00  0.00000E+00  0.00000E+00  0.00000E+00  0.00000E+00  0.00000E+00  0.00000E+00  0.00000E+00  0.00000E+00  0.00000E+00  0.00000E+00  0.00000E+00  0.00000E+00  0.00000E+00  0.00000E+00  0.00000E+00  0.00000E+00  0.00000E+00  0.00000E+00  0.00000E+00  0.00000E+00  0.00000E+00  0.00000E+00  0.00000E+00  0.00000E+00  0.00000E+00  0.00000E+00  0.00000E+00  0.00000E+00  0.00000E+00  0.00000E+00  0.00000E+00  0.00000E+00  0.00000E+00  0.00000E+00  0.00000E+00  0.00000E+00  0.00000E+00  0.00000E+00  0.00000E+00  0.00000E+00  0.00000E+00  0.00000E+00  0.00000E+00  0.00000E+00  0.00000E+00  0.00000E+00  0.00000E+00  0.00000E+00  0.00000E+00  0.00000E+00  0.00000E+00  0.00000E+00  0.00000E+00  0.00000E+00  0.00000E+00  0.00000E+00
  0.00000E+00  0.00000E+00  0.00000E+00  0.00000E+00  0.00000E+00  0.00000E+00  0.00000E+00  0.00000E+00  0.00000E+00  0.00000E+00  0.00000E+00  0.00000E+00  0.00000E+00  0.00000E+00  0.00000E+00  0.00000E+00  0.00000E+00  0.00000E+00  0.00000E+00  0.00000E+00  0.00000E+00  0.00000E+00  0.00000E+00  0.00000E+00  0.00000E+00  0.00000E+00  0.00000E+00  0.00000E+00  0.00000E+00  0.00000E+00  0.00000E+00  0.00000E+00  0.00000E+00  0.00000E+00  0.00000E+00  0.00000E+00  0.00000E+00  0.00000E+00  0.00000E+00  0.00000E+00  0.00000E+00  0.00000E+00  0.00000E+00  0.00000E+00  0.00000E+00  0.00000E+00  0.00000E+00  0.00000E+00  0.00000E+00  0.00000E+00  0.00000E+00  0.00000E+00  0.00000E+00  0.00000E+00  0.00000E+00  0.00000E+00  0.00000E+00  0.00000E+00  0.00000E+00  0.00000E+00  0.00000E+00  0.00000E+00  0.00000E+00  0.00000E+00  0.00000E+00  0.00000E+00  0.00000E+00  0.00000E+00  0.00000E+00  0.00000E+00  0.00000E+00  0.00000E+00  0.00000E+00
  0.00000E+00  0.00000E+00  0.00000E+00  0.00000E+00  0.00000E+00  0.00000E+00  0.00000E+00  0.00000E+00  0.00000E+00  0.00000E+00  0.00000E+00  0.00000E+00  0.00000E+00  0.00000E+00  0.00000E+00  0.00000E+00  0.00000E+00  0.00000E+00  0.00000E+00  0.00000E+00  0.00000E+00  0.00000E+00  0.00000E+00  0.00000E+00  0.00000E+00  0.00000E+00  0.00000E+00  0.00000E+00  0.00000E+00  0.00000E+00  0.00000E+00  0.00000E+00  0.00000E+00  0.00000E+00  0.00000E+00  0.00000E+00  0.00000E+00  0.00000E+00  0.00000E+00  0.00000E+00  0.00000E+00  0.00000E+00  0.00000E+00  0.00000E+00  0.00000E+00  0.00000E+00  0.00000E+00  0.00000E+00  0.00000E+00  0.00000E+00  0.00000E+00  0.00000E+00  0.00000E+00  0.00000E+00  0.00000E+00  0.00000E+00  0.00000E+00  0.00000E+00  0.00000E+00  0.00000E+00  0.00000E+00  0.00000E+00  0.00000E+00  0.00000E+00  0.00000E+00  0.00000E+00  0.00000E+00  0.00000E+00  0.00000E+00  0.00000E+00  0.00000E+00  0.00000E+00  0.00000E+00
  0.00000E+00  0.00000E+00  0.00000E+00  0.00000E+00  0.00000E+00  0.00000E+00  0.00000E+00  0.00000E+00  0.00000E+00  0.00000E+00  0.00000E+00  0.00000E+00  0.00000E+00  0.00000E+00  0.00000E+00  0.00000E+00  0.00000E+00  0.00000E+00  0.00000E+00  0.00000E+00  0.00000E+00  0.00000E+00  0.00000E+00  0.00000E+00  0.00000E+00  0.00000E+00  0.00000E+00  0.00000E+00  0.00000E+00  0.00000E+00  0.00000E+00  0.00000E+00  0.00000E+00  0.00000E+00  0.00000E+00  0.00000E+00  0.00000E+00  0.00000E+00  0.00000E+00  0.00000E+00  0.00000E+00  0.00000E+00  0.00000E+00  0.00000E+00  0.00000E+00  0.00000E+00  0.00000E+00  0.00000E+00  0.00000E+00  0.00000E+00  0.00000E+00  0.00000E+00  0.00000E+00  0.00000E+00  0.00000E+00  0.00000E+00  0.00000E+00  0.00000E+00  0.00000E+00  0.00000E+00  0.00000E+00  0.00000E+00  0.00000E+00  0.00000E+00  0.00000E+00  0.00000E+00  0.00000E+00  0.00000E+00  0.00000E+00  0.00000E+00  0.00000E+00  0.00000E+00  0.00000E+00
  0.00000E+00  0.00000E+00  0.00000E+00  0.00000E+00  0.00000E+00  0.00000E+00  0.00000E+00  0.00000E+00  0.00000E+00  0.00000E+00  0.00000E+00  0.00000E+00  0.00000E+00  0.00000E+00  0.00000E+00  0.00000E+00  0.00000E+00  0.00000E+00  0.00000E+00  0.00000E+00  0.00000E+00  0.00000E+00  0.00000E+00  0.00000E+00  0.00000E+00  0.00000E+00  0.00000E+00  0.00000E+00  0.00000E+00  0.00000E+00  0.00000E+00  0.00000E+00  0.00000E+00  0.00000E+00  0.00000E+00  0.00000E+00  0.00000E+00  0.00000E+00  0.00000E+00  0.00000E+00  0.00000E+00  0.00000E+00  0.00000E+00  0.00000E+00  0.00000E+00  0.00000E+00  0.00000E+00  0.00000E+00  0.00000E+00  0.00000E+00  0.00000E+00  0.00000E+00  0.00000E+00  0.00000E+00  0.00000E+00  0.00000E+00  0.00000E+00  0.00000E+00  0.00000E+00  0.00000E+00  0.00000E+00  0.00000E+00  0.00000E+00  0.00000E+00  0.00000E+00  0.00000E+00  0.00000E+00  0.00000E+00  0.00000E+00  0.00000E+00  0.00000E+00  0.00000E+00  0.00000E+00
  0.00000E+00  0.00000E+00  0.00000E+00  0.00000E+00  0.00000E+00  0.00000E+00  0.00000E+00  0.00000E+00  0.00000E+00  0.00000E+00  0.00000E+00  0.00000E+00  0.00000E+00  0.00000E+00  0.00000E+00  0.00000E+00  0.00000E+00  0.00000E+00  0.00000E+00  0.00000E+00  0.00000E+00  0.00000E+00  0.00000E+00  0.00000E+00  0.00000E+00  0.00000E+00  0.00000E+00  0.00000E+00  0.00000E+00  0.00000E+00  0.00000E+00  0.00000E+00  0.00000E+00  0.00000E+00  0.00000E+00  0.00000E+00  0.00000E+00  0.00000E+00  0.00000E+00  0.00000E+00  0.00000E+00  0.00000E+00  0.00000E+00  0.00000E+00  0.00000E+00  0.00000E+00  0.00000E+00  0.00000E+00  0.00000E+00  0.00000E+00  0.00000E+00  0.00000E+00  0.00000E+00  0.00000E+00  0.00000E+00  0.00000E+00  0.00000E+00  0.00000E+00  0.00000E+00  0.00000E+00  0.00000E+00  0.00000E+00  0.00000E+00  0.00000E+00  0.00000E+00  0.00000E+00  0.00000E+00  0.00000E+00  0.00000E+00  0.00000E+00  0.00000E+00  0.00000E+00  0.00000E+00
  0.00000E+00  0.00000E+00  0.00000E+00  0.00000E+00  0.00000E+00  0.00000E+00  0.00000E+00  0.00000E+00  0.00000E+00  0.00000E+00  0.00000E+00  0.00000E+00  0.00000E+00  0.00000E+00  0.00000E+00  0.00000E+00  0.00000E+00  0.00000E+00  0.00000E+00  0.00000E+00  0.00000E+00  0.00000E+00  0.00000E+00  0.00000E+00  0.00000E+00  0.00000E+00  0.00000E+00  0.00000E+00  0.00000E+00  0.00000E+00  0.00000E+00  0.00000E+00  0.00000E+00  0.00000E+00  0.00000E+00  0.00000E+00  0.00000E+00  0.00000E+00  0.00000E+00  0.00000E+00  0.00000E+00  0.00000E+00  0.00000E+00  0.00000E+00  0.00000E+00  0.00000E+00  0.00000E+00  0.00000E+00  0.00000E+00  0.00000E+00  0.00000E+00  0.00000E+00  0.00000E+00  0.00000E+00  0.00000E+00  0.00000E+00  0.00000E+00  0.00000E+00  0.00000E+00  0.00000E+00  0.00000E+00  0.00000E+00  0.00000E+00  0.00000E+00  0.00000E+00  0.00000E+00  0.00000E+00  0.00000E+00  0.00000E+00  0.00000E+00  0.00000E+00  0.00000E+00  0.00000E+00
  0.00000E+00  0.00000E+00  0.00000E+00  0.00000E+00  0.00000E+00  0.00000E+00  0.00000E+00  0.00000E+00  0.00000E+00  0.00000E+00  0.00000E+00  0.00000E+00  0.00000E+00  0.00000E+00  0.00000E+00  0.00000E+00  0.00000E+00  0.00000E+00  0.00000E+00  0.00000E+00  0.00000E+00  0.00000E+00  0.00000E+00  0.00000E+00  0.00000E+00  0.00000E+00  0.00000E+00  0.00000E+00  0.00000E+00  0.00000E+00  0.00000E+00  0.00000E+00  0.00000E+00  0.00000E+00  0.00000E+00  0.00000E+00  0.00000E+00  0.00000E+00  0.00000E+00  0.00000E+00  0.00000E+00  0.00000E+00  0.00000E+00  0.00000E+00  0.00000E+00  0.00000E+00  0.00000E+00  0.00000E+00  0.00000E+00  0.00000E+00  0.00000E+00  0.00000E+00  0.00000E+00  0.00000E+00  0.00000E+00  0.00000E+00  0.00000E+00  0.00000E+00  0.00000E+00  0.00000E+00  0.00000E+00  0.00000E+00  0.00000E+00  0.00000E+00  0.00000E+00  0.00000E+00  0.00000E+00  0.00000E+00  0.00000E+00  0.00000E+00  0.00000E+00  0.00000E+00  0.00000E+00
  0.00000E+00  0.00000E+00  0.00000E+00  0.00000E+00  0.00000E+00  0.00000E+00  0.00000E+00  0.00000E+00  0.00000E+00  0.00000E+00  0.00000E+00  0.00000E+00  0.00000E+00  0.00000E+00  0.00000E+00  0.00000E+00  0.00000E+00  0.00000E+00  0.00000E+00  0.00000E+00  0.00000E+00  0.00000E+00  0.00000E+00  0.00000E+00  0.00000E+00  0.00000E+00  0.00000E+00  0.00000E+00  0.00000E+00  0.00000E+00  0.00000E+00  0.00000E+00  0.00000E+00  0.00000E+00  0.00000E+00  0.00000E+00  0.00000E+00  0.00000E+00  0.00000E+00  0.00000E+00  0.00000E+00  0.00000E+00  0.00000E+00  0.00000E+00  0.00000E+00  0.00000E+00  0.00000E+00  0.00000E+00  0.00000E+00  0.00000E+00  0.00000E+00  0.00000E+00  0.00000E+00  0.00000E+00  0.00000E+00  0.00000E+00  0.00000E+00  0.00000E+00  0.00000E+00  0.00000E+00  0.00000E+00  0.00000E+00  0.00000E+00  0.00000E+00  0.00000E+00  0.00000E+00  0.00000E+00  0.00000E+00  0.00000E+00  0.00000E+00  0.00000E+00  0.00000E+00  0.00000E+00
  0.00000E+00  0.00000E+00  0.00000E+00  0.00000E+00  0.00000E+00  0.00000E+00  0.00000E+00  0.00000E+00  0.00000E+00  0.00000E+00  0.00000E+00  0.00000E+00  0.00000E+00  0.00000E+00  0.00000E+00  0.00000E+00  0.00000E+00  0.00000E+00  0.00000E+00  0.00000E+00  0.00000E+00  0.00000E+00  0.00000E+00  0.00000E+00  0.00000E+00  0.00000E+00  0.00000E+00  0.00000E+00  0.00000E+00  0.00000E+00  0.00000E+00  0.00000E+00  0.00000E+00  0.00000E+00  0.00000E+00  0.00000E+00  0.00000E+00  0.00000E+00  0.00000E+00  0.00000E+00  0.00000E+00  0.00000E+00  0.00000E+00  0.00000E+00  0.00000E+00  0.00000E+00  0.00000E+00  0.00000E+00  0.00000E+00  0.00000E+00  0.00000E+00  0.00000E+00  0.00000E+00  0.00000E+00  0.00000E+00  0.00000E+00  0.00000E+00  0.00000E+00  0.00000E+00  0.00000E+00  0.00000E+00  0.00000E+00  0.00000E+00  0.00000E+00  0.00000E+00  0.00000E+00  0.00000E+00  0.00000E+00  0.00000E+00  0.00000E+00  0.00000E+00  0.00000E+00  0.00000E+00
  0.00000E+00  0.00000E+00  0.00000E+00  0.00000E+00  0.00000E+00  0.00000E+00  0.00000E+00  0.00000E+00  0.00000E+00  0.00000E+00  0.00000E+00  0.00000E+00  0.00000E+00  0.00000E+00  0.00000E+00  0.00000E+00  0.00000E+00  0.00000E+00  0.00000E+00  0.00000E+00  0.00000E+00  0.00000E+00  0.00000E+00  0.00000E+00  0.00000E+00  0.00000E+00  0.00000E+00  0.00000E+00  0.00000E+00  0.00000E+00  0.00000E+00  0.00000E+00  0.00000E+00  0.00000E+00  0.00000E+00  0.00000E+00  0.00000E+00  0.00000E+00  0.00000E+00  0.00000E+00  0.00000E+00  0.00000E+00  0.00000E+00  0.00000E+00  0.00000E+00  0.00000E+00  0.00000E+00  0.00000E+00  0.00000E+00  0.00000E+00  0.00000E+00  0.00000E+00  0.00000E+00  0.00000E+00  0.00000E+00  0.00000E+00  0.00000E+00  0.00000E+00  0.00000E+00  0.00000E+00  0.00000E+00  0.00000E+00  0.00000E+00  0.00000E+00  0.00000E+00  0.00000E+00  0.00000E+00  0.00000E+00  0.00000E+00  0.00000E+00  0.00000E+00  0.00000E+00  0.00000E+00
  0.00000E+00  0.00000E+00  0.00000E+00  0.00000E+00  0.00000E+00  0.00000E+00  0.00000E+00  0.00000E+00  0.00000E+00  0.00000E+00  0.00000E+00  0.00000E+00  0.00000E+00  0.00000E+00  0.00000E+00  0.00000E+00  0.00000E+00  0.00000E+00  0.00000E+00  0.00000E+00  0.00000E+00  0.00000E+00  0.00000E+00  0.00000E+00  0.00000E+00  0.00000E+00  0.00000E+00  0.00000E+00  0.00000E+00  0.00000E+00  0.00000E+00  0.00000E+00  0.00000E+00  0.00000E+00  0.00000E+00  0.00000E+00  0.00000E+00  0.00000E+00  0.00000E+00  0.00000E+00  0.00000E+00  0.00000E+00  0.00000E+00  0.00000E+00  0.00000E+00  0.00000E+00  0.00000E+00  0.00000E+00  0.00000E+00  0.00000E+00  0.00000E+00  0.00000E+00  0.00000E+00  0.00000E+00  0.00000E+00  0.00000E+00  0.00000E+00  0.00000E+00  0.00000E+00  0.00000E+00  0.00000E+00  0.00000E+00  0.00000E+00  0.00000E+00  0.00000E+00  0.00000E+00  0.00000E+00  0.00000E+00  0.00000E+00  0.00000E+00  0.00000E+00  0.00000E+00  0.00000E+00
  0.00000E+00  0.00000E+00  0.00000E+00  0.00000E+00  0.00000E+00  0.00000E+00  0.00000E+00  0.00000E+00  0.00000E+00  0.00000E+00  0.00000E+00  0.00000E+00  0.00000E+00  0.00000E+00  0.00000E+00  0.00000E+00  0.00000E+00  0.00000E+00  0.00000E+00  0.00000E+00  0.00000E+00  0.00000E+00  0.00000E+00  0.00000E+00  0.00000E+00  0.00000E+00  0.00000E+00  0.00000E+00  0.00000E+00  0.00000E+00  0.00000E+00  0.00000E+00  0.00000E+00  0.00000E+00  0.00000E+00  0.00000E+00  0.00000E+00  0.00000E+00  0.00000E+00  0.00000E+00  0.00000E+00  0.00000E+00  0.00000E+00  0.00000E+00  0.00000E+00  0.00000E+00  0.00000E+00  0.00000E+00  0.00000E+00  0.00000E+00  0.00000E+00  0.00000E+00  0.00000E+00  0.00000E+00  0.00000E+00  0.00000E+00  0.00000E+00  0.00000E+00  0.00000E+00  0.00000E+00  0.00000E+00  0.00000E+00  0.00000E+00  0.00000E+00  0.00000E+00  0.00000E+00  0.00000E+00  0.00000E+00  0.00000E+00  0.00000E+00  0.00000E+00  0.00000E+00  0.00000E+00
  0.00000E+00  0.00000E+00  0.00000E+00  0.00000E+00  0.00000E+00  0.00000E+00  0.00000E+00  0.00000E+00  0.00000E+00  0.00000E+00  0.00000E+00  0.00000E+00  0.00000E+00  0.00000E+00  0.00000E+00  0.00000E+00  0.00000E+00  0.00000E+00  0.00000E+00  0.00000E+00  0.00000E+00  0.00000E+00  0.00000E+00  0.00000E+00  0.00000E+00  0.00000E+00  0.00000E+00  0.00000E+00  0.00000E+00  0.00000E+00  0.00000E+00  0.00000E+00  0.00000E+00  0.00000E+00  0.00000E+00  0.00000E+00  0.00000E+00  0.00000E+00  0.00000E+00  0.00000E+00  0.00000E+00  0.00000E+00  0.00000E+00  0.00000E+00  0.00000E+00  0.00000E+00  0.00000E+00  0.00000E+00  0.00000E+00  0.00000E+00  0.00000E+00  0.00000E+00  0.00000E+00  0.00000E+00  0.00000E+00  0.00000E+00  0.00000E+00  0.00000E+00  0.00000E+00  0.00000E+00  0.00000E+00  0.00000E+00  0.00000E+00  0.00000E+00  0.00000E+00  0.00000E+00  0.00000E+00  0.00000E+00  0.00000E+00  0.00000E+00  0.00000E+00  0.00000E+00  0.00000E+00
  0.00000E+00  0.00000E+00  0.00000E+00  0.00000E+00  0.00000E+00  0.00000E+00  0.00000E+00  0.00000E+00  0.00000E+00  0.00000E+00  0.00000E+00  0.00000E+00  0.00000E+00  0.00000E+00  0.00000E+00  0.00000E+00  0.00000E+00  0.00000E+00  0.00000E+00  0.00000E+00  0.00000E+00  0.00000E+00  0.00000E+00  0.00000E+00  0.00000E+00  0.00000E+00  0.00000E+00  0.00000E+00  0.00000E+00  0.00000E+00  0.00000E+00  0.00000E+00  0.00000E+00  0.00000E+00  0.00000E+00  0.00000E+00  0.00000E+00  0.00000E+00  0.00000E+00  0.00000E+00  0.00000E+00  0.00000E+00  0.00000E+00  0.00000E+00  0.00000E+00  0.00000E+00  0.00000E+00  0.00000E+00  0.00000E+00  0.00000E+00  0.00000E+00  0.00000E+00  0.00000E+00  0.00000E+00  0.00000E+00  0.00000E+00  0.00000E+00  0.00000E+00  0.00000E+00  0.00000E+00  0.00000E+00  0.00000E+00  0.00000E+00  0.00000E+00  0.00000E+00  0.00000E+00  0.00000E+00  0.00000E+00  0.00000E+00  0.00000E+00  0.00000E+00  0.00000E+00  0.00000E+00
  0.00000E+00  0.00000E+00  0.00000E+00  0.00000E+00  0.00000E+00  0.00000E+00  0.00000E+00  0.00000E+00  0.00000E+00  0.00000E+00  0.00000E+00  0.00000E+00  0.00000E+00  0.00000E+00  0.00000E+00  0.00000E+00  0.00000E+00  0.00000E+00  0.00000E+00  0.00000E+00  0.00000E+00  0.00000E+00  0.00000E+00  0.00000E+00  0.00000E+00  0.00000E+00  0.00000E+00  0.00000E+00  0.00000E+00  0.00000E+00  0.00000E+00  0.00000E+00  0.00000E+00  0.00000E+00  0.00000E+00  0.00000E+00  0.00000E+00  0.00000E+00  0.00000E+00  0.00000E+00  0.00000E+00  0.00000E+00  0.00000E+00  0.00000E+00  0.00000E+00  0.00000E+00  0.00000E+00  0.00000E+00  0.00000E+00  0.00000E+00  0.00000E+00  0.00000E+00  0.00000E+00  0.00000E+00  0.00000E+00  0.00000E+00  0.00000E+00  0.00000E+00  0.00000E+00  0.00000E+00  0.00000E+00  0.00000E+00  0.00000E+00  0.00000E+00  0.00000E+00  0.00000E+00  0.00000E+00  0.00000E+00  0.00000E+00  0.00000E+00  0.00000E+00  0.00000E+00  0.00000E+00
  0.00000E+00  0.00000E+00  0.00000E+00  0.00000E+00  0.00000E+00  0.00000E+00  0.00000E+00  0.00000E+00  0.00000E+00  0.00000E+00  0.00000E+00  0.00000E+00  0.00000E+00  0.00000E+00  0.00000E+00  0.00000E+00  0.00000E+00  0.00000E+00  0.00000E+00  0.00000E+00  0.00000E+00  0.00000E+00  0.00000E+00  0.00000E+00  0.00000E+00  0.00000E+00  0.00000E+00  0.00000E+00  0.00000E+00  0.00000E+00  0.00000E+00  0.00000E+00  0.00000E+00  0.00000E+00  0.00000E+00  0.00000E+00  0.00000E+00  0.00000E+00  0.00000E+00  0.00000E+00  0.00000E+00  0.00000E+00  0.00000E+00  0.00000E+00  0.00000E+00  0.00000E+00  0.00000E+00  0.00000E+00  0.00000E+00  0.00000E+00  0.00000E+00  0.00000E+00  0.00000E+00  0.00000E+00  0.00000E+00  0.00000E+00  0.00000E+00  0.00000E+00  0.00000E+00  0.00000E+00  0.00000E+00  0.00000E+00  0.00000E+00  0.00000E+00  0.00000E+00  0.00000E+00  0.00000E+00  0.00000E+00  0.00000E+00  0.00000E+00  0.00000E+00  0.00000E+00  0.00000E+00
  0.00000E+00  0.00000E+00  0.00000E+00  0.00000E+00  0.00000E+00  0.00000E+00  0.00000E+00  0.00000E+00  0.00000E+00  0.00000E+00  0.00000E+00  0.00000E+00  0.00000E+00  0.00000E+00  0.00000E+00  0.00000E+00  0.00000E+00  0.00000E+00  0.00000E+00  0.00000E+00  0.00000E+00  0.00000E+00  0.00000E+00  0.00000E+00  0.00000E+00  0.00000E+00  0.00000E+00  0.00000E+00  0.00000E+00  0.00000E+00  0.00000E+00  0.00000E+00  0.00000E+00  0.00000E+00  0.00000E+00  0.00000E+00  0.00000E+00  0.00000E+00  0.00000E+00  0.00000E+00  0.00000E+00  0.00000E+00  0.00000E+00  0.00000E+00  0.00000E+00  0.00000E+00  0.00000E+00  0.00000E+00  0.00000E+00  0.00000E+00  0.00000E+00  0.00000E+00  0.00000E+00  0.00000E+00  0.00000E+00  0.00000E+00  0.00000E+00  0.00000E+00  0.00000E+00  0.00000E+00  0.00000E+00  0.00000E+00  0.00000E+00  0.00000E+00  0.00000E+00  0.00000E+00  0.00000E+00  0.00000E+00  0.00000E+00  0.00000E+00  0.00000E+00  0.00000E+00  0.00000E+00
  0.00000E+00  0.00000E+00  0.00000E+00  0.00000E+00  0.00000E+00  0.00000E+00  0.00000E+00  0.00000E+00  0.00000E+00  0.00000E+00  0.00000E+00  0.00000E+00  0.00000E+00  0.00000E+00  0.00000E+00  0.00000E+00  0.00000E+00  0.00000E+00  0.00000E+00  0.00000E+00  0.00000E+00  0.00000E+00  0.00000E+00  0.00000E+00  0.00000E+00  0.00000E+00  0.00000E+00  0.00000E+00  0.00000E+00  0.00000E+00  0.00000E+00  0.00000E+00  0.00000E+00  0.00000E+00  0.00000E+00  0.00000E+00  0.00000E+00  0.00000E+00  0.00000E+00  0.00000E+00  0.00000E+00  0.00000E+00  0.00000E+00  0.00000E+00  0.00000E+00  0.00000E+00  0.00000E+00  0.00000E+00  0.00000E+00  0.00000E+00  0.00000E+00  0.00000E+00  0.00000E+00  0.00000E+00  0.00000E+00  0.00000E+00  0.00000E+00  0.00000E+00  0.00000E+00  0.00000E+00  0.00000E+00  0.00000E+00  0.00000E+00  0.00000E+00  0.00000E+00  0.00000E+00  0.00000E+00  0.00000E+00  0.00000E+00  0.00000E+00  0.00000E+00  0.00000E+00  0.00000E+00
 
 year:        2012
  0.00000E+00  0.00000E+00  0.00000E+00  7.10799E+02  1.47139E+03  5.33782E+02  1.21968E+03  4.23146E+02  0.00000E+00  0.00000E+00  0.00000E+00  0.00000E+00  0.00000E+00  0.00000E+00  0.00000E+00  0.00000E+00  0.00000E+00  0.00000E+00  0.00000E+00  0.00000E+00  0.00000E+00  0.00000E+00  0.00000E+00  0.00000E+00  0.00000E+00  0.00000E+00  0.00000E+00  0.00000E+00  0.00000E+00  0.00000E+00  0.00000E+00  0.00000E+00  0.00000E+00  0.00000E+00  0.00000E+00  0.00000E+00  0.00000E+00  0.00000E+00  0.00000E+00  0.00000E+00  0.00000E+00  0.00000E+00  0.00000E+00  0.00000E+00  0.00000E+00  0.00000E+00  0.00000E+00  0.00000E+00  0.00000E+00  0.00000E+00  0.00000E+00  0.00000E+00  0.00000E+00  0.00000E+00  0.00000E+00  0.00000E+00  0.00000E+00  0.00000E+00  0.00000E+00  0.00000E+00  0.00000E+00  0.00000E+00  0.00000E+00  0.00000E+00  0.00000E+00  0.00000E+00  0.00000E+00  0.00000E+00  0.00000E+00  0.00000E+00  0.00000E+00  0.00000E+00  0.00000E+00
  0.00000E+00  1.54972E+03  1.90219E+03  2.89701E+03  2.79049E+03  3.03132E+03  9.26304E+02  1.24218E+03  4.66596E+02  0.00000E+00  0.00000E+00  0.00000E+00  0.00000E+00  0.00000E+00  0.00000E+00  0.00000E+00  0.00000E+00  0.00000E+00  0.00000E+00  0.00000E+00  0.00000E+00  0.00000E+00  0.00000E+00  0.00000E+00  0.00000E+00  0.00000E+00  0.00000E+00  0.00000E+00  0.00000E+00  0.00000E+00  0.00000E+00  0.00000E+00  0.00000E+00  0.00000E+00  0.00000E+00  0.00000E+00  0.00000E+00  0.00000E+00  0.00000E+00  0.00000E+00  0.00000E+00  0.00000E+00  0.00000E+00  0.00000E+00  0.00000E+00  0.00000E+00  0.00000E+00  0.00000E+00  0.00000E+00  0.00000E+00  0.00000E+00  0.00000E+00  0.00000E+00  0.00000E+00  0.00000E+00  0.00000E+00  0.00000E+00  0.00000E+00  0.00000E+00  0.00000E+00  0.00000E+00  0.00000E+00  0.00000E+00  0.00000E+00  0.00000E+00  0.00000E+00  0.00000E+00  0.00000E+00  0.00000E+00  0.00000E+00  0.00000E+00  0.00000E+00  0.00000E+00
  1.89359E+03  1.52346E+03  3.08909E+03  3.56077E+03  2.57446E+03  4.58329E+03  8.74088E+02  1.19640E+03  3.43351E+03  2.98853E+03  0.00000E+00  0.00000E+00  0.00000E+00  0.00000E+00  0.00000E+00  0.00000E+00  0.00000E+00  0.00000E+00  0.00000E+00  0.00000E+00  0.00000E+00  0.00000E+00  0.00000E+00  0.00000E+00  0.00000E+00  0.00000E+00  0.00000E+00  0.00000E+00  0.00000E+00  0.00000E+00  0.00000E+00  0.00000E+00  0.00000E+00  0.00000E+00  0.00000E+00  0.00000E+00  0.00000E+00  0.00000E+00  0.00000E+00  0.00000E+00  0.00000E+00  0.00000E+00  0.00000E+00  0.00000E+00  0.00000E+00  0.00000E+00  0.00000E+00  0.00000E+00  0.00000E+00  0.00000E+00  0.00000E+00  0.00000E+00  0.00000E+00  0.00000E+00  0.00000E+00  0.00000E+00  0.00000E+00  0.00000E+00  0.00000E+00  0.00000E+00  0.00000E+00  0.00000E+00  0.00000E+00  0.00000E+00  0.00000E+00  0.00000E+00  0.00000E+00  0.00000E+00  0.00000E+00  0.00000E+00  0.00000E+00  0.00000E+00  0.00000E+00
  1.49165E+03  2.02716E+03  9.85444E+02  1.18056E+03  2.38008E+03  3.33359E+03  3.70930E+02  1.48938E+03  4.60378E+03  3.12918E+03  8.59871E+02  3.14274E+02  1.25472E+03  0.00000E+00  0.00000E+00  0.00000E+00  0.00000E+00  0.00000E+00  0.00000E+00  0.00000E+00  0.00000E+00  0.00000E+00  0.00000E+00  0.00000E+00  0.00000E+00  0.00000E+00  0.00000E+00  0.00000E+00  0.00000E+00  0.00000E+00  0.00000E+00  0.00000E+00  0.00000E+00  0.00000E+00  0.00000E+00  0.00000E+00  0.00000E+00  0.00000E+00  0.00000E+00  0.00000E+00  0.00000E+00  0.00000E+00  0.00000E+00  0.00000E+00  0.00000E+00  0.00000E+00  0.00000E+00  0.00000E+00  0.00000E+00  0.00000E+00  0.00000E+00  0.00000E+00  0.00000E+00  0.00000E+00  0.00000E+00  0.00000E+00  0.00000E+00  0.00000E+00  0.00000E+00  0.00000E+00  0.00000E+00  0.00000E+00  0.00000E+00  0.00000E+00  0.00000E+00  0.00000E+00  0.00000E+00  0.00000E+00  0.00000E+00  0.00000E+00  0.00000E+00  0.00000E+00  0.00000E+00
  4.19162E+02  2.92417E+03  2.74939E+03  9.78091E+02  1.41327E+03  1.56825E+03  2.20232E+03  2.51579E+02  2.60464E+03  3.33677E+03  3.21571E+03  2.74795E+03  2.42787E+03  2.12321E+03  1.48427E+03  2.37802E+03  1.78041E+03  9.92083E+02  1.20717E+03  1.67860E+02  0.00000E+00  0.00000E+00  0.00000E+00  0.00000E+00  0.00000E+00  0.00000E+00  0.00000E+00  0.00000E+00  0.00000E+00  0.00000E+00  0.00000E+00  0.00000E+00  0.00000E+00  0.00000E+00  0.00000E+00  0.00000E+00  0.00000E+00  0.00000E+00  0.00000E+00  0.00000E+00  0.00000E+00  0.00000E+00  0.00000E+00  0.00000E+00  0.00000E+00  0.00000E+00  0.00000E+00  0.00000E+00  0.00000E+00  0.00000E+00  0.00000E+00  0.00000E+00  0.00000E+00  0.00000E+00  0.00000E+00  0.00000E+00  0.00000E+00  0.00000E+00  0.00000E+00  0.00000E+00  0.00000E+00  0.00000E+00  0.00000E+00  0.00000E+00  0.00000E+00  0.00000E+00  0.00000E+00  0.00000E+00  0.00000E+00  0.00000E+00  0.00000E+00  0.00000E+00  0.00000E+00
  0.00000E+00  0.00000E+00  1.80796E+03  1.26178E+03  4.85551E+02  2.16796E+03  2.72136E+03  5.00131E+02  2.24574E+03  2.57182E+03  3.16410E+03  1.72640E+03  2.77602E+03  3.04735E+03  1.59746E+03  3.09682E+03  3.20698E+03  1.91634E+03  2.19150E+03  2.06888E+03  6.27073E+02  0.00000E+00  0.00000E+00  0.00000E+00  0.00000E+00  0.00000E+00  0.00000E+00  0.00000E+00  0.00000E+00  0.00000E+00  0.00000E+00  0.00000E+00  0.00000E+00  0.00000E+00  0.00000E+00  0.00000E+00  0.00000E+00  0.00000E+00  0.00000E+00  0.00000E+00  0.00000E+00  0.00000E+00  0.00000E+00  0.00000E+00  0.00000E+00  0.00000E+00  0.00000E+00  0.00000E+00  0.00000E+00  0.00000E+00  0.00000E+00  0.00000E+00  0.00000E+00  0.00000E+00  0.00000E+00  0.00000E+00  0.00000E+00  0.00000E+00  0.00000E+00  0.00000E+00  0.00000E+00  0.00000E+00  0.00000E+00  0.00000E+00  0.00000E+00  0.00000E+00  0.00000E+00  0.00000E+00  0.00000E+00  0.00000E+00  0.00000E+00  0.00000E+00  0.00000E+00
  0.00000E+00  0.00000E+00  9.31937E+02  2.41406E+03  2.48090E+03  5.26047E+02  2.42794E+03  6.77082E+02  2.79593E+03  3.77032E+03  2.17618E+03  1.94166E+03  3.11718E+03  2.32544E+03  1.76009E+03  1.66792E+03  3.08509E+03  2.60137E+03  2.64993E+03  4.63728E+03  3.76351E+03  1.12144E+03  0.00000E+00  0.00000E+00  0.00000E+00  0.00000E+00  0.00000E+00  0.00000E+00  0.00000E+00  0.00000E+00  0.00000E+00  0.00000E+00  0.00000E+00  0.00000E+00  0.00000E+00  0.00000E+00  0.00000E+00  0.00000E+00  0.00000E+00  8.68153E+01  1.10754E+02  0.00000E+00  0.00000E+00  0.00000E+00  0.00000E+00  0.00000E+00  0.00000E+00  0.00000E+00  0.00000E+00  0.00000E+00  6.35608E+01  3.17804E+01  0.00000E+00  0.00000E+00  0.00000E+00  0.00000E+00  0.00000E+00  0.00000E+00  0.00000E+00  0.00000E+00  0.00000E+00  0.00000E+00  0.00000E+00  0.00000E+00  0.00000E+00  0.00000E+00  0.00000E+00  0.00000E+00  0.00000E+00  0.00000E+00  0.00000E+00  0.00000E+00  0.00000E+00
  0.00000E+00  0.00000E+00  3.85782E+02  1.46214E+03  2.02154E+03  8.63276E+02  2.11911E+03  1.19924E+03  2.00709E+03  2.99037E+03  3.56584E+03  1.01902E+03  2.58117E+03  1.68707E+03  1.31680E+03  2.65215E+03  3.23496E+03  2.53169E+03  1.53816E+03  2.70816E+03  3.56741E+03  1.72604E+03  0.00000E+00  0.00000E+00  0.00000E+00  0.00000E+00  0.00000E+00  0.00000E+00  0.00000E+00  0.00000E+00  0.00000E+00  0.00000E+00  0.00000E+00  0.00000E+00  0.00000E+00  0.00000E+00  0.00000E+00  0.00000E+00  7.07745E+00  4.32268E+02  2.53289E+02  0.00000E+00  0.00000E+00  0.00000E+00  0.00000E+00  2.55162E+02  1.67068E+02  0.00000E+00  0.00000E+00  5.76555E+02  2.25236E+03  1.09667E+03  0.00000E+00  0.00000E+00  0.00000E+00  0.00000E+00  0.00000E+00  0.00000E+00  0.00000E+00  0.00000E+00  0.00000E+00  0.00000E+00  0.00000E+00  0.00000E+00  0.00000E+00  0.00000E+00  0.00000E+00  0.00000E+00  0.00000E+00  0.00000E+00  0.00000E+00  0.00000E+00  0.00000E+00
  0.00000E+00  0.00000E+00  0.00000E+00  8.56655E+01  3.62809E+02  9.77803E+02  1.91576E+03  1.75063E+03  1.39863E+03  3.05972E+03  1.55760E+03  1.54894E+03  1.90721E+03  2.12590E+03  2.81387E+03  3.51557E+03  3.20772E+03  2.67274E+03  2.09725E+03  2.99490E+03  1.74518E+03  2.78363E+03  0.00000E+00  0.00000E+00  0.00000E+00  0.00000E+00  0.00000E+00  0.00000E+00  0.00000E+00  0.00000E+00  5.69361E+02  2.81651E+02  0.00000E+00  1.31848E+02  1.58622E+02  6.85867E+02  8.97362E+02  1.36793E+03  1.61914E+03  8.39436E+02  0.00000E+00  0.00000E+00  0.00000E+00  0.00000E+00  4.09231E+02  1.84398E+03  1.73365E+03  0.00000E+00  1.71985E+03  3.31791E+03  3.12995E+03  5.29934E+02  4.75208E+02  0.00000E+00  0.00000E+00  0.00000E+00  0.00000E+00  0.00000E+00  0.00000E+00  0.00000E+00  0.00000E+00  0.00000E+00  0.00000E+00  0.00000E+00  0.00000E+00  0.00000E+00  0.00000E+00  0.00000E+00  0.00000E+00  0.00000E+00  0.00000E+00  0.00000E+00  0.00000E+00
  0.00000E+00  0.00000E+00  0.00000E+00  9.06197E+02  3.04940E+03  3.69720E+03  1.40444E+03  1.87943E+03  1.52311E+03  4.24400E+03  2.89078E+03  6.93240E+02  2.97083E+03  1.80430E+03  1.98271E+03  2.15391E+03  1.77890E+03  2.81136E+03  9.26575E+02  2.38254E+03  2.33937E+03  2.39448E+03  1.51551E+03  6.83130E+02  1.15996E+03  1.07897E+03  3.10236E+02  8.00854E+02  1.21405E+03  9.17473E+02  2.14029E+03  2.08680E+03  0.00000E+00  1.50517E+03  2.63953E+03  1.79472E+03  2.50362E+03  2.01895E+03  2.57009E+03  1.15288E+03  0.00000E+00  0.00000E+00  2.81651E+02  1.55888E+03  6.90882E+02  0.00000E+00  1.11337E+03  1.35110E+03  2.16455E+03  2.88962E+03  3.46753E+03  2.07695E+03  2.20160E+03  0.00000E+00  0.00000E+00  0.00000E+00  0.00000E+00  0.00000E+00  0.00000E+00  0.00000E+00  0.00000E+00  0.00000E+00  0.00000E+00  0.00000E+00  0.00000E+00  0.00000E+00  0.00000E+00  0.00000E+00  0.00000E+00  0.00000E+00  0.00000E+00  0.00000E+00  0.00000E+00
  0.00000E+00  0.00000E+00  0.00000E+00  0.00000E+00  1.93181E+03  1.66552E+03  1.03045E+03  2.12514E+03  1.24925E+03  1.83343E+03  2.47503E+03  6.26817E+02  4.13449E+03  3.11619E+03  1.26731E+03  1.49149E+03  1.74721E+03  1.38186E+03  7.01579E+02  2.08697E+03  1.89676E+03  1.94061E+03  2.61718E+03  1.45375E+03  1.23526E+03  8.19708E+02  2.82298E+03  1.35149E+03  1.10493E+03  6.08589E+02  1.66584E+03  3.01514E+03  2.45087E+03  1.21051E+03  1.17065E+03  1.10885E+03  2.74132E+03  1.15836E+03  0.00000E+00  0.00000E+00  0.00000E+00  1.34840E+03  3.12579E+03  6.26200E+03  2.38504E+03  8.96483E+02  1.16457E+03  1.23243E+03  2.16501E+03  2.81592E+03  3.39076E+03  4.10987E+03  4.37147E+03  8.40077E+02  0.00000E+00  0.00000E+00  0.00000E+00  0.00000E+00  0.00000E+00  0.00000E+00  0.00000E+00  0.00000E+00  0.00000E+00  0.00000E+00  0.00000E+00  0.00000E+00  0.00000E+00  0.00000E+00  0.00000E+00  0.00000E+00  0.00000E+00  0.00000E+00  0.00000E+00
  0.00000E+00  0.00000E+00  0.00000E+00  0.00000E+00  5.48994E+02  2.30685E+02  1.54733E+03  4.06045E+03  2.55337E+03  5.53076E+02  2.41645E+02  2.58051E+03  2.83738E+03  1.39720E+03  1.77734E+03  3.28521E+03  2.25010E+03  2.05014E+03  8.21096E+02  2.17238E+03  4.13599E+03  2.82356E+03  5.78672E+02  1.04573E+03  7.70852E+02  7.22101E+02  1.94968E+03  1.38984E+03  5.03169E+02  8.52168E+02  1.24172E+03  7.09980E+02  1.41385E+03  1.90197E+03  7.75271E+02  7.86962E+02  1.03626E+03  4.95891E+02  5.05859E+02  1.89346E+02  4.26038E+02  1.17965E+03  3.11410E+03  3.88646E+03  3.03364E+03  1.66375E+03  2.55934E+03  2.00753E+03  4.01251E+03  2.95874E+03  5.65867E+03  7.10535E+03  7.81362E+03  2.66673E+03  0.00000E+00  0.00000E+00  0.00000E+00  0.00000E+00  0.00000E+00  0.00000E+00  0.00000E+00  0.00000E+00  0.00000E+00  0.00000E+00  0.00000E+00  0.00000E+00  0.00000E+00  0.00000E+00  0.00000E+00  0.00000E+00  0.00000E+00  0.00000E+00  0.00000E+00
  0.00000E+00  0.00000E+00  0.00000E+00  0.00000E+00  0.00000E+00  0.00000E+00  0.00000E+00  3.15057E+03  4.05189E+03  1.15603E+03  0.00000E+00  4.03947E+03  3.81647E+03  6.75619E+02  2.54839E+03  4.70649E+03  2.51400E+03  1.12728E+03  7.52330E+02  1.29120E+03  3.30325E+03  2.91321E+03  8.05115E+02  5.19180E+02  1.03044E+03  1.07919E+03  3.48999E+02  5.03169E+02  1.96889E+03  1.32277E+03  2.50282E+03  1.70066E+03  4.82289E+02  4.82504E+02  4.51678E+02  1.30640E+03  2.08700E+03  7.38670E+02  5.97049E+02  1.63234E+02  8.42009E+02  6.09711E+02  1.31317E+03  5.41584E+03  2.89620E+03  2.20674E+03  2.94879E+03  4.20009E+03  3.91711E+03  2.06131E+03  2.57696E+03  2.85650E+03  5.93466E+03  3.65784E+03  1.31588E+03  1.45401E+03  0.00000E+00  0.00000E+00  0.00000E+00  0.00000E+00  0.00000E+00  0.00000E+00  0.00000E+00  0.00000E+00  0.00000E+00  0.00000E+00  0.00000E+00  0.00000E+00  0.00000E+00  0.00000E+00  0.00000E+00  0.00000E+00  0.00000E+00
  0.00000E+00  0.00000E+00  0.00000E+00  0.00000E+00  0.00000E+00  0.00000E+00  0.00000E+00  1.64262E+03  4.16237E+03  3.66146E+03  5.67451E+02  5.97282E+02  8.38387E+02  2.38823E+03  1.84637E+03  4.54780E+03  4.70724E+03  1.91509E+03  9.29150E+02  1.41857E+03  1.59570E+03  5.17792E+03  3.74457E+03  1.53719E+03  2.51230E+03  6.16682E+02  4.62511E+02  6.48062E+02  2.70178E+03  1.59451E+03  7.12396E+02  8.67374E+02  1.00254E+03  5.03634E+02  3.72704E+02  1.18306E+03  1.90728E+03  1.72587E+03  6.43766E+02  2.04932E+03  6.64811E+02  5.53440E+02  1.07959E+03  1.92299E+03  9.13677E+02  3.49654E+03  5.33621E+03  3.29387E+03  3.94061E+03  2.79008E+03  5.14074E+03  6.42546E+03  4.83755E+03  5.98635E+03  5.44103E+03  5.13580E+03  1.83497E+03  0.00000E+00  0.00000E+00  0.00000E+00  0.00000E+00  0.00000E+00  0.00000E+00  0.00000E+00  0.00000E+00  0.00000E+00  0.00000E+00  0.00000E+00  0.00000E+00  0.00000E+00  0.00000E+00  0.00000E+00  0.00000E+00
  0.00000E+00  0.00000E+00  0.00000E+00  0.00000E+00  0.00000E+00  0.00000E+00  0.00000E+00  1.50596E+03  4.03403E+03  3.40972E+03  5.48936E+02  1.48678E+02  2.03583E+03  2.63900E+03  1.13482E+03  2.50018E+03  4.30997E+03  2.38773E+03  7.80727E+02  3.77046E+02  6.32041E+02  3.76240E+03  3.04657E+03  1.55185E+03  1.54536E+03  1.63236E+03  1.04430E+03  1.70622E+03  1.60501E+03  4.38408E+02  9.19013E+02  9.88311E+02  1.18097E+03  7.25161E+02  4.71887E+02  4.98872E+02  8.09322E+02  2.03399E+03  2.31965E+03  2.64373E+03  2.12154E+03  7.42164E+02  1.37370E+03  1.88425E+03  1.95175E+03  2.65339E+03  6.00954E+03  5.90033E+03  5.05270E+03  4.69167E+03  5.01484E+03  3.98933E+03  4.54711E+03  4.30786E+03  4.90928E+03  3.82032E+03  2.41394E+03  1.56786E+03  0.00000E+00  0.00000E+00  0.00000E+00  0.00000E+00  0.00000E+00  0.00000E+00  0.00000E+00  0.00000E+00  0.00000E+00  0.00000E+00  0.00000E+00  0.00000E+00  0.00000E+00  0.00000E+00  0.00000E+00
  0.00000E+00  0.00000E+00  0.00000E+00  0.00000E+00  0.00000E+00  0.00000E+00  0.00000E+00  1.88161E+03  3.21092E+03  2.20284E+03  1.99779E+03  1.44591E+03  2.90155E+03  3.69993E+03  4.28078E+03  3.69598E+03  4.03296E+03  3.18375E+03  9.75410E+02  4.74094E+02  1.30617E+03  1.79814E+03  2.56561E+03  1.61634E+03  1.17951E+03  1.60856E+03  2.41878E+03  1.76724E+03  3.08341E+02  1.54170E+02  2.14742E+02  3.76681E+02  1.64805E+03  1.43010E+03  5.57867E+02  5.02844E+02  3.80985E+03  4.47274E+03  6.11819E+03  5.69142E+03  3.01159E+03  8.65326E+02  1.60606E+03  3.02261E+03  4.06026E+03  4.31523E+03  5.43849E+03  6.28018E+03  5.28301E+03  5.24738E+03  6.41381E+03  5.55971E+03  4.72682E+03  2.73093E+03  4.64235E+03  3.36461E+03  1.74447E+03  3.16949E+03  7.26783E+02  0.00000E+00  0.00000E+00  0.00000E+00  0.00000E+00  0.00000E+00  0.00000E+00  0.00000E+00  0.00000E+00  0.00000E+00  0.00000E+00  0.00000E+00  0.00000E+00  0.00000E+00  0.00000E+00
  0.00000E+00  0.00000E+00  0.00000E+00  0.00000E+00  0.00000E+00  0.00000E+00  0.00000E+00  5.82145E+02  1.86337E+03  2.32951E+03  1.76227E+03  1.75741E+03  2.84912E+03  1.76994E+03  2.38125E+03  8.98862E+02  2.62332E+03  3.26890E+03  3.15475E+02  1.70313E+03  1.74605E+03  1.88469E+03  2.09614E+03  1.77482E+03  1.33617E+03  1.20664E+03  2.65358E+03  2.26156E+03  1.15326E+03  0.00000E+00  8.82236E+02  9.09042E+02  2.55012E+03  2.67922E+03  1.82667E+03  3.36094E+03  4.29717E+03  4.07762E+03  6.62641E+03  3.39759E+03  3.93396E+03  3.64644E+03  1.94728E+03  3.09108E+03  5.00895E+03  3.60106E+03  4.11928E+03  4.85776E+03  4.86741E+03  3.87664E+03  3.83332E+03  5.79049E+03  5.49084E+03  2.99964E+03  4.26146E+03  4.18808E+03  8.01276E+02  4.13785E+03  3.72224E+03  3.89457E+02  0.00000E+00  0.00000E+00  0.00000E+00  0.00000E+00  0.00000E+00  0.00000E+00  0.00000E+00  0.00000E+00  0.00000E+00  0.00000E+00  0.00000E+00  0.00000E+00  0.00000E+00
  0.00000E+00  0.00000E+00  0.00000E+00  0.00000E+00  0.00000E+00  0.00000E+00  0.00000E+00  0.00000E+00  4.57075E+02  3.22299E+03  2.96495E+03  8.92603E+02  4.77793E+03  5.11624E+03  3.32231E+03  4.72042E+03  2.77250E+03  5.25809E+02  2.07900E+03  6.76984E+02  2.39388E+03  1.41143E+03  1.85802E+03  1.19848E+03  1.07869E+03  9.07576E+02  2.54657E+03  1.24790E+03  1.79227E+03  9.98245E+02  1.05062E+03  2.08082E+03  2.51212E+03  1.55098E+03  3.16084E+03  3.53128E+03  5.55860E+03  4.49197E+03  6.37883E+03  4.39659E+03  4.04765E+03  4.93307E+03  4.00540E+03  2.41332E+03  4.76725E+03  5.97577E+03  5.76016E+03  5.76961E+03  4.95300E+03  4.08534E+03  4.95627E+03  6.52272E+03  4.71256E+03  4.14685E+03  4.34537E+03  3.98346E+03  5.69596E+03  2.52105E+03  4.35895E+03  2.43031E+03  3.54793E+02  1.63140E+02  0.00000E+00  0.00000E+00  0.00000E+00  0.00000E+00  0.00000E+00  0.00000E+00  0.00000E+00  0.00000E+00  0.00000E+00  0.00000E+00  0.00000E+00
  0.00000E+00  0.00000E+00  0.00000E+00  0.00000E+00  0.00000E+00  0.00000E+00  0.00000E+00  0.00000E+00  2.66539E+01  7.68570E+02  3.32148E+03  9.90597E+02  3.51205E+03  1.68366E+03  2.20393E+03  4.59213E+03  1.27065E+03  1.14062E+03  2.32223E+03  2.23521E+03  7.74130E+02  1.50874E+03  1.13768E+03  1.59109E+03  4.52060E+02  5.26458E+02  6.78128E+02  2.49655E+02  8.74798E+02  1.29058E+03  5.61020E+02  2.11095E+03  9.28453E+02  3.47168E+03  4.58227E+03  3.14454E+03  3.89593E+03  5.54394E+03  4.97072E+03  5.01731E+03  4.08495E+03  4.17831E+03  3.25900E+03  3.61561E+03  6.52388E+03  5.47589E+03  4.25981E+03  4.33273E+03  3.78513E+03  6.15102E+03  5.93479E+03  4.58297E+03  4.46672E+03  4.36560E+03  5.91563E+03  4.72875E+03  5.09951E+03  2.56233E+03  3.29055E+03  4.41246E+03  1.40030E+03  3.00731E+03  0.00000E+00  0.00000E+00  0.00000E+00  0.00000E+00  0.00000E+00  0.00000E+00  0.00000E+00  0.00000E+00  0.00000E+00  0.00000E+00  0.00000E+00
  0.00000E+00  0.00000E+00  0.00000E+00  0.00000E+00  0.00000E+00  0.00000E+00  0.00000E+00  0.00000E+00  1.82381E+02  1.41342E+03  2.09658E+03  1.26839E+03  2.62583E+03  2.78171E+03  2.24820E+03  4.30336E+03  1.08764E+03  4.01203E+03  2.82559E+03  2.93395E+03  1.18688E+03  1.83415E+03  1.48085E+03  9.08882E+02  1.10380E+03  9.64982E+02  6.63416E+02  4.44483E+02  1.37430E+03  1.62478E+03  2.02982E+02  1.16193E+03  2.42118E+03  3.88082E+03  3.83893E+03  2.73000E+03  4.51886E+03  4.65374E+03  5.75764E+03  5.31019E+03  6.04127E+03  4.81660E+03  3.72593E+03  4.19878E+03  5.52787E+03  5.17891E+03  4.99751E+03  7.14353E+03  5.63191E+03  5.18435E+03  5.01349E+03  5.81209E+03  7.15500E+03  5.78869E+03  6.00826E+03  5.24354E+03  5.19615E+03  3.89772E+03  6.38671E+03  4.21181E+03  2.47863E+03  4.64967E+03  0.00000E+00  0.00000E+00  0.00000E+00  1.63140E+02  1.63140E+02  0.00000E+00  0.00000E+00  0.00000E+00  0.00000E+00  0.00000E+00  0.00000E+00
  0.00000E+00  0.00000E+00  0.00000E+00  0.00000E+00  0.00000E+00  0.00000E+00  0.00000E+00  0.00000E+00  8.74475E+01  1.17239E+03  2.30095E+03  2.63237E+03  5.51389E+02  1.37890E+03  2.55510E+03  9.93828E+02  2.00372E+03  3.72243E+03  2.35022E+03  2.75585E+03  7.45413E+02  1.18981E+03  6.23736E+02  1.50473E+03  1.80663E+03  1.65886E+03  9.29272E+02  2.17644E+03  2.67429E+03  1.06798E+03  9.09518E+02  1.77131E+03  3.81843E+03  4.47003E+03  3.97645E+03  4.03758E+03  3.76520E+03  3.41545E+03  6.25792E+03  5.74678E+03  4.89224E+03  2.95944E+03  2.62405E+03  4.50701E+03  6.54534E+03  5.61268E+03  7.07307E+03  5.20733E+03  3.90099E+03  7.98524E+03  5.95109E+03  4.43180E+03  6.49699E+03  5.62026E+03  5.67708E+03  4.84233E+03  7.39374E+03  1.62764E+03  2.03958E+03  4.10684E+03  2.90086E+03  2.86458E+03  1.10971E+03  2.97843E+02  0.00000E+00  1.93659E+03  2.33160E+03  4.60984E+02  0.00000E+00  0.00000E+00  0.00000E+00  0.00000E+00  0.00000E+00
  0.00000E+00  0.00000E+00  0.00000E+00  0.00000E+00  0.00000E+00  0.00000E+00  0.00000E+00  0.00000E+00  0.00000E+00  9.29299E+02  2.37374E+03  2.85729E+03  1.51560E+03  7.16519E+02  2.69093E+03  1.82892E+03  7.67398E+02  2.59638E+03  1.93923E+03  2.45496E+03  1.46161E+03  1.56643E+03  7.83729E+02  1.93998E+03  3.02354E+03  1.66622E+03  1.21106E+03  7.69731E+02  1.11097E+03  6.57724E+02  1.65539E+03  2.18693E+03  6.22926E+03  4.55363E+03  3.45258E+03  3.87923E+03  5.56422E+03  5.84423E+03  4.56397E+03  3.32289E+03  3.59347E+03  2.39572E+03  3.10780E+03  5.33679E+03  6.17793E+03  5.48593E+03  5.21945E+03  5.61949E+03  3.25902E+03  4.39806E+03  5.44315E+03  3.86273E+03  6.02771E+03  5.55373E+03  4.83061E+03  4.79360E+03  3.81434E+03  1.06242E+03  1.58511E+03  1.90138E+03  2.11165E+03  1.84964E+03  1.99675E+03  2.24904E+03  1.96184E+03  1.04214E+03  2.77085E+03  2.73532E+03  2.66397E+02  0.00000E+00  0.00000E+00  0.00000E+00  0.00000E+00
  0.00000E+00  0.00000E+00  0.00000E+00  0.00000E+00  0.00000E+00  0.00000E+00  0.00000E+00  0.00000E+00  0.00000E+00  9.74640E+02  3.10898E+03  3.42547E+03  2.05869E+03  1.11182E+03  2.16204E+03  6.15682E+02  1.79006E+03  1.45872E+03  1.57324E+03  1.55446E+03  6.18731E+02  8.21222E+02  1.34161E+03  2.45041E+03  2.49419E+03  3.32972E+03  1.90258E+03  1.26801E+03  1.06635E+03  1.23509E+03  6.44212E+02  2.80870E+03  4.34873E+03  4.18393E+03  2.37455E+03  4.58250E+03  5.39929E+03  4.17823E+03  4.28037E+03  2.88198E+03  4.77895E+03  3.34613E+03  2.49490E+03  3.75392E+03  5.15259E+03  6.12154E+03  5.70134E+03  5.58644E+03  3.14713E+03  5.27393E+03  5.53142E+03  4.07363E+03  6.16121E+03  2.97777E+03  3.85595E+03  4.05722E+03  2.96678E+03  1.48232E+03  1.75095E+03  1.69649E+03  1.93484E+03  2.39207E+03  2.44698E+03  2.09987E+03  2.69782E+03  1.69628E+03  1.04193E+03  1.72339E+03  5.24840E+02  0.00000E+00  0.00000E+00  0.00000E+00  0.00000E+00
  0.00000E+00  0.00000E+00  0.00000E+00  0.00000E+00  0.00000E+00  0.00000E+00  0.00000E+00  0.00000E+00  0.00000E+00  0.00000E+00  6.24463E+02  1.25455E+03  9.39362E+02  2.50930E+03  3.81366E+03  3.03206E+03  1.23819E+03  2.07753E+03  3.04938E+03  1.30710E+03  1.71388E+03  1.44651E+03  8.11622E+02  2.22175E+03  6.77436E+02  2.16222E+02  1.68452E+02  1.00555E+03  2.08805E+03  2.12758E+03  6.57461E+02  1.51842E+03  1.61801E+03  9.25360E+02  4.18816E+03  3.61247E+03  4.60412E+03  3.65609E+03  4.42305E+03  3.94225E+03  3.27684E+03  2.05154E+03  3.56484E+03  5.58042E+03  5.50534E+03  5.24076E+03  4.84767E+03  5.05812E+03  3.63471E+03  4.63535E+03  5.55838E+03  4.29264E+03  4.08445E+03  3.72932E+03  3.00535E+03  4.41861E+03  2.60659E+03  1.85761E+03  2.25173E+03  1.60915E+03  1.88937E+03  1.69641E+03  1.36040E+03  2.37845E+03  2.50554E+03  2.09032E+03  1.54215E+03  1.24734E+03  0.00000E+00  0.00000E+00  0.00000E+00  0.00000E+00  0.00000E+00
  0.00000E+00  0.00000E+00  0.00000E+00  0.00000E+00  0.00000E+00  0.00000E+00  0.00000E+00  0.00000E+00  0.00000E+00  0.00000E+00  0.00000E+00  0.00000E+00  1.12817E+03  1.91505E+03  1.43705E+03  1.05950E+03  1.41506E+03  1.24456E+03  2.86599E+03  1.74004E+03  2.48548E+03  8.97672E+02  6.54982E+02  2.72042E+03  3.36904E+02  1.46409E+02  8.19655E+02  2.18354E+03  1.70361E+03  1.97548E+03  2.49202E+03  1.59172E+03  3.08341E+02  4.45181E+02  3.70890E+03  2.77747E+03  3.49793E+03  2.99448E+03  3.28639E+03  4.92471E+03  1.87617E+03  1.86082E+03  4.01599E+03  5.23455E+03  7.10774E+03  3.54078E+03  3.10843E+03  5.84597E+03  3.84998E+03  4.10460E+03  2.69795E+03  4.34418E+03  3.72340E+03  2.91636E+03  2.49515E+03  2.96981E+03  2.72994E+03  2.31947E+03  1.71031E+03  1.22178E+03  1.11152E+03  2.15558E+03  3.77892E+03  3.04501E+03  1.41520E+03  1.54857E+03  1.78711E+03  7.78249E+02  0.00000E+00  0.00000E+00  0.00000E+00  0.00000E+00  0.00000E+00
  0.00000E+00  0.00000E+00  0.00000E+00  0.00000E+00  0.00000E+00  0.00000E+00  0.00000E+00  0.00000E+00  0.00000E+00  0.00000E+00  0.00000E+00  0.00000E+00  2.92283E+02  2.70325E+03  2.14452E+03  2.64439E+03  1.07550E+03  1.69596E+03  7.09511E+02  9.77785E+02  2.21749E+03  8.19210E+02  2.97290E+03  3.32061E+03  8.06535E+02  9.18156E+02  2.49570E+03  2.08097E+03  1.71016E+03  1.87757E+03  1.59677E+03  1.54170E+02  0.00000E+00  1.82004E+03  3.96821E+03  3.62019E+03  3.72048E+03  4.75814E+03  4.40678E+03  3.44064E+03  4.10474E+03  4.22364E+03  5.41268E+03  4.44190E+03  5.21658E+03  5.52118E+03  2.55651E+03  3.53036E+03  4.99071E+03  4.81910E+03  4.20186E+03  2.99174E+03  3.64484E+03  2.93295E+03  2.19527E+03  1.57353E+03  1.11656E+03  1.09799E+03  1.25696E+03  1.22017E+03  2.73240E+03  5.28960E+03  1.31439E+03  3.58020E+03  1.60804E+03  1.96624E+03  1.18883E+03  2.06079E+02  0.00000E+00  0.00000E+00  0.00000E+00  0.00000E+00  0.00000E+00
  0.00000E+00  0.00000E+00  0.00000E+00  0.00000E+00  0.00000E+00  0.00000E+00  0.00000E+00  0.00000E+00  0.00000E+00  0.00000E+00  0.00000E+00  0.00000E+00  0.00000E+00  9.64717E+02  9.50885E+02  1.41673E+03  1.01519E+03  5.30545E+02  3.48042E+02  0.00000E+00  1.25789E+02  8.17649E+02  3.85339E+03  2.93907E+03  1.06991E+03  3.19561E+03  2.12230E+03  2.19903E+03  1.62026E+03  1.53394E+03  4.62511E+02  0.00000E+00  1.64983E+03  3.62130E+03  3.44437E+03  2.90188E+03  3.76109E+03  3.58986E+03  5.81372E+03  6.78651E+03  4.56788E+03  4.50962E+03  6.97825E+03  4.30922E+03  4.90949E+03  4.48788E+03  3.27731E+03  3.54875E+03  6.45592E+03  5.03721E+03  6.43217E+03  1.81560E+03  1.80044E+03  1.55316E+03  2.48596E+03  1.82599E+03  1.13609E+03  1.35914E+03  1.45767E+03  8.25214E+02  1.74714E+03  2.84790E+03  1.94552E+03  2.69021E+03  2.89210E+03  2.04045E+03  1.04471E+03  0.00000E+00  0.00000E+00  0.00000E+00  0.00000E+00  0.00000E+00  0.00000E+00
  0.00000E+00  0.00000E+00  0.00000E+00  0.00000E+00  0.00000E+00  0.00000E+00  0.00000E+00  0.00000E+00  0.00000E+00  0.00000E+00  0.00000E+00  0.00000E+00  0.00000E+00  0.00000E+00  0.00000E+00  3.40406E+02  6.86193E+02  2.92982E+02  3.20021E+03  2.95906E+03  2.70094E+02  1.99990E+03  3.43523E+03  2.16730E+03  1.11112E+03  2.52418E+03  1.49662E+03  2.00404E+03  2.28486E+03  6.16682E+02  1.54170E+02  7.65798E+02  3.42995E+03  3.08958E+03  3.89292E+03  4.62391E+03  4.44267E+03  3.93194E+03  5.07313E+03  6.10078E+03  5.57601E+03  5.29246E+03  5.82202E+03  4.63027E+03  2.65907E+03  3.01096E+03  3.72506E+03  3.52887E+03  3.98142E+03  2.99152E+03  1.85004E+03  1.33085E+03  1.42119E+03  2.23257E+03  1.76679E+03  1.54506E+03  8.17259E+02  2.01316E+03  2.47635E+03  1.24613E+03  6.01921E+02  2.31065E+03  1.29561E+03  4.28475E+03  3.45122E+03  2.63213E+03  2.31511E+03  3.79480E+02  0.00000E+00  0.00000E+00  0.00000E+00  0.00000E+00  0.00000E+00
  0.00000E+00  0.00000E+00  0.00000E+00  0.00000E+00  0.00000E+00  0.00000E+00  0.00000E+00  0.00000E+00  0.00000E+00  0.00000E+00  0.00000E+00  0.00000E+00  0.00000E+00  0.00000E+00  0.00000E+00  2.92982E+02  4.41661E+02  2.88608E+02  1.00036E+03  2.31842E+03  2.68896E+03  1.78255E+03  3.26552E+03  2.64295E+03  2.86918E+03  3.07508E+03  1.75197E+03  1.16282E+03  1.54170E+02  1.85004E+03  8.19655E+02  1.93753E+03  3.74905E+03  3.63533E+03  4.41060E+03  4.28239E+03  4.16585E+03  3.72002E+03  3.78979E+03  2.59435E+03  2.32504E+03  1.86938E+03  2.67380E+03  2.14304E+03  3.01790E+02  5.63722E+03  2.63773E+03  1.74486E+03  4.01706E+03  2.32741E+03  1.59464E+03  2.43562E+03  1.11880E+03  2.29013E+03  1.90851E+03  1.64037E+03  1.33719E+03  2.07904E+03  1.92209E+03  1.48540E+03  1.03382E+03  3.89537E+03  4.13859E+03  4.18909E+03  3.43065E+03  2.72880E+03  1.95730E+03  8.22499E+02  0.00000E+00  0.00000E+00  0.00000E+00  0.00000E+00  0.00000E+00
  0.00000E+00  0.00000E+00  0.00000E+00  0.00000E+00  0.00000E+00  0.00000E+00  0.00000E+00  0.00000E+00  0.00000E+00  0.00000E+00  0.00000E+00  0.00000E+00  0.00000E+00  0.00000E+00  0.00000E+00  4.37286E+02  2.10284E+03  1.06332E+03  1.77838E+03  2.49282E+03  8.00514E+02  2.84730E+03  3.52986E+03  2.96324E+03  3.63064E+03  2.76146E+03  3.46879E+03  5.13111E+02  2.85314E+03  4.24542E+03  1.31675E+03  2.23590E+03  3.62814E+03  4.41730E+03  5.88935E+03  2.96347E+03  2.18834E+03  2.41783E+03  4.15594E+03  2.63585E+03  4.06123E+03  4.18511E+03  3.28833E+03  2.06159E+03  1.39038E+03  4.93058E+03  2.58726E+03  1.10862E+03  2.98420E+03  2.45571E+03  1.18109E+03  1.54908E+03  1.11860E+03  2.15258E+03  1.11591E+03  1.72742E+03  1.20389E+03  2.46598E+03  2.22479E+03  2.62118E+03  1.58612E+03  2.61756E+03  3.04362E+03  3.68567E+03  3.07328E+03  2.21497E+03  1.68524E+03  3.97854E+02  0.00000E+00  0.00000E+00  0.00000E+00  0.00000E+00  0.00000E+00
  0.00000E+00  0.00000E+00  0.00000E+00  0.00000E+00  0.00000E+00  0.00000E+00  0.00000E+00  0.00000E+00  0.00000E+00  0.00000E+00  0.00000E+00  0.00000E+00  0.00000E+00  0.00000E+00  0.00000E+00  3.20292E+02  2.89502E+03  1.12371E+03  1.43712E+03  3.01903E+03  7.86193E+02  1.48938E+03  1.46592E+03  1.86050E+03  2.53365E+03  2.10650E+03  3.36094E+03  2.18151E+03  5.57948E+03  3.04413E+03  2.40238E+03  3.68684E+03  2.85473E+03  3.16626E+03  2.89316E+03  1.73866E+03  2.06355E+03  2.67468E+03  1.03206E+03  5.59939E+02  2.29011E+03  2.70118E+03  4.49768E+03  1.64029E+03  7.90611E+02  9.93331E+02  1.43205E+03  6.30511E+02  1.38538E+02  6.17036E+02  1.05181E+03  2.43944E+03  2.86714E+03  2.26526E+03  1.65578E+03  1.57392E+03  1.38052E+03  1.90531E+03  1.43299E+03  5.62346E+02  5.98057E+02  1.46894E+03  1.02645E+03  1.71106E+03  1.03152E+03  1.07561E+03  9.88540E+02  6.16911E+02  0.00000E+00  0.00000E+00  0.00000E+00  0.00000E+00  0.00000E+00
  0.00000E+00  0.00000E+00  0.00000E+00  0.00000E+00  0.00000E+00  0.00000E+00  0.00000E+00  0.00000E+00  0.00000E+00  0.00000E+00  0.00000E+00  0.00000E+00  0.00000E+00  0.00000E+00  0.00000E+00  1.62126E+02  2.15535E+03  3.05166E+02  9.95938E+02  2.04828E+03  1.60378E+03  2.77296E+03  2.30618E+03  2.65949E+03  2.33540E+03  3.75826E+03  4.17918E+03  7.08948E+03  4.50767E+03  3.31657E+03  4.49906E+03  4.81343E+03  3.32932E+03  2.74438E+03  2.13901E+03  1.48976E+03  2.65692E+03  2.11056E+03  1.20898E+03  9.80050E+02  8.57191E+02  2.33145E+03  3.55392E+03  1.90789E+03  2.97576E+02  1.48283E+03  2.13448E+03  7.65030E+02  4.71419E+02  7.26985E+02  2.45125E+03  1.90572E+03  2.03129E+03  2.59646E+03  2.25514E+03  2.41686E+03  2.85253E+03  7.13440E+02  1.81663E+02  3.02754E+02  1.27471E+03  1.23048E+03  1.03713E+03  5.93867E+02  6.01975E+02  0.00000E+00  2.65581E+02  0.00000E+00  0.00000E+00  0.00000E+00  0.00000E+00  0.00000E+00  0.00000E+00
  0.00000E+00  0.00000E+00  0.00000E+00  0.00000E+00  0.00000E+00  0.00000E+00  0.00000E+00  0.00000E+00  0.00000E+00  0.00000E+00  0.00000E+00  0.00000E+00  0.00000E+00  0.00000E+00  0.00000E+00  0.00000E+00  1.82178E+03  6.88217E+02  1.12920E+03  2.75019E+03  1.77109E+03  1.94817E+03  2.13915E+03  4.39638E+02  1.05878E+03  2.60705E+03  3.29545E+02  3.15634E+03  5.03233E+03  4.12357E+03  3.25744E+03  3.32447E+03  2.16733E+03  9.70311E+02  1.72944E+03  1.74589E+03  1.51542E+03  1.07660E+03  1.24208E+03  8.09542E+02  9.16960E+02  8.37615E+02  1.21442E+03  2.70116E+03  2.18403E+03  1.77390E+02  7.53190E+02  1.12769E+03  9.04005E+02  1.53876E+03  3.54184E+03  1.91377E+03  3.26639E+03  1.12100E+03  1.83944E+03  1.99636E+03  1.63095E+03  1.12278E+03  3.71380E+02  7.26489E+02  1.17919E+03  2.06337E+03  2.02172E+03  5.14119E+02  1.10116E+03  0.00000E+00  0.00000E+00  0.00000E+00  0.00000E+00  0.00000E+00  0.00000E+00  0.00000E+00  0.00000E+00
  0.00000E+00  0.00000E+00  0.00000E+00  0.00000E+00  0.00000E+00  0.00000E+00  0.00000E+00  0.00000E+00  0.00000E+00  0.00000E+00  0.00000E+00  0.00000E+00  0.00000E+00  0.00000E+00  0.00000E+00  0.00000E+00  0.00000E+00  2.72309E+02  7.13188E+02  1.25280E+03  4.07299E+03  2.41950E+03  1.33618E+03  2.24747E+03  2.36648E+03  1.21163E+03  1.28066E+03  2.31433E+03  2.61730E+03  3.05285E+03  2.32217E+03  1.90099E+03  2.14172E+03  3.01578E+02  1.75804E+03  1.19300E+03  3.03633E+02  6.80552E+02  1.24581E+03  1.01601E+03  1.08762E+03  6.84999E+02  4.42854E+02  6.36155E+02  1.92088E+03  2.29131E+03  2.98293E+02  4.44869E+02  9.64150E+02  4.83154E+03  5.85325E+03  5.84975E+03  4.82005E+03  2.93426E+03  3.54278E+03  1.86734E+03  1.61616E+03  1.11574E+03  3.71426E+02  6.65971E+02  1.75582E+03  2.88978E+03  3.78982E+03  3.26371E+03  4.87025E+03  1.98120E+03  0.00000E+00  0.00000E+00  0.00000E+00  0.00000E+00  0.00000E+00  0.00000E+00  0.00000E+00
  0.00000E+00  0.00000E+00  0.00000E+00  0.00000E+00  0.00000E+00  0.00000E+00  0.00000E+00  0.00000E+00  0.00000E+00  0.00000E+00  0.00000E+00  0.00000E+00  0.00000E+00  0.00000E+00  0.00000E+00  0.00000E+00  0.00000E+00  0.00000E+00  0.00000E+00  0.00000E+00  9.43185E+02  2.42461E+03  2.61933E+03  2.28822E+03  1.47366E+03  1.21050E+03  1.58636E+03  6.90485E+02  6.29331E+02  7.45166E+02  7.24063E+02  2.39173E+03  1.14961E+03  5.24359E+02  1.43889E+03  1.19122E+03  1.24531E+03  1.11940E+03  1.11316E+03  1.02878E+03  1.11067E+03  7.27354E+02  4.89113E+02  2.15172E+02  7.90493E+02  1.09973E+03  2.13102E+03  9.56470E+02  3.67087E+02  1.30748E+03  4.38904E+03  5.10063E+03  4.50471E+03  5.33699E+03  3.37960E+03  1.76723E+03  2.76890E+03  2.52400E+03  8.78649E+02  1.90892E+03  9.25069E+02  2.91870E+03  3.50166E+03  4.74439E+03  2.94296E+03  6.64393E+02  0.00000E+00  0.00000E+00  0.00000E+00  0.00000E+00  0.00000E+00  0.00000E+00  0.00000E+00
  0.00000E+00  0.00000E+00  0.00000E+00  0.00000E+00  0.00000E+00  0.00000E+00  0.00000E+00  0.00000E+00  0.00000E+00  0.00000E+00  0.00000E+00  0.00000E+00  0.00000E+00  0.00000E+00  0.00000E+00  0.00000E+00  0.00000E+00  0.00000E+00  0.00000E+00  0.00000E+00  0.00000E+00  4.06854E+02  2.38920E+03  2.18574E+03  2.28073E+03  1.69167E+03  7.19013E+02  2.61010E+02  6.50737E+02  5.71162E+02  6.97652E+02  2.26314E+03  2.73391E+03  1.33739E+03  8.19728E+02  8.07868E+02  8.88993E+02  1.03997E+03  8.26559E+02  8.55975E+02  8.81115E+02  8.60276E+02  1.05855E+03  4.63954E+02  9.31999E+02  1.07318E+03  2.49564E+03  1.90691E+03  2.01585E+03  1.04650E+03  3.27451E+03  3.07109E+03  2.14439E+03  3.30389E+03  2.57712E+03  3.44466E+03  3.60076E+03  1.71148E+03  9.64960E+02  1.28224E+03  3.76767E+02  2.23879E+03  3.16021E+03  3.50508E+03  2.52998E+03  0.00000E+00  0.00000E+00  0.00000E+00  0.00000E+00  0.00000E+00  0.00000E+00  0.00000E+00  0.00000E+00
  0.00000E+00  0.00000E+00  0.00000E+00  0.00000E+00  0.00000E+00  0.00000E+00  0.00000E+00  0.00000E+00  0.00000E+00  0.00000E+00  0.00000E+00  0.00000E+00  0.00000E+00  0.00000E+00  0.00000E+00  0.00000E+00  0.00000E+00  0.00000E+00  0.00000E+00  0.00000E+00  0.00000E+00  0.00000E+00  6.28486E+01  1.56378E+03  7.99006E+02  8.02192E+01  1.14440E+01  5.95674E+01  2.77087E+02  3.72541E+02  8.07485E+02  5.31108E+02  7.68615E+02  5.30490E+02  9.06911E+02  7.83467E+02  8.56204E+02  1.01193E+03  1.10100E+03  1.14296E+03  6.34557E+02  7.41966E+02  9.06804E+02  7.08326E+02  1.28203E+03  8.53664E+02  2.98519E+03  2.17795E+03  4.10476E+03  3.01927E+03  1.59254E+03  1.60512E+03  2.01736E+03  1.98746E+03  2.20977E+03  1.59209E+03  2.07666E+03  8.87185E+02  4.55662E+02  0.00000E+00  7.52707E+02  1.02088E+03  2.96607E+03  2.63989E+03  1.91021E+02  5.84549E+01  0.00000E+00  0.00000E+00  0.00000E+00  0.00000E+00  0.00000E+00  0.00000E+00  0.00000E+00
  0.00000E+00  0.00000E+00  0.00000E+00  0.00000E+00  0.00000E+00  0.00000E+00  0.00000E+00  0.00000E+00  0.00000E+00  0.00000E+00  0.00000E+00  0.00000E+00  0.00000E+00  0.00000E+00  0.00000E+00  0.00000E+00  0.00000E+00  0.00000E+00  0.00000E+00  0.00000E+00  0.00000E+00  0.00000E+00  1.59114E+03  1.36723E+03  5.72479E+01  2.29158E+01  2.29158E+01  1.17220E+03  7.19475E+02  1.64199E+03  8.07502E+02  8.79634E+02  5.94644E+02  7.29746E+02  7.84513E+02  3.80586E+02  7.32183E+02  1.20383E+03  9.95348E+02  9.21397E+02  1.06691E+03  7.65054E+02  9.12807E+02  1.35753E+03  1.13401E+03  1.10446E+03  1.45108E+03  1.93317E+03  9.04009E+02  1.35378E+03  1.83400E+03  1.47657E+03  2.42734E+03  2.39143E+03  1.94961E+03  6.05538E+02  2.16697E+03  1.23356E+03  1.64583E+03  2.03968E+03  6.49444E+02  2.12981E+03  2.98868E+03  5.14001E+02  2.88149E+02  1.38217E+02  3.93297E+01  0.00000E+00  0.00000E+00  0.00000E+00  0.00000E+00  0.00000E+00  0.00000E+00
  0.00000E+00  0.00000E+00  0.00000E+00  0.00000E+00  0.00000E+00  0.00000E+00  0.00000E+00  0.00000E+00  0.00000E+00  0.00000E+00  0.00000E+00  0.00000E+00  0.00000E+00  0.00000E+00  0.00000E+00  0.00000E+00  0.00000E+00  0.00000E+00  0.00000E+00  0.00000E+00  0.00000E+00  0.00000E+00  4.28909E+02  2.40328E+02  1.03093E+02  0.00000E+00  7.18220E+02  8.35362E+02  2.09823E+03  1.33195E+03  9.42586E+02  6.82797E+02  6.90909E+02  2.62124E+02  8.99880E+02  6.81630E+02  4.28168E+02  8.27390E+02  4.08245E+02  7.35548E+02  1.10903E+03  6.00739E+02  4.53289E+02  6.07098E+02  1.19308E+03  1.00323E+03  1.33397E+03  1.88328E+03  1.32562E+03  1.34984E+03  1.56532E+03  2.03547E+03  1.38475E+03  2.35419E+03  1.12209E+03  9.77163E+02  1.01300E+03  2.47209E+03  4.40942E+03  2.96693E+03  1.60408E+03  1.63848E+03  2.94280E+02  9.25791E-01  3.20657E+02  4.76727E+02  3.45363E+02  0.00000E+00  0.00000E+00  0.00000E+00  0.00000E+00  0.00000E+00  0.00000E+00
  0.00000E+00  0.00000E+00  0.00000E+00  0.00000E+00  0.00000E+00  0.00000E+00  0.00000E+00  0.00000E+00  0.00000E+00  0.00000E+00  0.00000E+00  0.00000E+00  0.00000E+00  0.00000E+00  0.00000E+00  0.00000E+00  0.00000E+00  0.00000E+00  0.00000E+00  0.00000E+00  0.00000E+00  0.00000E+00  0.00000E+00  2.29158E+01  6.30392E+01  5.69958E+02  1.47179E+03  8.48576E+02  1.79199E+03  2.88454E+03  6.65574E+02  4.99648E+02  8.24175E+02  6.63822E+02  1.38290E+03  1.47504E+03  9.59820E+02  3.92579E+02  6.68303E+02  5.30491E+02  1.82689E+03  9.34830E+02  5.62934E+02  1.12091E+03  1.31324E+03  6.34303E+02  9.37969E+02  1.27963E+03  9.76152E+02  1.99200E+03  1.43807E+03  1.24535E+03  1.82515E+03  1.60783E+03  1.09329E+03  5.70349E+02  2.02361E+03  4.03936E+03  3.38621E+03  8.96053E+02  2.33097E+02  3.28681E+02  1.37010E+02  4.98378E+02  8.25160E+02  4.33997E+02  2.43060E+02  0.00000E+00  0.00000E+00  0.00000E+00  0.00000E+00  0.00000E+00  0.00000E+00
  0.00000E+00  0.00000E+00  0.00000E+00  0.00000E+00  0.00000E+00  0.00000E+00  0.00000E+00  0.00000E+00  0.00000E+00  0.00000E+00  0.00000E+00  0.00000E+00  0.00000E+00  0.00000E+00  0.00000E+00  0.00000E+00  0.00000E+00  0.00000E+00  0.00000E+00  0.00000E+00  0.00000E+00  0.00000E+00  0.00000E+00  0.00000E+00  2.86378E+01  4.58177E+01  1.17927E+03  1.05097E+03  1.92925E+02  2.88418E+03  2.18022E+03  8.56894E+02  2.70135E+02  1.33256E+03  1.27939E+03  2.42359E+03  1.51916E+03  3.95095E+02  1.54351E+03  1.19746E+03  1.65133E+03  1.10660E+03  1.17160E+03  2.42376E+03  9.78063E+02  7.48245E+02  1.34503E+03  6.11197E+02  1.01050E+03  3.63402E+03  2.70358E+03  1.10122E+03  1.26171E+03  1.74452E+03  2.89033E+03  4.62573E+03  4.37741E+03  3.84186E+03  2.08835E+03  4.62749E+02  2.35176E+02  2.24986E+02  2.18774E+02  1.96067E+02  7.20489E+02  2.09747E+02  2.72839E+02  1.23678E+02  0.00000E+00  0.00000E+00  0.00000E+00  0.00000E+00  0.00000E+00
  0.00000E+00  0.00000E+00  0.00000E+00  0.00000E+00  0.00000E+00  0.00000E+00  0.00000E+00  0.00000E+00  0.00000E+00  0.00000E+00  0.00000E+00  0.00000E+00  0.00000E+00  0.00000E+00  0.00000E+00  0.00000E+00  0.00000E+00  0.00000E+00  0.00000E+00  0.00000E+00  0.00000E+00  0.00000E+00  0.00000E+00  0.00000E+00  5.73589E+00  5.73311E+01  2.73657E+02  1.10237E+03  1.92925E+02  1.90224E+03  4.97602E+03  5.16388E+03  3.75358E+02  1.32086E+03  1.58224E+03  1.70574E+03  1.13355E+03  8.59085E+02  1.33980E+03  4.75679E+02  1.43885E+03  2.07989E+03  1.72186E+03  1.09849E+03  1.09880E+03  1.92440E+03  2.61466E+03  1.30759E+03  1.60221E+03  3.51226E+03  3.26397E+03  6.15716E+02  0.00000E+00  2.79073E+03  6.40427E+03  2.62776E+03  2.38034E+03  1.30435E+03  5.35954E+02  3.75909E+02  2.68425E+02  3.75200E+02  3.42324E+02  4.63456E+02  7.45095E+02  5.20021E+02  3.21108E+02  8.56275E+01  0.00000E+00  0.00000E+00  0.00000E+00  0.00000E+00  0.00000E+00
  0.00000E+00  0.00000E+00  0.00000E+00  0.00000E+00  0.00000E+00  0.00000E+00  0.00000E+00  0.00000E+00  0.00000E+00  0.00000E+00  0.00000E+00  0.00000E+00  0.00000E+00  0.00000E+00  0.00000E+00  0.00000E+00  0.00000E+00  0.00000E+00  0.00000E+00  0.00000E+00  0.00000E+00  0.00000E+00  0.00000E+00  0.00000E+00  0.00000E+00  4.58316E+01  6.30392E+01  2.93372E+02  5.60863E+02  2.84641E+03  2.56152E+03  4.08441E+03  1.27956E+03  0.00000E+00  5.22661E+02  1.59950E+03  1.41102E+03  9.08454E+02  3.65048E+02  7.06676E+02  1.03858E+03  1.42902E+03  1.01498E+03  2.82484E+02  9.64475E+02  1.29546E+03  2.75480E+03  2.58924E+03  2.67570E+03  1.27938E+03  5.40733E+02  7.83766E+02  0.00000E+00  5.83328E+02  1.89345E+03  5.94773E+01  0.00000E+00  3.92793E+01  1.70249E+02  9.85607E+01  3.08915E+02  3.93089E+02  5.06426E+02  3.15338E+02  2.29710E+02  5.97246E+02  3.59133E+02  9.81405E+01  0.00000E+00  0.00000E+00  0.00000E+00  0.00000E+00  0.00000E+00
  0.00000E+00  0.00000E+00  0.00000E+00  0.00000E+00  0.00000E+00  0.00000E+00  0.00000E+00  0.00000E+00  0.00000E+00  0.00000E+00  0.00000E+00  0.00000E+00  0.00000E+00  0.00000E+00  0.00000E+00  0.00000E+00  0.00000E+00  0.00000E+00  0.00000E+00  0.00000E+00  0.00000E+00  0.00000E+00  0.00000E+00  0.00000E+00  0.00000E+00  1.96262E+02  1.22701E+02  0.00000E+00  0.00000E+00  8.35362E+02  1.79285E+03  4.69163E+03  3.67816E+03  1.11660E+03  0.00000E+00  1.29799E+03  2.56146E+03  1.71581E+03  6.74552E+02  1.09235E+03  1.81735E+03  2.14320E+03  2.04530E+03  2.06648E+03  1.61829E+03  1.46827E+03  6.10252E+02  2.93462E+03  1.76344E+03  1.54816E+03  6.51069E+02  2.36823E+02  0.00000E+00  0.00000E+00  1.58368E+02  5.87114E+02  6.52553E+01  9.95541E+01  7.81119E+01  9.78249E+01  2.90937E+02  1.83302E+02  5.52065E+02  3.27850E+02  2.56882E+02  4.53163E+02  6.05649E+02  3.09081E+02  0.00000E+00  0.00000E+00  0.00000E+00  0.00000E+00  0.00000E+00
  0.00000E+00  0.00000E+00  0.00000E+00  0.00000E+00  0.00000E+00  0.00000E+00  0.00000E+00  0.00000E+00  0.00000E+00  0.00000E+00  0.00000E+00  0.00000E+00  0.00000E+00  0.00000E+00  0.00000E+00  0.00000E+00  0.00000E+00  0.00000E+00  0.00000E+00  0.00000E+00  0.00000E+00  0.00000E+00  0.00000E+00  0.00000E+00  0.00000E+00  4.82314E+01  1.44694E+02  0.00000E+00  0.00000E+00  3.73458E+02  2.24503E+03  2.37095E+03  3.93030E+03  4.67940E+03  0.00000E+00  9.39043E+02  3.66479E+03  3.97186E+03  2.14543E+03  1.15665E+03  2.03696E+03  7.45602E+02  5.02846E+02  1.92652E+02  2.29836E+02  3.43738E+03  2.15233E+03  7.00224E+02  1.54201E+03  8.59834E+02  1.91379E+02  0.00000E+00  0.00000E+00  4.75354E+02  2.27054E+03  5.25233E+02  5.21985E+01  9.81405E+01  3.45210E+02  1.56722E+02  4.53163E+02  2.31082E+02  2.37374E+02  4.78909E+02  5.17875E+02  4.32247E+02  6.11906E+02  4.19734E+02  5.21985E+01  0.00000E+00  0.00000E+00  0.00000E+00  0.00000E+00
  0.00000E+00  0.00000E+00  0.00000E+00  0.00000E+00  0.00000E+00  0.00000E+00  0.00000E+00  0.00000E+00  0.00000E+00  0.00000E+00  0.00000E+00  0.00000E+00  0.00000E+00  0.00000E+00  0.00000E+00  0.00000E+00  0.00000E+00  0.00000E+00  0.00000E+00  0.00000E+00  0.00000E+00  0.00000E+00  0.00000E+00  0.00000E+00  0.00000E+00  0.00000E+00  9.64627E+01  0.00000E+00  0.00000E+00  2.81472E+02  1.03224E+03  2.05000E+03  3.33512E+03  3.61701E+03  5.95311E+01  1.05024E+03  3.06200E+03  2.71949E+03  2.47430E+03  7.09721E+02  4.05637E+02  1.22313E+02  1.17163E+02  9.36421E+02  1.71326E+03  2.89103E+03  3.12687E+03  3.89377E+02  1.14024E+03  1.71390E+02  0.00000E+00  0.00000E+00  0.00000E+00  5.28696E+01  3.69611E+02  1.04397E+02  5.84549E+01  4.84446E+02  7.77702E+02  4.66971E+02  5.12990E+02  6.15232E+02  6.99675E+02  1.94555E+02  3.02825E+02  4.19734E+02  4.46907E+02  3.94708E+02  1.90024E+02  0.00000E+00  0.00000E+00  0.00000E+00  0.00000E+00
  0.00000E+00  0.00000E+00  0.00000E+00  0.00000E+00  0.00000E+00  0.00000E+00  0.00000E+00  0.00000E+00  0.00000E+00  0.00000E+00  0.00000E+00  0.00000E+00  0.00000E+00  0.00000E+00  0.00000E+00  0.00000E+00  0.00000E+00  0.00000E+00  0.00000E+00  0.00000E+00  0.00000E+00  0.00000E+00  0.00000E+00  0.00000E+00  0.00000E+00  0.00000E+00  9.64627E+01  2.89388E+02  0.00000E+00  0.00000E+00  0.00000E+00  6.09636E+02  3.95343E+03  3.35106E+03  9.96835E+02  1.13794E+03  3.67186E+03  2.12238E+03  6.13424E+02  1.09083E+02  1.38517E+02  6.98073E+01  1.34882E+03  2.73568E+03  2.72540E+03  3.40526E+03  1.94171E+03  1.33961E+02  1.07735E+02  0.00000E+00  1.05596E+03  2.64112E+02  0.00000E+00  0.00000E+00  4.59420E+01  0.00000E+00  1.04840E+02  4.35020E+02  6.77662E+02  7.27346E+02  5.53572E+02  5.65833E+02  4.07403E+02  5.70006E+02  5.72220E+02  1.77512E+02  3.61280E+02  0.00000E+00  0.00000E+00  0.00000E+00  0.00000E+00  0.00000E+00  0.00000E+00
  0.00000E+00  0.00000E+00  0.00000E+00  0.00000E+00  0.00000E+00  0.00000E+00  0.00000E+00  0.00000E+00  0.00000E+00  0.00000E+00  0.00000E+00  0.00000E+00  0.00000E+00  0.00000E+00  0.00000E+00  0.00000E+00  0.00000E+00  0.00000E+00  0.00000E+00  0.00000E+00  0.00000E+00  0.00000E+00  0.00000E+00  0.00000E+00  0.00000E+00  0.00000E+00  0.00000E+00  9.64627E+01  7.79280E+02  1.92535E+02  0.00000E+00  0.00000E+00  1.93815E+03  1.26692E+03  7.01572E+02  5.35137E+01  3.43656E+02  9.90401E+02  8.43572E+01  5.49470E+02  1.71007E+03  3.13932E+03  1.54206E+03  3.00592E+03  3.91521E+03  2.02690E+03  2.32326E+02  8.01727E+01  2.63051E+01  2.59818E+02  8.44480E+02  0.00000E+00  1.96281E+02  9.81405E+01  0.00000E+00  2.08172E+01  3.20084E+02  2.96568E+02  2.10940E+02  2.75652E+02  5.16273E+02  3.77601E+02  2.76048E+02  4.31938E+02  1.90412E+02  0.00000E+00  4.59420E+01  0.00000E+00  0.00000E+00  0.00000E+00  0.00000E+00  0.00000E+00  0.00000E+00
  0.00000E+00  0.00000E+00  0.00000E+00  0.00000E+00  0.00000E+00  0.00000E+00  0.00000E+00  0.00000E+00  0.00000E+00  0.00000E+00  0.00000E+00  0.00000E+00  0.00000E+00  0.00000E+00  0.00000E+00  0.00000E+00  0.00000E+00  0.00000E+00  0.00000E+00  0.00000E+00  0.00000E+00  0.00000E+00  0.00000E+00  0.00000E+00  0.00000E+00  0.00000E+00  0.00000E+00  4.82314E+01  8.60823E+02  1.22016E+03  0.00000E+00  0.00000E+00  0.00000E+00  0.00000E+00  0.00000E+00  1.31526E+01  1.31526E+01  1.47193E+02  2.63051E+01  7.36141E+02  7.38871E+02  2.59293E+03  3.09148E+03  1.80667E+03  1.03294E+03  0.00000E+00  0.00000E+00  1.37812E+01  0.00000E+00  0.00000E+00  0.00000E+00  2.23453E+02  4.05075E+02  0.00000E+00  0.00000E+00  6.25094E-01  2.30310E+02  3.48767E+02  2.90312E+02  3.21594E+02  3.19447E+02  5.84549E+01  3.94584E+01  6.10996E+01  2.75596E+02  1.91897E+01  0.00000E+00  0.00000E+00  9.73279E+01  0.00000E+00  0.00000E+00  0.00000E+00  0.00000E+00
  0.00000E+00  0.00000E+00  0.00000E+00  0.00000E+00  0.00000E+00  0.00000E+00  0.00000E+00  0.00000E+00  0.00000E+00  0.00000E+00  0.00000E+00  0.00000E+00  0.00000E+00  0.00000E+00  0.00000E+00  0.00000E+00  0.00000E+00  0.00000E+00  0.00000E+00  0.00000E+00  0.00000E+00  0.00000E+00  0.00000E+00  0.00000E+00  0.00000E+00  0.00000E+00  0.00000E+00  0.00000E+00  1.48678E+02  1.13721E+03  9.76580E+02  3.41604E+02  2.89388E+02  0.00000E+00  0.00000E+00  0.00000E+00  0.00000E+00  5.38676E+01  1.31526E+01  4.07150E+01  1.74755E+02  6.85318E+02  1.80771E+03  5.92863E+02  2.40529E+01  6.14733E+00  0.00000E+00  0.00000E+00  3.24870E+02  3.02695E+02  2.10940E+02  2.96568E+02  5.20021E+02  0.00000E+00  0.00000E+00  2.99960E-01  9.81405E+01  4.59420E+01  3.09081E+02  2.19160E+02  5.87689E+02  3.67028E+02  0.00000E+00  0.00000E+00  1.19645E+02  3.90567E+01  1.31570E+02  1.77512E+02  1.95607E+02  2.55174E+02  5.87690E+01  0.00000E+00  0.00000E+00
  0.00000E+00  0.00000E+00  0.00000E+00  0.00000E+00  0.00000E+00  0.00000E+00  0.00000E+00  0.00000E+00  0.00000E+00  0.00000E+00  0.00000E+00  0.00000E+00  0.00000E+00  0.00000E+00  0.00000E+00  0.00000E+00  0.00000E+00  0.00000E+00  0.00000E+00  0.00000E+00  0.00000E+00  0.00000E+00  0.00000E+00  0.00000E+00  0.00000E+00  0.00000E+00  0.00000E+00  0.00000E+00  0.00000E+00  1.96910E+02  2.41157E+02  0.00000E+00  0.00000E+00  0.00000E+00  0.00000E+00  0.00000E+00  9.64627E+01  1.12963E+03  1.25288E+02  8.08014E+01  4.00863E+01  0.00000E+00  0.00000E+00  6.14733E+00  1.51001E+01  3.16306E+00  4.00863E+01  0.00000E+00  6.37458E+01  5.31065E+00  6.25650E+00  2.17197E+02  1.25313E+02  0.00000E+00  1.93946E+01  2.22199E+02  2.23067E+02  3.88313E+02  9.89032E+01  3.09081E+02  5.83803E+02  7.18449E+02  5.21985E+01  1.24607E+02  1.97606E+02  1.97896E+01  7.90162E+01  3.48767E+02  7.09680E+01  8.42526E+01  6.25650E+00  0.00000E+00  0.00000E+00
  0.00000E+00  0.00000E+00  0.00000E+00  0.00000E+00  0.00000E+00  0.00000E+00  0.00000E+00  0.00000E+00  0.00000E+00  0.00000E+00  0.00000E+00  0.00000E+00  0.00000E+00  0.00000E+00  0.00000E+00  0.00000E+00  0.00000E+00  0.00000E+00  0.00000E+00  0.00000E+00  0.00000E+00  0.00000E+00  0.00000E+00  0.00000E+00  0.00000E+00  0.00000E+00  0.00000E+00  0.00000E+00  0.00000E+00  0.00000E+00  0.00000E+00  1.00392E+02  0.00000E+00  0.00000E+00  4.82314E+01  1.44694E+02  1.57112E+03  1.85902E+02  1.50336E+02  1.46564E+02  2.69338E+01  0.00000E+00  0.00000E+00  0.00000E+00  1.31526E+01  2.63051E+01  5.32389E+01  9.39539E+01  0.00000E+00  1.59320E+01  2.65533E+01  1.00259E+02  1.18070E+02  1.15018E+02  1.16910E+02  1.98686E+02  2.36051E+02  2.52108E+02  3.94142E+02  2.10859E+02  1.19056E+02  2.30430E+02  2.27289E+02  1.54912E+02  2.56056E+02  1.58252E+02  2.44557E+02  1.12138E+02  8.97375E+01  1.16910E+02  0.00000E+00  0.00000E+00  0.00000E+00
  0.00000E+00  0.00000E+00  0.00000E+00  0.00000E+00  0.00000E+00  0.00000E+00  0.00000E+00  0.00000E+00  0.00000E+00  0.00000E+00  0.00000E+00  0.00000E+00  0.00000E+00  0.00000E+00  0.00000E+00  0.00000E+00  0.00000E+00  0.00000E+00  0.00000E+00  0.00000E+00  0.00000E+00  0.00000E+00  0.00000E+00  0.00000E+00  0.00000E+00  0.00000E+00  0.00000E+00  0.00000E+00  0.00000E+00  0.00000E+00  0.00000E+00  2.41603E+02  1.02047E+02  2.41157E+02  4.34082E+02  4.82314E+01  5.12156E+01  2.75736E+01  7.39374E+01  9.76918E+01  1.21516E+02  9.33252E+01  0.00000E+00  6.70202E+01  1.20888E+02  1.20888E+02  1.31526E+01  0.00000E+00  0.00000E+00  5.31065E+00  0.00000E+00  5.31065E+00  5.31065E+00  2.54736E+02  2.99960E-01  2.27569E+02  2.23304E+02  7.09755E+02  1.39474E+03  5.87942E+01  0.00000E+00  0.00000E+00  0.00000E+00  8.60649E+01  4.45326E+01  1.79854E+02  3.52877E+02  3.21594E+02  4.59420E+01  0.00000E+00  0.00000E+00  0.00000E+00  0.00000E+00
  0.00000E+00  0.00000E+00  0.00000E+00  0.00000E+00  0.00000E+00  0.00000E+00  0.00000E+00  0.00000E+00  0.00000E+00  0.00000E+00  0.00000E+00  0.00000E+00  0.00000E+00  0.00000E+00  0.00000E+00  0.00000E+00  0.00000E+00  0.00000E+00  0.00000E+00  0.00000E+00  0.00000E+00  0.00000E+00  0.00000E+00  0.00000E+00  0.00000E+00  0.00000E+00  0.00000E+00  0.00000E+00  0.00000E+00  0.00000E+00  0.00000E+00  4.08187E+01  0.00000E+00  1.44694E+02  3.37620E+02  2.13335E+02  0.00000E+00  9.31039E+00  9.13159E+00  1.91091E+01  7.01294E+01  2.09025E+02  1.87908E+02  2.16099E+02  1.07106E+02  5.38676E+01  4.56924E+01  1.26804E+02  2.31475E+02  4.77958E+01  2.01758E+01  9.55453E+00  8.98997E+01  3.06243E+02  0.00000E+00  4.59420E+02  5.87549E+01  5.92323E+02  2.14941E+02  0.00000E+00  0.00000E+00  0.00000E+00  1.98155E+01  2.18721E+02  4.43092E+01  2.36817E+02  5.12594E+02  5.21535E+02  1.51304E+02  3.61280E+02  0.00000E+00  0.00000E+00  0.00000E+00
  0.00000E+00  0.00000E+00  0.00000E+00  0.00000E+00  0.00000E+00  0.00000E+00  0.00000E+00  0.00000E+00  0.00000E+00  0.00000E+00  0.00000E+00  0.00000E+00  0.00000E+00  0.00000E+00  0.00000E+00  0.00000E+00  0.00000E+00  0.00000E+00  0.00000E+00  0.00000E+00  0.00000E+00  0.00000E+00  0.00000E+00  0.00000E+00  0.00000E+00  0.00000E+00  0.00000E+00  0.00000E+00  0.00000E+00  0.00000E+00  0.00000E+00  0.00000E+00  0.00000E+00  0.00000E+00  0.00000E+00  0.00000E+00  0.00000E+00  0.00000E+00  0.00000E+00  0.00000E+00  6.61809E+01  9.48445E+01  3.28903E+01  8.20587E+01  0.00000E+00  0.00000E+00  4.67290E+01  7.42660E+01  7.00221E+01  8.77894E+01  1.17512E+02  1.87587E+01  5.31065E+01  4.10322E+01  2.33925E+02  5.93759E+02  1.11972E+03  6.49660E+02  1.91897E+01  1.91897E+01  0.00000E+00  0.00000E+00  1.39135E+02  1.40856E+02  2.74741E+02  2.54899E+02  1.37583E+02  2.74166E+02  8.56275E+01  4.13478E+02  1.96281E+02  0.00000E+00  0.00000E+00
  0.00000E+00  0.00000E+00  0.00000E+00  0.00000E+00  0.00000E+00  0.00000E+00  0.00000E+00  0.00000E+00  0.00000E+00  0.00000E+00  0.00000E+00  0.00000E+00  0.00000E+00  0.00000E+00  0.00000E+00  0.00000E+00  0.00000E+00  0.00000E+00  0.00000E+00  0.00000E+00  0.00000E+00  0.00000E+00  0.00000E+00  0.00000E+00  0.00000E+00  0.00000E+00  0.00000E+00  0.00000E+00  0.00000E+00  0.00000E+00  0.00000E+00  0.00000E+00  0.00000E+00  0.00000E+00  0.00000E+00  0.00000E+00  0.00000E+00  0.00000E+00  0.00000E+00  0.00000E+00  0.00000E+00  3.82181E+01  4.74223E+01  4.70718E+01  0.00000E+00  5.31065E+00  5.31065E+00  1.59320E+01  4.24852E+01  5.31065E+01  1.68836E+02  9.94543E+01  1.59320E+01  2.33136E+02  1.47133E+03  1.41778E+03  2.35791E+03  8.45803E+02  2.06729E+02  1.95906E+02  7.78641E+01  1.00180E+02  1.99856E+02  3.15629E+02  3.96566E+01  0.00000E+00  0.00000E+00  0.00000E+00  9.18840E+01  7.93710E+01  4.59420E+01  0.00000E+00  0.00000E+00
  0.00000E+00  0.00000E+00  0.00000E+00  0.00000E+00  0.00000E+00  0.00000E+00  0.00000E+00  0.00000E+00  0.00000E+00  0.00000E+00  0.00000E+00  0.00000E+00  0.00000E+00  0.00000E+00  0.00000E+00  0.00000E+00  0.00000E+00  0.00000E+00  0.00000E+00  0.00000E+00  0.00000E+00  0.00000E+00  0.00000E+00  0.00000E+00  0.00000E+00  0.00000E+00  0.00000E+00  0.00000E+00  0.00000E+00  0.00000E+00  0.00000E+00  0.00000E+00  0.00000E+00  0.00000E+00  0.00000E+00  0.00000E+00  0.00000E+00  0.00000E+00  0.00000E+00  0.00000E+00  0.00000E+00  6.50267E-01  0.00000E+00  8.42387E+01  9.55453E+00  0.00000E+00  0.00000E+00  4.77958E+01  4.77958E+01  3.71745E+01  7.85784E+01  2.65533E+01  6.37278E+01  1.29173E+03  1.58600E+03  1.11214E+03  1.13469E+03  1.37800E+03  6.65234E+02  3.48953E+02  8.13161E+01  1.02755E+02  3.39950E+02  2.16220E+02  0.00000E+00  1.95411E+01  1.98662E+01  0.00000E+00  0.00000E+00  0.00000E+00  0.00000E+00  0.00000E+00  0.00000E+00
  0.00000E+00  0.00000E+00  0.00000E+00  0.00000E+00  0.00000E+00  0.00000E+00  0.00000E+00  0.00000E+00  0.00000E+00  0.00000E+00  0.00000E+00  0.00000E+00  0.00000E+00  0.00000E+00  0.00000E+00  0.00000E+00  0.00000E+00  0.00000E+00  0.00000E+00  0.00000E+00  0.00000E+00  0.00000E+00  0.00000E+00  0.00000E+00  0.00000E+00  0.00000E+00  0.00000E+00  0.00000E+00  0.00000E+00  0.00000E+00  0.00000E+00  0.00000E+00  0.00000E+00  0.00000E+00  0.00000E+00  0.00000E+00  0.00000E+00  0.00000E+00  0.00000E+00  0.00000E+00  0.00000E+00  4.03816E+01  0.00000E+00  0.00000E+00  0.00000E+00  0.00000E+00  0.00000E+00  1.59320E+01  2.65533E+01  4.60526E+02  7.64331E+02  1.23440E+03  1.59320E+01  1.50668E+03  1.63883E+03  1.33422E+02  1.42065E+03  1.80152E+02  2.55359E+02  2.70241E+02  1.17922E+02  3.15651E+02  5.20004E+02  3.81596E+02  8.01354E+01  2.36309E+02  9.96765E+01  0.00000E+00  0.00000E+00  0.00000E+00  0.00000E+00  0.00000E+00  0.00000E+00
  0.00000E+00  0.00000E+00  0.00000E+00  0.00000E+00  0.00000E+00  0.00000E+00  0.00000E+00  0.00000E+00  0.00000E+00  0.00000E+00  0.00000E+00  0.00000E+00  0.00000E+00  0.00000E+00  0.00000E+00  0.00000E+00  0.00000E+00  0.00000E+00  0.00000E+00  0.00000E+00  0.00000E+00  0.00000E+00  0.00000E+00  0.00000E+00  0.00000E+00  0.00000E+00  0.00000E+00  0.00000E+00  0.00000E+00  0.00000E+00  0.00000E+00  0.00000E+00  0.00000E+00  0.00000E+00  0.00000E+00  0.00000E+00  0.00000E+00  0.00000E+00  0.00000E+00  0.00000E+00  0.00000E+00  0.00000E+00  0.00000E+00  0.00000E+00  0.00000E+00  0.00000E+00  5.31065E+00  4.24852E+01  3.26129E+02  2.06137E+03  1.17706E+03  1.34907E+03  1.75801E+02  1.13577E+03  2.02598E+03  3.78145E+02  5.26342E+02  1.95663E+01  6.07974E+01  2.04414E+01  1.81694E+02  4.22724E+02  7.57489E+02  3.71169E+02  5.84373E+02  3.34093E+02  1.17443E+02  0.00000E+00  0.00000E+00  0.00000E+00  0.00000E+00  0.00000E+00  0.00000E+00
  0.00000E+00  0.00000E+00  0.00000E+00  0.00000E+00  0.00000E+00  0.00000E+00  0.00000E+00  0.00000E+00  0.00000E+00  0.00000E+00  0.00000E+00  0.00000E+00  0.00000E+00  0.00000E+00  0.00000E+00  0.00000E+00  0.00000E+00  0.00000E+00  0.00000E+00  0.00000E+00  0.00000E+00  0.00000E+00  0.00000E+00  0.00000E+00  0.00000E+00  0.00000E+00  0.00000E+00  0.00000E+00  0.00000E+00  0.00000E+00  0.00000E+00  0.00000E+00  0.00000E+00  0.00000E+00  0.00000E+00  0.00000E+00  0.00000E+00  0.00000E+00  0.00000E+00  0.00000E+00  0.00000E+00  0.00000E+00  0.00000E+00  0.00000E+00  0.00000E+00  0.00000E+00  5.31065E+00  2.65533E+01  1.60950E+02  1.91592E+03  1.70446E+03  1.76559E+03  8.32288E+02  1.98254E+01  1.40515E+02  1.12552E+02  9.55453E+00  0.00000E+00  9.98034E+01  2.16844E+02  2.00812E+02  1.38661E+02  0.00000E+00  5.86237E+01  5.10182E+02  3.87308E+01  0.00000E+00  0.00000E+00  0.00000E+00  0.00000E+00  0.00000E+00  0.00000E+00  0.00000E+00
  0.00000E+00  0.00000E+00  0.00000E+00  0.00000E+00  0.00000E+00  0.00000E+00  0.00000E+00  0.00000E+00  0.00000E+00  0.00000E+00  0.00000E+00  0.00000E+00  0.00000E+00  0.00000E+00  0.00000E+00  0.00000E+00  0.00000E+00  0.00000E+00  0.00000E+00  0.00000E+00  0.00000E+00  0.00000E+00  0.00000E+00  0.00000E+00  0.00000E+00  0.00000E+00  0.00000E+00  0.00000E+00  0.00000E+00  0.00000E+00  0.00000E+00  0.00000E+00  0.00000E+00  0.00000E+00  0.00000E+00  0.00000E+00  0.00000E+00  0.00000E+00  0.00000E+00  0.00000E+00  0.00000E+00  0.00000E+00  0.00000E+00  0.00000E+00  3.96855E+01  1.31570E+02  2.21154E+03  1.36879E+03  7.36379E+02  5.16794E+01  4.24852E+01  1.55639E+02  5.31065E+01  1.06213E+01  8.38884E+01  1.49719E+02  1.12202E+02  4.70718E+01  9.88263E+01  2.56626E+02  1.57149E+02  0.00000E+00  0.00000E+00  0.00000E+00  6.25094E-01  1.57828E+02  0.00000E+00  0.00000E+00  0.00000E+00  0.00000E+00  0.00000E+00  0.00000E+00  0.00000E+00
  0.00000E+00  0.00000E+00  0.00000E+00  0.00000E+00  0.00000E+00  0.00000E+00  0.00000E+00  0.00000E+00  0.00000E+00  0.00000E+00  0.00000E+00  0.00000E+00  0.00000E+00  0.00000E+00  0.00000E+00  0.00000E+00  0.00000E+00  0.00000E+00  0.00000E+00  0.00000E+00  0.00000E+00  0.00000E+00  0.00000E+00  0.00000E+00  0.00000E+00  0.00000E+00  0.00000E+00  0.00000E+00  0.00000E+00  0.00000E+00  0.00000E+00  0.00000E+00  0.00000E+00  0.00000E+00  0.00000E+00  0.00000E+00  0.00000E+00  0.00000E+00  0.00000E+00  0.00000E+00  0.00000E+00  0.00000E+00  0.00000E+00  0.00000E+00  1.31570E+02  1.23156E+03  9.70887E+02  9.97467E+02  9.54926E+02  3.73502E+02  4.48390E+02  1.34078E+02  6.37278E+01  7.96597E+01  2.65533E+01  4.67214E+01  9.30925E+01  7.80468E+01  2.56877E+02  2.54230E+02  7.92855E+01  0.00000E+00  0.00000E+00  0.00000E+00  3.25134E-01  4.00835E+01  0.00000E+00  0.00000E+00  0.00000E+00  0.00000E+00  0.00000E+00  0.00000E+00  0.00000E+00
  0.00000E+00  0.00000E+00  0.00000E+00  0.00000E+00  0.00000E+00  0.00000E+00  0.00000E+00  0.00000E+00  0.00000E+00  0.00000E+00  0.00000E+00  0.00000E+00  0.00000E+00  0.00000E+00  0.00000E+00  0.00000E+00  0.00000E+00  0.00000E+00  0.00000E+00  0.00000E+00  0.00000E+00  0.00000E+00  0.00000E+00  0.00000E+00  0.00000E+00  0.00000E+00  0.00000E+00  0.00000E+00  0.00000E+00  0.00000E+00  0.00000E+00  0.00000E+00  0.00000E+00  0.00000E+00  0.00000E+00  0.00000E+00  0.00000E+00  0.00000E+00  0.00000E+00  0.00000E+00  0.00000E+00  0.00000E+00  0.00000E+00  0.00000E+00  6.25650E+00  1.30978E+02  0.00000E+00  0.00000E+00  6.25830E-01  3.36794E+02  4.30141E+02  4.10581E+01  1.59320E+01  6.90384E+01  5.31065E+01  2.65533E+01  0.00000E+00  2.95384E+02  2.56302E+02  2.68888E+02  3.85483E+01  0.00000E+00  0.00000E+00  0.00000E+00  0.00000E+00  0.00000E+00  0.00000E+00  0.00000E+00  0.00000E+00  0.00000E+00  0.00000E+00  0.00000E+00  0.00000E+00
  0.00000E+00  0.00000E+00  0.00000E+00  0.00000E+00  0.00000E+00  0.00000E+00  0.00000E+00  0.00000E+00  0.00000E+00  0.00000E+00  0.00000E+00  0.00000E+00  0.00000E+00  0.00000E+00  0.00000E+00  0.00000E+00  0.00000E+00  0.00000E+00  0.00000E+00  0.00000E+00  0.00000E+00  0.00000E+00  0.00000E+00  0.00000E+00  0.00000E+00  0.00000E+00  0.00000E+00  0.00000E+00  0.00000E+00  0.00000E+00  0.00000E+00  0.00000E+00  0.00000E+00  0.00000E+00  0.00000E+00  0.00000E+00  0.00000E+00  0.00000E+00  0.00000E+00  0.00000E+00  0.00000E+00  0.00000E+00  0.00000E+00  0.00000E+00  0.00000E+00  0.00000E+00  1.11593E+03  0.00000E+00  0.00000E+00  3.89793E+01  5.85204E+01  1.06213E+01  1.06213E+01  5.84171E+01  3.71745E+01  1.59320E+01  2.65533E+01  1.22947E+02  9.34429E+01  5.52247E+01  0.00000E+00  0.00000E+00  0.00000E+00  0.00000E+00  0.00000E+00  0.00000E+00  0.00000E+00  0.00000E+00  0.00000E+00  0.00000E+00  0.00000E+00  0.00000E+00  0.00000E+00
  0.00000E+00  0.00000E+00  0.00000E+00  0.00000E+00  0.00000E+00  0.00000E+00  0.00000E+00  0.00000E+00  0.00000E+00  0.00000E+00  0.00000E+00  0.00000E+00  0.00000E+00  0.00000E+00  0.00000E+00  0.00000E+00  0.00000E+00  0.00000E+00  0.00000E+00  0.00000E+00  0.00000E+00  0.00000E+00  0.00000E+00  0.00000E+00  0.00000E+00  0.00000E+00  0.00000E+00  0.00000E+00  0.00000E+00  0.00000E+00  0.00000E+00  0.00000E+00  0.00000E+00  0.00000E+00  0.00000E+00  0.00000E+00  0.00000E+00  0.00000E+00  0.00000E+00  0.00000E+00  0.00000E+00  0.00000E+00  0.00000E+00  0.00000E+00  0.00000E+00  0.00000E+00  0.00000E+00  0.00000E+00  0.00000E+00  0.00000E+00  0.00000E+00  1.97896E+01  1.18215E+02  2.75049E+01  5.84171E+01  3.18639E+01  3.18639E+01  1.32377E+02  3.75173E+01  0.00000E+00  0.00000E+00  0.00000E+00  0.00000E+00  0.00000E+00  0.00000E+00  0.00000E+00  0.00000E+00  0.00000E+00  0.00000E+00  0.00000E+00  0.00000E+00  0.00000E+00  0.00000E+00
  0.00000E+00  0.00000E+00  0.00000E+00  0.00000E+00  0.00000E+00  0.00000E+00  0.00000E+00  0.00000E+00  0.00000E+00  0.00000E+00  0.00000E+00  0.00000E+00  0.00000E+00  0.00000E+00  0.00000E+00  0.00000E+00  0.00000E+00  0.00000E+00  0.00000E+00  0.00000E+00  0.00000E+00  0.00000E+00  0.00000E+00  0.00000E+00  0.00000E+00  0.00000E+00  0.00000E+00  0.00000E+00  0.00000E+00  0.00000E+00  0.00000E+00  0.00000E+00  0.00000E+00  0.00000E+00  0.00000E+00  0.00000E+00  0.00000E+00  0.00000E+00  0.00000E+00  0.00000E+00  0.00000E+00  0.00000E+00  0.00000E+00  0.00000E+00  0.00000E+00  0.00000E+00  0.00000E+00  0.00000E+00  0.00000E+00  0.00000E+00  0.00000E+00  2.92951E+02  2.01415E+02  5.90422E+01  5.31065E+01  2.12426E+01  5.31065E+01  1.67076E+02  8.56559E+01  0.00000E+00  0.00000E+00  0.00000E+00  0.00000E+00  0.00000E+00  0.00000E+00  0.00000E+00  0.00000E+00  0.00000E+00  0.00000E+00  0.00000E+00  0.00000E+00  0.00000E+00  0.00000E+00
  0.00000E+00  0.00000E+00  0.00000E+00  0.00000E+00  0.00000E+00  0.00000E+00  0.00000E+00  0.00000E+00  0.00000E+00  0.00000E+00  0.00000E+00  0.00000E+00  0.00000E+00  0.00000E+00  0.00000E+00  0.00000E+00  0.00000E+00  0.00000E+00  0.00000E+00  0.00000E+00  0.00000E+00  0.00000E+00  0.00000E+00  0.00000E+00  0.00000E+00  0.00000E+00  0.00000E+00  0.00000E+00  0.00000E+00  0.00000E+00  0.00000E+00  0.00000E+00  0.00000E+00  0.00000E+00  0.00000E+00  0.00000E+00  0.00000E+00  0.00000E+00  0.00000E+00  0.00000E+00  0.00000E+00  0.00000E+00  0.00000E+00  0.00000E+00  0.00000E+00  0.00000E+00  0.00000E+00  0.00000E+00  0.00000E+00  0.00000E+00  4.05043E+01  2.58173E+02  8.47080E+02  2.29269E+02  7.36251E+01  5.87599E+01  2.12426E+01  3.82337E+01  2.79628E+01  0.00000E+00  0.00000E+00  0.00000E+00  0.00000E+00  0.00000E+00  0.00000E+00  0.00000E+00  0.00000E+00  0.00000E+00  0.00000E+00  0.00000E+00  0.00000E+00  0.00000E+00  0.00000E+00
  0.00000E+00  0.00000E+00  0.00000E+00  0.00000E+00  0.00000E+00  0.00000E+00  0.00000E+00  0.00000E+00  0.00000E+00  0.00000E+00  0.00000E+00  0.00000E+00  0.00000E+00  0.00000E+00  0.00000E+00  0.00000E+00  0.00000E+00  0.00000E+00  0.00000E+00  0.00000E+00  0.00000E+00  0.00000E+00  0.00000E+00  0.00000E+00  0.00000E+00  0.00000E+00  0.00000E+00  0.00000E+00  0.00000E+00  0.00000E+00  0.00000E+00  0.00000E+00  0.00000E+00  0.00000E+00  0.00000E+00  0.00000E+00  0.00000E+00  0.00000E+00  0.00000E+00  0.00000E+00  0.00000E+00  0.00000E+00  0.00000E+00  0.00000E+00  0.00000E+00  0.00000E+00  0.00000E+00  0.00000E+00  1.18465E+02  0.00000E+00  1.25104E+03  2.34459E+03  7.73389E+02  8.91990E+01  8.88485E+01  6.47793E+01  2.12426E+01  1.06213E+01  0.00000E+00  0.00000E+00  0.00000E+00  0.00000E+00  0.00000E+00  0.00000E+00  0.00000E+00  0.00000E+00  0.00000E+00  0.00000E+00  0.00000E+00  0.00000E+00  0.00000E+00  0.00000E+00  0.00000E+00
  0.00000E+00  0.00000E+00  0.00000E+00  0.00000E+00  0.00000E+00  0.00000E+00  0.00000E+00  0.00000E+00  0.00000E+00  0.00000E+00  0.00000E+00  0.00000E+00  0.00000E+00  0.00000E+00  0.00000E+00  0.00000E+00  0.00000E+00  0.00000E+00  0.00000E+00  0.00000E+00  0.00000E+00  0.00000E+00  0.00000E+00  0.00000E+00  0.00000E+00  0.00000E+00  0.00000E+00  0.00000E+00  0.00000E+00  0.00000E+00  0.00000E+00  0.00000E+00  0.00000E+00  0.00000E+00  0.00000E+00  0.00000E+00  0.00000E+00  0.00000E+00  0.00000E+00  0.00000E+00  0.00000E+00  0.00000E+00  0.00000E+00  0.00000E+00  0.00000E+00  0.00000E+00  0.00000E+00  5.73358E+01  1.10835E+03  1.04722E+03  2.04468E+03  8.14081E+02  0.00000E+00  5.62759E+01  1.87587E+01  5.59255E+01  1.87587E+01  0.00000E+00  0.00000E+00  0.00000E+00  0.00000E+00  0.00000E+00  0.00000E+00  0.00000E+00  0.00000E+00  0.00000E+00  0.00000E+00  0.00000E+00  0.00000E+00  0.00000E+00  0.00000E+00  0.00000E+00  0.00000E+00
  0.00000E+00  0.00000E+00  0.00000E+00  0.00000E+00  0.00000E+00  0.00000E+00  0.00000E+00  0.00000E+00  0.00000E+00  0.00000E+00  0.00000E+00  0.00000E+00  0.00000E+00  0.00000E+00  0.00000E+00  0.00000E+00  0.00000E+00  0.00000E+00  0.00000E+00  0.00000E+00  0.00000E+00  0.00000E+00  0.00000E+00  0.00000E+00  0.00000E+00  0.00000E+00  0.00000E+00  0.00000E+00  0.00000E+00  0.00000E+00  0.00000E+00  0.00000E+00  0.00000E+00  0.00000E+00  0.00000E+00  0.00000E+00  0.00000E+00  0.00000E+00  0.00000E+00  0.00000E+00  0.00000E+00  0.00000E+00  0.00000E+00  0.00000E+00  0.00000E+00  0.00000E+00  0.00000E+00  3.51601E+02  1.40640E+03  1.99493E+03  2.46121E+03  8.71416E+02  1.03356E+02  4.49615E+01  8.56404E+01  0.00000E+00  0.00000E+00  0.00000E+00  0.00000E+00  0.00000E+00  0.00000E+00  0.00000E+00  0.00000E+00  0.00000E+00  0.00000E+00  0.00000E+00  0.00000E+00  0.00000E+00  0.00000E+00  0.00000E+00  0.00000E+00  0.00000E+00  0.00000E+00
  0.00000E+00  0.00000E+00  0.00000E+00  0.00000E+00  0.00000E+00  0.00000E+00  0.00000E+00  0.00000E+00  0.00000E+00  0.00000E+00  0.00000E+00  0.00000E+00  0.00000E+00  0.00000E+00  0.00000E+00  0.00000E+00  0.00000E+00  0.00000E+00  0.00000E+00  0.00000E+00  0.00000E+00  0.00000E+00  0.00000E+00  0.00000E+00  0.00000E+00  0.00000E+00  0.00000E+00  0.00000E+00  0.00000E+00  0.00000E+00  0.00000E+00  0.00000E+00  0.00000E+00  0.00000E+00  0.00000E+00  0.00000E+00  0.00000E+00  0.00000E+00  0.00000E+00  0.00000E+00  0.00000E+00  0.00000E+00  0.00000E+00  0.00000E+00  0.00000E+00  0.00000E+00  0.00000E+00  0.00000E+00  1.17327E+03  1.76180E+03  1.22681E+03  1.58762E+03  3.03469E+02  9.94543E+01  6.54801E+01  0.00000E+00  0.00000E+00  0.00000E+00  0.00000E+00  0.00000E+00  0.00000E+00  0.00000E+00  0.00000E+00  0.00000E+00  0.00000E+00  0.00000E+00  0.00000E+00  0.00000E+00  0.00000E+00  0.00000E+00  0.00000E+00  0.00000E+00  0.00000E+00
  0.00000E+00  0.00000E+00  0.00000E+00  0.00000E+00  0.00000E+00  0.00000E+00  0.00000E+00  0.00000E+00  0.00000E+00  0.00000E+00  0.00000E+00  0.00000E+00  0.00000E+00  0.00000E+00  0.00000E+00  0.00000E+00  0.00000E+00  0.00000E+00  0.00000E+00  0.00000E+00  0.00000E+00  0.00000E+00  0.00000E+00  0.00000E+00  0.00000E+00  0.00000E+00  0.00000E+00  0.00000E+00  0.00000E+00  0.00000E+00  0.00000E+00  0.00000E+00  0.00000E+00  0.00000E+00  0.00000E+00  0.00000E+00  0.00000E+00  0.00000E+00  0.00000E+00  0.00000E+00  0.00000E+00  0.00000E+00  0.00000E+00  0.00000E+00  0.00000E+00  0.00000E+00  0.00000E+00  0.00000E+00  1.52487E+03  2.22428E+03  1.51349E+03  1.29335E+03  4.63710E+01  2.93799E+01  0.00000E+00  0.00000E+00  0.00000E+00  0.00000E+00  0.00000E+00  0.00000E+00  0.00000E+00  0.00000E+00  0.00000E+00  0.00000E+00  0.00000E+00  0.00000E+00  0.00000E+00  0.00000E+00  0.00000E+00  0.00000E+00  0.00000E+00  0.00000E+00  0.00000E+00
  0.00000E+00  0.00000E+00  0.00000E+00  0.00000E+00  0.00000E+00  0.00000E+00  0.00000E+00  0.00000E+00  0.00000E+00  0.00000E+00  0.00000E+00  0.00000E+00  0.00000E+00  0.00000E+00  0.00000E+00  0.00000E+00  0.00000E+00  0.00000E+00  0.00000E+00  0.00000E+00  0.00000E+00  0.00000E+00  0.00000E+00  0.00000E+00  0.00000E+00  0.00000E+00  0.00000E+00  0.00000E+00  0.00000E+00  0.00000E+00  0.00000E+00  0.00000E+00  0.00000E+00  0.00000E+00  0.00000E+00  0.00000E+00  0.00000E+00  0.00000E+00  0.00000E+00  0.00000E+00  0.00000E+00  0.00000E+00  0.00000E+00  0.00000E+00  0.00000E+00  0.00000E+00  0.00000E+00  0.00000E+00  8.75209E+02  2.40008E+03  2.04848E+03  1.14672E+02  4.03517E+01  2.40693E+01  0.00000E+00  5.31065E+00  0.00000E+00  5.31065E+00  0.00000E+00  0.00000E+00  0.00000E+00  0.00000E+00  0.00000E+00  0.00000E+00  0.00000E+00  0.00000E+00  0.00000E+00  0.00000E+00  0.00000E+00  0.00000E+00  0.00000E+00  0.00000E+00  0.00000E+00
  0.00000E+00  0.00000E+00  0.00000E+00  0.00000E+00  0.00000E+00  0.00000E+00  0.00000E+00  0.00000E+00  0.00000E+00  0.00000E+00  0.00000E+00  0.00000E+00  0.00000E+00  0.00000E+00  0.00000E+00  0.00000E+00  0.00000E+00  0.00000E+00  0.00000E+00  0.00000E+00  0.00000E+00  0.00000E+00  0.00000E+00  0.00000E+00  0.00000E+00  0.00000E+00  0.00000E+00  0.00000E+00  0.00000E+00  0.00000E+00  0.00000E+00  0.00000E+00  0.00000E+00  0.00000E+00  0.00000E+00  0.00000E+00  0.00000E+00  0.00000E+00  0.00000E+00  0.00000E+00  0.00000E+00  0.00000E+00  0.00000E+00  0.00000E+00  0.00000E+00  0.00000E+00  0.00000E+00  0.00000E+00  5.73358E+01  2.28541E+03  1.93001E+03  0.00000E+00  9.20412E+00  5.31065E+00  5.31065E+00  2.65533E+01  5.84171E+01  2.65533E+01  0.00000E+00  0.00000E+00  0.00000E+00  0.00000E+00  0.00000E+00  0.00000E+00  0.00000E+00  0.00000E+00  0.00000E+00  0.00000E+00  0.00000E+00  0.00000E+00  0.00000E+00  0.00000E+00  0.00000E+00
  0.00000E+00  0.00000E+00  0.00000E+00  0.00000E+00  0.00000E+00  0.00000E+00  0.00000E+00  0.00000E+00  0.00000E+00  0.00000E+00  0.00000E+00  0.00000E+00  0.00000E+00  0.00000E+00  0.00000E+00  0.00000E+00  0.00000E+00  0.00000E+00  0.00000E+00  0.00000E+00  0.00000E+00  0.00000E+00  0.00000E+00  0.00000E+00  0.00000E+00  0.00000E+00  0.00000E+00  0.00000E+00  0.00000E+00  0.00000E+00  0.00000E+00  0.00000E+00  0.00000E+00  0.00000E+00  0.00000E+00  0.00000E+00  0.00000E+00  0.00000E+00  0.00000E+00  0.00000E+00  0.00000E+00  0.00000E+00  0.00000E+00  0.00000E+00  0.00000E+00  0.00000E+00  0.00000E+00  0.00000E+00  0.00000E+00  4.70066E+02  4.70066E+02  0.00000E+00  0.00000E+00  0.00000E+00  3.18639E+01  1.06213E+01  4.77958E+01  5.31065E+00  0.00000E+00  0.00000E+00  0.00000E+00  0.00000E+00  0.00000E+00  0.00000E+00  0.00000E+00  0.00000E+00  0.00000E+00  0.00000E+00  0.00000E+00  0.00000E+00  0.00000E+00  0.00000E+00  0.00000E+00
  0.00000E+00  0.00000E+00  0.00000E+00  0.00000E+00  0.00000E+00  0.00000E+00  0.00000E+00  0.00000E+00  0.00000E+00  0.00000E+00  0.00000E+00  0.00000E+00  0.00000E+00  0.00000E+00  0.00000E+00  0.00000E+00  0.00000E+00  0.00000E+00  0.00000E+00  0.00000E+00  0.00000E+00  0.00000E+00  0.00000E+00  0.00000E+00  0.00000E+00  0.00000E+00  0.00000E+00  0.00000E+00  0.00000E+00  0.00000E+00  0.00000E+00  0.00000E+00  0.00000E+00  0.00000E+00  0.00000E+00  0.00000E+00  0.00000E+00  0.00000E+00  0.00000E+00  0.00000E+00  0.00000E+00  0.00000E+00  0.00000E+00  0.00000E+00  0.00000E+00  0.00000E+00  0.00000E+00  0.00000E+00  0.00000E+00  0.00000E+00  0.00000E+00  1.87587E+01  0.00000E+00  0.00000E+00  1.59320E+01  4.77958E+01  1.59320E+01  1.06213E+01  0.00000E+00  0.00000E+00  0.00000E+00  0.00000E+00  0.00000E+00  0.00000E+00  0.00000E+00  0.00000E+00  0.00000E+00  0.00000E+00  0.00000E+00  0.00000E+00  0.00000E+00  0.00000E+00  0.00000E+00
  0.00000E+00  0.00000E+00  0.00000E+00  0.00000E+00  0.00000E+00  0.00000E+00  0.00000E+00  0.00000E+00  0.00000E+00  0.00000E+00  0.00000E+00  0.00000E+00  0.00000E+00  0.00000E+00  0.00000E+00  0.00000E+00  0.00000E+00  0.00000E+00  0.00000E+00  0.00000E+00  0.00000E+00  0.00000E+00  0.00000E+00  0.00000E+00  0.00000E+00  0.00000E+00  0.00000E+00  0.00000E+00  0.00000E+00  0.00000E+00  0.00000E+00  0.00000E+00  0.00000E+00  0.00000E+00  0.00000E+00  0.00000E+00  0.00000E+00  0.00000E+00  0.00000E+00  0.00000E+00  0.00000E+00  0.00000E+00  0.00000E+00  0.00000E+00  0.00000E+00  0.00000E+00  0.00000E+00  0.00000E+00  0.00000E+00  0.00000E+00  9.20412E+00  7.43338E+01  0.00000E+00  0.00000E+00  2.12426E+01  5.84171E+01  4.24852E+01  3.18639E+01  2.12426E+01  5.31065E+01  0.00000E+00  0.00000E+00  0.00000E+00  0.00000E+00  0.00000E+00  0.00000E+00  0.00000E+00  0.00000E+00  0.00000E+00  0.00000E+00  0.00000E+00  0.00000E+00  0.00000E+00
  0.00000E+00  0.00000E+00  0.00000E+00  0.00000E+00  0.00000E+00  0.00000E+00  0.00000E+00  0.00000E+00  0.00000E+00  0.00000E+00  0.00000E+00  0.00000E+00  0.00000E+00  0.00000E+00  0.00000E+00  0.00000E+00  0.00000E+00  0.00000E+00  0.00000E+00  0.00000E+00  0.00000E+00  0.00000E+00  0.00000E+00  0.00000E+00  0.00000E+00  0.00000E+00  0.00000E+00  0.00000E+00  0.00000E+00  0.00000E+00  0.00000E+00  0.00000E+00  0.00000E+00  0.00000E+00  0.00000E+00  0.00000E+00  0.00000E+00  0.00000E+00  0.00000E+00  0.00000E+00  0.00000E+00  0.00000E+00  0.00000E+00  0.00000E+00  0.00000E+00  0.00000E+00  0.00000E+00  0.00000E+00  0.00000E+00  0.00000E+00  2.79628E+01  5.66264E+01  0.00000E+00  0.00000E+00  5.31065E+00  4.77958E+01  3.18639E+01  0.00000E+00  9.80448E+01  5.84171E+01  0.00000E+00  0.00000E+00  0.00000E+00  0.00000E+00  0.00000E+00  0.00000E+00  0.00000E+00  0.00000E+00  0.00000E+00  0.00000E+00  0.00000E+00  0.00000E+00  0.00000E+00
  0.00000E+00  0.00000E+00  0.00000E+00  0.00000E+00  0.00000E+00  0.00000E+00  0.00000E+00  0.00000E+00  0.00000E+00  0.00000E+00  0.00000E+00  0.00000E+00  0.00000E+00  0.00000E+00  0.00000E+00  0.00000E+00  0.00000E+00  0.00000E+00  0.00000E+00  0.00000E+00  0.00000E+00  0.00000E+00  0.00000E+00  0.00000E+00  0.00000E+00  0.00000E+00  0.00000E+00  0.00000E+00  0.00000E+00  0.00000E+00  0.00000E+00  0.00000E+00  0.00000E+00  0.00000E+00  0.00000E+00  0.00000E+00  0.00000E+00  0.00000E+00  0.00000E+00  0.00000E+00  0.00000E+00  0.00000E+00  0.00000E+00  0.00000E+00  0.00000E+00  0.00000E+00  0.00000E+00  0.00000E+00  0.00000E+00  0.00000E+00  1.87587E+01  1.54329E+02  6.19370E+01  0.00000E+00  0.00000E+00  5.31065E+00  1.59320E+01  4.63710E+01  5.37996E+01  3.71745E+01  2.12426E+01  1.59320E+01  0.00000E+00  0.00000E+00  0.00000E+00  0.00000E+00  0.00000E+00  0.00000E+00  0.00000E+00  0.00000E+00  0.00000E+00  0.00000E+00  0.00000E+00
  0.00000E+00  0.00000E+00  0.00000E+00  0.00000E+00  0.00000E+00  0.00000E+00  0.00000E+00  0.00000E+00  0.00000E+00  0.00000E+00  0.00000E+00  0.00000E+00  0.00000E+00  0.00000E+00  0.00000E+00  0.00000E+00  0.00000E+00  0.00000E+00  0.00000E+00  0.00000E+00  0.00000E+00  0.00000E+00  0.00000E+00  0.00000E+00  0.00000E+00  0.00000E+00  0.00000E+00  0.00000E+00  0.00000E+00  0.00000E+00  0.00000E+00  0.00000E+00  0.00000E+00  0.00000E+00  0.00000E+00  0.00000E+00  0.00000E+00  0.00000E+00  0.00000E+00  0.00000E+00  0.00000E+00  0.00000E+00  0.00000E+00  0.00000E+00  0.00000E+00  0.00000E+00  0.00000E+00  0.00000E+00  0.00000E+00  0.00000E+00  1.45148E+01  1.45148E+01  4.24852E+01  0.00000E+00  0.00000E+00  1.59320E+01  5.31065E+00  5.76932E+01  3.71745E+01  4.24852E+01  4.77958E+01  4.24852E+01  5.31065E+00  0.00000E+00  0.00000E+00  0.00000E+00  0.00000E+00  0.00000E+00  0.00000E+00  0.00000E+00  0.00000E+00  0.00000E+00  0.00000E+00
  0.00000E+00  0.00000E+00  0.00000E+00  0.00000E+00  0.00000E+00  0.00000E+00  0.00000E+00  0.00000E+00  0.00000E+00  0.00000E+00  0.00000E+00  0.00000E+00  0.00000E+00  0.00000E+00  0.00000E+00  0.00000E+00  0.00000E+00  0.00000E+00  0.00000E+00  0.00000E+00  0.00000E+00  0.00000E+00  0.00000E+00  0.00000E+00  0.00000E+00  0.00000E+00  0.00000E+00  0.00000E+00  0.00000E+00  0.00000E+00  0.00000E+00  0.00000E+00  0.00000E+00  0.00000E+00  0.00000E+00  0.00000E+00  0.00000E+00  0.00000E+00  0.00000E+00  0.00000E+00  0.00000E+00  0.00000E+00  0.00000E+00  0.00000E+00  0.00000E+00  0.00000E+00  0.00000E+00  0.00000E+00  0.00000E+00  0.00000E+00  1.59320E+01  2.12426E+01  7.96597E+01  1.59320E+01  0.00000E+00  0.00000E+00  0.00000E+00  2.65533E+01  5.84171E+01  4.77958E+01  3.71745E+01  5.31065E+00  0.00000E+00  0.00000E+00  0.00000E+00  0.00000E+00  0.00000E+00  0.00000E+00  0.00000E+00  0.00000E+00  0.00000E+00  0.00000E+00  0.00000E+00
  0.00000E+00  0.00000E+00  0.00000E+00  0.00000E+00  0.00000E+00  0.00000E+00  0.00000E+00  0.00000E+00  0.00000E+00  0.00000E+00  0.00000E+00  0.00000E+00  0.00000E+00  0.00000E+00  0.00000E+00  0.00000E+00  0.00000E+00  0.00000E+00  0.00000E+00  0.00000E+00  0.00000E+00  0.00000E+00  0.00000E+00  0.00000E+00  0.00000E+00  0.00000E+00  0.00000E+00  0.00000E+00  0.00000E+00  0.00000E+00  0.00000E+00  0.00000E+00  0.00000E+00  0.00000E+00  0.00000E+00  0.00000E+00  0.00000E+00  0.00000E+00  0.00000E+00  0.00000E+00  0.00000E+00  0.00000E+00  0.00000E+00  0.00000E+00  0.00000E+00  0.00000E+00  0.00000E+00  0.00000E+00  0.00000E+00  0.00000E+00  2.12426E+01  3.18639E+01  1.06213E+01  4.24852E+01  5.31065E+00  0.00000E+00  1.59320E+01  1.59320E+01  2.12426E+01  5.31065E+01  1.06213E+01  0.00000E+00  0.00000E+00  0.00000E+00  0.00000E+00  0.00000E+00  0.00000E+00  0.00000E+00  0.00000E+00  0.00000E+00  0.00000E+00  0.00000E+00  0.00000E+00
  0.00000E+00  0.00000E+00  0.00000E+00  0.00000E+00  0.00000E+00  0.00000E+00  0.00000E+00  0.00000E+00  0.00000E+00  0.00000E+00  0.00000E+00  0.00000E+00  0.00000E+00  0.00000E+00  0.00000E+00  0.00000E+00  0.00000E+00  0.00000E+00  0.00000E+00  0.00000E+00  0.00000E+00  0.00000E+00  0.00000E+00  0.00000E+00  0.00000E+00  0.00000E+00  0.00000E+00  0.00000E+00  0.00000E+00  0.00000E+00  0.00000E+00  0.00000E+00  0.00000E+00  0.00000E+00  0.00000E+00  0.00000E+00  0.00000E+00  0.00000E+00  0.00000E+00  0.00000E+00  0.00000E+00  0.00000E+00  0.00000E+00  0.00000E+00  0.00000E+00  0.00000E+00  0.00000E+00  0.00000E+00  0.00000E+00  0.00000E+00  0.00000E+00  1.59320E+01  3.18639E+01  3.71745E+01  1.06213E+01  0.00000E+00  2.12426E+01  1.59320E+01  3.18639E+01  4.24852E+01  1.06213E+01  0.00000E+00  0.00000E+00  0.00000E+00  0.00000E+00  0.00000E+00  0.00000E+00  0.00000E+00  0.00000E+00  0.00000E+00  0.00000E+00  0.00000E+00  0.00000E+00
  0.00000E+00  0.00000E+00  0.00000E+00  0.00000E+00  0.00000E+00  0.00000E+00  0.00000E+00  0.00000E+00  0.00000E+00  0.00000E+00  0.00000E+00  0.00000E+00  0.00000E+00  0.00000E+00  0.00000E+00  0.00000E+00  0.00000E+00  0.00000E+00  0.00000E+00  0.00000E+00  0.00000E+00  0.00000E+00  0.00000E+00  0.00000E+00  0.00000E+00  0.00000E+00  0.00000E+00  0.00000E+00  0.00000E+00  0.00000E+00  0.00000E+00  0.00000E+00  0.00000E+00  0.00000E+00  0.00000E+00  0.00000E+00  0.00000E+00  0.00000E+00  0.00000E+00  0.00000E+00  0.00000E+00  0.00000E+00  0.00000E+00  0.00000E+00  0.00000E+00  0.00000E+00  0.00000E+00  0.00000E+00  0.00000E+00  0.00000E+00  0.00000E+00  0.00000E+00  0.00000E+00  0.00000E+00  0.00000E+00  0.00000E+00  5.31065E+01  6.37278E+01  4.24852E+01  2.65533E+01  5.31065E+00  0.00000E+00  0.00000E+00  0.00000E+00  0.00000E+00  0.00000E+00  0.00000E+00  0.00000E+00  0.00000E+00  0.00000E+00  0.00000E+00  0.00000E+00  0.00000E+00
  0.00000E+00  0.00000E+00  0.00000E+00  0.00000E+00  0.00000E+00  0.00000E+00  0.00000E+00  0.00000E+00  0.00000E+00  0.00000E+00  0.00000E+00  0.00000E+00  0.00000E+00  0.00000E+00  0.00000E+00  0.00000E+00  0.00000E+00  0.00000E+00  0.00000E+00  0.00000E+00  0.00000E+00  0.00000E+00  0.00000E+00  0.00000E+00  0.00000E+00  0.00000E+00  0.00000E+00  0.00000E+00  0.00000E+00  0.00000E+00  0.00000E+00  0.00000E+00  0.00000E+00  0.00000E+00  0.00000E+00  0.00000E+00  0.00000E+00  0.00000E+00  0.00000E+00  0.00000E+00  0.00000E+00  0.00000E+00  0.00000E+00  0.00000E+00  0.00000E+00  0.00000E+00  0.00000E+00  0.00000E+00  0.00000E+00  0.00000E+00  0.00000E+00  0.00000E+00  2.76124E+01  0.00000E+00  0.00000E+00  0.00000E+00  4.77958E+01  3.71745E+01  5.31065E+01  1.06213E+01  0.00000E+00  0.00000E+00  0.00000E+00  0.00000E+00  0.00000E+00  0.00000E+00  0.00000E+00  0.00000E+00  0.00000E+00  0.00000E+00  0.00000E+00  0.00000E+00  0.00000E+00
  0.00000E+00  0.00000E+00  0.00000E+00  0.00000E+00  0.00000E+00  0.00000E+00  0.00000E+00  0.00000E+00  0.00000E+00  0.00000E+00  0.00000E+00  0.00000E+00  0.00000E+00  0.00000E+00  0.00000E+00  0.00000E+00  0.00000E+00  0.00000E+00  0.00000E+00  0.00000E+00  0.00000E+00  0.00000E+00  0.00000E+00  0.00000E+00  0.00000E+00  0.00000E+00  0.00000E+00  0.00000E+00  0.00000E+00  0.00000E+00  0.00000E+00  0.00000E+00  0.00000E+00  0.00000E+00  0.00000E+00  0.00000E+00  0.00000E+00  0.00000E+00  0.00000E+00  0.00000E+00  0.00000E+00  0.00000E+00  0.00000E+00  0.00000E+00  0.00000E+00  0.00000E+00  0.00000E+00  0.00000E+00  0.00000E+00  0.00000E+00  0.00000E+00  7.64363E+01  4.77726E+01  0.00000E+00  0.00000E+00  0.00000E+00  5.31065E+01  2.65533E+01  4.77958E+01  0.00000E+00  0.00000E+00  0.00000E+00  0.00000E+00  0.00000E+00  0.00000E+00  0.00000E+00  0.00000E+00  0.00000E+00  0.00000E+00  0.00000E+00  0.00000E+00  0.00000E+00  0.00000E+00
  0.00000E+00  0.00000E+00  0.00000E+00  0.00000E+00  0.00000E+00  0.00000E+00  0.00000E+00  0.00000E+00  0.00000E+00  0.00000E+00  0.00000E+00  0.00000E+00  0.00000E+00  0.00000E+00  0.00000E+00  0.00000E+00  0.00000E+00  0.00000E+00  0.00000E+00  0.00000E+00  0.00000E+00  0.00000E+00  0.00000E+00  0.00000E+00  0.00000E+00  0.00000E+00  0.00000E+00  0.00000E+00  0.00000E+00  0.00000E+00  0.00000E+00  0.00000E+00  0.00000E+00  0.00000E+00  0.00000E+00  0.00000E+00  0.00000E+00  0.00000E+00  0.00000E+00  0.00000E+00  0.00000E+00  0.00000E+00  0.00000E+00  0.00000E+00  0.00000E+00  0.00000E+00  0.00000E+00  0.00000E+00  0.00000E+00  0.00000E+00  0.00000E+00  6.65313E+01  7.57354E+01  9.34429E+01  0.00000E+00  0.00000E+00  1.06213E+01  5.31065E+01  5.31065E+01  0.00000E+00  0.00000E+00  0.00000E+00  0.00000E+00  0.00000E+00  0.00000E+00  0.00000E+00  0.00000E+00  0.00000E+00  0.00000E+00  0.00000E+00  0.00000E+00  0.00000E+00  0.00000E+00
  0.00000E+00  0.00000E+00  0.00000E+00  0.00000E+00  0.00000E+00  0.00000E+00  0.00000E+00  0.00000E+00  0.00000E+00  0.00000E+00  0.00000E+00  0.00000E+00  0.00000E+00  0.00000E+00  0.00000E+00  0.00000E+00  0.00000E+00  0.00000E+00  0.00000E+00  0.00000E+00  0.00000E+00  0.00000E+00  0.00000E+00  0.00000E+00  0.00000E+00  0.00000E+00  0.00000E+00  0.00000E+00  0.00000E+00  0.00000E+00  0.00000E+00  0.00000E+00  0.00000E+00  0.00000E+00  0.00000E+00  0.00000E+00  0.00000E+00  0.00000E+00  0.00000E+00  0.00000E+00  0.00000E+00  0.00000E+00  0.00000E+00  0.00000E+00  0.00000E+00  0.00000E+00  0.00000E+00  0.00000E+00  0.00000E+00  0.00000E+00  0.00000E+00  6.54801E+01  1.32362E+02  2.25805E+02  9.41437E+01  0.00000E+00  0.00000E+00  4.24852E+01  5.31065E+01  0.00000E+00  0.00000E+00  0.00000E+00  0.00000E+00  0.00000E+00  0.00000E+00  0.00000E+00  0.00000E+00  0.00000E+00  0.00000E+00  0.00000E+00  0.00000E+00  0.00000E+00  0.00000E+00
  0.00000E+00  0.00000E+00  0.00000E+00  0.00000E+00  0.00000E+00  0.00000E+00  0.00000E+00  0.00000E+00  0.00000E+00  0.00000E+00  0.00000E+00  0.00000E+00  0.00000E+00  0.00000E+00  0.00000E+00  0.00000E+00  0.00000E+00  0.00000E+00  0.00000E+00  0.00000E+00  0.00000E+00  0.00000E+00  0.00000E+00  0.00000E+00  0.00000E+00  0.00000E+00  0.00000E+00  0.00000E+00  0.00000E+00  0.00000E+00  0.00000E+00  0.00000E+00  0.00000E+00  0.00000E+00  0.00000E+00  0.00000E+00  0.00000E+00  0.00000E+00  0.00000E+00  0.00000E+00  0.00000E+00  0.00000E+00  0.00000E+00  0.00000E+00  0.00000E+00  0.00000E+00  0.00000E+00  0.00000E+00  0.00000E+00  0.00000E+00  0.00000E+00  5.69768E+01  2.27206E+02  1.78382E+02  6.61809E+01  1.03698E+02  1.06213E+01  4.77958E+01  2.12426E+01  0.00000E+00  0.00000E+00  0.00000E+00  0.00000E+00  0.00000E+00  0.00000E+00  0.00000E+00  0.00000E+00  0.00000E+00  0.00000E+00  0.00000E+00  0.00000E+00  0.00000E+00  0.00000E+00
  0.00000E+00  0.00000E+00  0.00000E+00  0.00000E+00  0.00000E+00  0.00000E+00  0.00000E+00  0.00000E+00  0.00000E+00  0.00000E+00  0.00000E+00  0.00000E+00  0.00000E+00  0.00000E+00  0.00000E+00  0.00000E+00  0.00000E+00  0.00000E+00  0.00000E+00  0.00000E+00  0.00000E+00  0.00000E+00  0.00000E+00  0.00000E+00  0.00000E+00  0.00000E+00  0.00000E+00  0.00000E+00  0.00000E+00  0.00000E+00  0.00000E+00  0.00000E+00  0.00000E+00  0.00000E+00  0.00000E+00  0.00000E+00  0.00000E+00  0.00000E+00  0.00000E+00  0.00000E+00  0.00000E+00  0.00000E+00  0.00000E+00  0.00000E+00  0.00000E+00  0.00000E+00  0.00000E+00  0.00000E+00  0.00000E+00  0.00000E+00  0.00000E+00  0.00000E+00  2.07396E+02  2.25104E+02  4.70718E+01  9.48445E+01  1.06213E+01  7.96597E+01  1.06213E+01  0.00000E+00  0.00000E+00  0.00000E+00  0.00000E+00  0.00000E+00  0.00000E+00  0.00000E+00  0.00000E+00  0.00000E+00  0.00000E+00  0.00000E+00  0.00000E+00  0.00000E+00  0.00000E+00
  0.00000E+00  0.00000E+00  0.00000E+00  0.00000E+00  0.00000E+00  0.00000E+00  0.00000E+00  0.00000E+00  0.00000E+00  0.00000E+00  0.00000E+00  0.00000E+00  0.00000E+00  0.00000E+00  0.00000E+00  0.00000E+00  0.00000E+00  0.00000E+00  0.00000E+00  0.00000E+00  0.00000E+00  0.00000E+00  0.00000E+00  0.00000E+00  0.00000E+00  0.00000E+00  0.00000E+00  0.00000E+00  0.00000E+00  0.00000E+00  0.00000E+00  0.00000E+00  0.00000E+00  0.00000E+00  0.00000E+00  0.00000E+00  0.00000E+00  0.00000E+00  0.00000E+00  0.00000E+00  0.00000E+00  0.00000E+00  0.00000E+00  0.00000E+00  0.00000E+00  0.00000E+00  0.00000E+00  0.00000E+00  0.00000E+00  0.00000E+00  0.00000E+00  0.00000E+00  1.40865E+02  5.55752E+01  9.55453E+00  0.00000E+00  0.00000E+00  4.24852E+01  1.06213E+01  0.00000E+00  0.00000E+00  0.00000E+00  0.00000E+00  0.00000E+00  0.00000E+00  0.00000E+00  0.00000E+00  0.00000E+00  0.00000E+00  0.00000E+00  0.00000E+00  0.00000E+00  0.00000E+00
  0.00000E+00  0.00000E+00  0.00000E+00  0.00000E+00  0.00000E+00  0.00000E+00  0.00000E+00  0.00000E+00  0.00000E+00  0.00000E+00  0.00000E+00  0.00000E+00  0.00000E+00  0.00000E+00  0.00000E+00  0.00000E+00  0.00000E+00  0.00000E+00  0.00000E+00  0.00000E+00  0.00000E+00  0.00000E+00  0.00000E+00  0.00000E+00  0.00000E+00  0.00000E+00  0.00000E+00  0.00000E+00  0.00000E+00  0.00000E+00  0.00000E+00  0.00000E+00  0.00000E+00  0.00000E+00  0.00000E+00  0.00000E+00  0.00000E+00  0.00000E+00  0.00000E+00  0.00000E+00  0.00000E+00  0.00000E+00  0.00000E+00  0.00000E+00  0.00000E+00  0.00000E+00  0.00000E+00  0.00000E+00  0.00000E+00  0.00000E+00  0.00000E+00  0.00000E+00  5.69768E+01  3.71669E+01  0.00000E+00  0.00000E+00  0.00000E+00  1.06213E+01  2.12426E+01  0.00000E+00  0.00000E+00  0.00000E+00  0.00000E+00  0.00000E+00  0.00000E+00  0.00000E+00  0.00000E+00  0.00000E+00  0.00000E+00  0.00000E+00  0.00000E+00  0.00000E+00  0.00000E+00
  0.00000E+00  0.00000E+00  0.00000E+00  0.00000E+00  0.00000E+00  0.00000E+00  0.00000E+00  0.00000E+00  0.00000E+00  0.00000E+00  0.00000E+00  0.00000E+00  0.00000E+00  0.00000E+00  0.00000E+00  0.00000E+00  0.00000E+00  0.00000E+00  0.00000E+00  0.00000E+00  0.00000E+00  0.00000E+00  0.00000E+00  0.00000E+00  0.00000E+00  0.00000E+00  0.00000E+00  0.00000E+00  0.00000E+00  0.00000E+00  0.00000E+00  0.00000E+00  0.00000E+00  0.00000E+00  0.00000E+00  0.00000E+00  0.00000E+00  0.00000E+00  0.00000E+00  0.00000E+00  0.00000E+00  0.00000E+00  0.00000E+00  0.00000E+00  0.00000E+00  0.00000E+00  0.00000E+00  0.00000E+00  0.00000E+00  0.00000E+00  0.00000E+00  0.00000E+00  6.65313E+01  1.12202E+02  0.00000E+00  0.00000E+00  0.00000E+00  2.12426E+01  1.59320E+01  0.00000E+00  0.00000E+00  0.00000E+00  0.00000E+00  0.00000E+00  0.00000E+00  0.00000E+00  0.00000E+00  0.00000E+00  0.00000E+00  0.00000E+00  0.00000E+00  0.00000E+00  0.00000E+00
  0.00000E+00  0.00000E+00  0.00000E+00  0.00000E+00  0.00000E+00  0.00000E+00  0.00000E+00  0.00000E+00  0.00000E+00  0.00000E+00  0.00000E+00  0.00000E+00  0.00000E+00  0.00000E+00  0.00000E+00  0.00000E+00  0.00000E+00  0.00000E+00  0.00000E+00  0.00000E+00  0.00000E+00  0.00000E+00  0.00000E+00  0.00000E+00  0.00000E+00  0.00000E+00  0.00000E+00  0.00000E+00  0.00000E+00  0.00000E+00  0.00000E+00  0.00000E+00  0.00000E+00  0.00000E+00  0.00000E+00  0.00000E+00  0.00000E+00  0.00000E+00  0.00000E+00  0.00000E+00  0.00000E+00  0.00000E+00  0.00000E+00  0.00000E+00  0.00000E+00  0.00000E+00  0.00000E+00  0.00000E+00  0.00000E+00  0.00000E+00  0.00000E+00  0.00000E+00  0.00000E+00  1.84082E+01  0.00000E+00  0.00000E+00  0.00000E+00  2.12426E+01  0.00000E+00  0.00000E+00  0.00000E+00  0.00000E+00  0.00000E+00  0.00000E+00  0.00000E+00  0.00000E+00  0.00000E+00  0.00000E+00  0.00000E+00  0.00000E+00  0.00000E+00  0.00000E+00  0.00000E+00
  0.00000E+00  0.00000E+00  0.00000E+00  0.00000E+00  0.00000E+00  0.00000E+00  0.00000E+00  0.00000E+00  0.00000E+00  0.00000E+00  0.00000E+00  0.00000E+00  0.00000E+00  0.00000E+00  0.00000E+00  0.00000E+00  0.00000E+00  0.00000E+00  0.00000E+00  0.00000E+00  0.00000E+00  0.00000E+00  0.00000E+00  0.00000E+00  0.00000E+00  0.00000E+00  0.00000E+00  0.00000E+00  0.00000E+00  0.00000E+00  0.00000E+00  0.00000E+00  0.00000E+00  0.00000E+00  0.00000E+00  0.00000E+00  0.00000E+00  0.00000E+00  0.00000E+00  0.00000E+00  0.00000E+00  0.00000E+00  0.00000E+00  0.00000E+00  0.00000E+00  0.00000E+00  0.00000E+00  0.00000E+00  0.00000E+00  0.00000E+00  0.00000E+00  0.00000E+00  0.00000E+00  9.55453E+00  9.55453E+00  0.00000E+00  0.00000E+00  3.71745E+01  2.65533E+01  0.00000E+00  0.00000E+00  0.00000E+00  0.00000E+00  0.00000E+00  0.00000E+00  0.00000E+00  0.00000E+00  0.00000E+00  0.00000E+00  0.00000E+00  0.00000E+00  0.00000E+00  0.00000E+00
  0.00000E+00  0.00000E+00  0.00000E+00  0.00000E+00  0.00000E+00  0.00000E+00  0.00000E+00  0.00000E+00  0.00000E+00  0.00000E+00  0.00000E+00  0.00000E+00  0.00000E+00  0.00000E+00  0.00000E+00  0.00000E+00  0.00000E+00  0.00000E+00  0.00000E+00  0.00000E+00  0.00000E+00  0.00000E+00  0.00000E+00  0.00000E+00  0.00000E+00  0.00000E+00  0.00000E+00  0.00000E+00  0.00000E+00  0.00000E+00  0.00000E+00  0.00000E+00  0.00000E+00  0.00000E+00  0.00000E+00  0.00000E+00  0.00000E+00  0.00000E+00  0.00000E+00  0.00000E+00  0.00000E+00  0.00000E+00  0.00000E+00  0.00000E+00  0.00000E+00  0.00000E+00  0.00000E+00  0.00000E+00  0.00000E+00  0.00000E+00  0.00000E+00  0.00000E+00  0.00000E+00  0.00000E+00  0.00000E+00  0.00000E+00  0.00000E+00  1.59320E+01  3.71745E+01  0.00000E+00  0.00000E+00  0.00000E+00  0.00000E+00  0.00000E+00  0.00000E+00  0.00000E+00  0.00000E+00  0.00000E+00  0.00000E+00  0.00000E+00  0.00000E+00  0.00000E+00  0.00000E+00
  0.00000E+00  0.00000E+00  0.00000E+00  0.00000E+00  0.00000E+00  0.00000E+00  0.00000E+00  0.00000E+00  0.00000E+00  0.00000E+00  0.00000E+00  0.00000E+00  0.00000E+00  0.00000E+00  0.00000E+00  0.00000E+00  0.00000E+00  0.00000E+00  0.00000E+00  0.00000E+00  0.00000E+00  0.00000E+00  0.00000E+00  0.00000E+00  0.00000E+00  0.00000E+00  0.00000E+00  0.00000E+00  0.00000E+00  0.00000E+00  0.00000E+00  0.00000E+00  0.00000E+00  0.00000E+00  0.00000E+00  0.00000E+00  0.00000E+00  0.00000E+00  0.00000E+00  0.00000E+00  0.00000E+00  0.00000E+00  0.00000E+00  0.00000E+00  0.00000E+00  0.00000E+00  0.00000E+00  0.00000E+00  0.00000E+00  0.00000E+00  0.00000E+00  0.00000E+00  0.00000E+00  0.00000E+00  0.00000E+00  0.00000E+00  0.00000E+00  5.31065E+00  1.59320E+01  0.00000E+00  0.00000E+00  0.00000E+00  0.00000E+00  0.00000E+00  0.00000E+00  0.00000E+00  0.00000E+00  0.00000E+00  0.00000E+00  0.00000E+00  0.00000E+00  0.00000E+00  0.00000E+00
  0.00000E+00  0.00000E+00  0.00000E+00  0.00000E+00  0.00000E+00  0.00000E+00  0.00000E+00  0.00000E+00  0.00000E+00  0.00000E+00  0.00000E+00  0.00000E+00  0.00000E+00  0.00000E+00  0.00000E+00  0.00000E+00  0.00000E+00  0.00000E+00  0.00000E+00  0.00000E+00  0.00000E+00  0.00000E+00  0.00000E+00  0.00000E+00  0.00000E+00  0.00000E+00  0.00000E+00  0.00000E+00  0.00000E+00  0.00000E+00  0.00000E+00  0.00000E+00  0.00000E+00  0.00000E+00  0.00000E+00  0.00000E+00  0.00000E+00  0.00000E+00  0.00000E+00  0.00000E+00  0.00000E+00  0.00000E+00  0.00000E+00  0.00000E+00  0.00000E+00  0.00000E+00  0.00000E+00  0.00000E+00  0.00000E+00  0.00000E+00  0.00000E+00  0.00000E+00  0.00000E+00  0.00000E+00  0.00000E+00  1.87587E+01  7.43338E+01  2.18018E+02  1.20004E+02  3.18639E+01  0.00000E+00  0.00000E+00  0.00000E+00  0.00000E+00  0.00000E+00  0.00000E+00  0.00000E+00  0.00000E+00  0.00000E+00  0.00000E+00  0.00000E+00  0.00000E+00  0.00000E+00
  0.00000E+00  0.00000E+00  0.00000E+00  0.00000E+00  0.00000E+00  0.00000E+00  0.00000E+00  0.00000E+00  0.00000E+00  0.00000E+00  0.00000E+00  0.00000E+00  0.00000E+00  0.00000E+00  0.00000E+00  0.00000E+00  0.00000E+00  0.00000E+00  0.00000E+00  0.00000E+00  0.00000E+00  0.00000E+00  0.00000E+00  0.00000E+00  0.00000E+00  0.00000E+00  0.00000E+00  0.00000E+00  0.00000E+00  0.00000E+00  0.00000E+00  0.00000E+00  0.00000E+00  0.00000E+00  0.00000E+00  0.00000E+00  0.00000E+00  0.00000E+00  0.00000E+00  0.00000E+00  0.00000E+00  0.00000E+00  0.00000E+00  0.00000E+00  0.00000E+00  0.00000E+00  0.00000E+00  0.00000E+00  0.00000E+00  0.00000E+00  0.00000E+00  0.00000E+00  0.00000E+00  0.00000E+00  0.00000E+00  1.69529E+02  6.51297E+01  1.40507E+02  6.76213E+01  6.37278E+01  0.00000E+00  0.00000E+00  0.00000E+00  0.00000E+00  0.00000E+00  0.00000E+00  0.00000E+00  0.00000E+00  0.00000E+00  0.00000E+00  0.00000E+00  0.00000E+00  0.00000E+00
  0.00000E+00  0.00000E+00  0.00000E+00  0.00000E+00  0.00000E+00  0.00000E+00  0.00000E+00  0.00000E+00  0.00000E+00  0.00000E+00  0.00000E+00  0.00000E+00  0.00000E+00  0.00000E+00  0.00000E+00  0.00000E+00  0.00000E+00  0.00000E+00  0.00000E+00  0.00000E+00  0.00000E+00  0.00000E+00  0.00000E+00  0.00000E+00  0.00000E+00  0.00000E+00  0.00000E+00  0.00000E+00  0.00000E+00  0.00000E+00  0.00000E+00  0.00000E+00  0.00000E+00  0.00000E+00  0.00000E+00  0.00000E+00  0.00000E+00  0.00000E+00  0.00000E+00  0.00000E+00  0.00000E+00  0.00000E+00  0.00000E+00  0.00000E+00  0.00000E+00  0.00000E+00  0.00000E+00  0.00000E+00  0.00000E+00  0.00000E+00  0.00000E+00  0.00000E+00  0.00000E+00  0.00000E+00  0.00000E+00  1.91091E+01  4.74223E+01  1.32712E+02  1.46183E+02  4.03517E+01  0.00000E+00  0.00000E+00  0.00000E+00  0.00000E+00  0.00000E+00  0.00000E+00  0.00000E+00  0.00000E+00  0.00000E+00  0.00000E+00  0.00000E+00  0.00000E+00  0.00000E+00
  0.00000E+00  0.00000E+00  0.00000E+00  0.00000E+00  0.00000E+00  0.00000E+00  0.00000E+00  0.00000E+00  0.00000E+00  0.00000E+00  0.00000E+00  0.00000E+00  0.00000E+00  0.00000E+00  0.00000E+00  0.00000E+00  0.00000E+00  0.00000E+00  0.00000E+00  0.00000E+00  0.00000E+00  0.00000E+00  0.00000E+00  0.00000E+00  0.00000E+00  0.00000E+00  0.00000E+00  0.00000E+00  0.00000E+00  0.00000E+00  0.00000E+00  0.00000E+00  0.00000E+00  0.00000E+00  0.00000E+00  0.00000E+00  0.00000E+00  0.00000E+00  0.00000E+00  0.00000E+00  0.00000E+00  0.00000E+00  0.00000E+00  0.00000E+00  0.00000E+00  0.00000E+00  0.00000E+00  0.00000E+00  0.00000E+00  0.00000E+00  0.00000E+00  0.00000E+00  0.00000E+00  0.00000E+00  0.00000E+00  0.00000E+00  0.00000E+00  7.60858E+01  9.41437E+01  6.58305E+01  0.00000E+00  0.00000E+00  0.00000E+00  0.00000E+00  0.00000E+00  0.00000E+00  0.00000E+00  0.00000E+00  0.00000E+00  0.00000E+00  0.00000E+00  0.00000E+00  0.00000E+00
  0.00000E+00  0.00000E+00  0.00000E+00  0.00000E+00  0.00000E+00  0.00000E+00  0.00000E+00  0.00000E+00  0.00000E+00  0.00000E+00  0.00000E+00  0.00000E+00  0.00000E+00  0.00000E+00  0.00000E+00  0.00000E+00  0.00000E+00  0.00000E+00  0.00000E+00  0.00000E+00  0.00000E+00  0.00000E+00  0.00000E+00  0.00000E+00  0.00000E+00  0.00000E+00  0.00000E+00  0.00000E+00  0.00000E+00  0.00000E+00  0.00000E+00  0.00000E+00  0.00000E+00  0.00000E+00  0.00000E+00  0.00000E+00  0.00000E+00  0.00000E+00  0.00000E+00  0.00000E+00  0.00000E+00  0.00000E+00  0.00000E+00  0.00000E+00  0.00000E+00  0.00000E+00  0.00000E+00  0.00000E+00  0.00000E+00  0.00000E+00  0.00000E+00  0.00000E+00  0.00000E+00  0.00000E+00  0.00000E+00  0.00000E+00  0.00000E+00  0.00000E+00  5.62759E+01  0.00000E+00  0.00000E+00  0.00000E+00  0.00000E+00  0.00000E+00  0.00000E+00  0.00000E+00  0.00000E+00  0.00000E+00  0.00000E+00  0.00000E+00  0.00000E+00  0.00000E+00  0.00000E+00
  0.00000E+00  0.00000E+00  0.00000E+00  0.00000E+00  0.00000E+00  0.00000E+00  0.00000E+00  0.00000E+00  0.00000E+00  0.00000E+00  0.00000E+00  0.00000E+00  0.00000E+00  0.00000E+00  0.00000E+00  0.00000E+00  0.00000E+00  0.00000E+00  0.00000E+00  0.00000E+00  0.00000E+00  0.00000E+00  0.00000E+00  0.00000E+00  0.00000E+00  0.00000E+00  0.00000E+00  0.00000E+00  0.00000E+00  0.00000E+00  0.00000E+00  0.00000E+00  0.00000E+00  0.00000E+00  0.00000E+00  0.00000E+00  0.00000E+00  0.00000E+00  0.00000E+00  0.00000E+00  0.00000E+00  0.00000E+00  0.00000E+00  0.00000E+00  0.00000E+00  0.00000E+00  0.00000E+00  0.00000E+00  0.00000E+00  0.00000E+00  0.00000E+00  0.00000E+00  0.00000E+00  0.00000E+00  0.00000E+00  0.00000E+00  0.00000E+00  0.00000E+00  0.00000E+00  0.00000E+00  0.00000E+00  0.00000E+00  0.00000E+00  0.00000E+00  0.00000E+00  0.00000E+00  0.00000E+00  0.00000E+00  0.00000E+00  0.00000E+00  0.00000E+00  0.00000E+00  0.00000E+00
  0.00000E+00  0.00000E+00  0.00000E+00  0.00000E+00  0.00000E+00  0.00000E+00  0.00000E+00  0.00000E+00  0.00000E+00  0.00000E+00  0.00000E+00  0.00000E+00  0.00000E+00  0.00000E+00  0.00000E+00  0.00000E+00  0.00000E+00  0.00000E+00  0.00000E+00  0.00000E+00  0.00000E+00  0.00000E+00  0.00000E+00  0.00000E+00  0.00000E+00  0.00000E+00  0.00000E+00  0.00000E+00  0.00000E+00  0.00000E+00  0.00000E+00  0.00000E+00  0.00000E+00  0.00000E+00  0.00000E+00  0.00000E+00  0.00000E+00  0.00000E+00  0.00000E+00  0.00000E+00  0.00000E+00  0.00000E+00  0.00000E+00  0.00000E+00  0.00000E+00  0.00000E+00  0.00000E+00  0.00000E+00  0.00000E+00  0.00000E+00  0.00000E+00  0.00000E+00  0.00000E+00  0.00000E+00  0.00000E+00  0.00000E+00  0.00000E+00  0.00000E+00  9.55453E+00  0.00000E+00  0.00000E+00  0.00000E+00  0.00000E+00  0.00000E+00  0.00000E+00  0.00000E+00  0.00000E+00  0.00000E+00  0.00000E+00  0.00000E+00  0.00000E+00  0.00000E+00  0.00000E+00
 
 year:        2013
  0.00000E+00  0.00000E+00  0.00000E+00  5.22054E+02  1.09497E+03  4.13815E+02  9.85897E+02  3.34926E+02  0.00000E+00  0.00000E+00  0.00000E+00  0.00000E+00  0.00000E+00  0.00000E+00  0.00000E+00  0.00000E+00  0.00000E+00  0.00000E+00  0.00000E+00  0.00000E+00  0.00000E+00  0.00000E+00  0.00000E+00  0.00000E+00  0.00000E+00  0.00000E+00  0.00000E+00  0.00000E+00  0.00000E+00  0.00000E+00  0.00000E+00  0.00000E+00  0.00000E+00  0.00000E+00  0.00000E+00  0.00000E+00  0.00000E+00  0.00000E+00  0.00000E+00  0.00000E+00  0.00000E+00  0.00000E+00  0.00000E+00  0.00000E+00  0.00000E+00  0.00000E+00  0.00000E+00  0.00000E+00  0.00000E+00  0.00000E+00  0.00000E+00  0.00000E+00  0.00000E+00  0.00000E+00  0.00000E+00  0.00000E+00  0.00000E+00  0.00000E+00  0.00000E+00  0.00000E+00  0.00000E+00  0.00000E+00  0.00000E+00  0.00000E+00  0.00000E+00  0.00000E+00  0.00000E+00  0.00000E+00  0.00000E+00  0.00000E+00  0.00000E+00  0.00000E+00  0.00000E+00
  0.00000E+00  1.16068E+03  1.41816E+03  2.18249E+03  2.09128E+03  2.38173E+03  7.66489E+02  1.00001E+03  3.50270E+02  0.00000E+00  0.00000E+00  0.00000E+00  0.00000E+00  0.00000E+00  0.00000E+00  0.00000E+00  0.00000E+00  0.00000E+00  0.00000E+00  0.00000E+00  0.00000E+00  0.00000E+00  0.00000E+00  0.00000E+00  0.00000E+00  0.00000E+00  0.00000E+00  0.00000E+00  0.00000E+00  0.00000E+00  0.00000E+00  0.00000E+00  0.00000E+00  0.00000E+00  0.00000E+00  0.00000E+00  0.00000E+00  0.00000E+00  0.00000E+00  0.00000E+00  0.00000E+00  0.00000E+00  0.00000E+00  0.00000E+00  0.00000E+00  0.00000E+00  0.00000E+00  0.00000E+00  0.00000E+00  0.00000E+00  0.00000E+00  0.00000E+00  0.00000E+00  0.00000E+00  0.00000E+00  0.00000E+00  0.00000E+00  0.00000E+00  0.00000E+00  0.00000E+00  0.00000E+00  0.00000E+00  0.00000E+00  0.00000E+00  0.00000E+00  0.00000E+00  0.00000E+00  0.00000E+00  0.00000E+00  0.00000E+00  0.00000E+00  0.00000E+00  0.00000E+00
  1.53459E+03  1.18696E+03  2.32882E+03  2.66126E+03  1.93071E+03  3.50027E+03  7.32468E+02  9.80435E+02  2.67090E+03  2.25280E+03  0.00000E+00  0.00000E+00  0.00000E+00  0.00000E+00  0.00000E+00  0.00000E+00  0.00000E+00  0.00000E+00  0.00000E+00  0.00000E+00  0.00000E+00  0.00000E+00  0.00000E+00  0.00000E+00  0.00000E+00  0.00000E+00  0.00000E+00  0.00000E+00  0.00000E+00  0.00000E+00  0.00000E+00  0.00000E+00  0.00000E+00  0.00000E+00  0.00000E+00  0.00000E+00  0.00000E+00  0.00000E+00  0.00000E+00  0.00000E+00  0.00000E+00  0.00000E+00  0.00000E+00  0.00000E+00  0.00000E+00  0.00000E+00  0.00000E+00  0.00000E+00  0.00000E+00  0.00000E+00  0.00000E+00  0.00000E+00  0.00000E+00  0.00000E+00  0.00000E+00  0.00000E+00  0.00000E+00  0.00000E+00  0.00000E+00  0.00000E+00  0.00000E+00  0.00000E+00  0.00000E+00  0.00000E+00  0.00000E+00  0.00000E+00  0.00000E+00  0.00000E+00  0.00000E+00  0.00000E+00  0.00000E+00  0.00000E+00  0.00000E+00
  1.17738E+03  1.53351E+03  7.22933E+02  8.73579E+02  1.77472E+03  2.58232E+03  3.18916E+02  1.20893E+03  3.60662E+03  2.37777E+03  6.31044E+02  2.27507E+02  9.60055E+02  0.00000E+00  0.00000E+00  0.00000E+00  0.00000E+00  0.00000E+00  0.00000E+00  0.00000E+00  0.00000E+00  0.00000E+00  0.00000E+00  0.00000E+00  0.00000E+00  0.00000E+00  0.00000E+00  0.00000E+00  0.00000E+00  0.00000E+00  0.00000E+00  0.00000E+00  0.00000E+00  0.00000E+00  0.00000E+00  0.00000E+00  0.00000E+00  0.00000E+00  0.00000E+00  0.00000E+00  0.00000E+00  0.00000E+00  0.00000E+00  0.00000E+00  0.00000E+00  0.00000E+00  0.00000E+00  0.00000E+00  0.00000E+00  0.00000E+00  0.00000E+00  0.00000E+00  0.00000E+00  0.00000E+00  0.00000E+00  0.00000E+00  0.00000E+00  0.00000E+00  0.00000E+00  0.00000E+00  0.00000E+00  0.00000E+00  0.00000E+00  0.00000E+00  0.00000E+00  0.00000E+00  0.00000E+00  0.00000E+00  0.00000E+00  0.00000E+00  0.00000E+00  0.00000E+00  0.00000E+00
  3.37169E+02  2.21214E+03  2.08156E+03  7.42791E+02  1.06020E+03  1.18329E+03  1.64698E+03  2.26445E+02  2.03414E+03  2.48903E+03  2.43674E+03  2.09296E+03  1.78249E+03  1.41749E+03  1.00525E+03  1.59155E+03  1.17462E+03  6.51750E+02  8.05971E+02  1.18734E+02  0.00000E+00  0.00000E+00  0.00000E+00  0.00000E+00  0.00000E+00  0.00000E+00  0.00000E+00  0.00000E+00  0.00000E+00  0.00000E+00  0.00000E+00  0.00000E+00  0.00000E+00  0.00000E+00  0.00000E+00  0.00000E+00  0.00000E+00  0.00000E+00  0.00000E+00  0.00000E+00  0.00000E+00  0.00000E+00  0.00000E+00  0.00000E+00  0.00000E+00  0.00000E+00  0.00000E+00  0.00000E+00  0.00000E+00  0.00000E+00  0.00000E+00  0.00000E+00  0.00000E+00  0.00000E+00  0.00000E+00  0.00000E+00  0.00000E+00  0.00000E+00  0.00000E+00  0.00000E+00  0.00000E+00  0.00000E+00  0.00000E+00  0.00000E+00  0.00000E+00  0.00000E+00  0.00000E+00  0.00000E+00  0.00000E+00  0.00000E+00  0.00000E+00  0.00000E+00  0.00000E+00
  0.00000E+00  0.00000E+00  1.32791E+03  9.41719E+02  3.80650E+02  1.61555E+03  2.01948E+03  3.97976E+02  1.79592E+03  1.93921E+03  2.37510E+03  1.30496E+03  1.84665E+03  2.07711E+03  1.07763E+03  2.06704E+03  2.12711E+03  1.29391E+03  1.42060E+03  1.36414E+03  4.24988E+02  0.00000E+00  0.00000E+00  0.00000E+00  0.00000E+00  0.00000E+00  0.00000E+00  0.00000E+00  0.00000E+00  0.00000E+00  0.00000E+00  0.00000E+00  0.00000E+00  0.00000E+00  0.00000E+00  0.00000E+00  0.00000E+00  0.00000E+00  0.00000E+00  0.00000E+00  0.00000E+00  0.00000E+00  0.00000E+00  0.00000E+00  0.00000E+00  0.00000E+00  0.00000E+00  0.00000E+00  0.00000E+00  0.00000E+00  0.00000E+00  0.00000E+00  0.00000E+00  0.00000E+00  0.00000E+00  0.00000E+00  0.00000E+00  0.00000E+00  0.00000E+00  0.00000E+00  0.00000E+00  0.00000E+00  0.00000E+00  0.00000E+00  0.00000E+00  0.00000E+00  0.00000E+00  0.00000E+00  0.00000E+00  0.00000E+00  0.00000E+00  0.00000E+00  0.00000E+00
  0.00000E+00  0.00000E+00  7.08181E+02  1.84067E+03  1.90802E+03  4.53273E+02  1.95141E+03  5.44600E+02  2.20858E+03  2.86607E+03  1.69294E+03  1.50917E+03  2.08470E+03  1.53650E+03  1.15373E+03  1.13169E+03  2.07642E+03  1.72090E+03  1.75290E+03  3.07504E+03  2.54297E+03  8.46548E+02  0.00000E+00  0.00000E+00  0.00000E+00  0.00000E+00  0.00000E+00  0.00000E+00  0.00000E+00  0.00000E+00  0.00000E+00  0.00000E+00  0.00000E+00  0.00000E+00  0.00000E+00  0.00000E+00  0.00000E+00  0.00000E+00  0.00000E+00  6.03010E+01  8.14305E+01  0.00000E+00  0.00000E+00  0.00000E+00  7.77115E+00  0.00000E+00  0.00000E+00  0.00000E+00  0.00000E+00  0.00000E+00  4.66514E+01  2.33257E+01  0.00000E+00  0.00000E+00  0.00000E+00  0.00000E+00  0.00000E+00  0.00000E+00  0.00000E+00  0.00000E+00  0.00000E+00  0.00000E+00  0.00000E+00  0.00000E+00  0.00000E+00  0.00000E+00  0.00000E+00  0.00000E+00  0.00000E+00  0.00000E+00  0.00000E+00  0.00000E+00  0.00000E+00
  0.00000E+00  0.00000E+00  2.97379E+02  1.13043E+03  1.62134E+03  6.96062E+02  1.73130E+03  9.95859E+02  1.57116E+03  2.24440E+03  2.75772E+03  7.65392E+02  1.71068E+03  1.12853E+03  8.97911E+02  1.75745E+03  2.13774E+03  1.72666E+03  1.06000E+03  1.80242E+03  2.39666E+03  1.30240E+03  0.00000E+00  0.00000E+00  0.00000E+00  0.00000E+00  0.00000E+00  0.00000E+00  0.00000E+00  0.00000E+00  0.00000E+00  0.00000E+00  0.00000E+00  0.00000E+00  0.00000E+00  0.00000E+00  0.00000E+00  0.00000E+00  3.13807E-01  2.24902E+02  1.93958E+02  7.77115E+00  1.55423E+01  6.22747E+01  1.55423E+01  2.89914E+02  1.46705E+02  0.00000E+00  0.00000E+00  4.66209E+02  1.81491E+03  9.05609E+02  0.00000E+00  0.00000E+00  0.00000E+00  0.00000E+00  0.00000E+00  0.00000E+00  0.00000E+00  0.00000E+00  0.00000E+00  0.00000E+00  0.00000E+00  0.00000E+00  0.00000E+00  0.00000E+00  0.00000E+00  0.00000E+00  0.00000E+00  0.00000E+00  0.00000E+00  0.00000E+00  0.00000E+00
  0.00000E+00  0.00000E+00  0.00000E+00  2.67002E+01  2.79655E+02  7.87722E+02  1.56828E+03  1.45151E+03  1.10773E+03  2.28816E+03  1.16775E+03  1.23070E+03  1.37332E+03  1.49520E+03  1.95972E+03  2.32199E+03  2.12232E+03  1.79048E+03  1.39957E+03  1.95931E+03  1.27260E+03  2.08356E+03  0.00000E+00  0.00000E+00  0.00000E+00  0.00000E+00  0.00000E+00  0.00000E+00  0.00000E+00  0.00000E+00  4.24169E+02  2.39036E+02  0.00000E+00  9.99937E+01  1.25667E+02  5.73878E+02  7.41434E+02  1.12876E+03  1.33102E+03  7.10264E+02  5.45036E+01  6.23275E+01  3.11374E+01  6.23275E+01  3.95544E+02  1.54757E+03  1.42198E+03  0.00000E+00  1.40968E+03  2.71741E+03  2.52548E+03  4.89845E+02  3.89367E+02  0.00000E+00  0.00000E+00  0.00000E+00  0.00000E+00  0.00000E+00  0.00000E+00  0.00000E+00  0.00000E+00  0.00000E+00  0.00000E+00  0.00000E+00  0.00000E+00  0.00000E+00  0.00000E+00  0.00000E+00  0.00000E+00  0.00000E+00  0.00000E+00  0.00000E+00  0.00000E+00
  0.00000E+00  0.00000E+00  0.00000E+00  6.61898E+02  2.27523E+03  2.78678E+03  1.08242E+03  1.47592E+03  1.20410E+03  3.30732E+03  2.17422E+03  5.66956E+02  2.08524E+03  1.26086E+03  1.33353E+03  1.43621E+03  1.13639E+03  1.87802E+03  6.11851E+02  1.55118E+03  1.69104E+03  1.79465E+03  1.18543E+03  5.52295E+02  9.48375E+02  8.76018E+02  2.54309E+02  5.89999E+02  8.85190E+02  6.53359E+02  1.73322E+03  1.72619E+03  7.77115E+00  1.23800E+03  2.16240E+03  1.48286E+03  2.06226E+03  1.66785E+03  2.12691E+03  9.37320E+02  7.02041E+01  0.00000E+00  2.38983E+02  1.29252E+03  6.19144E+02  3.11901E+01  9.64025E+02  1.10108E+03  1.80048E+03  2.37858E+03  2.87297E+03  1.82743E+03  1.83169E+03  0.00000E+00  0.00000E+00  0.00000E+00  0.00000E+00  0.00000E+00  0.00000E+00  0.00000E+00  0.00000E+00  0.00000E+00  0.00000E+00  0.00000E+00  0.00000E+00  0.00000E+00  0.00000E+00  0.00000E+00  0.00000E+00  0.00000E+00  0.00000E+00  0.00000E+00  0.00000E+00
  0.00000E+00  0.00000E+00  0.00000E+00  0.00000E+00  1.46314E+03  1.24129E+03  7.63099E+02  1.57770E+03  9.51540E+02  1.45473E+03  1.85145E+03  4.40786E+02  2.91929E+03  2.09855E+03  8.18619E+02  9.75768E+02  1.11977E+03  9.02014E+02  4.44760E+02  1.35794E+03  1.35072E+03  1.41015E+03  2.01481E+03  1.17178E+03  9.98691E+02  6.59674E+02  2.16969E+03  9.86777E+02  7.60205E+02  4.58422E+02  1.41254E+03  2.54950E+03  2.04813E+03  1.06832E+03  9.49310E+02  9.08982E+02  2.22705E+03  9.56713E+02  1.55951E+01  0.00000E+00  2.33662E+01  1.09556E+03  2.60468E+03  4.89780E+03  1.98416E+03  5.60686E+02  6.74890E+02  6.60828E+02  1.63610E+03  2.25559E+03  2.75049E+03  3.46163E+03  3.71173E+03  7.24997E+02  0.00000E+00  0.00000E+00  0.00000E+00  0.00000E+00  0.00000E+00  0.00000E+00  0.00000E+00  0.00000E+00  0.00000E+00  0.00000E+00  0.00000E+00  0.00000E+00  0.00000E+00  0.00000E+00  0.00000E+00  0.00000E+00  0.00000E+00  0.00000E+00  0.00000E+00
  0.00000E+00  0.00000E+00  0.00000E+00  0.00000E+00  4.16378E+02  1.34006E+02  1.15586E+03  3.06073E+03  2.02878E+03  4.40595E+02  1.98768E+02  2.11965E+03  2.21997E+03  9.39415E+02  1.13076E+03  2.27271E+03  1.48405E+03  1.32552E+03  5.09848E+02  1.56293E+03  3.09902E+03  2.13284E+03  4.47545E+02  8.39591E+02  6.20318E+02  5.70851E+02  1.44809E+03  1.03914E+03  3.83825E+02  6.43586E+02  1.01298E+03  5.45846E+02  1.19789E+03  1.56296E+03  6.36126E+02  6.26847E+02  7.97007E+02  4.22167E+02  2.63096E+02  9.37120E+01  2.18701E+02  6.26891E+02  2.46132E+03  2.97919E+03  2.29527E+03  9.08759E+02  1.81510E+03  1.45389E+03  2.77981E+03  1.75435E+03  4.67777E+03  6.16370E+03  6.76654E+03  2.31988E+03  0.00000E+00  0.00000E+00  0.00000E+00  0.00000E+00  0.00000E+00  0.00000E+00  0.00000E+00  0.00000E+00  0.00000E+00  0.00000E+00  0.00000E+00  0.00000E+00  0.00000E+00  0.00000E+00  0.00000E+00  0.00000E+00  0.00000E+00  0.00000E+00  0.00000E+00
  0.00000E+00  0.00000E+00  0.00000E+00  0.00000E+00  0.00000E+00  0.00000E+00  0.00000E+00  2.38631E+03  3.24057E+03  9.29956E+02  0.00000E+00  3.31553E+03  3.12412E+03  4.25139E+02  1.66873E+03  3.30916E+03  1.74230E+03  7.00324E+02  4.84096E+02  8.44139E+02  2.38054E+03  2.15550E+03  6.15151E+02  3.97320E+02  8.18979E+02  8.68445E+02  2.59761E+02  3.83825E+02  1.49201E+03  1.05361E+03  1.90579E+03  1.27347E+03  3.60277E+02  3.62545E+02  3.31868E+02  1.02598E+03  1.70788E+03  5.68266E+02  4.03114E+02  7.12221E+01  4.51280E+02  3.18072E+02  7.10005E+02  4.16444E+03  1.84006E+03  1.46560E+03  2.37467E+03  3.38384E+03  2.94261E+03  1.07376E+03  2.16221E+03  2.45908E+03  5.11549E+03  3.10252E+03  1.09771E+03  1.25862E+03  0.00000E+00  0.00000E+00  0.00000E+00  0.00000E+00  0.00000E+00  0.00000E+00  0.00000E+00  0.00000E+00  0.00000E+00  0.00000E+00  0.00000E+00  0.00000E+00  0.00000E+00  0.00000E+00  0.00000E+00  0.00000E+00  0.00000E+00
  0.00000E+00  0.00000E+00  0.00000E+00  0.00000E+00  0.00000E+00  0.00000E+00  0.00000E+00  1.20885E+03  3.18306E+03  2.93726E+03  4.46386E+02  4.92008E+02  6.30963E+02  1.54409E+03  1.21141E+03  3.16144E+03  3.34699E+03  1.32637E+03  5.84899E+02  8.87702E+02  1.05576E+03  3.83088E+03  2.81010E+03  1.12382E+03  1.93848E+03  4.96255E+02  3.72191E+02  5.13037E+02  1.98862E+03  1.19722E+03  5.38152E+02  6.43167E+02  7.26575E+02  3.80606E+02  2.73763E+02  9.08751E+02  1.52711E+03  1.41588E+03  4.31161E+02  1.22339E+03  4.65881E+02  3.61371E+02  5.02192E+02  1.14641E+03  4.45876E+02  2.73245E+03  4.22686E+03  2.64346E+03  3.08617E+03  1.81096E+03  4.34292E+03  5.54047E+03  4.01739E+03  4.90196E+03  4.63542E+03  4.43092E+03  1.60938E+03  0.00000E+00  0.00000E+00  0.00000E+00  0.00000E+00  0.00000E+00  0.00000E+00  0.00000E+00  0.00000E+00  0.00000E+00  0.00000E+00  0.00000E+00  0.00000E+00  0.00000E+00  0.00000E+00  0.00000E+00  0.00000E+00
  0.00000E+00  0.00000E+00  0.00000E+00  0.00000E+00  0.00000E+00  0.00000E+00  0.00000E+00  1.11339E+03  3.03208E+03  2.72186E+03  4.39035E+02  1.15409E+02  1.34050E+03  1.69220E+03  7.66140E+02  1.79802E+03  3.10610E+03  1.66740E+03  5.76530E+02  2.37208E+02  4.61627E+02  2.72788E+03  2.22054E+03  1.15619E+03  1.22257E+03  1.33409E+03  8.58032E+02  1.37033E+03  1.22101E+03  3.20863E+02  7.14601E+02  7.30260E+02  8.60249E+02  5.51361E+02  3.54795E+02  3.66646E+02  6.22149E+02  1.69361E+03  1.68530E+03  1.69719E+03  1.35183E+03  4.34871E+02  6.94621E+02  1.14148E+03  1.50941E+03  2.10162E+03  4.79771E+03  4.63958E+03  3.98547E+03  3.63270E+03  3.88496E+03  3.22510E+03  3.56519E+03  3.42674E+03  4.16637E+03  3.33468E+03  2.10180E+03  1.34390E+03  0.00000E+00  0.00000E+00  0.00000E+00  0.00000E+00  0.00000E+00  0.00000E+00  0.00000E+00  0.00000E+00  0.00000E+00  0.00000E+00  0.00000E+00  0.00000E+00  0.00000E+00  0.00000E+00  0.00000E+00
  0.00000E+00  0.00000E+00  0.00000E+00  0.00000E+00  0.00000E+00  0.00000E+00  0.00000E+00  1.40062E+03  2.36760E+03  1.70452E+03  1.58264E+03  1.16472E+03  2.05463E+03  2.69264E+03  3.12493E+03  2.59763E+03  2.93574E+03  2.50354E+03  7.60518E+02  2.98366E+02  9.36339E+02  1.23556E+03  1.78860E+03  1.23033E+03  9.58912E+02  1.30225E+03  1.97808E+03  1.44564E+03  2.48127E+02  1.24064E+02  1.64786E+02  2.98866E+02  1.20335E+03  1.07409E+03  4.19743E+02  3.82050E+02  3.15926E+03  3.66437E+03  4.95940E+03  4.91339E+03  2.45085E+03  3.79901E+02  1.07566E+03  2.37341E+03  3.18080E+03  3.36490E+03  4.27099E+03  4.94941E+03  4.15296E+03  4.08928E+03  5.01788E+03  4.36215E+03  3.72957E+03  2.12733E+03  3.71526E+03  2.91412E+03  1.50406E+03  2.74667E+03  6.38414E+02  0.00000E+00  0.00000E+00  0.00000E+00  0.00000E+00  0.00000E+00  0.00000E+00  0.00000E+00  0.00000E+00  0.00000E+00  0.00000E+00  0.00000E+00  0.00000E+00  0.00000E+00  0.00000E+00
  0.00000E+00  0.00000E+00  0.00000E+00  0.00000E+00  0.00000E+00  0.00000E+00  0.00000E+00  4.39330E+02  1.36091E+03  1.70566E+03  1.36516E+03  1.39894E+03  2.11979E+03  1.28874E+03  1.70713E+03  6.57063E+02  1.92256E+03  2.67704E+03  2.24899E+02  1.15819E+03  1.22650E+03  1.29942E+03  1.47679E+03  1.33418E+03  1.03925E+03  9.78496E+02  2.14314E+03  1.69771E+03  8.14876E+02  0.00000E+00  7.64414E+02  6.63067E+02  2.11395E+03  2.33587E+03  1.56422E+03  2.84878E+03  3.69575E+03  3.55126E+03  5.72074E+03  2.91092E+03  3.33438E+03  2.85195E+03  1.59260E+03  2.46741E+03  3.95165E+03  2.80707E+03  3.18695E+03  3.83520E+03  3.84064E+03  3.06853E+03  3.00344E+03  4.51826E+03  4.38067E+03  2.35700E+03  3.49680E+03  3.65575E+03  6.88379E+02  3.57468E+03  3.22202E+03  3.40215E+02  0.00000E+00  0.00000E+00  0.00000E+00  0.00000E+00  0.00000E+00  0.00000E+00  0.00000E+00  0.00000E+00  0.00000E+00  0.00000E+00  0.00000E+00  0.00000E+00  0.00000E+00
  0.00000E+00  0.00000E+00  0.00000E+00  0.00000E+00  0.00000E+00  0.00000E+00  0.00000E+00  0.00000E+00  3.32041E+02  2.25681E+03  2.23471E+03  7.21736E+02  3.71623E+03  3.62945E+03  2.50564E+03  3.77343E+03  2.22934E+03  3.86505E+02  1.39837E+03  4.93750E+02  1.75370E+03  9.92857E+02  1.31407E+03  8.64784E+02  7.94085E+02  7.25220E+02  1.93070E+03  9.28413E+02  1.27068E+03  7.29817E+02  8.96405E+02  1.75233E+03  2.18521E+03  1.31999E+03  2.74640E+03  3.07387E+03  4.81176E+03  3.89995E+03  5.51713E+03  3.76455E+03  3.41428E+03  4.19576E+03  3.39650E+03  1.95467E+03  3.74453E+03  4.63968E+03  4.53481E+03  4.61300E+03  4.03577E+03  3.16168E+03  3.87416E+03  5.07296E+03  3.71369E+03  3.21987E+03  3.61291E+03  3.44880E+03  4.94836E+03  2.17679E+03  3.75824E+03  2.06329E+03  2.92562E+02  1.40466E+02  0.00000E+00  0.00000E+00  0.00000E+00  0.00000E+00  0.00000E+00  0.00000E+00  0.00000E+00  0.00000E+00  0.00000E+00  0.00000E+00  0.00000E+00
  0.00000E+00  0.00000E+00  0.00000E+00  0.00000E+00  0.00000E+00  0.00000E+00  0.00000E+00  0.00000E+00  1.87444E+01  5.59702E+02  2.43052E+03  7.81312E+02  2.74191E+03  1.23663E+03  1.69182E+03  3.77778E+03  1.07427E+03  8.30216E+02  1.65919E+03  1.52960E+03  5.63889E+02  1.03166E+03  7.37102E+02  1.11960E+03  3.55148E+02  4.11781E+02  5.19395E+02  1.98596E+02  6.17323E+02  9.64449E+02  4.72724E+02  1.86759E+03  7.95665E+02  3.00634E+03  3.97579E+03  2.74129E+03  3.39956E+03  4.83261E+03  4.30992E+03  4.27282E+03  3.20329E+03  3.39888E+03  2.68155E+03  2.84421E+03  5.10137E+03  4.32419E+03  3.42929E+03  3.47131E+03  3.10764E+03  4.75502E+03  4.59549E+03  3.60884E+03  3.47783E+03  3.41444E+03  4.93931E+03  4.11440E+03  4.40175E+03  2.21487E+03  2.83609E+03  3.77989E+03  1.09911E+03  2.60768E+03  0.00000E+00  0.00000E+00  0.00000E+00  0.00000E+00  0.00000E+00  0.00000E+00  0.00000E+00  0.00000E+00  0.00000E+00  0.00000E+00  0.00000E+00
  0.00000E+00  0.00000E+00  0.00000E+00  0.00000E+00  0.00000E+00  0.00000E+00  0.00000E+00  0.00000E+00  1.31424E+02  9.26642E+02  1.43353E+03  9.93366E+02  2.11611E+03  2.27805E+03  1.86117E+03  3.56842E+03  8.58932E+02  2.84443E+03  2.06857E+03  2.07167E+03  8.06628E+02  1.24373E+03  1.06638E+03  6.99219E+02  9.03025E+02  7.87243E+02  5.21320E+02  3.34294E+02  1.02268E+03  1.23966E+03  1.68483E+02  9.88999E+02  2.04870E+03  3.32625E+03  3.34376E+03  2.38502E+03  3.93835E+03  4.05110E+03  4.98421E+03  4.29243E+03  4.71589E+03  3.86543E+03  3.02980E+03  3.27779E+03  4.36708E+03  4.18430E+03  4.05587E+03  5.74459E+03  4.64668E+03  4.31138E+03  4.14427E+03  4.79344E+03  5.87046E+03  4.74164E+03  5.19175E+03  4.53272E+03  4.39206E+03  3.15957E+03  5.49569E+03  3.62540E+03  1.88633E+03  4.04807E+03  0.00000E+00  0.00000E+00  0.00000E+00  1.40466E+02  1.40466E+02  0.00000E+00  0.00000E+00  0.00000E+00  0.00000E+00  0.00000E+00  0.00000E+00
  0.00000E+00  0.00000E+00  0.00000E+00  0.00000E+00  0.00000E+00  0.00000E+00  0.00000E+00  0.00000E+00  6.25526E+01  8.25451E+02  1.65876E+03  2.09234E+03  4.69303E+02  1.11167E+03  2.10781E+03  8.42658E+02  1.56724E+03  2.70771E+03  1.73946E+03  1.94543E+03  5.02337E+02  8.89238E+02  4.62232E+02  1.12676E+03  1.42581E+03  1.35917E+03  7.41581E+02  1.65066E+03  2.03159E+03  7.98959E+02  7.62738E+02  1.51631E+03  3.25689E+03  3.88269E+03  3.47175E+03  3.51740E+03  3.29044E+03  2.95584E+03  5.36655E+03  4.60179E+03  3.82237E+03  2.34281E+03  2.15301E+03  3.55415E+03  5.13129E+03  4.50977E+03  5.72624E+03  4.48854E+03  3.37728E+03  6.69742E+03  4.65359E+03  3.43414E+03  5.31531E+03  4.64797E+03  4.86532E+03  4.18600E+03  6.30274E+03  9.62572E+02  1.52343E+03  3.27575E+03  1.94437E+03  2.02243E+03  8.83913E+02  2.60790E+02  0.00000E+00  1.67547E+03  1.98691E+03  4.01256E+02  0.00000E+00  0.00000E+00  0.00000E+00  0.00000E+00  0.00000E+00
  0.00000E+00  0.00000E+00  0.00000E+00  0.00000E+00  0.00000E+00  0.00000E+00  0.00000E+00  0.00000E+00  0.00000E+00  6.93264E+02  1.77355E+03  2.17175E+03  1.21431E+03  5.74039E+02  2.17706E+03  1.45713E+03  6.00352E+02  1.88374E+03  1.42497E+03  1.62432E+03  1.00190E+03  1.15864E+03  5.82814E+02  1.49355E+03  2.44746E+03  1.36011E+03  9.88858E+02  5.93071E+02  8.62003E+02  5.49837E+02  1.37196E+03  1.91454E+03  5.41603E+03  3.97275E+03  2.99790E+03  3.41266E+03  4.83334E+03  4.75313E+03  3.58440E+03  2.56701E+03  2.79428E+03  1.86977E+03  2.47417E+03  4.30083E+03  4.85760E+03  4.54013E+03  4.50508E+03  4.87046E+03  2.77163E+03  3.53426E+03  4.27426E+03  3.28042E+03  5.17850E+03  4.77104E+03  4.18282E+03  4.17399E+03  3.25642E+03  6.00585E+02  9.86657E+02  1.14875E+03  1.18360E+03  1.04410E+03  1.36470E+03  1.42657E+03  1.19089E+03  5.91436E+02  1.71006E+03  2.00651E+03  1.36599E+02  0.00000E+00  0.00000E+00  0.00000E+00  0.00000E+00
  0.00000E+00  0.00000E+00  0.00000E+00  0.00000E+00  0.00000E+00  0.00000E+00  0.00000E+00  0.00000E+00  0.00000E+00  7.20450E+02  2.28713E+03  2.57794E+03  1.57007E+03  8.69703E+02  1.73250E+03  4.87080E+02  1.40970E+03  1.17357E+03  1.18331E+03  1.03160E+03  4.44738E+02  6.03057E+02  9.78307E+02  1.85517E+03  2.07309E+03  2.79696E+03  1.57809E+03  1.06477E+03  9.21896E+02  1.04671E+03  5.33419E+02  2.41046E+03  3.75185E+03  3.61100E+03  2.01676E+03  4.00017E+03  4.69589E+03  3.38353E+03  3.30879E+03  2.22211E+03  3.70949E+03  2.62689E+03  2.07521E+03  3.01697E+03  4.14055E+03  5.21264E+03  4.91701E+03  4.84764E+03  2.67239E+03  4.40527E+03  4.59227E+03  3.50938E+03  5.33204E+03  2.54022E+03  3.31487E+03  3.43902E+03  2.19441E+03  6.93410E+02  9.36911E+02  8.79571E+02  1.05113E+03  1.28761E+03  1.45431E+03  1.15283E+03  1.62101E+03  9.55377E+02  5.91326E+02  1.05947E+03  2.88131E+02  0.00000E+00  0.00000E+00  0.00000E+00  0.00000E+00
  0.00000E+00  0.00000E+00  0.00000E+00  0.00000E+00  0.00000E+00  0.00000E+00  0.00000E+00  0.00000E+00  0.00000E+00  0.00000E+00  4.62112E+02  9.16419E+02  6.72194E+02  1.88830E+03  2.89552E+03  2.36031E+03  9.91772E+02  1.58724E+03  2.12435E+03  8.83210E+02  1.23215E+03  9.81745E+02  6.13133E+02  1.75374E+03  5.61439E+02  1.86557E+02  1.43146E+02  8.53873E+02  1.75576E+03  1.77957E+03  5.51500E+02  1.31903E+03  1.36908E+03  7.75242E+02  3.62218E+03  3.14098E+03  3.99680E+03  2.85917E+03  3.36964E+03  3.05405E+03  2.56886E+03  1.71704E+03  2.93438E+03  4.40558E+03  4.43508E+03  4.52083E+03  4.19733E+03  4.35743E+03  3.14989E+03  4.00817E+03  4.79870E+03  3.55902E+03  3.52056E+03  3.11554E+03  2.47946E+03  3.60089E+03  1.95724E+03  8.89587E+02  1.22038E+03  9.02776E+02  1.01877E+03  9.55509E+02  8.03570E+02  1.42394E+03  1.52388E+03  1.17053E+03  9.23771E+02  6.82378E+02  0.00000E+00  0.00000E+00  0.00000E+00  0.00000E+00  0.00000E+00
  0.00000E+00  0.00000E+00  0.00000E+00  0.00000E+00  0.00000E+00  0.00000E+00  0.00000E+00  0.00000E+00  0.00000E+00  0.00000E+00  0.00000E+00  0.00000E+00  8.03949E+02  1.37393E+03  1.05381E+03  7.94133E+02  1.15790E+03  9.81949E+02  2.03953E+03  1.22060E+03  1.79940E+03  6.14661E+02  4.97496E+02  2.24629E+03  2.86292E+02  1.33234E+02  6.64730E+02  1.83678E+03  1.40193E+03  1.65750E+03  2.10302E+03  1.35927E+03  2.48127E+02  3.76203E+02  3.22870E+03  2.43163E+03  3.03387E+03  2.55850E+03  2.64874E+03  3.86562E+03  1.50006E+03  1.47905E+03  3.13712E+03  4.08317E+03  5.93372E+03  3.12426E+03  2.67712E+03  5.02724E+03  3.31043E+03  3.51602E+03  2.24606E+03  3.43746E+03  3.21356E+03  2.46527E+03  2.05792E+03  2.30867E+03  1.72290E+03  1.11393E+03  9.01045E+02  5.84687E+02  5.12480E+02  1.28819E+03  2.85355E+03  2.31949E+03  8.54384E+02  8.18306E+02  1.02311E+03  3.84905E+02  0.00000E+00  0.00000E+00  0.00000E+00  0.00000E+00  0.00000E+00
  0.00000E+00  0.00000E+00  0.00000E+00  0.00000E+00  0.00000E+00  0.00000E+00  0.00000E+00  0.00000E+00  0.00000E+00  0.00000E+00  0.00000E+00  0.00000E+00  2.08299E+02  1.95885E+03  1.60755E+03  2.04479E+03  8.72667E+02  1.39179E+03  5.77471E+02  7.73308E+02  1.65652E+03  6.21126E+02  2.33740E+03  2.70346E+03  6.67092E+02  7.65256E+02  2.09472E+03  1.74619E+03  1.38378E+03  1.52593E+03  1.31496E+03  1.24064E+02  0.00000E+00  1.59727E+03  3.44370E+03  3.17548E+03  3.25324E+03  4.13952E+03  3.77998E+03  2.75131E+03  3.24211E+03  3.34276E+03  4.23152E+03  3.48037E+03  4.26561E+03  4.79230E+03  2.17637E+03  3.02177E+03  4.32105E+03  4.16032E+03  3.49192E+03  2.28641E+03  3.01175E+03  2.18114E+03  1.74819E+03  1.05145E+03  6.37222E+02  5.02837E+02  5.43102E+02  5.65890E+02  1.72420E+03  4.14538E+03  1.02055E+03  2.92416E+03  1.10589E+03  9.73762E+02  6.10486E+02  9.14479E+01  0.00000E+00  0.00000E+00  0.00000E+00  0.00000E+00  0.00000E+00
  0.00000E+00  0.00000E+00  0.00000E+00  0.00000E+00  0.00000E+00  0.00000E+00  0.00000E+00  0.00000E+00  0.00000E+00  0.00000E+00  0.00000E+00  0.00000E+00  0.00000E+00  7.06290E+02  6.95474E+02  1.03261E+03  8.04446E+02  4.31390E+02  2.86651E+02  9.07801E+00  1.20788E+02  7.02132E+02  3.17116E+03  2.32661E+03  8.47178E+02  2.68377E+03  1.81541E+03  1.87658E+03  1.36060E+03  1.24981E+03  3.72191E+02  0.00000E+00  1.42572E+03  3.19152E+03  3.01430E+03  2.55290E+03  3.27535E+03  3.11122E+03  5.06755E+03  5.79133E+03  3.89986E+03  3.64782E+03  5.48954E+03  3.38053E+03  3.92383E+03  3.86031E+03  2.82573E+03  3.01796E+03  5.57752E+03  4.35401E+03  5.54324E+03  1.26348E+03  9.87191E+02  9.48785E+02  1.57764E+03  1.10111E+03  5.71671E+02  7.36617E+02  6.83566E+02  4.20625E+02  1.10519E+03  2.04323E+03  1.37471E+03  2.26029E+03  2.27076E+03  1.32726E+03  5.33610E+02  0.00000E+00  0.00000E+00  0.00000E+00  0.00000E+00  0.00000E+00  0.00000E+00
  0.00000E+00  0.00000E+00  0.00000E+00  0.00000E+00  0.00000E+00  0.00000E+00  0.00000E+00  0.00000E+00  0.00000E+00  0.00000E+00  0.00000E+00  0.00000E+00  0.00000E+00  0.00000E+00  0.00000E+00  2.46093E+02  5.39616E+02  2.29895E+02  2.53740E+03  2.34278E+03  2.41471E+02  1.63484E+03  2.75338E+03  1.71550E+03  8.92832E+02  2.03614E+03  1.26423E+03  1.69567E+03  1.90663E+03  4.96255E+02  1.24064E+02  6.64620E+02  3.01476E+03  2.73290E+03  3.38964E+03  4.01649E+03  3.85716E+03  3.43465E+03  4.41655E+03  5.27618E+03  4.59891E+03  4.25487E+03  4.58701E+03  3.67118E+03  2.15689E+03  2.60560E+03  2.97352E+03  2.94840E+03  3.44243E+03  2.37087E+03  1.35438E+03  7.56417E+02  8.33336E+02  1.37764E+03  8.67376E+02  7.57057E+02  4.20586E+02  1.08553E+03  1.26176E+03  6.37208E+02  3.03967E+02  1.54193E+03  8.38134E+02  3.74503E+03  3.03283E+03  1.76545E+03  1.25687E+03  2.42098E+02  0.00000E+00  0.00000E+00  0.00000E+00  0.00000E+00  0.00000E+00
  0.00000E+00  0.00000E+00  0.00000E+00  0.00000E+00  0.00000E+00  0.00000E+00  0.00000E+00  0.00000E+00  0.00000E+00  0.00000E+00  0.00000E+00  0.00000E+00  0.00000E+00  0.00000E+00  0.00000E+00  2.26869E+02  3.42278E+02  2.22920E+02  7.80766E+02  1.83095E+03  2.12271E+03  1.43588E+03  2.61613E+03  2.14200E+03  2.30461E+03  2.44954E+03  1.44003E+03  9.80938E+02  1.24064E+02  1.48876E+03  6.64730E+02  1.66618E+03  3.27136E+03  3.17496E+03  3.82051E+03  3.72497E+03  3.63757E+03  3.24711E+03  3.28971E+03  2.14065E+03  1.85617E+03  1.10583E+03  2.03379E+03  1.73617E+03  2.64619E+02  4.88901E+03  1.79621E+03  1.24557E+03  3.44874E+03  1.85979E+03  8.26279E+02  1.51449E+03  6.07052E+02  1.27423E+03  9.74301E+02  8.52432E+02  5.71044E+02  1.21577E+03  1.16613E+03  8.27413E+02  6.06171E+02  3.24713E+03  3.61936E+03  3.65512E+03  2.91634E+03  1.99225E+03  1.18995E+03  4.65838E+02  0.00000E+00  0.00000E+00  0.00000E+00  0.00000E+00  0.00000E+00
  0.00000E+00  0.00000E+00  0.00000E+00  0.00000E+00  0.00000E+00  0.00000E+00  0.00000E+00  0.00000E+00  0.00000E+00  0.00000E+00  0.00000E+00  0.00000E+00  0.00000E+00  0.00000E+00  0.00000E+00  3.38329E+02  1.65886E+03  8.50276E+02  1.42291E+03  2.00841E+03  6.47251E+02  2.25808E+03  2.80420E+03  2.39978E+03  2.97044E+03  2.27056E+03  2.90044E+03  4.40016E+02  2.40060E+03  3.61520E+03  1.08497E+03  1.94629E+03  3.16137E+03  3.84842E+03  5.10285E+03  2.57019E+03  1.90315E+03  2.10848E+03  3.52804E+03  2.06477E+03  3.41791E+03  3.34068E+03  2.52347E+03  1.63088E+03  1.14632E+03  4.16036E+03  1.87096E+03  5.77848E+02  2.40403E+03  1.69885E+03  6.52299E+02  9.18003E+02  6.06920E+02  1.21316E+03  5.43491E+02  8.37974E+02  5.74496E+02  1.36690E+03  1.39259E+03  1.59331E+03  9.44375E+02  1.92302E+03  2.12626E+03  2.81813E+03  2.34413E+03  1.78507E+03  1.29077E+03  1.83960E+02  0.00000E+00  0.00000E+00  0.00000E+00  0.00000E+00  0.00000E+00
  0.00000E+00  0.00000E+00  0.00000E+00  0.00000E+00  0.00000E+00  0.00000E+00  0.00000E+00  0.00000E+00  0.00000E+00  0.00000E+00  0.00000E+00  0.00000E+00  0.00000E+00  0.00000E+00  0.00000E+00  2.57774E+02  2.34498E+03  9.08304E+02  1.14212E+03  2.49502E+03  6.57411E+02  1.19380E+03  1.16168E+03  1.48873E+03  2.03156E+03  1.71879E+03  2.79176E+03  1.88622E+03  4.77041E+03  2.62846E+03  2.09116E+03  3.17628E+03  2.49722E+03  2.75922E+03  2.52555E+03  1.51853E+03  1.79874E+03  2.33385E+03  7.14774E+02  2.67135E+02  1.77746E+03  2.17068E+03  3.68906E+03  1.08490E+03  3.55028E+02  4.49660E+02  7.98026E+02  3.32907E+02  4.88034E+01  3.25875E+02  5.21840E+02  1.46948E+03  1.62232E+03  1.31839E+03  9.59651E+02  8.24888E+02  6.61222E+02  1.19551E+03  9.67533E+02  3.56904E+02  3.09788E+02  7.74949E+02  5.87550E+02  1.20082E+03  6.58130E+02  7.34439E+02  9.18382E+02  5.34746E+02  0.00000E+00  0.00000E+00  0.00000E+00  0.00000E+00  0.00000E+00
  0.00000E+00  0.00000E+00  0.00000E+00  0.00000E+00  0.00000E+00  0.00000E+00  0.00000E+00  0.00000E+00  0.00000E+00  0.00000E+00  0.00000E+00  0.00000E+00  0.00000E+00  0.00000E+00  0.00000E+00  1.30762E+02  1.75627E+03  1.80628E+02  8.03052E+02  1.65759E+03  1.31074E+03  2.20198E+03  1.82785E+03  2.15855E+03  1.90335E+03  3.01521E+03  3.38540E+03  5.98494E+03  3.89399E+03  2.87465E+03  3.86659E+03  4.12904E+03  2.87990E+03  2.36289E+03  1.88182E+03  1.31235E+03  2.27733E+03  1.70795E+03  6.44011E+02  3.15789E+02  2.97951E+02  1.53067E+03  3.02257E+03  1.29144E+03  1.89761E+02  7.42297E+02  1.25558E+03  4.39443E+02  3.40616E+02  3.24725E+02  1.40368E+03  1.19573E+03  1.12244E+03  1.33623E+03  1.23900E+03  1.25546E+03  1.93558E+03  5.33372E+02  1.35894E+02  2.26482E+02  7.20318E+02  6.00228E+02  4.87803E+02  3.18834E+02  3.19531E+02  3.11374E+01  2.52562E+02  0.00000E+00  0.00000E+00  0.00000E+00  0.00000E+00  0.00000E+00  0.00000E+00
  0.00000E+00  0.00000E+00  0.00000E+00  0.00000E+00  0.00000E+00  0.00000E+00  0.00000E+00  0.00000E+00  0.00000E+00  0.00000E+00  0.00000E+00  0.00000E+00  0.00000E+00  0.00000E+00  0.00000E+00  0.00000E+00  1.51698E+03  5.55481E+02  8.65034E+02  2.25213E+03  1.49495E+03  1.56675E+03  1.71521E+03  3.59220E+02  8.66959E+02  2.11801E+03  2.68378E+02  2.73533E+03  4.39022E+03  3.60872E+03  2.85001E+03  2.89927E+03  1.79701E+03  6.55602E+02  1.43989E+03  1.53534E+03  1.08337E+03  4.67126E+02  5.09902E+02  2.94863E+02  3.15870E+02  2.98864E+02  7.28130E+02  2.14351E+03  1.88616E+03  7.18502E+01  3.53790E+02  5.47156E+02  4.51733E+02  1.10244E+03  2.67633E+03  1.18089E+03  1.91527E+03  6.52491E+02  1.04085E+03  1.09330E+03  1.30783E+03  8.74510E+02  2.56921E+02  5.43508E+02  7.27910E+02  1.03921E+03  1.04977E+03  3.34044E+02  1.00317E+03  6.22747E+01  0.00000E+00  0.00000E+00  0.00000E+00  0.00000E+00  0.00000E+00  0.00000E+00  0.00000E+00
  0.00000E+00  0.00000E+00  0.00000E+00  0.00000E+00  0.00000E+00  0.00000E+00  0.00000E+00  0.00000E+00  0.00000E+00  0.00000E+00  0.00000E+00  0.00000E+00  0.00000E+00  0.00000E+00  0.00000E+00  0.00000E+00  0.00000E+00  2.29845E+02  5.91271E+02  1.05142E+03  3.34117E+03  1.93135E+03  1.05135E+03  1.81117E+03  1.93771E+03  9.92665E+02  1.03636E+03  1.98905E+03  2.23426E+03  2.54429E+03  1.99636E+03  1.67114E+03  1.84299E+03  1.34192E+02  1.49515E+03  9.69703E+02  1.01603E+02  1.89546E+02  4.42193E+02  3.57923E+02  3.36876E+02  2.10512E+02  1.05358E+02  2.64307E+02  1.29892E+03  1.96690E+03  1.41286E+02  1.87291E+02  4.81771E+02  3.96532E+03  4.91187E+03  4.76203E+03  3.98750E+03  2.01164E+03  2.80454E+03  1.03916E+03  9.70389E+02  6.37813E+02  2.56965E+02  4.98225E+02  1.21473E+03  1.78121E+03  3.00859E+03  2.73802E+03  4.19125E+03  1.67484E+03  0.00000E+00  0.00000E+00  0.00000E+00  0.00000E+00  0.00000E+00  0.00000E+00  0.00000E+00
  0.00000E+00  0.00000E+00  0.00000E+00  0.00000E+00  0.00000E+00  0.00000E+00  0.00000E+00  0.00000E+00  0.00000E+00  0.00000E+00  0.00000E+00  0.00000E+00  0.00000E+00  0.00000E+00  0.00000E+00  0.00000E+00  0.00000E+00  0.00000E+00  0.00000E+00  0.00000E+00  7.65302E+02  1.97052E+03  2.06180E+03  1.84473E+03  1.19987E+03  9.89215E+02  1.26477E+03  5.24924E+02  3.30384E+02  3.75739E+02  4.76990E+02  2.03250E+03  8.90175E+02  2.85965E+02  1.17002E+03  9.46319E+02  1.04849E+03  5.82869E+02  3.79093E+02  3.79052E+02  3.57883E+02  2.10634E+02  1.47411E+02  4.21756E+01  2.61266E+02  6.80569E+02  1.76667E+03  8.07010E+02  1.65811E+02  6.34572E+02  3.73346E+03  4.35449E+03  3.58418E+03  4.53840E+03  2.46572E+03  1.10304E+03  1.61119E+03  1.47014E+03  6.09010E+02  1.28328E+03  6.41066E+02  2.19936E+03  2.64996E+03  3.96075E+03  2.51040E+03  5.60856E+02  0.00000E+00  0.00000E+00  0.00000E+00  0.00000E+00  0.00000E+00  0.00000E+00  0.00000E+00
  0.00000E+00  0.00000E+00  0.00000E+00  0.00000E+00  0.00000E+00  0.00000E+00  0.00000E+00  0.00000E+00  0.00000E+00  0.00000E+00  0.00000E+00  0.00000E+00  0.00000E+00  0.00000E+00  0.00000E+00  0.00000E+00  0.00000E+00  0.00000E+00  0.00000E+00  0.00000E+00  0.00000E+00  3.34796E+02  1.90859E+03  1.77479E+03  1.84492E+03  1.36868E+03  5.21681E+02  1.08082E+02  2.95223E+02  2.68385E+02  3.48900E+02  1.83307E+03  2.30402E+03  1.02847E+03  4.72964E+02  6.24497E+02  7.67678E+02  5.25086E+02  2.52810E+02  3.36998E+02  2.73735E+02  2.73857E+02  3.58126E+02  1.05358E+02  2.52810E+02  2.94823E+02  1.86678E+03  1.61659E+03  1.59291E+03  4.94478E+02  2.55010E+03  2.14816E+03  1.28286E+03  2.33152E+03  1.79651E+03  2.75061E+03  2.59163E+03  8.25291E+02  6.90247E+02  1.01202E+03  2.73101E+02  1.76449E+03  2.28127E+03  2.70625E+03  2.03969E+03  0.00000E+00  0.00000E+00  0.00000E+00  0.00000E+00  0.00000E+00  0.00000E+00  0.00000E+00  0.00000E+00
  0.00000E+00  0.00000E+00  0.00000E+00  0.00000E+00  0.00000E+00  0.00000E+00  0.00000E+00  0.00000E+00  0.00000E+00  0.00000E+00  0.00000E+00  0.00000E+00  0.00000E+00  0.00000E+00  0.00000E+00  0.00000E+00  0.00000E+00  0.00000E+00  0.00000E+00  0.00000E+00  0.00000E+00  0.00000E+00  4.73026E+01  1.27575E+03  6.07228E+02  2.57599E+00  3.60930E-01  1.64274E+00  1.09370E+02  1.87869E+02  4.56254E+02  2.68385E+02  4.02577E+02  2.95223E+02  6.25440E+02  5.85948E+02  5.39383E+02  3.90757E+02  4.63607E+02  4.63484E+02  2.31641E+02  2.52647E+02  3.16032E+02  2.31681E+02  4.84532E+02  3.15829E+02  1.90100E+03  1.87389E+03  3.51888E+03  2.38555E+03  8.08567E+02  8.84062E+02  1.06099E+03  1.43687E+03  1.81501E+03  1.25255E+03  1.47189E+03  5.61581E+02  2.24232E+02  0.00000E+00  6.08756E+02  8.37194E+02  2.42136E+03  2.17158E+03  5.05647E+01  2.89313E+00  0.00000E+00  0.00000E+00  0.00000E+00  0.00000E+00  0.00000E+00  0.00000E+00  0.00000E+00
  0.00000E+00  0.00000E+00  0.00000E+00  0.00000E+00  0.00000E+00  0.00000E+00  0.00000E+00  0.00000E+00  0.00000E+00  0.00000E+00  0.00000E+00  0.00000E+00  0.00000E+00  0.00000E+00  0.00000E+00  0.00000E+00  0.00000E+00  0.00000E+00  0.00000E+00  0.00000E+00  0.00000E+00  0.00000E+00  1.27445E+03  1.05195E+03  1.81702E+00  7.34229E-01  7.34229E-01  9.51595E+02  5.61518E+02  1.31287E+03  4.56254E+02  4.56254E+02  2.95223E+02  3.48900E+02  5.94343E+02  1.87869E+02  3.25857E+02  4.63566E+02  3.58086E+02  3.58045E+02  4.42315E+02  2.73694E+02  2.73776E+02  5.05335E+02  3.79011E+02  4.00018E+02  7.25745E+02  1.38321E+03  5.16085E+02  9.19423E+02  1.18959E+03  9.91386E+02  1.73217E+03  1.89712E+03  1.57441E+03  4.81479E+02  1.80976E+03  8.14398E+02  1.12052E+03  1.60373E+03  5.14845E+02  1.65635E+03  2.19043E+03  2.90152E+02  1.15725E+01  5.78626E+00  0.00000E+00  0.00000E+00  0.00000E+00  0.00000E+00  0.00000E+00  0.00000E+00  0.00000E+00
  0.00000E+00  0.00000E+00  0.00000E+00  0.00000E+00  0.00000E+00  0.00000E+00  0.00000E+00  0.00000E+00  0.00000E+00  0.00000E+00  0.00000E+00  0.00000E+00  0.00000E+00  0.00000E+00  0.00000E+00  0.00000E+00  0.00000E+00  0.00000E+00  0.00000E+00  0.00000E+00  0.00000E+00  0.00000E+00  3.24546E+02  1.18340E+02  3.29166E+00  0.00000E+00  5.73989E+02  6.85672E+02  1.82001E+03  1.02975E+03  5.09931E+02  2.95223E+02  2.95223E+02  1.07354E+02  7.39273E+02  3.48900E+02  2.14708E+02  3.56450E+02  1.26364E+02  2.94660E+02  4.42275E+02  2.10553E+02  1.05317E+02  1.68418E+02  4.42153E+02  3.36836E+02  4.76520E+02  7.48217E+02  6.03785E+02  7.08623E+02  9.92499E+02  1.73890E+03  1.05201E+03  1.92627E+03  9.16647E+02  8.60678E+02  8.69780E+02  2.09347E+03  3.81527E+03  2.54528E+03  1.38074E+03  9.55600E+02  0.00000E+00  0.00000E+00  2.89313E+00  1.15725E+01  8.67939E+00  0.00000E+00  0.00000E+00  0.00000E+00  0.00000E+00  0.00000E+00  0.00000E+00
  0.00000E+00  0.00000E+00  0.00000E+00  0.00000E+00  0.00000E+00  0.00000E+00  0.00000E+00  0.00000E+00  0.00000E+00  0.00000E+00  0.00000E+00  0.00000E+00  0.00000E+00  0.00000E+00  0.00000E+00  0.00000E+00  0.00000E+00  0.00000E+00  0.00000E+00  0.00000E+00  0.00000E+00  0.00000E+00  0.00000E+00  7.34229E-01  2.02841E+00  4.33009E+02  1.18201E+03  7.00026E+02  1.53462E+03  2.31759E+03  3.48900E+02  2.41546E+02  4.29415E+02  4.27595E+02  1.00767E+03  1.08973E+03  7.50091E+02  2.40588E+02  5.27041E+02  2.77532E+02  1.21539E+03  3.15147E+02  1.47452E+02  4.88207E+02  8.36394E+02  2.31519E+02  3.15829E+02  4.63322E+02  4.86692E+02  1.60236E+03  8.25316E+02  1.01730E+03  1.28086E+03  9.55430E+02  8.99894E+02  4.89309E+02  1.71142E+03  3.46859E+03  2.92944E+03  7.45107E+02  1.15725E+01  1.44657E+01  0.00000E+00  5.78626E+00  2.02519E+01  1.44657E+01  1.15725E+01  0.00000E+00  0.00000E+00  0.00000E+00  0.00000E+00  0.00000E+00  0.00000E+00
  0.00000E+00  0.00000E+00  0.00000E+00  0.00000E+00  0.00000E+00  0.00000E+00  0.00000E+00  0.00000E+00  0.00000E+00  0.00000E+00  0.00000E+00  0.00000E+00  0.00000E+00  0.00000E+00  0.00000E+00  0.00000E+00  0.00000E+00  0.00000E+00  0.00000E+00  0.00000E+00  0.00000E+00  0.00000E+00  0.00000E+00  0.00000E+00  9.14694E-01  1.46227E+00  9.48315E+02  8.65900E+02  1.56869E+02  2.36585E+03  1.66580E+03  5.51936E+02  1.07354E+02  1.02174E+03  1.11046E+03  2.12534E+03  1.31833E+03  2.33855E+02  1.25632E+03  7.60915E+02  1.19341E+03  5.26555E+02  6.25339E+02  1.63788E+03  5.41753E+02  2.10593E+02  4.84369E+02  2.10472E+02  7.94258E+02  3.00010E+03  2.20209E+03  8.57170E+02  9.52440E+02  1.38313E+03  2.45159E+03  4.01823E+03  3.78998E+03  3.33218E+03  1.60803E+03  0.00000E+00  0.00000E+00  1.12914E+02  0.00000E+00  5.78626E+00  3.47176E+01  5.78626E+00  0.00000E+00  2.89313E+00  0.00000E+00  0.00000E+00  0.00000E+00  0.00000E+00  0.00000E+00
  0.00000E+00  0.00000E+00  0.00000E+00  0.00000E+00  0.00000E+00  0.00000E+00  0.00000E+00  0.00000E+00  0.00000E+00  0.00000E+00  0.00000E+00  0.00000E+00  0.00000E+00  0.00000E+00  0.00000E+00  0.00000E+00  0.00000E+00  0.00000E+00  0.00000E+00  0.00000E+00  0.00000E+00  0.00000E+00  0.00000E+00  0.00000E+00  1.86649E-01  1.85413E+00  2.04551E+02  8.81725E+02  1.56869E+02  1.57512E+03  4.27044E+03  4.47624E+03  3.12130E+02  1.16994E+03  1.39710E+03  1.49346E+03  9.50367E+02  4.70808E+02  9.69404E+02  2.56492E+02  1.03519E+03  1.37249E+03  1.06738E+03  7.25705E+02  4.46754E+02  1.20467E+03  1.46903E+03  7.61881E+02  1.23671E+03  2.41316E+03  2.40938E+03  3.04809E+02  0.00000E+00  2.37706E+03  5.52649E+03  2.29676E+03  2.08035E+03  1.12937E+03  1.87467E+02  8.67939E+00  8.67939E+00  0.00000E+00  5.78626E+00  8.67939E+00  4.91832E+01  3.47176E+01  1.44657E+01  5.78626E+00  0.00000E+00  0.00000E+00  0.00000E+00  0.00000E+00  0.00000E+00
  0.00000E+00  0.00000E+00  0.00000E+00  0.00000E+00  0.00000E+00  0.00000E+00  0.00000E+00  0.00000E+00  0.00000E+00  0.00000E+00  0.00000E+00  0.00000E+00  0.00000E+00  0.00000E+00  0.00000E+00  0.00000E+00  0.00000E+00  0.00000E+00  0.00000E+00  0.00000E+00  0.00000E+00  0.00000E+00  0.00000E+00  0.00000E+00  0.00000E+00  1.46846E+00  2.02841E+00  2.33061E+02  4.62714E+02  2.31465E+03  2.12039E+03  3.48008E+03  1.10844E+03  0.00000E+00  4.54251E+02  1.40212E+03  1.21940E+03  6.97657E+02  2.41647E+02  5.30835E+02  7.85813E+02  1.10431E+03  4.33678E+02  8.41886E+01  4.72491E+02  9.04650E+02  2.00677E+03  1.82908E+03  1.71585E+03  6.83347E+02  2.36920E+02  3.97554E+02  0.00000E+00  4.96436E+02  1.63334E+03  4.92743E+01  0.00000E+00  0.00000E+00  8.67939E+00  5.78626E+00  1.15725E+01  0.00000E+00  2.60382E+01  2.02519E+01  1.44657E+01  3.76107E+01  2.02519E+01  5.78626E+00  0.00000E+00  0.00000E+00  0.00000E+00  0.00000E+00  0.00000E+00
  0.00000E+00  0.00000E+00  0.00000E+00  0.00000E+00  0.00000E+00  0.00000E+00  0.00000E+00  0.00000E+00  0.00000E+00  0.00000E+00  0.00000E+00  0.00000E+00  0.00000E+00  0.00000E+00  0.00000E+00  0.00000E+00  0.00000E+00  0.00000E+00  0.00000E+00  0.00000E+00  0.00000E+00  0.00000E+00  0.00000E+00  0.00000E+00  0.00000E+00  1.19307E+02  4.16004E+01  0.00000E+00  0.00000E+00  6.85672E+02  1.44326E+03  3.83870E+03  3.19346E+03  9.74351E+02  0.00000E+00  1.13309E+03  2.25614E+03  1.43779E+03  5.16890E+02  8.34110E+02  1.39640E+03  1.65114E+03  1.56465E+03  1.58510E+03  1.22718E+03  1.10318E+03  4.68593E+02  2.05051E+03  6.57639E+02  5.05823E+02  2.42984E+02  1.17240E+02  0.00000E+00  0.00000E+00  1.30550E+02  4.75432E+02  0.00000E+00  0.00000E+00  0.00000E+00  0.00000E+00  2.02519E+01  0.00000E+00  2.60382E+01  2.02519E+01  1.73588E+01  2.89313E+01  4.05038E+01  2.02519E+01  0.00000E+00  0.00000E+00  0.00000E+00  0.00000E+00  0.00000E+00
  0.00000E+00  0.00000E+00  0.00000E+00  0.00000E+00  0.00000E+00  0.00000E+00  0.00000E+00  0.00000E+00  0.00000E+00  0.00000E+00  0.00000E+00  0.00000E+00  0.00000E+00  0.00000E+00  0.00000E+00  0.00000E+00  0.00000E+00  0.00000E+00  0.00000E+00  0.00000E+00  0.00000E+00  0.00000E+00  0.00000E+00  0.00000E+00  0.00000E+00  3.92172E+01  1.17652E+02  0.00000E+00  0.00000E+00  3.01146E+02  1.83606E+03  1.94646E+03  3.43184E+03  4.05579E+03  0.00000E+00  8.17132E+02  3.00788E+03  3.07889E+03  1.64166E+03  8.82407E+02  1.55665E+03  5.35386E+02  3.44593E+02  1.30966E+02  8.96345E+01  2.61242E+03  1.64732E+03  2.52891E+02  5.48039E+02  2.74019E+02  6.31821E+01  0.00000E+00  0.00000E+00  3.86763E+02  1.85982E+03  1.14703E+02  2.89313E+00  5.78626E+00  2.89313E+00  0.00000E+00  2.89313E+01  1.44657E+01  8.67939E+00  2.89313E+01  3.18244E+01  2.60382E+01  4.05038E+01  2.60382E+01  2.89313E+00  0.00000E+00  0.00000E+00  0.00000E+00  0.00000E+00
  0.00000E+00  0.00000E+00  0.00000E+00  0.00000E+00  0.00000E+00  0.00000E+00  0.00000E+00  0.00000E+00  0.00000E+00  0.00000E+00  0.00000E+00  0.00000E+00  0.00000E+00  0.00000E+00  0.00000E+00  0.00000E+00  0.00000E+00  0.00000E+00  0.00000E+00  0.00000E+00  0.00000E+00  0.00000E+00  0.00000E+00  0.00000E+00  0.00000E+00  0.00000E+00  7.84344E+01  0.00000E+00  0.00000E+00  2.32208E+02  8.51147E+02  1.75190E+03  2.91984E+03  3.15462E+03  5.20212E+01  8.88293E+02  2.38052E+03  2.08807E+03  1.90072E+03  5.26083E+02  2.27992E+02  0.00000E+00  0.00000E+00  6.47888E+02  1.26836E+03  2.19864E+03  2.39180E+03  2.35519E+02  3.79336E+02  4.20943E+01  0.00000E+00  0.00000E+00  0.00000E+00  4.18853E+01  3.02989E+02  5.78626E+00  2.89313E+00  2.89313E+01  3.18244E+01  1.73588E+01  2.02519E+01  3.47176E+01  2.60382E+01  8.67939E+00  2.02519E+01  2.60382E+01  2.89313E+01  2.60382E+01  1.15725E+01  0.00000E+00  0.00000E+00  0.00000E+00  0.00000E+00
  0.00000E+00  0.00000E+00  0.00000E+00  0.00000E+00  0.00000E+00  0.00000E+00  0.00000E+00  0.00000E+00  0.00000E+00  0.00000E+00  0.00000E+00  0.00000E+00  0.00000E+00  0.00000E+00  0.00000E+00  0.00000E+00  0.00000E+00  0.00000E+00  0.00000E+00  0.00000E+00  0.00000E+00  0.00000E+00  0.00000E+00  0.00000E+00  0.00000E+00  0.00000E+00  7.84344E+01  2.35303E+02  0.00000E+00  0.00000E+00  0.00000E+00  5.04628E+02  3.41275E+03  2.91708E+03  8.69141E+02  9.81847E+02  2.85128E+03  1.61947E+03  4.36035E+02  0.00000E+00  0.00000E+00  0.00000E+00  9.85529E+02  2.09022E+03  2.09683E+03  2.60544E+03  1.48978E+03  8.26622E+01  0.00000E+00  0.00000E+00  8.67078E+02  2.14324E+02  0.00000E+00  0.00000E+00  2.89313E+00  0.00000E+00  2.89313E+00  2.89313E+01  4.33970E+01  3.76107E+01  5.78626E+00  2.89313E+00  2.89313E+00  2.89313E+01  3.76107E+01  1.15725E+01  2.31450E+01  0.00000E+00  0.00000E+00  0.00000E+00  0.00000E+00  0.00000E+00  0.00000E+00
  0.00000E+00  0.00000E+00  0.00000E+00  0.00000E+00  0.00000E+00  0.00000E+00  0.00000E+00  0.00000E+00  0.00000E+00  0.00000E+00  0.00000E+00  0.00000E+00  0.00000E+00  0.00000E+00  0.00000E+00  0.00000E+00  0.00000E+00  0.00000E+00  0.00000E+00  0.00000E+00  0.00000E+00  0.00000E+00  0.00000E+00  0.00000E+00  0.00000E+00  0.00000E+00  0.00000E+00  7.84344E+01  6.16799E+02  1.50677E+02  0.00000E+00  0.00000E+00  1.59284E+03  1.08177E+03  6.07284E+02  4.13311E+01  2.20600E+02  6.96179E+02  1.44163E+01  4.20566E+02  1.29968E+03  2.38826E+03  1.17871E+03  2.31954E+03  3.04416E+03  1.56747E+03  1.38351E+02  0.00000E+00  0.00000E+00  2.05109E+02  6.99537E+02  0.00000E+00  1.15725E+01  5.78626E+00  0.00000E+00  0.00000E+00  2.89313E+00  2.02519E+01  1.44657E+01  1.73588E+01  2.02519E+01  0.00000E+00  0.00000E+00  1.44657E+01  5.78626E+00  0.00000E+00  2.89313E+00  0.00000E+00  0.00000E+00  0.00000E+00  0.00000E+00  0.00000E+00  0.00000E+00
  0.00000E+00  0.00000E+00  0.00000E+00  0.00000E+00  0.00000E+00  0.00000E+00  0.00000E+00  0.00000E+00  0.00000E+00  0.00000E+00  0.00000E+00  0.00000E+00  0.00000E+00  0.00000E+00  0.00000E+00  0.00000E+00  0.00000E+00  0.00000E+00  0.00000E+00  0.00000E+00  0.00000E+00  0.00000E+00  0.00000E+00  0.00000E+00  0.00000E+00  0.00000E+00  0.00000E+00  3.92172E+01  6.79447E+02  9.46693E+02  0.00000E+00  0.00000E+00  0.00000E+00  0.00000E+00  0.00000E+00  0.00000E+00  0.00000E+00  0.00000E+00  0.00000E+00  5.71126E+02  5.65200E+02  2.00139E+03  2.39029E+03  1.39849E+03  8.05425E+02  0.00000E+00  0.00000E+00  0.00000E+00  0.00000E+00  0.00000E+00  0.00000E+00  1.44657E+01  2.31450E+01  0.00000E+00  0.00000E+00  0.00000E+00  1.44657E+01  2.31450E+01  2.02519E+01  2.02519E+01  1.73588E+01  2.89313E+00  0.00000E+00  0.00000E+00  0.00000E+00  0.00000E+00  0.00000E+00  0.00000E+00  0.00000E+00  0.00000E+00  0.00000E+00  0.00000E+00  0.00000E+00
  0.00000E+00  0.00000E+00  0.00000E+00  0.00000E+00  0.00000E+00  0.00000E+00  0.00000E+00  0.00000E+00  0.00000E+00  0.00000E+00  0.00000E+00  0.00000E+00  0.00000E+00  0.00000E+00  0.00000E+00  0.00000E+00  0.00000E+00  0.00000E+00  0.00000E+00  0.00000E+00  0.00000E+00  0.00000E+00  0.00000E+00  0.00000E+00  0.00000E+00  0.00000E+00  0.00000E+00  0.00000E+00  1.15409E+02  8.86298E+02  7.77617E+02  2.72278E+02  2.35303E+02  0.00000E+00  0.00000E+00  0.00000E+00  0.00000E+00  0.00000E+00  0.00000E+00  0.00000E+00  0.00000E+00  5.02837E+02  1.40617E+03  4.50187E+02  0.00000E+00  0.00000E+00  0.00000E+00  0.00000E+00  2.12206E+02  1.43256E+02  1.44657E+01  2.02519E+01  3.47176E+01  0.00000E+00  0.00000E+00  0.00000E+00  5.78626E+00  2.89313E+00  2.02519E+01  8.67939E+00  2.31450E+01  2.02519E+01  0.00000E+00  0.00000E+00  0.00000E+00  0.00000E+00  8.67939E+00  1.15725E+01  0.00000E+00  0.00000E+00  0.00000E+00  0.00000E+00  0.00000E+00
  0.00000E+00  0.00000E+00  0.00000E+00  0.00000E+00  0.00000E+00  0.00000E+00  0.00000E+00  0.00000E+00  0.00000E+00  0.00000E+00  0.00000E+00  0.00000E+00  0.00000E+00  0.00000E+00  0.00000E+00  0.00000E+00  0.00000E+00  0.00000E+00  0.00000E+00  0.00000E+00  0.00000E+00  0.00000E+00  0.00000E+00  0.00000E+00  0.00000E+00  0.00000E+00  0.00000E+00  0.00000E+00  0.00000E+00  1.54626E+02  1.96086E+02  0.00000E+00  0.00000E+00  0.00000E+00  0.00000E+00  0.00000E+00  7.84344E+01  8.36266E+02  5.56824E+01  0.00000E+00  0.00000E+00  0.00000E+00  0.00000E+00  0.00000E+00  0.00000E+00  0.00000E+00  0.00000E+00  0.00000E+00  2.84413E+00  0.00000E+00  0.00000E+00  1.44657E+01  8.67939E+00  0.00000E+00  0.00000E+00  1.15725E+01  5.78626E+00  1.15725E+01  0.00000E+00  2.02519E+01  3.47176E+01  4.91832E+01  2.89313E+00  5.78626E+00  0.00000E+00  0.00000E+00  2.89313E+00  2.31450E+01  2.89313E+00  2.89313E+00  0.00000E+00  0.00000E+00  0.00000E+00
  0.00000E+00  0.00000E+00  0.00000E+00  0.00000E+00  0.00000E+00  0.00000E+00  0.00000E+00  0.00000E+00  0.00000E+00  0.00000E+00  0.00000E+00  0.00000E+00  0.00000E+00  0.00000E+00  0.00000E+00  0.00000E+00  0.00000E+00  0.00000E+00  0.00000E+00  0.00000E+00  0.00000E+00  0.00000E+00  0.00000E+00  0.00000E+00  0.00000E+00  0.00000E+00  0.00000E+00  0.00000E+00  0.00000E+00  0.00000E+00  0.00000E+00  5.49341E+01  0.00000E+00  0.00000E+00  3.92172E+01  1.17652E+02  1.21386E+03  9.88664E+01  0.00000E+00  0.00000E+00  0.00000E+00  0.00000E+00  0.00000E+00  0.00000E+00  0.00000E+00  0.00000E+00  0.00000E+00  0.00000E+00  0.00000E+00  0.00000E+00  0.00000E+00  2.89313E+00  0.00000E+00  5.78626E+00  5.78626E+00  2.89313E+00  5.78626E+00  5.78626E+00  5.78626E+00  1.15725E+01  8.67939E+00  1.44657E+01  2.89313E+00  5.78626E+00  0.00000E+00  2.89313E+00  8.67939E+00  0.00000E+00  2.89313E+00  5.78626E+00  0.00000E+00  0.00000E+00  0.00000E+00
  0.00000E+00  0.00000E+00  0.00000E+00  0.00000E+00  0.00000E+00  0.00000E+00  0.00000E+00  0.00000E+00  0.00000E+00  0.00000E+00  0.00000E+00  0.00000E+00  0.00000E+00  0.00000E+00  0.00000E+00  0.00000E+00  0.00000E+00  0.00000E+00  0.00000E+00  0.00000E+00  0.00000E+00  0.00000E+00  0.00000E+00  0.00000E+00  0.00000E+00  0.00000E+00  0.00000E+00  0.00000E+00  0.00000E+00  0.00000E+00  0.00000E+00  1.32351E+02  5.62066E+01  1.96086E+02  3.52955E+02  3.92172E+01  3.92172E+01  0.00000E+00  0.00000E+00  0.00000E+00  0.00000E+00  0.00000E+00  0.00000E+00  0.00000E+00  0.00000E+00  0.00000E+00  0.00000E+00  0.00000E+00  0.00000E+00  0.00000E+00  0.00000E+00  0.00000E+00  0.00000E+00  1.44657E+01  0.00000E+00  8.67939E+00  1.15725E+01  4.28803E+02  8.12576E+02  0.00000E+00  0.00000E+00  0.00000E+00  0.00000E+00  0.00000E+00  0.00000E+00  5.78626E+00  2.02519E+01  2.02519E+01  2.89313E+00  0.00000E+00  0.00000E+00  0.00000E+00  0.00000E+00
  0.00000E+00  0.00000E+00  0.00000E+00  0.00000E+00  0.00000E+00  0.00000E+00  0.00000E+00  0.00000E+00  0.00000E+00  0.00000E+00  0.00000E+00  0.00000E+00  0.00000E+00  0.00000E+00  0.00000E+00  0.00000E+00  0.00000E+00  0.00000E+00  0.00000E+00  0.00000E+00  0.00000E+00  0.00000E+00  0.00000E+00  0.00000E+00  0.00000E+00  0.00000E+00  0.00000E+00  0.00000E+00  0.00000E+00  0.00000E+00  0.00000E+00  2.24826E+01  0.00000E+00  1.17652E+02  2.74521E+02  1.68110E+02  0.00000E+00  0.00000E+00  0.00000E+00  0.00000E+00  0.00000E+00  0.00000E+00  0.00000E+00  0.00000E+00  0.00000E+00  0.00000E+00  0.00000E+00  5.78626E+00  5.78626E+00  0.00000E+00  0.00000E+00  0.00000E+00  0.00000E+00  2.02519E+01  0.00000E+00  2.89313E+01  2.89313E+00  3.94860E+02  0.00000E+00  0.00000E+00  0.00000E+00  0.00000E+00  0.00000E+00  0.00000E+00  0.00000E+00  2.89313E+00  8.67939E+00  1.15725E+01  5.78626E+00  2.31450E+01  0.00000E+00  0.00000E+00  0.00000E+00
  0.00000E+00  0.00000E+00  0.00000E+00  0.00000E+00  0.00000E+00  0.00000E+00  0.00000E+00  0.00000E+00  0.00000E+00  0.00000E+00  0.00000E+00  0.00000E+00  0.00000E+00  0.00000E+00  0.00000E+00  0.00000E+00  0.00000E+00  0.00000E+00  0.00000E+00  0.00000E+00  0.00000E+00  0.00000E+00  0.00000E+00  0.00000E+00  0.00000E+00  0.00000E+00  0.00000E+00  0.00000E+00  0.00000E+00  0.00000E+00  0.00000E+00  0.00000E+00  0.00000E+00  0.00000E+00  0.00000E+00  0.00000E+00  0.00000E+00  0.00000E+00  0.00000E+00  0.00000E+00  0.00000E+00  0.00000E+00  0.00000E+00  0.00000E+00  0.00000E+00  0.00000E+00  0.00000E+00  2.89313E+00  2.89313E+00  0.00000E+00  0.00000E+00  0.00000E+00  0.00000E+00  0.00000E+00  3.39424E+01  3.41636E+02  7.33604E+02  4.28803E+02  0.00000E+00  0.00000E+00  0.00000E+00  0.00000E+00  0.00000E+00  0.00000E+00  0.00000E+00  0.00000E+00  0.00000E+00  0.00000E+00  5.78626E+00  2.60382E+01  1.15725E+01  0.00000E+00  0.00000E+00
  0.00000E+00  0.00000E+00  0.00000E+00  0.00000E+00  0.00000E+00  0.00000E+00  0.00000E+00  0.00000E+00  0.00000E+00  0.00000E+00  0.00000E+00  0.00000E+00  0.00000E+00  0.00000E+00  0.00000E+00  0.00000E+00  0.00000E+00  0.00000E+00  0.00000E+00  0.00000E+00  0.00000E+00  0.00000E+00  0.00000E+00  0.00000E+00  0.00000E+00  0.00000E+00  0.00000E+00  0.00000E+00  0.00000E+00  0.00000E+00  0.00000E+00  0.00000E+00  0.00000E+00  0.00000E+00  0.00000E+00  0.00000E+00  0.00000E+00  0.00000E+00  0.00000E+00  0.00000E+00  0.00000E+00  0.00000E+00  0.00000E+00  0.00000E+00  0.00000E+00  0.00000E+00  0.00000E+00  0.00000E+00  0.00000E+00  0.00000E+00  0.00000E+00  0.00000E+00  0.00000E+00  1.46857E+02  9.59433E+02  9.36578E+02  1.54618E+03  4.85600E+02  0.00000E+00  0.00000E+00  0.00000E+00  0.00000E+00  0.00000E+00  0.00000E+00  0.00000E+00  0.00000E+00  0.00000E+00  0.00000E+00  5.78626E+00  5.78626E+00  2.89313E+00  0.00000E+00  0.00000E+00
  0.00000E+00  0.00000E+00  0.00000E+00  0.00000E+00  0.00000E+00  0.00000E+00  0.00000E+00  0.00000E+00  0.00000E+00  0.00000E+00  0.00000E+00  0.00000E+00  0.00000E+00  0.00000E+00  0.00000E+00  0.00000E+00  0.00000E+00  0.00000E+00  0.00000E+00  0.00000E+00  0.00000E+00  0.00000E+00  0.00000E+00  0.00000E+00  0.00000E+00  0.00000E+00  0.00000E+00  0.00000E+00  0.00000E+00  0.00000E+00  0.00000E+00  0.00000E+00  0.00000E+00  0.00000E+00  0.00000E+00  0.00000E+00  0.00000E+00  0.00000E+00  0.00000E+00  0.00000E+00  0.00000E+00  0.00000E+00  0.00000E+00  0.00000E+00  0.00000E+00  0.00000E+00  0.00000E+00  0.00000E+00  0.00000E+00  0.00000E+00  3.39424E+01  0.00000E+00  0.00000E+00  8.35431E+02  1.02732E+03  7.11429E+02  7.22516E+02  8.12576E+02  2.25829E+02  0.00000E+00  0.00000E+00  0.00000E+00  0.00000E+00  0.00000E+00  0.00000E+00  0.00000E+00  0.00000E+00  0.00000E+00  0.00000E+00  0.00000E+00  0.00000E+00  0.00000E+00  0.00000E+00
  0.00000E+00  0.00000E+00  0.00000E+00  0.00000E+00  0.00000E+00  0.00000E+00  0.00000E+00  0.00000E+00  0.00000E+00  0.00000E+00  0.00000E+00  0.00000E+00  0.00000E+00  0.00000E+00  0.00000E+00  0.00000E+00  0.00000E+00  0.00000E+00  0.00000E+00  0.00000E+00  0.00000E+00  0.00000E+00  0.00000E+00  0.00000E+00  0.00000E+00  0.00000E+00  0.00000E+00  0.00000E+00  0.00000E+00  0.00000E+00  0.00000E+00  0.00000E+00  0.00000E+00  0.00000E+00  0.00000E+00  0.00000E+00  0.00000E+00  0.00000E+00  0.00000E+00  0.00000E+00  0.00000E+00  0.00000E+00  0.00000E+00  0.00000E+00  0.00000E+00  0.00000E+00  0.00000E+00  0.00000E+00  0.00000E+00  2.70859E+02  4.96688E+02  8.01488E+02  0.00000E+00  8.92228E+02  1.01623E+03  3.39424E+01  8.24344E+02  6.78847E+01  0.00000E+00  0.00000E+00  0.00000E+00  0.00000E+00  8.67939E+00  1.15725E+01  0.00000E+00  0.00000E+00  0.00000E+00  0.00000E+00  0.00000E+00  0.00000E+00  0.00000E+00  0.00000E+00  0.00000E+00
  0.00000E+00  0.00000E+00  0.00000E+00  0.00000E+00  0.00000E+00  0.00000E+00  0.00000E+00  0.00000E+00  0.00000E+00  0.00000E+00  0.00000E+00  0.00000E+00  0.00000E+00  0.00000E+00  0.00000E+00  0.00000E+00  0.00000E+00  0.00000E+00  0.00000E+00  0.00000E+00  0.00000E+00  0.00000E+00  0.00000E+00  0.00000E+00  0.00000E+00  0.00000E+00  0.00000E+00  0.00000E+00  0.00000E+00  0.00000E+00  0.00000E+00  0.00000E+00  0.00000E+00  0.00000E+00  0.00000E+00  0.00000E+00  0.00000E+00  0.00000E+00  0.00000E+00  0.00000E+00  0.00000E+00  0.00000E+00  0.00000E+00  0.00000E+00  0.00000E+00  0.00000E+00  0.00000E+00  0.00000E+00  1.91887E+02  1.33212E+03  7.67546E+02  8.69374E+02  1.12914E+02  6.88574E+02  1.26423E+03  1.57944E+02  3.04801E+02  0.00000E+00  0.00000E+00  0.00000E+00  0.00000E+00  8.67939E+00  3.76107E+01  0.00000E+00  0.00000E+00  0.00000E+00  0.00000E+00  0.00000E+00  0.00000E+00  0.00000E+00  0.00000E+00  0.00000E+00  0.00000E+00
  0.00000E+00  0.00000E+00  0.00000E+00  0.00000E+00  0.00000E+00  0.00000E+00  0.00000E+00  0.00000E+00  0.00000E+00  0.00000E+00  0.00000E+00  0.00000E+00  0.00000E+00  0.00000E+00  0.00000E+00  0.00000E+00  0.00000E+00  0.00000E+00  0.00000E+00  0.00000E+00  0.00000E+00  0.00000E+00  0.00000E+00  0.00000E+00  0.00000E+00  0.00000E+00  0.00000E+00  0.00000E+00  0.00000E+00  0.00000E+00  0.00000E+00  0.00000E+00  0.00000E+00  0.00000E+00  0.00000E+00  0.00000E+00  0.00000E+00  0.00000E+00  0.00000E+00  0.00000E+00  0.00000E+00  0.00000E+00  0.00000E+00  0.00000E+00  0.00000E+00  0.00000E+00  0.00000E+00  0.00000E+00  7.89722E+01  1.23029E+03  1.10629E+03  1.15132E+03  5.30630E+02  0.00000E+00  0.00000E+00  0.00000E+00  0.00000E+00  0.00000E+00  0.00000E+00  0.00000E+00  0.00000E+00  0.00000E+00  0.00000E+00  0.00000E+00  0.00000E+00  0.00000E+00  0.00000E+00  0.00000E+00  0.00000E+00  0.00000E+00  0.00000E+00  0.00000E+00  0.00000E+00
  0.00000E+00  0.00000E+00  0.00000E+00  0.00000E+00  0.00000E+00  0.00000E+00  0.00000E+00  0.00000E+00  0.00000E+00  0.00000E+00  0.00000E+00  0.00000E+00  0.00000E+00  0.00000E+00  0.00000E+00  0.00000E+00  0.00000E+00  0.00000E+00  0.00000E+00  0.00000E+00  0.00000E+00  0.00000E+00  0.00000E+00  0.00000E+00  0.00000E+00  0.00000E+00  0.00000E+00  0.00000E+00  0.00000E+00  0.00000E+00  0.00000E+00  0.00000E+00  0.00000E+00  0.00000E+00  0.00000E+00  0.00000E+00  0.00000E+00  0.00000E+00  0.00000E+00  0.00000E+00  0.00000E+00  0.00000E+00  0.00000E+00  0.00000E+00  2.89313E+00  8.67939E+00  1.37185E+03  8.80461E+02  4.17715E+02  0.00000E+00  0.00000E+00  7.89722E+01  0.00000E+00  0.00000E+00  0.00000E+00  0.00000E+00  0.00000E+00  0.00000E+00  0.00000E+00  0.00000E+00  0.00000E+00  0.00000E+00  0.00000E+00  0.00000E+00  0.00000E+00  0.00000E+00  0.00000E+00  0.00000E+00  0.00000E+00  0.00000E+00  0.00000E+00  0.00000E+00  0.00000E+00
  0.00000E+00  0.00000E+00  0.00000E+00  0.00000E+00  0.00000E+00  0.00000E+00  0.00000E+00  0.00000E+00  0.00000E+00  0.00000E+00  0.00000E+00  0.00000E+00  0.00000E+00  0.00000E+00  0.00000E+00  0.00000E+00  0.00000E+00  0.00000E+00  0.00000E+00  0.00000E+00  0.00000E+00  0.00000E+00  0.00000E+00  0.00000E+00  0.00000E+00  0.00000E+00  0.00000E+00  0.00000E+00  0.00000E+00  0.00000E+00  0.00000E+00  0.00000E+00  0.00000E+00  0.00000E+00  0.00000E+00  0.00000E+00  0.00000E+00  0.00000E+00  0.00000E+00  0.00000E+00  0.00000E+00  0.00000E+00  0.00000E+00  0.00000E+00  8.67939E+00  5.98805E+02  5.70359E+02  6.43544E+02  5.53485E+02  0.00000E+00  0.00000E+00  0.00000E+00  0.00000E+00  0.00000E+00  0.00000E+00  0.00000E+00  0.00000E+00  0.00000E+00  0.00000E+00  0.00000E+00  0.00000E+00  0.00000E+00  0.00000E+00  0.00000E+00  0.00000E+00  0.00000E+00  0.00000E+00  0.00000E+00  0.00000E+00  0.00000E+00  0.00000E+00  0.00000E+00  0.00000E+00
  0.00000E+00  0.00000E+00  0.00000E+00  0.00000E+00  0.00000E+00  0.00000E+00  0.00000E+00  0.00000E+00  0.00000E+00  0.00000E+00  0.00000E+00  0.00000E+00  0.00000E+00  0.00000E+00  0.00000E+00  0.00000E+00  0.00000E+00  0.00000E+00  0.00000E+00  0.00000E+00  0.00000E+00  0.00000E+00  0.00000E+00  0.00000E+00  0.00000E+00  0.00000E+00  0.00000E+00  0.00000E+00  0.00000E+00  0.00000E+00  0.00000E+00  0.00000E+00  0.00000E+00  0.00000E+00  0.00000E+00  0.00000E+00  0.00000E+00  0.00000E+00  0.00000E+00  0.00000E+00  0.00000E+00  0.00000E+00  0.00000E+00  0.00000E+00  0.00000E+00  7.89722E+01  0.00000E+00  0.00000E+00  0.00000E+00  0.00000E+00  0.00000E+00  0.00000E+00  0.00000E+00  0.00000E+00  0.00000E+00  0.00000E+00  0.00000E+00  0.00000E+00  0.00000E+00  0.00000E+00  0.00000E+00  0.00000E+00  0.00000E+00  0.00000E+00  0.00000E+00  0.00000E+00  0.00000E+00  0.00000E+00  0.00000E+00  0.00000E+00  0.00000E+00  0.00000E+00  0.00000E+00
  0.00000E+00  0.00000E+00  0.00000E+00  0.00000E+00  0.00000E+00  0.00000E+00  0.00000E+00  0.00000E+00  0.00000E+00  0.00000E+00  0.00000E+00  0.00000E+00  0.00000E+00  0.00000E+00  0.00000E+00  0.00000E+00  0.00000E+00  0.00000E+00  0.00000E+00  0.00000E+00  0.00000E+00  0.00000E+00  0.00000E+00  0.00000E+00  0.00000E+00  0.00000E+00  0.00000E+00  0.00000E+00  0.00000E+00  0.00000E+00  0.00000E+00  0.00000E+00  0.00000E+00  0.00000E+00  0.00000E+00  0.00000E+00  0.00000E+00  0.00000E+00  0.00000E+00  0.00000E+00  0.00000E+00  0.00000E+00  0.00000E+00  0.00000E+00  0.00000E+00  0.00000E+00  7.22516E+02  0.00000E+00  0.00000E+00  0.00000E+00  0.00000E+00  0.00000E+00  0.00000E+00  0.00000E+00  0.00000E+00  0.00000E+00  0.00000E+00  0.00000E+00  0.00000E+00  0.00000E+00  0.00000E+00  0.00000E+00  0.00000E+00  0.00000E+00  0.00000E+00  0.00000E+00  0.00000E+00  0.00000E+00  0.00000E+00  0.00000E+00  0.00000E+00  0.00000E+00  0.00000E+00
  0.00000E+00  0.00000E+00  0.00000E+00  0.00000E+00  0.00000E+00  0.00000E+00  0.00000E+00  0.00000E+00  0.00000E+00  0.00000E+00  0.00000E+00  0.00000E+00  0.00000E+00  0.00000E+00  0.00000E+00  0.00000E+00  0.00000E+00  0.00000E+00  0.00000E+00  0.00000E+00  0.00000E+00  0.00000E+00  0.00000E+00  0.00000E+00  0.00000E+00  0.00000E+00  0.00000E+00  0.00000E+00  0.00000E+00  0.00000E+00  0.00000E+00  0.00000E+00  0.00000E+00  0.00000E+00  0.00000E+00  0.00000E+00  0.00000E+00  0.00000E+00  0.00000E+00  0.00000E+00  0.00000E+00  0.00000E+00  0.00000E+00  0.00000E+00  0.00000E+00  0.00000E+00  0.00000E+00  0.00000E+00  0.00000E+00  0.00000E+00  0.00000E+00  0.00000E+00  0.00000E+00  0.00000E+00  0.00000E+00  0.00000E+00  0.00000E+00  0.00000E+00  0.00000E+00  0.00000E+00  0.00000E+00  0.00000E+00  0.00000E+00  0.00000E+00  0.00000E+00  0.00000E+00  0.00000E+00  0.00000E+00  0.00000E+00  0.00000E+00  0.00000E+00  0.00000E+00  0.00000E+00
  0.00000E+00  0.00000E+00  0.00000E+00  0.00000E+00  0.00000E+00  0.00000E+00  0.00000E+00  0.00000E+00  0.00000E+00  0.00000E+00  0.00000E+00  0.00000E+00  0.00000E+00  0.00000E+00  0.00000E+00  0.00000E+00  0.00000E+00  0.00000E+00  0.00000E+00  0.00000E+00  0.00000E+00  0.00000E+00  0.00000E+00  0.00000E+00  0.00000E+00  0.00000E+00  0.00000E+00  0.00000E+00  0.00000E+00  0.00000E+00  0.00000E+00  0.00000E+00  0.00000E+00  0.00000E+00  0.00000E+00  0.00000E+00  0.00000E+00  0.00000E+00  0.00000E+00  0.00000E+00  0.00000E+00  0.00000E+00  0.00000E+00  0.00000E+00  0.00000E+00  0.00000E+00  0.00000E+00  0.00000E+00  0.00000E+00  0.00000E+00  0.00000E+00  0.00000E+00  0.00000E+00  0.00000E+00  0.00000E+00  0.00000E+00  0.00000E+00  0.00000E+00  0.00000E+00  0.00000E+00  0.00000E+00  0.00000E+00  0.00000E+00  0.00000E+00  0.00000E+00  0.00000E+00  0.00000E+00  0.00000E+00  0.00000E+00  0.00000E+00  0.00000E+00  0.00000E+00  0.00000E+00
  0.00000E+00  0.00000E+00  0.00000E+00  0.00000E+00  0.00000E+00  0.00000E+00  0.00000E+00  0.00000E+00  0.00000E+00  0.00000E+00  0.00000E+00  0.00000E+00  0.00000E+00  0.00000E+00  0.00000E+00  0.00000E+00  0.00000E+00  0.00000E+00  0.00000E+00  0.00000E+00  0.00000E+00  0.00000E+00  0.00000E+00  0.00000E+00  0.00000E+00  0.00000E+00  0.00000E+00  0.00000E+00  0.00000E+00  0.00000E+00  0.00000E+00  0.00000E+00  0.00000E+00  0.00000E+00  0.00000E+00  0.00000E+00  0.00000E+00  0.00000E+00  0.00000E+00  0.00000E+00  0.00000E+00  0.00000E+00  0.00000E+00  0.00000E+00  0.00000E+00  0.00000E+00  0.00000E+00  0.00000E+00  0.00000E+00  0.00000E+00  0.00000E+00  7.89722E+01  4.62745E+02  7.89722E+01  0.00000E+00  0.00000E+00  0.00000E+00  0.00000E+00  0.00000E+00  0.00000E+00  0.00000E+00  0.00000E+00  0.00000E+00  0.00000E+00  0.00000E+00  0.00000E+00  0.00000E+00  0.00000E+00  0.00000E+00  0.00000E+00  0.00000E+00  0.00000E+00  0.00000E+00
  0.00000E+00  0.00000E+00  0.00000E+00  0.00000E+00  0.00000E+00  0.00000E+00  0.00000E+00  0.00000E+00  0.00000E+00  0.00000E+00  0.00000E+00  0.00000E+00  0.00000E+00  0.00000E+00  0.00000E+00  0.00000E+00  0.00000E+00  0.00000E+00  0.00000E+00  0.00000E+00  0.00000E+00  0.00000E+00  0.00000E+00  0.00000E+00  0.00000E+00  0.00000E+00  0.00000E+00  0.00000E+00  0.00000E+00  0.00000E+00  0.00000E+00  0.00000E+00  0.00000E+00  0.00000E+00  0.00000E+00  0.00000E+00  0.00000E+00  0.00000E+00  0.00000E+00  0.00000E+00  0.00000E+00  0.00000E+00  0.00000E+00  0.00000E+00  0.00000E+00  0.00000E+00  0.00000E+00  0.00000E+00  7.89722E+01  0.00000E+00  7.90401E+02  1.42286E+03  4.62745E+02  0.00000E+00  0.00000E+00  0.00000E+00  0.00000E+00  0.00000E+00  0.00000E+00  0.00000E+00  0.00000E+00  0.00000E+00  0.00000E+00  0.00000E+00  0.00000E+00  0.00000E+00  0.00000E+00  0.00000E+00  0.00000E+00  0.00000E+00  0.00000E+00  0.00000E+00  0.00000E+00
  0.00000E+00  0.00000E+00  0.00000E+00  0.00000E+00  0.00000E+00  0.00000E+00  0.00000E+00  0.00000E+00  0.00000E+00  0.00000E+00  0.00000E+00  0.00000E+00  0.00000E+00  0.00000E+00  0.00000E+00  0.00000E+00  0.00000E+00  0.00000E+00  0.00000E+00  0.00000E+00  0.00000E+00  0.00000E+00  0.00000E+00  0.00000E+00  0.00000E+00  0.00000E+00  0.00000E+00  0.00000E+00  0.00000E+00  0.00000E+00  0.00000E+00  0.00000E+00  0.00000E+00  0.00000E+00  0.00000E+00  0.00000E+00  0.00000E+00  0.00000E+00  0.00000E+00  0.00000E+00  0.00000E+00  0.00000E+00  0.00000E+00  0.00000E+00  0.00000E+00  0.00000E+00  0.00000E+00  3.39424E+01  7.00342E+02  6.55312E+02  1.29886E+03  5.08455E+02  0.00000E+00  0.00000E+00  0.00000E+00  0.00000E+00  0.00000E+00  0.00000E+00  0.00000E+00  0.00000E+00  0.00000E+00  0.00000E+00  0.00000E+00  0.00000E+00  0.00000E+00  0.00000E+00  0.00000E+00  0.00000E+00  0.00000E+00  0.00000E+00  0.00000E+00  0.00000E+00  0.00000E+00
  0.00000E+00  0.00000E+00  0.00000E+00  0.00000E+00  0.00000E+00  0.00000E+00  0.00000E+00  0.00000E+00  0.00000E+00  0.00000E+00  0.00000E+00  0.00000E+00  0.00000E+00  0.00000E+00  0.00000E+00  0.00000E+00  0.00000E+00  0.00000E+00  0.00000E+00  0.00000E+00  0.00000E+00  0.00000E+00  0.00000E+00  0.00000E+00  0.00000E+00  0.00000E+00  0.00000E+00  0.00000E+00  0.00000E+00  0.00000E+00  0.00000E+00  0.00000E+00  0.00000E+00  0.00000E+00  0.00000E+00  0.00000E+00  0.00000E+00  0.00000E+00  0.00000E+00  0.00000E+00  0.00000E+00  0.00000E+00  0.00000E+00  0.00000E+00  0.00000E+00  0.00000E+00  0.00000E+00  2.25829E+02  9.03316E+02  1.28709E+03  1.58080E+03  5.42398E+02  3.39424E+01  0.00000E+00  0.00000E+00  0.00000E+00  0.00000E+00  0.00000E+00  0.00000E+00  0.00000E+00  0.00000E+00  0.00000E+00  0.00000E+00  0.00000E+00  0.00000E+00  0.00000E+00  0.00000E+00  0.00000E+00  0.00000E+00  0.00000E+00  0.00000E+00  0.00000E+00  0.00000E+00
  0.00000E+00  0.00000E+00  0.00000E+00  0.00000E+00  0.00000E+00  0.00000E+00  0.00000E+00  0.00000E+00  0.00000E+00  0.00000E+00  0.00000E+00  0.00000E+00  0.00000E+00  0.00000E+00  0.00000E+00  0.00000E+00  0.00000E+00  0.00000E+00  0.00000E+00  0.00000E+00  0.00000E+00  0.00000E+00  0.00000E+00  0.00000E+00  0.00000E+00  0.00000E+00  0.00000E+00  0.00000E+00  0.00000E+00  0.00000E+00  0.00000E+00  0.00000E+00  0.00000E+00  0.00000E+00  0.00000E+00  0.00000E+00  0.00000E+00  0.00000E+00  0.00000E+00  0.00000E+00  0.00000E+00  0.00000E+00  0.00000E+00  0.00000E+00  0.00000E+00  0.00000E+00  0.00000E+00  0.00000E+00  7.56459E+02  1.14023E+03  7.79314E+02  1.00514E+03  1.91887E+02  0.00000E+00  0.00000E+00  0.00000E+00  0.00000E+00  0.00000E+00  0.00000E+00  0.00000E+00  0.00000E+00  0.00000E+00  0.00000E+00  0.00000E+00  0.00000E+00  0.00000E+00  0.00000E+00  0.00000E+00  0.00000E+00  0.00000E+00  0.00000E+00  0.00000E+00  0.00000E+00
  0.00000E+00  0.00000E+00  0.00000E+00  0.00000E+00  0.00000E+00  0.00000E+00  0.00000E+00  0.00000E+00  0.00000E+00  0.00000E+00  0.00000E+00  0.00000E+00  0.00000E+00  0.00000E+00  0.00000E+00  0.00000E+00  0.00000E+00  0.00000E+00  0.00000E+00  0.00000E+00  0.00000E+00  0.00000E+00  0.00000E+00  0.00000E+00  0.00000E+00  0.00000E+00  0.00000E+00  0.00000E+00  0.00000E+00  0.00000E+00  0.00000E+00  0.00000E+00  0.00000E+00  0.00000E+00  0.00000E+00  0.00000E+00  0.00000E+00  0.00000E+00  0.00000E+00  0.00000E+00  0.00000E+00  0.00000E+00  0.00000E+00  0.00000E+00  0.00000E+00  0.00000E+00  0.00000E+00  0.00000E+00  9.82288E+02  1.42286E+03  9.49026E+02  8.13257E+02  0.00000E+00  0.00000E+00  0.00000E+00  0.00000E+00  0.00000E+00  0.00000E+00  0.00000E+00  0.00000E+00  0.00000E+00  0.00000E+00  0.00000E+00  0.00000E+00  0.00000E+00  0.00000E+00  0.00000E+00  0.00000E+00  0.00000E+00  0.00000E+00  0.00000E+00  0.00000E+00  0.00000E+00
  0.00000E+00  0.00000E+00  0.00000E+00  0.00000E+00  0.00000E+00  0.00000E+00  0.00000E+00  0.00000E+00  0.00000E+00  0.00000E+00  0.00000E+00  0.00000E+00  0.00000E+00  0.00000E+00  0.00000E+00  0.00000E+00  0.00000E+00  0.00000E+00  0.00000E+00  0.00000E+00  0.00000E+00  0.00000E+00  0.00000E+00  0.00000E+00  0.00000E+00  0.00000E+00  0.00000E+00  0.00000E+00  0.00000E+00  0.00000E+00  0.00000E+00  0.00000E+00  0.00000E+00  0.00000E+00  0.00000E+00  0.00000E+00  0.00000E+00  0.00000E+00  0.00000E+00  0.00000E+00  0.00000E+00  0.00000E+00  0.00000E+00  0.00000E+00  0.00000E+00  0.00000E+00  0.00000E+00  0.00000E+00  5.53485E+02  1.53577E+03  1.30994E+03  6.78847E+01  0.00000E+00  0.00000E+00  0.00000E+00  0.00000E+00  0.00000E+00  0.00000E+00  0.00000E+00  0.00000E+00  0.00000E+00  0.00000E+00  0.00000E+00  0.00000E+00  0.00000E+00  0.00000E+00  0.00000E+00  0.00000E+00  0.00000E+00  0.00000E+00  0.00000E+00  0.00000E+00  0.00000E+00
  0.00000E+00  0.00000E+00  0.00000E+00  0.00000E+00  0.00000E+00  0.00000E+00  0.00000E+00  0.00000E+00  0.00000E+00  0.00000E+00  0.00000E+00  0.00000E+00  0.00000E+00  0.00000E+00  0.00000E+00  0.00000E+00  0.00000E+00  0.00000E+00  0.00000E+00  0.00000E+00  0.00000E+00  0.00000E+00  0.00000E+00  0.00000E+00  0.00000E+00  0.00000E+00  0.00000E+00  0.00000E+00  0.00000E+00  0.00000E+00  0.00000E+00  0.00000E+00  0.00000E+00  0.00000E+00  0.00000E+00  0.00000E+00  0.00000E+00  0.00000E+00  0.00000E+00  0.00000E+00  0.00000E+00  0.00000E+00  0.00000E+00  0.00000E+00  0.00000E+00  0.00000E+00  0.00000E+00  0.00000E+00  3.39424E+01  1.46789E+03  1.23097E+03  0.00000E+00  0.00000E+00  0.00000E+00  0.00000E+00  0.00000E+00  0.00000E+00  0.00000E+00  0.00000E+00  0.00000E+00  0.00000E+00  0.00000E+00  0.00000E+00  0.00000E+00  0.00000E+00  0.00000E+00  0.00000E+00  0.00000E+00  0.00000E+00  0.00000E+00  0.00000E+00  0.00000E+00  0.00000E+00
  0.00000E+00  0.00000E+00  0.00000E+00  0.00000E+00  0.00000E+00  0.00000E+00  0.00000E+00  0.00000E+00  0.00000E+00  0.00000E+00  0.00000E+00  0.00000E+00  0.00000E+00  0.00000E+00  0.00000E+00  0.00000E+00  0.00000E+00  0.00000E+00  0.00000E+00  0.00000E+00  0.00000E+00  0.00000E+00  0.00000E+00  0.00000E+00  0.00000E+00  0.00000E+00  0.00000E+00  0.00000E+00  0.00000E+00  0.00000E+00  0.00000E+00  0.00000E+00  0.00000E+00  0.00000E+00  0.00000E+00  0.00000E+00  0.00000E+00  0.00000E+00  0.00000E+00  0.00000E+00  0.00000E+00  0.00000E+00  0.00000E+00  0.00000E+00  0.00000E+00  0.00000E+00  0.00000E+00  0.00000E+00  0.00000E+00  3.04801E+02  3.04801E+02  0.00000E+00  0.00000E+00  0.00000E+00  0.00000E+00  0.00000E+00  0.00000E+00  0.00000E+00  0.00000E+00  0.00000E+00  0.00000E+00  0.00000E+00  0.00000E+00  0.00000E+00  0.00000E+00  0.00000E+00  0.00000E+00  0.00000E+00  0.00000E+00  0.00000E+00  0.00000E+00  0.00000E+00  0.00000E+00
  0.00000E+00  0.00000E+00  0.00000E+00  0.00000E+00  0.00000E+00  0.00000E+00  0.00000E+00  0.00000E+00  0.00000E+00  0.00000E+00  0.00000E+00  0.00000E+00  0.00000E+00  0.00000E+00  0.00000E+00  0.00000E+00  0.00000E+00  0.00000E+00  0.00000E+00  0.00000E+00  0.00000E+00  0.00000E+00  0.00000E+00  0.00000E+00  0.00000E+00  0.00000E+00  0.00000E+00  0.00000E+00  0.00000E+00  0.00000E+00  0.00000E+00  0.00000E+00  0.00000E+00  0.00000E+00  0.00000E+00  0.00000E+00  0.00000E+00  0.00000E+00  0.00000E+00  0.00000E+00  0.00000E+00  0.00000E+00  0.00000E+00  0.00000E+00  0.00000E+00  0.00000E+00  0.00000E+00  0.00000E+00  0.00000E+00  0.00000E+00  0.00000E+00  0.00000E+00  0.00000E+00  0.00000E+00  0.00000E+00  0.00000E+00  0.00000E+00  0.00000E+00  0.00000E+00  0.00000E+00  0.00000E+00  0.00000E+00  0.00000E+00  0.00000E+00  0.00000E+00  0.00000E+00  0.00000E+00  0.00000E+00  0.00000E+00  0.00000E+00  0.00000E+00  0.00000E+00  0.00000E+00
  0.00000E+00  0.00000E+00  0.00000E+00  0.00000E+00  0.00000E+00  0.00000E+00  0.00000E+00  0.00000E+00  0.00000E+00  0.00000E+00  0.00000E+00  0.00000E+00  0.00000E+00  0.00000E+00  0.00000E+00  0.00000E+00  0.00000E+00  0.00000E+00  0.00000E+00  0.00000E+00  0.00000E+00  0.00000E+00  0.00000E+00  0.00000E+00  0.00000E+00  0.00000E+00  0.00000E+00  0.00000E+00  0.00000E+00  0.00000E+00  0.00000E+00  0.00000E+00  0.00000E+00  0.00000E+00  0.00000E+00  0.00000E+00  0.00000E+00  0.00000E+00  0.00000E+00  0.00000E+00  0.00000E+00  0.00000E+00  0.00000E+00  0.00000E+00  0.00000E+00  0.00000E+00  0.00000E+00  0.00000E+00  0.00000E+00  0.00000E+00  0.00000E+00  0.00000E+00  0.00000E+00  0.00000E+00  0.00000E+00  0.00000E+00  0.00000E+00  0.00000E+00  0.00000E+00  0.00000E+00  0.00000E+00  0.00000E+00  0.00000E+00  0.00000E+00  0.00000E+00  0.00000E+00  0.00000E+00  0.00000E+00  0.00000E+00  0.00000E+00  0.00000E+00  0.00000E+00  0.00000E+00
  0.00000E+00  0.00000E+00  0.00000E+00  0.00000E+00  0.00000E+00  0.00000E+00  0.00000E+00  0.00000E+00  0.00000E+00  0.00000E+00  0.00000E+00  0.00000E+00  0.00000E+00  0.00000E+00  0.00000E+00  0.00000E+00  0.00000E+00  0.00000E+00  0.00000E+00  0.00000E+00  0.00000E+00  0.00000E+00  0.00000E+00  0.00000E+00  0.00000E+00  0.00000E+00  0.00000E+00  0.00000E+00  0.00000E+00  0.00000E+00  0.00000E+00  0.00000E+00  0.00000E+00  0.00000E+00  0.00000E+00  0.00000E+00  0.00000E+00  0.00000E+00  0.00000E+00  0.00000E+00  0.00000E+00  0.00000E+00  0.00000E+00  0.00000E+00  0.00000E+00  0.00000E+00  0.00000E+00  0.00000E+00  0.00000E+00  0.00000E+00  0.00000E+00  0.00000E+00  0.00000E+00  0.00000E+00  0.00000E+00  0.00000E+00  0.00000E+00  0.00000E+00  0.00000E+00  0.00000E+00  0.00000E+00  0.00000E+00  0.00000E+00  0.00000E+00  0.00000E+00  0.00000E+00  0.00000E+00  0.00000E+00  0.00000E+00  0.00000E+00  0.00000E+00  0.00000E+00  0.00000E+00
  0.00000E+00  0.00000E+00  0.00000E+00  0.00000E+00  0.00000E+00  0.00000E+00  0.00000E+00  0.00000E+00  0.00000E+00  0.00000E+00  0.00000E+00  0.00000E+00  0.00000E+00  0.00000E+00  0.00000E+00  0.00000E+00  0.00000E+00  0.00000E+00  0.00000E+00  0.00000E+00  0.00000E+00  0.00000E+00  0.00000E+00  0.00000E+00  0.00000E+00  0.00000E+00  0.00000E+00  0.00000E+00  0.00000E+00  0.00000E+00  0.00000E+00  0.00000E+00  0.00000E+00  0.00000E+00  0.00000E+00  0.00000E+00  0.00000E+00  0.00000E+00  0.00000E+00  0.00000E+00  0.00000E+00  0.00000E+00  0.00000E+00  0.00000E+00  0.00000E+00  0.00000E+00  0.00000E+00  0.00000E+00  0.00000E+00  0.00000E+00  0.00000E+00  0.00000E+00  0.00000E+00  0.00000E+00  0.00000E+00  0.00000E+00  0.00000E+00  0.00000E+00  0.00000E+00  0.00000E+00  0.00000E+00  0.00000E+00  0.00000E+00  0.00000E+00  0.00000E+00  0.00000E+00  0.00000E+00  0.00000E+00  0.00000E+00  0.00000E+00  0.00000E+00  0.00000E+00  0.00000E+00
  0.00000E+00  0.00000E+00  0.00000E+00  0.00000E+00  0.00000E+00  0.00000E+00  0.00000E+00  0.00000E+00  0.00000E+00  0.00000E+00  0.00000E+00  0.00000E+00  0.00000E+00  0.00000E+00  0.00000E+00  0.00000E+00  0.00000E+00  0.00000E+00  0.00000E+00  0.00000E+00  0.00000E+00  0.00000E+00  0.00000E+00  0.00000E+00  0.00000E+00  0.00000E+00  0.00000E+00  0.00000E+00  0.00000E+00  0.00000E+00  0.00000E+00  0.00000E+00  0.00000E+00  0.00000E+00  0.00000E+00  0.00000E+00  0.00000E+00  0.00000E+00  0.00000E+00  0.00000E+00  0.00000E+00  0.00000E+00  0.00000E+00  0.00000E+00  0.00000E+00  0.00000E+00  0.00000E+00  0.00000E+00  0.00000E+00  0.00000E+00  0.00000E+00  0.00000E+00  0.00000E+00  0.00000E+00  0.00000E+00  0.00000E+00  0.00000E+00  0.00000E+00  0.00000E+00  0.00000E+00  0.00000E+00  0.00000E+00  0.00000E+00  0.00000E+00  0.00000E+00  0.00000E+00  0.00000E+00  0.00000E+00  0.00000E+00  0.00000E+00  0.00000E+00  0.00000E+00  0.00000E+00
  0.00000E+00  0.00000E+00  0.00000E+00  0.00000E+00  0.00000E+00  0.00000E+00  0.00000E+00  0.00000E+00  0.00000E+00  0.00000E+00  0.00000E+00  0.00000E+00  0.00000E+00  0.00000E+00  0.00000E+00  0.00000E+00  0.00000E+00  0.00000E+00  0.00000E+00  0.00000E+00  0.00000E+00  0.00000E+00  0.00000E+00  0.00000E+00  0.00000E+00  0.00000E+00  0.00000E+00  0.00000E+00  0.00000E+00  0.00000E+00  0.00000E+00  0.00000E+00  0.00000E+00  0.00000E+00  0.00000E+00  0.00000E+00  0.00000E+00  0.00000E+00  0.00000E+00  0.00000E+00  0.00000E+00  0.00000E+00  0.00000E+00  0.00000E+00  0.00000E+00  0.00000E+00  0.00000E+00  0.00000E+00  0.00000E+00  0.00000E+00  0.00000E+00  0.00000E+00  0.00000E+00  0.00000E+00  0.00000E+00  0.00000E+00  0.00000E+00  0.00000E+00  0.00000E+00  0.00000E+00  0.00000E+00  0.00000E+00  0.00000E+00  0.00000E+00  0.00000E+00  0.00000E+00  0.00000E+00  0.00000E+00  0.00000E+00  0.00000E+00  0.00000E+00  0.00000E+00  0.00000E+00
  0.00000E+00  0.00000E+00  0.00000E+00  0.00000E+00  0.00000E+00  0.00000E+00  0.00000E+00  0.00000E+00  0.00000E+00  0.00000E+00  0.00000E+00  0.00000E+00  0.00000E+00  0.00000E+00  0.00000E+00  0.00000E+00  0.00000E+00  0.00000E+00  0.00000E+00  0.00000E+00  0.00000E+00  0.00000E+00  0.00000E+00  0.00000E+00  0.00000E+00  0.00000E+00  0.00000E+00  0.00000E+00  0.00000E+00  0.00000E+00  0.00000E+00  0.00000E+00  0.00000E+00  0.00000E+00  0.00000E+00  0.00000E+00  0.00000E+00  0.00000E+00  0.00000E+00  0.00000E+00  0.00000E+00  0.00000E+00  0.00000E+00  0.00000E+00  0.00000E+00  0.00000E+00  0.00000E+00  0.00000E+00  0.00000E+00  0.00000E+00  0.00000E+00  0.00000E+00  0.00000E+00  0.00000E+00  0.00000E+00  0.00000E+00  0.00000E+00  0.00000E+00  0.00000E+00  0.00000E+00  0.00000E+00  0.00000E+00  0.00000E+00  0.00000E+00  0.00000E+00  0.00000E+00  0.00000E+00  0.00000E+00  0.00000E+00  0.00000E+00  0.00000E+00  0.00000E+00  0.00000E+00
  0.00000E+00  0.00000E+00  0.00000E+00  0.00000E+00  0.00000E+00  0.00000E+00  0.00000E+00  0.00000E+00  0.00000E+00  0.00000E+00  0.00000E+00  0.00000E+00  0.00000E+00  0.00000E+00  0.00000E+00  0.00000E+00  0.00000E+00  0.00000E+00  0.00000E+00  0.00000E+00  0.00000E+00  0.00000E+00  0.00000E+00  0.00000E+00  0.00000E+00  0.00000E+00  0.00000E+00  0.00000E+00  0.00000E+00  0.00000E+00  0.00000E+00  0.00000E+00  0.00000E+00  0.00000E+00  0.00000E+00  0.00000E+00  0.00000E+00  0.00000E+00  0.00000E+00  0.00000E+00  0.00000E+00  0.00000E+00  0.00000E+00  0.00000E+00  0.00000E+00  0.00000E+00  0.00000E+00  0.00000E+00  0.00000E+00  0.00000E+00  0.00000E+00  0.00000E+00  0.00000E+00  0.00000E+00  0.00000E+00  0.00000E+00  0.00000E+00  0.00000E+00  0.00000E+00  0.00000E+00  0.00000E+00  0.00000E+00  0.00000E+00  0.00000E+00  0.00000E+00  0.00000E+00  0.00000E+00  0.00000E+00  0.00000E+00  0.00000E+00  0.00000E+00  0.00000E+00  0.00000E+00
  0.00000E+00  0.00000E+00  0.00000E+00  0.00000E+00  0.00000E+00  0.00000E+00  0.00000E+00  0.00000E+00  0.00000E+00  0.00000E+00  0.00000E+00  0.00000E+00  0.00000E+00  0.00000E+00  0.00000E+00  0.00000E+00  0.00000E+00  0.00000E+00  0.00000E+00  0.00000E+00  0.00000E+00  0.00000E+00  0.00000E+00  0.00000E+00  0.00000E+00  0.00000E+00  0.00000E+00  0.00000E+00  0.00000E+00  0.00000E+00  0.00000E+00  0.00000E+00  0.00000E+00  0.00000E+00  0.00000E+00  0.00000E+00  0.00000E+00  0.00000E+00  0.00000E+00  0.00000E+00  0.00000E+00  0.00000E+00  0.00000E+00  0.00000E+00  0.00000E+00  0.00000E+00  0.00000E+00  0.00000E+00  0.00000E+00  0.00000E+00  0.00000E+00  0.00000E+00  0.00000E+00  0.00000E+00  0.00000E+00  0.00000E+00  0.00000E+00  0.00000E+00  0.00000E+00  0.00000E+00  0.00000E+00  0.00000E+00  0.00000E+00  0.00000E+00  0.00000E+00  0.00000E+00  0.00000E+00  0.00000E+00  0.00000E+00  0.00000E+00  0.00000E+00  0.00000E+00  0.00000E+00
  0.00000E+00  0.00000E+00  0.00000E+00  0.00000E+00  0.00000E+00  0.00000E+00  0.00000E+00  0.00000E+00  0.00000E+00  0.00000E+00  0.00000E+00  0.00000E+00  0.00000E+00  0.00000E+00  0.00000E+00  0.00000E+00  0.00000E+00  0.00000E+00  0.00000E+00  0.00000E+00  0.00000E+00  0.00000E+00  0.00000E+00  0.00000E+00  0.00000E+00  0.00000E+00  0.00000E+00  0.00000E+00  0.00000E+00  0.00000E+00  0.00000E+00  0.00000E+00  0.00000E+00  0.00000E+00  0.00000E+00  0.00000E+00  0.00000E+00  0.00000E+00  0.00000E+00  0.00000E+00  0.00000E+00  0.00000E+00  0.00000E+00  0.00000E+00  0.00000E+00  0.00000E+00  0.00000E+00  0.00000E+00  0.00000E+00  0.00000E+00  0.00000E+00  0.00000E+00  0.00000E+00  0.00000E+00  0.00000E+00  0.00000E+00  0.00000E+00  0.00000E+00  0.00000E+00  0.00000E+00  0.00000E+00  0.00000E+00  0.00000E+00  0.00000E+00  0.00000E+00  0.00000E+00  0.00000E+00  0.00000E+00  0.00000E+00  0.00000E+00  0.00000E+00  0.00000E+00  0.00000E+00
  0.00000E+00  0.00000E+00  0.00000E+00  0.00000E+00  0.00000E+00  0.00000E+00  0.00000E+00  0.00000E+00  0.00000E+00  0.00000E+00  0.00000E+00  0.00000E+00  0.00000E+00  0.00000E+00  0.00000E+00  0.00000E+00  0.00000E+00  0.00000E+00  0.00000E+00  0.00000E+00  0.00000E+00  0.00000E+00  0.00000E+00  0.00000E+00  0.00000E+00  0.00000E+00  0.00000E+00  0.00000E+00  0.00000E+00  0.00000E+00  0.00000E+00  0.00000E+00  0.00000E+00  0.00000E+00  0.00000E+00  0.00000E+00  0.00000E+00  0.00000E+00  0.00000E+00  0.00000E+00  0.00000E+00  0.00000E+00  0.00000E+00  0.00000E+00  0.00000E+00  0.00000E+00  0.00000E+00  0.00000E+00  0.00000E+00  0.00000E+00  0.00000E+00  0.00000E+00  0.00000E+00  0.00000E+00  0.00000E+00  0.00000E+00  0.00000E+00  0.00000E+00  0.00000E+00  0.00000E+00  0.00000E+00  0.00000E+00  0.00000E+00  0.00000E+00  0.00000E+00  0.00000E+00  0.00000E+00  0.00000E+00  0.00000E+00  0.00000E+00  0.00000E+00  0.00000E+00  0.00000E+00
  0.00000E+00  0.00000E+00  0.00000E+00  0.00000E+00  0.00000E+00  0.00000E+00  0.00000E+00  0.00000E+00  0.00000E+00  0.00000E+00  0.00000E+00  0.00000E+00  0.00000E+00  0.00000E+00  0.00000E+00  0.00000E+00  0.00000E+00  0.00000E+00  0.00000E+00  0.00000E+00  0.00000E+00  0.00000E+00  0.00000E+00  0.00000E+00  0.00000E+00  0.00000E+00  0.00000E+00  0.00000E+00  0.00000E+00  0.00000E+00  0.00000E+00  0.00000E+00  0.00000E+00  0.00000E+00  0.00000E+00  0.00000E+00  0.00000E+00  0.00000E+00  0.00000E+00  0.00000E+00  0.00000E+00  0.00000E+00  0.00000E+00  0.00000E+00  0.00000E+00  0.00000E+00  0.00000E+00  0.00000E+00  0.00000E+00  0.00000E+00  0.00000E+00  0.00000E+00  0.00000E+00  0.00000E+00  0.00000E+00  0.00000E+00  0.00000E+00  0.00000E+00  0.00000E+00  0.00000E+00  0.00000E+00  0.00000E+00  0.00000E+00  0.00000E+00  0.00000E+00  0.00000E+00  0.00000E+00  0.00000E+00  0.00000E+00  0.00000E+00  0.00000E+00  0.00000E+00  0.00000E+00
  0.00000E+00  0.00000E+00  0.00000E+00  0.00000E+00  0.00000E+00  0.00000E+00  0.00000E+00  0.00000E+00  0.00000E+00  0.00000E+00  0.00000E+00  0.00000E+00  0.00000E+00  0.00000E+00  0.00000E+00  0.00000E+00  0.00000E+00  0.00000E+00  0.00000E+00  0.00000E+00  0.00000E+00  0.00000E+00  0.00000E+00  0.00000E+00  0.00000E+00  0.00000E+00  0.00000E+00  0.00000E+00  0.00000E+00  0.00000E+00  0.00000E+00  0.00000E+00  0.00000E+00  0.00000E+00  0.00000E+00  0.00000E+00  0.00000E+00  0.00000E+00  0.00000E+00  0.00000E+00  0.00000E+00  0.00000E+00  0.00000E+00  0.00000E+00  0.00000E+00  0.00000E+00  0.00000E+00  0.00000E+00  0.00000E+00  0.00000E+00  0.00000E+00  0.00000E+00  0.00000E+00  0.00000E+00  0.00000E+00  0.00000E+00  0.00000E+00  0.00000E+00  0.00000E+00  0.00000E+00  0.00000E+00  0.00000E+00  0.00000E+00  0.00000E+00  0.00000E+00  0.00000E+00  0.00000E+00  0.00000E+00  0.00000E+00  0.00000E+00  0.00000E+00  0.00000E+00  0.00000E+00
  0.00000E+00  0.00000E+00  0.00000E+00  0.00000E+00  0.00000E+00  0.00000E+00  0.00000E+00  0.00000E+00  0.00000E+00  0.00000E+00  0.00000E+00  0.00000E+00  0.00000E+00  0.00000E+00  0.00000E+00  0.00000E+00  0.00000E+00  0.00000E+00  0.00000E+00  0.00000E+00  0.00000E+00  0.00000E+00  0.00000E+00  0.00000E+00  0.00000E+00  0.00000E+00  0.00000E+00  0.00000E+00  0.00000E+00  0.00000E+00  0.00000E+00  0.00000E+00  0.00000E+00  0.00000E+00  0.00000E+00  0.00000E+00  0.00000E+00  0.00000E+00  0.00000E+00  0.00000E+00  0.00000E+00  0.00000E+00  0.00000E+00  0.00000E+00  0.00000E+00  0.00000E+00  0.00000E+00  0.00000E+00  0.00000E+00  0.00000E+00  0.00000E+00  0.00000E+00  0.00000E+00  0.00000E+00  0.00000E+00  0.00000E+00  0.00000E+00  0.00000E+00  0.00000E+00  0.00000E+00  0.00000E+00  0.00000E+00  0.00000E+00  0.00000E+00  0.00000E+00  0.00000E+00  0.00000E+00  0.00000E+00  0.00000E+00  0.00000E+00  0.00000E+00  0.00000E+00  0.00000E+00
  0.00000E+00  0.00000E+00  0.00000E+00  0.00000E+00  0.00000E+00  0.00000E+00  0.00000E+00  0.00000E+00  0.00000E+00  0.00000E+00  0.00000E+00  0.00000E+00  0.00000E+00  0.00000E+00  0.00000E+00  0.00000E+00  0.00000E+00  0.00000E+00  0.00000E+00  0.00000E+00  0.00000E+00  0.00000E+00  0.00000E+00  0.00000E+00  0.00000E+00  0.00000E+00  0.00000E+00  0.00000E+00  0.00000E+00  0.00000E+00  0.00000E+00  0.00000E+00  0.00000E+00  0.00000E+00  0.00000E+00  0.00000E+00  0.00000E+00  0.00000E+00  0.00000E+00  0.00000E+00  0.00000E+00  0.00000E+00  0.00000E+00  0.00000E+00  0.00000E+00  0.00000E+00  0.00000E+00  0.00000E+00  0.00000E+00  0.00000E+00  0.00000E+00  0.00000E+00  0.00000E+00  0.00000E+00  0.00000E+00  0.00000E+00  0.00000E+00  0.00000E+00  0.00000E+00  0.00000E+00  0.00000E+00  0.00000E+00  0.00000E+00  0.00000E+00  0.00000E+00  0.00000E+00  0.00000E+00  0.00000E+00  0.00000E+00  0.00000E+00  0.00000E+00  0.00000E+00  0.00000E+00
  0.00000E+00  0.00000E+00  0.00000E+00  0.00000E+00  0.00000E+00  0.00000E+00  0.00000E+00  0.00000E+00  0.00000E+00  0.00000E+00  0.00000E+00  0.00000E+00  0.00000E+00  0.00000E+00  0.00000E+00  0.00000E+00  0.00000E+00  0.00000E+00  0.00000E+00  0.00000E+00  0.00000E+00  0.00000E+00  0.00000E+00  0.00000E+00  0.00000E+00  0.00000E+00  0.00000E+00  0.00000E+00  0.00000E+00  0.00000E+00  0.00000E+00  0.00000E+00  0.00000E+00  0.00000E+00  0.00000E+00  0.00000E+00  0.00000E+00  0.00000E+00  0.00000E+00  0.00000E+00  0.00000E+00  0.00000E+00  0.00000E+00  0.00000E+00  0.00000E+00  0.00000E+00  0.00000E+00  0.00000E+00  0.00000E+00  0.00000E+00  0.00000E+00  0.00000E+00  0.00000E+00  0.00000E+00  0.00000E+00  0.00000E+00  0.00000E+00  0.00000E+00  0.00000E+00  0.00000E+00  0.00000E+00  0.00000E+00  0.00000E+00  0.00000E+00  0.00000E+00  0.00000E+00  0.00000E+00  0.00000E+00  0.00000E+00  0.00000E+00  0.00000E+00  0.00000E+00  0.00000E+00
  0.00000E+00  0.00000E+00  0.00000E+00  0.00000E+00  0.00000E+00  0.00000E+00  0.00000E+00  0.00000E+00  0.00000E+00  0.00000E+00  0.00000E+00  0.00000E+00  0.00000E+00  0.00000E+00  0.00000E+00  0.00000E+00  0.00000E+00  0.00000E+00  0.00000E+00  0.00000E+00  0.00000E+00  0.00000E+00  0.00000E+00  0.00000E+00  0.00000E+00  0.00000E+00  0.00000E+00  0.00000E+00  0.00000E+00  0.00000E+00  0.00000E+00  0.00000E+00  0.00000E+00  0.00000E+00  0.00000E+00  0.00000E+00  0.00000E+00  0.00000E+00  0.00000E+00  0.00000E+00  0.00000E+00  0.00000E+00  0.00000E+00  0.00000E+00  0.00000E+00  0.00000E+00  0.00000E+00  0.00000E+00  0.00000E+00  0.00000E+00  0.00000E+00  0.00000E+00  0.00000E+00  0.00000E+00  0.00000E+00  0.00000E+00  0.00000E+00  0.00000E+00  0.00000E+00  0.00000E+00  0.00000E+00  0.00000E+00  0.00000E+00  0.00000E+00  0.00000E+00  0.00000E+00  0.00000E+00  0.00000E+00  0.00000E+00  0.00000E+00  0.00000E+00  0.00000E+00  0.00000E+00
  0.00000E+00  0.00000E+00  0.00000E+00  0.00000E+00  0.00000E+00  0.00000E+00  0.00000E+00  0.00000E+00  0.00000E+00  0.00000E+00  0.00000E+00  0.00000E+00  0.00000E+00  0.00000E+00  0.00000E+00  0.00000E+00  0.00000E+00  0.00000E+00  0.00000E+00  0.00000E+00  0.00000E+00  0.00000E+00  0.00000E+00  0.00000E+00  0.00000E+00  0.00000E+00  0.00000E+00  0.00000E+00  0.00000E+00  0.00000E+00  0.00000E+00  0.00000E+00  0.00000E+00  0.00000E+00  0.00000E+00  0.00000E+00  0.00000E+00  0.00000E+00  0.00000E+00  0.00000E+00  0.00000E+00  0.00000E+00  0.00000E+00  0.00000E+00  0.00000E+00  0.00000E+00  0.00000E+00  0.00000E+00  0.00000E+00  0.00000E+00  0.00000E+00  0.00000E+00  0.00000E+00  0.00000E+00  0.00000E+00  0.00000E+00  0.00000E+00  0.00000E+00  0.00000E+00  0.00000E+00  0.00000E+00  0.00000E+00  0.00000E+00  0.00000E+00  0.00000E+00  0.00000E+00  0.00000E+00  0.00000E+00  0.00000E+00  0.00000E+00  0.00000E+00  0.00000E+00  0.00000E+00
  0.00000E+00  0.00000E+00  0.00000E+00  0.00000E+00  0.00000E+00  0.00000E+00  0.00000E+00  0.00000E+00  0.00000E+00  0.00000E+00  0.00000E+00  0.00000E+00  0.00000E+00  0.00000E+00  0.00000E+00  0.00000E+00  0.00000E+00  0.00000E+00  0.00000E+00  0.00000E+00  0.00000E+00  0.00000E+00  0.00000E+00  0.00000E+00  0.00000E+00  0.00000E+00  0.00000E+00  0.00000E+00  0.00000E+00  0.00000E+00  0.00000E+00  0.00000E+00  0.00000E+00  0.00000E+00  0.00000E+00  0.00000E+00  0.00000E+00  0.00000E+00  0.00000E+00  0.00000E+00  0.00000E+00  0.00000E+00  0.00000E+00  0.00000E+00  0.00000E+00  0.00000E+00  0.00000E+00  0.00000E+00  0.00000E+00  0.00000E+00  0.00000E+00  0.00000E+00  0.00000E+00  0.00000E+00  0.00000E+00  0.00000E+00  0.00000E+00  0.00000E+00  0.00000E+00  0.00000E+00  0.00000E+00  0.00000E+00  0.00000E+00  0.00000E+00  0.00000E+00  0.00000E+00  0.00000E+00  0.00000E+00  0.00000E+00  0.00000E+00  0.00000E+00  0.00000E+00  0.00000E+00
  0.00000E+00  0.00000E+00  0.00000E+00  0.00000E+00  0.00000E+00  0.00000E+00  0.00000E+00  0.00000E+00  0.00000E+00  0.00000E+00  0.00000E+00  0.00000E+00  0.00000E+00  0.00000E+00  0.00000E+00  0.00000E+00  0.00000E+00  0.00000E+00  0.00000E+00  0.00000E+00  0.00000E+00  0.00000E+00  0.00000E+00  0.00000E+00  0.00000E+00  0.00000E+00  0.00000E+00  0.00000E+00  0.00000E+00  0.00000E+00  0.00000E+00  0.00000E+00  0.00000E+00  0.00000E+00  0.00000E+00  0.00000E+00  0.00000E+00  0.00000E+00  0.00000E+00  0.00000E+00  0.00000E+00  0.00000E+00  0.00000E+00  0.00000E+00  0.00000E+00  0.00000E+00  0.00000E+00  0.00000E+00  0.00000E+00  0.00000E+00  0.00000E+00  0.00000E+00  0.00000E+00  0.00000E+00  0.00000E+00  0.00000E+00  0.00000E+00  0.00000E+00  0.00000E+00  0.00000E+00  0.00000E+00  0.00000E+00  0.00000E+00  0.00000E+00  0.00000E+00  0.00000E+00  0.00000E+00  0.00000E+00  0.00000E+00  0.00000E+00  0.00000E+00  0.00000E+00  0.00000E+00
  0.00000E+00  0.00000E+00  0.00000E+00  0.00000E+00  0.00000E+00  0.00000E+00  0.00000E+00  0.00000E+00  0.00000E+00  0.00000E+00  0.00000E+00  0.00000E+00  0.00000E+00  0.00000E+00  0.00000E+00  0.00000E+00  0.00000E+00  0.00000E+00  0.00000E+00  0.00000E+00  0.00000E+00  0.00000E+00  0.00000E+00  0.00000E+00  0.00000E+00  0.00000E+00  0.00000E+00  0.00000E+00  0.00000E+00  0.00000E+00  0.00000E+00  0.00000E+00  0.00000E+00  0.00000E+00  0.00000E+00  0.00000E+00  0.00000E+00  0.00000E+00  0.00000E+00  0.00000E+00  0.00000E+00  0.00000E+00  0.00000E+00  0.00000E+00  0.00000E+00  0.00000E+00  0.00000E+00  0.00000E+00  0.00000E+00  0.00000E+00  0.00000E+00  0.00000E+00  0.00000E+00  0.00000E+00  0.00000E+00  0.00000E+00  0.00000E+00  0.00000E+00  0.00000E+00  0.00000E+00  0.00000E+00  0.00000E+00  0.00000E+00  0.00000E+00  0.00000E+00  0.00000E+00  0.00000E+00  0.00000E+00  0.00000E+00  0.00000E+00  0.00000E+00  0.00000E+00  0.00000E+00
  0.00000E+00  0.00000E+00  0.00000E+00  0.00000E+00  0.00000E+00  0.00000E+00  0.00000E+00  0.00000E+00  0.00000E+00  0.00000E+00  0.00000E+00  0.00000E+00  0.00000E+00  0.00000E+00  0.00000E+00  0.00000E+00  0.00000E+00  0.00000E+00  0.00000E+00  0.00000E+00  0.00000E+00  0.00000E+00  0.00000E+00  0.00000E+00  0.00000E+00  0.00000E+00  0.00000E+00  0.00000E+00  0.00000E+00  0.00000E+00  0.00000E+00  0.00000E+00  0.00000E+00  0.00000E+00  0.00000E+00  0.00000E+00  0.00000E+00  0.00000E+00  0.00000E+00  0.00000E+00  0.00000E+00  0.00000E+00  0.00000E+00  0.00000E+00  0.00000E+00  0.00000E+00  0.00000E+00  0.00000E+00  0.00000E+00  0.00000E+00  0.00000E+00  0.00000E+00  0.00000E+00  0.00000E+00  0.00000E+00  0.00000E+00  0.00000E+00  0.00000E+00  0.00000E+00  0.00000E+00  0.00000E+00  0.00000E+00  0.00000E+00  0.00000E+00  0.00000E+00  0.00000E+00  0.00000E+00  0.00000E+00  0.00000E+00  0.00000E+00  0.00000E+00  0.00000E+00  0.00000E+00
  0.00000E+00  0.00000E+00  0.00000E+00  0.00000E+00  0.00000E+00  0.00000E+00  0.00000E+00  0.00000E+00  0.00000E+00  0.00000E+00  0.00000E+00  0.00000E+00  0.00000E+00  0.00000E+00  0.00000E+00  0.00000E+00  0.00000E+00  0.00000E+00  0.00000E+00  0.00000E+00  0.00000E+00  0.00000E+00  0.00000E+00  0.00000E+00  0.00000E+00  0.00000E+00  0.00000E+00  0.00000E+00  0.00000E+00  0.00000E+00  0.00000E+00  0.00000E+00  0.00000E+00  0.00000E+00  0.00000E+00  0.00000E+00  0.00000E+00  0.00000E+00  0.00000E+00  0.00000E+00  0.00000E+00  0.00000E+00  0.00000E+00  0.00000E+00  0.00000E+00  0.00000E+00  0.00000E+00  0.00000E+00  0.00000E+00  0.00000E+00  0.00000E+00  0.00000E+00  0.00000E+00  0.00000E+00  0.00000E+00  0.00000E+00  0.00000E+00  0.00000E+00  0.00000E+00  0.00000E+00  0.00000E+00  0.00000E+00  0.00000E+00  0.00000E+00  0.00000E+00  0.00000E+00  0.00000E+00  0.00000E+00  0.00000E+00  0.00000E+00  0.00000E+00  0.00000E+00  0.00000E+00
  0.00000E+00  0.00000E+00  0.00000E+00  0.00000E+00  0.00000E+00  0.00000E+00  0.00000E+00  0.00000E+00  0.00000E+00  0.00000E+00  0.00000E+00  0.00000E+00  0.00000E+00  0.00000E+00  0.00000E+00  0.00000E+00  0.00000E+00  0.00000E+00  0.00000E+00  0.00000E+00  0.00000E+00  0.00000E+00  0.00000E+00  0.00000E+00  0.00000E+00  0.00000E+00  0.00000E+00  0.00000E+00  0.00000E+00  0.00000E+00  0.00000E+00  0.00000E+00  0.00000E+00  0.00000E+00  0.00000E+00  0.00000E+00  0.00000E+00  0.00000E+00  0.00000E+00  0.00000E+00  0.00000E+00  0.00000E+00  0.00000E+00  0.00000E+00  0.00000E+00  0.00000E+00  0.00000E+00  0.00000E+00  0.00000E+00  0.00000E+00  0.00000E+00  0.00000E+00  0.00000E+00  0.00000E+00  0.00000E+00  0.00000E+00  0.00000E+00  0.00000E+00  0.00000E+00  0.00000E+00  0.00000E+00  0.00000E+00  0.00000E+00  0.00000E+00  0.00000E+00  0.00000E+00  0.00000E+00  0.00000E+00  0.00000E+00  0.00000E+00  0.00000E+00  0.00000E+00  0.00000E+00
  0.00000E+00  0.00000E+00  0.00000E+00  0.00000E+00  0.00000E+00  0.00000E+00  0.00000E+00  0.00000E+00  0.00000E+00  0.00000E+00  0.00000E+00  0.00000E+00  0.00000E+00  0.00000E+00  0.00000E+00  0.00000E+00  0.00000E+00  0.00000E+00  0.00000E+00  0.00000E+00  0.00000E+00  0.00000E+00  0.00000E+00  0.00000E+00  0.00000E+00  0.00000E+00  0.00000E+00  0.00000E+00  0.00000E+00  0.00000E+00  0.00000E+00  0.00000E+00  0.00000E+00  0.00000E+00  0.00000E+00  0.00000E+00  0.00000E+00  0.00000E+00  0.00000E+00  0.00000E+00  0.00000E+00  0.00000E+00  0.00000E+00  0.00000E+00  0.00000E+00  0.00000E+00  0.00000E+00  0.00000E+00  0.00000E+00  0.00000E+00  0.00000E+00  0.00000E+00  0.00000E+00  0.00000E+00  0.00000E+00  0.00000E+00  0.00000E+00  0.00000E+00  0.00000E+00  0.00000E+00  0.00000E+00  0.00000E+00  0.00000E+00  0.00000E+00  0.00000E+00  0.00000E+00  0.00000E+00  0.00000E+00  0.00000E+00  0.00000E+00  0.00000E+00  0.00000E+00  0.00000E+00
  0.00000E+00  0.00000E+00  0.00000E+00  0.00000E+00  0.00000E+00  0.00000E+00  0.00000E+00  0.00000E+00  0.00000E+00  0.00000E+00  0.00000E+00  0.00000E+00  0.00000E+00  0.00000E+00  0.00000E+00  0.00000E+00  0.00000E+00  0.00000E+00  0.00000E+00  0.00000E+00  0.00000E+00  0.00000E+00  0.00000E+00  0.00000E+00  0.00000E+00  0.00000E+00  0.00000E+00  0.00000E+00  0.00000E+00  0.00000E+00  0.00000E+00  0.00000E+00  0.00000E+00  0.00000E+00  0.00000E+00  0.00000E+00  0.00000E+00  0.00000E+00  0.00000E+00  0.00000E+00  0.00000E+00  0.00000E+00  0.00000E+00  0.00000E+00  0.00000E+00  0.00000E+00  0.00000E+00  0.00000E+00  0.00000E+00  0.00000E+00  0.00000E+00  0.00000E+00  0.00000E+00  0.00000E+00  0.00000E+00  0.00000E+00  0.00000E+00  0.00000E+00  0.00000E+00  0.00000E+00  0.00000E+00  0.00000E+00  0.00000E+00  0.00000E+00  0.00000E+00  0.00000E+00  0.00000E+00  0.00000E+00  0.00000E+00  0.00000E+00  0.00000E+00  0.00000E+00  0.00000E+00
  0.00000E+00  0.00000E+00  0.00000E+00  0.00000E+00  0.00000E+00  0.00000E+00  0.00000E+00  0.00000E+00  0.00000E+00  0.00000E+00  0.00000E+00  0.00000E+00  0.00000E+00  0.00000E+00  0.00000E+00  0.00000E+00  0.00000E+00  0.00000E+00  0.00000E+00  0.00000E+00  0.00000E+00  0.00000E+00  0.00000E+00  0.00000E+00  0.00000E+00  0.00000E+00  0.00000E+00  0.00000E+00  0.00000E+00  0.00000E+00  0.00000E+00  0.00000E+00  0.00000E+00  0.00000E+00  0.00000E+00  0.00000E+00  0.00000E+00  0.00000E+00  0.00000E+00  0.00000E+00  0.00000E+00  0.00000E+00  0.00000E+00  0.00000E+00  0.00000E+00  0.00000E+00  0.00000E+00  0.00000E+00  0.00000E+00  0.00000E+00  0.00000E+00  0.00000E+00  0.00000E+00  0.00000E+00  0.00000E+00  0.00000E+00  0.00000E+00  0.00000E+00  0.00000E+00  0.00000E+00  0.00000E+00  0.00000E+00  0.00000E+00  0.00000E+00  0.00000E+00  0.00000E+00  0.00000E+00  0.00000E+00  0.00000E+00  0.00000E+00  0.00000E+00  0.00000E+00  0.00000E+00
  0.00000E+00  0.00000E+00  0.00000E+00  0.00000E+00  0.00000E+00  0.00000E+00  0.00000E+00  0.00000E+00  0.00000E+00  0.00000E+00  0.00000E+00  0.00000E+00  0.00000E+00  0.00000E+00  0.00000E+00  0.00000E+00  0.00000E+00  0.00000E+00  0.00000E+00  0.00000E+00  0.00000E+00  0.00000E+00  0.00000E+00  0.00000E+00  0.00000E+00  0.00000E+00  0.00000E+00  0.00000E+00  0.00000E+00  0.00000E+00  0.00000E+00  0.00000E+00  0.00000E+00  0.00000E+00  0.00000E+00  0.00000E+00  0.00000E+00  0.00000E+00  0.00000E+00  0.00000E+00  0.00000E+00  0.00000E+00  0.00000E+00  0.00000E+00  0.00000E+00  0.00000E+00  0.00000E+00  0.00000E+00  0.00000E+00  0.00000E+00  0.00000E+00  0.00000E+00  0.00000E+00  0.00000E+00  0.00000E+00  0.00000E+00  0.00000E+00  0.00000E+00  0.00000E+00  0.00000E+00  0.00000E+00  0.00000E+00  0.00000E+00  0.00000E+00  0.00000E+00  0.00000E+00  0.00000E+00  0.00000E+00  0.00000E+00  0.00000E+00  0.00000E+00  0.00000E+00  0.00000E+00
  0.00000E+00  0.00000E+00  0.00000E+00  0.00000E+00  0.00000E+00  0.00000E+00  0.00000E+00  0.00000E+00  0.00000E+00  0.00000E+00  0.00000E+00  0.00000E+00  0.00000E+00  0.00000E+00  0.00000E+00  0.00000E+00  0.00000E+00  0.00000E+00  0.00000E+00  0.00000E+00  0.00000E+00  0.00000E+00  0.00000E+00  0.00000E+00  0.00000E+00  0.00000E+00  0.00000E+00  0.00000E+00  0.00000E+00  0.00000E+00  0.00000E+00  0.00000E+00  0.00000E+00  0.00000E+00  0.00000E+00  0.00000E+00  0.00000E+00  0.00000E+00  0.00000E+00  0.00000E+00  0.00000E+00  0.00000E+00  0.00000E+00  0.00000E+00  0.00000E+00  0.00000E+00  0.00000E+00  0.00000E+00  0.00000E+00  0.00000E+00  0.00000E+00  0.00000E+00  0.00000E+00  0.00000E+00  0.00000E+00  0.00000E+00  0.00000E+00  0.00000E+00  0.00000E+00  0.00000E+00  0.00000E+00  0.00000E+00  0.00000E+00  0.00000E+00  0.00000E+00  0.00000E+00  0.00000E+00  0.00000E+00  0.00000E+00  0.00000E+00  0.00000E+00  0.00000E+00  0.00000E+00
 
 year:        2014
  0.00000E+00  0.00000E+00  0.00000E+00  3.50155E+02  7.53723E+02  3.15969E+02  6.63904E+02  2.12664E+02  0.00000E+00  0.00000E+00  0.00000E+00  0.00000E+00  0.00000E+00  0.00000E+00  0.00000E+00  0.00000E+00  0.00000E+00  0.00000E+00  0.00000E+00  0.00000E+00  0.00000E+00  0.00000E+00  0.00000E+00  0.00000E+00  0.00000E+00  0.00000E+00  0.00000E+00  0.00000E+00  0.00000E+00  0.00000E+00  0.00000E+00  0.00000E+00  0.00000E+00  0.00000E+00  0.00000E+00  0.00000E+00  0.00000E+00  0.00000E+00  0.00000E+00  0.00000E+00  0.00000E+00  0.00000E+00  0.00000E+00  0.00000E+00  0.00000E+00  0.00000E+00  0.00000E+00  0.00000E+00  0.00000E+00  0.00000E+00  0.00000E+00  0.00000E+00  0.00000E+00  0.00000E+00  0.00000E+00  0.00000E+00  0.00000E+00  0.00000E+00  0.00000E+00  0.00000E+00  0.00000E+00  0.00000E+00  0.00000E+00  0.00000E+00  0.00000E+00  0.00000E+00  0.00000E+00  0.00000E+00  0.00000E+00  0.00000E+00  0.00000E+00  0.00000E+00  0.00000E+00
  0.00000E+00  7.91031E+02  9.20722E+02  1.50910E+03  1.45330E+03  1.59231E+03  5.86654E+02  6.93688E+02  2.31628E+02  0.00000E+00  0.00000E+00  0.00000E+00  0.00000E+00  0.00000E+00  0.00000E+00  0.00000E+00  0.00000E+00  0.00000E+00  0.00000E+00  0.00000E+00  0.00000E+00  0.00000E+00  0.00000E+00  0.00000E+00  0.00000E+00  0.00000E+00  0.00000E+00  0.00000E+00  0.00000E+00  0.00000E+00  0.00000E+00  0.00000E+00  0.00000E+00  0.00000E+00  0.00000E+00  0.00000E+00  0.00000E+00  0.00000E+00  0.00000E+00  0.00000E+00  0.00000E+00  0.00000E+00  0.00000E+00  0.00000E+00  0.00000E+00  0.00000E+00  0.00000E+00  0.00000E+00  0.00000E+00  0.00000E+00  0.00000E+00  0.00000E+00  0.00000E+00  0.00000E+00  0.00000E+00  0.00000E+00  0.00000E+00  0.00000E+00  0.00000E+00  0.00000E+00  0.00000E+00  0.00000E+00  0.00000E+00  0.00000E+00  0.00000E+00  0.00000E+00  0.00000E+00  0.00000E+00  0.00000E+00  0.00000E+00  0.00000E+00  0.00000E+00  0.00000E+00
  1.06371E+03  9.12659E+02  1.65204E+03  1.83075E+03  1.35260E+03  2.41413E+03  5.82875E+02  7.20565E+02  1.83238E+03  1.53653E+03  0.00000E+00  0.00000E+00  0.00000E+00  0.00000E+00  0.00000E+00  0.00000E+00  0.00000E+00  0.00000E+00  0.00000E+00  0.00000E+00  0.00000E+00  0.00000E+00  0.00000E+00  0.00000E+00  0.00000E+00  0.00000E+00  0.00000E+00  0.00000E+00  0.00000E+00  0.00000E+00  0.00000E+00  0.00000E+00  0.00000E+00  0.00000E+00  0.00000E+00  0.00000E+00  0.00000E+00  0.00000E+00  0.00000E+00  0.00000E+00  0.00000E+00  0.00000E+00  0.00000E+00  0.00000E+00  0.00000E+00  0.00000E+00  0.00000E+00  0.00000E+00  0.00000E+00  0.00000E+00  0.00000E+00  0.00000E+00  0.00000E+00  0.00000E+00  0.00000E+00  0.00000E+00  0.00000E+00  0.00000E+00  0.00000E+00  0.00000E+00  0.00000E+00  0.00000E+00  0.00000E+00  0.00000E+00  0.00000E+00  0.00000E+00  0.00000E+00  0.00000E+00  0.00000E+00  0.00000E+00  0.00000E+00  0.00000E+00  0.00000E+00
  8.27359E+02  1.15365E+03  5.36756E+02  6.15406E+02  1.19527E+03  1.74966E+03  2.98148E+02  8.63508E+02  2.39852E+03  1.57801E+03  4.62055E+02  1.57692E+02  6.66230E+02  0.00000E+00  0.00000E+00  0.00000E+00  0.00000E+00  0.00000E+00  0.00000E+00  0.00000E+00  0.00000E+00  0.00000E+00  0.00000E+00  0.00000E+00  0.00000E+00  0.00000E+00  0.00000E+00  0.00000E+00  0.00000E+00  0.00000E+00  0.00000E+00  0.00000E+00  0.00000E+00  0.00000E+00  0.00000E+00  0.00000E+00  0.00000E+00  0.00000E+00  0.00000E+00  0.00000E+00  0.00000E+00  0.00000E+00  0.00000E+00  0.00000E+00  0.00000E+00  0.00000E+00  0.00000E+00  0.00000E+00  0.00000E+00  0.00000E+00  0.00000E+00  0.00000E+00  0.00000E+00  0.00000E+00  0.00000E+00  0.00000E+00  0.00000E+00  0.00000E+00  0.00000E+00  0.00000E+00  0.00000E+00  0.00000E+00  0.00000E+00  0.00000E+00  0.00000E+00  0.00000E+00  0.00000E+00  0.00000E+00  0.00000E+00  0.00000E+00  0.00000E+00  0.00000E+00  0.00000E+00
  2.19169E+02  1.49779E+03  1.42412E+03  6.37212E+02  7.56964E+02  8.07674E+02  1.17928E+03  2.39161E+02  1.34396E+03  1.74101E+03  1.61991E+03  1.38404E+03  1.22104E+03  1.05164E+03  7.52040E+02  1.18665E+03  8.71406E+02  4.60497E+02  5.87203E+02  8.80598E+01  0.00000E+00  0.00000E+00  0.00000E+00  0.00000E+00  0.00000E+00  0.00000E+00  0.00000E+00  0.00000E+00  0.00000E+00  0.00000E+00  0.00000E+00  0.00000E+00  0.00000E+00  0.00000E+00  0.00000E+00  0.00000E+00  0.00000E+00  0.00000E+00  0.00000E+00  0.00000E+00  0.00000E+00  0.00000E+00  0.00000E+00  0.00000E+00  0.00000E+00  0.00000E+00  0.00000E+00  0.00000E+00  0.00000E+00  0.00000E+00  0.00000E+00  0.00000E+00  0.00000E+00  0.00000E+00  0.00000E+00  0.00000E+00  0.00000E+00  0.00000E+00  0.00000E+00  0.00000E+00  0.00000E+00  0.00000E+00  0.00000E+00  0.00000E+00  0.00000E+00  0.00000E+00  0.00000E+00  0.00000E+00  0.00000E+00  0.00000E+00  0.00000E+00  0.00000E+00  0.00000E+00
  0.00000E+00  0.00000E+00  8.99079E+02  6.68715E+02  3.20621E+02  1.17478E+03  1.44474E+03  3.00892E+02  1.24600E+03  1.35189E+03  1.61299E+03  9.49417E+02  1.34544E+03  1.54255E+03  8.37893E+02  1.56508E+03  1.59712E+03  9.59526E+02  1.04259E+03  1.01239E+03  3.11248E+02  0.00000E+00  0.00000E+00  0.00000E+00  0.00000E+00  0.00000E+00  0.00000E+00  0.00000E+00  0.00000E+00  0.00000E+00  0.00000E+00  0.00000E+00  0.00000E+00  0.00000E+00  0.00000E+00  0.00000E+00  0.00000E+00  0.00000E+00  0.00000E+00  0.00000E+00  0.00000E+00  0.00000E+00  0.00000E+00  0.00000E+00  0.00000E+00  0.00000E+00  0.00000E+00  0.00000E+00  0.00000E+00  0.00000E+00  0.00000E+00  0.00000E+00  0.00000E+00  0.00000E+00  0.00000E+00  0.00000E+00  0.00000E+00  0.00000E+00  0.00000E+00  0.00000E+00  0.00000E+00  0.00000E+00  0.00000E+00  0.00000E+00  0.00000E+00  0.00000E+00  0.00000E+00  0.00000E+00  0.00000E+00  0.00000E+00  0.00000E+00  0.00000E+00  0.00000E+00
  0.00000E+00  0.00000E+00  4.91783E+02  1.33083E+03  1.32307E+03  4.20010E+02  1.39777E+03  4.00435E+02  1.45514E+03  1.90019E+03  1.15140E+03  1.08622E+03  1.54505E+03  1.15341E+03  9.20107E+02  8.96311E+02  1.57817E+03  1.28960E+03  1.35655E+03  2.28777E+03  1.85143E+03  6.08347E+02  0.00000E+00  0.00000E+00  0.00000E+00  0.00000E+00  0.00000E+00  0.00000E+00  0.00000E+00  0.00000E+00  0.00000E+00  0.00000E+00  0.00000E+00  0.00000E+00  0.00000E+00  0.00000E+00  0.00000E+00  0.00000E+00  0.00000E+00  3.97234E+01  4.49252E+01  0.00000E+00  0.00000E+00  0.00000E+00  1.17295E+01  0.00000E+00  0.00000E+00  0.00000E+00  0.00000E+00  0.00000E+00  2.42524E+01  1.21262E+01  0.00000E+00  0.00000E+00  0.00000E+00  0.00000E+00  0.00000E+00  0.00000E+00  0.00000E+00  0.00000E+00  0.00000E+00  0.00000E+00  0.00000E+00  0.00000E+00  0.00000E+00  0.00000E+00  0.00000E+00  0.00000E+00  0.00000E+00  0.00000E+00  0.00000E+00  0.00000E+00  0.00000E+00
  0.00000E+00  0.00000E+00  2.14720E+02  8.46902E+02  1.09246E+03  4.60606E+02  1.20353E+03  7.29416E+02  1.10018E+03  1.53719E+03  1.88999E+03  6.11005E+02  1.26919E+03  8.87678E+02  7.35746E+02  1.29541E+03  1.59220E+03  1.27635E+03  8.56801E+02  1.40778E+03  1.75920E+03  9.32874E+02  0.00000E+00  0.00000E+00  0.00000E+00  0.00000E+00  0.00000E+00  0.00000E+00  0.00000E+00  0.00000E+00  0.00000E+00  0.00000E+00  0.00000E+00  0.00000E+00  0.00000E+00  0.00000E+00  0.00000E+00  0.00000E+00  7.85871E-05  1.20551E+02  1.13706E+02  1.17295E+01  2.34589E+01  9.39309E+01  2.34589E+01  2.65665E+02  1.08084E+02  0.00000E+00  0.00000E+00  3.19271E+02  1.23702E+03  6.41888E+02  0.00000E+00  0.00000E+00  0.00000E+00  0.00000E+00  0.00000E+00  0.00000E+00  0.00000E+00  0.00000E+00  0.00000E+00  0.00000E+00  0.00000E+00  0.00000E+00  0.00000E+00  0.00000E+00  0.00000E+00  0.00000E+00  0.00000E+00  0.00000E+00  0.00000E+00  0.00000E+00  0.00000E+00
  0.00000E+00  0.00000E+00  0.00000E+00  1.37312E+01  2.65691E+02  5.67204E+02  1.10864E+03  1.05408E+03  8.39352E+02  1.58513E+03  8.39511E+02  8.87822E+02  9.97271E+02  1.13289E+03  1.44576E+03  1.69521E+03  1.55627E+03  1.33752E+03  1.12596E+03  1.46084E+03  9.62790E+02  1.48590E+03  0.00000E+00  0.00000E+00  0.00000E+00  0.00000E+00  0.00000E+00  0.00000E+00  0.00000E+00  0.00000E+00  2.89019E+02  1.76557E+02  0.00000E+00  6.00905E+01  8.18743E+01  4.03148E+02  5.12313E+02  7.85067E+02  9.37764E+02  5.11897E+02  8.22014E+01  9.39784E+01  4.69654E+01  9.39784E+01  3.26888E+02  1.13225E+03  1.00867E+03  0.00000E+00  9.76217E+02  1.86794E+03  1.72445E+03  3.82122E+02  2.77734E+02  0.00000E+00  0.00000E+00  0.00000E+00  0.00000E+00  0.00000E+00  0.00000E+00  0.00000E+00  0.00000E+00  0.00000E+00  0.00000E+00  0.00000E+00  0.00000E+00  0.00000E+00  0.00000E+00  0.00000E+00  0.00000E+00  0.00000E+00  0.00000E+00  0.00000E+00  0.00000E+00
  0.00000E+00  0.00000E+00  0.00000E+00  4.46252E+02  1.57221E+03  1.96171E+03  8.02869E+02  1.10570E+03  8.82499E+02  2.20955E+03  1.55481E+03  4.35882E+02  1.53609E+03  9.06624E+02  9.79787E+02  1.03455E+03  8.44268E+02  1.41852E+03  5.07001E+02  1.16423E+03  1.23141E+03  1.25077E+03  8.30211E+02  3.83745E+02  6.52175E+02  6.03922E+02  1.72531E+02  4.18902E+02  6.27778E+02  4.65104E+02  1.20211E+03  1.22759E+03  1.17295E+01  8.74385E+02  1.50947E+03  1.02462E+03  1.43827E+03  1.16506E+03  1.51386E+03  6.46613E+02  1.05803E+02  0.00000E+00  1.76509E+02  9.86630E+02  4.80082E+02  4.70130E+01  7.14530E+02  7.66056E+02  1.27271E+03  1.64010E+03  2.04159E+03  1.38637E+03  1.31061E+03  0.00000E+00  0.00000E+00  0.00000E+00  0.00000E+00  0.00000E+00  0.00000E+00  0.00000E+00  0.00000E+00  0.00000E+00  0.00000E+00  0.00000E+00  0.00000E+00  0.00000E+00  0.00000E+00  0.00000E+00  0.00000E+00  0.00000E+00  0.00000E+00  0.00000E+00  0.00000E+00
  0.00000E+00  0.00000E+00  0.00000E+00  0.00000E+00  1.00824E+03  8.49691E+02  5.60847E+02  1.04324E+03  6.55905E+02  1.07437E+03  1.32579E+03  3.59510E+02  2.05580E+03  1.54147E+03  5.91207E+02  7.12890E+02  8.32154E+02  6.84555E+02  3.60658E+02  9.76089E+02  9.02923E+02  1.02488E+03  1.43401E+03  8.15478E+02  6.81256E+02  4.48796E+02  1.51161E+03  7.02820E+02  5.44282E+02  3.21361E+02  9.61543E+02  1.79026E+03  1.46391E+03  8.17637E+02  6.58813E+02  6.21474E+02  1.53540E+03  6.53799E+02  2.35065E+01  0.00000E+00  3.52360E+01  7.63683E+02  1.83371E+03  3.48599E+03  1.50126E+03  3.79181E+02  4.56839E+02  4.44591E+02  1.12198E+03  1.58651E+03  1.96552E+03  2.40837E+03  2.58146E+03  4.81271E+02  0.00000E+00  0.00000E+00  0.00000E+00  0.00000E+00  0.00000E+00  0.00000E+00  0.00000E+00  0.00000E+00  0.00000E+00  0.00000E+00  0.00000E+00  0.00000E+00  0.00000E+00  0.00000E+00  0.00000E+00  0.00000E+00  0.00000E+00  0.00000E+00  0.00000E+00
  0.00000E+00  0.00000E+00  0.00000E+00  0.00000E+00  2.79382E+02  8.66803E+01  8.15304E+02  2.16006E+03  1.44523E+03  3.09584E+02  1.50700E+02  1.40630E+03  1.46995E+03  6.87007E+02  8.19550E+02  1.63728E+03  1.09872E+03  9.80560E+02  3.67467E+02  1.01017E+03  2.06609E+03  1.49042E+03  3.29505E+02  5.79009E+02  4.23937E+02  3.93238E+02  1.02108E+03  7.30420E+02  2.67273E+02  4.49759E+02  6.04783E+02  3.07370E+02  8.53155E+02  1.07140E+03  4.32063E+02  4.05689E+02  4.88427E+02  2.89241E+02  1.31914E+02  4.61872E+01  1.15721E+02  3.73845E+02  1.68305E+03  1.97761E+03  1.58243E+03  5.25678E+02  1.25215E+03  9.75198E+02  1.89549E+03  1.18674E+03  3.31416E+03  4.24304E+03  4.62402E+03  1.58176E+03  0.00000E+00  0.00000E+00  0.00000E+00  0.00000E+00  0.00000E+00  0.00000E+00  0.00000E+00  0.00000E+00  0.00000E+00  0.00000E+00  0.00000E+00  0.00000E+00  0.00000E+00  0.00000E+00  0.00000E+00  0.00000E+00  0.00000E+00  0.00000E+00  0.00000E+00
  0.00000E+00  0.00000E+00  0.00000E+00  0.00000E+00  0.00000E+00  0.00000E+00  0.00000E+00  1.62504E+03  2.12029E+03  5.96645E+02  0.00000E+00  2.16720E+03  2.08062E+03  3.15920E+02  1.21907E+03  2.38750E+03  1.25770E+03  5.05499E+02  3.61908E+02  6.14161E+02  1.70436E+03  1.54625E+03  4.31357E+02  2.77750E+02  5.62812E+02  5.93512E+02  1.82486E+02  2.67273E+02  1.04124E+03  7.21910E+02  1.31688E+03  7.68714E+02  1.87261E+02  2.07830E+02  1.79007E+02  6.49838E+02  1.15912E+03  3.44404E+02  2.19774E+02  3.46407E+01  2.36563E+02  1.61576E+02  4.05769E+02  2.84783E+03  1.16610E+03  9.56706E+02  1.62054E+03  2.36495E+03  2.03343E+03  6.84651E+02  1.42443E+03  1.63852E+03  3.54001E+03  2.11746E+03  7.62475E+02  8.98395E+02  0.00000E+00  0.00000E+00  0.00000E+00  0.00000E+00  0.00000E+00  0.00000E+00  0.00000E+00  0.00000E+00  0.00000E+00  0.00000E+00  0.00000E+00  0.00000E+00  0.00000E+00  0.00000E+00  0.00000E+00  0.00000E+00  0.00000E+00
  0.00000E+00  0.00000E+00  0.00000E+00  0.00000E+00  0.00000E+00  0.00000E+00  0.00000E+00  8.37939E+02  2.20539E+03  1.85250E+03  2.79204E+02  3.25161E+02  5.19404E+02  1.14650E+03  8.87711E+02  2.28953E+03  2.40472E+03  9.47961E+02  4.25398E+02  6.60146E+02  7.51607E+02  2.56897E+03  1.86791E+03  7.58952E+02  1.33002E+03  3.39150E+02  2.54362E+02  3.55570E+02  1.40928E+03  8.39396E+02  3.39270E+02  3.68466E+02  4.24710E+02  1.88576E+02  1.46208E+02  5.43474E+02  1.00329E+03  9.70083E+02  2.44688E+02  8.62811E+02  2.51299E+02  1.93112E+02  2.51931E+02  6.73157E+02  2.19459E+02  1.86379E+03  2.90292E+03  1.85536E+03  2.12550E+03  1.24197E+03  2.96013E+03  3.88643E+03  2.77554E+03  3.40563E+03  3.26740E+03  3.15269E+03  1.14552E+03  0.00000E+00  0.00000E+00  0.00000E+00  0.00000E+00  0.00000E+00  0.00000E+00  0.00000E+00  0.00000E+00  0.00000E+00  0.00000E+00  0.00000E+00  0.00000E+00  0.00000E+00  0.00000E+00  0.00000E+00  0.00000E+00
  0.00000E+00  0.00000E+00  0.00000E+00  0.00000E+00  0.00000E+00  0.00000E+00  0.00000E+00  7.63972E+02  2.00413E+03  1.69888E+03  2.87547E+02  6.88906E+01  9.79839E+02  1.22957E+03  5.67305E+02  1.24164E+03  2.06822E+03  1.14547E+03  4.11564E+02  1.82749E+02  2.93055E+02  1.85600E+03  1.56915E+03  8.18150E+02  8.43997E+02  9.13834E+02  5.79217E+02  9.45691E+02  8.54883E+02  2.26097E+02  4.38880E+02  4.26524E+02  5.09905E+02  2.90943E+02  2.14152E+02  1.99680E+02  3.83898E+02  1.21520E+03  1.21564E+03  1.18696E+03  9.42429E+02  2.28889E+02  4.22230E+02  7.23445E+02  1.00592E+03  1.40760E+03  3.35554E+03  3.27012E+03  2.78743E+03  2.49792E+03  2.67812E+03  2.25538E+03  2.37279E+03  2.29474E+03  2.89646E+03  2.34921E+03  1.42628E+03  8.87265E+02  0.00000E+00  0.00000E+00  0.00000E+00  0.00000E+00  0.00000E+00  0.00000E+00  0.00000E+00  0.00000E+00  0.00000E+00  0.00000E+00  0.00000E+00  0.00000E+00  0.00000E+00  0.00000E+00  0.00000E+00
  0.00000E+00  0.00000E+00  0.00000E+00  0.00000E+00  0.00000E+00  0.00000E+00  0.00000E+00  9.65814E+02  1.59500E+03  1.08516E+03  1.01016E+03  7.75122E+02  1.48044E+03  1.93319E+03  2.23164E+03  1.87883E+03  2.00000E+03  1.62633E+03  4.63980E+02  2.28186E+02  6.29655E+02  8.80055E+02  1.27683E+03  8.48275E+02  6.63878E+02  9.03738E+02  1.35132E+03  9.84589E+02  1.69575E+02  8.47875E+01  7.66744E+01  1.19436E+02  7.66595E+02  6.98842E+02  2.87283E+02  2.39129E+02  2.19172E+03  2.56823E+03  3.44786E+03  3.42970E+03  1.69036E+03  1.95675E+02  7.03361E+02  1.62529E+03  2.11081E+03  2.23408E+03  2.97047E+03  3.47283E+03  2.94044E+03  2.87445E+03  3.54320E+03  3.01999E+03  2.53042E+03  1.41241E+03  2.57073E+03  2.03638E+03  9.81715E+02  1.86230E+03  4.47844E+02  0.00000E+00  0.00000E+00  0.00000E+00  0.00000E+00  0.00000E+00  0.00000E+00  0.00000E+00  0.00000E+00  0.00000E+00  0.00000E+00  0.00000E+00  0.00000E+00  0.00000E+00  0.00000E+00
  0.00000E+00  0.00000E+00  0.00000E+00  0.00000E+00  0.00000E+00  0.00000E+00  0.00000E+00  3.10286E+02  9.16034E+02  1.09424E+03  8.14935E+02  9.02210E+02  1.38452E+03  9.39355E+02  1.26552E+03  4.76035E+02  1.38987E+03  1.78090E+03  1.56017E+02  8.37093E+02  8.74946E+02  9.25908E+02  1.05719E+03  9.41049E+02  7.21117E+02  6.76723E+02  1.47829E+03  1.13766E+03  5.68483E+02  0.00000E+00  4.95559E+02  3.98863E+02  1.38629E+03  1.50972E+03  1.03357E+03  1.95781E+03  2.60873E+03  2.55254E+03  4.05365E+03  2.05336E+03  2.34827E+03  1.93853E+03  1.08753E+03  1.70916E+03  2.68679E+03  1.89957E+03  2.14085E+03  2.62058E+03  2.68477E+03  2.19213E+03  2.16062E+03  3.17235E+03  3.00459E+03  1.59379E+03  2.42773E+03  2.57038E+03  4.43798E+02  2.41504E+03  2.15110E+03  2.47117E+02  0.00000E+00  0.00000E+00  0.00000E+00  0.00000E+00  0.00000E+00  0.00000E+00  0.00000E+00  0.00000E+00  0.00000E+00  0.00000E+00  0.00000E+00  0.00000E+00  0.00000E+00
  0.00000E+00  0.00000E+00  0.00000E+00  0.00000E+00  0.00000E+00  0.00000E+00  0.00000E+00  0.00000E+00  2.35750E+02  1.56959E+03  1.39063E+03  4.85225E+02  2.44542E+03  2.58785E+03  1.83403E+03  2.59110E+03  1.48646E+03  3.63753E+02  1.03116E+03  3.55259E+02  1.23516E+03  7.02693E+02  9.44340E+02  6.13470E+02  5.40593E+02  5.03638E+02  1.34752E+03  6.53872E+02  9.08225E+02  5.16758E+02  5.92762E+02  1.16177E+03  1.42921E+03  8.76989E+02  1.88372E+03  2.13935E+03  3.39981E+03  2.80178E+03  3.93797E+03  2.64810E+03  2.38670E+03  2.96177E+03  2.37303E+03  1.35723E+03  2.54600E+03  3.14183E+03  3.07970E+03  3.16570E+03  2.81593E+03  2.26287E+03  2.70669E+03  3.52112E+03  2.58159E+03  2.15694E+03  2.50338E+03  2.44128E+03  3.33319E+03  1.43400E+03  2.57040E+03  1.42326E+03  2.02734E+02  9.05420E+01  0.00000E+00  0.00000E+00  0.00000E+00  0.00000E+00  0.00000E+00  0.00000E+00  0.00000E+00  0.00000E+00  0.00000E+00  0.00000E+00  0.00000E+00
  0.00000E+00  0.00000E+00  0.00000E+00  0.00000E+00  0.00000E+00  0.00000E+00  0.00000E+00  0.00000E+00  9.79152E+00  3.62845E+02  1.60997E+03  4.91868E+02  1.80997E+03  8.99628E+02  1.21475E+03  2.63571E+03  8.57517E+02  6.45350E+02  1.13765E+03  1.10705E+03  3.88920E+02  7.50748E+02  5.57117E+02  7.93031E+02  2.41211E+02  2.87810E+02  3.61450E+02  1.37114E+02  4.43120E+02  6.75856E+02  3.19141E+02  1.22083E+03  5.25844E+02  2.12583E+03  2.81919E+03  1.98213E+03  2.43513E+03  3.46263E+03  3.08321E+03  3.00484E+03  2.19338E+03  2.36778E+03  1.85679E+03  1.95351E+03  3.45484E+03  2.93434E+03  2.36426E+03  2.39907E+03  2.15476E+03  3.30391E+03  3.16857E+03  2.45706E+03  2.36847E+03  2.33794E+03  3.45354E+03  2.93954E+03  3.01957E+03  1.49288E+03  1.91711E+03  2.61355E+03  7.58377E+02  1.82863E+03  0.00000E+00  0.00000E+00  0.00000E+00  0.00000E+00  0.00000E+00  0.00000E+00  0.00000E+00  0.00000E+00  0.00000E+00  0.00000E+00  0.00000E+00
  0.00000E+00  0.00000E+00  0.00000E+00  0.00000E+00  0.00000E+00  0.00000E+00  0.00000E+00  0.00000E+00  7.05273E+01  5.74374E+02  9.68224E+02  6.29150E+02  1.41229E+03  1.58162E+03  1.31817E+03  2.45130E+03  6.19101E+02  1.96665E+03  1.42411E+03  1.49071E+03  5.93117E+02  9.10896E+02  7.93926E+02  4.90587E+02  6.23530E+02  5.43948E+02  3.60777E+02  2.34813E+02  7.21282E+02  8.66861E+02  1.12573E+02  6.51723E+02  1.33441E+03  2.29750E+03  2.37467E+03  1.70765E+03  2.86721E+03  2.89233E+03  3.54405E+03  2.95959E+03  3.33091E+03  2.72783E+03  2.09372E+03  2.19943E+03  2.97182E+03  2.90331E+03  2.78354E+03  4.01111E+03  3.20742E+03  2.92056E+03  2.87843E+03  3.29357E+03  3.96324E+03  3.25343E+03  3.69122E+03  3.15937E+03  3.06011E+03  2.20936E+03  3.81375E+03  2.51407E+03  1.30396E+03  2.82268E+03  0.00000E+00  0.00000E+00  0.00000E+00  9.05420E+01  9.05420E+01  0.00000E+00  0.00000E+00  0.00000E+00  0.00000E+00  0.00000E+00  0.00000E+00
  0.00000E+00  0.00000E+00  0.00000E+00  0.00000E+00  0.00000E+00  0.00000E+00  0.00000E+00  0.00000E+00  3.33006E+01  5.07752E+02  1.07535E+03  1.36711E+03  3.91698E+02  7.30038E+02  1.48118E+03  6.76127E+02  1.05634E+03  1.92160E+03  1.27276E+03  1.41717E+03  3.73146E+02  6.35737E+02  3.61537E+02  7.75349E+02  9.29520E+02  9.36123E+02  5.12300E+02  1.15214E+03  1.42441E+03  5.60779E+02  5.05837E+02  1.01456E+03  2.23378E+03  2.69339E+03  2.50345E+03  2.55440E+03  2.33188E+03  2.03554E+03  3.81838E+03  3.12891E+03  2.60417E+03  1.63521E+03  1.49356E+03  2.40271E+03  3.52312E+03  3.11819E+03  3.99428E+03  3.07835E+03  2.40004E+03  4.64772E+03  3.18542E+03  2.28782E+03  3.56260E+03  3.20601E+03  3.34825E+03  2.87119E+03  4.36345E+03  6.63258E+02  1.07102E+03  2.24464E+03  1.36987E+03  1.40783E+03  6.27214E+02  1.80205E+02  0.00000E+00  1.14988E+03  1.35182E+03  2.70747E+02  0.00000E+00  0.00000E+00  0.00000E+00  0.00000E+00  0.00000E+00
  0.00000E+00  0.00000E+00  0.00000E+00  0.00000E+00  0.00000E+00  0.00000E+00  0.00000E+00  0.00000E+00  0.00000E+00  4.58380E+02  1.19754E+03  1.39409E+03  8.58493E+02  3.86734E+02  1.46273E+03  9.37629E+02  4.05516E+02  1.32096E+03  1.02438E+03  1.19882E+03  7.35497E+02  8.00391E+02  4.29959E+02  9.90603E+02  1.65589E+03  9.36990E+02  6.83494E+02  4.04356E+02  5.85391E+02  3.65479E+02  9.29825E+02  1.31080E+03  3.88584E+03  2.82305E+03  2.11593E+03  2.37273E+03  3.48551E+03  3.24248E+03  2.41398E+03  1.70811E+03  1.84994E+03  1.24805E+03  1.68791E+03  3.04399E+03  3.39992E+03  3.10013E+03  3.12843E+03  3.31864E+03  1.93972E+03  2.41249E+03  2.94031E+03  2.23841E+03  3.64368E+03  3.34075E+03  2.89011E+03  2.91562E+03  2.28446E+03  3.83229E+02  7.00247E+02  7.72927E+02  8.49213E+02  7.27252E+02  9.90419E+02  1.02258E+03  8.32370E+02  4.24768E+02  1.19642E+03  1.39318E+03  9.63107E+01  0.00000E+00  0.00000E+00  0.00000E+00  0.00000E+00
  0.00000E+00  0.00000E+00  0.00000E+00  0.00000E+00  0.00000E+00  0.00000E+00  0.00000E+00  0.00000E+00  0.00000E+00  4.92514E+02  1.59372E+03  1.68210E+03  9.65631E+02  5.72202E+02  1.15296E+03  3.11760E+02  8.83174E+02  8.00012E+02  7.73026E+02  7.92579E+02  3.25887E+02  4.13247E+02  6.90060E+02  1.25346E+03  1.38646E+03  1.84259E+03  1.06523E+03  6.98776E+02  6.18254E+02  6.90551E+02  3.54454E+02  1.63258E+03  2.62996E+03  2.49382E+03  1.36855E+03  2.88197E+03  3.41576E+03  2.29282E+03  2.24592E+03  1.51661E+03  2.52628E+03  1.81459E+03  1.56404E+03  2.16972E+03  2.93939E+03  3.63894E+03  3.46195E+03  3.39693E+03  1.86729E+03  3.05050E+03  3.19009E+03  2.47303E+03  3.75283E+03  1.78574E+03  2.30826E+03  2.33684E+03  1.49871E+03  4.33249E+02  5.77966E+02  5.78164E+02  7.31367E+02  8.93947E+02  1.05263E+03  8.23180E+02  1.17537E+03  6.85258E+02  4.24706E+02  7.71057E+02  2.05745E+02  0.00000E+00  0.00000E+00  0.00000E+00  0.00000E+00
  0.00000E+00  0.00000E+00  0.00000E+00  0.00000E+00  0.00000E+00  0.00000E+00  0.00000E+00  0.00000E+00  0.00000E+00  0.00000E+00  3.24207E+02  6.21044E+02  4.37997E+02  1.19717E+03  1.87658E+03  1.52259E+03  6.48138E+02  1.06008E+03  1.46693E+03  7.16088E+02  9.01148E+02  7.16338E+02  5.30067E+02  1.20800E+03  3.76752E+02  1.19912E+02  9.27466E+01  5.53410E+02  1.17592E+03  1.17080E+03  3.61799E+02  8.97680E+02  9.32104E+02  5.16630E+02  2.49866E+03  2.23288E+03  2.74900E+03  1.94320E+03  2.27618E+03  2.06264E+03  1.78135E+03  1.30391E+03  2.15661E+03  3.05599E+03  2.99609E+03  3.10341E+03  2.94022E+03  3.09448E+03  2.25044E+03  2.85422E+03  3.41159E+03  2.48446E+03  2.49856E+03  2.18165E+03  1.72242E+03  2.52567E+03  1.35043E+03  5.71142E+02  8.21328E+02  6.00189E+02  6.63378E+02  6.85371E+02  5.81231E+02  1.03187E+03  1.10339E+03  8.30687E+02  6.69495E+02  4.86975E+02  0.00000E+00  0.00000E+00  0.00000E+00  0.00000E+00  0.00000E+00
  0.00000E+00  0.00000E+00  0.00000E+00  0.00000E+00  0.00000E+00  0.00000E+00  0.00000E+00  0.00000E+00  0.00000E+00  0.00000E+00  0.00000E+00  0.00000E+00  5.41438E+02  9.43300E+02  7.30232E+02  5.18574E+02  7.94124E+02  6.69082E+02  1.48903E+03  9.46371E+02  1.27423E+03  4.87513E+02  3.80463E+02  1.56619E+03  1.85493E+02  8.33372E+01  4.51716E+02  1.23203E+03  9.44597E+02  1.08724E+03  1.37160E+03  9.04700E+02  1.69575E+02  2.53375E+02  2.14388E+03  1.58033E+03  2.01181E+03  1.69736E+03  1.75677E+03  2.66058E+03  1.03518E+03  1.01911E+03  2.12469E+03  2.76689E+03  4.08797E+03  2.24717E+03  1.85785E+03  3.56212E+03  2.31094E+03  2.47518E+03  1.57013E+03  2.40003E+03  2.28407E+03  1.72785E+03  1.43754E+03  1.61566E+03  1.20924E+03  7.56996E+02  6.11061E+02  3.05167E+02  2.97464E+02  8.43325E+02  1.93257E+03  1.59861E+03  5.82340E+02  5.05438E+02  7.10242E+02  2.52048E+02  0.00000E+00  0.00000E+00  0.00000E+00  0.00000E+00  0.00000E+00
  0.00000E+00  0.00000E+00  0.00000E+00  0.00000E+00  0.00000E+00  0.00000E+00  0.00000E+00  0.00000E+00  0.00000E+00  0.00000E+00  0.00000E+00  0.00000E+00  1.46213E+02  1.35341E+03  1.08081E+03  1.34528E+03  5.70502E+02  9.68508E+02  4.16472E+02  6.18888E+02  1.22976E+03  4.76879E+02  1.58051E+03  1.82271E+03  4.50362E+02  5.16488E+02  1.40460E+03  1.15653E+03  9.40621E+02  1.03275E+03  8.78483E+02  8.47875E+01  0.00000E+00  1.03184E+03  2.28032E+03  2.05624E+03  2.11914E+03  2.72646E+03  2.46980E+03  1.87774E+03  2.19308E+03  2.32259E+03  2.91940E+03  2.40368E+03  2.99599E+03  3.39551E+03  1.52481E+03  2.12207E+03  3.02396E+03  2.94074E+03  2.44144E+03  1.55726E+03  2.10043E+03  1.46864E+03  1.21939E+03  7.50950E+02  4.58579E+02  3.46490E+02  3.65549E+02  3.29752E+02  1.12569E+03  2.79821E+03  6.78956E+02  1.96636E+03  7.03327E+02  6.40596E+02  4.21927E+02  6.25220E+01  0.00000E+00  0.00000E+00  0.00000E+00  0.00000E+00  0.00000E+00
  0.00000E+00  0.00000E+00  0.00000E+00  0.00000E+00  0.00000E+00  0.00000E+00  0.00000E+00  0.00000E+00  0.00000E+00  0.00000E+00  0.00000E+00  0.00000E+00  0.00000E+00  4.85794E+02  4.84137E+02  6.88854E+02  5.04724E+02  2.76451E+02  2.00029E+02  4.46759E+01  1.56810E+02  5.62691E+02  2.16976E+03  1.42763E+03  5.17434E+02  1.76754E+03  1.22802E+03  1.23167E+03  9.07378E+02  8.46424E+02  2.54362E+02  0.00000E+00  9.34372E+02  2.04395E+03  1.96134E+03  1.64289E+03  2.15369E+03  2.06545E+03  3.45918E+03  4.12607E+03  2.74928E+03  2.49700E+03  3.83387E+03  2.30007E+03  2.72585E+03  2.73413E+03  2.00612E+03  2.11214E+03  3.94445E+03  3.09928E+03  3.93769E+03  8.05466E+02  6.53232E+02  6.75677E+02  1.11367E+03  7.85218E+02  3.44561E+02  4.77768E+02  3.87762E+02  2.18721E+02  7.61215E+02  1.40173E+03  9.25058E+02  1.47159E+03  1.49771E+03  9.26360E+02  3.66907E+02  0.00000E+00  0.00000E+00  0.00000E+00  0.00000E+00  0.00000E+00  0.00000E+00
  0.00000E+00  0.00000E+00  0.00000E+00  0.00000E+00  0.00000E+00  0.00000E+00  0.00000E+00  0.00000E+00  0.00000E+00  0.00000E+00  0.00000E+00  0.00000E+00  0.00000E+00  0.00000E+00  0.00000E+00  1.56825E+02  3.36909E+02  1.50323E+02  1.61796E+03  1.49972E+03  2.68115E+02  1.06693E+03  1.69938E+03  1.02716E+03  5.34959E+02  1.25120E+03  8.23690E+02  1.10316E+03  1.25743E+03  3.39150E+02  8.47875E+01  4.50148E+02  2.00556E+03  1.73628E+03  2.22827E+03  2.65370E+03  2.55167E+03  2.30770E+03  3.09112E+03  3.76310E+03  3.21585E+03  2.96140E+03  3.26045E+03  2.60498E+03  1.50000E+03  1.86365E+03  2.10584E+03  2.04598E+03  2.36331E+03  1.63175E+03  9.36388E+02  5.10781E+02  6.01869E+02  1.00318E+03  5.54207E+02  4.53086E+02  2.08073E+02  7.14491E+02  8.35851E+02  4.06207E+02  2.13660E+02  1.03740E+03  5.82636E+02  2.57989E+03  2.13222E+03  1.23090E+03  8.62372E+02  1.77195E+02  0.00000E+00  0.00000E+00  0.00000E+00  0.00000E+00  0.00000E+00
  0.00000E+00  0.00000E+00  0.00000E+00  0.00000E+00  0.00000E+00  0.00000E+00  0.00000E+00  0.00000E+00  0.00000E+00  0.00000E+00  0.00000E+00  0.00000E+00  0.00000E+00  0.00000E+00  0.00000E+00  1.35431E+02  2.04321E+02  1.33080E+02  4.78824E+02  1.15080E+03  1.33598E+03  9.10122E+02  1.61662E+03  1.32892E+03  1.38180E+03  1.51143E+03  9.63884E+02  6.40039E+02  8.47875E+01  1.01745E+03  4.51716E+02  1.12542E+03  2.18651E+03  2.07361E+03  2.53955E+03  2.45423E+03  2.40745E+03  2.28832E+03  2.35241E+03  1.54256E+03  1.36449E+03  7.99794E+02  1.47038E+03  1.25187E+03  1.92208E+02  3.46840E+03  1.16772E+03  8.18264E+02  2.41964E+03  1.29980E+03  5.45792E+02  1.10479E+03  4.32559E+02  9.12026E+02  6.35140E+02  5.51668E+02  3.60762E+02  8.59119E+02  8.46852E+02  5.87447E+02  4.37776E+02  2.31449E+03  2.58107E+03  2.49703E+03  2.01429E+03  1.33619E+03  7.82779E+02  3.21287E+02  0.00000E+00  0.00000E+00  0.00000E+00  0.00000E+00  0.00000E+00
  0.00000E+00  0.00000E+00  0.00000E+00  0.00000E+00  0.00000E+00  0.00000E+00  0.00000E+00  0.00000E+00  0.00000E+00  0.00000E+00  0.00000E+00  0.00000E+00  0.00000E+00  0.00000E+00  0.00000E+00  2.01971E+02  1.01865E+03  5.21988E+02  9.30984E+02  1.33552E+03  4.37312E+02  1.42747E+03  1.69178E+03  1.48352E+03  1.91559E+03  1.46498E+03  1.89726E+03  3.00576E+02  1.65329E+03  2.42950E+03  7.27257E+02  1.30060E+03  2.08264E+03  2.52747E+03  3.40252E+03  1.77034E+03  1.37390E+03  1.51637E+03  2.44124E+03  1.44492E+03  2.40045E+03  2.35798E+03  1.81402E+03  1.18759E+03  8.09619E+02  2.88477E+03  1.19887E+03  3.24010E+02  1.59916E+03  1.11086E+03  4.24447E+02  6.60245E+02  4.32468E+02  8.70269E+02  3.12995E+02  5.44009E+02  3.22841E+02  9.68696E+02  1.01627E+03  1.14902E+03  6.44901E+02  1.35102E+03  1.55369E+03  1.93588E+03  1.55000E+03  1.19376E+03  8.58002E+02  1.27512E+02  0.00000E+00  0.00000E+00  0.00000E+00  0.00000E+00  0.00000E+00
  0.00000E+00  0.00000E+00  0.00000E+00  0.00000E+00  0.00000E+00  0.00000E+00  0.00000E+00  0.00000E+00  0.00000E+00  0.00000E+00  0.00000E+00  0.00000E+00  0.00000E+00  0.00000E+00  0.00000E+00  1.54605E+02  1.48051E+03  5.94224E+02  7.44112E+02  1.73404E+03  4.76254E+02  7.89048E+02  7.22177E+02  9.05016E+02  1.26933E+03  1.10256E+03  1.78948E+03  1.32264E+03  3.24779E+03  1.78914E+03  1.42565E+03  2.20987E+03  1.66656E+03  1.84569E+03  1.74933E+03  1.08410E+03  1.29991E+03  1.64933E+03  4.48467E+02  1.57816E+02  1.20203E+03  1.50935E+03  2.59041E+03  7.82946E+02  1.94846E+02  2.30370E+02  5.14101E+02  1.92692E+02  3.38892E+01  1.94047E+02  3.48390E+02  1.06591E+03  1.16459E+03  9.50970E+02  6.52611E+02  5.56287E+02  4.33898E+02  8.72814E+02  7.14006E+02  2.56596E+02  1.91787E+02  4.97047E+02  4.09904E+02  7.94176E+02  4.33788E+02  5.50063E+02  6.91619E+02  3.56833E+02  0.00000E+00  0.00000E+00  0.00000E+00  0.00000E+00  0.00000E+00
  0.00000E+00  0.00000E+00  0.00000E+00  0.00000E+00  0.00000E+00  0.00000E+00  0.00000E+00  0.00000E+00  0.00000E+00  0.00000E+00  0.00000E+00  0.00000E+00  0.00000E+00  0.00000E+00  0.00000E+00  7.85345E+01  1.19168E+03  1.11961E+02  5.55583E+02  1.11138E+03  9.04158E+02  1.41635E+03  1.14328E+03  1.41766E+03  1.23644E+03  1.90850E+03  2.17071E+03  4.05107E+03  2.73475E+03  2.01607E+03  2.62143E+03  2.81191E+03  1.92985E+03  1.56519E+03  1.29223E+03  8.96121E+02  1.56509E+03  1.09872E+03  3.64092E+02  1.37363E+02  1.46451E+02  1.00467E+03  2.14731E+03  9.37489E+02  1.34021E+02  4.45423E+02  8.31456E+02  2.73571E+02  2.48788E+02  2.15899E+02  9.46475E+02  8.72938E+02  8.02408E+02  9.42741E+02  8.70952E+02  8.73468E+02  1.36523E+03  3.88880E+02  1.01657E+02  1.69425E+02  4.69813E+02  3.39796E+02  2.96704E+02  2.26739E+02  2.37127E+02  4.69654E+01  1.99845E+02  0.00000E+00  0.00000E+00  0.00000E+00  0.00000E+00  0.00000E+00  0.00000E+00
  0.00000E+00  0.00000E+00  0.00000E+00  0.00000E+00  0.00000E+00  0.00000E+00  0.00000E+00  0.00000E+00  0.00000E+00  0.00000E+00  0.00000E+00  0.00000E+00  0.00000E+00  0.00000E+00  0.00000E+00  0.00000E+00  1.05383E+03  4.02466E+02  5.78932E+02  1.54757E+03  1.08994E+03  1.03388E+03  1.12921E+03  2.40163E+02  5.85924E+02  1.35866E+03  1.76281E+02  1.99741E+03  3.17164E+03  2.57305E+03  1.91486E+03  1.94432E+03  1.16628E+03  3.48997E+02  9.28197E+02  1.05116E+03  6.62900E+02  2.33665E+02  2.47485E+02  1.28264E+02  1.37400E+02  1.30674E+02  4.49049E+02  1.47263E+03  1.34479E+03  3.46408E+01  1.73433E+02  2.96730E+02  2.61260E+02  7.55574E+02  1.83316E+03  8.59889E+02  1.35113E+03  4.60731E+02  7.02760E+02  7.70635E+02  9.29535E+02  6.33630E+02  1.90236E+02  4.06603E+02  5.20637E+02  6.49767E+02  7.29573E+02  2.32127E+02  8.08331E+02  9.39309E+01  0.00000E+00  0.00000E+00  0.00000E+00  0.00000E+00  0.00000E+00  0.00000E+00  0.00000E+00
  0.00000E+00  0.00000E+00  0.00000E+00  0.00000E+00  0.00000E+00  0.00000E+00  0.00000E+00  0.00000E+00  0.00000E+00  0.00000E+00  0.00000E+00  0.00000E+00  0.00000E+00  0.00000E+00  0.00000E+00  0.00000E+00  0.00000E+00  1.67560E+02  4.14188E+02  7.49839E+02  2.22145E+03  1.23268E+03  6.54781E+02  1.15675E+03  1.27932E+03  6.73436E+02  6.76504E+02  1.42390E+03  1.54730E+03  1.71004E+03  1.35236E+03  1.14518E+03  1.24014E+03  4.79169E+01  9.93455E+02  6.28439E+02  3.79237E+01  8.24513E+01  1.92349E+02  1.55692E+02  1.46537E+02  9.15694E+01  4.58310E+01  1.27850E+02  8.63691E+02  1.39262E+03  6.93271E+01  1.08664E+02  2.71252E+02  2.74167E+03  3.36568E+03  3.28220E+03  2.80436E+03  1.37272E+03  1.90005E+03  6.85720E+02  6.90530E+02  4.45650E+02  1.90273E+02  3.72723E+02  8.82848E+02  1.23415E+03  2.09037E+03  1.93602E+03  2.92699E+03  1.16503E+03  0.00000E+00  0.00000E+00  0.00000E+00  0.00000E+00  0.00000E+00  0.00000E+00  0.00000E+00
  0.00000E+00  0.00000E+00  0.00000E+00  0.00000E+00  0.00000E+00  0.00000E+00  0.00000E+00  0.00000E+00  0.00000E+00  0.00000E+00  0.00000E+00  0.00000E+00  0.00000E+00  0.00000E+00  0.00000E+00  0.00000E+00  0.00000E+00  0.00000E+00  0.00000E+00  0.00000E+00  4.74255E+02  1.25595E+03  1.27224E+03  1.17761E+03  7.78351E+02  6.57148E+02  7.99175E+02  3.25437E+02  1.41821E+02  1.34167E+02  2.73295E+02  1.36208E+03  5.64293E+02  1.14036E+02  7.79104E+02  6.10030E+02  7.04987E+02  3.37275E+02  1.64903E+02  1.64884E+02  1.55674E+02  9.16249E+01  6.41227E+01  1.83472E+01  1.17171E+02  4.29316E+02  1.22719E+03  5.61168E+02  8.09433E+01  3.12110E+02  2.62335E+03  3.00364E+03  2.49971E+03  3.16032E+03  1.66192E+03  7.75710E+02  1.15202E+03  1.06057E+03  4.47447E+02  9.35628E+02  4.51651E+02  1.55291E+03  1.79963E+03  2.76010E+03  1.73948E+03  4.04644E+02  0.00000E+00  0.00000E+00  0.00000E+00  0.00000E+00  0.00000E+00  0.00000E+00  0.00000E+00
  0.00000E+00  0.00000E+00  0.00000E+00  0.00000E+00  0.00000E+00  0.00000E+00  0.00000E+00  0.00000E+00  0.00000E+00  0.00000E+00  0.00000E+00  0.00000E+00  0.00000E+00  0.00000E+00  0.00000E+00  0.00000E+00  0.00000E+00  0.00000E+00  0.00000E+00  0.00000E+00  0.00000E+00  2.25462E+02  1.19884E+03  1.13074E+03  1.14137E+03  8.70536E+02  3.11694E+02  3.83396E+01  1.05417E+02  9.58338E+01  1.24584E+02  1.18317E+03  1.55007E+03  6.68953E+02  2.09371E+02  3.85260E+02  5.25584E+02  2.61359E+02  1.09972E+02  1.46593E+02  1.19072E+02  1.19127E+02  1.55785E+02  4.58310E+01  1.09972E+02  1.28245E+02  1.27923E+03  1.11919E+03  1.09852E+03  2.64196E+02  1.74302E+03  1.49008E+03  9.07764E+02  1.58585E+03  1.23392E+03  1.94953E+03  1.82961E+03  5.67506E+02  4.93639E+02  7.18681E+02  1.90461E+02  1.24744E+03  1.57699E+03  1.85667E+03  1.39035E+03  0.00000E+00  0.00000E+00  0.00000E+00  0.00000E+00  0.00000E+00  0.00000E+00  0.00000E+00  0.00000E+00
  0.00000E+00  0.00000E+00  0.00000E+00  0.00000E+00  0.00000E+00  0.00000E+00  0.00000E+00  0.00000E+00  0.00000E+00  0.00000E+00  0.00000E+00  0.00000E+00  0.00000E+00  0.00000E+00  0.00000E+00  0.00000E+00  0.00000E+00  0.00000E+00  0.00000E+00  0.00000E+00  0.00000E+00  0.00000E+00  3.34048E+01  8.49142E+02  4.20276E+02  2.13619E-02  2.99487E-03  1.36261E-02  3.83502E+01  6.70837E+01  1.62917E+02  9.58338E+01  1.43751E+02  1.05417E+02  3.49827E+02  3.66456E+02  3.29068E+02  1.65796E+02  2.01671E+02  2.01616E+02  1.00762E+02  1.09898E+02  1.37474E+02  1.00780E+02  2.10771E+02  1.37382E+02  1.16773E+03  1.28449E+03  2.47758E+03  1.63930E+03  5.12008E+02  6.03231E+02  7.19072E+02  9.76411E+02  1.25871E+03  8.60312E+02  9.74006E+02  3.55346E+02  1.33235E+02  0.00000E+00  4.21408E+02  5.79091E+02  1.68468E+03  1.51088E+03  4.41798E+01  5.63041E+00  0.00000E+00  0.00000E+00  0.00000E+00  0.00000E+00  0.00000E+00  0.00000E+00  0.00000E+00
  0.00000E+00  0.00000E+00  0.00000E+00  0.00000E+00  0.00000E+00  0.00000E+00  0.00000E+00  0.00000E+00  0.00000E+00  0.00000E+00  0.00000E+00  0.00000E+00  0.00000E+00  0.00000E+00  0.00000E+00  0.00000E+00  0.00000E+00  0.00000E+00  0.00000E+00  0.00000E+00  0.00000E+00  0.00000E+00  8.13064E+02  6.47192E+02  1.50738E-02  6.08920E-03  6.08920E-03  6.50282E+02  3.89854E+02  8.71511E+02  1.62917E+02  1.62917E+02  1.05417E+02  1.24584E+02  3.86096E+02  6.70837E+01  1.22926E+02  2.01653E+02  1.55766E+02  1.55748E+02  1.92405E+02  1.19053E+02  1.19090E+02  2.19815E+02  1.64866E+02  1.74002E+02  3.93533E+02  8.70175E+02  3.13261E+02  6.49240E+02  8.03112E+02  6.89133E+02  1.16164E+03  1.31454E+03  1.09316E+03  3.45545E+02  1.25108E+03  5.15440E+02  7.11208E+02  1.09871E+03  3.49051E+02  1.15150E+03  1.56408E+03  2.02125E+02  2.73624E+01  1.41488E+01  1.92532E+00  0.00000E+00  0.00000E+00  0.00000E+00  0.00000E+00  0.00000E+00  0.00000E+00
  0.00000E+00  0.00000E+00  0.00000E+00  0.00000E+00  0.00000E+00  0.00000E+00  0.00000E+00  0.00000E+00  0.00000E+00  0.00000E+00  0.00000E+00  0.00000E+00  0.00000E+00  0.00000E+00  0.00000E+00  0.00000E+00  0.00000E+00  0.00000E+00  0.00000E+00  0.00000E+00  0.00000E+00  0.00000E+00  2.18664E+02  6.89149E+01  2.73020E-02  0.00000E+00  3.63832E+02  4.71062E+02  1.32444E+03  6.72104E+02  1.82084E+02  1.05417E+02  1.05417E+02  3.83335E+01  4.69922E+02  1.24584E+02  7.66670E+01  1.40417E+02  5.49676E+01  1.28171E+02  1.92386E+02  9.15879E+01  4.58125E+01  7.32592E+01  1.92331E+02  1.46518E+02  2.13509E+02  3.42698E+02  3.04078E+02  4.24398E+02  6.75878E+02  1.17455E+03  7.10385E+02  1.33294E+03  6.36633E+02  6.31260E+02  6.30257E+02  1.47295E+03  2.71846E+03  1.79614E+03  9.73520E+02  7.13184E+02  1.46045E+01  0.00000E+00  1.91900E+01  3.61361E+01  2.76177E+01  0.00000E+00  0.00000E+00  0.00000E+00  0.00000E+00  0.00000E+00  0.00000E+00
  0.00000E+00  0.00000E+00  0.00000E+00  0.00000E+00  0.00000E+00  0.00000E+00  0.00000E+00  0.00000E+00  0.00000E+00  0.00000E+00  0.00000E+00  0.00000E+00  0.00000E+00  0.00000E+00  0.00000E+00  0.00000E+00  0.00000E+00  0.00000E+00  0.00000E+00  0.00000E+00  0.00000E+00  0.00000E+00  0.00000E+00  6.08920E-03  1.68199E-02  2.64088E+02  7.93693E+02  4.95202E+02  1.11247E+03  1.46975E+03  1.24584E+02  8.62504E+01  1.53334E+02  2.17013E+02  5.65762E+02  6.40572E+02  5.07376E+02  1.21671E+02  3.33294E+02  1.51189E+02  7.38926E+02  1.41871E+02  6.41412E+01  2.42833E+02  5.19680E+02  1.00706E+02  1.37382E+02  2.01542E+02  2.73522E+02  1.09467E+03  5.01796E+02  7.11471E+02  8.22759E+02  5.70005E+02  6.35048E+02  3.53714E+02  1.20556E+03  2.45686E+03  2.08676E+03  5.27697E+02  2.25216E+01  3.10675E+01  6.84838E+00  3.16962E+01  6.46341E+01  3.68708E+01  2.64271E+01  0.00000E+00  0.00000E+00  0.00000E+00  0.00000E+00  0.00000E+00  0.00000E+00
  0.00000E+00  0.00000E+00  0.00000E+00  0.00000E+00  0.00000E+00  0.00000E+00  0.00000E+00  0.00000E+00  0.00000E+00  0.00000E+00  0.00000E+00  0.00000E+00  0.00000E+00  0.00000E+00  0.00000E+00  0.00000E+00  0.00000E+00  0.00000E+00  0.00000E+00  0.00000E+00  0.00000E+00  0.00000E+00  0.00000E+00  0.00000E+00  7.58664E-03  1.21287E-02  6.41040E+02  6.06423E+02  1.00527E+02  1.51662E+03  1.01236E+03  2.90111E+02  3.83335E+01  6.08708E+02  7.50949E+02  1.46559E+03  9.33570E+02  1.40947E+02  7.86619E+02  4.54621E+02  7.68139E+02  2.45100E+02  3.34988E+02  1.00152E+03  3.03134E+02  9.16065E+01  2.10697E+02  9.15509E+01  5.32876E+02  2.07207E+03  1.51046E+03  6.04846E+02  6.35114E+02  9.22204E+02  1.69064E+03  2.81350E+03  2.66954E+03  2.35571E+03  1.17333E+03  2.13432E+01  2.91542E+00  8.54095E+01  1.07265E+01  1.61290E+01  7.53210E+01  1.70368E+01  1.36144E+01  9.50849E+00  0.00000E+00  0.00000E+00  0.00000E+00  0.00000E+00  0.00000E+00
  0.00000E+00  0.00000E+00  0.00000E+00  0.00000E+00  0.00000E+00  0.00000E+00  0.00000E+00  0.00000E+00  0.00000E+00  0.00000E+00  0.00000E+00  0.00000E+00  0.00000E+00  0.00000E+00  0.00000E+00  0.00000E+00  0.00000E+00  0.00000E+00  0.00000E+00  0.00000E+00  0.00000E+00  0.00000E+00  0.00000E+00  0.00000E+00  1.54716E-03  1.53722E-02  1.31889E+02  5.58005E+02  1.00527E+02  1.02867E+03  2.98431E+03  3.18347E+03  1.94463E+02  7.86278E+02  9.46540E+02  1.03404E+03  6.58010E+02  2.08278E+02  5.99869E+02  1.42040E+02  6.57523E+02  7.96268E+02  6.15651E+02  4.50631E+02  2.20014E+02  6.92475E+02  8.44486E+02  4.16281E+02  7.99888E+02  1.52027E+03  1.54271E+03  1.50224E+02  0.00000E+00  1.66638E+03  3.88041E+03  1.62854E+03  1.49192E+03  7.91175E+02  1.61246E+02  2.85529E+01  2.37396E+01  1.85924E+01  2.38303E+01  3.24035E+01  9.66796E+01  6.75649E+01  3.30477E+01  1.12608E+01  0.00000E+00  0.00000E+00  0.00000E+00  0.00000E+00  0.00000E+00
  0.00000E+00  0.00000E+00  0.00000E+00  0.00000E+00  0.00000E+00  0.00000E+00  0.00000E+00  0.00000E+00  0.00000E+00  0.00000E+00  0.00000E+00  0.00000E+00  0.00000E+00  0.00000E+00  0.00000E+00  0.00000E+00  0.00000E+00  0.00000E+00  0.00000E+00  0.00000E+00  0.00000E+00  0.00000E+00  0.00000E+00  0.00000E+00  0.00000E+00  1.21784E-02  1.68199E-02  1.44286E+02  3.26723E+02  1.49331E+03  1.41469E+03  2.43771E+03  7.75987E+02  0.00000E+00  3.20454E+02  9.67831E+02  8.35380E+02  4.54917E+02  1.51695E+02  3.44967E+02  4.95923E+02  6.18241E+02  2.11582E+02  3.66204E+01  2.56896E+02  5.51028E+02  1.22420E+03  1.09555E+03  1.03738E+03  3.99725E+02  1.15515E+02  1.96411E+02  0.00000E+00  3.47668E+02  1.16024E+03  3.35164E+01  0.00000E+00  1.92532E+00  1.88165E+01  1.22235E+01  2.93426E+01  1.95276E+01  5.55693E+01  3.94128E+01  2.81520E+01  7.31953E+01  3.94128E+01  1.12608E+01  0.00000E+00  0.00000E+00  0.00000E+00  0.00000E+00  0.00000E+00
  0.00000E+00  0.00000E+00  0.00000E+00  0.00000E+00  0.00000E+00  0.00000E+00  0.00000E+00  0.00000E+00  0.00000E+00  0.00000E+00  0.00000E+00  0.00000E+00  0.00000E+00  0.00000E+00  0.00000E+00  0.00000E+00  0.00000E+00  0.00000E+00  0.00000E+00  0.00000E+00  0.00000E+00  0.00000E+00  0.00000E+00  0.00000E+00  0.00000E+00  7.54093E+01  2.51516E+01  0.00000E+00  0.00000E+00  4.71062E+02  9.40162E+02  2.48139E+03  2.25024E+03  6.96406E+02  0.00000E+00  7.90467E+02  1.53835E+03  9.45732E+02  3.16242E+02  5.33043E+02  8.31963E+02  9.59868E+02  9.77478E+02  9.57185E+02  7.47096E+02  6.78802E+02  2.79121E+02  1.23365E+03  3.11756E+02  2.20037E+02  1.10430E+02  5.77801E+01  0.00000E+00  0.00000E+00  8.99313E+01  3.24380E+02  2.97030E+00  4.89562E+00  3.90552E+00  4.84074E+00  3.94128E+01  8.80113E+00  5.75220E+01  3.94128E+01  3.37824E+01  5.63041E+01  7.88257E+01  3.94128E+01  0.00000E+00  0.00000E+00  0.00000E+00  0.00000E+00  0.00000E+00
  0.00000E+00  0.00000E+00  0.00000E+00  0.00000E+00  0.00000E+00  0.00000E+00  0.00000E+00  0.00000E+00  0.00000E+00  0.00000E+00  0.00000E+00  0.00000E+00  0.00000E+00  0.00000E+00  0.00000E+00  0.00000E+00  0.00000E+00  0.00000E+00  0.00000E+00  0.00000E+00  0.00000E+00  0.00000E+00  0.00000E+00  0.00000E+00  0.00000E+00  2.51319E+01  7.53956E+01  0.00000E+00  0.00000E+00  1.85545E+02  1.21984E+03  1.25884E+03  2.42273E+03  2.83993E+03  0.00000E+00  5.74673E+02  1.95813E+03  1.98157E+03  1.02434E+03  5.70163E+02  9.00583E+02  2.81063E+02  2.10828E+02  8.26511E+01  5.98884E+01  1.63873E+03  1.02301E+03  1.10009E+02  2.38403E+02  1.19201E+02  2.74838E+01  0.00000E+00  0.00000E+00  2.61734E+02  1.27022E+03  1.13316E+02  5.63041E+00  1.12608E+01  2.03447E+01  7.78360E+00  5.63041E+01  2.91147E+01  2.27220E+01  5.72667E+01  6.19345E+01  5.06737E+01  7.88257E+01  5.06737E+01  5.63041E+00  0.00000E+00  0.00000E+00  0.00000E+00  0.00000E+00
  0.00000E+00  0.00000E+00  0.00000E+00  0.00000E+00  0.00000E+00  0.00000E+00  0.00000E+00  0.00000E+00  0.00000E+00  0.00000E+00  0.00000E+00  0.00000E+00  0.00000E+00  0.00000E+00  0.00000E+00  0.00000E+00  0.00000E+00  0.00000E+00  0.00000E+00  0.00000E+00  0.00000E+00  0.00000E+00  0.00000E+00  0.00000E+00  0.00000E+00  0.00000E+00  5.02637E+01  0.00000E+00  0.00000E+00  1.64092E+02  5.90443E+02  1.24646E+03  2.05066E+03  2.23108E+03  3.64225E+01  5.97697E+02  1.47581E+03  1.24472E+03  1.13523E+03  2.98631E+02  1.33053E+02  0.00000E+00  0.00000E+00  3.98920E+02  8.03776E+02  1.34771E+03  1.49617E+03  1.32916E+02  1.65014E+02  1.83102E+01  0.00000E+00  0.00000E+00  0.00000E+00  2.72886E+01  2.07154E+02  1.12608E+01  5.63041E+00  5.63041E+01  7.55489E+01  4.34639E+01  4.91218E+01  7.05077E+01  6.42058E+01  1.78539E+01  3.94128E+01  5.06737E+01  5.63041E+01  5.06737E+01  2.25216E+01  0.00000E+00  0.00000E+00  0.00000E+00  0.00000E+00
  0.00000E+00  0.00000E+00  0.00000E+00  0.00000E+00  0.00000E+00  0.00000E+00  0.00000E+00  0.00000E+00  0.00000E+00  0.00000E+00  0.00000E+00  0.00000E+00  0.00000E+00  0.00000E+00  0.00000E+00  0.00000E+00  0.00000E+00  0.00000E+00  0.00000E+00  0.00000E+00  0.00000E+00  0.00000E+00  0.00000E+00  0.00000E+00  0.00000E+00  0.00000E+00  5.02637E+01  1.50791E+02  0.00000E+00  0.00000E+00  0.00000E+00  3.46971E+02  2.45886E+03  2.11849E+03  6.28029E+02  6.48107E+02  1.82463E+03  9.65595E+02  2.62597E+02  0.00000E+00  0.00000E+00  0.00000E+00  5.95401E+02  1.32727E+03  1.33318E+03  1.62436E+03  8.98606E+02  4.55255E+01  0.00000E+00  0.00000E+00  5.94171E+02  1.44511E+02  0.00000E+00  0.00000E+00  5.63041E+00  0.00000E+00  8.54582E+00  5.63041E+01  8.54187E+01  7.99888E+01  3.46665E+01  3.10437E+01  2.31778E+01  6.21623E+01  7.31953E+01  2.25216E+01  4.50432E+01  0.00000E+00  0.00000E+00  0.00000E+00  0.00000E+00  0.00000E+00  0.00000E+00
  0.00000E+00  0.00000E+00  0.00000E+00  0.00000E+00  0.00000E+00  0.00000E+00  0.00000E+00  0.00000E+00  0.00000E+00  0.00000E+00  0.00000E+00  0.00000E+00  0.00000E+00  0.00000E+00  0.00000E+00  0.00000E+00  0.00000E+00  0.00000E+00  0.00000E+00  0.00000E+00  0.00000E+00  0.00000E+00  0.00000E+00  0.00000E+00  0.00000E+00  0.00000E+00  0.00000E+00  5.02637E+01  3.80244E+02  9.16720E+01  0.00000E+00  0.00000E+00  1.07811E+03  7.69029E+02  4.30260E+02  2.27627E+01  1.42539E+02  4.36035E+02  4.89566E+00  1.95148E+02  7.57668E+02  1.51361E+03  7.43876E+02  1.48144E+03  2.02066E+03  9.95102E+02  7.31594E+01  0.00000E+00  0.00000E+00  1.39408E+02  4.85016E+02  0.00000E+00  2.25216E+01  1.12608E+01  0.00000E+00  9.90099E-01  1.92174E+01  3.94128E+01  2.81520E+01  3.37824E+01  4.91766E+01  1.85101E+01  1.36968E+01  3.88785E+01  1.61290E+01  0.00000E+00  5.63041E+00  0.00000E+00  0.00000E+00  0.00000E+00  0.00000E+00  0.00000E+00  0.00000E+00
  0.00000E+00  0.00000E+00  0.00000E+00  0.00000E+00  0.00000E+00  0.00000E+00  0.00000E+00  0.00000E+00  0.00000E+00  0.00000E+00  0.00000E+00  0.00000E+00  0.00000E+00  0.00000E+00  0.00000E+00  0.00000E+00  0.00000E+00  0.00000E+00  0.00000E+00  0.00000E+00  0.00000E+00  0.00000E+00  0.00000E+00  0.00000E+00  0.00000E+00  0.00000E+00  0.00000E+00  2.51319E+01  4.23490E+02  5.66855E+02  0.00000E+00  0.00000E+00  0.00000E+00  0.00000E+00  0.00000E+00  0.00000E+00  0.00000E+00  0.00000E+00  0.00000E+00  3.05188E+02  3.53373E+02  1.28885E+03  1.53624E+03  9.08371E+02  5.42939E+02  0.00000E+00  0.00000E+00  0.00000E+00  0.00000E+00  0.00000E+00  0.00000E+00  2.81520E+01  4.50432E+01  0.00000E+00  0.00000E+00  0.00000E+00  2.81520E+01  4.50432E+01  3.94128E+01  3.94128E+01  3.37824E+01  5.63041E+00  1.98020E+00  2.94286E+00  1.36693E+01  9.62660E-01  0.00000E+00  0.00000E+00  4.89562E+00  0.00000E+00  0.00000E+00  0.00000E+00  0.00000E+00
  0.00000E+00  0.00000E+00  0.00000E+00  0.00000E+00  0.00000E+00  0.00000E+00  0.00000E+00  0.00000E+00  0.00000E+00  0.00000E+00  0.00000E+00  0.00000E+00  0.00000E+00  0.00000E+00  0.00000E+00  0.00000E+00  0.00000E+00  0.00000E+00  0.00000E+00  0.00000E+00  0.00000E+00  0.00000E+00  0.00000E+00  0.00000E+00  0.00000E+00  0.00000E+00  0.00000E+00  0.00000E+00  6.88906E+01  5.32498E+02  4.83122E+02  1.69418E+02  1.50791E+02  0.00000E+00  0.00000E+00  0.00000E+00  0.00000E+00  0.00000E+00  0.00000E+00  0.00000E+00  0.00000E+00  3.36754E+02  9.34643E+02  2.92055E+02  0.00000E+00  0.00000E+00  0.00000E+00  0.00000E+00  1.56331E+02  1.12918E+02  2.81520E+01  3.94128E+01  6.75649E+01  0.00000E+00  0.00000E+00  0.00000E+00  1.12608E+01  5.63041E+00  3.94128E+01  1.68912E+01  5.57697E+01  4.23283E+01  0.00000E+00  0.00000E+00  5.85828E+00  1.95276E+00  1.68912E+01  2.25216E+01  9.79123E+00  1.26518E+01  2.88798E+00  0.00000E+00  0.00000E+00
  0.00000E+00  0.00000E+00  0.00000E+00  0.00000E+00  0.00000E+00  0.00000E+00  0.00000E+00  0.00000E+00  0.00000E+00  0.00000E+00  0.00000E+00  0.00000E+00  0.00000E+00  0.00000E+00  0.00000E+00  0.00000E+00  0.00000E+00  0.00000E+00  0.00000E+00  0.00000E+00  0.00000E+00  0.00000E+00  0.00000E+00  0.00000E+00  0.00000E+00  0.00000E+00  0.00000E+00  0.00000E+00  0.00000E+00  9.40225E+01  1.25659E+02  0.00000E+00  0.00000E+00  0.00000E+00  0.00000E+00  0.00000E+00  5.02637E+01  5.01040E+02  2.76285E+01  0.00000E+00  0.00000E+00  0.00000E+00  0.00000E+00  0.00000E+00  0.00000E+00  0.00000E+00  0.00000E+00  0.00000E+00  7.12032E-04  0.00000E+00  0.00000E+00  2.81520E+01  1.68912E+01  0.00000E+00  0.00000E+00  2.44744E+01  1.70916E+01  3.13228E+01  4.89562E+00  3.94128E+01  6.95176E+01  9.57169E+01  5.63041E+00  1.31861E+01  9.73636E+00  9.62660E-01  7.58317E+00  4.50432E+01  5.63041E+00  6.62051E+00  0.00000E+00  0.00000E+00  0.00000E+00
  0.00000E+00  0.00000E+00  0.00000E+00  0.00000E+00  0.00000E+00  0.00000E+00  0.00000E+00  0.00000E+00  0.00000E+00  0.00000E+00  0.00000E+00  0.00000E+00  0.00000E+00  0.00000E+00  0.00000E+00  0.00000E+00  0.00000E+00  0.00000E+00  0.00000E+00  0.00000E+00  0.00000E+00  0.00000E+00  0.00000E+00  0.00000E+00  0.00000E+00  0.00000E+00  0.00000E+00  0.00000E+00  0.00000E+00  0.00000E+00  0.00000E+00  2.12061E+01  0.00000E+00  0.00000E+00  2.51319E+01  7.53956E+01  7.44166E+02  4.22856E+01  0.00000E+00  0.00000E+00  0.00000E+00  0.00000E+00  0.00000E+00  0.00000E+00  0.00000E+00  0.00000E+00  0.00000E+00  0.00000E+00  0.00000E+00  0.00000E+00  0.00000E+00  7.58317E+00  5.85828E+00  1.12608E+01  1.12608E+01  1.34414E+01  1.80817E+01  1.90444E+01  2.68280E+01  2.44469E+01  1.68912E+01  2.91147E+01  1.44315E+01  1.42037E+01  1.26792E+01  1.14612E+01  2.26946E+01  4.81330E+00  5.63041E+00  1.12608E+01  0.00000E+00  0.00000E+00  0.00000E+00
  0.00000E+00  0.00000E+00  0.00000E+00  0.00000E+00  0.00000E+00  0.00000E+00  0.00000E+00  0.00000E+00  0.00000E+00  0.00000E+00  0.00000E+00  0.00000E+00  0.00000E+00  0.00000E+00  0.00000E+00  0.00000E+00  0.00000E+00  0.00000E+00  0.00000E+00  0.00000E+00  0.00000E+00  0.00000E+00  0.00000E+00  0.00000E+00  0.00000E+00  0.00000E+00  0.00000E+00  0.00000E+00  0.00000E+00  0.00000E+00  0.00000E+00  5.10844E+01  2.16806E+01  1.25659E+02  2.26187E+02  2.51319E+01  2.51319E+01  0.00000E+00  0.00000E+00  0.00000E+00  0.00000E+00  0.00000E+00  0.00000E+00  0.00000E+00  0.00000E+00  0.00000E+00  0.00000E+00  0.00000E+00  0.00000E+00  0.00000E+00  0.00000E+00  0.00000E+00  0.00000E+00  2.81520E+01  0.00000E+00  2.17320E+01  2.35117E+01  3.26074E+02  6.17761E+02  2.88798E+00  0.00000E+00  0.00000E+00  0.00000E+00  3.85064E+00  1.92532E+00  1.51389E+01  3.94128E+01  3.94128E+01  5.63041E+00  0.00000E+00  0.00000E+00  0.00000E+00  0.00000E+00
  0.00000E+00  0.00000E+00  0.00000E+00  0.00000E+00  0.00000E+00  0.00000E+00  0.00000E+00  0.00000E+00  0.00000E+00  0.00000E+00  0.00000E+00  0.00000E+00  0.00000E+00  0.00000E+00  0.00000E+00  0.00000E+00  0.00000E+00  0.00000E+00  0.00000E+00  0.00000E+00  0.00000E+00  0.00000E+00  0.00000E+00  0.00000E+00  0.00000E+00  0.00000E+00  0.00000E+00  0.00000E+00  0.00000E+00  0.00000E+00  0.00000E+00  8.67225E+00  0.00000E+00  7.53956E+01  1.75923E+02  1.04864E+02  0.00000E+00  0.00000E+00  0.00000E+00  0.00000E+00  0.00000E+00  0.00000E+00  0.00000E+00  0.00000E+00  0.00000E+00  0.00000E+00  0.00000E+00  1.12608E+01  1.12608E+01  0.00000E+00  0.00000E+00  0.00000E+00  0.00000E+00  3.94128E+01  0.00000E+00  5.63041E+01  5.63041E+00  2.99627E+02  1.06716E+01  0.00000E+00  0.00000E+00  0.00000E+00  9.62660E-01  1.06990E+01  1.95276E+00  1.43767E+01  3.53464E+01  3.91064E+01  1.41488E+01  4.50432E+01  0.00000E+00  0.00000E+00  0.00000E+00
  0.00000E+00  0.00000E+00  0.00000E+00  0.00000E+00  0.00000E+00  0.00000E+00  0.00000E+00  0.00000E+00  0.00000E+00  0.00000E+00  0.00000E+00  0.00000E+00  0.00000E+00  0.00000E+00  0.00000E+00  0.00000E+00  0.00000E+00  0.00000E+00  0.00000E+00  0.00000E+00  0.00000E+00  0.00000E+00  0.00000E+00  0.00000E+00  0.00000E+00  0.00000E+00  0.00000E+00  0.00000E+00  0.00000E+00  0.00000E+00  0.00000E+00  0.00000E+00  0.00000E+00  0.00000E+00  0.00000E+00  0.00000E+00  0.00000E+00  0.00000E+00  0.00000E+00  0.00000E+00  0.00000E+00  0.00000E+00  0.00000E+00  0.00000E+00  0.00000E+00  0.00000E+00  0.00000E+00  5.63041E+00  5.63041E+00  0.00000E+00  0.00000E+00  0.00000E+00  0.00000E+00  9.62660E-01  3.22775E+01  2.56963E+02  5.49997E+02  3.23159E+02  9.62660E-01  9.62660E-01  0.00000E+00  0.00000E+00  6.82094E+00  6.76606E+00  1.35870E+01  1.26243E+01  6.82094E+00  1.36419E+01  1.12608E+01  5.06737E+01  2.25216E+01  0.00000E+00  0.00000E+00
  0.00000E+00  0.00000E+00  0.00000E+00  0.00000E+00  0.00000E+00  0.00000E+00  0.00000E+00  0.00000E+00  0.00000E+00  0.00000E+00  0.00000E+00  0.00000E+00  0.00000E+00  0.00000E+00  0.00000E+00  0.00000E+00  0.00000E+00  0.00000E+00  0.00000E+00  0.00000E+00  0.00000E+00  0.00000E+00  0.00000E+00  0.00000E+00  0.00000E+00  0.00000E+00  0.00000E+00  0.00000E+00  0.00000E+00  0.00000E+00  0.00000E+00  0.00000E+00  0.00000E+00  0.00000E+00  0.00000E+00  0.00000E+00  0.00000E+00  0.00000E+00  0.00000E+00  0.00000E+00  0.00000E+00  0.00000E+00  0.00000E+00  0.00000E+00  0.00000E+00  0.00000E+00  0.00000E+00  0.00000E+00  0.00000E+00  0.00000E+00  0.00000E+00  0.00000E+00  0.00000E+00  1.06988E+02  7.16911E+02  7.06242E+02  1.15992E+03  3.57358E+02  8.74626E+00  9.76380E+00  3.93296E+00  4.86818E+00  9.73636E+00  1.55946E+01  1.95276E+00  0.00000E+00  0.00000E+00  0.00000E+00  1.12608E+01  1.12608E+01  5.63041E+00  0.00000E+00  0.00000E+00
  0.00000E+00  0.00000E+00  0.00000E+00  0.00000E+00  0.00000E+00  0.00000E+00  0.00000E+00  0.00000E+00  0.00000E+00  0.00000E+00  0.00000E+00  0.00000E+00  0.00000E+00  0.00000E+00  0.00000E+00  0.00000E+00  0.00000E+00  0.00000E+00  0.00000E+00  0.00000E+00  0.00000E+00  0.00000E+00  0.00000E+00  0.00000E+00  0.00000E+00  0.00000E+00  0.00000E+00  0.00000E+00  0.00000E+00  0.00000E+00  0.00000E+00  0.00000E+00  0.00000E+00  0.00000E+00  0.00000E+00  0.00000E+00  0.00000E+00  0.00000E+00  0.00000E+00  0.00000E+00  0.00000E+00  0.00000E+00  0.00000E+00  0.00000E+00  0.00000E+00  0.00000E+00  0.00000E+00  0.00000E+00  0.00000E+00  0.00000E+00  2.35312E+01  0.00000E+00  0.00000E+00  6.20591E+02  7.63973E+02  5.24272E+02  5.37134E+02  6.09923E+02  1.72772E+02  1.75200E+01  3.93296E+00  4.89562E+00  1.66396E+01  1.06990E+01  0.00000E+00  9.90099E-01  9.90099E-01  0.00000E+00  0.00000E+00  0.00000E+00  0.00000E+00  0.00000E+00  0.00000E+00
  0.00000E+00  0.00000E+00  0.00000E+00  0.00000E+00  0.00000E+00  0.00000E+00  0.00000E+00  0.00000E+00  0.00000E+00  0.00000E+00  0.00000E+00  0.00000E+00  0.00000E+00  0.00000E+00  0.00000E+00  0.00000E+00  0.00000E+00  0.00000E+00  0.00000E+00  0.00000E+00  0.00000E+00  0.00000E+00  0.00000E+00  0.00000E+00  0.00000E+00  0.00000E+00  0.00000E+00  0.00000E+00  0.00000E+00  0.00000E+00  0.00000E+00  0.00000E+00  0.00000E+00  0.00000E+00  0.00000E+00  0.00000E+00  0.00000E+00  0.00000E+00  0.00000E+00  0.00000E+00  0.00000E+00  1.95276E+00  0.00000E+00  0.00000E+00  0.00000E+00  0.00000E+00  0.00000E+00  0.00000E+00  0.00000E+00  2.03308E+02  3.70221E+02  5.97060E+02  0.00000E+00  6.54790E+02  7.51110E+02  2.35312E+01  6.07728E+02  4.70625E+01  1.27890E+01  1.36693E+01  5.91316E+00  1.56769E+01  3.54836E+01  3.22580E+01  3.85064E+00  1.16342E+01  4.84074E+00  0.00000E+00  0.00000E+00  0.00000E+00  0.00000E+00  0.00000E+00  0.00000E+00
  0.00000E+00  0.00000E+00  0.00000E+00  0.00000E+00  0.00000E+00  0.00000E+00  0.00000E+00  0.00000E+00  0.00000E+00  0.00000E+00  0.00000E+00  0.00000E+00  0.00000E+00  0.00000E+00  0.00000E+00  0.00000E+00  0.00000E+00  0.00000E+00  0.00000E+00  0.00000E+00  0.00000E+00  0.00000E+00  0.00000E+00  0.00000E+00  0.00000E+00  0.00000E+00  0.00000E+00  0.00000E+00  0.00000E+00  0.00000E+00  0.00000E+00  0.00000E+00  0.00000E+00  0.00000E+00  0.00000E+00  0.00000E+00  0.00000E+00  0.00000E+00  0.00000E+00  0.00000E+00  0.00000E+00  0.00000E+00  0.00000E+00  0.00000E+00  0.00000E+00  0.00000E+00  0.00000E+00  0.00000E+00  1.43382E+02  9.90811E+02  5.73529E+02  6.44123E+02  8.34567E+01  5.13603E+02  9.43750E+02  1.19851E+02  2.26839E+02  9.90099E-01  2.94286E+00  9.62660E-01  8.74626E+00  3.05331E+01  8.29865E+01  1.84552E+01  2.93188E+01  1.65299E+01  5.85828E+00  0.00000E+00  0.00000E+00  0.00000E+00  0.00000E+00  0.00000E+00  0.00000E+00
  0.00000E+00  0.00000E+00  0.00000E+00  0.00000E+00  0.00000E+00  0.00000E+00  0.00000E+00  0.00000E+00  0.00000E+00  0.00000E+00  0.00000E+00  0.00000E+00  0.00000E+00  0.00000E+00  0.00000E+00  0.00000E+00  0.00000E+00  0.00000E+00  0.00000E+00  0.00000E+00  0.00000E+00  0.00000E+00  0.00000E+00  0.00000E+00  0.00000E+00  0.00000E+00  0.00000E+00  0.00000E+00  0.00000E+00  0.00000E+00  0.00000E+00  0.00000E+00  0.00000E+00  0.00000E+00  0.00000E+00  0.00000E+00  0.00000E+00  0.00000E+00  0.00000E+00  0.00000E+00  0.00000E+00  0.00000E+00  0.00000E+00  0.00000E+00  0.00000E+00  0.00000E+00  0.00000E+00  0.00000E+00  5.99254E+01  9.20218E+02  8.23899E+02  8.60293E+02  3.93752E+02  0.00000E+00  0.00000E+00  0.00000E+00  0.00000E+00  0.00000E+00  4.86818E+00  1.06990E+01  9.84611E+00  6.87582E+00  0.00000E+00  2.94286E+00  2.53584E+01  1.95276E+00  0.00000E+00  0.00000E+00  0.00000E+00  0.00000E+00  0.00000E+00  0.00000E+00  0.00000E+00
  0.00000E+00  0.00000E+00  0.00000E+00  0.00000E+00  0.00000E+00  0.00000E+00  0.00000E+00  0.00000E+00  0.00000E+00  0.00000E+00  0.00000E+00  0.00000E+00  0.00000E+00  0.00000E+00  0.00000E+00  0.00000E+00  0.00000E+00  0.00000E+00  0.00000E+00  0.00000E+00  0.00000E+00  0.00000E+00  0.00000E+00  0.00000E+00  0.00000E+00  0.00000E+00  0.00000E+00  0.00000E+00  0.00000E+00  0.00000E+00  0.00000E+00  0.00000E+00  0.00000E+00  0.00000E+00  0.00000E+00  0.00000E+00  0.00000E+00  0.00000E+00  0.00000E+00  0.00000E+00  0.00000E+00  0.00000E+00  0.00000E+00  0.00000E+00  5.63041E+00  1.68912E+01  1.02560E+03  6.56985E+02  3.13238E+02  9.62660E-01  0.00000E+00  5.99254E+01  0.00000E+00  0.00000E+00  0.00000E+00  0.00000E+00  0.00000E+00  0.00000E+00  4.84074E+00  1.26792E+01  7.78360E+00  0.00000E+00  0.00000E+00  0.00000E+00  0.00000E+00  7.83847E+00  0.00000E+00  0.00000E+00  0.00000E+00  0.00000E+00  0.00000E+00  0.00000E+00  0.00000E+00
  0.00000E+00  0.00000E+00  0.00000E+00  0.00000E+00  0.00000E+00  0.00000E+00  0.00000E+00  0.00000E+00  0.00000E+00  0.00000E+00  0.00000E+00  0.00000E+00  0.00000E+00  0.00000E+00  0.00000E+00  0.00000E+00  0.00000E+00  0.00000E+00  0.00000E+00  0.00000E+00  0.00000E+00  0.00000E+00  0.00000E+00  0.00000E+00  0.00000E+00  0.00000E+00  0.00000E+00  0.00000E+00  0.00000E+00  0.00000E+00  0.00000E+00  0.00000E+00  0.00000E+00  0.00000E+00  0.00000E+00  0.00000E+00  0.00000E+00  0.00000E+00  0.00000E+00  0.00000E+00  0.00000E+00  0.00000E+00  0.00000E+00  0.00000E+00  1.68912E+01  4.75190E+02  4.28544E+02  4.77209E+02  4.08353E+02  1.85101E+01  2.25253E+01  5.88572E+00  0.00000E+00  0.00000E+00  0.00000E+00  0.00000E+00  0.00000E+00  1.92532E+00  1.26792E+01  1.27341E+01  3.87808E+00  0.00000E+00  0.00000E+00  0.00000E+00  0.00000E+00  1.98020E+00  0.00000E+00  0.00000E+00  0.00000E+00  0.00000E+00  0.00000E+00  0.00000E+00  0.00000E+00
  0.00000E+00  0.00000E+00  0.00000E+00  0.00000E+00  0.00000E+00  0.00000E+00  0.00000E+00  0.00000E+00  0.00000E+00  0.00000E+00  0.00000E+00  0.00000E+00  0.00000E+00  0.00000E+00  0.00000E+00  0.00000E+00  0.00000E+00  0.00000E+00  0.00000E+00  0.00000E+00  0.00000E+00  0.00000E+00  0.00000E+00  0.00000E+00  0.00000E+00  0.00000E+00  0.00000E+00  0.00000E+00  0.00000E+00  0.00000E+00  0.00000E+00  0.00000E+00  0.00000E+00  0.00000E+00  0.00000E+00  0.00000E+00  0.00000E+00  0.00000E+00  0.00000E+00  0.00000E+00  0.00000E+00  0.00000E+00  0.00000E+00  0.00000E+00  0.00000E+00  5.99254E+01  0.00000E+00  0.00000E+00  0.00000E+00  1.65573E+01  2.14529E+01  9.62660E-01  0.00000E+00  0.00000E+00  0.00000E+00  0.00000E+00  0.00000E+00  1.46045E+01  1.17714E+01  9.73636E+00  9.62660E-01  0.00000E+00  0.00000E+00  0.00000E+00  0.00000E+00  0.00000E+00  0.00000E+00  0.00000E+00  0.00000E+00  0.00000E+00  0.00000E+00  0.00000E+00  0.00000E+00
  0.00000E+00  0.00000E+00  0.00000E+00  0.00000E+00  0.00000E+00  0.00000E+00  0.00000E+00  0.00000E+00  0.00000E+00  0.00000E+00  0.00000E+00  0.00000E+00  0.00000E+00  0.00000E+00  0.00000E+00  0.00000E+00  0.00000E+00  0.00000E+00  0.00000E+00  0.00000E+00  0.00000E+00  0.00000E+00  0.00000E+00  0.00000E+00  0.00000E+00  0.00000E+00  0.00000E+00  0.00000E+00  0.00000E+00  0.00000E+00  0.00000E+00  0.00000E+00  0.00000E+00  0.00000E+00  0.00000E+00  0.00000E+00  0.00000E+00  0.00000E+00  0.00000E+00  0.00000E+00  0.00000E+00  0.00000E+00  0.00000E+00  0.00000E+00  0.00000E+00  0.00000E+00  5.37134E+02  0.00000E+00  0.00000E+00  1.92532E+00  2.91542E+00  0.00000E+00  0.00000E+00  0.00000E+00  0.00000E+00  0.00000E+00  0.00000E+00  4.86818E+00  0.00000E+00  0.00000E+00  0.00000E+00  0.00000E+00  0.00000E+00  0.00000E+00  0.00000E+00  0.00000E+00  0.00000E+00  0.00000E+00  0.00000E+00  0.00000E+00  0.00000E+00  0.00000E+00  0.00000E+00
  0.00000E+00  0.00000E+00  0.00000E+00  0.00000E+00  0.00000E+00  0.00000E+00  0.00000E+00  0.00000E+00  0.00000E+00  0.00000E+00  0.00000E+00  0.00000E+00  0.00000E+00  0.00000E+00  0.00000E+00  0.00000E+00  0.00000E+00  0.00000E+00  0.00000E+00  0.00000E+00  0.00000E+00  0.00000E+00  0.00000E+00  0.00000E+00  0.00000E+00  0.00000E+00  0.00000E+00  0.00000E+00  0.00000E+00  0.00000E+00  0.00000E+00  0.00000E+00  0.00000E+00  0.00000E+00  0.00000E+00  0.00000E+00  0.00000E+00  0.00000E+00  0.00000E+00  0.00000E+00  0.00000E+00  0.00000E+00  0.00000E+00  0.00000E+00  0.00000E+00  0.00000E+00  0.00000E+00  0.00000E+00  0.00000E+00  0.00000E+00  0.00000E+00  9.62660E-01  5.80340E+00  0.00000E+00  0.00000E+00  0.00000E+00  0.00000E+00  0.00000E+00  0.00000E+00  0.00000E+00  0.00000E+00  0.00000E+00  0.00000E+00  0.00000E+00  0.00000E+00  0.00000E+00  0.00000E+00  0.00000E+00  0.00000E+00  0.00000E+00  0.00000E+00  0.00000E+00  0.00000E+00
  0.00000E+00  0.00000E+00  0.00000E+00  0.00000E+00  0.00000E+00  0.00000E+00  0.00000E+00  0.00000E+00  0.00000E+00  0.00000E+00  0.00000E+00  0.00000E+00  0.00000E+00  0.00000E+00  0.00000E+00  0.00000E+00  0.00000E+00  0.00000E+00  0.00000E+00  0.00000E+00  0.00000E+00  0.00000E+00  0.00000E+00  0.00000E+00  0.00000E+00  0.00000E+00  0.00000E+00  0.00000E+00  0.00000E+00  0.00000E+00  0.00000E+00  0.00000E+00  0.00000E+00  0.00000E+00  0.00000E+00  0.00000E+00  0.00000E+00  0.00000E+00  0.00000E+00  0.00000E+00  0.00000E+00  0.00000E+00  0.00000E+00  0.00000E+00  0.00000E+00  0.00000E+00  0.00000E+00  0.00000E+00  0.00000E+00  0.00000E+00  0.00000E+00  1.45497E+01  9.73636E+00  0.00000E+00  0.00000E+00  0.00000E+00  0.00000E+00  0.00000E+00  0.00000E+00  0.00000E+00  0.00000E+00  0.00000E+00  0.00000E+00  0.00000E+00  0.00000E+00  0.00000E+00  0.00000E+00  0.00000E+00  0.00000E+00  0.00000E+00  0.00000E+00  0.00000E+00  0.00000E+00
  0.00000E+00  0.00000E+00  0.00000E+00  0.00000E+00  0.00000E+00  0.00000E+00  0.00000E+00  0.00000E+00  0.00000E+00  0.00000E+00  0.00000E+00  0.00000E+00  0.00000E+00  0.00000E+00  0.00000E+00  0.00000E+00  0.00000E+00  0.00000E+00  0.00000E+00  0.00000E+00  0.00000E+00  0.00000E+00  0.00000E+00  0.00000E+00  0.00000E+00  0.00000E+00  0.00000E+00  0.00000E+00  0.00000E+00  0.00000E+00  0.00000E+00  0.00000E+00  0.00000E+00  0.00000E+00  0.00000E+00  0.00000E+00  0.00000E+00  0.00000E+00  0.00000E+00  0.00000E+00  0.00000E+00  0.00000E+00  0.00000E+00  0.00000E+00  0.00000E+00  0.00000E+00  0.00000E+00  0.00000E+00  0.00000E+00  0.00000E+00  1.92532E+00  6.67464E+01  3.53511E+02  6.18782E+01  0.00000E+00  0.00000E+00  0.00000E+00  0.00000E+00  0.00000E+00  0.00000E+00  0.00000E+00  0.00000E+00  0.00000E+00  0.00000E+00  0.00000E+00  0.00000E+00  0.00000E+00  0.00000E+00  0.00000E+00  0.00000E+00  0.00000E+00  0.00000E+00  0.00000E+00
  0.00000E+00  0.00000E+00  0.00000E+00  0.00000E+00  0.00000E+00  0.00000E+00  0.00000E+00  0.00000E+00  0.00000E+00  0.00000E+00  0.00000E+00  0.00000E+00  0.00000E+00  0.00000E+00  0.00000E+00  0.00000E+00  0.00000E+00  0.00000E+00  0.00000E+00  0.00000E+00  0.00000E+00  0.00000E+00  0.00000E+00  0.00000E+00  0.00000E+00  0.00000E+00  0.00000E+00  0.00000E+00  0.00000E+00  0.00000E+00  0.00000E+00  0.00000E+00  0.00000E+00  0.00000E+00  0.00000E+00  0.00000E+00  0.00000E+00  0.00000E+00  0.00000E+00  0.00000E+00  0.00000E+00  0.00000E+00  0.00000E+00  0.00000E+00  0.00000E+00  0.00000E+00  0.00000E+00  0.00000E+00  5.99254E+01  0.00000E+00  5.85159E+02  1.05432E+03  3.48643E+02  0.00000E+00  0.00000E+00  0.00000E+00  0.00000E+00  0.00000E+00  0.00000E+00  0.00000E+00  0.00000E+00  0.00000E+00  0.00000E+00  0.00000E+00  0.00000E+00  0.00000E+00  0.00000E+00  0.00000E+00  0.00000E+00  0.00000E+00  0.00000E+00  0.00000E+00  0.00000E+00
  0.00000E+00  0.00000E+00  0.00000E+00  0.00000E+00  0.00000E+00  0.00000E+00  0.00000E+00  0.00000E+00  0.00000E+00  0.00000E+00  0.00000E+00  0.00000E+00  0.00000E+00  0.00000E+00  0.00000E+00  0.00000E+00  0.00000E+00  0.00000E+00  0.00000E+00  0.00000E+00  0.00000E+00  0.00000E+00  0.00000E+00  0.00000E+00  0.00000E+00  0.00000E+00  0.00000E+00  0.00000E+00  0.00000E+00  0.00000E+00  0.00000E+00  0.00000E+00  0.00000E+00  0.00000E+00  0.00000E+00  0.00000E+00  0.00000E+00  0.00000E+00  0.00000E+00  0.00000E+00  0.00000E+00  0.00000E+00  0.00000E+00  0.00000E+00  0.00000E+00  0.00000E+00  0.00000E+00  2.35312E+01  5.11408E+02  4.75014E+02  9.52223E+02  3.68026E+02  0.00000E+00  0.00000E+00  0.00000E+00  0.00000E+00  0.00000E+00  0.00000E+00  0.00000E+00  0.00000E+00  0.00000E+00  0.00000E+00  0.00000E+00  0.00000E+00  0.00000E+00  0.00000E+00  0.00000E+00  0.00000E+00  0.00000E+00  0.00000E+00  0.00000E+00  0.00000E+00  0.00000E+00
  0.00000E+00  0.00000E+00  0.00000E+00  0.00000E+00  0.00000E+00  0.00000E+00  0.00000E+00  0.00000E+00  0.00000E+00  0.00000E+00  0.00000E+00  0.00000E+00  0.00000E+00  0.00000E+00  0.00000E+00  0.00000E+00  0.00000E+00  0.00000E+00  0.00000E+00  0.00000E+00  0.00000E+00  0.00000E+00  0.00000E+00  0.00000E+00  0.00000E+00  0.00000E+00  0.00000E+00  0.00000E+00  0.00000E+00  0.00000E+00  0.00000E+00  0.00000E+00  0.00000E+00  0.00000E+00  0.00000E+00  0.00000E+00  0.00000E+00  0.00000E+00  0.00000E+00  0.00000E+00  0.00000E+00  0.00000E+00  0.00000E+00  0.00000E+00  0.00000E+00  0.00000E+00  0.00000E+00  1.66913E+02  6.67653E+02  9.54418E+02  1.16839E+03  3.91557E+02  2.35312E+01  0.00000E+00  0.00000E+00  0.00000E+00  0.00000E+00  0.00000E+00  0.00000E+00  0.00000E+00  0.00000E+00  0.00000E+00  0.00000E+00  0.00000E+00  0.00000E+00  0.00000E+00  0.00000E+00  0.00000E+00  0.00000E+00  0.00000E+00  0.00000E+00  0.00000E+00  0.00000E+00
  0.00000E+00  0.00000E+00  0.00000E+00  0.00000E+00  0.00000E+00  0.00000E+00  0.00000E+00  0.00000E+00  0.00000E+00  0.00000E+00  0.00000E+00  0.00000E+00  0.00000E+00  0.00000E+00  0.00000E+00  0.00000E+00  0.00000E+00  0.00000E+00  0.00000E+00  0.00000E+00  0.00000E+00  0.00000E+00  0.00000E+00  0.00000E+00  0.00000E+00  0.00000E+00  0.00000E+00  0.00000E+00  0.00000E+00  0.00000E+00  0.00000E+00  0.00000E+00  0.00000E+00  0.00000E+00  0.00000E+00  0.00000E+00  0.00000E+00  0.00000E+00  0.00000E+00  0.00000E+00  0.00000E+00  0.00000E+00  0.00000E+00  0.00000E+00  0.00000E+00  0.00000E+00  0.00000E+00  0.00000E+00  5.60666E+02  8.47430E+02  5.71334E+02  7.38247E+02  1.43382E+02  0.00000E+00  0.00000E+00  0.00000E+00  0.00000E+00  0.00000E+00  0.00000E+00  0.00000E+00  0.00000E+00  0.00000E+00  0.00000E+00  0.00000E+00  0.00000E+00  0.00000E+00  0.00000E+00  0.00000E+00  0.00000E+00  0.00000E+00  0.00000E+00  0.00000E+00  0.00000E+00
  0.00000E+00  0.00000E+00  0.00000E+00  0.00000E+00  0.00000E+00  0.00000E+00  0.00000E+00  0.00000E+00  0.00000E+00  0.00000E+00  0.00000E+00  0.00000E+00  0.00000E+00  0.00000E+00  0.00000E+00  0.00000E+00  0.00000E+00  0.00000E+00  0.00000E+00  0.00000E+00  0.00000E+00  0.00000E+00  0.00000E+00  0.00000E+00  0.00000E+00  0.00000E+00  0.00000E+00  0.00000E+00  0.00000E+00  0.00000E+00  0.00000E+00  0.00000E+00  0.00000E+00  0.00000E+00  0.00000E+00  0.00000E+00  0.00000E+00  0.00000E+00  0.00000E+00  0.00000E+00  0.00000E+00  0.00000E+00  0.00000E+00  0.00000E+00  0.00000E+00  0.00000E+00  0.00000E+00  0.00000E+00  7.27579E+02  1.04854E+03  6.88990E+02  5.94865E+02  0.00000E+00  0.00000E+00  0.00000E+00  0.00000E+00  0.00000E+00  0.00000E+00  0.00000E+00  0.00000E+00  0.00000E+00  0.00000E+00  0.00000E+00  0.00000E+00  0.00000E+00  0.00000E+00  0.00000E+00  0.00000E+00  0.00000E+00  0.00000E+00  0.00000E+00  0.00000E+00  0.00000E+00
  0.00000E+00  0.00000E+00  0.00000E+00  0.00000E+00  0.00000E+00  0.00000E+00  0.00000E+00  0.00000E+00  0.00000E+00  0.00000E+00  0.00000E+00  0.00000E+00  0.00000E+00  0.00000E+00  0.00000E+00  0.00000E+00  0.00000E+00  0.00000E+00  0.00000E+00  0.00000E+00  0.00000E+00  0.00000E+00  0.00000E+00  0.00000E+00  0.00000E+00  0.00000E+00  0.00000E+00  0.00000E+00  0.00000E+00  0.00000E+00  0.00000E+00  0.00000E+00  0.00000E+00  0.00000E+00  0.00000E+00  0.00000E+00  0.00000E+00  0.00000E+00  0.00000E+00  0.00000E+00  0.00000E+00  0.00000E+00  0.00000E+00  0.00000E+00  0.00000E+00  0.00000E+00  0.00000E+00  0.00000E+00  4.04420E+02  1.13200E+03  9.65086E+02  4.70625E+01  0.00000E+00  0.00000E+00  0.00000E+00  0.00000E+00  0.00000E+00  0.00000E+00  0.00000E+00  0.00000E+00  0.00000E+00  0.00000E+00  0.00000E+00  0.00000E+00  0.00000E+00  0.00000E+00  0.00000E+00  0.00000E+00  0.00000E+00  0.00000E+00  0.00000E+00  0.00000E+00  0.00000E+00
  0.00000E+00  0.00000E+00  0.00000E+00  0.00000E+00  0.00000E+00  0.00000E+00  0.00000E+00  0.00000E+00  0.00000E+00  0.00000E+00  0.00000E+00  0.00000E+00  0.00000E+00  0.00000E+00  0.00000E+00  0.00000E+00  0.00000E+00  0.00000E+00  0.00000E+00  0.00000E+00  0.00000E+00  0.00000E+00  0.00000E+00  0.00000E+00  0.00000E+00  0.00000E+00  0.00000E+00  0.00000E+00  0.00000E+00  0.00000E+00  0.00000E+00  0.00000E+00  0.00000E+00  0.00000E+00  0.00000E+00  0.00000E+00  0.00000E+00  0.00000E+00  0.00000E+00  0.00000E+00  0.00000E+00  0.00000E+00  0.00000E+00  0.00000E+00  0.00000E+00  0.00000E+00  0.00000E+00  0.00000E+00  2.35312E+01  1.08494E+03  9.05161E+02  0.00000E+00  0.00000E+00  0.00000E+00  0.00000E+00  0.00000E+00  0.00000E+00  0.00000E+00  0.00000E+00  0.00000E+00  0.00000E+00  0.00000E+00  0.00000E+00  0.00000E+00  0.00000E+00  0.00000E+00  0.00000E+00  0.00000E+00  0.00000E+00  0.00000E+00  0.00000E+00  0.00000E+00  0.00000E+00
  0.00000E+00  0.00000E+00  0.00000E+00  0.00000E+00  0.00000E+00  0.00000E+00  0.00000E+00  0.00000E+00  0.00000E+00  0.00000E+00  0.00000E+00  0.00000E+00  0.00000E+00  0.00000E+00  0.00000E+00  0.00000E+00  0.00000E+00  0.00000E+00  0.00000E+00  0.00000E+00  0.00000E+00  0.00000E+00  0.00000E+00  0.00000E+00  0.00000E+00  0.00000E+00  0.00000E+00  0.00000E+00  0.00000E+00  0.00000E+00  0.00000E+00  0.00000E+00  0.00000E+00  0.00000E+00  0.00000E+00  0.00000E+00  0.00000E+00  0.00000E+00  0.00000E+00  0.00000E+00  0.00000E+00  0.00000E+00  0.00000E+00  0.00000E+00  0.00000E+00  0.00000E+00  0.00000E+00  0.00000E+00  0.00000E+00  2.26839E+02  2.26839E+02  0.00000E+00  0.00000E+00  0.00000E+00  0.00000E+00  0.00000E+00  0.00000E+00  0.00000E+00  0.00000E+00  0.00000E+00  0.00000E+00  0.00000E+00  0.00000E+00  0.00000E+00  0.00000E+00  0.00000E+00  0.00000E+00  0.00000E+00  0.00000E+00  0.00000E+00  0.00000E+00  0.00000E+00  0.00000E+00
  0.00000E+00  0.00000E+00  0.00000E+00  0.00000E+00  0.00000E+00  0.00000E+00  0.00000E+00  0.00000E+00  0.00000E+00  0.00000E+00  0.00000E+00  0.00000E+00  0.00000E+00  0.00000E+00  0.00000E+00  0.00000E+00  0.00000E+00  0.00000E+00  0.00000E+00  0.00000E+00  0.00000E+00  0.00000E+00  0.00000E+00  0.00000E+00  0.00000E+00  0.00000E+00  0.00000E+00  0.00000E+00  0.00000E+00  0.00000E+00  0.00000E+00  0.00000E+00  0.00000E+00  0.00000E+00  0.00000E+00  0.00000E+00  0.00000E+00  0.00000E+00  0.00000E+00  0.00000E+00  0.00000E+00  0.00000E+00  0.00000E+00  0.00000E+00  0.00000E+00  0.00000E+00  0.00000E+00  0.00000E+00  0.00000E+00  0.00000E+00  0.00000E+00  0.00000E+00  0.00000E+00  0.00000E+00  0.00000E+00  0.00000E+00  0.00000E+00  0.00000E+00  0.00000E+00  0.00000E+00  0.00000E+00  0.00000E+00  0.00000E+00  0.00000E+00  0.00000E+00  0.00000E+00  0.00000E+00  0.00000E+00  0.00000E+00  0.00000E+00  0.00000E+00  0.00000E+00  0.00000E+00
  0.00000E+00  0.00000E+00  0.00000E+00  0.00000E+00  0.00000E+00  0.00000E+00  0.00000E+00  0.00000E+00  0.00000E+00  0.00000E+00  0.00000E+00  0.00000E+00  0.00000E+00  0.00000E+00  0.00000E+00  0.00000E+00  0.00000E+00  0.00000E+00  0.00000E+00  0.00000E+00  0.00000E+00  0.00000E+00  0.00000E+00  0.00000E+00  0.00000E+00  0.00000E+00  0.00000E+00  0.00000E+00  0.00000E+00  0.00000E+00  0.00000E+00  0.00000E+00  0.00000E+00  0.00000E+00  0.00000E+00  0.00000E+00  0.00000E+00  0.00000E+00  0.00000E+00  0.00000E+00  0.00000E+00  0.00000E+00  0.00000E+00  0.00000E+00  0.00000E+00  0.00000E+00  0.00000E+00  0.00000E+00  0.00000E+00  0.00000E+00  0.00000E+00  0.00000E+00  0.00000E+00  0.00000E+00  0.00000E+00  0.00000E+00  0.00000E+00  0.00000E+00  0.00000E+00  0.00000E+00  0.00000E+00  0.00000E+00  0.00000E+00  0.00000E+00  0.00000E+00  0.00000E+00  0.00000E+00  0.00000E+00  0.00000E+00  0.00000E+00  0.00000E+00  0.00000E+00  0.00000E+00
  0.00000E+00  0.00000E+00  0.00000E+00  0.00000E+00  0.00000E+00  0.00000E+00  0.00000E+00  0.00000E+00  0.00000E+00  0.00000E+00  0.00000E+00  0.00000E+00  0.00000E+00  0.00000E+00  0.00000E+00  0.00000E+00  0.00000E+00  0.00000E+00  0.00000E+00  0.00000E+00  0.00000E+00  0.00000E+00  0.00000E+00  0.00000E+00  0.00000E+00  0.00000E+00  0.00000E+00  0.00000E+00  0.00000E+00  0.00000E+00  0.00000E+00  0.00000E+00  0.00000E+00  0.00000E+00  0.00000E+00  0.00000E+00  0.00000E+00  0.00000E+00  0.00000E+00  0.00000E+00  0.00000E+00  0.00000E+00  0.00000E+00  0.00000E+00  0.00000E+00  0.00000E+00  0.00000E+00  0.00000E+00  0.00000E+00  0.00000E+00  0.00000E+00  0.00000E+00  0.00000E+00  0.00000E+00  0.00000E+00  0.00000E+00  0.00000E+00  0.00000E+00  0.00000E+00  0.00000E+00  0.00000E+00  0.00000E+00  0.00000E+00  0.00000E+00  0.00000E+00  0.00000E+00  0.00000E+00  0.00000E+00  0.00000E+00  0.00000E+00  0.00000E+00  0.00000E+00  0.00000E+00
  0.00000E+00  0.00000E+00  0.00000E+00  0.00000E+00  0.00000E+00  0.00000E+00  0.00000E+00  0.00000E+00  0.00000E+00  0.00000E+00  0.00000E+00  0.00000E+00  0.00000E+00  0.00000E+00  0.00000E+00  0.00000E+00  0.00000E+00  0.00000E+00  0.00000E+00  0.00000E+00  0.00000E+00  0.00000E+00  0.00000E+00  0.00000E+00  0.00000E+00  0.00000E+00  0.00000E+00  0.00000E+00  0.00000E+00  0.00000E+00  0.00000E+00  0.00000E+00  0.00000E+00  0.00000E+00  0.00000E+00  0.00000E+00  0.00000E+00  0.00000E+00  0.00000E+00  0.00000E+00  0.00000E+00  0.00000E+00  0.00000E+00  0.00000E+00  0.00000E+00  0.00000E+00  0.00000E+00  0.00000E+00  0.00000E+00  0.00000E+00  0.00000E+00  0.00000E+00  0.00000E+00  0.00000E+00  0.00000E+00  0.00000E+00  0.00000E+00  0.00000E+00  0.00000E+00  0.00000E+00  0.00000E+00  0.00000E+00  0.00000E+00  0.00000E+00  0.00000E+00  0.00000E+00  0.00000E+00  0.00000E+00  0.00000E+00  0.00000E+00  0.00000E+00  0.00000E+00  0.00000E+00
  0.00000E+00  0.00000E+00  0.00000E+00  0.00000E+00  0.00000E+00  0.00000E+00  0.00000E+00  0.00000E+00  0.00000E+00  0.00000E+00  0.00000E+00  0.00000E+00  0.00000E+00  0.00000E+00  0.00000E+00  0.00000E+00  0.00000E+00  0.00000E+00  0.00000E+00  0.00000E+00  0.00000E+00  0.00000E+00  0.00000E+00  0.00000E+00  0.00000E+00  0.00000E+00  0.00000E+00  0.00000E+00  0.00000E+00  0.00000E+00  0.00000E+00  0.00000E+00  0.00000E+00  0.00000E+00  0.00000E+00  0.00000E+00  0.00000E+00  0.00000E+00  0.00000E+00  0.00000E+00  0.00000E+00  0.00000E+00  0.00000E+00  0.00000E+00  0.00000E+00  0.00000E+00  0.00000E+00  0.00000E+00  0.00000E+00  0.00000E+00  0.00000E+00  0.00000E+00  0.00000E+00  0.00000E+00  0.00000E+00  0.00000E+00  0.00000E+00  0.00000E+00  0.00000E+00  0.00000E+00  0.00000E+00  0.00000E+00  0.00000E+00  0.00000E+00  0.00000E+00  0.00000E+00  0.00000E+00  0.00000E+00  0.00000E+00  0.00000E+00  0.00000E+00  0.00000E+00  0.00000E+00
  0.00000E+00  0.00000E+00  0.00000E+00  0.00000E+00  0.00000E+00  0.00000E+00  0.00000E+00  0.00000E+00  0.00000E+00  0.00000E+00  0.00000E+00  0.00000E+00  0.00000E+00  0.00000E+00  0.00000E+00  0.00000E+00  0.00000E+00  0.00000E+00  0.00000E+00  0.00000E+00  0.00000E+00  0.00000E+00  0.00000E+00  0.00000E+00  0.00000E+00  0.00000E+00  0.00000E+00  0.00000E+00  0.00000E+00  0.00000E+00  0.00000E+00  0.00000E+00  0.00000E+00  0.00000E+00  0.00000E+00  0.00000E+00  0.00000E+00  0.00000E+00  0.00000E+00  0.00000E+00  0.00000E+00  0.00000E+00  0.00000E+00  0.00000E+00  0.00000E+00  0.00000E+00  0.00000E+00  0.00000E+00  0.00000E+00  0.00000E+00  0.00000E+00  0.00000E+00  0.00000E+00  0.00000E+00  0.00000E+00  0.00000E+00  0.00000E+00  0.00000E+00  0.00000E+00  0.00000E+00  0.00000E+00  0.00000E+00  0.00000E+00  0.00000E+00  0.00000E+00  0.00000E+00  0.00000E+00  0.00000E+00  0.00000E+00  0.00000E+00  0.00000E+00  0.00000E+00  0.00000E+00
  0.00000E+00  0.00000E+00  0.00000E+00  0.00000E+00  0.00000E+00  0.00000E+00  0.00000E+00  0.00000E+00  0.00000E+00  0.00000E+00  0.00000E+00  0.00000E+00  0.00000E+00  0.00000E+00  0.00000E+00  0.00000E+00  0.00000E+00  0.00000E+00  0.00000E+00  0.00000E+00  0.00000E+00  0.00000E+00  0.00000E+00  0.00000E+00  0.00000E+00  0.00000E+00  0.00000E+00  0.00000E+00  0.00000E+00  0.00000E+00  0.00000E+00  0.00000E+00  0.00000E+00  0.00000E+00  0.00000E+00  0.00000E+00  0.00000E+00  0.00000E+00  0.00000E+00  0.00000E+00  0.00000E+00  0.00000E+00  0.00000E+00  0.00000E+00  0.00000E+00  0.00000E+00  0.00000E+00  0.00000E+00  0.00000E+00  0.00000E+00  0.00000E+00  0.00000E+00  0.00000E+00  0.00000E+00  0.00000E+00  0.00000E+00  0.00000E+00  0.00000E+00  0.00000E+00  0.00000E+00  0.00000E+00  0.00000E+00  0.00000E+00  0.00000E+00  0.00000E+00  0.00000E+00  0.00000E+00  0.00000E+00  0.00000E+00  0.00000E+00  0.00000E+00  0.00000E+00  0.00000E+00
  0.00000E+00  0.00000E+00  0.00000E+00  0.00000E+00  0.00000E+00  0.00000E+00  0.00000E+00  0.00000E+00  0.00000E+00  0.00000E+00  0.00000E+00  0.00000E+00  0.00000E+00  0.00000E+00  0.00000E+00  0.00000E+00  0.00000E+00  0.00000E+00  0.00000E+00  0.00000E+00  0.00000E+00  0.00000E+00  0.00000E+00  0.00000E+00  0.00000E+00  0.00000E+00  0.00000E+00  0.00000E+00  0.00000E+00  0.00000E+00  0.00000E+00  0.00000E+00  0.00000E+00  0.00000E+00  0.00000E+00  0.00000E+00  0.00000E+00  0.00000E+00  0.00000E+00  0.00000E+00  0.00000E+00  0.00000E+00  0.00000E+00  0.00000E+00  0.00000E+00  0.00000E+00  0.00000E+00  0.00000E+00  0.00000E+00  0.00000E+00  0.00000E+00  0.00000E+00  0.00000E+00  0.00000E+00  0.00000E+00  0.00000E+00  0.00000E+00  0.00000E+00  0.00000E+00  0.00000E+00  0.00000E+00  0.00000E+00  0.00000E+00  0.00000E+00  0.00000E+00  0.00000E+00  0.00000E+00  0.00000E+00  0.00000E+00  0.00000E+00  0.00000E+00  0.00000E+00  0.00000E+00
  0.00000E+00  0.00000E+00  0.00000E+00  0.00000E+00  0.00000E+00  0.00000E+00  0.00000E+00  0.00000E+00  0.00000E+00  0.00000E+00  0.00000E+00  0.00000E+00  0.00000E+00  0.00000E+00  0.00000E+00  0.00000E+00  0.00000E+00  0.00000E+00  0.00000E+00  0.00000E+00  0.00000E+00  0.00000E+00  0.00000E+00  0.00000E+00  0.00000E+00  0.00000E+00  0.00000E+00  0.00000E+00  0.00000E+00  0.00000E+00  0.00000E+00  0.00000E+00  0.00000E+00  0.00000E+00  0.00000E+00  0.00000E+00  0.00000E+00  0.00000E+00  0.00000E+00  0.00000E+00  0.00000E+00  0.00000E+00  0.00000E+00  0.00000E+00  0.00000E+00  0.00000E+00  0.00000E+00  0.00000E+00  0.00000E+00  0.00000E+00  0.00000E+00  0.00000E+00  0.00000E+00  0.00000E+00  0.00000E+00  0.00000E+00  0.00000E+00  0.00000E+00  0.00000E+00  0.00000E+00  0.00000E+00  0.00000E+00  0.00000E+00  0.00000E+00  0.00000E+00  0.00000E+00  0.00000E+00  0.00000E+00  0.00000E+00  0.00000E+00  0.00000E+00  0.00000E+00  0.00000E+00
  0.00000E+00  0.00000E+00  0.00000E+00  0.00000E+00  0.00000E+00  0.00000E+00  0.00000E+00  0.00000E+00  0.00000E+00  0.00000E+00  0.00000E+00  0.00000E+00  0.00000E+00  0.00000E+00  0.00000E+00  0.00000E+00  0.00000E+00  0.00000E+00  0.00000E+00  0.00000E+00  0.00000E+00  0.00000E+00  0.00000E+00  0.00000E+00  0.00000E+00  0.00000E+00  0.00000E+00  0.00000E+00  0.00000E+00  0.00000E+00  0.00000E+00  0.00000E+00  0.00000E+00  0.00000E+00  0.00000E+00  0.00000E+00  0.00000E+00  0.00000E+00  0.00000E+00  0.00000E+00  0.00000E+00  0.00000E+00  0.00000E+00  0.00000E+00  0.00000E+00  0.00000E+00  0.00000E+00  0.00000E+00  0.00000E+00  0.00000E+00  0.00000E+00  0.00000E+00  0.00000E+00  0.00000E+00  0.00000E+00  0.00000E+00  0.00000E+00  0.00000E+00  0.00000E+00  0.00000E+00  0.00000E+00  0.00000E+00  0.00000E+00  0.00000E+00  0.00000E+00  0.00000E+00  0.00000E+00  0.00000E+00  0.00000E+00  0.00000E+00  0.00000E+00  0.00000E+00  0.00000E+00
  0.00000E+00  0.00000E+00  0.00000E+00  0.00000E+00  0.00000E+00  0.00000E+00  0.00000E+00  0.00000E+00  0.00000E+00  0.00000E+00  0.00000E+00  0.00000E+00  0.00000E+00  0.00000E+00  0.00000E+00  0.00000E+00  0.00000E+00  0.00000E+00  0.00000E+00  0.00000E+00  0.00000E+00  0.00000E+00  0.00000E+00  0.00000E+00  0.00000E+00  0.00000E+00  0.00000E+00  0.00000E+00  0.00000E+00  0.00000E+00  0.00000E+00  0.00000E+00  0.00000E+00  0.00000E+00  0.00000E+00  0.00000E+00  0.00000E+00  0.00000E+00  0.00000E+00  0.00000E+00  0.00000E+00  0.00000E+00  0.00000E+00  0.00000E+00  0.00000E+00  0.00000E+00  0.00000E+00  0.00000E+00  0.00000E+00  0.00000E+00  0.00000E+00  0.00000E+00  0.00000E+00  0.00000E+00  0.00000E+00  0.00000E+00  0.00000E+00  0.00000E+00  0.00000E+00  0.00000E+00  0.00000E+00  0.00000E+00  0.00000E+00  0.00000E+00  0.00000E+00  0.00000E+00  0.00000E+00  0.00000E+00  0.00000E+00  0.00000E+00  0.00000E+00  0.00000E+00  0.00000E+00
  0.00000E+00  0.00000E+00  0.00000E+00  0.00000E+00  0.00000E+00  0.00000E+00  0.00000E+00  0.00000E+00  0.00000E+00  0.00000E+00  0.00000E+00  0.00000E+00  0.00000E+00  0.00000E+00  0.00000E+00  0.00000E+00  0.00000E+00  0.00000E+00  0.00000E+00  0.00000E+00  0.00000E+00  0.00000E+00  0.00000E+00  0.00000E+00  0.00000E+00  0.00000E+00  0.00000E+00  0.00000E+00  0.00000E+00  0.00000E+00  0.00000E+00  0.00000E+00  0.00000E+00  0.00000E+00  0.00000E+00  0.00000E+00  0.00000E+00  0.00000E+00  0.00000E+00  0.00000E+00  0.00000E+00  0.00000E+00  0.00000E+00  0.00000E+00  0.00000E+00  0.00000E+00  0.00000E+00  0.00000E+00  0.00000E+00  0.00000E+00  0.00000E+00  0.00000E+00  0.00000E+00  0.00000E+00  0.00000E+00  0.00000E+00  0.00000E+00  0.00000E+00  0.00000E+00  0.00000E+00  0.00000E+00  0.00000E+00  0.00000E+00  0.00000E+00  0.00000E+00  0.00000E+00  0.00000E+00  0.00000E+00  0.00000E+00  0.00000E+00  0.00000E+00  0.00000E+00  0.00000E+00
  0.00000E+00  0.00000E+00  0.00000E+00  0.00000E+00  0.00000E+00  0.00000E+00  0.00000E+00  0.00000E+00  0.00000E+00  0.00000E+00  0.00000E+00  0.00000E+00  0.00000E+00  0.00000E+00  0.00000E+00  0.00000E+00  0.00000E+00  0.00000E+00  0.00000E+00  0.00000E+00  0.00000E+00  0.00000E+00  0.00000E+00  0.00000E+00  0.00000E+00  0.00000E+00  0.00000E+00  0.00000E+00  0.00000E+00  0.00000E+00  0.00000E+00  0.00000E+00  0.00000E+00  0.00000E+00  0.00000E+00  0.00000E+00  0.00000E+00  0.00000E+00  0.00000E+00  0.00000E+00  0.00000E+00  0.00000E+00  0.00000E+00  0.00000E+00  0.00000E+00  0.00000E+00  0.00000E+00  0.00000E+00  0.00000E+00  0.00000E+00  0.00000E+00  0.00000E+00  0.00000E+00  0.00000E+00  0.00000E+00  0.00000E+00  0.00000E+00  0.00000E+00  0.00000E+00  0.00000E+00  0.00000E+00  0.00000E+00  0.00000E+00  0.00000E+00  0.00000E+00  0.00000E+00  0.00000E+00  0.00000E+00  0.00000E+00  0.00000E+00  0.00000E+00  0.00000E+00  0.00000E+00
  0.00000E+00  0.00000E+00  0.00000E+00  0.00000E+00  0.00000E+00  0.00000E+00  0.00000E+00  0.00000E+00  0.00000E+00  0.00000E+00  0.00000E+00  0.00000E+00  0.00000E+00  0.00000E+00  0.00000E+00  0.00000E+00  0.00000E+00  0.00000E+00  0.00000E+00  0.00000E+00  0.00000E+00  0.00000E+00  0.00000E+00  0.00000E+00  0.00000E+00  0.00000E+00  0.00000E+00  0.00000E+00  0.00000E+00  0.00000E+00  0.00000E+00  0.00000E+00  0.00000E+00  0.00000E+00  0.00000E+00  0.00000E+00  0.00000E+00  0.00000E+00  0.00000E+00  0.00000E+00  0.00000E+00  0.00000E+00  0.00000E+00  0.00000E+00  0.00000E+00  0.00000E+00  0.00000E+00  0.00000E+00  0.00000E+00  0.00000E+00  0.00000E+00  0.00000E+00  0.00000E+00  0.00000E+00  0.00000E+00  0.00000E+00  0.00000E+00  0.00000E+00  0.00000E+00  0.00000E+00  0.00000E+00  0.00000E+00  0.00000E+00  0.00000E+00  0.00000E+00  0.00000E+00  0.00000E+00  0.00000E+00  0.00000E+00  0.00000E+00  0.00000E+00  0.00000E+00  0.00000E+00
  0.00000E+00  0.00000E+00  0.00000E+00  0.00000E+00  0.00000E+00  0.00000E+00  0.00000E+00  0.00000E+00  0.00000E+00  0.00000E+00  0.00000E+00  0.00000E+00  0.00000E+00  0.00000E+00  0.00000E+00  0.00000E+00  0.00000E+00  0.00000E+00  0.00000E+00  0.00000E+00  0.00000E+00  0.00000E+00  0.00000E+00  0.00000E+00  0.00000E+00  0.00000E+00  0.00000E+00  0.00000E+00  0.00000E+00  0.00000E+00  0.00000E+00  0.00000E+00  0.00000E+00  0.00000E+00  0.00000E+00  0.00000E+00  0.00000E+00  0.00000E+00  0.00000E+00  0.00000E+00  0.00000E+00  0.00000E+00  0.00000E+00  0.00000E+00  0.00000E+00  0.00000E+00  0.00000E+00  0.00000E+00  0.00000E+00  0.00000E+00  0.00000E+00  0.00000E+00  0.00000E+00  0.00000E+00  0.00000E+00  0.00000E+00  0.00000E+00  0.00000E+00  0.00000E+00  0.00000E+00  0.00000E+00  0.00000E+00  0.00000E+00  0.00000E+00  0.00000E+00  0.00000E+00  0.00000E+00  0.00000E+00  0.00000E+00  0.00000E+00  0.00000E+00  0.00000E+00  0.00000E+00
  0.00000E+00  0.00000E+00  0.00000E+00  0.00000E+00  0.00000E+00  0.00000E+00  0.00000E+00  0.00000E+00  0.00000E+00  0.00000E+00  0.00000E+00  0.00000E+00  0.00000E+00  0.00000E+00  0.00000E+00  0.00000E+00  0.00000E+00  0.00000E+00  0.00000E+00  0.00000E+00  0.00000E+00  0.00000E+00  0.00000E+00  0.00000E+00  0.00000E+00  0.00000E+00  0.00000E+00  0.00000E+00  0.00000E+00  0.00000E+00  0.00000E+00  0.00000E+00  0.00000E+00  0.00000E+00  0.00000E+00  0.00000E+00  0.00000E+00  0.00000E+00  0.00000E+00  0.00000E+00  0.00000E+00  0.00000E+00  0.00000E+00  0.00000E+00  0.00000E+00  0.00000E+00  0.00000E+00  0.00000E+00  0.00000E+00  0.00000E+00  0.00000E+00  0.00000E+00  0.00000E+00  0.00000E+00  0.00000E+00  0.00000E+00  0.00000E+00  0.00000E+00  0.00000E+00  0.00000E+00  0.00000E+00  0.00000E+00  0.00000E+00  0.00000E+00  0.00000E+00  0.00000E+00  0.00000E+00  0.00000E+00  0.00000E+00  0.00000E+00  0.00000E+00  0.00000E+00  0.00000E+00
  0.00000E+00  0.00000E+00  0.00000E+00  0.00000E+00  0.00000E+00  0.00000E+00  0.00000E+00  0.00000E+00  0.00000E+00  0.00000E+00  0.00000E+00  0.00000E+00  0.00000E+00  0.00000E+00  0.00000E+00  0.00000E+00  0.00000E+00  0.00000E+00  0.00000E+00  0.00000E+00  0.00000E+00  0.00000E+00  0.00000E+00  0.00000E+00  0.00000E+00  0.00000E+00  0.00000E+00  0.00000E+00  0.00000E+00  0.00000E+00  0.00000E+00  0.00000E+00  0.00000E+00  0.00000E+00  0.00000E+00  0.00000E+00  0.00000E+00  0.00000E+00  0.00000E+00  0.00000E+00  0.00000E+00  0.00000E+00  0.00000E+00  0.00000E+00  0.00000E+00  0.00000E+00  0.00000E+00  0.00000E+00  0.00000E+00  0.00000E+00  0.00000E+00  0.00000E+00  0.00000E+00  0.00000E+00  0.00000E+00  0.00000E+00  0.00000E+00  0.00000E+00  0.00000E+00  0.00000E+00  0.00000E+00  0.00000E+00  0.00000E+00  0.00000E+00  0.00000E+00  0.00000E+00  0.00000E+00  0.00000E+00  0.00000E+00  0.00000E+00  0.00000E+00  0.00000E+00  0.00000E+00
  0.00000E+00  0.00000E+00  0.00000E+00  0.00000E+00  0.00000E+00  0.00000E+00  0.00000E+00  0.00000E+00  0.00000E+00  0.00000E+00  0.00000E+00  0.00000E+00  0.00000E+00  0.00000E+00  0.00000E+00  0.00000E+00  0.00000E+00  0.00000E+00  0.00000E+00  0.00000E+00  0.00000E+00  0.00000E+00  0.00000E+00  0.00000E+00  0.00000E+00  0.00000E+00  0.00000E+00  0.00000E+00  0.00000E+00  0.00000E+00  0.00000E+00  0.00000E+00  0.00000E+00  0.00000E+00  0.00000E+00  0.00000E+00  0.00000E+00  0.00000E+00  0.00000E+00  0.00000E+00  0.00000E+00  0.00000E+00  0.00000E+00  0.00000E+00  0.00000E+00  0.00000E+00  0.00000E+00  0.00000E+00  0.00000E+00  0.00000E+00  0.00000E+00  0.00000E+00  0.00000E+00  0.00000E+00  0.00000E+00  0.00000E+00  0.00000E+00  0.00000E+00  0.00000E+00  0.00000E+00  0.00000E+00  0.00000E+00  0.00000E+00  0.00000E+00  0.00000E+00  0.00000E+00  0.00000E+00  0.00000E+00  0.00000E+00  0.00000E+00  0.00000E+00  0.00000E+00  0.00000E+00
  0.00000E+00  0.00000E+00  0.00000E+00  0.00000E+00  0.00000E+00  0.00000E+00  0.00000E+00  0.00000E+00  0.00000E+00  0.00000E+00  0.00000E+00  0.00000E+00  0.00000E+00  0.00000E+00  0.00000E+00  0.00000E+00  0.00000E+00  0.00000E+00  0.00000E+00  0.00000E+00  0.00000E+00  0.00000E+00  0.00000E+00  0.00000E+00  0.00000E+00  0.00000E+00  0.00000E+00  0.00000E+00  0.00000E+00  0.00000E+00  0.00000E+00  0.00000E+00  0.00000E+00  0.00000E+00  0.00000E+00  0.00000E+00  0.00000E+00  0.00000E+00  0.00000E+00  0.00000E+00  0.00000E+00  0.00000E+00  0.00000E+00  0.00000E+00  0.00000E+00  0.00000E+00  0.00000E+00  0.00000E+00  0.00000E+00  0.00000E+00  0.00000E+00  0.00000E+00  0.00000E+00  0.00000E+00  0.00000E+00  0.00000E+00  0.00000E+00  0.00000E+00  0.00000E+00  0.00000E+00  0.00000E+00  0.00000E+00  0.00000E+00  0.00000E+00  0.00000E+00  0.00000E+00  0.00000E+00  0.00000E+00  0.00000E+00  0.00000E+00  0.00000E+00  0.00000E+00  0.00000E+00
  0.00000E+00  0.00000E+00  0.00000E+00  0.00000E+00  0.00000E+00  0.00000E+00  0.00000E+00  0.00000E+00  0.00000E+00  0.00000E+00  0.00000E+00  0.00000E+00  0.00000E+00  0.00000E+00  0.00000E+00  0.00000E+00  0.00000E+00  0.00000E+00  0.00000E+00  0.00000E+00  0.00000E+00  0.00000E+00  0.00000E+00  0.00000E+00  0.00000E+00  0.00000E+00  0.00000E+00  0.00000E+00  0.00000E+00  0.00000E+00  0.00000E+00  0.00000E+00  0.00000E+00  0.00000E+00  0.00000E+00  0.00000E+00  0.00000E+00  0.00000E+00  0.00000E+00  0.00000E+00  0.00000E+00  0.00000E+00  0.00000E+00  0.00000E+00  0.00000E+00  0.00000E+00  0.00000E+00  0.00000E+00  0.00000E+00  0.00000E+00  0.00000E+00  0.00000E+00  0.00000E+00  0.00000E+00  0.00000E+00  0.00000E+00  0.00000E+00  0.00000E+00  0.00000E+00  0.00000E+00  0.00000E+00  0.00000E+00  0.00000E+00  0.00000E+00  0.00000E+00  0.00000E+00  0.00000E+00  0.00000E+00  0.00000E+00  0.00000E+00  0.00000E+00  0.00000E+00  0.00000E+00
  0.00000E+00  0.00000E+00  0.00000E+00  0.00000E+00  0.00000E+00  0.00000E+00  0.00000E+00  0.00000E+00  0.00000E+00  0.00000E+00  0.00000E+00  0.00000E+00  0.00000E+00  0.00000E+00  0.00000E+00  0.00000E+00  0.00000E+00  0.00000E+00  0.00000E+00  0.00000E+00  0.00000E+00  0.00000E+00  0.00000E+00  0.00000E+00  0.00000E+00  0.00000E+00  0.00000E+00  0.00000E+00  0.00000E+00  0.00000E+00  0.00000E+00  0.00000E+00  0.00000E+00  0.00000E+00  0.00000E+00  0.00000E+00  0.00000E+00  0.00000E+00  0.00000E+00  0.00000E+00  0.00000E+00  0.00000E+00  0.00000E+00  0.00000E+00  0.00000E+00  0.00000E+00  0.00000E+00  0.00000E+00  0.00000E+00  0.00000E+00  0.00000E+00  0.00000E+00  0.00000E+00  0.00000E+00  0.00000E+00  0.00000E+00  0.00000E+00  0.00000E+00  0.00000E+00  0.00000E+00  0.00000E+00  0.00000E+00  0.00000E+00  0.00000E+00  0.00000E+00  0.00000E+00  0.00000E+00  0.00000E+00  0.00000E+00  0.00000E+00  0.00000E+00  0.00000E+00  0.00000E+00
  0.00000E+00  0.00000E+00  0.00000E+00  0.00000E+00  0.00000E+00  0.00000E+00  0.00000E+00  0.00000E+00  0.00000E+00  0.00000E+00  0.00000E+00  0.00000E+00  0.00000E+00  0.00000E+00  0.00000E+00  0.00000E+00  0.00000E+00  0.00000E+00  0.00000E+00  0.00000E+00  0.00000E+00  0.00000E+00  0.00000E+00  0.00000E+00  0.00000E+00  0.00000E+00  0.00000E+00  0.00000E+00  0.00000E+00  0.00000E+00  0.00000E+00  0.00000E+00  0.00000E+00  0.00000E+00  0.00000E+00  0.00000E+00  0.00000E+00  0.00000E+00  0.00000E+00  0.00000E+00  0.00000E+00  0.00000E+00  0.00000E+00  0.00000E+00  0.00000E+00  0.00000E+00  0.00000E+00  0.00000E+00  0.00000E+00  0.00000E+00  0.00000E+00  0.00000E+00  0.00000E+00  0.00000E+00  0.00000E+00  0.00000E+00  0.00000E+00  0.00000E+00  0.00000E+00  0.00000E+00  0.00000E+00  0.00000E+00  0.00000E+00  0.00000E+00  0.00000E+00  0.00000E+00  0.00000E+00  0.00000E+00  0.00000E+00  0.00000E+00  0.00000E+00  0.00000E+00  0.00000E+00
  0.00000E+00  0.00000E+00  0.00000E+00  0.00000E+00  0.00000E+00  0.00000E+00  0.00000E+00  0.00000E+00  0.00000E+00  0.00000E+00  0.00000E+00  0.00000E+00  0.00000E+00  0.00000E+00  0.00000E+00  0.00000E+00  0.00000E+00  0.00000E+00  0.00000E+00  0.00000E+00  0.00000E+00  0.00000E+00  0.00000E+00  0.00000E+00  0.00000E+00  0.00000E+00  0.00000E+00  0.00000E+00  0.00000E+00  0.00000E+00  0.00000E+00  0.00000E+00  0.00000E+00  0.00000E+00  0.00000E+00  0.00000E+00  0.00000E+00  0.00000E+00  0.00000E+00  0.00000E+00  0.00000E+00  0.00000E+00  0.00000E+00  0.00000E+00  0.00000E+00  0.00000E+00  0.00000E+00  0.00000E+00  0.00000E+00  0.00000E+00  0.00000E+00  0.00000E+00  0.00000E+00  0.00000E+00  0.00000E+00  0.00000E+00  0.00000E+00  0.00000E+00  0.00000E+00  0.00000E+00  0.00000E+00  0.00000E+00  0.00000E+00  0.00000E+00  0.00000E+00  0.00000E+00  0.00000E+00  0.00000E+00  0.00000E+00  0.00000E+00  0.00000E+00  0.00000E+00  0.00000E+00
  0.00000E+00  0.00000E+00  0.00000E+00  0.00000E+00  0.00000E+00  0.00000E+00  0.00000E+00  0.00000E+00  0.00000E+00  0.00000E+00  0.00000E+00  0.00000E+00  0.00000E+00  0.00000E+00  0.00000E+00  0.00000E+00  0.00000E+00  0.00000E+00  0.00000E+00  0.00000E+00  0.00000E+00  0.00000E+00  0.00000E+00  0.00000E+00  0.00000E+00  0.00000E+00  0.00000E+00  0.00000E+00  0.00000E+00  0.00000E+00  0.00000E+00  0.00000E+00  0.00000E+00  0.00000E+00  0.00000E+00  0.00000E+00  0.00000E+00  0.00000E+00  0.00000E+00  0.00000E+00  0.00000E+00  0.00000E+00  0.00000E+00  0.00000E+00  0.00000E+00  0.00000E+00  0.00000E+00  0.00000E+00  0.00000E+00  0.00000E+00  0.00000E+00  0.00000E+00  0.00000E+00  0.00000E+00  0.00000E+00  0.00000E+00  0.00000E+00  0.00000E+00  0.00000E+00  0.00000E+00  0.00000E+00  0.00000E+00  0.00000E+00  0.00000E+00  0.00000E+00  0.00000E+00  0.00000E+00  0.00000E+00  0.00000E+00  0.00000E+00  0.00000E+00  0.00000E+00  0.00000E+00
  0.00000E+00  0.00000E+00  0.00000E+00  0.00000E+00  0.00000E+00  0.00000E+00  0.00000E+00  0.00000E+00  0.00000E+00  0.00000E+00  0.00000E+00  0.00000E+00  0.00000E+00  0.00000E+00  0.00000E+00  0.00000E+00  0.00000E+00  0.00000E+00  0.00000E+00  0.00000E+00  0.00000E+00  0.00000E+00  0.00000E+00  0.00000E+00  0.00000E+00  0.00000E+00  0.00000E+00  0.00000E+00  0.00000E+00  0.00000E+00  0.00000E+00  0.00000E+00  0.00000E+00  0.00000E+00  0.00000E+00  0.00000E+00  0.00000E+00  0.00000E+00  0.00000E+00  0.00000E+00  0.00000E+00  0.00000E+00  0.00000E+00  0.00000E+00  0.00000E+00  0.00000E+00  0.00000E+00  0.00000E+00  0.00000E+00  0.00000E+00  0.00000E+00  0.00000E+00  0.00000E+00  0.00000E+00  0.00000E+00  0.00000E+00  0.00000E+00  0.00000E+00  0.00000E+00  0.00000E+00  0.00000E+00  0.00000E+00  0.00000E+00  0.00000E+00  0.00000E+00  0.00000E+00  0.00000E+00  0.00000E+00  0.00000E+00  0.00000E+00  0.00000E+00  0.00000E+00  0.00000E+00
  0.00000E+00  0.00000E+00  0.00000E+00  0.00000E+00  0.00000E+00  0.00000E+00  0.00000E+00  0.00000E+00  0.00000E+00  0.00000E+00  0.00000E+00  0.00000E+00  0.00000E+00  0.00000E+00  0.00000E+00  0.00000E+00  0.00000E+00  0.00000E+00  0.00000E+00  0.00000E+00  0.00000E+00  0.00000E+00  0.00000E+00  0.00000E+00  0.00000E+00  0.00000E+00  0.00000E+00  0.00000E+00  0.00000E+00  0.00000E+00  0.00000E+00  0.00000E+00  0.00000E+00  0.00000E+00  0.00000E+00  0.00000E+00  0.00000E+00  0.00000E+00  0.00000E+00  0.00000E+00  0.00000E+00  0.00000E+00  0.00000E+00  0.00000E+00  0.00000E+00  0.00000E+00  0.00000E+00  0.00000E+00  0.00000E+00  0.00000E+00  0.00000E+00  0.00000E+00  0.00000E+00  0.00000E+00  0.00000E+00  0.00000E+00  0.00000E+00  0.00000E+00  0.00000E+00  0.00000E+00  0.00000E+00  0.00000E+00  0.00000E+00  0.00000E+00  0.00000E+00  0.00000E+00  0.00000E+00  0.00000E+00  0.00000E+00  0.00000E+00  0.00000E+00  0.00000E+00  0.00000E+00
  0.00000E+00  0.00000E+00  0.00000E+00  0.00000E+00  0.00000E+00  0.00000E+00  0.00000E+00  0.00000E+00  0.00000E+00  0.00000E+00  0.00000E+00  0.00000E+00  0.00000E+00  0.00000E+00  0.00000E+00  0.00000E+00  0.00000E+00  0.00000E+00  0.00000E+00  0.00000E+00  0.00000E+00  0.00000E+00  0.00000E+00  0.00000E+00  0.00000E+00  0.00000E+00  0.00000E+00  0.00000E+00  0.00000E+00  0.00000E+00  0.00000E+00  0.00000E+00  0.00000E+00  0.00000E+00  0.00000E+00  0.00000E+00  0.00000E+00  0.00000E+00  0.00000E+00  0.00000E+00  0.00000E+00  0.00000E+00  0.00000E+00  0.00000E+00  0.00000E+00  0.00000E+00  0.00000E+00  0.00000E+00  0.00000E+00  0.00000E+00  0.00000E+00  0.00000E+00  0.00000E+00  0.00000E+00  0.00000E+00  0.00000E+00  0.00000E+00  0.00000E+00  0.00000E+00  0.00000E+00  0.00000E+00  0.00000E+00  0.00000E+00  0.00000E+00  0.00000E+00  0.00000E+00  0.00000E+00  0.00000E+00  0.00000E+00  0.00000E+00  0.00000E+00  0.00000E+00  0.00000E+00
  0.00000E+00  0.00000E+00  0.00000E+00  0.00000E+00  0.00000E+00  0.00000E+00  0.00000E+00  0.00000E+00  0.00000E+00  0.00000E+00  0.00000E+00  0.00000E+00  0.00000E+00  0.00000E+00  0.00000E+00  0.00000E+00  0.00000E+00  0.00000E+00  0.00000E+00  0.00000E+00  0.00000E+00  0.00000E+00  0.00000E+00  0.00000E+00  0.00000E+00  0.00000E+00  0.00000E+00  0.00000E+00  0.00000E+00  0.00000E+00  0.00000E+00  0.00000E+00  0.00000E+00  0.00000E+00  0.00000E+00  0.00000E+00  0.00000E+00  0.00000E+00  0.00000E+00  0.00000E+00  0.00000E+00  0.00000E+00  0.00000E+00  0.00000E+00  0.00000E+00  0.00000E+00  0.00000E+00  0.00000E+00  0.00000E+00  0.00000E+00  0.00000E+00  0.00000E+00  0.00000E+00  0.00000E+00  0.00000E+00  0.00000E+00  0.00000E+00  0.00000E+00  0.00000E+00  0.00000E+00  0.00000E+00  0.00000E+00  0.00000E+00  0.00000E+00  0.00000E+00  0.00000E+00  0.00000E+00  0.00000E+00  0.00000E+00  0.00000E+00  0.00000E+00  0.00000E+00  0.00000E+00
  0.00000E+00  0.00000E+00  0.00000E+00  0.00000E+00  0.00000E+00  0.00000E+00  0.00000E+00  0.00000E+00  0.00000E+00  0.00000E+00  0.00000E+00  0.00000E+00  0.00000E+00  0.00000E+00  0.00000E+00  0.00000E+00  0.00000E+00  0.00000E+00  0.00000E+00  0.00000E+00  0.00000E+00  0.00000E+00  0.00000E+00  0.00000E+00  0.00000E+00  0.00000E+00  0.00000E+00  0.00000E+00  0.00000E+00  0.00000E+00  0.00000E+00  0.00000E+00  0.00000E+00  0.00000E+00  0.00000E+00  0.00000E+00  0.00000E+00  0.00000E+00  0.00000E+00  0.00000E+00  0.00000E+00  0.00000E+00  0.00000E+00  0.00000E+00  0.00000E+00  0.00000E+00  0.00000E+00  0.00000E+00  0.00000E+00  0.00000E+00  0.00000E+00  0.00000E+00  0.00000E+00  0.00000E+00  0.00000E+00  0.00000E+00  0.00000E+00  0.00000E+00  0.00000E+00  0.00000E+00  0.00000E+00  0.00000E+00  0.00000E+00  0.00000E+00  0.00000E+00  0.00000E+00  0.00000E+00  0.00000E+00  0.00000E+00  0.00000E+00  0.00000E+00  0.00000E+00  0.00000E+00
 
