 Yearly Averaged GW/SW Rates for MODFLOW
 
 year:        2005
 Layer, Row, Column, Rate
           1          25          17  -171.1702    
           1          25          18  -3893.834    
           1          26          18  -282.7662    
           1          26          19  -2427.888    
           1          27          19   361.9931    
           1          27          20  -1214.547    
           1          28          20   220.6487    
           1          28          21  -1267.318    
           1          29          21   136.4485    
           1          29          22   150.0464    
           1          30          22   289.7194    
           1          31          22   32.39873    
           1          31          23   256.6978    
           1          32          22   28.66036    
           1          32          23   244.8593    
           1          33          22   257.9430    
           1          34          22   88.47333    
           1          34          23   251.0897    
           1          35          23   118.3796    
           1          35          24   287.8495    
           1          36          23   165.7318    
           1          36          24   299.6879    
           1          36          25   257.3206    
           1          36          26   290.9653    
           1          36          27   71.65106    
           1          37          27   300.9337    
           1          37          56   20.84385    
           1          37          57   177.5587    
           1          38          27   286.6042    
           1          38          55   365.1534    
           1          38          56   348.1693    
           1          39          27   280.3740    
           1          39          55   339.6642    
           1          40          25   185.0464    
           1          40          26   282.8658    
           1          40          27   19.31463    
           1          40          55   367.4543    
           1          41          25   152.6479    
           1          41          26   299.6879    
           1          41          27   182.5541    
           1          41          33   127.4157    
           1          41          53   355.1032    
           1          41          54   379.0342    
           1          41          55   83.37209    
           1          42          27   287.8495    
           1          42          33   194.9309    
           1          42          34   107.1103    
           1          42          52   326.5406    
           1          42          53   42.45803    
           1          43          27   79.12756    
           1          43          28   257.3206    
           1          43          34   267.5219    
           1          43          52   332.7168    
           1          44          28   137.6947    
           1          44          29   290.3423    
           1          44          30   153.2709    
           1          44          34   96.45023    
           1          44          35   219.8048    
           1          44          52   182.1835    
           1          44          53   192.2191    
           1          45          30   323.3646    
           1          45          35   242.1403    
           1          45          53   338.8917    
           1          46          30   264.7975    
           1          46          35   280.2023    
           1          46          51   256.2915    
           1          46          52   406.0529    
           1          46          53   57.89730    
           1          47          30   241.7442    
           1          47          31   257.3206    
           1          47          32   295.3262    
           1          47          35   228.4254    
           1          47          50   295.6628    
           1          47          51   129.6901    
           1          48          32   77.25852    
           1          48          33   212.4605    
           1          48          35   153.8062    
           1          48          36   118.7810    
           1          48          49   93.40765    
           1          48          50   313.4178    
           1          49          33   337.6946    
           1          49          34   53.58029    
           1          49          35   194.3845    
           1          49          36   814.9268    
           1          49          37   247.7144    
           1          49          38   38.57844    
           1          49          41   81.41031    
           1          49          42   133.4008    
           1          49          49   415.3170    
           1          50          34   324.6002    
           1          50          35   111.5263    
           1          50          36   97.81527    
           1          50          37   280.3627    
           1          50          38   1094.936    
           1          50          39   430.5912    
           1          50          40   456.0934    
           1          50          41   370.7603    
           1          50          42   474.7307    
           1          50          43   56.88908    
           1          50          49   390.6139    
           1          51          43   431.5733    
           1          51          48   112.7066    
           1          51          49   277.1352    
           1          52          43   505.1360    
           1          52          48   58.85090    
           1          52          49   2059.710    
           1          52          50   386.6824    
           1          53          43   475.7116    
           1          53          44   71.60197    
           1          53          47   160.8589    
           1          53          48   569.8730    
           1          53          50   656.3439    
           1          53          51   532.5363    
           1          54          44   407.0513    
           1          54          45   405.0896    
           1          54          46   506.1180    
           1          54          47   393.3199    
           1          54          51   398.5540    
           1          54          52   608.8549    
           1          55          52   871.7322    
           1          56          52   144.1576    
           1          56          53   766.5801    
           1          56          54   876.8187    
           1          57          53   64.44707    
           1          57          54   832.7236    
           1          58          53   853.0768    
           1          59          53   739.4454    
           1          60          53   792.0215    
           1          61          53   78.01494    
           1          61          54   924.3051    
           1          61          55   753.0128    
           1          61          56   169.5975    
           1          62          56   917.5232    
           1          63          56   568.1512    
           1          63          57   262.8765    
           1          64          56   956.5300    
           1          64          57   100.0626    
           1          65          56   766.5801    
           1          66          56   797.1080    
           1          67          56   732.6605    
           1          68          56   698.7413    
           1          68          57   128.8941    
           1          69          57   924.3051    
           1          70          57   147.5500    
           1          70          58   790.3232    
           1          71          58   744.5330    
           1          72          58   802.1954    
           1          73          54   885.2993    
           1          73          55   788.6278    
           1          73          56   744.5330    
           1          73          57   768.2764    
           1          73          58   391.7700    
           1          74          54   795.4129    
           1          75          54   223.8688    
           1          75          55   559.6724    
           1          76          54   659.7354    
           1          76          55   457.9139    
           1          77          53   1017.583    
           1          77          54   193.3412    
           1          78          53   476.5691    
           1          78          54   763.1888    
           1          78          55   610.5497    
           1          79          55   335.8032    
           1          79          56   503.7052    
           1          80          56   773.3648    
           1          81          56   805.5883    
           1          82          56   697.0452    
           1          83          56   827.6365    
           1          84          53   32.22353    
           1          84          54   120.4143    
           1          84          55   697.0452    
           1          84          56   278.1404    
           1          85          53   751.3172    
           1          85          54   951.4426    
           1          85          55   345.9792    
           1          86          53   766.5801    
           1          86          54   94.97466    
           1          87          54   1000.625    
           1          87          55   94.97466    
           1          88          55   754.7086    
           1          88          56   722.4841    
           1          88          57   1261.804    
           1          89          57   880.2120    
           1          90          56   463.0005    
           1          90          57   395.1616    
           1          91          54   637.6871    
           1          91          55   837.8110    
           1          91          56   693.6547    
           1          92          54   776.7570    
           1          93          54   303.5801    
           1          93          55   858.1625    
           1          93          56   912.4343    
           1          93          57   790.3232    
           1          94          57   332.4110    
           1          94          58   527.4479    
           1          95          56   315.4511    
           1          95          57   793.7170    
           1          96          56   330.7153    
           1          96          57   1051.506    
           1          97          54   719.0933    
           1          97          55   814.0677    
           1          97          57   130.5903    
           1          97          58   591.8948    
           1          98          54   773.3648    
           1          98          55   568.1512    
           1          98          56   1027.762    
           1          98          57   936.1793    
           1          98          58   166.2055    
           1          99          54   559.6724    
           1          99          55   267.9644    
           1         100          54   91.58257    
           1         100          55   1080.335    
           1         101          55   413.8182    
           1         101          56   800.5009    
           1         101          57   432.4735    
           1         102          57   401.9467    
           1         102          58   732.6605    
           1         103          58   827.6365    
           1         103          59   61.05522    
           1         104          58   574.9354    
 
 year:        2006
 Layer, Row, Column, Rate
           1          25          17  -934.5268    
           1          25          18  -9713.370    
           1          26          18  -1775.844    
           1          26          19  -5732.135    
           1          27          19   118.5503    
           1          27          20  -2770.940    
           1          28          20   69.25993    
           1          28          21  -2936.426    
           1          29          21   137.6027    
           1          29          22   78.98908    
           1          30          22   259.9222    
           1          31          22   33.61027    
           1          31          23   266.2965    
           1          32          22   29.73209    
           1          32          23   254.0156    
           1          33          22   267.5887    
           1          34          22   91.78175    
           1          34          23   260.4793    
           1          35          23   122.8066    
           1          35          24   298.6137    
           1          36          23   171.9293    
           1          36          24   310.8947    
           1          36          25   266.9430    
           1          36          26   301.8458    
           1          36          27   74.33042    
           1          37          27   312.1872    
           1          37          56   21.62331    
           1          37          57   184.1985    
           1          38          27   297.3217    
           1          38          55   378.8081    
           1          38          56   361.1891    
           1          39          27   290.8582    
           1          39          55   352.3899    
           1          40          25   191.9663    
           1          40          26   293.4434    
           1          40          27   20.03688    
           1          40          55   381.2211    
           1          41          25   158.3561    
           1          41          26   310.8947    
           1          41          27   189.3806    
           1          41          33   132.1803    
           1          41          53   368.4072    
           1          41          54   393.2347    
           1          41          55   86.49539    
           1          42          27   298.6137    
           1          42          33   202.2203    
           1          42          34   111.1157    
           1          42          52   338.7745    
           1          42          53   44.04873    
           1          43          27   82.08652    
           1          43          28   266.9430    
           1          43          34   277.5260    
           1          43          52   345.1818    
           1          44          28   142.8437    
           1          44          29   301.1994    
           1          44          30   159.0023    
           1          44          34   100.0569    
           1          44          35   228.0244    
           1          44          52   189.0090    
           1          44          53   199.4204    
           1          45          30   335.4564    
           1          45          35   251.1953    
           1          45          53   351.5886    
           1          46          30   274.6992    
           1          46          35   290.6994    
           1          46          51   265.8938    
           1          46          52   421.2661    
           1          46          53   60.06643    
           1          47          30   250.7841    
           1          47          31   266.9430    
           1          47          32   306.3701    
           1          47          35   236.9836    
           1          47          50   306.7395    
           1          47          51   134.5490    
           1          48          32   80.14751    
           1          48          33   220.4054    
           1          48          35   159.5686    
           1          48          36   123.2312    
           1          48          49   96.90712    
           1          48          50   325.1597    
           1          49          33   350.3224    
           1          49          34   55.58769    
           1          49          35   201.6671    
           1          49          36   912.9324    
           1          49          37   256.9952    
           1          49          38   40.02381    
           1          49          41   84.46039    
           1          49          42   138.3892    
           1          49          49   430.8770    
           1          50          34   336.7608    
           1          50          35   115.6968    
           1          50          36   101.4798    
           1          50          37   290.8661    
           1          50          38   1109.865    
           1          50          39   446.7238    
           1          50          40   473.1816    
           1          50          41   384.6506    
           1          50          42   492.5165    
           1          50          43   59.02048    
           1          50          49   405.2482    
           1          51          43   447.7422    
           1          51          48   116.9291    
           1          51          49   287.5179    
           1          52          43   524.0617    
           1          52          48   61.05575    
           1          52          49   2040.617    
           1          52          50   401.1695    
           1          53          43   493.5344    
           1          53          44   74.28452    
           1          53          47   166.8856    
           1          53          48   591.2234    
           1          53          50   680.9333    
           1          53          51   552.4880    
           1          54          44   422.3021    
           1          54          45   420.2669    
           1          54          46   525.0799    
           1          54          47   408.0560    
           1          54          51   413.4858    
           1          54          52   631.6659    
           1          55          52   904.3916    
           1          56          52   149.5587    
           1          56          53   795.2997    
           1          56          54   909.6683    
           1          57          53   66.86157    
           1          57          54   863.9216    
           1          58          53   885.0368    
           1          59          53   767.1489    
           1          60          53   821.6945    
           1          61          53   80.93771    
           1          61          54   958.9339    
           1          61          55   781.2245    
           1          61          56   175.9515    
           1          62          56   951.8987    
           1          63          56   589.4369    
           1          63          57   272.7251    
           1          64          56   992.3660    
           1          64          57   103.8113    
           1          65          56   795.2997    
           1          66          56   826.9716    
           1          67          56   760.1097    
           1          68          56   724.9198    
           1          68          57   133.7231    
           1          69          57   958.9339    
           1          70          57   153.0779    
           1          70          58   819.9327    
           1          71          58   772.4260    
           1          72          58   832.2504    
           1          73          54   918.4673    
           1          73          55   818.1735    
           1          73          56   772.4260    
           1          73          57   797.0591    
           1          73          58   406.4475    
           1          74          54   825.2128    
           1          75          54   232.2562    
           1          75          55   580.6405    
           1          76          54   684.4520    
           1          76          55   475.0696    
           1          77          53   1055.709    
           1          77          54   200.5848    
           1          78          53   494.4238    
           1          78          54   791.7816    
           1          78          55   633.4247    
           1          79          55   348.3841    
           1          79          56   522.5764    
           1          80          56   802.3391    
           1          81          56   835.7693    
           1          82          56   723.1603    
           1          83          56   858.6440    
           1          84          53   33.43079    
           1          84          54   124.9256    
           1          84          55   723.1603    
           1          84          56   288.5606    
           1          85          53   779.4654    
           1          85          54   987.0884    
           1          85          55   358.9413    
           1          86          53   795.2997    
           1          86          54   98.53292    
           1          87          54   1038.113    
           1          87          55   98.53292    
           1          88          55   782.9834    
           1          88          56   749.5522    
           1          88          57   1309.078    
           1          89          57   913.1879    
           1          90          56   480.3474    
           1          90          57   409.9663    
           1          91          54   661.5779    
           1          91          55   869.2003    
           1          91          56   719.6420    
           1          92          54   805.8585    
           1          93          54   314.9535    
           1          93          55   890.3144    
           1          93          56   946.6183    
           1          93          57   819.9327    
           1          94          57   344.8650    
           1          94          58   547.2089    
           1          95          56   327.2695    
           1          95          57   823.4540    
           1          96          56   343.1056    
           1          96          57   1090.901    
           1          97          54   746.0341    
           1          97          55   844.5677    
           1          97          57   135.4827    
           1          97          58   614.0705    
           1          98          54   802.3391    
           1          98          55   589.4369    
           1          98          56   1066.267    
           1          98          57   971.2521    
           1          98          58   172.4325    
           1          99          54   580.6405    
           1          99          55   278.0036    
           1         100          54   95.01372    
           1         100          55   1120.810    
           1         101          55   429.3220    
           1         101          56   830.4903    
           1         101          57   448.6759    
           1         102          57   417.0057    
           1         102          58   760.1097    
           1         103          58   858.6440    
           1         103          59   63.34258    
           1         104          58   596.4757    
 
 year:        2007
 Layer, Row, Column, Rate
           1          25          17  -88267.70    
           1          25          18  -210580.6    
           1          26          18  -89949.23    
           1          26          19  -91864.54    
           1          27          19  -53625.55    
           1          27          20  -40476.50    
           1          28          20  -40618.05    
           1          28          21  -70337.69    
           1          29          21  -19515.54    
           1          29          22  -68686.52    
           1          30          22  -38545.24    
           1          31          22  -6714.748    
           1          31          23  -39516.61    
           1          32          22  -8672.061    
           1          32          23  -25003.30    
           1          33          22  -14563.11    
           1          34          22  -7512.677    
           1          34          23  -9322.390    
           1          35          23   17.54326    
           1          35          24   1406.707    
           1          36          23   1137.465    
           1          36          24   2056.835    
           1          36          25   1766.055    
           1          36          26   1996.972    
           1          36          27   491.7597    
           1          37          27   2065.389    
           1          37          56   143.0568    
           1          37          57   1218.633    
           1          38          27   1967.039    
           1          38          55   2506.147    
           1          38          56   2389.579    
           1          39          27   1924.276    
           1          39          55   2331.300    
           1          40          25   1270.022    
           1          40          26   1941.379    
           1          40          27   132.5614    
           1          40          55   2522.043    
           1          41          25   1047.659    
           1          41          26   2056.835    
           1          41          27   1252.917    
           1          41          33   874.4883    
           1          41          53   2437.269    
           1          41          54   2601.521    
           1          41          55   572.2285    
           1          42          27   1975.594    
           1          42          33   1337.863    
           1          42          34   735.1275    
           1          42          52   2241.233    
           1          42          53   291.4125    
           1          43          27   543.0739    
           1          43          28   1766.055    
           1          43          34   1836.075    
           1          43          52   2283.614    
           1          44          28   945.0316    
           1          44          29   1992.695    
           1          44          30   1051.938    
           1          44          34   661.9630    
           1          44          35   1508.580    
           1          44          52   1250.426    
           1          44          53   1319.304    
           1          45          30   2219.332    
           1          45          35   1661.876    
           1          45          53   2326.002    
           1          46          30   1817.372    
           1          46          35   1923.183    
           1          46          51   1759.072    
           1          46          52   2786.963    
           1          46          53   397.3803    
           1          47          30   1659.156    
           1          47          31   1766.055    
           1          47          32   2026.904    
           1          47          35   1567.807    
           1          47          50   2029.289    
           1          47          51   890.1339    
           1          48          32   530.2454    
           1          48          33   1458.175    
           1          48          35   1055.657    
           1          48          36   815.2599    
           1          48          49   641.1080    
           1          48          50   2151.155    
           1          49          33   2317.689    
           1          49          34   367.7509    
           1          49          35   1334.166    
           1          49          36   6511.638    
           1          49          37   1700.203    
           1          49          38   264.7854    
           1          49          41   558.7639    
           1          49          42   915.5651    
           1          49          49   2850.544    
           1          50          34   2227.882    
           1          50          35   765.4349    
           1          50          36   671.3594    
           1          50          37   1924.278    
           1          50          38   6232.188    
           1          50          39   2955.394    
           1          50          40   3130.424    
           1          50          41   2544.731    
           1          50          42   3258.327    
           1          50          43   390.4615    
           1          50          49   2680.996    
           1          51          43   2962.124    
           1          51          48   773.5673    
           1          51          49   1902.132    
           1          52          43   3467.026    
           1          52          48   403.9256    
           1          52          49   2266.787    
           1          52          50   2654.010    
           1          53          43   3265.063    
           1          53          44   491.4422    
           1          53          47   1104.063    
           1          53          48   3622.921    
           1          53          50   2589.705    
           1          53          51   2653.715    
           1          54          44   2793.818    
           1          54          45   2780.354    
           1          54          46   3473.764    
           1          54          47   2699.570    
           1          54          51   2006.126    
           1          54          52   2022.532    
           1          55          52   1204.370    
           1          56          52   989.4354    
           1          56          53   551.2696    
           1          56          54   1024.909    
           1          57          53   252.5630    
           1          57          54   3221.175    
           1          58          53  -97.09560    
           1          59          53  -91.24411    
           1          60          53  -895.4254    
           1          61          53   535.4575    
           1          61          54   466.2146    
           1          61          55   2839.078    
           1          61          56   1164.038    
           1          62          56   855.9899    
           1          63          56   386.6217    
           1          63          57   1744.913    
           1          64          56   1107.756    
           1          64          57   686.7832    
           1          65          56   1196.465    
           1          66          56   1491.140    
           1          67          56   1277.416    
           1          68          56   2169.919    
           1          68          57   884.6715    
           1          69          57   2240.154    
           1          70          57   1012.718    
           1          70          58   2794.897    
           1          71          58   2538.257    
           1          72          58   2955.506    
           1          73          54   2113.465    
           1          73          55   2213.230    
           1          73          56   2743.872    
           1          73          57   3132.174    
           1          73          58   2688.934    
           1          74          54   2812.216    
           1          75          54   1536.533    
           1          75          55   3142.621    
           1          76          54   2792.700    
           1          76          55   3142.912    
           1          77          53   6984.238    
           1          77          54   1327.005    
           1          78          53   3233.150    
           1          78          54   2939.158    
           1          78          55   3336.465    
           1          79          55   2304.801    
           1          79          56   3457.212    
           1          80          56   3137.888    
           1          81          56   3045.038    
           1          82          56   3169.204    
           1          83          56   3430.901    
           1          84          53   221.1679    
           1          84          54   826.4692    
           1          84          55   3685.452    
           1          84          56   1909.028    
           1          85          53   3487.136    
           1          85          54   3282.545    
           1          85          55   2374.641    
           1          86          53   4174.155    
           1          86          54   651.8627    
           1          87          54   3574.359    
           1          87          55   651.8627    
           1          88          55   3537.973    
           1          88          56   3920.596    
           1          88          57   3204.912    
           1          89          57   3678.624    
           1          90          56   3177.829    
           1          90          57   2712.209    
           1          91          54   3758.398    
           1          91          55   4073.384    
           1          91          56   4135.425    
           1          92          54   4305.877    
           1          93          54   2083.634    
           1          93          55   4445.246    
           1          93          56   4177.935    
           1          93          57   4432.153    
           1          94          57   2281.520    
           1          94          58   3620.170    
           1          95          56   2165.114    
           1          95          57   4988.500    
           1          96          56   2269.874    
           1          96          57   5102.370    
           1          97          54   4935.538    
           1          97          55   4188.678    
           1          97          57   896.3113    
           1          97          58   4062.496    
           1          98          54   5308.019    
           1          98          55   3525.399    
           1          98          56   4560.108    
           1          98          57   5058.090    
           1          98          58   1140.760    
           1          99          54   3039.261    
           1          99          55   1839.182    
           1         100          54   628.5822    
           1         100          55   3815.504    
           1         101          55   2840.260    
           1         101          56   5234.180    
           1         101          57   2968.302    
           1         102          57   2758.776    
           1         102          58   5028.657    
           1         103          58   5680.520    
           1         103          59   419.0547    
           1         104          58   3946.092    
 
 year:        2008
 Layer, Row, Column, Rate
           1          25          17  -63097.37    
           1          25          18  -150885.2    
           1          26          18  -60563.68    
           1          26          19  -64703.71    
           1          27          19  -33030.78    
           1          27          20  -28958.57    
           1          28          20  -19732.18    
           1          28          21  -49241.61    
           1          29          21  -6205.456    
           1          29          22  -45831.08    
           1          30          22  -21554.44    
           1          31          22  -1781.218    
           1          31          23  -26188.29    
           1          32          22  -3638.921    
           1          32          23  -18877.16    
           1          33          22  -2935.468    
           1          34          22  -1465.723    
           1          34          23  -12067.00    
           1          35          23   625.2490    
           1          35          24  -1384.021    
           1          36          23   875.3464    
           1          36          24   1582.865    
           1          36          25   1359.095    
           1          36          26  -318.1619    
           1          36          27  -1509.042    
           1          37          27   1589.450    
           1          37          56   110.0912    
           1          37          57   937.8157    
           1          38          27   1513.758    
           1          38          55   1928.640    
           1          38          56   1838.937    
           1          39          27   1480.850    
           1          39          55   1730.157    
           1          40          25   977.3618    
           1          40          26   1494.015    
           1          40          27   102.0145    
           1          40          55   1940.828    
           1          41          25   806.2418    
           1          41          26   1582.865    
           1          41          27   964.2003    
           1          41          33   672.9733    
           1          41          53   1875.594    
           1          41          54   2001.987    
           1          41          55   440.3562    
           1          42          27   1520.340    
           1          42          33   1029.570    
           1          42          34   565.7269    
           1          42          52   1724.725    
           1          42          53   224.2550    
           1          43          27   417.9298    
           1          43          28   1359.095    
           1          43          34   1412.974    
           1          43          52   1757.346    
           1          44          28   727.2613    
           1          44          29   1533.508    
           1          44          30   809.5320    
           1          44          34   509.4222    
           1          44          35   1160.947    
           1          44          52   962.2551    
           1          44          53   1015.265    
           1          45          30   1707.920    
           1          45          35   1278.919    
           1          45          53   1789.965    
           1          46          30   1398.582    
           1          46          35   1479.991    
           1          46          51   1353.686    
           1          46          52   2144.693    
           1          46          53   305.8020    
           1          47          30   1276.825    
           1          47          31   1359.095    
           1          47          32   1559.831    
           1          47          35   1206.497    
           1          47          50   1561.636    
           1          47          51   684.9991    
           1          48          32   408.0581    
           1          48          33   1122.157    
           1          48          35   812.3765    
           1          48          36   627.3801    
           1          48          49   493.3615    
           1          48          50   1655.411    
           1          49          33   1783.607    
           1          49          34   283.0011    
           1          49          35   1026.700    
           1          49          36   2246.182    
           1          49          37   1308.378    
           1          49          38   203.7647    
           1          49          41   429.9949    
           1          49          42   704.5836    
           1          49          49   2193.628    
           1          50          34   1714.497    
           1          50          35   589.0495    
           1          50          36   516.6410    
           1          50          37   1480.818    
           1          50          38   1992.741    
           1          50          39   2274.311    
           1          50          40   2409.001    
           1          50          41   1958.281    
           1          50          42   2507.434    
           1          50          43   300.4781    
           1          50          49   2063.147    
           1          51          43   2279.492    
           1          51          48   595.2946    
           1          51          49   1463.776    
           1          52          43   2668.033    
           1          52          48   310.8393    
           1          52          49   671.3549    
           1          52          50   2042.382    
           1          53          43   2481.115    
           1          53          44   378.1882    
           1          53          47   849.6284    
           1          53          48   928.8750    
           1          53          50   393.6658    
           1          53          51   489.1188    
           1          54          44   2149.977    
           1          54          45   2139.609    
           1          54          46   2200.673    
           1          54          47   1453.169    
           1          54          51   195.6213    
           1          54          52   351.7211    
           1          55          52   124.0963    
           1          56          52   761.4131    
           1          56          53  -101.2751    
           1          56          54  -584.9926    
           1          57          53  -243.0283    
           1          57          54   3959.584    
           1          58          53  -141.1006    
           1          59          53  -45.94677    
           1          60          53  -63.88179    
           1          61          53   144.0645    
           1          61          54  -58.55521    
           1          61          55   2238.391    
           1          61          56   895.7846    
           1          62          56  -3337.126    
           1          63          56  -166.4348    
           1          63          57   881.1725    
           1          64          56   233.3992    
           1          64          57   528.5112    
           1          65          56   188.1991    
           1          66          56   259.7053    
           1          67          56   191.4721    
           1          68          56   513.9905    
           1          68          57   680.7938    
           1          69          57   526.0295    
           1          70          57   779.3295    
           1          70          58   589.8066    
           1          71          58   416.8978    
           1          72          58   542.6971    
           1          73          54   377.9768    
           1          73          55   317.2947    
           1          73          56   559.1802    
           1          73          57   596.0297    
           1          73          58   777.5562    
           1          74          54   486.5814    
           1          75          54   916.5198    
           1          75          55   565.4049    
           1          76          54   271.1335    
           1          76          55   919.0614    
           1          77          53   5374.694    
           1          77          54   1021.191    
           1          78          53   819.8356    
           1          78          54   285.6615    
           1          78          55   549.6911    
           1          79          55   1424.965    
           1          79          56   726.8265    
           1          80          56   577.3130    
           1          81          56   539.7482    
           1          82          56   523.4185    
           1          83          56   626.8732    
           1          84          53   170.1984    
           1          84          54   636.0052    
           1          84          55   552.0186    
           1          84          56   1469.085    
           1          85          53   537.1334    
           1          85          54   341.1255    
           1          85          55   1827.399    
           1          86          53   896.0735    
           1          86          54   501.6374    
           1          87          54   946.1344    
           1          87          55   501.6374    
           1          88          55   741.0732    
           1          88          56   594.8526    
           1          88          57   546.6035    
           1          89          57   563.4124    
           1          90          56   938.7432    
           1          90          57   2087.169    
           1          91          54   436.6572    
           1          91          55   593.2968    
           1          91          56   608.1502    
           1          92          54   701.7292    
           1          93          54   1603.449    
           1          93          55   769.5483    
           1          93          56   651.6634    
           1          93          57   749.6019    
           1          94          57   1755.734    
           1          94          58   2785.885    
           1          95          56   1666.156    
           1          95          57   721.5022    
           1          96          56   1746.777    
           1          96          57   899.2974    
           1          97          54   3798.117    
           1          97          55   865.4286    
           1          97          57   689.7505    
           1          97          58   3126.273    
           1          98          54   4084.763    
           1          98          55   110.6728    
           1          98          56   740.3608    
           1          98          57   1142.356    
           1          98          58   877.8671    
           1          99          54   405.9268    
           1          99          55   1415.335    
           1         100          54   483.7224    
           1         100          55   538.4955    
           1         101          55   2185.704    
           1         101          56   1444.874    
           1         101          57   2284.247    
           1         102          57   2123.004    
           1         102          58   1339.438    
           1         103          58   1854.783    
           1         103          59   322.4815    
           1         104          58   2259.434    
 
 year:        2009
 Layer, Row, Column, Rate
           1          25          17  -45898.30    
           1          25          18  -115297.0    
           1          26          18  -47062.65    
           1          26          19  -53304.15    
           1          27          19  -27968.87    
           1          27          20  -25060.94    
           1          28          20  -20286.50    
           1          28          21  -45960.01    
           1          29          21  -8608.013    
           1          29          22  -48173.43    
           1          30          22  -26816.46    
           1          31          22  -3264.422    
           1          31          23  -34870.75    
           1          32          22  -5359.767    
           1          32          23  -27675.52    
           1          33          22  -8405.775    
           1          34          22  -4542.160    
           1          34          23  -18409.20    
           1          35          23  -1816.719    
           1          35          24  -12498.06    
           1          36          23   1036.435    
           1          36          24   903.1459    
           1          36          25  -5823.688    
           1          36          26  -16006.43    
           1          36          27  -20702.10    
           1          37          27  -5105.664    
           1          37          56  -9979.889    
           1          37          57  -21961.16    
           1          38          27   1792.329    
           1          38          55  -25037.06    
           1          38          56  -7669.272    
           1          39          27   1753.365    
           1          39          55  -10041.82    
           1          40          25   1157.221    
           1          40          26   1768.950    
           1          40          27   120.7873    
           1          40          55  -4677.376    
           1          41          25   954.6109    
           1          41          26   1874.154    
           1          41          27   1141.636    
           1          41          33  -634.7285    
           1          41          53  -10203.64    
           1          41          54  -4571.957    
           1          41          55   233.6308    
           1          42          27   1800.120    
           1          42          33   1124.764    
           1          42          34   669.8340    
           1          42          52  -568.7661    
           1          42          53   265.5312    
           1          43          27   494.8389    
           1          43          28   1609.200    
           1          43          34   1672.997    
           1          43          52   1523.619    
           1          44          28   861.0954    
           1          44          29   1815.708    
           1          44          30   958.5067    
           1          44          34   603.1682    
           1          44          35   1374.587    
           1          44          52   1139.372    
           1          44          53   1202.134    
           1          45          30   2022.214    
           1          45          35   1020.985    
           1          45          53   2119.426    
           1          46          30   1655.957    
           1          46          35   1151.670    
           1          46          51   1602.843    
           1          46          52   2539.449    
           1          46          53   362.0893    
           1          47          30   1511.791    
           1          47          31   1609.200    
           1          47          32   1846.880    
           1          47          35   180.6655    
           1          47          50   1849.065    
           1          47          51   811.0793    
           1          48          32   483.1490    
           1          48          33   1328.659    
           1          48          35   961.9017    
           1          48          36   742.8553    
           1          48          49   584.1699    
           1          48          50   1960.108    
           1          49          33   2111.836    
           1          49          34   335.0898    
           1          49          35   1215.675    
           1          49          36   1374.024    
           1          49          37   1549.202    
           1          49          38   241.2693    
           1          49          41   509.1386    
           1          49          42   834.2447    
           1          49          49   2217.292    
           1          50          34   2030.008    
           1          50          35   697.4492    
           1          50          36   611.7343    
           1          50          37   1753.378    
           1          50          38   1452.496    
           1          50          39   1386.005    
           1          50          40   1329.674    
           1          50          41   1224.042    
           1          50          42   2314.657    
           1          50          43   355.7839    
           1          50          49   2442.891    
           1          51          43   2665.500    
           1          51          48   704.8646    
           1          51          49   1733.197    
           1          52          43   1726.272    
           1          52          48   368.0520    
           1          52          49   384.8178    
           1          52          50   1186.058    
           1          53          43   1208.886    
           1          53          44   447.7968    
           1          53          47   1006.009    
           1          53          48   654.5593    
           1          53          50   237.4440    
           1          53          51   351.3945    
           1          54          44   2545.696    
           1          54          45   2533.427    
           1          54          46   1356.307    
           1          54          47   674.3561    
           1          54          51   111.3405    
           1          54          52   262.1823    
           1          55          52   35.69277    
           1          56          52   584.8101    
           1          56          53  -174.2769    
           1          56          54  -750.0167    
           1          57          53  -341.4254    
           1          57          54   2761.989    
           1          58          53  -218.1014    
           1          59          53  -189.4768    
           1          60          53  -554.4109    
           1          61          53  -45.56348    
           1          61          54  -113.4423    
           1          61          55   1901.628    
           1          61          56   1060.658    
           1          62          56  -4049.060    
           1          63          56  -223.6308    
           1          63          57   348.1208    
           1          64          56   175.6635    
           1          64          57   625.7891    
           1          65          56   88.95705    
           1          66          56   186.1187    
           1          67          56   57.64688    
           1          68          56   329.9497    
           1          68          57   806.1014    
           1          69          57   348.4927    
           1          70          57   922.7739    
           1          70          58   491.1906    
           1          71          58   370.9669    
           1          72          58   482.5651    
           1          73          54   316.0532    
           1          73          55   246.7434    
           1          73          56   496.1001    
           1          73          57   534.0237    
           1          73          58   436.2983    
           1          74          54   385.2119    
           1          75          54   121.5826    
           1          75          55   404.0110    
           1          76          54   173.4755    
           1          76          55   567.3624    
           1          77          53   5832.436    
           1          77          54   340.1759    
           1          78          53   790.2694    
           1          78          54   193.3793    
           1          78          55   423.5375    
           1          79          55   436.4240    
           1          79          56   546.9338    
           1          80          56   483.4782    
           1          81          56   491.6968    
           1          82          56   477.1010    
           1          83          56   488.3312    
           1          84          53   201.5253    
           1          84          54   753.0682    
           1          84          55   295.9938    
           1          84          56   1303.468    
           1          85          53   435.5208    
           1          85          54   135.6852    
           1          85          55   1124.114    
           1          86          53   707.7763    
           1          86          54   593.9694    
           1          87          54   626.0954    
           1          87          55   593.9694    
           1          88          55   488.0304    
           1          88          56   510.8153    
           1          88          57   505.0361    
           1          89          57   387.9101    
           1          90          56   214.9870    
           1          90          57   1165.289    
           1          91          54   318.2827    
           1          91          55   475.0847    
           1          91          56   512.5995    
           1          92          54   488.4187    
           1          93          54   1077.009    
           1          93          55   598.5057    
           1          93          56   532.0325    
           1          93          57   586.4557    
           1          94          57   167.4298    
           1          94          58   2230.246    
           1          95          56   1678.387    
           1          95          57   474.9794    
           1          96          56   1497.826    
           1          96          57   607.9232    
           1          97          54   4497.202    
           1          97          55   703.7683    
           1          97          57   816.7078    
           1          97          58   1309.608    
           1          98          54   3611.192    
           1          98          55   14.77194    
           1          98          56   573.0597    
           1          98          57   790.2198    
           1          98          58   1039.448    
           1          99          54   206.4384    
           1          99          55   434.4749    
           1         100          54   572.7561    
           1         100          55   218.1841    
           1         101          55   2588.008    
           1         101          56   1043.657    
           1         101          57   1227.356    
           1         102          57   1863.355    
           1         102          58   783.0591    
           1         103          58   1391.295    
           1         103          59   381.8370    
           1         104          58   1038.187    
 
 year:        2010
 Layer, Row, Column, Rate
           1          25          17  -111201.5    
           1          25          18  -276183.9    
           1          26          18  -109859.3    
           1          26          19  -130344.7    
           1          27          19  -67829.16    
           1          27          20  -62424.56    
           1          28          20  -48003.32    
           1          28          21  -115848.5    
           1          29          21  -21712.28    
           1          29          22  -129028.1    
           1          30          22  -62221.30    
           1          31          22  -7908.863    
           1          31          23  -104690.4    
           1          32          22  -9026.945    
           1          32          23  -70915.09    
           1          33          22  -22215.02    
           1          34          22  -10617.84    
           1          34          23  -41859.63    
           1          35          23  -7465.351    
           1          35          24  -45915.10    
           1          36          23   2422.115    
           1          36          24  -3164.021    
           1          36          25  -27995.13    
           1          36          26  -60763.44    
           1          36          27  -87982.32    
           1          37          27  -62111.73    
           1          37          56  -65340.33    
           1          37          57  -213244.2    
           1          38          27  -30793.25    
           1          38          55  -168428.6    
           1          38          56  -81245.09    
           1          39          27  -16690.44    
           1          39          55  -68877.95    
           1          40          25   2704.394    
           1          40          26   1653.943    
           1          40          27  -1428.261    
           1          40          55  -42723.05    
           1          41          25   2230.901    
           1          41          26   4379.848    
           1          41          27  -3553.745    
           1          41          33  -104797.4    
           1          41          53  -114650.7    
           1          41          54  -38770.81    
           1          41          55  -5134.615    
           1          42          27   4206.838    
           1          42          33  -18408.62    
           1          42          34  -58814.84    
           1          42          52  -24147.04    
           1          42          53  -73.82410    
           1          43          27   1156.426    
           1          43          28   3760.657    
           1          43          34  -18169.91    
           1          43          52  -13653.67    
           1          44          28   2012.355    
           1          44          29   4243.253    
           1          44          30   2229.467    
           1          44          34  -2737.849    
           1          44          35  -33719.48    
           1          44          52  -17076.95    
           1          44          53   999.2817    
           1          45          30   4725.861    
           1          45          35  -5880.802    
           1          45          53   1023.294    
           1          46          30   3869.923    
           1          46          35  -2785.998    
           1          46          51  -5514.266    
           1          46          52   1356.698    
           1          46          53   846.1828    
           1          47          30   3533.011    
           1          47          31   3760.657    
           1          47          32   4316.105    
           1          47          35  -3054.876    
           1          47          50  -3302.363    
           1          47          51   1895.452    
           1          48          32   1129.108    
           1          48          33   3105.045    
           1          48          35  -405.4599    
           1          48          36  -1201.503    
           1          48          49  -1590.685    
           1          48          50   4005.133    
           1          49          33   2217.538    
           1          49          34   783.0889    
           1          49          35   2031.664    
           1          49          36   479.1032    
           1          49          37  -1250.838    
           1          49          38  -1543.590    
           1          49          41  -19580.84    
           1          49          42  -17370.76    
           1          49          49   202.2138    
           1          50          34   4744.074    
           1          50          35   1629.920    
           1          50          36   1429.596    
           1          50          37   4097.562    
           1          50          38   624.8309    
           1          50          39   239.7448    
           1          50          40  -366.4989    
           1          50          41  -495.6559    
           1          50          42  -5842.868    
           1          50          43  -9946.283    
           1          50          49   3528.119    
           1          51          43  -8054.457    
           1          51          48   607.5498    
           1          51          49   873.7415    
           1          52          43  -1198.769    
           1          52          48   410.3184    
           1          52          49  -26.26623    
           1          52          50  -338.1005    
           1          53          43   311.5574    
           1          53          44   912.2358    
           1          53          47   344.5490    
           1          53          48  -145.3415    
           1          53          50   23.91606    
           1          53          51   192.9755    
           1          54          44   5949.165    
           1          54          45   5920.481    
           1          54          46   724.3741    
           1          54          47  -701.9439    
           1          54          51  -411.0145    
           1          54          52   56.91773    
           1          55          52  -365.9373    
           1          56          52  -513.9246    
           1          56          53  -597.5379    
           1          56          54  -2712.639    
           1          57          53  -1187.332    
           1          57          54  -394.2812    
           1          58          53  -810.8391    
           1          59          53  -679.9868    
           1          60          53  -1375.904    
           1          61          53  -917.4564    
           1          61          54  -600.8256    
           1          61          55  -2594.537    
           1          61          56   2478.708    
           1          62          56  -11017.42    
           1          63          56  -633.8862    
           1          63          57  -2523.441    
           1          64          56  -193.1882    
           1          64          57   449.7392    
           1          65          56  -329.7431    
           1          66          56  -173.1671    
           1          67          56  -489.6817    
           1          68          56  -281.0551    
           1          68          57   67.97229    
           1          69          57   5.108197    
           1          70          57   990.1309    
           1          70          58   382.6125    
           1          71          58   333.1275    
           1          72          58   432.2677    
           1          73          54  -18.72866    
           1          73          55   182.0121    
           1          73          56   354.2925    
           1          73          57   339.2894    
           1          73          58   264.4653    
           1          74          54   221.6253    
           1          75          54   49.42009    
           1          75          55  -31.52692    
           1          76          54   106.2432    
           1          76          55   99.32930    
           1          77          53   5082.354    
           1          77          54   80.79546    
           1          78          53   508.1530    
           1          78          54   155.9078    
           1          78          55   213.7664    
           1          79          55   371.9170    
           1          79          56   210.6452    
           1          80          56   269.0544    
           1          81          56   432.8671    
           1          82          56   420.0734    
           1          83          56   373.7214    
           1          84          53   470.9542    
           1          84          54   1613.621    
           1          84          55   110.6179    
           1          84          56   563.9923    
           1          85          53  -56.11422    
           1          85          54  -66.37075    
           1          85          55   664.2555    
           1          86          53  -59.38713    
           1          86          54   1241.957    
           1          87          54  -296.7386    
           1          87          55   1388.076    
           1          88          55  -426.0548    
           1          88          56   383.0714    
           1          88          57   416.8446    
           1          89          57   136.9660    
           1          90          56  -655.1543    
           1          90          57   611.4367    
           1          91          54  -285.9434    
           1          91          55   178.5481    
           1          91          56   324.0718    
           1          92          54   82.74354    
           1          93          54  -394.6209    
           1          93          55   498.4034    
           1          93          56   435.5084    
           1          93          57   499.9380    
           1          94          57  -38.04680    
           1          94          58   1161.529    
           1          95          56   547.2148    
           1          95          57   329.2130    
           1          96          56   440.4477    
           1          96          57   364.0389    
           1          97          54   7579.238    
           1          97          55   468.6793    
           1          97          57   989.5838    
           1          97          58   728.2322    
           1          98          54   1526.835    
           1          98          55  -33.41224    
           1          98          56   202.2094    
           1          98          57  -148.8357    
           1          98          58   334.6812    
           1          99          54   23.85734    
           1          99          55   1.932290    
           1         100          54   1128.592    
           1         100          55  -78.96830    
           1         101          55   2363.524    
           1         101          56   714.4620    
           1         101          57   510.8581    
           1         102          57   1081.178    
           1         102          58   525.9412    
           1         103          58   1159.836    
           1         103          59   892.3350    
           1         104          58   830.7725    
 
 year:        2011
 Layer, Row, Column, Rate
           1          25          17  -78456.27    
           1          25          18  -196468.8    
           1          26          18  -76678.38    
           1          26          19  -92162.51    
           1          27          19  -45801.37    
           1          27          20  -43958.61    
           1          28          20  -30809.16    
           1          28          21  -80572.88    
           1          29          21  -12520.61    
           1          29          22  -87352.28    
           1          30          22  -41568.35    
           1          31          22  -4415.245    
           1          31          23  -67539.02    
           1          32          22  -5879.041    
           1          32          23  -46807.74    
           1          33          22  -11700.30    
           1          34          22  -5347.434    
           1          34          23  -28767.51    
           1          35          23  -4093.297    
           1          35          24  -29030.29    
           1          36          23   1998.633    
           1          36          24  -1770.406    
           1          36          25  -19429.45    
           1          36          26  -40846.44    
           1          36          27  -58004.07    
           1          37          27  -43390.07    
           1          37          56  -46672.26    
           1          37          57  -174295.6    
           1          38          27  -24364.43    
           1          38          55  -112992.7    
           1          38          56  -67596.43    
           1          39          27  -18406.81    
           1          39          55  -50602.68    
           1          40          25   2231.555    
           1          40          26  -4962.770    
           1          40          27  -1619.405    
           1          40          55  -34968.53    
           1          41          25   1840.849    
           1          41          26  -53.70998    
           1          41          27  -10995.31    
           1          41          33  -81294.50    
           1          41          53  -78638.09    
           1          41          54  -27744.56    
           1          41          55  -6530.364    
           1          42          27   2447.583    
           1          42          33  -16677.37    
           1          42          34  -52383.05    
           1          42          52  -16938.50    
           1          42          53  -824.5311    
           1          43          27   954.2362    
           1          43          28   3021.654    
           1          43          34  -19357.10    
           1          43          52  -9759.555    
           1          44          28   1660.515    
           1          44          29   2372.050    
           1          44          30  -2685.849    
           1          44          34  -2137.766    
           1          44          35  -40507.58    
           1          44          52  -14691.11    
           1          44          53  -434.7523    
           1          45          30  -1811.711    
           1          45          35  -6970.959    
           1          45          53  -503.6747    
           1          46          30   879.2224    
           1          46          35  -3345.734    
           1          46          51  -6234.764    
           1          46          52  -64.40530    
           1          46          53   698.2374    
           1          47          30   2433.257    
           1          47          31  -117.2271    
           1          47          32   3098.298    
           1          47          35  -3144.895    
           1          47          50  -5043.306    
           1          47          51   1564.054    
           1          48          32  -888.1733    
           1          48          33   2562.156    
           1          48          35  -842.5551    
           1          48          36  -5594.356    
           1          48          49  -4978.747    
           1          48          50   2308.708    
           1          49          33  -6416.937    
           1          49          34   193.1683    
           1          49          35   189.9902    
           1          49          36   121.8957    
           1          49          37  -4153.759    
           1          49          38  -5948.396    
           1          49          41  -31298.57    
           1          49          42  -27949.64    
           1          49          49  -1558.165    
           1          50          34   3914.619    
           1          50          35   1344.944    
           1          50          36   1179.648    
           1          50          37   2928.741    
           1          50          38   363.3199    
           1          50          39  -1187.347    
           1          50          40  -982.1520    
           1          50          41  -218.8953    
           1          50          42  -9443.450    
           1          50          43  -18244.04    
           1          50          49   595.3126    
           1          51          43  -17606.49    
           1          51          48  -3474.572    
           1          51          49  -14.83484    
           1          52          43  -3429.016    
           1          52          48  -1827.782    
           1          52          49  -149.3177    
           1          52          50  -719.5678    
           1          53          43   607.6185    
           1          53          44  -640.4434    
           1          53          47  -2071.586    
           1          53          48   88.66514    
           1          53          50   43.92005    
           1          53          51   115.0281    
           1          54          44   4909.027    
           1          54          45   4885.362    
           1          54          46   407.7956    
           1          54          47   288.1073    
           1          54          51  -65.40746    
           1          54          52   79.67977    
           1          55          52  -146.9664    
           1          56          52   286.5574    
           1          56          53  -255.0232    
           1          56          54  -2326.327    
           1          57          53  -435.4732    
           1          57          54   2363.510    
           1          58          53  -396.4456    
           1          59          53  -346.7928    
           1          60          53  -511.4239    
           1          61          53  -198.8427    
           1          61          54  -235.5737    
           1          61          55  -235.4669    
           1          61          56   2045.336    
           1          62          56  -8754.441    
           1          63          56  -258.6649    
           1          63          57  -1928.278    
           1          64          56   78.77938    
           1          64          57   628.4929    
           1          65          56  -22.37496    
           1          66          56   61.96799    
           1          67          56  -14.76970    
           1          68          56   207.6644    
           1          68          57   180.3547    
           1          69          57   124.3964    
           1          70          57   420.5854    
           1          70          58   337.5643    
           1          71          58   287.6629    
           1          72          58   397.9533    
           1          73          54   248.2250    
           1          73          55   128.2353    
           1          73          56   384.8687    
           1          73          57   397.9819    
           1          73          58   356.3274    
           1          74          54   282.6853    
           1          75          54   47.29459    
           1          75          55   313.9963    
           1          76          54   99.98653    
           1          76          55   414.7030    
           1          77          53   5161.599    
           1          77          54   52.69150    
           1          78          53   602.4240    
           1          78          54   126.8407    
           1          78          55   247.4253    
           1          79          55   313.6657    
           1          79          56   403.4527    
           1          80          56   402.1225    
           1          81          56   405.9570    
           1          82          56   377.3194    
           1          83          56   328.4839    
           1          84          53   388.6144    
           1          84          54   402.5187    
           1          84          55   26.58305    
           1          84          56   514.5663    
           1          85          53   318.2739    
           1          85          54  -169.2067    
           1          85          55   583.6218    
           1          86          53   471.6183    
           1          86          54   162.1862    
           1          87          54   224.3671    
           1          87          55   1063.931    
           1          88          55   210.1646    
           1          88          56   326.5228    
           1          88          57   379.4473    
           1          89          57   201.1543    
           1          90          56   125.2247    
           1          90          57   681.9799    
           1          91          54   162.9314    
           1          91          55   307.6014    
           1          91          56   369.6807    
           1          92          54   364.9696    
           1          93          54   528.3467    
           1          93          55   424.8629    
           1          93          56   347.9704    
           1          93          57   437.9417    
           1          94          57  -89.90449    
           1          94          58   1278.972    
           1          95          56   458.6740    
           1          95          57   302.1149    
           1          96          56   329.6694    
           1          96          57   293.4463    
           1          97          54   6385.802    
           1          97          55   354.6551    
           1          97          57   13.81562    
           1          97          58   721.7846    
           1          98          54   652.8620    
           1          98          55  -34.71656    
           1          98          56   280.3387    
           1          98          57   383.8800    
           1          98          58   712.4482    
           1          99          54  -59.32960    
           1          99          55  -15.19306    
           1         100          54   365.5247    
           1         100          55  -174.6229    
           1         101          55   1782.399    
           1         101          56   547.3737    
           1         101          57   480.9635    
           1         102          57   858.7974    
           1         102          58   427.1580    
           1         103          58   934.6805    
           1         103          59   736.3220    
           1         104          58   638.2217    
 
 year:        2012
 Layer, Row, Column, Rate
           1          25          17  -103573.3    
           1          25          18  -256146.5    
           1          26          18  -102775.5    
           1          26          19  -120104.7    
           1          27          19  -63278.42    
           1          27          20  -57326.53    
           1          28          20  -45148.02    
           1          28          21  -106661.6    
           1          29          21  -20946.54    
           1          29          22  -120259.4    
           1          30          22  -59470.47    
           1          31          22  -7771.431    
           1          31          23  -98675.90    
           1          32          22  -9041.901    
           1          32          23  -67787.42    
           1          33          22  -22073.46    
           1          34          22  -11078.96    
           1          34          23  -40600.70    
           1          35          23  -8494.115    
           1          35          24  -44220.99    
           1          36          23   2691.978    
           1          36          24  -6431.196    
           1          36          25  -29245.99    
           1          36          26  -59837.15    
           1          36          27  -85167.13    
           1          37          27  -63624.41    
           1          37          56  -75843.66    
           1          37          57  -293771.5    
           1          38          27  -37253.62    
           1          38          55  -184747.4    
           1          38          56  -116700.8    
           1          39          27  -29951.10    
           1          39          55  -83481.44    
           1          40          25   2879.635    
           1          40          26  -9294.490    
           1          40          27  -4400.066    
           1          40          55  -61500.70    
           1          41          25   2479.456    
           1          41          26  -3985.772    
           1          41          27  -18613.21    
           1          41          33  -122828.9    
           1          41          53  -126575.5    
           1          41          54  -49888.20    
           1          41          55  -22713.00    
           1          42          27  -3186.585    
           1          42          33  -25497.58    
           1          42          34  -81737.87    
           1          42          52  -27653.63    
           1          42          53  -2071.907    
           1          43          27   1285.269    
           1          43          28  -2826.753    
           1          43          34  -29701.12    
           1          43          52  -16944.96    
           1          44          28   2236.562    
           1          44          29  -10926.59    
           1          44          30  -12051.89    
           1          44          34  -4239.480    
           1          44          35  -63725.76    
           1          44          52  -24257.44    
           1          44          53  -1678.066    
           1          45          30  -11098.00    
           1          45          35  -11293.41    
           1          45          53  -1843.238    
           1          46          30  -8258.265    
           1          46          35  -5677.626    
           1          46          51  -10602.45    
           1          46          52  -962.8398    
           1          46          53   940.4634    
           1          47          30  -3402.645    
           1          47          31  -8621.192    
           1          47          32  -5401.930    
           1          47          35  -5230.772    
           1          47          50  -8713.706    
           1          47          51   1741.976    
           1          48          32  -4672.625    
           1          48          33   1581.405    
           1          48          35  -1402.202    
           1          48          36  -9461.417    
           1          48          49  -8185.939    
           1          48          50   1350.031    
           1          49          33  -12436.24    
           1          49          34  -771.1735    
           1          49          35   8.787627    
           1          49          36  -37.22863    
           1          49          37  -6948.895    
           1          49          38  -9831.099    
           1          49          41  -49013.97    
           1          49          42  -55725.71    
           1          49          49  -2835.813    
           1          50          34   3848.282    
           1          50          35   1811.516    
           1          50          36   1588.879    
           1          50          37   1784.668    
           1          50          38   104.7607    
           1          50          39  -2153.875    
           1          50          40  -1912.395    
           1          50          41  -737.5856    
           1          50          42  -13374.01    
           1          50          43  -33218.39    
           1          50          49  -1227.162    
           1          51          43  -27856.60    
           1          51          48  -5801.815    
           1          51          49  -363.9265    
           1          52          43  -5470.577    
           1          52          48  -3060.061    
           1          52          49  -207.1602    
           1          52          50  -1118.439    
           1          53          43   487.8471    
           1          53          44  -1895.871    
           1          53          47  -3911.355    
           1          53          48   18.09785    
           1          53          50  -7.636484    
           1          53          51   46.71337    
           1          54          44   6612.012    
           1          54          45   6377.907    
           1          54          46  -493.9341    
           1          54          47   165.4526    
           1          54          51  -96.08589    
           1          54          52   31.78224    
           1          55          52  -185.6404    
           1          56          52   79.79190    
           1          56          53  -294.2613    
           1          56          54  -3156.656    
           1          57          53  -555.8826    
           1          57          54   338.7346    
           1          58          53  -590.8484    
           1          59          53  -650.3051    
           1          60          53  -1131.123    
           1          61          53  -337.6086    
           1          61          54  -303.4824    
           1          61          55  -816.2773    
           1          61          56   2754.885    
           1          62          56  -9402.429    
           1          63          56  -291.3479    
           1          63          57  -2176.751    
           1          64          56   52.56501    
           1          64          57   439.6942    
           1          65          56  -81.39150    
           1          66          56   20.00835    
           1          67          56  -102.1235    
           1          68          56   115.1777    
           1          68          57   128.9706    
           1          69          57   84.84715    
           1          70          57   381.4160    
           1          70          58   315.2389    
           1          71          58   256.6070    
           1          72          58   367.2346    
           1          73          54   181.8768    
           1          73          55   93.35790    
           1          73          56   341.2863    
           1          73          57   367.8881    
           1          73          58   333.1296    
           1          74          54   249.2763    
           1          75          54   48.77834    
           1          75          55   247.9648    
           1          76          54   101.0774    
           1          76          55   374.0007    
           1          77          53   5211.621    
           1          77          54   35.94825    
           1          78          53   596.3577    
           1          78          54   107.5820    
           1          78          55   214.8397    
           1          79          55   273.7859    
           1          79          56   372.9547    
           1          80          56   349.8798    
           1          81          56   371.5108    
           1          82          56   347.3300    
           1          83          56   298.8309    
           1          84          53   523.4280    
           1          84          54   348.9110    
           1          84          55   6.724779    
           1          84          56   483.3965    
           1          85          53   237.2391    
           1          85          54  -169.8002    
           1          85          55   522.4009    
           1          86          53   401.1816    
           1          86          54   125.1827    
           1          87          54   85.76760    
           1          87          55   397.3492    
           1          88          55   58.72380    
           1          88          56   282.1624    
           1          88          57   357.0630    
           1          89          57   165.5551    
           1          90          56  -11.37748    
           1          90          57   641.4481    
           1          91          54   93.12038    
           1          91          55   244.3484    
           1          91          56   318.4624    
           1          92          54   285.9730    
           1          93          54   383.0374    
           1          93          55   366.8064    
           1          93          56   284.3797    
           1          93          57   392.7428    
           1          94          57  -126.3846    
           1          94          58   1187.756    
           1          95          56   392.1357    
           1          95          57   275.0987    
           1          96          56   252.6736    
           1          96          57   263.2985    
           1          97          54   5742.649    
           1          97          55   277.3463    
           1          97          57  -30.06744    
           1          97          58   657.9021    
           1          98          54   168.1328    
           1          98          55  -35.54237    
           1          98          56   203.5615    
           1          98          57   278.9140    
           1          98          58   460.5786    
           1          99          54  -88.04906    
           1          99          55  -29.18217    
           1         100          54   298.9052    
           1         100          55  -212.4061    
           1         101          55   1671.599    
           1         101          56   429.8967    
           1         101          57   413.1333    
           1         102          57   692.9387    
           1         102          58   351.4833    
           1         103          58   759.0981    
           1         103          59   991.7584    
           1         104          58   485.7809    
 
 year:        2013
 Layer, Row, Column, Rate
           1          25          17  -95501.62    
           1          25          18  -237105.5    
           1          26          18  -94044.38    
           1          26          19  -111187.8    
           1          27          19  -57259.73    
           1          27          20  -53119.89    
           1          28          20  -39997.28    
           1          28          21  -98374.50    
           1          29          21  -17784.48    
           1          29          22  -109465.9    
           1          30          22  -53147.16    
           1          31          22  -6485.456    
           1          31          23  -87926.42    
           1          32          22  -7793.533    
           1          32          23  -60271.14    
           1          33          22  -18022.55    
           1          34          22  -8799.600    
           1          34          23  -36281.92    
           1          35          23  -7120.751    
           1          35          24  -38734.27    
           1          36          23   2478.090    
           1          36          24  -5890.604    
           1          36          25  -26193.98    
           1          36          26  -53002.71    
           1          36          27  -74800.73    
           1          37          27  -55901.70    
           1          37          56  -65068.84    
           1          37          57  -256573.8    
           1          38          27  -32498.92    
           1          38          55  -156257.9    
           1          38          56  -103074.3    
           1          39          27  -25703.26    
           1          39          55  -72272.16    
           1          40          25   2071.909    
           1          40          26  -9095.839    
           1          40          27  -3303.237    
           1          40          55  -55211.71    
           1          41          25   2282.455    
           1          41          26  -4590.200    
           1          41          27  -15914.20    
           1          41          33  -104769.9    
           1          41          53  -105113.9    
           1          41          54  -44843.75    
           1          41          55  -23024.76    
           1          42          27  -2947.037    
           1          42          33  -21891.18    
           1          42          34  -68732.95    
           1          42          52  -22454.28    
           1          42          53  -2128.972    
           1          43          27   1183.149    
           1          43          28  -2359.078    
           1          43          34  -25132.70    
           1          43          52  -13481.42    
           1          44          28   2058.860    
           1          44          29  -10634.37    
           1          44          30  -9239.845    
           1          44          34  -3464.538    
           1          44          35  -53084.62    
           1          44          52  -19363.85    
           1          44          53  -2167.192    
           1          45          30  -9872.962    
           1          45          35  -9367.518    
           1          45          53  -2391.380    
           1          46          30  -7925.583    
           1          46          35  -4670.179    
           1          46          51  -8433.084    
           1          46          52  -1048.944    
           1          46          53  -1808.729    
           1          47          30  -4187.766    
           1          47          31  -7712.529    
           1          47          32  -2357.120    
           1          47          35  -4369.688    
           1          47          50  -6882.608    
           1          47          51   819.1935    
           1          48          32  -4400.053    
           1          48          33   2362.313    
           1          48          35  -1206.372    
           1          48          36  -7618.661    
           1          48          49  -6504.719    
           1          48          50   994.8954    
           1          49          33  -12220.26    
           1          49          34  -696.6609    
           1          49          35  -70.73421    
           1          49          36  -82.12284    
           1          49          37  -5598.609    
           1          49          38  -7874.987    
           1          49          41  -40353.14    
           1          49          42  -42101.91    
           1          49          49  -2273.124    
           1          50          34   2595.991    
           1          50          35   1667.586    
           1          50          36   1462.628    
           1          50          37   1130.440    
           1          50          38   143.1674    
           1          50          39  -1734.198    
           1          50          40  -1499.561    
           1          50          41  -459.0609    
           1          50          42  -11544.33    
           1          50          43  -25865.62    
           1          50          49  -796.3210    
           1          51          43  -22955.99    
           1          51          48  -4655.482    
           1          51          49  -451.6904    
           1          52          43  -4563.532    
           1          52          48  -2417.900    
           1          52          49  -242.6078    
           1          52          50  -1430.230    
           1          53          43   407.7616    
           1          53          44  -1552.555    
           1          53          47  -3148.492    
           1          53          48  -28.18226    
           1          53          50  -62.00989    
           1          53          51  -20.33959    
           1          54          44   6086.629    
           1          54          45   5024.929    
           1          54          46  -351.7468    
           1          54          47   131.1783    
           1          54          51  -97.56271    
           1          54          52   3.222310    
           1          55          52  -167.2446    
           1          56          52   74.86141    
           1          56          53  -272.9486    
           1          56          54  -3116.667    
           1          57          53  -540.3922    
           1          57          54   1438.318    
           1          58          53  -545.4636    
           1          59          53  -537.0830    
           1          60          53  -803.4328    
           1          61          53  -307.4868    
           1          61          54  -258.8585    
           1          61          55  -553.6514    
           1          61          56   2535.984    
           1          62          56  -9324.098    
           1          63          56  -268.7166    
           1          63          57  -2193.140    
           1          64          56   59.93291    
           1          64          57   386.4083    
           1          65          56  -63.32146    
           1          66          56   21.31688    
           1          67          56  -76.25779    
           1          68          56   118.8508    
           1          68          57   120.3482    
           1          69          57   80.96882    
           1          70          57   343.7150    
           1          70          58   291.2338    
           1          71          58   225.3075    
           1          72          58   335.9460    
           1          73          54   123.3225    
           1          73          55   60.00308    
           1          73          56   308.4769    
           1          73          57   339.4193    
           1          73          58   318.9557    
           1          74          54   222.3247    
           1          75          54   35.47497    
           1          75          55   247.9744    
           1          76          54   93.21200    
           1          76          55   367.5023    
           1          77          53   4801.537    
           1          77          54   21.51881    
           1          78          53   587.1882    
           1          78          54   89.63732    
           1          78          55   197.0437    
           1          79          55   235.9816    
           1          79          56   354.9497    
           1          80          56   330.1354    
           1          81          56   335.9424    
           1          82          56   316.4086    
           1          83          56   270.0570    
           1          84          53   481.8369    
           1          84          54   299.5323    
           1          84          55  -11.75204    
           1          84          56   455.6761    
           1          85          53   213.8196    
           1          85          54  -170.2214    
           1          85          55   469.4329    
           1          86          53   429.1419    
           1          86          54   94.33228    
           1          87          54   169.1495    
           1          87          55   340.8286    
           1          88          55   132.5100    
           1          88          56   245.0567    
           1          88          57   335.4227    
           1          89          57   157.1773    
           1          90          56   50.24694    
           1          90          57   626.0374    
           1          91          54   142.9848    
           1          91          55   208.3149    
           1          91          56   271.4585    
           1          92          54   286.8803    
           1          93          54   461.4550    
           1          93          55   312.8879    
           1          93          56   228.4908    
           1          93          57   349.7744    
           1          94          57  -156.9220    
           1          94          58   1145.368    
           1          95          56   331.8590    
           1          95          57   252.1347    
           1          96          56   189.6661    
           1          96          57   237.1582    
           1          97          54   5088.556    
           1          97          55   213.9177    
           1          97          57  -63.07391    
           1          97          58   611.9140    
           1          98          54  -309.9861    
           1          98          55  -36.22737    
           1          98          56   180.2272    
           1          98          57   328.3775    
           1          98          58   649.2542    
           1          99          54  -113.2868    
           1          99          55  -38.00349    
           1         100          54   237.6480    
           1         100          55  -243.7152    
           1         101          55   1572.538    
           1         101          56   327.8679    
           1         101          57   357.4630    
           1         102          57   545.6890    
           1         102          58   285.7891    
           1         103          58   598.9905    
           1         103          59   912.9540    
           1         104          58   343.8481    
 
 year:        2014
 Layer, Row, Column, Rate
           1          25          17  -83601.48    
           1          25          18  -208029.0    
           1          26          18  -81752.85    
           1          26          19  -97215.79    
           1          27          19  -48912.80    
           1          27          20  -46324.34    
           1          28          20  -32984.96    
           1          28          21  -84971.39    
           1          29          21  -13664.84    
           1          29          22  -92278.56    
           1          30          22  -44004.65    
           1          31          22  -4888.414    
           1          31          23  -72002.09    
           1          32          22  -6308.553    
           1          32          23  -49726.58    
           1          33          22  -13262.55    
           1          34          22  -6477.255    
           1          34          23  -30498.16    
           1          35          23  -5536.553    
           1          35          24  -31267.90    
           1          36          23   2249.144    
           1          36          24  -4565.443    
           1          36          25  -21734.24    
           1          36          26  -44061.66    
           1          36          27  -62173.10    
           1          37          27  -46919.37    
           1          37          56  -55604.02    
           1          37          57  -221307.0    
           1          38          27  -27043.08    
           1          38          55  -131793.5    
           1          38          56  -88944.81    
           1          39          27  -20813.00    
           1          39          55  -61745.24    
           1          40          25   1938.835    
           1          40          26  -8167.622    
           1          40          27  -2080.231    
           1          40          55  -47792.85    
           1          41          25   2071.581    
           1          41          26  -4413.793    
           1          41          27  -12868.28    
           1          41          33  -87114.52    
           1          41          53  -88060.58    
           1          41          54  -38543.48    
           1          41          55  -19882.69    
           1          42          27  -2129.977    
           1          42          33  -17966.83    
           1          42          34  -56509.37    
           1          42          52  -18614.49    
           1          42          53  -1939.649    
           1          43          27   1073.839    
           1          43          28  -573.1141    
           1          43          34  -20862.75    
           1          43          52  -11021.06    
           1          44          28   1868.644    
           1          44          29  -9217.658    
           1          44          30  -6020.957    
           1          44          34  -2475.679    
           1          44          35  -43685.11    
           1          44          52  -15993.78    
           1          44          53  -2190.564    
           1          45          30  -8482.000    
           1          45          35  -7585.251    
           1          45          53  -2433.939    
           1          46          30  -7292.685    
           1          46          35  -3708.668    
           1          46          51  -7006.716    
           1          46          52  -1030.525    
           1          46          53  -4055.485    
           1          47          30  -4318.717    
           1          47          31  -7103.615    
           1          47          32  -581.5508    
           1          47          35  -3459.501    
           1          47          50  -5704.927    
           1          47          51   317.2382    
           1          48          32  -4303.357    
           1          48          33   2883.299    
           1          48          35  -937.6227    
           1          48          36  -6039.357    
           1          48          49  -5399.960    
           1          48          50   769.0939    
           1          49          33  -12246.11    
           1          49          34  -619.3475    
           1          49          35  -100.4833    
           1          49          36  -102.0318    
           1          49          37  -4488.756    
           1          49          38  -6397.933    
           1          49          41  -33353.21    
           1          49          42  -31106.33    
           1          49          49  -1875.533    
           1          50          34   2016.813    
           1          50          35   1513.521    
           1          50          36   1327.498    
           1          50          37   762.7530    
           1          50          38   136.8263    
           1          50          39  -1417.075    
           1          50          40  -1189.386    
           1          50          41  -372.6486    
           1          50          42  -10046.23    
           1          50          43  -20048.15    
           1          50          49  -545.6783    
           1          51          43  -19210.24    
           1          51          48  -3829.611    
           1          51          49  -565.0754    
           1          52          43  -3891.854    
           1          52          48  -2026.309    
           1          52          49  -245.8632    
           1          52          50  -1731.169    
           1          53          43   341.6923    
           1          53          44  -1331.786    
           1          53          47  -2632.600    
           1          53          48  -43.81497    
           1          53          50  -87.00307    
           1          53          51  -143.8246    
           1          54          44   5524.284    
           1          54          45   3878.940    
           1          54          46  -284.0079    
           1          54          47   73.02029    
           1          54          51  -122.6577    
           1          54          52  -114.4233    
           1          55          52  -186.3611    
           1          56          52   10.23178    
           1          56          53  -283.1045    
           1          56          54  -3000.708    
           1          57          53  -566.7258    
           1          57          54   2225.192    
           1          58          53  -523.8924    
           1          59          53  -464.7285    
           1          60          53  -640.2590    
           1          61          53  -321.9633    
           1          61          54  -235.7744    
           1          61          55  -255.8816    
           1          61          56   2301.685    
           1          62          56  -9018.891    
           1          63          56  -271.5039    
           1          63          57  -2206.714    
           1          64          56   52.26549    
           1          64          57   295.2241    
           1          65          56  -79.79166    
           1          66          56 -0.4055673    
           1          67          56  -109.3425    
           1          68          56   17.42520    
           1          68          57   94.83836    
           1          69          57   59.42941    
           1          70          57   311.5919    
           1          70          58   270.4313    
           1          71          58   198.5671    
           1          72          58   309.1551    
           1          73          54   64.31872    
           1          73          55   32.58281    
           1          73          56   275.1022    
           1          73          57   314.9342    
           1          73          58   302.0533    
           1          74          54   178.3394    
           1          75          54   21.28669    
           1          75          55   222.5468    
           1          76          54   84.82180    
           1          76          55   349.2464    
           1          77          53   4325.692    
           1          77          54   10.54442    
           1          78          53   576.2257    
           1          78          54   75.04049    
           1          78          55   179.1915    
           1          79          55   204.6201    
           1          79          56   335.5258    
           1          80          56   299.9405    
           1          81          56   304.7410    
           1          82          56   289.0074    
           1          83          56   245.7629    
           1          84          53   437.3197    
           1          84          54   261.1155    
           1          84          55  -27.20011    
           1          84          56   433.0732    
           1          85          53   173.7550    
           1          85          54  -170.6251    
           1          85          55   427.3911    
           1          86          53   412.8259    
           1          86          54   70.31302    
           1          87          54   163.9231    
           1          87          55   295.6563    
           1          88          55   118.7300    
           1          88          56   215.5840    
           1          88          57   317.2673    
           1          89          57   142.8989    
           1          90          56   25.72436    
           1          90          57   604.2916    
           1          91          54   140.8092    
           1          91          55   172.6399    
           1          91          56   232.0846    
           1          92          54   257.6292    
           1          93          54   431.0284    
           1          93          55   266.6888    
           1          93          56   183.0769    
           1          93          57   312.5931    
           1          94          57  -180.8789    
           1          94          58   1091.543    
           1          95          56   280.9049    
           1          95          57   233.1513    
           1          96          56   141.5063    
           1          96          57   215.8597    
           1          97          54   4551.695    
           1          97          55   165.3844    
           1          97          57  -86.28183    
           1          97          58   568.5601    
           1          98          54  -696.4487    
           1          98          55  -36.84652    
           1          98          56   149.7444    
           1          98          57   308.0862    
           1          98          58   627.6774    
           1          99          54  -133.0757    
           1          99          55  -45.19186    
           1         100          54   189.1453    
           1         100          55  -267.6311    
           1         101          55   1492.576    
           1         101          56   246.3287    
           1         101          57   313.7041    
           1         102          57   425.5270    
           1         102          58   230.6706    
           1         103          58   473.7358    
           1         103          59   828.6061    
           1         104          58   221.6722    
 
