obsnme,obsval,weight,obgnme
gid5163_20080101,-12.7753745,0.15473557663381504,gid5163
gid5163_20080102,-12.81426825,0.15473557663381504,gid5163
gid5163_20080103,-12.84798675,0.15473557663381504,gid5163
gid5163_20080104,-12.85490825,0.15473557663381504,gid5163
gid5163_20080105,-12.864338,0.15473557663381504,gid5163
gid5163_20080106,-12.86487775,0.15473557663381504,gid5163
gid5163_20080107,-12.94431625,0.15473557663381504,gid5163
gid5163_20080108,-12.986893,0.15473557663381504,gid5163
gid5163_20080109,-12.994386,0.15473557663381504,gid5163
gid5163_20080110,-12.95847675,0.15473557663381504,gid5163
gid5163_20080111,-12.97314525,0.15473557663381504,gid5163
gid5163_20080112,-12.95231725,0.15473557663381504,gid5163
gid5163_20080113,-12.96895425,0.15473557663381504,gid5163
gid5163_20080114,-13.0154045,0.15473557663381504,gid5163
gid5163_20080115,-12.985877,0.15473557663381504,gid5163
gid5163_20080116,-12.939395,0.15473557663381504,gid5163
gid5163_20080117,-12.963779,0.15473557663381504,gid5163
gid5163_20080118,-12.938887,0.15473557663381504,gid5163
gid5163_20080119,-12.921361,0.15473557663381504,gid5163
gid5163_20080120,-12.90208875,0.15473557663381504,gid5163
gid5163_20080121,-12.898628,0.15473557663381504,gid5163
gid5163_20080122,-12.9428875,0.15473557663381504,gid5163
gid5163_20080123,-12.9209165,0.15473557663381504,gid5163
gid5163_20080124,-12.886309,0.15473557663381504,gid5163
gid5163_20080125,-12.91663025,0.15473557663381504,gid5163
gid5163_20080126,-12.88976975,0.15473557663381504,gid5163
gid5163_20080127,-12.93548975,0.15473557663381504,gid5163
gid5163_20080128,-12.9628265,0.15473557663381504,gid5163
gid5163_20080129,-13.03385125,0.15473557663381504,gid5163
gid5163_20080130,-13.05702875,0.15473557663381504,gid5163
gid5163_20080131,-13.1087495,0.15473557663381504,gid5163
gid5163_20080201,-13.146278,0.15473557663381504,gid5163
gid5163_20080202,-13.12941875,0.15473557663381504,gid5163
gid5163_20080203,-13.1816475,0.15473557663381504,gid5163
gid5163_20080204,-13.272262,0.15473557663381504,gid5163
gid5163_20080205,-13.331698,0.15473557663381504,gid5163
gid5163_20080206,-13.37814825,0.15473557663381504,gid5163
gid5163_20080207,-13.41656575,0.15473557663381504,gid5163
gid5163_20080208,-13.50381475,0.15473557663381504,gid5163
gid5163_20080209,-13.58953975,0.15473557663381504,gid5163
gid5163_20080210,-13.683107,0.15473557663381504,gid5163
gid5163_20080211,-13.74981375,0.15473557663381504,gid5163
gid5163_20080212,-13.82315625,0.15473557663381504,gid5163
gid5163_20080213,-13.88538625,0.15473557663381504,gid5163
gid5163_20080214,-13.97111125,0.15473557663381504,gid5163
gid5163_20080215,-13.98838325,0.15473557663381504,gid5163
gid5163_20080216,-13.86195475,0.15473557663381504,gid5163
gid5163_20080217,-13.81379,0.15473557663381504,gid5163
gid5163_20080218,-13.92678825,0.15473557663381504,gid5163
gid5163_20080219,-14.025372,0.15473557663381504,gid5163
gid5163_20080220,-14.06407525,0.15473557663381504,gid5163
gid5163_20080221,-14.13163925,0.15473557663381504,gid5163
gid5163_20080222,-14.2076805,0.15473557663381504,gid5163
gid5163_20080223,-14.2466695,0.15473557663381504,gid5163
gid5163_20080224,-14.32575875,0.15473557663381504,gid5163
gid5163_20080225,-14.410563,0.15473557663381504,gid5163
gid5163_20080226,-14.529435,0.15473557663381504,gid5163
gid5163_20080227,-14.544294,0.15473557663381504,gid5163
gid5163_20080228,-14.5002885,0.15473557663381504,gid5163
gid5163_20080229,-14.5881725,0.15473557663381504,gid5163
gid5163_20080301,-14.62204975,0.15473557663381504,gid5163
gid5163_20080302,-14.56153425,0.15473557663381504,gid5163
gid5163_20080303,-14.60128525,0.15473557663381504,gid5163
gid5163_20080304,-14.579473,0.15473557663381504,gid5163
gid5163_20080305,-14.618081,0.15473557663381504,gid5163
gid5163_20080306,-14.5929985,0.15473557663381504,gid5163
gid5163_20080307,-14.51067075,0.15473557663381504,gid5163
gid5163_20080308,-14.4516475,0.15473557663381504,gid5163
gid5163_20080309,-14.4251045,0.15473557663381504,gid5163
gid5163_20080310,-14.3729075,0.15473557663381504,gid5163
gid5163_20080311,-14.233271,0.15473557663381504,gid5163
gid5163_20080312,-14.131417,0.15473557663381504,gid5163
gid5163_20080313,-14.09341225,0.15473557663381504,gid5163
gid5163_20080314,-14.17558125,0.15473557663381504,gid5163
gid5163_20080315,-14.25565475,0.15473557663381504,gid5163
gid5163_20080316,-14.259941,0.15473557663381504,gid5163
gid5163_20080317,-14.25209875,0.15473557663381504,gid5163
gid5163_20080318,-14.11881225,0.15473557663381504,gid5163
gid5163_20080319,-14.13087725,0.15473557663381504,gid5163
gid5163_20080320,-14.1694535,0.15473557663381504,gid5163
gid5163_20080321,-14.1914245,0.15473557663381504,gid5163
gid5163_20080322,-14.18282025,0.15473557663381504,gid5163
gid5163_20080323,-14.190091,0.15473557663381504,gid5163
gid5163_20080324,-14.25140025,0.15473557663381504,gid5163
gid5163_20080325,-14.30848675,0.15473557663381504,gid5163
gid5163_20080326,-14.37649525,0.15473557663381504,gid5163
gid5163_20080327,-14.456664,0.15473557663381504,gid5163
gid5163_20080328,-14.5434685,0.15473557663381504,gid5163
gid5163_20080329,-14.4717135,0.15473557663381504,gid5163
gid5163_20080330,-14.386052,0.15473557663381504,gid5163
gid5163_20080331,-14.35674675,0.15473557663381504,gid5163
gid5163_20080401,-14.373352,0.15473557663381504,gid5163
gid5163_20080402,-14.391005,0.15473557663381504,gid5163
gid5163_20080403,-14.3626205,0.15473557663381504,gid5163
gid5163_20080404,-14.383512,0.15473557663381504,gid5163
gid5163_20080405,-14.395831,0.15473557663381504,gid5163
gid5163_20080406,-14.46025175,0.15473557663381504,gid5163
gid5163_20080407,-14.680946,0.15473557663381504,gid5163
gid5163_20080408,-14.824456,0.15473557663381504,gid5163
gid5163_20080409,-14.89617925,0.15473557663381504,gid5163
gid5163_20080410,-14.92602425,0.15473557663381504,gid5163
gid5163_20080411,-15.122271,0.15473557663381504,gid5163
gid5163_20080412,-15.27571875,0.15473557663381504,gid5163
gid5163_20080413,-15.41897475,0.15473557663381504,gid5163
gid5163_20080414,-15.6340175,0.15473557663381504,gid5163
gid5163_20080415,-15.78009925,0.15473557663381504,gid5163
gid5163_20080416,-15.89084325,0.15473557663381504,gid5163
gid5163_20080417,-15.95332725,0.15473557663381504,gid5163
gid5163_20080418,-15.861284,0.15473557663381504,gid5163
gid5163_20080419,-15.69297725,0.15473557663381504,gid5163
gid5163_20080420,-15.6059505,0.15473557663381504,gid5163
gid5163_20080421,-15.67805475,0.15473557663381504,gid5163
gid5163_20080422,-15.693009,0.15473557663381504,gid5163
gid5163_20080423,-15.73634775,0.15473557663381504,gid5163
gid5163_20080424,-15.78657625,0.15473557663381504,gid5163
gid5163_20080425,-15.80226075,0.15473557663381504,gid5163
gid5163_20080426,-15.70542325,0.15473557663381504,gid5163
gid5163_20080427,-15.57740725,0.15473557663381504,gid5163
gid5163_20080428,-15.595727,0.15473557663381504,gid5163
gid5163_20080429,-15.69570775,0.15473557663381504,gid5163
gid5163_20080430,-15.824581,0.15473557663381504,gid5163
gid5163_20080501,-15.960471,0.15473557663381504,gid5163
gid5163_20080502,-16.198088,0.15473557663381504,gid5163
gid5163_20080503,-16.3828095,0.15473557663381504,gid5163
gid5163_20080504,-16.501364,0.15473557663381504,gid5163
gid5163_20080505,-16.612235,0.15473557663381504,gid5163
gid5163_20080506,-16.65144625,0.15473557663381504,gid5163
gid5163_20080507,-16.76663525,0.15473557663381504,gid5163
gid5163_20080508,-17.02279425,0.15473557663381504,gid5163
gid5163_20080509,-17.27577825,0.15473557663381504,gid5163
gid5163_20080510,-17.45186375,0.15473557663381504,gid5163
gid5163_20080511,-17.560671,0.15473557663381504,gid5163
gid5163_20080512,-17.75685425,0.15473557663381504,gid5163
gid5163_20080513,-17.768824,0.15473557663381504,gid5163
gid5163_20080514,-17.700117,0.15473557663381504,gid5163
gid5163_20080515,-17.529048,0.15473557663381504,gid5163
gid5163_20080516,-17.41122375,0.15473557663381504,gid5163
gid5163_20080517,-17.32130775,0.15473557663381504,gid5163
gid5163_20080518,-17.2847,0.15473557663381504,gid5163
gid5163_20080519,-17.529175,0.15473557663381504,gid5163
gid5163_20080520,-17.761966,0.15473557663381504,gid5163
gid5163_20080521,-17.94602075,0.15473557663381504,gid5163
gid5163_20080522,-17.96329275,0.15473557663381504,gid5163
gid5163_20080523,-17.96805525,0.15473557663381504,gid5163
gid5163_20080524,-17.9441475,0.15473557663381504,gid5163
gid5163_20080525,-17.927701,0.15473557663381504,gid5163
gid5163_20080526,-18.003139,0.15473557663381504,gid5163
gid5163_20080527,-18.15671375,0.15473557663381504,gid5163
gid5163_20080528,-18.32962425,0.15473557663381504,gid5163
gid5163_20080529,-18.53364975,0.15473557663381504,gid5163
gid5163_20080530,-18.74662875,0.15473557663381504,gid5163
gid5163_20080531,-18.8721365,0.15473557663381504,gid5163
gid5163_20080601,-19.028537,0.15473557663381504,gid5163
gid5163_20080602,-19.3756915,0.15473557663381504,gid5163
gid5163_20080603,-19.60556727,0.15473557663381504,gid5163
gid5163_20080604,-19.8556245,0.15473557663381504,gid5163
gid5163_20080605,-20.0108185,0.15473557663381504,gid5163
gid5163_20080606,-20.1354055,0.15473557663381504,gid5163
gid5163_20080607,-20.17429925,0.15473557663381504,gid5163
gid5163_20080608,-20.17004475,0.15473557663381504,gid5163
gid5163_20080609,-20.474686,0.15473557663381504,gid5163
gid5163_20080610,-20.79932975,0.15473557663381504,gid5163
gid5163_20080611,-21.01129275,0.15473557663381504,gid5163
gid5163_20080612,-21.232495,0.15473557663381504,gid5163
gid5163_20080613,-21.4564595,0.15473557663381504,gid5163
gid5163_20080614,-21.5292305,0.15473557663381504,gid5163
gid5163_20080615,-21.60463675,0.15473557663381504,gid5163
gid5163_20080616,-21.79310475,0.15473557663381504,gid5163
gid5163_20080617,-21.998559,0.15473557663381504,gid5163
gid5163_20080618,-22.1644845,0.15473557663381504,gid5163
gid5163_20080619,-22.366986,0.15473557663381504,gid5163
gid5163_20080620,-22.3905445,0.15473557663381504,gid5163
gid5163_20080621,-22.31723375,0.15473557663381504,gid5163
gid5163_20080622,-22.0920945,0.15473557663381504,gid5163
gid5163_20080623,-22.2491935,0.15473557663381504,gid5163
gid5163_20080624,-22.386036,0.15473557663381504,gid5163
gid5163_20080625,-22.44232875,0.15473557663381504,gid5163
gid5163_20080626,-22.47560275,0.15473557663381504,gid5163
gid5163_20080627,-22.5374835,0.15473557663381504,gid5163
gid5163_20080628,-22.4869375,0.15473557663381504,gid5163
gid5163_20080629,-22.39825975,0.15473557663381504,gid5163
gid5163_20080630,-22.4544255,0.15473557663381504,gid5163
gid5163_20080701,-22.30916925,0.15473557663381504,gid5163
gid5163_20080702,-21.84053925,0.15473557663381504,gid5163
gid5163_20080703,-21.52373775,0.15473557663381504,gid5163
gid5163_20080704,-21.0353275,0.15473557663381504,gid5163
gid5163_20080705,-20.5593315,0.15473557663381504,gid5163
gid5163_20080706,-20.23767225,0.15473557663381504,gid5163
gid5163_20080707,-20.12432475,0.15473557663381504,gid5163
gid5163_20080708,-19.61769,0.15473557663381504,gid5163
gid5163_20080709,-19.1864615,0.15473557663381504,gid5163
gid5163_20080710,-19.0207265,0.15473557663381504,gid5163
gid5163_20080711,-18.91598325,0.15473557663381504,gid5163
gid5163_20080712,-18.8567695,0.15473557663381504,gid5163
gid5163_20080713,-18.7813315,0.15473557663381504,gid5163
gid5163_20080714,-18.95287675,0.15473557663381504,gid5163
gid5163_20080715,-19.04164975,0.15473557663381504,gid5163
gid5163_20080716,-19.16922125,0.15473557663381504,gid5163
gid5163_20080717,-19.2740915,0.15473557663381504,gid5163
gid5163_20080718,-19.47503725,0.15473557663381504,gid5163
gid5163_20080719,-19.61007,0.15473557663381504,gid5163
gid5163_20080720,-19.66102875,0.15473557663381504,gid5163
gid5163_20080721,-19.83743175,0.15473557663381504,gid5163
gid5163_20080722,-19.90925025,0.15473557663381504,gid5163
gid5163_20080723,-19.806031,0.15473557663381504,gid5163
gid5163_20080724,-19.331559,0.15473557663381504,gid5163
gid5163_20080725,-18.8572775,0.15473557663381504,gid5163
gid5163_20080726,-18.55390625,0.15473557663381504,gid5163
gid5163_20080727,-18.359374,0.15473557663381504,gid5163
gid5163_20080728,-18.43528825,0.15473557663381504,gid5163
gid5163_20080729,-18.546191,0.15473557663381504,gid5163
gid5163_20080730,-18.66407875,0.15473557663381504,gid5163
gid5163_20080731,-18.74942275,0.15473557663381504,gid5163
gid5163_20080801,-18.89845725,0.15473557663381504,gid5163
gid5163_20080802,-18.95986175,0.15473557663381504,gid5163
gid5163_20080803,-18.941034,0.15473557663381504,gid5163
gid5163_20080804,-19.1816355,0.15473557663381504,gid5163
gid5163_20080805,-19.2340865,0.15473557663381504,gid5163
gid5163_20080806,-19.15575925,0.15473557663381504,gid5163
gid5163_20080807,-19.2945385,0.15473557663381504,gid5163
gid5163_20080808,-19.49669075,0.15473557663381504,gid5163
gid5163_20080809,-19.56234975,0.15473557663381504,gid5163
gid5163_20080810,-19.65467875,0.15473557663381504,gid5163
gid5163_20080811,-19.881215,0.15473557663381504,gid5163
gid5163_20080812,-19.79387075,0.15473557663381504,gid5163
gid5163_20080813,-19.33070175,0.15473557663381504,gid5163
gid5163_20080814,-19.1500125,0.15473557663381504,gid5163
gid5163_20080815,-19.12978775,0.15473557663381504,gid5163
gid5163_20080816,-18.978499,0.15473557663381504,gid5163
gid5163_20080817,-18.77609275,0.15473557663381504,gid5163
gid5163_20080818,-18.6606815,0.15473557663381504,gid5163
gid5163_20080819,-18.2046245,0.15473557663381504,gid5163
gid5163_20080820,-17.8609625,0.15473557663381504,gid5163
gid5163_20080821,-17.662652,0.15473557663381504,gid5163
gid5163_20080822,-17.612106,0.15473557663381504,gid5163
gid5163_20080823,-17.4261145,0.15473557663381504,gid5163
gid5163_20080824,-17.2986065,0.15473557663381504,gid5163
gid5163_20080825,-17.18484625,0.15473557663381504,gid5163
gid5163_20080826,-17.0583225,0.15473557663381504,gid5163
gid5163_20080827,-16.95465875,0.15473557663381504,gid5163
gid5163_20080828,-16.91509825,0.15473557663381504,gid5163
gid5163_20080829,-16.89020625,0.15473557663381504,gid5163
gid5163_20080830,-16.8144825,0.15473557663381504,gid5163
gid5163_20080831,-16.79387675,0.15473557663381504,gid5163
gid5163_20080901,-16.90843075,0.15473557663381504,gid5163
gid5163_20080902,-17.074769,0.15473557663381504,gid5163
gid5163_20080903,-17.21799325,0.15473557663381504,gid5163
gid5163_20080904,-17.31000475,0.15473557663381504,gid5163
gid5163_20080905,-17.4305595,0.15473557663381504,gid5163
gid5163_20080906,-17.520285,0.15473557663381504,gid5163
gid5163_20080907,-17.64941225,0.15473557663381504,gid5163
gid5163_20080908,-17.66516025,0.15473557663381504,gid5163
gid5163_20080909,-17.54984425,0.15473557663381504,gid5163
gid5163_20080910,-17.4576105,0.15473557663381504,gid5163
gid5163_20080911,-17.4499905,0.15473557663381504,gid5163
gid5163_20080912,-17.4686595,0.15473557663381504,gid5163
gid5163_20080913,-17.492218,0.15473557663381504,gid5163
gid5163_20080914,-17.642332,0.15473557663381504,gid5163
gid5163_20080915,-17.804638,0.15473557663381504,gid5163
gid5163_20080916,-17.85839075,0.15473557663381504,gid5163
gid5163_20080917,-17.9250975,0.15473557663381504,gid5163
gid5163_20080918,-17.949164,0.15473557663381504,gid5163
gid5163_20080919,-17.9926615,0.15473557663381504,gid5163
gid5163_20080920,-18.060162,0.15473557663381504,gid5163
gid5163_20080921,-18.2220235,0.15473557663381504,gid5163
gid5163_20080922,-18.358993,0.15473557663381504,gid5163
gid5163_20080923,-18.48640575,0.15473557663381504,gid5163
gid5163_20080924,-18.504154,0.15473557663381504,gid5163
gid5163_20080925,-18.5402855,0.15473557663381504,gid5163
gid5163_20080926,-18.59492725,0.15473557663381504,gid5163
gid5163_20080927,-18.6153425,0.15473557663381504,gid5163
gid5163_20080928,-18.662777,0.15473557663381504,gid5163
gid5163_20080929,-18.843879,0.15473557663381504,gid5163
gid5163_20080930,-18.98142,0.15473557663381504,gid5163
gid5163_20081001,-19.0235205,0.15473557663381504,gid5163
gid5163_20081002,-19.056477,0.15473557663381504,gid5163
gid5163_20081003,-19.143091,0.15473557663381504,gid5163
gid5163_20081004,-19.137376,0.15473557663381504,gid5163
gid5163_20081005,-19.15525125,0.15473557663381504,gid5163
gid5163_20081006,-19.28485475,0.15473557663381504,gid5163
gid5163_20081007,-19.28368,0.15473557663381504,gid5163
gid5163_20081008,-19.3270505,0.15473557663381504,gid5163
gid5163_20081009,-19.379184,0.15473557663381504,gid5163
gid5163_20081010,-19.4507485,0.15473557663381504,gid5163
gid5163_20081011,-19.40563175,0.15473557663381504,gid5163
gid5163_20081012,-19.3905505,0.15473557663381504,gid5163
gid5163_20081013,-19.404965,0.15473557663381504,gid5163
gid5163_20081014,-19.23507075,0.15473557663381504,gid5163
gid5163_20081015,-19.149949,0.15473557663381504,gid5163
gid5163_20081016,-18.990564,0.15473557663381504,gid5163
gid5163_20081017,-18.9703075,0.15473557663381504,gid5163
gid5163_20081018,-18.904204,0.15473557663381504,gid5163
gid5163_20081019,-18.90531525,0.15473557663381504,gid5163
gid5163_20081020,-19.0346965,0.15473557663381504,gid5163
gid5163_20081021,-19.05155575,0.15473557663381504,gid5163
gid5163_20081022,-19.060541,0.15473557663381504,gid5163
gid5163_20081023,-19.07035175,0.15473557663381504,gid5163
gid5163_20081024,-19.11581775,0.15473557663381504,gid5163
gid5163_20081025,-19.06514475,0.15473557663381504,gid5163
gid5163_20081026,-19.07613025,0.15473557663381504,gid5163
gid5163_20081027,-19.233007,0.15473557663381504,gid5163
gid5163_20081028,-19.23303875,0.15473557663381504,gid5163
gid5163_20081029,-19.21729075,0.15473557663381504,gid5163
gid5163_20081030,-19.24624675,0.15473557663381504,gid5163
gid5163_20081031,-19.30466675,0.15473557663381504,gid5163
gid5163_20081101,-19.23176875,0.15473557663381504,gid5163
gid5163_20081102,-19.222974,0.15473557663381504,gid5163
gid5163_20081103,-19.309969,0.15473557663381504,gid5163
gid5163_20081104,-19.3198115,0.15473557663381504,gid5163
gid5163_20081105,-19.2955545,0.15473557663381504,gid5163
gid5163_20081106,-19.30187275,0.15473557663381504,gid5163
gid5163_20081107,-19.30517475,0.15473557663381504,gid5163
gid5163_20081108,-19.2786,0.15473557663381504,gid5163
gid5163_20081109,-19.2183385,0.15473557663381504,gid5163
gid5163_20081110,-19.26123275,0.15473557663381504,gid5163
gid5163_20081111,-19.26942425,0.15473557663381504,gid5163
gid5163_20081112,-19.33540075,0.15473557663381504,gid5163
gid5163_20081113,-19.36537275,0.15473557663381504,gid5163
gid5163_20081114,-19.3855975,0.15473557663381504,gid5163
gid5163_20081115,-19.370421,0.15473557663381504,gid5163
gid5163_20081116,-19.27482175,0.15473557663381504,gid5163
gid5163_20081117,-19.3312415,0.15473557663381504,gid5163
gid5163_20081118,-19.35972125,0.15473557663381504,gid5163
gid5163_20081119,-19.4191255,0.15473557663381504,gid5163
gid5163_20081120,-19.42277675,0.15473557663381504,gid5163
gid5163_20081121,-19.43147625,0.15473557663381504,gid5163
gid5163_20081122,-19.30320625,0.15473557663381504,gid5163
gid5163_20081123,-19.1977645,0.15473557663381504,gid5163
gid5163_20081124,-19.305016,0.15473557663381504,gid5163
gid5163_20081125,-19.35699075,0.15473557663381504,gid5163
gid5163_20081126,-19.37667575,0.15473557663381504,gid5163
gid5163_20081127,-19.28891875,0.15473557663381504,gid5163
gid5163_20081128,-19.18109575,0.15473557663381504,gid5163
gid5163_20081129,-19.14013825,0.15473557663381504,gid5163
gid5163_20081130,-19.09391025,0.15473557663381504,gid5163
gid5163_20081201,-19.24237325,0.15473557663381504,gid5163
gid5163_20081202,-19.221704,0.15473557663381504,gid5163
gid5163_20081203,-19.22681575,0.15473557663381504,gid5163
gid5163_20081204,-19.2245615,0.15473557663381504,gid5163
gid5163_20081205,-19.172936,0.15473557663381504,gid5163
gid5163_20081206,-19.037808,0.15473557663381504,gid5163
gid5163_20081207,-18.98081675,0.15473557663381504,gid5163
gid5163_20081208,-19.05371475,0.15473557663381504,gid5163
gid5163_20081209,-19.073876,0.15473557663381504,gid5163
gid5163_20081210,-19.00805825,0.15473557663381504,gid5163
gid5163_20081211,-18.89712375,0.15473557663381504,gid5163
gid5163_20081212,-18.9146815,0.15473557663381504,gid5163
gid5163_20081213,-18.82911525,0.15473557663381504,gid5163
gid5163_20081214,-18.77742625,0.15473557663381504,gid5163
gid5163_20081215,-18.90252125,0.15473557663381504,gid5163
gid5163_20081216,-18.7996195,0.15473557663381504,gid5163
gid5163_20081217,-18.734659,0.15473557663381504,gid5163
gid5163_20081218,-18.702274,0.15473557663381504,gid5163
gid5163_20081219,-18.6764295,0.15473557663381504,gid5163
gid5163_20081220,-18.56882875,0.15473557663381504,gid5163
gid5163_20081221,-18.485739,0.15473557663381504,gid5163
gid5163_20081222,-18.48932675,0.15473557663381504,gid5163
gid5163_20081223,-18.44068575,0.15473557663381504,gid5163
gid5163_20081224,-18.550509,0.15473557663381504,gid5163
gid5163_20081225,-18.46456175,0.15473557663381504,gid5163
gid5163_20081226,-18.47091175,0.15473557663381504,gid5163
gid5163_20081227,-18.5385075,0.15473557663381504,gid5163
gid5163_20081228,-18.5600975,0.15473557663381504,gid5163
gid5163_20081229,-18.70452825,0.15473557663381504,gid5163
gid5163_20081230,-18.75393125,0.15473557663381504,gid5163
gid5163_20081231,-18.791682,0.15473557663381504,gid5163
gid5163_20090101,-18.72681675,0.15473557663381504,gid5163
gid5163_20090102,-18.74732725,0.15473557663381504,gid5163
gid5163_20090103,-18.7183395,0.15473557663381504,gid5163
gid5163_20090104,-18.711164,0.15473557663381504,gid5163
gid5163_20090105,-18.74916875,0.15473557663381504,gid5163
gid5163_20090106,-18.7003055,0.15473557663381504,gid5163
gid5163_20090107,-18.68363675,0.15473557663381504,gid5163
gid5163_20090108,-18.65353775,0.15473557663381504,gid5163
gid5163_20090109,-18.723102,0.15473557663381504,gid5163
gid5163_20090110,-18.73240475,0.15473557663381504,gid5163
gid5163_20090111,-18.653252,0.15473557663381504,gid5163
gid5163_20090112,-18.68001725,0.15473557663381504,gid5163
gid5163_20090113,-18.716879,0.15473557663381504,gid5163
gid5163_20090114,-18.72922975,0.15473557663381504,gid5163
gid5163_20090115,-18.821019,0.15473557663381504,gid5163
gid5163_20090116,-18.81952675,0.15473557663381504,gid5163
gid5163_20090117,-18.70027375,0.15473557663381504,gid5163
gid5163_20090118,-18.6561095,0.15473557663381504,gid5163
gid5163_20090119,-18.7564395,0.15473557663381504,gid5163
gid5163_20090120,-18.8284485,0.15473557663381504,gid5163
gid5163_20090121,-18.8584205,0.15473557663381504,gid5163
gid5163_20090122,-18.8447045,0.15473557663381504,gid5163
gid5163_20090123,-18.8996955,0.15473557663381504,gid5163
gid5163_20090124,-18.89674275,0.15473557663381504,gid5163
gid5163_20090125,-18.856579,0.15473557663381504,gid5163
gid5163_20090126,-18.90741075,0.15473557663381504,gid5163
gid5163_20090127,-18.93750975,0.15473557663381504,gid5163
gid5163_20090128,-18.956655,0.15473557663381504,gid5163
gid5163_20090129,-18.9684025,0.15473557663381504,gid5163
gid5163_20090130,-19.00047,0.15473557663381504,gid5163
gid5163_20090131,-18.95179725,0.15473557663381504,gid5163
gid5163_20090201,-18.928207,0.15473557663381504,gid5163
gid5163_20090202,-19.053175,0.15473557663381504,gid5163
gid5163_20090203,-19.1089915,0.15473557663381504,gid5163
gid5163_20090204,-19.22224375,0.15473557663381504,gid5163
gid5163_20090205,-19.33235275,0.15473557663381504,gid5163
gid5163_20090206,-19.48532425,0.15473557663381504,gid5163
gid5163_20090207,-19.45097075,0.15473557663381504,gid5163
gid5163_20090208,-19.47364025,0.15473557663381504,gid5163
gid5163_20090209,-19.484721,0.15473557663381504,gid5163
gid5163_20090210,-19.48259375,0.15473557663381504,gid5163
gid5163_20090211,-19.51440725,0.15473557663381504,gid5163
gid5163_20090212,-19.64210575,0.15473557663381504,gid5163
gid5163_20090213,-19.7516115,0.15473557663381504,gid5163
gid5163_20090214,-19.71106675,0.15473557663381504,gid5163
gid5163_20090215,-19.776567,0.15473557663381504,gid5163
gid5163_20090216,-19.951573,0.15473557663381504,gid5163
gid5163_20090217,-20.00551625,0.15473557663381504,gid5163
gid5163_20090218,-19.98068775,0.15473557663381504,gid5163
gid5163_20090219,-20.07339775,0.15473557663381504,gid5163
gid5163_20090220,-20.18826925,0.15473557663381504,gid5163
gid5163_20090221,-20.14521625,0.15473557663381504,gid5163
gid5163_20090222,-20.1662665,0.15473557663381504,gid5163
gid5163_20090223,-20.28571,0.15473557663381504,gid5163
gid5163_20090224,-20.295235,0.15473557663381504,gid5163
gid5163_20090225,-20.4073125,0.15473557663381504,gid5163
gid5163_20090226,-20.5287245,0.15473557663381504,gid5163
gid5163_20090227,-20.5953995,0.15473557663381504,gid5163
gid5163_20090228,-20.564856,0.15473557663381504,gid5163
gid5163_20090301,-20.47427325,0.15473557663381504,gid5163
gid5163_20090302,-20.54882225,0.15473557663381504,gid5163
gid5163_20090303,-20.61860875,0.15473557663381504,gid5163
gid5163_20090304,-20.74554525,0.15473557663381504,gid5163
gid5163_20090305,-20.7993615,0.15473557663381504,gid5163
gid5163_20090306,-20.910296,0.15473557663381504,gid5163
gid5163_20090307,-20.8626075,0.15473557663381504,gid5163
gid5163_20090308,-20.84974875,0.15473557663381504,gid5163
gid5163_20090309,-20.925282,0.15473557663381504,gid5163
gid5163_20090310,-20.902168,0.15473557663381504,gid5163
gid5163_20090311,-20.79812325,0.15473557663381504,gid5163
gid5163_20090312,-20.28510675,0.15473557663381504,gid5163
gid5163_20090313,-19.7660895,0.15473557663381504,gid5163
gid5163_20090314,-19.4289045,0.15473557663381504,gid5163
gid5163_20090315,-19.24478625,0.15473557663381504,gid5163
gid5163_20090316,-19.29450675,0.15473557663381504,gid5163
gid5163_20090317,-19.352641,0.15473557663381504,gid5163
gid5163_20090318,-19.417157,0.15473557663381504,gid5163
gid5163_20090319,-19.51034325,0.15473557663381504,gid5163
gid5163_20090320,-19.6534405,0.15473557663381504,gid5163
gid5163_20090321,-19.74211825,0.15473557663381504,gid5163
gid5163_20090322,-19.77634475,0.15473557663381504,gid5163
gid5163_20090323,-19.90725,0.15473557663381504,gid5163
gid5163_20090324,-19.9176005,0.15473557663381504,gid5163
gid5163_20090325,-19.98710125,0.15473557663381504,gid5163
gid5163_20090326,-19.99326075,0.15473557663381504,gid5163
gid5163_20090327,-19.90321775,0.15473557663381504,gid5163
gid5163_20090328,-19.86486375,0.15473557663381504,gid5163
gid5163_20090329,-19.89858225,0.15473557663381504,gid5163
gid5163_20090330,-20.08330375,0.15473557663381504,gid5163
gid5163_20090331,-20.19506375,0.15473557663381504,gid5163
gid5163_20090401,-20.20858925,0.15473557663381504,gid5163
gid5163_20090402,-20.29660025,0.15473557663381504,gid5163
gid5163_20090403,-20.42118725,0.15473557663381504,gid5163
gid5163_20090404,-20.5613,0.15473557663381504,gid5163
gid5163_20090405,-20.80771175,0.15473557663381504,gid5163
gid5163_20090406,-21.07555475,0.15473557663381504,gid5163
gid5163_20090407,-21.1544535,0.15473557663381504,gid5163
gid5163_20090408,-21.329777,0.15473557663381504,gid5163
gid5163_20090409,-21.52640475,0.15473557663381504,gid5163
gid5163_20090410,-21.69836275,0.15473557663381504,gid5163
gid5163_20090411,-21.49370225,0.15473557663381504,gid5163
gid5163_20090412,-21.19503,0.15473557663381504,gid5163
gid5163_20090413,-21.2326855,0.15473557663381504,gid5163
gid5163_20090414,-21.4852885,0.15473557663381504,gid5163
gid5163_20090415,-21.649563,0.15473557663381504,gid5163
gid5163_20090416,-21.6314655,0.15473557663381504,gid5163
gid5163_20090417,-21.37260775,0.15473557663381504,gid5163
gid5163_20090418,-20.91966225,0.15473557663381504,gid5163
gid5163_20090419,-20.7439895,0.15473557663381504,gid5163
gid5163_20090420,-20.82847625,0.15473557663381504,gid5163
gid5163_20090421,-21.027517,0.15473557663381504,gid5163
gid5163_20090422,-21.27570675,0.15473557663381504,gid5163
gid5163_20090423,-21.53618375,0.15473557663381504,gid5163
gid5163_20090424,-21.7687525,0.15473557663381504,gid5163
gid5163_20090425,-21.81145625,0.15473557663381504,gid5163
gid5163_20090426,-21.79932775,0.15473557663381504,gid5163
gid5163_20090427,-21.90638875,0.15473557663381504,gid5163
gid5163_20090428,-21.71576175,0.15473557663381504,gid5163
gid5163_20090429,-21.586444,0.15473557663381504,gid5163
gid5163_20090430,-21.63175125,0.15473557663381504,gid5163
gid5163_20090501,-21.71715875,0.15473557663381504,gid5163
gid5163_20090502,-21.80717,0.15473557663381504,gid5163
gid5163_20090503,-21.90200725,0.15473557663381504,gid5163
gid5163_20090504,-22.28300725,0.15473557663381504,gid5163
gid5163_20090505,-22.4875725,0.15473557663381504,gid5163
gid5163_20090506,-22.70115475,0.15473557663381504,gid5163
gid5163_20090507,-23.02881475,0.15473557663381504,gid5163
gid5163_20090508,-23.3001185,0.15473557663381504,gid5163
gid5163_20090509,-23.47087,0.15473557663381504,gid5163
gid5163_20090510,-23.5572935,0.15473557663381504,gid5163
gid5163_20090511,-23.80351475,0.15473557663381504,gid5163
gid5163_20090512,-24.12984125,0.15473557663381504,gid5163
gid5163_20090513,-24.349075,0.15473557663381504,gid5163
gid5163_20090514,-24.53312975,0.15473557663381504,gid5163
gid5163_20090515,-24.6912765,0.15473557663381504,gid5163
gid5163_20090516,-24.49756975,0.15473557663381504,gid5163
gid5163_20090517,-23.824692,0.15473557663381504,gid5163
gid5163_20090518,-23.64698725,0.15473557663381504,gid5163
gid5163_20090519,-23.56361175,0.15473557663381504,gid5163
gid5163_20090520,-23.540339,0.15473557663381504,gid5163
gid5163_20090521,-23.528909,0.15473557663381504,gid5163
gid5163_20090522,-23.612475,0.15473557663381504,gid5163
gid5163_20090523,-23.4145455,0.15473557663381504,gid5163
gid5163_20090524,-22.99617575,0.15473557663381504,gid5163
gid5163_20090525,-22.745954,0.15473557663381504,gid5163
gid5163_20090526,-22.60196775,0.15473557663381504,gid5163
gid5163_20090527,-22.4135315,0.15473557663381504,gid5163
gid5163_20090528,-22.3736535,0.15473557663381504,gid5163
gid5163_20090529,-22.450298,0.15473557663381504,gid5163
gid5163_20090530,-22.50125675,0.15473557663381504,gid5163
gid5163_20090531,-22.5338005,0.15473557663381504,gid5163
gid5163_20090601,-22.81780425,0.15473557663381504,gid5163
gid5163_20090602,-23.049357,0.15473557663381504,gid5163
gid5163_20090603,-23.0834565,0.15473557663381504,gid5163
gid5163_20090604,-22.92613525,0.15473557663381504,gid5163
gid5163_20090605,-22.95820275,0.15473557663381504,gid5163
gid5163_20090606,-22.97433175,0.15473557663381504,gid5163
gid5163_20090607,-22.9991285,0.15473557663381504,gid5163
gid5163_20090608,-23.326852,0.15473557663381504,gid5163
gid5163_20090609,-23.68680175,0.15473557663381504,gid5163
gid5163_20090610,-24.1865785,0.15473557663381504,gid5163
gid5163_20090611,-24.3144675,0.15473557663381504,gid5163
gid5163_20090612,-24.51903275,0.15473557663381504,gid5163
gid5163_20090613,-24.8182765,0.15473557663381504,gid5163
gid5163_20090614,-24.9160665,0.15473557663381504,gid5163
gid5163_20090615,-25.331801,0.15473557663381504,gid5163
gid5163_20090616,-25.68120975,0.15473557663381504,gid5163
gid5163_20090617,-25.952704,0.15473557663381504,gid5163
gid5163_20090618,-26.12901175,0.15473557663381504,gid5163
gid5163_20090619,-26.22153125,0.15473557663381504,gid5163
gid5163_20090620,-26.20464025,0.15473557663381504,gid5163
gid5163_20090621,-26.145871,0.15473557663381504,gid5163
gid5163_20090622,-26.44174925,0.15473557663381504,gid5163
gid5163_20090623,-26.8128115,0.15473557663381504,gid5163
gid5163_20090624,-27.052016,0.15473557663381504,gid5163
gid5163_20090625,-27.220672,0.15473557663381504,gid5163
gid5163_20090626,-27.342211,0.15473557663381504,gid5163
gid5163_20090627,-27.232356,0.15473557663381504,gid5163
gid5163_20090628,-27.04338,0.15473557663381504,gid5163
gid5163_20090629,-27.28407675,0.15473557663381504,gid5163
gid5163_20090630,-27.5346795,0.15473557663381504,gid5163
gid5163_20090701,-27.563572,0.15473557663381504,gid5163
gid5163_20090702,-27.69212775,0.15473557663381504,gid5163
gid5163_20090703,-27.61764225,0.15473557663381504,gid5163
gid5163_20090704,-27.358975,0.15473557663381504,gid5163
gid5163_20090705,-27.0377285,0.15473557663381504,gid5163
gid5163_20090706,-27.28642625,0.15473557663381504,gid5163
gid5163_20090707,-27.043888,0.15473557663381504,gid5163
gid5163_20090708,-26.85703925,0.15473557663381504,gid5163
gid5163_20090709,-26.70184525,0.15473557663381504,gid5163
gid5163_20090710,-26.703655,0.15473557663381504,gid5163
gid5163_20090711,-26.46934,0.15473557663381504,gid5163
gid5163_20090712,-26.23943825,0.15473557663381504,gid5163
gid5163_20090713,-26.490549,0.15473557663381504,gid5163
gid5163_20090714,-26.71064,0.15473557663381504,gid5163
gid5163_20090715,-26.810462,0.15473557663381504,gid5163
gid5163_20090716,-26.94238325,0.15473557663381504,gid5163
gid5163_20090717,-26.9549245,0.15473557663381504,gid5163
gid5163_20090718,-26.479627,0.15473557663381504,gid5163
gid5163_20090719,-26.15714225,0.15473557663381504,gid5163
gid5163_20090720,-26.3055735,0.15473557663381504,gid5163
gid5163_20090721,-26.35189675,0.15473557663381504,gid5163
gid5163_20090722,-26.60043575,0.15473557663381504,gid5163
gid5163_20090723,-26.661618,0.15473557663381504,gid5163
gid5163_20090724,-26.7749655,0.15473557663381504,gid5163
gid5163_20090725,-26.52487075,0.15473557663381504,gid5163
gid5163_20090726,-26.373709,0.15473557663381504,gid5163
gid5163_20090727,-26.61840625,0.15473557663381504,gid5163
gid5163_20090728,-26.826845,0.15473557663381504,gid5163
gid5163_20090729,-26.98518225,0.15473557663381504,gid5163
gid5163_20090730,-26.97857825,0.15473557663381504,gid5163
gid5163_20090731,-26.65676025,0.15473557663381504,gid5163
gid5163_20090801,-26.376503,0.15473557663381504,gid5163
gid5163_20090802,-26.23232625,0.15473557663381504,gid5163
gid5163_20090803,-26.48277025,0.15473557663381504,gid5163
gid5163_20090804,-26.734516,0.15473557663381504,gid5163
gid5163_20090805,-26.798905,0.15473557663381504,gid5163
gid5163_20090806,-26.74839075,0.15473557663381504,gid5163
gid5163_20090807,-26.84935575,0.15473557663381504,gid5163
gid5163_20090808,-26.78699875,0.15473557663381504,gid5163
gid5163_20090809,-26.52271175,0.15473557663381504,gid5163
gid5163_20090810,-26.7778865,0.15473557663381504,gid5163
gid5163_20090811,-27.00670875,0.15473557663381504,gid5163
gid5163_20090812,-27.1050385,0.15473557663381504,gid5163
gid5163_20090813,-26.68679575,0.15473557663381504,gid5163
gid5163_20090814,-26.6604115,0.15473557663381504,gid5163
gid5163_20090815,-26.49000925,0.15473557663381504,gid5163
gid5163_20090816,-26.3209405,0.15473557663381504,gid5163
gid5163_20090817,-26.621867,0.15473557663381504,gid5163
gid5163_20090818,-26.87221575,0.15473557663381504,gid5163
gid5163_20090819,-26.93577925,0.15473557663381504,gid5163
gid5163_20090820,-26.914856,0.15473557663381504,gid5163
gid5163_20090821,-26.968577,0.15473557663381504,gid5163
gid5163_20090822,-26.68323975,0.15473557663381504,gid5163
gid5163_20090823,-26.42384225,0.15473557663381504,gid5163
gid5163_20090824,-26.72680075,0.15473557663381504,gid5163
gid5163_20090825,-26.9072995,0.15473557663381504,gid5163
gid5163_20090826,-27.0816705,0.15473557663381504,gid5163
gid5163_20090827,-27.03693475,0.15473557663381504,gid5163
gid5163_20090828,-26.67415925,0.15473557663381504,gid5163
gid5163_20090829,-26.28668225,0.15473557663381504,gid5163
gid5163_20090830,-26.25613875,0.15473557663381504,gid5163
gid5163_20090831,-26.7208635,0.15473557663381504,gid5163
gid5163_20090901,-26.94562175,0.15473557663381504,gid5163
gid5163_20090902,-27.006296,0.15473557663381504,gid5163
gid5163_20090903,-26.9532735,0.15473557663381504,gid5163
gid5163_20090904,-26.92326975,0.15473557663381504,gid5163
gid5163_20090905,-26.49813725,0.15473557663381504,gid5163
gid5163_20090906,-26.06690875,0.15473557663381504,gid5163
gid5163_20090907,-26.20718025,0.15473557663381504,gid5163
gid5163_20090908,-26.3841865,0.15473557663381504,gid5163
gid5163_20090909,-26.1648575,0.15473557663381504,gid5163
gid5163_20090910,-25.57548225,0.15473557663381504,gid5163
gid5163_20090911,-24.57135675,0.15473557663381504,gid5163
gid5163_20090912,-23.79195775,0.15473557663381504,gid5163
gid5163_20090913,-23.45013725,0.15473557663381504,gid5163
gid5163_20090914,-23.5710095,0.15473557663381504,gid5163
gid5163_20090915,-23.62355575,0.15473557663381504,gid5163
gid5163_20090916,-23.80033975,0.15473557663381504,gid5163
gid5163_20090917,-23.90193975,0.15473557663381504,gid5163
gid5163_20090918,-24.02576475,0.15473557663381504,gid5163
gid5163_20090919,-23.9724565,0.15473557663381504,gid5163
gid5163_20090920,-23.9452785,0.15473557663381504,gid5163
gid5163_20090921,-24.2123595,0.15473557663381504,gid5163
gid5163_20090922,-24.233378,0.15473557663381504,gid5163
gid5163_20090923,-23.847298,0.15473557663381504,gid5163
gid5163_20090924,-23.68972275,0.15473557663381504,gid5163
gid5163_20090925,-23.65047975,0.15473557663381504,gid5163
gid5163_20090926,-23.69334225,0.15473557663381504,gid5163
gid5163_20090927,-23.7428405,0.15473557663381504,gid5163
gid5163_20090928,-24.0265585,0.15473557663381504,gid5163
gid5163_20090929,-24.167084,0.15473557663381504,gid5163
gid5163_20090930,-24.267033,0.15473557663381504,gid5163
gid5163_20091001,-24.28713075,0.15473557663381504,gid5163
gid5163_20091002,-24.324183,0.15473557663381504,gid5163
gid5163_20091003,-24.19778625,0.15473557663381504,gid5163
gid5163_20091004,-23.386796,0.15473557663381504,gid5163
gid5163_20091005,-22.24185925,0.15473557663381504,gid5163
gid5163_20091006,-21.8332685,0.15473557663381504,gid5163
gid5163_20091007,-21.722715,0.15473557663381504,gid5163
gid5163_20091008,-21.7612595,0.15473557663381504,gid5163
gid5163_20091009,-21.57536325,0.15473557663381504,gid5163
gid5163_20091010,-21.07980925,0.15473557663381504,gid5163
gid5163_20091011,-20.87095775,0.15473557663381504,gid5163
gid5163_20091012,-20.81907825,0.15473557663381504,gid5163
gid5163_20091013,-20.839049,0.15473557663381504,gid5163
gid5163_20091014,-20.84200175,0.15473557663381504,gid5163
gid5163_20091015,-20.86505225,0.15473557663381504,gid5163
gid5163_20091016,-20.940141,0.15473557663381504,gid5163
gid5163_20091017,-20.96449325,0.15473557663381504,gid5163
gid5163_20091018,-20.97725675,0.15473557663381504,gid5163
gid5163_20091019,-21.12972025,0.15473557663381504,gid5163
gid5163_20091020,-21.22471625,0.15473557663381504,gid5163
gid5163_20091021,-21.27323025,0.15473557663381504,gid5163
gid5163_20091022,-20.67772725,0.15473557663381504,gid5163
gid5163_20091023,-20.1751565,0.15473557663381504,gid5163
gid5163_20091024,-19.90671025,0.15473557663381504,gid5163
gid5163_20091025,-19.69563625,0.15473557663381504,gid5163
gid5163_20091026,-19.57930425,0.15473557663381504,gid5163
gid5163_20091027,-19.1169925,0.15473557663381504,gid5163
gid5163_20091028,-18.9173485,0.15473557663381504,gid5163
gid5163_20091029,-18.8179075,0.15473557663381504,gid5163
gid5163_20091030,-18.773267,0.15473557663381504,gid5163
gid5163_20091031,-18.7545345,0.15473557663381504,gid5163
gid5163_20091101,-18.74015175,0.15473557663381504,gid5163
gid5163_20091102,-18.877788,0.15473557663381504,gid5163
gid5163_20091103,-19.00659775,0.15473557663381504,gid5163
gid5163_20091104,-19.132931,0.15473557663381504,gid5163
gid5163_20091105,-19.2479295,0.15473557663381504,gid5163
gid5163_20091106,-19.266789,0.15473557663381504,gid5163
gid5163_20091107,-19.2180845,0.15473557663381504,gid5163
gid5163_20091108,-19.15480675,0.15473557663381504,gid5163
gid5163_20091109,-19.12877175,0.15473557663381504,gid5163
gid5163_20091110,-19.17703175,0.15473557663381504,gid5163
gid5163_20091111,-19.2530095,0.15473557663381504,gid5163
gid5163_20091112,-19.2648205,0.15473557663381504,gid5163
gid5163_20091113,-19.2659,0.15473557663381504,gid5163
gid5163_20091114,-19.28523575,0.15473557663381504,gid5163
gid5163_20091115,-19.3163825,0.15473557663381504,gid5163
gid5163_20091116,-19.43446075,0.15473557663381504,gid5163
gid5163_20091117,-19.439509,0.15473557663381504,gid5163
gid5163_20091118,-19.49967525,0.15473557663381504,gid5163
gid5163_20091119,-19.549872,0.15473557663381504,gid5163
gid5163_20091120,-19.380454,0.15473557663381504,gid5163
gid5163_20091121,-18.75069275,0.15473557663381504,gid5163
gid5163_20091122,-18.4459245,0.15473557663381504,gid5163
gid5163_20091123,-18.38658375,0.15473557663381504,gid5163
gid5163_20091124,-18.4532905,0.15473557663381504,gid5163
gid5163_20091125,-18.529808,0.15473557663381504,gid5163
gid5163_20091126,-18.57270225,0.15473557663381504,gid5163
gid5163_20091127,-18.47522975,0.15473557663381504,gid5163
gid5163_20091128,-18.42487425,0.15473557663381504,gid5163
gid5163_20091129,-18.38785375,0.15473557663381504,gid5163
gid5163_20091130,-18.5001535,0.15473557663381504,gid5163
gid5163_20091201,-18.48030975,0.15473557663381504,gid5163
gid5163_20091202,-18.3878855,0.15473557663381504,gid5163
gid5163_20091203,-18.387568,0.15473557663381504,gid5163
gid5163_20091204,-18.37699525,0.15473557663381504,gid5163
gid5163_20091205,-18.325846,0.15473557663381504,gid5163
gid5163_20091206,-18.30174775,0.15473557663381504,gid5163
gid5163_20091207,-18.39687075,0.15473557663381504,gid5163
gid5163_20091208,-18.3814085,0.15473557663381504,gid5163
gid5163_20091209,-18.4235725,0.15473557663381504,gid5163
gid5163_20091210,-18.4488455,0.15473557663381504,gid5163
gid5163_20091211,-18.4926605,0.15473557663381504,gid5163
gid5163_20091212,-18.43281175,0.15473557663381504,gid5163
gid5163_20091213,-18.43395475,0.15473557663381504,gid5163
gid5163_20091214,-18.562828,0.15473557663381504,gid5163
gid5163_20091215,-18.66318975,0.15473557663381504,gid5163
gid5163_20091216,-18.73799275,0.15473557663381504,gid5163
gid5163_20091217,-18.6920505,0.15473557663381504,gid5163
gid5163_20091218,-18.67912825,0.15473557663381504,gid5163
gid5163_20091219,-18.6418855,0.15473557663381504,gid5163
gid5163_20091220,-18.6295665,0.15473557663381504,gid5163
gid5163_20091221,-18.6105165,0.15473557663381504,gid5163
gid5163_20091222,-18.61448525,0.15473557663381504,gid5163
gid5163_20091223,-18.61321525,0.15473557663381504,gid5163
gid5163_20091224,-18.59568925,0.15473557663381504,gid5163
gid5163_20091225,-18.54361925,0.15473557663381504,gid5163
gid5163_20091226,-18.504281,0.15473557663381504,gid5163
gid5163_20091227,-18.54927075,0.15473557663381504,gid5163
gid5163_20091228,-18.637885,0.15473557663381504,gid5163
gid5163_20091229,-18.6511565,0.15473557663381504,gid5163
gid5163_20091230,-18.612612,0.15473557663381504,gid5163
gid5163_20091231,-18.620613,0.15473557663381504,gid5163
gid5163_20100101,-18.61080225,0.15473557663381504,gid5163
gid5163_20100102,-18.57911575,0.15473557663381504,gid5163
gid5163_20100103,-18.5633995,0.15473557663381504,gid5163
gid5163_20100104,-18.69201875,0.15473557663381504,gid5163
gid5163_20100105,-18.7678695,0.15473557663381504,gid5163
gid5163_20100106,-18.791174,0.15473557663381504,gid5163
gid5163_20100107,-18.8582935,0.15473557663381504,gid5163
gid5163_20100108,-18.93928775,0.15473557663381504,gid5163
gid5163_20100109,-19.090513,0.15473557663381504,gid5163
gid5163_20100110,-19.24821525,0.15473557663381504,gid5163
gid5163_20100111,-19.33508325,0.15473557663381504,gid5163
gid5163_20100112,-19.331051,0.15473557663381504,gid5163
gid5163_20100113,-19.23684875,0.15473557663381504,gid5163
gid5163_20100114,-19.153886,0.15473557663381504,gid5163
gid5163_20100115,-18.63334475,0.15473557663381504,gid5163
gid5163_20100116,-17.874488,0.15473557663381504,gid5163
gid5163_20100117,-17.54349425,0.15473557663381504,gid5163
gid5163_20100118,-17.381347,0.15473557663381504,gid5163
gid5163_20100119,-17.1876085,0.15473557663381504,gid5163
gid5163_20100120,-16.8905555,0.15473557663381504,gid5163
gid5163_20100121,-16.781907,0.15473557663381504,gid5163
gid5163_20100122,-16.7941625,0.15473557663381504,gid5163
gid5163_20100123,-16.768445,0.15473557663381504,gid5163
gid5163_20100124,-16.8420415,0.15473557663381504,gid5163
gid5163_20100125,-16.94843575,0.15473557663381504,gid5163
gid5163_20100126,-17.01987325,0.15473557663381504,gid5163
gid5163_20100127,-17.0444795,0.15473557663381504,gid5163
gid5163_20100128,-17.05492525,0.15473557663381504,gid5163
gid5163_20100129,-16.98888525,0.15473557663381504,gid5163
gid5163_20100130,-16.89846125,0.15473557663381504,gid5163
gid5163_20100131,-16.8664255,0.15473557663381504,gid5163
gid5163_20100201,-16.919702,0.15473557663381504,gid5163
gid5163_20100202,-16.92043225,0.15473557663381504,gid5163
gid5163_20100203,-16.80911675,0.15473557663381504,gid5163
gid5163_20100204,-16.33185075,0.15473557663381504,gid5163
gid5163_20100205,-16.0298765,0.15473557663381504,gid5163
gid5163_20100206,-15.81692925,0.15473557663381504,gid5163
gid5163_20100207,-15.620873,0.15473557663381504,gid5163
gid5163_20100208,-15.54413325,0.15473557663381504,gid5163
gid5163_20100209,-15.52476575,0.15473557663381504,gid5163
gid5163_20100210,-15.463139,0.15473557663381504,gid5163
gid5163_20100211,-15.358618,0.15473557663381504,gid5163
gid5163_20100212,-15.2664795,0.15473557663381504,gid5163
gid5163_20100213,-15.1716105,0.15473557663381504,gid5163
gid5163_20100214,-15.10020475,0.15473557663381504,gid5163
gid5163_20100215,-15.13011325,0.15473557663381504,gid5163
gid5163_20100216,-15.17424575,0.15473557663381504,gid5163
gid5163_20100217,-15.1747855,0.15473557663381504,gid5163
gid5163_20100218,-15.14192425,0.15473557663381504,gid5163
gid5163_20100219,-15.069566,0.15473557663381504,gid5163
gid5163_20100220,-14.92361125,0.15473557663381504,gid5163
gid5163_20100221,-14.86011125,0.15473557663381504,gid5163
gid5163_20100222,-14.889734,0.15473557663381504,gid5163
gid5163_20100223,-14.847189,0.15473557663381504,gid5163
gid5163_20100224,-14.81407375,0.15473557663381504,gid5163
gid5163_20100225,-14.784959,0.15473557663381504,gid5163
gid5163_20100226,-14.801342,0.15473557663381504,gid5163
gid5163_20100227,-14.8302345,0.15473557663381504,gid5163
gid5163_20100228,-14.84106125,0.15473557663381504,gid5163
gid5163_20100301,-14.866239,0.15473557663381504,gid5163
gid5163_20100302,-14.9456775,0.15473557663381504,gid5163
gid5163_20100303,-15.1092535,0.15473557663381504,gid5163
gid5163_20100304,-15.22942725,0.15473557663381504,gid5163
gid5163_20100305,-15.33178925,0.15473557663381504,gid5163
gid5163_20100306,-15.36423775,0.15473557663381504,gid5163
gid5163_20100307,-15.3829385,0.15473557663381504,gid5163
gid5163_20100308,-15.43027775,0.15473557663381504,gid5163
gid5163_20100309,-15.439136,0.15473557663381504,gid5163
gid5163_20100310,-15.4943175,0.15473557663381504,gid5163
gid5163_20100311,-15.560421,0.15473557663381504,gid5163
gid5163_20100312,-15.64820975,0.15473557663381504,gid5163
gid5163_20100313,-15.66751375,0.15473557663381504,gid5163
gid5163_20100314,-15.70027975,0.15473557663381504,gid5163
gid5163_20100315,-15.85502925,0.15473557663381504,gid5163
gid5163_20100316,-15.8496,0.15473557663381504,gid5163
gid5163_20100317,-15.793847,0.15473557663381504,gid5163
gid5163_20100318,-15.79076725,0.15473557663381504,gid5163
gid5163_20100319,-15.79413275,0.15473557663381504,gid5163
gid5163_20100320,-15.7640655,0.15473557663381504,gid5163
gid5163_20100321,-15.67189525,0.15473557663381504,gid5163
gid5163_20100322,-15.7111065,0.15473557663381504,gid5163
gid5163_20100323,-15.6859605,0.15473557663381504,gid5163
gid5163_20100324,-15.718155,0.15473557663381504,gid5163
gid5163_20100325,-15.691104,0.15473557663381504,gid5163
gid5163_20100326,-15.68554775,0.15473557663381504,gid5163
gid5163_20100327,-15.66014775,0.15473557663381504,gid5163
gid5163_20100328,-15.72790225,0.15473557663381504,gid5163
gid5163_20100329,-15.8586805,0.15473557663381504,gid5163
gid5163_20100330,-15.943199,0.15473557663381504,gid5163
gid5163_20100331,-16.01962125,0.15473557663381504,gid5163
gid5163_20100401,-16.1002345,0.15473557663381504,gid5163
gid5163_20100402,-16.165703,0.15473557663381504,gid5163
gid5163_20100403,-16.262096,0.15473557663381504,gid5163
gid5163_20100404,-16.32458,0.15473557663381504,gid5163
gid5163_20100405,-16.3802695,0.15473557663381504,gid5163
gid5163_20100406,-16.410178,0.15473557663381504,gid5163
gid5163_20100407,-16.423259,0.15473557663381504,gid5163
gid5163_20100408,-16.51174625,0.15473557663381504,gid5163
gid5163_20100409,-16.572103,0.15473557663381504,gid5163
gid5163_20100410,-16.5762305,0.15473557663381504,gid5163
gid5163_20100411,-16.599662,0.15473557663381504,gid5163
gid5163_20100412,-16.663797,0.15473557663381504,gid5163
gid5163_20100413,-16.68668875,0.15473557663381504,gid5163
gid5163_20100414,-16.695166,0.15473557663381504,gid5163
gid5163_20100415,-16.572992,0.15473557663381504,gid5163
gid5163_20100416,-16.326739,0.15473557663381504,gid5163
gid5163_20100417,-16.0513395,0.15473557663381504,gid5163
gid5163_20100418,-15.580614,0.15473557663381504,gid5163
gid5163_20100419,-15.31032625,0.15473557663381504,gid5163
gid5163_20100420,-15.067661,0.15473557663381504,gid5163
gid5163_20100421,-14.99263575,0.15473557663381504,gid5163
gid5163_20100422,-14.85801575,0.15473557663381504,gid5163
gid5163_20100423,-14.82080475,0.15473557663381504,gid5163
gid5163_20100424,-14.7744815,0.15473557663381504,gid5163
gid5163_20100425,-14.7752435,0.15473557663381504,gid5163
gid5163_20100426,-14.88093925,0.15473557663381504,gid5163
gid5163_20100427,-14.9826345,0.15473557663381504,gid5163
gid5163_20100428,-15.06680375,0.15473557663381504,gid5163
gid5163_20100429,-15.1427815,0.15473557663381504,gid5163
gid5163_20100430,-15.2592405,0.15473557663381504,gid5163
gid5163_20100501,-15.371445,0.15473557663381504,gid5163
gid5163_20100502,-15.41110075,0.15473557663381504,gid5163
gid5163_20100503,-15.60064825,0.15473557663381504,gid5163
gid5163_20100504,-15.76155725,0.15473557663381504,gid5163
gid5163_20100505,-15.9684085,0.15473557663381504,gid5163
gid5163_20100506,-16.21736025,0.15473557663381504,gid5163
gid5163_20100507,-16.475329,0.15473557663381504,gid5163
gid5163_20100508,-16.69259425,0.15473557663381504,gid5163
gid5163_20100509,-16.7318055,0.15473557663381504,gid5163
gid5163_20100510,-16.8711245,0.15473557663381504,gid5163
gid5163_20100511,-17.10077225,0.15473557663381504,gid5163
gid5163_20100512,-17.24288525,0.15473557663381504,gid5163
gid5163_20100513,-17.33407125,0.15473557663381504,gid5163
gid5163_20100514,-17.17284475,0.15473557663381504,gid5163
gid5163_20100515,-16.2889565,0.15473557663381504,gid5163
gid5163_20100516,-15.75165125,0.15473557663381504,gid5163
gid5163_20100517,-15.533243,0.15473557663381504,gid5163
gid5163_20100518,-15.236698,0.15473557663381504,gid5163
gid5163_20100519,-15.02514775,0.15473557663381504,gid5163
gid5163_20100520,-14.90360875,0.15473557663381504,gid5163
gid5163_20100521,-14.84823675,0.15473557663381504,gid5163
gid5163_20100522,-14.78829275,0.15473557663381504,gid5163
gid5163_20100523,-14.7742275,0.15473557663381504,gid5163
gid5163_20100524,-14.845919,0.15473557663381504,gid5163
gid5163_20100525,-14.874621,0.15473557663381504,gid5163
gid5163_20100526,-14.879193,0.15473557663381504,gid5163
gid5163_20100527,-14.9310725,0.15473557663381504,gid5163
gid5163_20100528,-15.05702475,0.15473557663381504,gid5163
gid5163_20100529,-15.1326215,0.15473557663381504,gid5163
gid5163_20100530,-15.24720725,0.15473557663381504,gid5163
gid5163_20100531,-15.453106,0.15473557663381504,gid5163
gid5163_20100601,-15.69335825,0.15473557663381504,gid5163
gid5163_20100602,-15.882747,0.15473557663381504,gid5163
gid5163_20100603,-15.81108725,0.15473557663381504,gid5163
gid5163_20100604,-15.743936,0.15473557663381504,gid5163
gid5163_20100605,-15.77927375,0.15473557663381504,gid5163
gid5163_20100606,-15.8409005,0.15473557663381504,gid5163
gid5163_20100607,-16.0352105,0.15473557663381504,gid5163
gid5163_20100608,-16.0856295,0.15473557663381504,gid5163
gid5163_20100609,-15.94526275,0.15473557663381504,gid5163
gid5163_20100610,-15.8562675,0.15473557663381504,gid5163
gid5163_20100611,-15.939389,0.15473557663381504,gid5163
gid5163_20100612,-15.98831575,0.15473557663381504,gid5163
gid5163_20100613,-16.06140425,0.15473557663381504,gid5163
gid5163_20100614,-16.229457,0.15473557663381504,gid5163
gid5163_20100615,-16.43154575,0.15473557663381504,gid5163
gid5163_20100616,-16.6531925,0.15473557663381504,gid5163
gid5163_20100617,-16.81095825,0.15473557663381504,gid5163
gid5163_20100618,-16.93865675,0.15473557663381504,gid5163
gid5163_20100619,-17.033748,0.15473557663381504,gid5163
gid5163_20100620,-17.09702575,0.15473557663381504,gid5163
gid5163_20100621,-17.29952725,0.15473557663381504,gid5163
gid5163_20100622,-17.535398,0.15473557663381504,gid5163
gid5163_20100623,-17.72199275,0.15473557663381504,gid5163
gid5163_20100624,-17.87794875,0.15473557663381504,gid5163
gid5163_20100625,-18.01847425,0.15473557663381504,gid5163
gid5163_20100626,-18.1378225,0.15473557663381504,gid5163
gid5163_20100627,-18.1999255,0.15473557663381504,gid5163
gid5163_20100628,-18.359247,0.15473557663381504,gid5163
gid5163_20100629,-17.99844,0.15473557663381504,gid5163
gid5163_20100630,-17.7064035,0.15473557663381504,gid5163
gid5163_20100701,-17.43027375,0.15473557663381504,gid5163
gid5163_20100702,-17.13176025,0.15473557663381504,gid5163
gid5163_20100703,-16.75895175,0.15473557663381504,gid5163
gid5163_20100704,-16.54616325,0.15473557663381504,gid5163
gid5163_20100705,-16.43726075,0.15473557663381504,gid5163
gid5163_20100706,-16.49434725,0.15473557663381504,gid5163
gid5163_20100707,-16.554196,0.15473557663381504,gid5163
gid5163_20100708,-16.5377495,0.15473557663381504,gid5163
gid5163_20100709,-16.45281825,0.15473557663381504,gid5163
gid5163_20100710,-16.3870005,0.15473557663381504,gid5163
gid5163_20100711,-16.34982125,0.15473557663381504,gid5163
gid5163_20100712,-16.448151,0.15473557663381504,gid5163
gid5163_20100713,-16.57442075,0.15473557663381504,gid5163
gid5163_20100714,-16.71964525,0.15473557663381504,gid5163
gid5163_20100715,-16.86029775,0.15473557663381504,gid5163
gid5163_20100716,-17.0090465,0.15473557663381504,gid5163
gid5163_20100717,-17.13595125,0.15473557663381504,gid5163
gid5163_20100718,-17.222343,0.15473557663381504,gid5163
gid5163_20100719,-17.470628,0.15473557663381504,gid5163
gid5163_20100720,-17.64509425,0.15473557663381504,gid5163
gid5163_20100721,-17.8047015,0.15473557663381504,gid5163
gid5163_20100722,-17.6991645,0.15473557663381504,gid5163
gid5163_20100723,-17.715103,0.15473557663381504,gid5163
gid5163_20100724,-17.73450225,0.15473557663381504,gid5163
gid5163_20100725,-17.774666,0.15473557663381504,gid5163
gid5163_20100726,-17.9567205,0.15473557663381504,gid5163
gid5163_20100727,-17.7453925,0.15473557663381504,gid5163
gid5163_20100728,-17.5721645,0.15473557663381504,gid5163
gid5163_20100729,-17.44278325,0.15473557663381504,gid5163
gid5163_20100730,-17.44767275,0.15473557663381504,gid5163
gid5163_20100731,-17.43535375,0.15473557663381504,gid5163
gid5163_20100801,-17.50761675,0.15473557663381504,gid5163
gid5163_20100802,-17.7930175,0.15473557663381504,gid5163
gid5163_20100803,-17.946497,0.15473557663381504,gid5163
gid5163_20100804,-18.12769425,0.15473557663381504,gid5163
gid5163_20100805,-18.281396,0.15473557663381504,gid5163
gid5163_20100806,-18.4270015,0.15473557663381504,gid5163
gid5163_20100807,-18.51025,0.15473557663381504,gid5163
gid5163_20100808,-18.600547,0.15473557663381504,gid5163
gid5163_20100809,-18.77520375,0.15473557663381504,gid5163
gid5163_20100810,-18.94532025,0.15473557663381504,gid5163
gid5163_20100811,-19.063589,0.15473557663381504,gid5163
gid5163_20100812,-19.18592175,0.15473557663381504,gid5163
gid5163_20100813,-19.28383875,0.15473557663381504,gid5163
gid5163_20100814,-19.18604875,0.15473557663381504,gid5163
gid5163_20100815,-19.165951,0.15473557663381504,gid5163
gid5163_20100816,-19.3607055,0.15473557663381504,gid5163
gid5163_20100817,-19.441287,0.15473557663381504,gid5163
gid5163_20100818,-19.53402875,0.15473557663381504,gid5163
gid5163_20100819,-19.5152645,0.15473557663381504,gid5163
gid5163_20100820,-19.43712775,0.15473557663381504,gid5163
gid5163_20100821,-19.34340175,0.15473557663381504,gid5163
gid5163_20100822,-19.26205825,0.15473557663381504,gid5163
gid5163_20100823,-19.388074,0.15473557663381504,gid5163
gid5163_20100824,-19.342227,0.15473557663381504,gid5163
gid5163_20100825,-19.14445625,0.15473557663381504,gid5163
gid5163_20100826,-19.17366625,0.15473557663381504,gid5163
gid5163_20100827,-19.18446125,0.15473557663381504,gid5163
gid5163_20100828,-19.18319125,0.15473557663381504,gid5163
gid5163_20100829,-19.1707135,0.15473557663381504,gid5163
gid5163_20100830,-19.21881475,0.15473557663381504,gid5163
gid5163_20100831,-19.20293975,0.15473557663381504,gid5163
gid5163_20100901,-19.2597405,0.15473557663381504,gid5163
gid5163_20100902,-19.28688675,0.15473557663381504,gid5163
gid5163_20100903,-18.9294135,0.15473557663381504,gid5163
gid5163_20100904,-18.44062225,0.15473557663381504,gid5163
gid5163_20100905,-18.19900475,0.15473557663381504,gid5163
gid5163_20100906,-18.12597975,0.15473557663381504,gid5163
gid5163_20100907,-17.8082575,0.15473557663381504,gid5163
gid5163_20100908,-16.82003875,0.15473557663381504,gid5163
gid5163_20100909,-16.0818195,0.15473557663381504,gid5163
gid5163_20100910,-15.757398,0.15473557663381504,gid5163
gid5163_20100911,-15.61569775,0.15473557663381504,gid5163
gid5163_20100912,-15.46679025,0.15473557663381504,gid5163
gid5163_20100913,-15.47701375,0.15473557663381504,gid5163
gid5163_20100914,-15.46259925,0.15473557663381504,gid5163
gid5163_20100915,-15.46342475,0.15473557663381504,gid5163
gid5163_20100916,-15.46240875,0.15473557663381504,gid5163
gid5163_20100917,-15.48679275,0.15473557663381504,gid5163
gid5163_20100918,-15.341219,0.15473557663381504,gid5163
gid5163_20100919,-15.21933075,0.15473557663381504,gid5163
gid5163_20100920,-15.1608155,0.15473557663381504,gid5163
gid5163_20100921,-15.1481155,0.15473557663381504,gid5163
gid5163_20100922,-15.15691025,0.15473557663381504,gid5163
gid5163_20100923,-15.20123325,0.15473557663381504,gid5163
gid5163_20100924,-15.245461,0.15473557663381504,gid5163
gid5163_20100925,-15.20694825,0.15473557663381504,gid5163
gid5163_20100926,-15.19539125,0.15473557663381504,gid5163
gid5163_20100927,-15.2989915,0.15473557663381504,gid5163
gid5163_20100928,-15.34734675,0.15473557663381504,gid5163
gid5163_20100929,-15.426436,0.15473557663381504,gid5163
gid5163_20100930,-15.48926925,0.15473557663381504,gid5163
gid5163_20101001,-15.6343985,0.15473557663381504,gid5163
gid5163_20101002,-15.69265975,0.15473557663381504,gid5163
gid5163_20101003,-15.7460315,0.15473557663381504,gid5163
gid5163_20101004,-15.886938,0.15473557663381504,gid5163
gid5163_20101005,-15.96761475,0.15473557663381504,gid5163
gid5163_20101006,-16.05391125,0.15473557663381504,gid5163
gid5163_20101007,-16.12534875,0.15473557663381504,gid5163
gid5163_20101008,-16.19005525,0.15473557663381504,gid5163
gid5163_20101009,-16.23082225,0.15473557663381504,gid5163
gid5163_20101010,-16.22796475,0.15473557663381504,gid5163
gid5163_20101011,-16.32632625,0.15473557663381504,gid5163
gid5163_20101012,-16.39452525,0.15473557663381504,gid5163
gid5163_20101013,-16.452596,0.15473557663381504,gid5163
gid5163_20101014,-16.498697,0.15473557663381504,gid5163
gid5163_20101015,-16.5363525,0.15473557663381504,gid5163
gid5163_20101016,-16.550259,0.15473557663381504,gid5163
gid5163_20101017,-16.51060325,0.15473557663381504,gid5163
gid5163_20101018,-16.61112375,0.15473557663381504,gid5163
gid5163_20101019,-16.68757775,0.15473557663381504,gid5163
gid5163_20101020,-16.725519,0.15473557663381504,gid5163
gid5163_20101021,-16.7796845,0.15473557663381504,gid5163
gid5163_20101022,-16.788638,0.15473557663381504,gid5163
gid5163_20101023,-16.72301075,0.15473557663381504,gid5163
gid5163_20101024,-16.67129,0.15473557663381504,gid5163
gid5163_20101025,-16.78193875,0.15473557663381504,gid5163
gid5163_20101026,-16.8495345,0.15473557663381504,gid5163
gid5163_20101027,-16.922877,0.15473557663381504,gid5163
gid5163_20101028,-17.008729,0.15473557663381504,gid5163
gid5163_20101029,-17.00660175,0.15473557663381504,gid5163
gid5163_20101030,-16.96164375,0.15473557663381504,gid5163
gid5163_20101031,-16.9431335,0.15473557663381504,gid5163
gid5163_20101101,-16.9949495,0.15473557663381504,gid5163
gid5163_20101102,-17.01796825,0.15473557663381504,gid5163
gid5163_20101103,-16.91132,0.15473557663381504,gid5163
gid5163_20101104,-16.91281225,0.15473557663381504,gid5163
gid5163_20101105,-16.9563415,0.15473557663381504,gid5163
gid5163_20101106,-16.91230425,0.15473557663381504,gid5163
gid5163_20101107,-16.88836475,0.15473557663381504,gid5163
gid5163_20101108,-16.988409,0.15473557663381504,gid5163
gid5163_20101109,-17.01365025,0.15473557663381504,gid5163
gid5163_20101110,-17.09816875,0.15473557663381504,gid5163
gid5163_20101111,-17.10572525,0.15473557663381504,gid5163
gid5163_20101112,-17.14566675,0.15473557663381504,gid5163
gid5163_20101113,-17.08184925,0.15473557663381504,gid5163
gid5163_20101114,-17.0155235,0.15473557663381504,gid5163
gid5163_20101115,-17.0622595,0.15473557663381504,gid5163
gid5163_20101116,-17.1131865,0.15473557663381504,gid5163
gid5163_20101117,-17.1881165,0.15473557663381504,gid5163
gid5163_20101118,-17.2742225,0.15473557663381504,gid5163
gid5163_20101119,-17.27800075,0.15473557663381504,gid5163
gid5163_20101120,-17.2309155,0.15473557663381504,gid5163
gid5163_20101121,-17.20497575,0.15473557663381504,gid5163
gid5163_20101122,-17.2737145,0.15473557663381504,gid5163
gid5163_20101123,-17.3348015,0.15473557663381504,gid5163
gid5163_20101124,-17.34670775,0.15473557663381504,gid5163
gid5163_20101125,-17.3582965,0.15473557663381504,gid5163
gid5163_20101126,-17.30194025,0.15473557663381504,gid5163
gid5163_20101127,-17.28587475,0.15473557663381504,gid5163
gid5163_20101128,-17.19830825,0.15473557663381504,gid5163
gid5163_20101129,-17.325721,0.15473557663381504,gid5163
gid5163_20101130,-17.4111285,0.15473557663381504,gid5163
gid5163_20101201,-17.40360375,0.15473557663381504,gid5163
gid5163_20101202,-17.42055825,0.15473557663381504,gid5163
gid5163_20101203,-17.45745175,0.15473557663381504,gid5163
gid5163_20101204,-17.44932375,0.15473557663381504,gid5163
gid5163_20101205,-17.469739,0.15473557663381504,gid5163
gid5163_20101206,-17.54743125,0.15473557663381504,gid5163
gid5163_20101207,-17.58102275,0.15473557663381504,gid5163
gid5163_20101208,-17.6511585,0.15473557663381504,gid5163
gid5163_20101209,-17.7666015,0.15473557663381504,gid5163
gid5163_20101210,-17.857851,0.15473557663381504,gid5163
gid5163_20101211,-17.89557,0.15473557663381504,gid5163
gid5163_20101212,-17.91827125,0.15473557663381504,gid5163
gid5163_20101213,-18.00209125,0.15473557663381504,gid5163
gid5163_20101214,-18.0284755,0.15473557663381504,gid5163
gid5163_20101215,-18.1528085,0.15473557663381504,gid5163
gid5163_20101216,-18.25463075,0.15473557663381504,gid5163
gid5163_20101217,-18.34168925,0.15473557663381504,gid5163
gid5163_20101218,-18.3139715,0.15473557663381504,gid5163
gid5163_20101219,-18.3129555,0.15473557663381504,gid5163
gid5163_20101220,-18.41566675,0.15473557663381504,gid5163
gid5163_20101221,-18.54901675,0.15473557663381504,gid5163
gid5163_20101222,-18.5927365,0.15473557663381504,gid5163
gid5163_20101223,-18.6392185,0.15473557663381504,gid5163
gid5163_20101224,-18.61423125,0.15473557663381504,gid5163
gid5163_20101225,-18.38067825,0.15473557663381504,gid5163
gid5163_20101226,-18.24986825,0.15473557663381504,gid5163
gid5163_20101227,-18.26485425,0.15473557663381504,gid5163
gid5163_20101228,-18.23443775,0.15473557663381504,gid5163
gid5163_20101229,-18.15360225,0.15473557663381504,gid5163
gid5163_20101230,-18.11270825,0.15473557663381504,gid5163
gid5163_20101231,-18.1884955,0.15473557663381504,gid5163
gid5163_20110101,-18.17074725,0.15473557663381504,gid5163
gid5163_20110102,-18.176875,0.15473557663381504,gid5163
gid5163_20110103,-18.2484395,0.15473557663381504,gid5163
gid5163_20110104,-18.257774,0.15473557663381504,gid5163
gid5163_20110105,-18.247106,0.15473557663381504,gid5163
gid5163_20110106,-18.2563135,0.15473557663381504,gid5163
gid5163_20110107,-18.2621555,0.15473557663381504,gid5163
gid5163_20110108,-18.1957345,0.15473557663381504,gid5163
gid5163_20110109,-17.9645945,0.15473557663381504,gid5163
gid5163_20110110,-17.8060985,0.15473557663381504,gid5163
gid5163_20110111,-17.68859175,0.15473557663381504,gid5163
gid5163_20110112,-17.71361075,0.15473557663381504,gid5163
gid5163_20110113,-17.6707165,0.15473557663381504,gid5163
gid5163_20110114,-17.6740185,0.15473557663381504,gid5163
gid5163_20110115,-17.5517175,0.15473557663381504,gid5163
gid5163_20110116,-17.3541055,0.15473557663381504,gid5163
gid5163_20110117,-17.293209,0.15473557663381504,gid5163
gid5163_20110118,-17.2700315,0.15473557663381504,gid5163
gid5163_20110119,-17.271746,0.15473557663381504,gid5163
gid5163_20110120,-17.27327,0.15473557663381504,gid5163
gid5163_20110121,-17.31038575,0.15473557663381504,gid5163
gid5163_20110122,-17.28149325,0.15473557663381504,gid5163
gid5163_20110123,-17.283303,0.15473557663381504,gid5163
gid5163_20110124,-17.3344205,0.15473557663381504,gid5163
gid5163_20110125,-17.43960825,0.15473557663381504,gid5163
gid5163_20110126,-17.53193725,0.15473557663381504,gid5163
gid5163_20110127,-17.6142015,0.15473557663381504,gid5163
gid5163_20110128,-17.66135025,0.15473557663381504,gid5163
gid5163_20110129,-17.654016,0.15473557663381504,gid5163
gid5163_20110130,-17.674209,0.15473557663381504,gid5163
gid5163_20110131,-17.793081,0.15473557663381504,gid5163
gid5163_20110201,-17.86226425,0.15473557663381504,gid5163
gid5163_20110202,-17.91712825,0.15473557663381504,gid5163
gid5163_20110203,-17.978882,0.15473557663381504,gid5163
gid5163_20110204,-18.10680275,0.15473557663381504,gid5163
gid5163_20110205,-18.26231425,0.15473557663381504,gid5163
gid5163_20110206,-18.1077235,0.15473557663381504,gid5163
gid5163_20110207,-18.1129305,0.15473557663381504,gid5163
gid5163_20110208,-18.0649245,0.15473557663381504,gid5163
gid5163_20110209,-18.02310975,0.15473557663381504,gid5163
gid5163_20110210,-18.08159325,0.15473557663381504,gid5163
gid5163_20110211,-18.12928175,0.15473557663381504,gid5163
gid5163_20110212,-18.103723,0.15473557663381504,gid5163
gid5163_20110213,-18.08019625,0.15473557663381504,gid5163
gid5163_20110214,-18.13163125,0.15473557663381504,gid5163
gid5163_20110215,-18.1826535,0.15473557663381504,gid5163
gid5163_20110216,-18.25120175,0.15473557663381504,gid5163
gid5163_20110217,-18.2005605,0.15473557663381504,gid5163
gid5163_20110218,-18.2587265,0.15473557663381504,gid5163
gid5163_20110219,-18.20999025,0.15473557663381504,gid5163
gid5163_20110220,-18.16604825,0.15473557663381504,gid5163
gid5163_20110221,-18.269077,0.15473557663381504,gid5163
gid5163_20110222,-18.31743225,0.15473557663381504,gid5163
gid5163_20110223,-18.3494045,0.15473557663381504,gid5163
gid5163_20110224,-18.4024905,0.15473557663381504,gid5163
gid5163_20110225,-18.446242,0.15473557663381504,gid5163
gid5163_20110226,-18.441162,0.15473557663381504,gid5163
gid5163_20110227,-18.445226,0.15473557663381504,gid5163
gid5163_20110228,-18.6237245,0.15473557663381504,gid5163
gid5163_20110301,-18.6896375,0.15473557663381504,gid5163
gid5163_20110302,-18.8053345,0.15473557663381504,gid5163
gid5163_20110303,-18.85648375,0.15473557663381504,gid5163
gid5163_20110304,-18.8910595,0.15473557663381504,gid5163
gid5163_20110305,-18.90525175,0.15473557663381504,gid5163
gid5163_20110306,-18.8913135,0.15473557663381504,gid5163
gid5163_20110307,-18.9344935,0.15473557663381504,gid5163
gid5163_20110308,-18.95573425,0.15473557663381504,gid5163
gid5163_20110309,-19.1455675,0.15473557663381504,gid5163
gid5163_20110310,-19.265646,0.15473557663381504,gid5163
gid5163_20110311,-19.36162625,0.15473557663381504,gid5163
gid5163_20110312,-19.379057,0.15473557663381504,gid5163
gid5163_20110313,-19.421602,0.15473557663381504,gid5163
gid5163_20110314,-19.56450875,0.15473557663381504,gid5163
gid5163_20110315,-19.707479,0.15473557663381504,gid5163
gid5163_20110316,-19.87178525,0.15473557663381504,gid5163
gid5163_20110317,-20.0117075,0.15473557663381504,gid5163
gid5163_20110318,-20.18128425,0.15473557663381504,gid5163
gid5163_20110319,-20.29247275,0.15473557663381504,gid5163
gid5163_20110320,-20.36524375,0.15473557663381504,gid5163
gid5163_20110321,-20.581874,0.15473557663381504,gid5163
gid5163_20110322,-20.6867125,0.15473557663381504,gid5163
gid5163_20110323,-20.89419875,0.15473557663381504,gid5163
gid5163_20110324,-21.01472175,0.15473557663381504,gid5163
gid5163_20110325,-21.04939275,0.15473557663381504,gid5163
gid5163_20110326,-20.903946,0.15473557663381504,gid5163
gid5163_20110327,-20.932267,0.15473557663381504,gid5163
gid5163_20110328,-21.03777225,0.15473557663381504,gid5163
gid5163_20110329,-20.95001525,0.15473557663381504,gid5163
gid5163_20110330,-20.72357425,0.15473557663381504,gid5163
gid5163_20110331,-20.68737925,0.15473557663381504,gid5163
gid5163_20110401,-20.7956785,0.15473557663381504,gid5163
gid5163_20110402,-20.828635,0.15473557663381504,gid5163
gid5163_20110403,-20.79615475,0.15473557663381504,gid5163
gid5163_20110404,-20.9201385,0.15473557663381504,gid5163
gid5163_20110405,-20.956143,0.15473557663381504,gid5163
gid5163_20110406,-21.03173975,0.15473557663381504,gid5163
gid5163_20110407,-21.148421,0.15473557663381504,gid5163
gid5163_20110408,-21.324951,0.15473557663381504,gid5163
gid5163_20110409,-21.40626275,0.15473557663381504,gid5163
gid5163_20110410,-21.4148035,0.15473557663381504,gid5163
gid5163_20110411,-21.6688035,0.15473557663381504,gid5163
gid5163_20110412,-21.83088725,0.15473557663381504,gid5163
gid5163_20110413,-21.86479625,0.15473557663381504,gid5163
gid5163_20110414,-21.89165675,0.15473557663381504,gid5163
gid5163_20110415,-21.9523945,0.15473557663381504,gid5163
gid5163_20110416,-21.98525575,0.15473557663381504,gid5163
gid5163_20110417,-21.90651575,0.15473557663381504,gid5163
gid5163_20110418,-22.0942535,0.15473557663381504,gid5163
gid5163_20110419,-22.31691625,0.15473557663381504,gid5163
gid5163_20110420,-22.52646625,0.15473557663381504,gid5163
gid5163_20110421,-22.59612575,0.15473557663381504,gid5163
gid5163_20110422,-22.6818825,0.15473557663381504,gid5163
gid5163_20110423,-22.6514025,0.15473557663381504,gid5163
gid5163_20110424,-22.56183575,0.15473557663381504,gid5163
gid5163_20110425,-22.64730675,0.15473557663381504,gid5163
gid5163_20110426,-22.872827,0.15473557663381504,gid5163
gid5163_20110427,-23.1045385,0.15473557663381504,gid5163
gid5163_20110428,-23.27246425,0.15473557663381504,gid5163
gid5163_20110429,-23.387431,0.15473557663381504,gid5163
gid5163_20110430,-23.2946575,0.15473557663381504,gid5163
gid5163_20110501,-23.171531,0.15473557663381504,gid5163
gid5163_20110502,-23.20413825,0.15473557663381504,gid5163
gid5163_20110503,-23.31031025,0.15473557663381504,gid5163
gid5163_20110504,-23.5245275,0.15473557663381504,gid5163
gid5163_20110505,-23.6917865,0.15473557663381504,gid5163
gid5163_20110506,-23.802086,0.15473557663381504,gid5163
gid5163_20110507,-23.84244025,0.15473557663381504,gid5163
gid5163_20110508,-23.8076105,0.15473557663381504,gid5163
gid5163_20110509,-24.08164475,0.15473557663381504,gid5163
gid5163_20110510,-24.29633825,0.15473557663381504,gid5163
gid5163_20110511,-24.33748625,0.15473557663381504,gid5163
gid5163_20110512,-24.16178175,0.15473557663381504,gid5163
gid5163_20110513,-23.5174155,0.15473557663381504,gid5163
gid5163_20110514,-23.11238075,0.15473557663381504,gid5163
gid5163_20110515,-22.89019425,0.15473557663381504,gid5163
gid5163_20110516,-22.9692835,0.15473557663381504,gid5163
gid5163_20110517,-23.090378,0.15473557663381504,gid5163
gid5163_20110518,-23.26776525,0.15473557663381504,gid5163
gid5163_20110519,-23.3481245,0.15473557663381504,gid5163
gid5163_20110520,-23.32504225,0.15473557663381504,gid5163
gid5163_20110521,-23.33844075,0.15473557663381504,gid5163
gid5163_20110522,-23.35114075,0.15473557663381504,gid5163
gid5163_20110523,-23.67810225,0.15473557663381504,gid5163
gid5163_20110524,-23.92949875,0.15473557663381504,gid5163
gid5163_20110525,-24.184991,0.15473557663381504,gid5163
gid5163_20110526,-24.43457775,0.15473557663381504,gid5163
gid5163_20110527,-24.65993925,0.15473557663381504,gid5163
gid5163_20110528,-24.68051325,0.15473557663381504,gid5163
gid5163_20110529,-24.683339,0.15473557663381504,gid5163
gid5163_20110530,-25.03058875,0.15473557663381504,gid5163
gid5163_20110531,-25.43965575,0.15473557663381504,gid5163
gid5163_20110601,-25.67187525,0.15473557663381504,gid5163
gid5163_20110602,-25.83253025,0.15473557663381504,gid5163
gid5163_20110603,-25.93603525,0.15473557663381504,gid5163
gid5163_20110604,-25.971246,0.15473557663381504,gid5163
gid5163_20110605,-25.81913175,0.15473557663381504,gid5163
gid5163_20110606,-26.143331,0.15473557663381504,gid5163
gid5163_20110607,-26.48785025,0.15473557663381504,gid5163
gid5163_20110608,-26.7273405,0.15473557663381504,gid5163
gid5163_20110609,-26.90491825,0.15473557663381504,gid5163
gid5163_20110610,-26.98924625,0.15473557663381504,gid5163
gid5163_20110611,-26.8422755,0.15473557663381504,gid5163
gid5163_20110612,-26.738707,0.15473557663381504,gid5163
gid5163_20110613,-27.0457295,0.15473557663381504,gid5163
gid5163_20110614,-27.3022695,0.15473557663381504,gid5163
gid5163_20110615,-27.5457285,0.15473557663381504,gid5163
gid5163_20110616,-27.69403275,0.15473557663381504,gid5163
gid5163_20110617,-27.80712625,0.15473557663381504,gid5163
gid5163_20110618,-27.63929575,0.15473557663381504,gid5163
gid5163_20110619,-27.52848825,0.15473557663381504,gid5163
gid5163_20110620,-27.767534,0.15473557663381504,gid5163
gid5163_20110621,-27.83716175,0.15473557663381504,gid5163
gid5163_20110622,-27.27353575,0.15473557663381504,gid5163
gid5163_20110623,-26.533983,0.15473557663381504,gid5163
gid5163_20110624,-26.1917815,0.15473557663381504,gid5163
gid5163_20110625,-26.06259075,0.15473557663381504,gid5163
gid5163_20110626,-25.822148,0.15473557663381504,gid5163
gid5163_20110627,-25.98029475,0.15473557663381504,gid5163
gid5163_20110628,-26.22203925,0.15473557663381504,gid5163
gid5163_20110629,-26.340943,0.15473557663381504,gid5163
gid5163_20110630,-26.378154,0.15473557663381504,gid5163
gid5163_20110701,-26.392505,0.15473557663381504,gid5163
gid5163_20110702,-26.2214995,0.15473557663381504,gid5163
gid5163_20110703,-26.145998,0.15473557663381504,gid5163
gid5163_20110704,-26.37228025,0.15473557663381504,gid5163
gid5163_20110705,-26.586688,0.15473557663381504,gid5163
gid5163_20110706,-26.65142625,0.15473557663381504,gid5163
gid5163_20110707,-26.69435225,0.15473557663381504,gid5163
gid5163_20110708,-26.754455,0.15473557663381504,gid5163
gid5163_20110709,-26.617168,0.15473557663381504,gid5163
gid5163_20110710,-26.454862,0.15473557663381504,gid5163
gid5163_20110711,-26.52766475,0.15473557663381504,gid5163
gid5163_20110712,-26.7136245,0.15473557663381504,gid5163
gid5163_20110713,-26.88205825,0.15473557663381504,gid5163
gid5163_20110714,-26.9573375,0.15473557663381504,gid5163
gid5163_20110715,-27.047698,0.15473557663381504,gid5163
gid5163_20110716,-26.8662785,0.15473557663381504,gid5163
gid5163_20110717,-26.67777875,0.15473557663381504,gid5163
gid5163_20110718,-26.8954885,0.15473557663381504,gid5163
gid5163_20110719,-27.029537,0.15473557663381504,gid5163
gid5163_20110720,-26.524458,0.15473557663381504,gid5163
gid5163_20110721,-26.5499215,0.15473557663381504,gid5163
gid5163_20110722,-26.65987175,0.15473557663381504,gid5163
gid5163_20110723,-26.59516525,0.15473557663381504,gid5163
gid5163_20110724,-26.516838,0.15473557663381504,gid5163
gid5163_20110725,-26.73985,0.15473557663381504,gid5163
gid5163_20110726,-26.82852775,0.15473557663381504,gid5163
gid5163_20110727,-26.89755225,0.15473557663381504,gid5163
gid5163_20110728,-26.88847175,0.15473557663381504,gid5163
gid5163_20110729,-26.80585825,0.15473557663381504,gid5163
gid5163_20110730,-26.4887075,0.15473557663381504,gid5163
gid5163_20110731,-26.3063355,0.15473557663381504,gid5163
gid5163_20110801,-26.6174855,0.15473557663381504,gid5163
gid5163_20110802,-26.8911705,0.15473557663381504,gid5163
gid5163_20110803,-27.0729075,0.15473557663381504,gid5163
gid5163_20110804,-27.14285275,0.15473557663381504,gid5163
gid5163_20110805,-27.13847125,0.15473557663381504,gid5163
gid5163_20110806,-26.9546705,0.15473557663381504,gid5163
gid5163_20110807,-26.77315575,0.15473557663381504,gid5163
gid5163_20110808,-26.9772765,0.15473557663381504,gid5163
gid5163_20110809,-27.2208625,0.15473557663381504,gid5163
gid5163_20110810,-27.337639,0.15473557663381504,gid5163
gid5163_20110811,-27.28223525,0.15473557663381504,gid5163
gid5163_20110812,-27.21943375,0.15473557663381504,gid5163
gid5163_20110813,-27.00632775,0.15473557663381504,gid5163
gid5163_20110814,-26.7830935,0.15473557663381504,gid5163
gid5163_20110815,-27.02664775,0.15473557663381504,gid5163
gid5163_20110816,-27.19790725,0.15473557663381504,gid5163
gid5163_20110817,-27.3256375,0.15473557663381504,gid5163
gid5163_20110818,-27.349704,0.15473557663381504,gid5163
gid5163_20110819,-27.384248,0.15473557663381504,gid5163
gid5163_20110820,-27.182699,0.15473557663381504,gid5163
gid5163_20110821,-26.97527625,0.15473557663381504,gid5163
gid5163_20110822,-27.23511825,0.15473557663381504,gid5163
gid5163_20110823,-27.46263875,0.15473557663381504,gid5163
gid5163_20110824,-27.533727,0.15473557663381504,gid5163
gid5163_20110825,-27.5231225,0.15473557663381504,gid5163
gid5163_20110826,-27.27963175,0.15473557663381504,gid5163
gid5163_20110827,-27.1017365,0.15473557663381504,gid5163
gid5163_20110828,-26.93349325,0.15473557663381504,gid5163
gid5163_20110829,-27.27105925,0.15473557663381504,gid5163
gid5163_20110830,-27.445589,0.15473557663381504,gid5163
gid5163_20110831,-27.52505925,0.15473557663381504,gid5163
gid5163_20110901,-27.532711,0.15473557663381504,gid5163
gid5163_20110902,-27.4805775,0.15473557663381504,gid5163
gid5163_20110903,-27.18215925,0.15473557663381504,gid5163
gid5163_20110904,-26.958417,0.15473557663381504,gid5163
gid5163_20110905,-27.193494,0.15473557663381504,gid5163
gid5163_20110906,-27.4291425,0.15473557663381504,gid5163
gid5163_20110907,-27.50512025,0.15473557663381504,gid5163
gid5163_20110908,-27.51483575,0.15473557663381504,gid5163
gid5163_20110909,-27.50296125,0.15473557663381504,gid5163
gid5163_20110910,-27.317573,0.15473557663381504,gid5163
gid5163_20110911,-27.163014,0.15473557663381504,gid5163
gid5163_20110912,-27.42720575,0.15473557663381504,gid5163
gid5163_20110913,-27.6695535,0.15473557663381504,gid5163
gid5163_20110914,-27.70673275,0.15473557663381504,gid5163
gid5163_20110915,-27.70127175,0.15473557663381504,gid5163
gid5163_20110916,-27.3970115,0.15473557663381504,gid5163
gid5163_20110917,-26.74794625,0.15473557663381504,gid5163
gid5163_20110918,-26.370915,0.15473557663381504,gid5163
gid5163_20110919,-26.10411975,0.15473557663381504,gid5163
gid5163_20110920,-25.954863,0.15473557663381504,gid5163
gid5163_20110921,-26.00385325,0.15473557663381504,gid5163
gid5163_20110922,-26.0424295,0.15473557663381504,gid5163
gid5163_20110923,-26.06411475,0.15473557663381504,gid5163
gid5163_20110924,-26.0943725,0.15473557663381504,gid5163
gid5163_20110925,-26.0260465,0.15473557663381504,gid5163
gid5163_20110926,-26.37723325,0.15473557663381504,gid5163
gid5163_20110927,-26.579322,0.15473557663381504,gid5163
gid5163_20110928,-26.6163425,0.15473557663381504,gid5163
gid5163_20110929,-26.71010025,0.15473557663381504,gid5163
gid5163_20110930,-26.5040745,0.15473557663381504,gid5163
gid5163_20111001,-26.3496425,0.15473557663381504,gid5163
gid5163_20111002,-26.20032225,0.15473557663381504,gid5163
gid5163_20111003,-26.384123,0.15473557663381504,gid5163
gid5163_20111004,-26.53649125,0.15473557663381504,gid5163
gid5163_20111005,-26.596594,0.15473557663381504,gid5163
gid5163_20111006,-26.5825605,0.15473557663381504,gid5163
gid5163_20111007,-26.4622915,0.15473557663381504,gid5163
gid5163_20111008,-26.1610475,0.15473557663381504,gid5163
gid5163_20111009,-25.34427875,0.15473557663381504,gid5163
gid5163_20111010,-24.55370375,0.15473557663381504,gid5163
gid5163_20111011,-24.321389,0.15473557663381504,gid5163
gid5163_20111012,-24.21283575,0.15473557663381504,gid5163
gid5163_20111013,-24.1676555,0.15473557663381504,gid5163
gid5163_20111014,-24.149558,0.15473557663381504,gid5163
gid5163_20111015,-24.08767725,0.15473557663381504,gid5163
gid5163_20111016,-23.9767745,0.15473557663381504,gid5163
gid5163_20111017,-24.1642265,0.15473557663381504,gid5163
gid5163_20111018,-24.34059775,0.15473557663381504,gid5163
gid5163_20111019,-24.39933525,0.15473557663381504,gid5163
gid5163_20111020,-24.46880425,0.15473557663381504,gid5163
gid5163_20111021,-24.46270825,0.15473557663381504,gid5163
gid5163_20111022,-24.3838095,0.15473557663381504,gid5163
gid5163_20111023,-24.30535525,0.15473557663381504,gid5163
gid5163_20111024,-24.55186225,0.15473557663381504,gid5163
gid5163_20111025,-24.67467125,0.15473557663381504,gid5163
gid5163_20111026,-24.73359925,0.15473557663381504,gid5163
gid5163_20111027,-24.82300725,0.15473557663381504,gid5163
gid5163_20111028,-24.99820375,0.15473557663381504,gid5163
gid5163_20111029,-24.90847825,0.15473557663381504,gid5163
gid5163_20111030,-24.81526025,0.15473557663381504,gid5163
gid5163_20111031,-25.03192225,0.15473557663381504,gid5163
gid5163_20111101,-25.1120275,0.15473557663381504,gid5163
gid5163_20111102,-25.29411375,0.15473557663381504,gid5163
gid5163_20111103,-25.4771525,0.15473557663381504,gid5163
gid5163_20111104,-25.50588625,0.15473557663381504,gid5163
gid5163_20111105,-25.31183025,0.15473557663381504,gid5163
gid5163_20111106,-25.25639475,0.15473557663381504,gid5163
gid5163_20111107,-25.49255125,0.15473557663381504,gid5163
gid5163_20111108,-25.62393275,0.15473557663381504,gid5163
gid5163_20111109,-25.64203025,0.15473557663381504,gid5163
gid5163_20111110,-25.6982595,0.15473557663381504,gid5163
gid5163_20111111,-25.648412,0.15473557663381504,gid5163
gid5163_20111112,-25.5837055,0.15473557663381504,gid5163
gid5163_20111113,-25.508458,0.15473557663381504,gid5163
gid5163_20111114,-25.690449,0.15473557663381504,gid5163
gid5163_20111115,-25.579451,0.15473557663381504,gid5163
gid5163_20111116,-25.394666,0.15473557663381504,gid5163
gid5163_20111117,-25.3821565,0.15473557663381504,gid5163
gid5163_20111118,-25.2965585,0.15473557663381504,gid5163
gid5163_20111119,-25.17479725,0.15473557663381504,gid5163
gid5163_20111120,-25.13720525,0.15473557663381504,gid5163
gid5163_20111121,-25.2975745,0.15473557663381504,gid5163
gid5163_20111122,-25.2930025,0.15473557663381504,gid5163
gid5163_20111123,-25.41031875,0.15473557663381504,gid5163
gid5163_20111124,-25.337262,0.15473557663381504,gid5163
gid5163_20111125,-25.20902375,0.15473557663381504,gid5163
gid5163_20111126,-24.95483325,0.15473557663381504,gid5163
gid5163_20111127,-24.6027575,0.15473557663381504,gid5163
gid5163_20111128,-24.6562245,0.15473557663381504,gid5163
gid5163_20111129,-24.71372375,0.15473557663381504,gid5163
gid5163_20111130,-24.7942735,0.15473557663381504,gid5163
gid5163_20111201,-24.8175145,0.15473557663381504,gid5163
gid5163_20111202,-24.76833375,0.15473557663381504,gid5163
gid5163_20111203,-24.5645305,0.15473557663381504,gid5163
gid5163_20111204,-24.41190825,0.15473557663381504,gid5163
gid5163_20111205,-24.40149425,0.15473557663381504,gid5163
gid5163_20111206,-24.44797625,0.15473557663381504,gid5163
gid5163_20111207,-24.51534975,0.15473557663381504,gid5163
gid5163_20111208,-24.56697525,0.15473557663381504,gid5163
gid5163_20111209,-24.58265975,0.15473557663381504,gid5163
gid5163_20111210,-24.567515,0.15473557663381504,gid5163
gid5163_20111211,-24.33183475,0.15473557663381504,gid5163
gid5163_20111212,-24.24858625,0.15473557663381504,gid5163
gid5163_20111213,-24.23671175,0.15473557663381504,gid5163
gid5163_20111214,-24.2174395,0.15473557663381504,gid5163
gid5163_20111215,-24.16140075,0.15473557663381504,gid5163
gid5163_20111216,-24.15282825,0.15473557663381504,gid5163
gid5163_20111217,-24.09497975,0.15473557663381504,gid5163
gid5163_20111218,-24.0006505,0.15473557663381504,gid5163
gid5163_20111219,-23.97991775,0.15473557663381504,gid5163
gid5163_20111220,-23.967694,0.15473557663381504,gid5163
gid5163_20111221,-23.933785,0.15473557663381504,gid5163
gid5163_20111222,-23.7569375,0.15473557663381504,gid5163
gid5163_20111223,-23.5965365,0.15473557663381504,gid5163
gid5163_20111224,-23.4134025,0.15473557663381504,gid5163
gid5163_20111225,-23.305008,0.15473557663381504,gid5163
gid5163_20111226,-23.36206275,0.15473557663381504,gid5163
gid5163_20111227,-23.38784375,0.15473557663381504,gid5163
gid5163_20111228,-23.4667425,0.15473557663381504,gid5163
gid5163_20111229,-23.47864875,0.15473557663381504,gid5163
gid5163_20111230,-23.56812025,0.15473557663381504,gid5163
gid5163_20111231,-23.5783755,0.15473557663381504,gid5163
gid5163_20120101,-23.60876025,0.15473557663381504,gid5163
gid5163_20120102,-23.7401735,0.15473557663381504,gid5163
gid5163_20120103,-23.8317405,0.15473557663381504,gid5163
gid5163_20120104,-23.8057055,0.15473557663381504,gid5163
gid5163_20120105,-23.87120575,0.15473557663381504,gid5163
gid5163_20120106,-23.917529,0.15473557663381504,gid5163
gid5163_20120107,-23.85926775,0.15473557663381504,gid5163
gid5163_20120108,-23.81945325,0.15473557663381504,gid5163
gid5163_20120109,-23.89368475,0.15473557663381504,gid5163
gid5163_20120110,-23.90594025,0.15473557663381504,gid5163
gid5163_20120111,-23.926673,0.15473557663381504,gid5163
gid5163_20120112,-24.0223675,0.15473557663381504,gid5163
gid5163_20120113,-24.12069725,0.15473557663381504,gid5163
gid5163_20120114,-24.107521,0.15473557663381504,gid5163
gid5163_20120115,-24.00099975,0.15473557663381504,gid5163
gid5163_20120116,-23.9794415,0.15473557663381504,gid5163
gid5163_20120117,-24.083772,0.15473557663381504,gid5163
gid5163_20120118,-24.1171095,0.15473557663381504,gid5163
gid5163_20120119,-24.110696,0.15473557663381504,gid5163
gid5163_20120120,-24.0892965,0.15473557663381504,gid5163
gid5163_20120121,-23.97960025,0.15473557663381504,gid5163
gid5163_20120122,-23.904702,0.15473557663381504,gid5163
gid5163_20120123,-24.0417985,0.15473557663381504,gid5163
gid5163_20120124,-23.94442125,0.15473557663381504,gid5163
gid5163_20120125,-23.329519,0.15473557663381504,gid5163
gid5163_20120126,-22.66546775,0.15473557663381504,gid5163
gid5163_20120127,-22.52195775,0.15473557663381504,gid5163
gid5163_20120128,-22.49424,0.15473557663381504,gid5163
gid5163_20120129,-22.4836355,0.15473557663381504,gid5163
gid5163_20120130,-22.5567875,0.15473557663381504,gid5163
gid5163_20120131,-22.4512505,0.15473557663381504,gid5163
gid5163_20120201,-22.38365475,0.15473557663381504,gid5163
gid5163_20120202,-22.360509,0.15473557663381504,gid5163
gid5163_20120203,-22.3311085,0.15473557663381504,gid5163
gid5163_20120204,-21.878798,0.15473557663381504,gid5163
gid5163_20120205,-21.37768775,0.15473557663381504,gid5163
gid5163_20120206,-21.35400225,0.15473557663381504,gid5163
gid5163_20120207,-21.302599,0.15473557663381504,gid5163
gid5163_20120208,-21.373211,0.15473557663381504,gid5163
gid5163_20120209,-21.4132795,0.15473557663381504,gid5163
gid5163_20120210,-21.433536,0.15473557663381504,gid5163
gid5163_20120211,-21.40359575,0.15473557663381504,gid5163
gid5163_20120212,-21.3909275,0.15473557663381504,gid5163
gid5163_20120213,-21.34320725,0.15473557663381504,gid5163
gid5163_20120214,-21.32644325,0.15473557663381504,gid5163
gid5163_20120215,-21.35355775,0.15473557663381504,gid5163
gid5163_20120216,-21.38841925,0.15473557663381504,gid5163
gid5163_20120217,-21.34549325,0.15473557663381504,gid5163
gid5163_20120218,-20.93725175,0.15473557663381504,gid5163
gid5163_20120219,-20.4710665,0.15473557663381504,gid5163
gid5163_20120220,-20.3445745,0.15473557663381504,gid5163
gid5163_20120221,-20.2869165,0.15473557663381504,gid5163
gid5163_20120222,-20.2340845,0.15473557663381504,gid5163
gid5163_20120223,-20.22795675,0.15473557663381504,gid5163
gid5163_20120224,-20.316063,0.15473557663381504,gid5163
gid5163_20120225,-20.3186665,0.15473557663381504,gid5163
gid5163_20120226,-20.37032375,0.15473557663381504,gid5163
gid5163_20120227,-20.49751425,0.15473557663381504,gid5163
gid5163_20120228,-20.4630655,0.15473557663381504,gid5163
gid5163_20120229,-20.5456155,0.15473557663381504,gid5163
gid5163_20120301,-20.57574625,0.15473557663381504,gid5163
gid5163_20120302,-20.62032325,0.15473557663381504,gid5163
gid5163_20120303,-20.67436175,0.15473557663381504,gid5163
gid5163_20120304,-20.715859,0.15473557663381504,gid5163
gid5163_20120305,-20.9394425,0.15473557663381504,gid5163
gid5163_20120306,-21.01192775,0.15473557663381504,gid5163
gid5163_20120307,-21.06152125,0.15473557663381504,gid5163
gid5163_20120308,-21.114385,0.15473557663381504,gid5163
gid5163_20120309,-21.147151,0.15473557663381504,gid5163
gid5163_20120310,-20.9763995,0.15473557663381504,gid5163
gid5163_20120311,-20.8035525,0.15473557663381504,gid5163
gid5163_20120312,-20.71652575,0.15473557663381504,gid5163
gid5163_20120313,-20.71328725,0.15473557663381504,gid5163
gid5163_20120314,-20.76122975,0.15473557663381504,gid5163
gid5163_20120315,-20.783677,0.15473557663381504,gid5163
gid5163_20120316,-20.80466375,0.15473557663381504,gid5163
gid5163_20120317,-20.79228125,0.15473557663381504,gid5163
gid5163_20120318,-20.77678725,0.15473557663381504,gid5163
gid5163_20120319,-20.800822,0.15473557663381504,gid5163
gid5163_20120320,-20.47554325,0.15473557663381504,gid5163
gid5163_20120321,-20.125563,0.15473557663381504,gid5163
gid5163_20120322,-19.91325075,0.15473557663381504,gid5163
gid5163_20120323,-19.84365475,0.15473557663381504,gid5163
gid5163_20120324,-19.73202175,0.15473557663381504,gid5163
gid5163_20120325,-19.709003,0.15473557663381504,gid5163
gid5163_20120326,-19.834225,0.15473557663381504,gid5163
gid5163_20120327,-19.8638795,0.15473557663381504,gid5163
gid5163_20120328,-19.87677,0.15473557663381504,gid5163
gid5163_20120329,-19.81749275,0.15473557663381504,gid5163
gid5163_20120330,-19.79152125,0.15473557663381504,gid5163
gid5163_20120331,-19.81298425,0.15473557663381504,gid5163
gid5163_20120401,-19.893534,0.15473557663381504,gid5163
gid5163_20120402,-20.0294875,0.15473557663381504,gid5163
gid5163_20120403,-20.14623225,0.15473557663381504,gid5163
gid5163_20120404,-20.27596275,0.15473557663381504,gid5163
gid5163_20120405,-20.4243305,0.15473557663381504,gid5163
gid5163_20120406,-20.671917,0.15473557663381504,gid5163
gid5163_20120407,-20.85400325,0.15473557663381504,gid5163
gid5163_20120408,-20.999196,0.15473557663381504,gid5163
gid5163_20120409,-21.1797265,0.15473557663381504,gid5163
gid5163_20120410,-21.3229825,0.15473557663381504,gid5163
gid5163_20120411,-21.525484,0.15473557663381504,gid5163
gid5163_20120412,-21.6172415,0.15473557663381504,gid5163
gid5163_20120413,-21.6604215,0.15473557663381504,gid5163
gid5163_20120414,-21.63619625,0.15473557663381504,gid5163
gid5163_20120415,-21.64838825,0.15473557663381504,gid5163
gid5163_20120416,-21.92689925,0.15473557663381504,gid5163
gid5163_20120417,-22.3118045,0.15473557663381504,gid5163
gid5163_20120418,-22.63079675,0.15473557663381504,gid5163
gid5163_20120419,-22.9357555,0.15473557663381504,gid5163
gid5163_20120420,-23.200487,0.15473557663381504,gid5163
gid5163_20120421,-23.250398,0.15473557663381504,gid5163
gid5163_20120422,-23.39622575,0.15473557663381504,gid5163
gid5163_20120423,-23.780623,0.15473557663381504,gid5163
gid5163_20120424,-24.03935375,0.15473557663381504,gid5163
gid5163_20120425,-24.34059775,0.15473557663381504,gid5163
gid5163_20120426,-24.61872775,0.15473557663381504,gid5163
gid5163_20120427,-24.81119625,0.15473557663381504,gid5163
gid5163_20120428,-24.82783325,0.15473557663381504,gid5163
gid5163_20120429,-24.78693925,0.15473557663381504,gid5163
gid5163_20120430,-25.048591,0.15473557663381504,gid5163
gid5163_20120501,-25.2830965,0.15473557663381504,gid5163
gid5163_20120502,-25.521412,0.15473557663381504,gid5163
gid5163_20120503,-25.654762,0.15473557663381504,gid5163
gid5163_20120504,-25.8632325,0.15473557663381504,gid5163
gid5163_20120505,-25.817576,0.15473557663381504,gid5163
gid5163_20120506,-25.319101,0.15473557663381504,gid5163
gid5163_20120507,-24.967565,0.15473557663381504,gid5163
gid5163_20120508,-24.5675785,0.15473557663381504,gid5163
gid5163_20120509,-24.08412125,0.15473557663381504,gid5163
gid5163_20120510,-23.7502065,0.15473557663381504,gid5163
gid5163_20120511,-23.17496,0.15473557663381504,gid5163
gid5163_20120512,-22.767671,0.15473557663381504,gid5163
gid5163_20120513,-22.5806635,0.15473557663381504,gid5163
gid5163_20120514,-22.60031675,0.15473557663381504,gid5163
gid5163_20120515,-22.082125,0.15473557663381504,gid5163
gid5163_20120516,-21.30999675,0.15473557663381504,gid5163
gid5163_20120517,-21.12591025,0.15473557663381504,gid5163
gid5163_20120518,-21.07987275,0.15473557663381504,gid5163
gid5163_20120519,-20.98421,0.15473557663381504,gid5163
gid5163_20120520,-20.931251,0.15473557663381504,gid5163
gid5163_20120521,-21.16483575,0.15473557663381504,gid5163
gid5163_20120522,-21.3717505,0.15473557663381504,gid5163
gid5163_20120523,-21.59523875,0.15473557663381504,gid5163
gid5163_20120524,-21.85838275,0.15473557663381504,gid5163
gid5163_20120525,-22.16432575,0.15473557663381504,gid5163
gid5163_20120526,-22.402546,0.15473557663381504,gid5163
gid5163_20120527,-22.511639,0.15473557663381504,gid5163
gid5163_20120528,-22.871811,0.15473557663381504,gid5163
gid5163_20120529,-23.3020235,0.15473557663381504,gid5163
gid5163_20120530,-23.5845985,0.15473557663381504,gid5163
gid5163_20120531,-23.79037025,0.15473557663381504,gid5163
gid5163_20120601,-23.91349675,0.15473557663381504,gid5163
gid5163_20120602,-23.98531525,0.15473557663381504,gid5163
gid5163_20120603,-24.007191,0.15473557663381504,gid5163
gid5163_20120604,-24.26547725,0.15473557663381504,gid5163
gid5163_20120605,-24.5564025,0.15473557663381504,gid5163
gid5163_20120606,-24.67155975,0.15473557663381504,gid5163
gid5163_20120607,-24.867489,0.15473557663381504,gid5163
gid5163_20120608,-24.89647675,0.15473557663381504,gid5163
gid5163_20120609,-24.80630675,0.15473557663381504,gid5163
gid5163_20120610,-24.807291,0.15473557663381504,gid5163
gid5163_20120611,-25.1400945,0.15473557663381504,gid5163
gid5163_20120612,-25.53141325,0.15473557663381504,gid5163
gid5163_20120613,-25.72127825,0.15473557663381504,gid5163
gid5163_20120614,-25.9904865,0.15473557663381504,gid5163
gid5163_20120615,-26.17625575,0.15473557663381504,gid5163
gid5163_20120616,-26.149046,0.15473557663381504,gid5163
gid5163_20120617,-26.0193155,0.15473557663381504,gid5163
gid5163_20120618,-26.16082525,0.15473557663381504,gid5163
gid5163_20120619,-26.2894445,0.15473557663381504,gid5163
gid5163_20120620,-26.37920175,0.15473557663381504,gid5163
gid5163_20120621,-26.38739325,0.15473557663381504,gid5163
gid5163_20120622,-26.4351135,0.15473557663381504,gid5163
gid5163_20120623,-26.394283,0.15473557663381504,gid5163
gid5163_20120624,-26.36897825,0.15473557663381504,gid5163
gid5163_20120625,-26.6943205,0.15473557663381504,gid5163
gid5163_20120626,-27.03668075,0.15473557663381504,gid5163
gid5163_20120627,-27.2662015,0.15473557663381504,gid5163
gid5163_20120628,-27.39342375,0.15473557663381504,gid5163
gid5163_20120629,-27.3524345,0.15473557663381504,gid5163
gid5163_20120630,-27.13891575,0.15473557663381504,gid5163
gid5163_20120701,-26.74000875,0.15473557663381504,gid5163
gid5163_20120702,-26.502487,0.15473557663381504,gid5163
gid5163_20120703,-26.37462975,0.15473557663381504,gid5163
gid5163_20120704,-26.4310495,0.15473557663381504,gid5163
gid5163_20120705,-26.504265,0.15473557663381504,gid5163
gid5163_20120706,-26.60570625,0.15473557663381504,gid5163
gid5163_20120707,-26.520648,0.15473557663381504,gid5163
gid5163_20120708,-26.366597,0.15473557663381504,gid5163
gid5163_20120709,-26.35869125,0.15473557663381504,gid5163
gid5163_20120710,-26.37970975,0.15473557663381504,gid5163
gid5163_20120711,-25.9662295,0.15473557663381504,gid5163
gid5163_20120712,-25.48188325,0.15473557663381504,gid5163
gid5163_20120713,-25.4116205,0.15473557663381504,gid5163
gid5163_20120714,-25.18775125,0.15473557663381504,gid5163
gid5163_20120715,-25.05732225,0.15473557663381504,gid5163
gid5163_20120716,-25.1785755,0.15473557663381504,gid5163
gid5163_20120717,-25.3170055,0.15473557663381504,gid5163
gid5163_20120718,-25.4899795,0.15473557663381504,gid5163
gid5163_20120719,-25.4445135,0.15473557663381504,gid5163
gid5163_20120720,-25.4126365,0.15473557663381504,gid5163
gid5163_20120721,-25.368885,0.15473557663381504,gid5163
gid5163_20120722,-25.3839345,0.15473557663381504,gid5163
gid5163_20120723,-25.70851475,0.15473557663381504,gid5163
gid5163_20120724,-26.0296025,0.15473557663381504,gid5163
gid5163_20120725,-26.252551,0.15473557663381504,gid5163
gid5163_20120726,-26.39958525,0.15473557663381504,gid5163
gid5163_20120727,-26.5610975,0.15473557663381504,gid5163
gid5163_20120728,-26.4911205,0.15473557663381504,gid5163
gid5163_20120729,-26.39748975,0.15473557663381504,gid5163
gid5163_20120730,-26.7136245,0.15473557663381504,gid5163
gid5163_20120731,-27.0007715,0.15473557663381504,gid5163
gid5163_20120801,-27.24280175,0.15473557663381504,gid5163
gid5163_20120802,-27.40059925,0.15473557663381504,gid5163
gid5163_20120803,-27.527758,0.15473557663381504,gid5163
gid5163_20120804,-27.343354,0.15473557663381504,gid5163
gid5163_20120805,-27.2288635,0.15473557663381504,gid5163
gid5163_20120806,-27.42263375,0.15473557663381504,gid5163
gid5163_20120807,-27.70476425,0.15473557663381504,gid5163
gid5163_20120808,-27.85341775,0.15473557663381504,gid5163
gid5163_20120809,-27.9809575,0.15473557663381504,gid5163
gid5163_20120810,-28.03274175,0.15473557663381504,gid5163
gid5163_20120811,-27.86859425,0.15473557663381504,gid5163
gid5163_20120812,-27.72851325,0.15473557663381504,gid5163
gid5163_20120813,-28.02397875,0.15473557663381504,gid5163
gid5163_20120814,-28.23429075,0.15473557663381504,gid5163
gid5163_20120815,-28.4058995,0.15473557663381504,gid5163
gid5163_20120816,-28.46568475,0.15473557663381504,gid5163
gid5163_20120817,-28.5431865,0.15473557663381504,gid5163
gid5163_20120818,-28.31582475,0.15473557663381504,gid5163
gid5163_20120819,-27.5055965,0.15473557663381504,gid5163
gid5163_20120820,-26.94378025,0.15473557663381504,gid5163
gid5163_20120821,-26.96594175,0.15473557663381504,gid5163
gid5163_20120822,-27.00588325,0.15473557663381504,gid5163
gid5163_20120823,-27.01813875,0.15473557663381504,gid5163
gid5163_20120824,-27.02690175,0.15473557663381504,gid5163
gid5163_20120825,-26.89215475,0.15473557663381504,gid5163
gid5163_20120826,-26.74493,0.15473557663381504,gid5163
gid5163_20120827,-27.07255825,0.15473557663381504,gid5163
gid5163_20120828,-27.2711545,0.15473557663381504,gid5163
gid5163_20120829,-27.39786875,0.15473557663381504,gid5163
gid5163_20120830,-27.580209,0.15473557663381504,gid5163
gid5163_20120831,-27.65123375,0.15473557663381504,gid5163
gid5163_20120901,-27.527631,0.15473557663381504,gid5163
gid5163_20120902,-27.393265,0.15473557663381504,gid5163
gid5163_20120903,-27.6604095,0.15473557663381504,gid5163
gid5163_20120904,-27.917775,0.15473557663381504,gid5163
gid5163_20120905,-28.00181725,0.15473557663381504,gid5163
gid5163_20120906,-28.1038935,0.15473557663381504,gid5163
gid5163_20120907,-28.162123,0.15473557663381504,gid5163
gid5163_20120908,-28.0956385,0.15473557663381504,gid5163
gid5163_20120909,-27.96263775,0.15473557663381504,gid5163
gid5163_20120910,-28.166314,0.15473557663381504,gid5163
gid5163_20120911,-28.379547,0.15473557663381504,gid5163
gid5163_20120912,-28.4923865,0.15473557663381504,gid5163
gid5163_20120913,-28.40491525,0.15473557663381504,gid5163
gid5163_20120914,-27.52010625,0.15473557663381504,gid5163
gid5163_20120915,-26.65206125,0.15473557663381504,gid5163
gid5163_20120916,-26.13942575,0.15473557663381504,gid5163
gid5163_20120917,-25.41838325,0.15473557663381504,gid5163
gid5163_20120918,-25.27957225,0.15473557663381504,gid5163
gid5163_20120919,-25.447752,0.15473557663381504,gid5163
gid5163_20120920,-25.506172,0.15473557663381504,gid5163
gid5163_20120921,-25.5207135,0.15473557663381504,gid5163
gid5163_20120922,-25.520015,0.15473557663381504,gid5163
gid5163_20120923,-25.470993,0.15473557663381504,gid5163
gid5163_20120924,-25.808178,0.15473557663381504,gid5163
gid5163_20120925,-25.96740425,0.15473557663381504,gid5163
gid5163_20120926,-26.130123,0.15473557663381504,gid5163
gid5163_20120927,-26.2189595,0.15473557663381504,gid5163
gid5163_20120928,-26.104469,0.15473557663381504,gid5163
gid5163_20120929,-25.13936425,0.15473557663381504,gid5163
gid5163_20120930,-24.438737,0.15473557663381504,gid5163
gid5163_20121001,-24.412702,0.15473557663381504,gid5163
gid5163_20121002,-24.36193375,0.15473557663381504,gid5163
gid5163_20121003,-24.39412825,0.15473557663381504,gid5163
gid5163_20121004,-24.378285,0.15473557663381504,gid5163
gid5163_20121005,-24.42232225,0.15473557663381504,gid5163
gid5163_20121006,-24.30573625,0.15473557663381504,gid5163
gid5163_20121007,-24.216106,0.15473557663381504,gid5163
gid5163_20121008,-24.4216555,0.15473557663381504,gid5163
gid5163_20121009,-24.532844,0.15473557663381504,gid5163
gid5163_20121010,-24.694769,0.15473557663381504,gid5163
gid5163_20121011,-24.75588775,0.15473557663381504,gid5163
gid5163_20121012,-24.8076085,0.15473557663381504,gid5163
gid5163_20121013,-24.78782825,0.15473557663381504,gid5163
gid5163_20121014,-24.773382,0.15473557663381504,gid5163
gid5163_20121015,-24.92651225,0.15473557663381504,gid5163
gid5163_20121016,-24.996902,0.15473557663381504,gid5163
gid5163_20121017,-25.1030105,0.15473557663381504,gid5163
gid5163_20121018,-25.378029,0.15473557663381504,gid5163
gid5163_20121019,-25.46797675,0.15473557663381504,gid5163
gid5163_20121020,-25.43025775,0.15473557663381504,gid5163
gid5163_20121021,-25.50036175,0.15473557663381504,gid5163
gid5163_20121022,-25.75156775,0.15473557663381504,gid5163
gid5163_20121023,-25.94949725,0.15473557663381504,gid5163
gid5163_20121024,-26.096214,0.15473557663381504,gid5163
gid5163_20121025,-26.12945625,0.15473557663381504,gid5163
gid5163_20121026,-25.9902325,0.15473557663381504,gid5163
gid5163_20121027,-25.52061825,0.15473557663381504,gid5163
gid5163_20121028,-25.4081915,0.15473557663381504,gid5163
gid5163_20121029,-25.5844675,0.15473557663381504,gid5163
gid5163_20121030,-25.663652,0.15473557663381504,gid5163
gid5163_20121031,-25.762204,0.15473557663381504,gid5163
gid5163_20121101,-25.8261485,0.15473557663381504,gid5163
gid5163_20121102,-25.8816475,0.15473557663381504,gid5163
gid5163_20121103,-25.6784475,0.15473557663381504,gid5163
gid5163_20121104,-25.3366905,0.15473557663381504,gid5163
gid5163_20121105,-25.3524385,0.15473557663381504,gid5163
gid5163_20121106,-25.4200025,0.15473557663381504,gid5163
gid5163_20121107,-25.4611505,0.15473557663381504,gid5163
gid5163_20121108,-25.43521075,0.15473557663381504,gid5163
gid5163_20121109,-25.46416675,0.15473557663381504,gid5163
gid5163_20121110,-25.36072525,0.15473557663381504,gid5163
gid5163_20121111,-25.28535075,0.15473557663381504,gid5163
gid5163_20121112,-25.47997825,0.15473557663381504,gid5163
gid5163_20121113,-25.4247015,0.15473557663381504,gid5163
gid5163_20121114,-25.337516,0.15473557663381504,gid5163
gid5163_20121115,-25.333452,0.15473557663381504,gid5163
gid5163_20121116,-25.3054485,0.15473557663381504,gid5163
gid5163_20121117,-25.21067475,0.15473557663381504,gid5163
gid5163_20121118,-25.08958025,0.15473557663381504,gid5163
gid5163_20121119,-25.2495685,0.15473557663381504,gid5163
gid5163_20121120,-25.43590925,0.15473557663381504,gid5163
gid5163_20121121,-25.48842375,0.15473557663381504,gid5163
gid5163_20121122,-25.3110365,0.15473557663381504,gid5163
gid5163_20121123,-25.11434525,0.15473557663381504,gid5163
gid5163_20121124,-25.0609735,0.15473557663381504,gid5163
gid5163_20121125,-24.97686775,0.15473557663381504,gid5163
gid5163_20121126,-25.12729925,0.15473557663381504,gid5163
gid5163_20121127,-25.1310775,0.15473557663381504,gid5163
gid5163_20121128,-25.02531825,0.15473557663381504,gid5163
gid5163_20121129,-24.857964,0.15473557663381504,gid5163
gid5163_20121130,-24.76211075,0.15473557663381504,gid5163
gid5163_20121201,-24.568912,0.15473557663381504,gid5163
gid5163_20121202,-24.49191825,0.15473557663381504,gid5163
gid5163_20121203,-24.5697375,0.15473557663381504,gid5163
gid5163_20121204,-24.64882675,0.15473557663381504,gid5163
gid5163_20121205,-24.610695,0.15473557663381504,gid5163
gid5163_20121206,-24.5313835,0.15473557663381504,gid5163
gid5163_20121207,-24.52741475,0.15473557663381504,gid5163
gid5163_20121208,-24.38301575,0.15473557663381504,gid5163
gid5163_20121209,-24.287861,0.15473557663381504,gid5163
gid5163_20121210,-24.38511125,0.15473557663381504,gid5163
gid5163_20121211,-24.448135,0.15473557663381504,gid5163
gid5163_20121212,-24.427688,0.15473557663381504,gid5163
gid5163_20121213,-24.42340175,0.15473557663381504,gid5163
gid5163_20121214,-24.34472525,0.15473557663381504,gid5163
gid5163_20121215,-24.18495925,0.15473557663381504,gid5163
gid5163_20121216,-24.07846975,0.15473557663381504,gid5163
gid5163_20121217,-24.227409,0.15473557663381504,gid5163
gid5163_20121218,-24.33348575,0.15473557663381504,gid5163
gid5163_20121219,-24.4106065,0.15473557663381504,gid5163
gid5163_20121220,-24.581739,0.15473557663381504,gid5163
gid5163_20121221,-24.59072425,0.15473557663381504,gid5163
gid5163_20121222,-24.41927425,0.15473557663381504,gid5163
gid5163_20121223,-24.317706,0.15473557663381504,gid5163
gid5163_20121224,-24.377142,0.15473557663381504,gid5163
gid5163_20121225,-24.37164925,0.15473557663381504,gid5163
gid5163_20121226,-24.404447,0.15473557663381504,gid5163
gid5163_20121227,-24.430355,0.15473557663381504,gid5163
gid5163_20121228,-24.4501035,0.15473557663381504,gid5163
gid5163_20121229,-24.51890575,0.15473557663381504,gid5163
gid5163_20121230,-24.37761825,0.15473557663381504,gid5163
gid5163_20121231,-24.377142,0.15473557663381504,gid5163
gid5163_20130101,-24.28954375,0.15473557663381504,gid5163
gid5163_20130102,-24.30884775,0.15473557663381504,gid5163
gid5163_20130103,-24.4013355,0.15473557663381504,gid5163
gid5163_20130104,-24.33577175,0.15473557663381504,gid5163
gid5163_20130105,-24.20604125,0.15473557663381504,gid5163
gid5163_20130106,-24.219281,0.15473557663381504,gid5163
gid5163_20130107,-24.265255,0.15473557663381504,gid5163
gid5163_20130108,-24.1708305,0.15473557663381504,gid5163
gid5163_20130109,-23.653242,0.15473557663381504,gid5163
gid5163_20130110,-23.20839275,0.15473557663381504,gid5163
gid5163_20130111,-22.993477,0.15473557663381504,gid5163
gid5163_20130112,-22.8614605,0.15473557663381504,gid5163
gid5163_20130113,-22.85793625,0.15473557663381504,gid5163
gid5163_20130114,-22.94416925,0.15473557663381504,gid5163
gid5163_20130115,-22.94023225,0.15473557663381504,gid5163
gid5163_20130116,-23.02976725,0.15473557663381504,gid5163
gid5163_20130117,-23.1092375,0.15473557663381504,gid5163
gid5163_20130118,-23.1079675,0.15473557663381504,gid5163
gid5163_20130119,-22.99490575,0.15473557663381504,gid5163
gid5163_20130120,-23.01224125,0.15473557663381504,gid5163
gid5163_20130121,-23.113619,0.15473557663381504,gid5163
gid5163_20130122,-23.2612565,0.15473557663381504,gid5163
gid5163_20130123,-23.29722925,0.15473557663381504,gid5163
gid5163_20130124,-23.31602525,0.15473557663381504,gid5163
gid5163_20130125,-23.33945675,0.15473557663381504,gid5163
gid5163_20130126,-23.2815765,0.15473557663381504,gid5163
gid5163_20130127,-23.22718875,0.15473557663381504,gid5163
gid5163_20130128,-23.3556175,0.15473557663381504,gid5163
gid5163_20130129,-23.37203225,0.15473557663381504,gid5163
gid5163_20130130,-23.43711975,0.15473557663381504,gid5163
gid5163_20130131,-23.495127,0.15473557663381504,gid5163
gid5163_20130201,-23.49547625,0.15473557663381504,gid5163
gid5163_20130202,-23.45362975,0.15473557663381504,gid5163
gid5163_20130203,-23.482808,0.15473557663381504,gid5163
gid5163_20130204,-23.5228765,0.15473557663381504,gid5163
gid5163_20130205,-23.5924725,0.15473557663381504,gid5163
gid5163_20130206,-23.6216825,0.15473557663381504,gid5163
gid5163_20130207,-23.5777405,0.15473557663381504,gid5163
gid5163_20130208,-23.6629575,0.15473557663381504,gid5163
gid5163_20130209,-23.5158915,0.15473557663381504,gid5163
gid5163_20130210,-23.4135295,0.15473557663381504,gid5163
gid5163_20130211,-23.55611875,0.15473557663381504,gid5163
gid5163_20130212,-23.6127925,0.15473557663381504,gid5163
gid5163_20130213,-23.72407625,0.15473557663381504,gid5163
gid5163_20130214,-23.769447,0.15473557663381504,gid5163
gid5163_20130215,-23.809706,0.15473557663381504,gid5163
gid5163_20130216,-23.810976,0.15473557663381504,gid5163
gid5163_20130217,-23.805261,0.15473557663381504,gid5163
gid5163_20130218,-23.93292775,0.15473557663381504,gid5163
gid5163_20130219,-24.05148225,0.15473557663381504,gid5163
gid5163_20130220,-23.98493425,0.15473557663381504,gid5163
gid5163_20130221,-24.05916575,0.15473557663381504,gid5163
gid5163_20130222,-24.1670205,0.15473557663381504,gid5163
gid5163_20130223,-24.19188075,0.15473557663381504,gid5163
gid5163_20130224,-24.23156825,0.15473557663381504,gid5163
gid5163_20130225,-24.39101675,0.15473557663381504,gid5163
gid5163_20130226,-24.4208935,0.15473557663381504,gid5163
gid5163_20130227,-24.47464625,0.15473557663381504,gid5163
gid5163_20130228,-24.5166515,0.15473557663381504,gid5163
gid5163_20130301,-24.60151925,0.15473557663381504,gid5163
gid5163_20130302,-24.598376,0.15473557663381504,gid5163
gid5163_20130303,-24.573992,0.15473557663381504,gid5163
gid5163_20130304,-24.7696355,0.15473557663381504,gid5163
gid5163_20130305,-25.004141,0.15473557663381504,gid5163
gid5163_20130306,-25.04982925,0.15473557663381504,gid5163
gid5163_20130307,-25.08862775,0.15473557663381504,gid5163
gid5163_20130308,-25.07148275,0.15473557663381504,gid5163
gid5163_20130309,-24.83818375,0.15473557663381504,gid5163
gid5163_20130310,-24.58742225,0.15473557663381504,gid5163
gid5163_20130311,-24.5958995,0.15473557663381504,gid5163
gid5163_20130312,-24.70337325,0.15473557663381504,gid5163
gid5163_20130313,-24.8639965,0.15473557663381504,gid5163
gid5163_20130314,-24.98734525,0.15473557663381504,gid5163
gid5163_20130315,-25.03033475,0.15473557663381504,gid5163
gid5163_20130316,-24.9909965,0.15473557663381504,gid5163
gid5163_20130317,-24.94549875,0.15473557663381504,gid5163
gid5163_20130318,-25.2132465,0.15473557663381504,gid5163
gid5163_20130319,-25.40752475,0.15473557663381504,gid5163
gid5163_20130320,-25.51871325,0.15473557663381504,gid5163
gid5163_20130321,-25.51496675,0.15473557663381504,gid5163
gid5163_20130322,-25.54220825,0.15473557663381504,gid5163
gid5163_20130323,-25.5825625,0.15473557663381504,gid5163
gid5163_20130324,-25.59510375,0.15473557663381504,gid5163
gid5163_20130325,-25.78814375,0.15473557663381504,gid5163
gid5163_20130326,-25.91882675,0.15473557663381504,gid5163
gid5163_20130327,-26.0817995,0.15473557663381504,gid5163
gid5163_20130328,-26.206196,0.15473557663381504,gid5163
gid5163_20130329,-26.1700645,0.15473557663381504,gid5163
gid5163_20130330,-26.08824475,0.15473557663381504,gid5163
gid5163_20130331,-25.97210325,0.15473557663381504,gid5163
gid5163_20130401,-25.92250975,0.15473557663381504,gid5163
gid5163_20130402,-26.05141475,0.15473557663381504,gid5163
gid5163_20130403,-25.8178935,0.15473557663381504,gid5163
gid5163_20130404,-25.36624975,0.15473557663381504,gid5163
gid5163_20130405,-25.2013085,0.15473557663381504,gid5163
gid5163_20130406,-25.04913075,0.15473557663381504,gid5163
gid5163_20130407,-24.9179715,0.15473557663381504,gid5163
gid5163_20130408,-25.0600845,0.15473557663381504,gid5163
gid5163_20130409,-25.0925965,0.15473557663381504,gid5163
gid5163_20130410,-25.14558725,0.15473557663381504,gid5163
gid5163_20130411,-25.1124085,0.15473557663381504,gid5163
gid5163_20130412,-25.17505125,0.15473557663381504,gid5163
gid5163_20130413,-25.15142925,0.15473557663381504,gid5163
gid5163_20130414,-25.1292995,0.15473557663381504,gid5163
gid5163_20130415,-25.40479425,0.15473557663381504,gid5163
gid5163_20130416,-25.67054175,0.15473557663381504,gid5163
gid5163_20130417,-25.71886525,0.15473557663381504,gid5163
gid5163_20130418,-25.67720925,0.15473557663381504,gid5163
gid5163_20130419,-25.667716,0.15473557663381504,gid5163
gid5163_20130420,-25.6404745,0.15473557663381504,gid5163
gid5163_20130421,-25.592024,0.15473557663381504,gid5163
gid5163_20130422,-25.85119925,0.15473557663381504,gid5163
gid5163_20130423,-26.0330315,0.15473557663381504,gid5163
gid5163_20130424,-26.07465575,0.15473557663381504,gid5163
gid5163_20130425,-26.1585075,0.15473557663381504,gid5163
gid5163_20130426,-26.1682865,0.15473557663381504,gid5163
gid5163_20130427,-26.08037075,0.15473557663381504,gid5163
gid5163_20130428,-26.014172,0.15473557663381504,gid5163
gid5163_20130429,-25.919176,0.15473557663381504,gid5163
gid5163_20130430,-25.54760575,0.15473557663381504,gid5163
gid5163_20130501,-25.35989975,0.15473557663381504,gid5163
gid5163_20130502,-25.29449475,0.15473557663381504,gid5163
gid5163_20130503,-24.98734525,0.15473557663381504,gid5163
gid5163_20130504,-24.829262,0.15473557663381504,gid5163
gid5163_20130505,-24.81005325,0.15473557663381504,gid5163
gid5163_20130506,-25.08875475,0.15473557663381504,gid5163
gid5163_20130507,-25.23410625,0.15473557663381504,gid5163
gid5163_20130508,-25.45334,0.15473557663381504,gid5163
gid5163_20130509,-25.59865975,0.15473557663381504,gid5163
gid5163_20130510,-25.52188825,0.15473557663381504,gid5163
gid5163_20130511,-25.2061345,0.15473557663381504,gid5163
gid5163_20130512,-25.13231575,0.15473557663381504,gid5163
gid5163_20130513,-25.28890675,0.15473557663381504,gid5163
gid5163_20130514,-25.478994,0.15473557663381504,gid5163
gid5163_20130515,-25.5219835,0.15473557663381504,gid5163
gid5163_20130516,-25.6671445,0.15473557663381504,gid5163
gid5163_20130517,-25.97858025,0.15473557663381504,gid5163
gid5163_20130518,-26.14168,0.15473557663381504,gid5163
gid5163_20130519,-26.2540115,0.15473557663381504,gid5163
gid5163_20130520,-26.67650875,0.15473557663381504,gid5163
gid5163_20130521,-26.986611,0.15473557663381504,gid5163
gid5163_20130522,-27.25188225,0.15473557663381504,gid5163
gid5163_20130523,-27.50404075,0.15473557663381504,gid5163
gid5163_20130524,-27.413839,0.15473557663381504,gid5163
gid5163_20130525,-25.88834675,0.15473557663381504,gid5163
gid5163_20130526,-23.82624775,0.15473557663381504,gid5163
gid5163_20130527,-22.803485,0.15473557663381504,gid5163
gid5163_20130528,-22.38759175,0.15473557663381504,gid5163
gid5163_20130529,-22.17124725,0.15473557663381504,gid5163
gid5163_20130530,-22.30250175,0.15473557663381504,gid5163
gid5163_20130531,-22.60241225,0.15473557663381504,gid5163
gid5163_20130601,-22.7785295,0.15473557663381504,gid5163
gid5163_20130602,-22.80529475,0.15473557663381504,gid5163
gid5163_20130603,-22.8938455,0.15473557663381504,gid5163
gid5163_20130604,-23.07904325,0.15473557663381504,gid5163
gid5163_20130605,-23.2864025,0.15473557663381504,gid5163
gid5163_20130606,-23.560913,0.15473557663381504,gid5163
gid5163_20130607,-23.7160435,0.15473557663381504,gid5163
gid5163_20130608,-23.61523725,0.15473557663381504,gid5163
gid5163_20130609,-23.558246,0.15473557663381504,gid5163
gid5163_20130610,-23.74674575,0.15473557663381504,gid5163
gid5163_20130611,-24.03973475,0.15473557663381504,gid5163
gid5163_20130612,-24.05357775,0.15473557663381504,gid5163
gid5163_20130613,-23.96150275,0.15473557663381504,gid5163
gid5163_20130614,-23.6855635,0.15473557663381504,gid5163
gid5163_20130615,-23.49261875,0.15473557663381504,gid5163
gid5163_20130616,-23.3694605,0.15473557663381504,gid5163
gid5163_20130617,-23.50544575,0.15473557663381504,gid5163
gid5163_20130618,-23.6728,0.15473557663381504,gid5163
gid5163_20130619,-23.8568865,0.15473557663381504,gid5163
gid5163_20130620,-24.10914025,0.15473557663381504,gid5163
gid5163_20130621,-24.2545235,0.15473557663381504,gid5163
gid5163_20130622,-24.29544925,0.15473557663381504,gid5163
gid5163_20130623,-24.44880175,0.15473557663381504,gid5163
gid5163_20130624,-24.86383775,0.15473557663381504,gid5163
gid5163_20130625,-25.40955675,0.15473557663381504,gid5163
gid5163_20130626,-25.8332605,0.15473557663381504,gid5163
gid5163_20130627,-26.0932295,0.15473557663381504,gid5163
gid5163_20130628,-26.42943025,0.15473557663381504,gid5163
gid5163_20130629,-26.506043,0.15473557663381504,gid5163
gid5163_20130630,-26.422858,0.15473557663381504,gid5163
gid5163_20130701,-26.2321675,0.15473557663381504,gid5163
gid5163_20130702,-26.38853625,0.15473557663381504,gid5163
gid5163_20130703,-26.6063095,0.15473557663381504,gid5163
gid5163_20130704,-26.85415,0.15473557663381504,gid5163
gid5163_20130705,-26.95705175,0.15473557663381504,gid5163
gid5163_20130706,-26.94022425,0.15473557663381504,gid5163
gid5163_20130707,-26.92415875,0.15473557663381504,gid5163
gid5163_20130708,-27.02740975,0.15473557663381504,gid5163
gid5163_20130709,-27.16164875,0.15473557663381504,gid5163
gid5163_20130710,-27.478863,0.15473557663381504,gid5163
gid5163_20130711,-27.6731095,0.15473557663381504,gid5163
gid5163_20130712,-27.87602375,0.15473557663381504,gid5163
gid5163_20130713,-27.92034675,0.15473557663381504,gid5163
gid5163_20130714,-27.79004475,0.15473557663381504,gid5163
gid5163_20130715,-27.7696295,0.15473557663381504,gid5163
gid5163_20130716,-27.44117575,0.15473557663381504,gid5163
gid5163_20130717,-27.276298,0.15473557663381504,gid5163
gid5163_20130718,-27.14551975,0.15473557663381504,gid5163
gid5163_20130719,-27.0809085,0.15473557663381504,gid5163
gid5163_20130720,-26.9981045,0.15473557663381504,gid5163
gid5163_20130721,-26.94559,0.15473557663381504,gid5163
gid5163_20130722,-27.15339375,0.15473557663381504,gid5163
gid5163_20130723,-27.43558775,0.15473557663381504,gid5163
gid5163_20130724,-27.6555835,0.15473557663381504,gid5163
gid5163_20130725,-27.8911685,0.15473557663381504,gid5163
gid5163_20130726,-28.164663,0.15473557663381504,gid5163
gid5163_20130727,-28.03652,0.15473557663381504,gid5163
gid5163_20130728,-27.81519075,0.15473557663381504,gid5163
gid5163_20130729,-28.1085925,0.15473557663381504,gid5163
gid5163_20130730,-28.485592,0.15473557663381504,gid5163
gid5163_20130731,-28.6540575,0.15473557663381504,gid5163
gid5163_20130801,-28.7752155,0.15473557663381504,gid5163
gid5163_20130802,-28.91507425,0.15473557663381504,gid5163
gid5163_20130803,-28.83728675,0.15473557663381504,gid5163
gid5163_20130804,-28.7060005,0.15473557663381504,gid5163
gid5163_20130805,-28.970224,0.15473557663381504,gid5163
gid5163_20130806,-29.29455025,0.15473557663381504,gid5163
gid5163_20130807,-29.44517225,0.15473557663381504,gid5163
gid5163_20130808,-29.51438725,0.15473557663381504,gid5163
gid5163_20130809,-29.62925875,0.15473557663381504,gid5163
gid5163_20130810,-29.482034,0.15473557663381504,gid5163
gid5163_20130811,-29.141039,0.15473557663381504,gid5163
gid5163_20130812,-29.22044575,0.15473557663381504,gid5163
gid5163_20130813,-29.43056725,0.15473557663381504,gid5163
gid5163_20130814,-29.655516,0.15473557663381504,gid5163
gid5163_20130815,-29.753941,0.15473557663381504,gid5163
gid5163_20130816,-29.782262,0.15473557663381504,gid5163
gid5163_20130817,-29.63192575,0.15473557663381504,gid5163
gid5163_20130818,-29.52543625,0.15473557663381504,gid5163
gid5163_20130819,-29.71091975,0.15473557663381504,gid5163
gid5163_20130820,-29.90884925,0.15473557663381504,gid5163
gid5163_20130821,-29.99755875,0.15473557663381504,gid5163
gid5163_20130822,-29.93596375,0.15473557663381504,gid5163
gid5163_20130823,-30.038802,0.15473557663381504,gid5163
gid5163_20130824,-29.9577125,0.15473557663381504,gid5163
gid5163_20130825,-29.7209845,0.15473557663381504,gid5163
gid5163_20130826,-29.795978,0.15473557663381504,gid5163
gid5163_20130827,-29.7261915,0.15473557663381504,gid5163
gid5163_20130828,-29.85119125,0.15473557663381504,gid5163
gid5163_20130829,-30.0227365,0.15473557663381504,gid5163
gid5163_20130830,-30.134433,0.15473557663381504,gid5163
gid5163_20130831,-29.938345,0.15473557663381504,gid5163
gid5163_20130901,-29.75098825,0.15473557663381504,gid5163
gid5163_20130902,-29.95799825,0.15473557663381504,gid5163
gid5163_20130903,-30.345888,0.15473557663381504,gid5163
gid5163_20130904,-30.40738775,0.15473557663381504,gid5163
gid5163_20130905,-30.247717,0.15473557663381504,gid5163
gid5163_20130906,-30.20774375,0.15473557663381504,gid5163
gid5163_20130907,-30.053153,0.15473557663381504,gid5163
gid5163_20130908,-29.85423925,0.15473557663381504,gid5163
gid5163_20130909,-29.90516625,0.15473557663381504,gid5163
gid5163_20130910,-29.94574275,0.15473557663381504,gid5163
gid5163_20130911,-29.90300725,0.15473557663381504,gid5163
gid5163_20130912,-29.76038625,0.15473557663381504,gid5163
gid5163_20130913,-29.7251755,0.15473557663381504,gid5163
gid5163_20130914,-29.54778825,0.15473557663381504,gid5163
gid5163_20130915,-29.375989,0.15473557663381504,gid5163
gid5163_20130916,-29.44777575,0.15473557663381504,gid5163
gid5163_20130917,-29.28248525,0.15473557663381504,gid5163
gid5163_20130918,-29.32179175,0.15473557663381504,gid5163
gid5163_20130919,-29.30312275,0.15473557663381504,gid5163
gid5163_20130920,-29.19256925,0.15473557663381504,gid5163
gid5163_20130921,-28.7872805,0.15473557663381504,gid5163
gid5163_20130922,-28.66475725,0.15473557663381504,gid5163
gid5163_20130923,-28.84630375,0.15473557663381504,gid5163
gid5163_20130924,-29.05090075,0.15473557663381504,gid5163
gid5163_20130925,-29.25772025,0.15473557663381504,gid5163
gid5163_20130926,-29.417899,0.15473557663381504,gid5163
gid5163_20130927,-29.42891625,0.15473557663381504,gid5163
gid5163_20130928,-29.33080875,0.15473557663381504,gid5163
gid5163_20130929,-28.724733,0.15473557663381504,gid5163
gid5163_20130930,-28.25410275,0.15473557663381504,gid5163
gid5163_20131001,-28.20469975,0.15473557663381504,gid5163
gid5163_20131002,-28.256865,0.15473557663381504,gid5163
gid5163_20131003,-28.3641165,0.15473557663381504,gid5163
gid5163_20131004,-28.48213125,0.15473557663381504,gid5163
gid5163_20131005,-28.47724175,0.15473557663381504,gid5163
gid5163_20131006,-28.3770705,0.15473557663381504,gid5163
gid5163_20131007,-28.4851475,0.15473557663381504,gid5163
gid5163_20131008,-28.68698225,0.15473557663381504,gid5163
gid5163_20131009,-28.80483825,0.15473557663381504,gid5163
gid5163_20131010,-28.897834,0.15473557663381504,gid5163
gid5163_20131011,-28.86960825,0.15473557663381504,gid5163
gid5163_20131012,-28.7721675,0.15473557663381504,gid5163
gid5163_20131013,-28.61719575,0.15473557663381504,gid5163
gid5163_20131014,-28.40294675,0.15473557663381504,gid5163
gid5163_20131015,-28.321254,0.15473557663381504,gid5163
gid5163_20131016,-28.1675205,0.15473557663381504,gid5163
gid5163_20131017,-27.91025025,0.15473557663381504,gid5163
gid5163_20131018,-27.80445925,0.15473557663381504,gid5163
gid5163_20131019,-27.80287175,0.15473557663381504,gid5163
gid5163_20131020,-27.7689945,0.15473557663381504,gid5163
gid5163_20131021,-27.928189,0.15473557663381504,gid5163
gid5163_20131022,-28.08982825,0.15473557663381504,gid5163
gid5163_20131023,-28.18958675,0.15473557663381504,gid5163
gid5163_20131024,-28.33036625,0.15473557663381504,gid5163
gid5163_20131025,-28.37938825,0.15473557663381504,gid5163
gid5163_20131026,-28.30483925,0.15473557663381504,gid5163
gid5163_20131027,-28.233878,0.15473557663381504,gid5163
gid5163_20131028,-28.44485675,0.15473557663381504,gid5163
gid5163_20131029,-28.55153675,0.15473557663381504,gid5163
gid5163_20131030,-28.49146575,0.15473557663381504,gid5163
gid5163_20131031,-28.07757275,0.15473557663381504,gid5163
gid5163_20131101,-27.44403325,0.15473557663381504,gid5163
gid5163_20131102,-27.238325,0.15473557663381504,gid5163
gid5163_20131103,-27.049095,0.15473557663381504,gid5163
gid5163_20131104,-27.112087,0.15473557663381504,gid5163
gid5163_20131105,-27.18088925,0.15473557663381504,gid5163
gid5163_20131106,-27.28147325,0.15473557663381504,gid5163
gid5163_20131107,-27.35570475,0.15473557663381504,gid5163
gid5163_20131108,-27.29588775,0.15473557663381504,gid5163
gid5163_20131109,-27.20825775,0.15473557663381504,gid5163
gid5163_20131110,-27.20213,0.15473557663381504,gid5163
gid5163_20131111,-27.35011675,0.15473557663381504,gid5163
gid5163_20131112,-27.5603335,0.15473557663381504,gid5163
gid5163_20131113,-27.584908,0.15473557663381504,gid5163
gid5163_20131114,-27.55896825,0.15473557663381504,gid5163
gid5163_20131115,-27.5848445,0.15473557663381504,gid5163
gid5163_20131116,-27.55572975,0.15473557663381504,gid5163
gid5163_20131117,-27.58728925,0.15473557663381504,gid5163
gid5163_20131118,-27.78928275,0.15473557663381504,gid5163
gid5163_20131119,-27.9269825,0.15473557663381504,gid5163
gid5163_20131120,-28.01648575,0.15473557663381504,gid5163
gid5163_20131121,-28.048839,0.15473557663381504,gid5163
gid5163_20131122,-28.0002615,0.15473557663381504,gid5163
gid5163_20131123,-27.80255425,0.15473557663381504,gid5163
gid5163_20131124,-27.66704525,0.15473557663381504,gid5163
gid5163_20131125,-27.5349335,0.15473557663381504,gid5163
gid5163_20131126,-27.41971275,0.15473557663381504,gid5163
gid5163_20131127,-27.4116165,0.15473557663381504,gid5163
gid5163_20131128,-27.39723375,0.15473557663381504,gid5163
gid5163_20131129,-27.3237325,0.15473557663381504,gid5163
gid5163_20131130,-27.2801715,0.15473557663381504,gid5163
gid5163_20131201,-27.24724675,0.15473557663381504,gid5163
gid5163_20131202,-27.361134,0.15473557663381504,gid5163
gid5163_20131203,-27.448002,0.15473557663381504,gid5163
gid5163_20131204,-27.5831935,0.15473557663381504,gid5163
gid5163_20131205,-27.69403275,0.15473557663381504,gid5163
gid5163_20131206,-27.7628985,0.15473557663381504,gid5163
gid5163_20131207,-27.6917785,0.15473557663381504,gid5163
gid5163_20131208,-27.6840315,0.15473557663381504,gid5163
gid5163_20131209,-27.75454825,0.15473557663381504,gid5163
gid5163_20131210,-27.84916325,0.15473557663381504,gid5163
gid5163_20131211,-27.9527,0.15473557663381504,gid5163
gid5163_20131212,-27.97571875,0.15473557663381504,gid5163
gid5163_20131213,-27.9553035,0.15473557663381504,gid5163
gid5163_20131214,-27.86770525,0.15473557663381504,gid5163
gid5163_20131215,-27.87119775,0.15473557663381504,gid5163
gid5163_20131216,-28.032329,0.15473557663381504,gid5163
gid5163_20131217,-28.13643725,0.15473557663381504,gid5163
gid5163_20131218,-28.19333325,0.15473557663381504,gid5163
gid5163_20131219,-28.146248,0.15473557663381504,gid5163
gid5163_20131220,-28.1750135,0.15473557663381504,gid5163
gid5163_20131221,-28.04010775,0.15473557663381504,gid5163
gid5163_20131222,-28.02207375,0.15473557663381504,gid5163
gid5163_20131223,-28.136723,0.15473557663381504,gid5163
gid5163_20131224,-28.18977725,0.15473557663381504,gid5163
gid5163_20131225,-28.0406475,0.15473557663381504,gid5163
gid5163_20131226,-28.08627225,0.15473557663381504,gid5163
gid5163_20131227,-28.14037425,0.15473557663381504,gid5163
gid5163_20131228,-28.008326,0.15473557663381504,gid5163
gid5163_20131229,-27.94127,0.15473557663381504,gid5163
gid5163_20131230,-27.973909,0.15473557663381504,gid5163
gid5163_20131231,-27.801189,0.15473557663381504,gid5163
gid5163_20140101,-27.63078675,0.15473557663381504,gid5163
gid5163_20140102,-27.57262075,0.15473557663381504,gid5163
gid5163_20140103,-27.5059775,0.15473557663381504,gid5163
gid5163_20140104,-27.30731775,0.15473557663381504,gid5163
gid5163_20140105,-27.21962425,0.15473557663381504,gid5163
gid5163_20140106,-27.28706125,0.15473557663381504,gid5163
gid5163_20140107,-27.1797145,0.15473557663381504,gid5163
gid5163_20140108,-27.081607,0.15473557663381504,gid5163
gid5163_20140109,-26.9857855,0.15473557663381504,gid5163
gid5163_20140110,-26.940129,0.15473557663381504,gid5163
gid5163_20140111,-26.810208,0.15473557663381504,gid5163
gid5163_20140112,-26.712037,0.15473557663381504,gid5163
gid5163_20140113,-26.80081,0.15473557663381504,gid5163
gid5163_20140114,-26.839545,0.15473557663381504,gid5163
gid5163_20140115,-26.92441275,0.15473557663381504,gid5163
gid5163_20140116,-26.8595475,0.15473557663381504,gid5163
gid5163_20140117,-26.89342475,0.15473557663381504,gid5163
gid5163_20140118,-26.76934575,0.15473557663381504,gid5163
gid5163_20140119,-26.7679805,0.15473557663381504,gid5163
gid5163_20140120,-26.79004675,0.15473557663381504,gid5163
gid5163_20140121,-26.9922625,0.15473557663381504,gid5163
gid5163_20140122,-26.87869275,0.15473557663381504,gid5163
gid5163_20140123,-26.92015825,0.15473557663381504,gid5163
gid5163_20140124,-26.9231745,0.15473557663381504,gid5163
gid5163_20140125,-26.8567535,0.15473557663381504,gid5163
gid5163_20140126,-26.71048125,0.15473557663381504,gid5163
gid5163_20140127,-26.88878925,0.15473557663381504,gid5163
gid5163_20140128,-26.91895175,0.15473557663381504,gid5163
gid5163_20140129,-27.00131125,0.15473557663381504,gid5163
gid5163_20140130,-26.945336,0.15473557663381504,gid5163
gid5163_20140131,-26.8661515,0.15473557663381504,gid5163
gid5163_20140201,-26.82084425,0.15473557663381504,gid5163
gid5163_20140202,-26.80877925,0.15473557663381504,gid5163
gid5163_20140203,-26.7917295,0.15473557663381504,gid5163
gid5163_20140204,-26.75918575,0.15473557663381504,gid5163
gid5163_20140205,-26.813129,0.15473557663381504,gid5163
gid5163_20140206,-26.773759,0.15473557663381504,gid5163
gid5163_20140207,-26.68393825,0.15473557663381504,gid5163
gid5163_20140208,-26.629487,0.15473557663381504,gid5163
gid5163_20140209,-26.577671,0.15473557663381504,gid5163
gid5163_20140210,-26.712418,0.15473557663381504,gid5163
gid5163_20140211,-26.6948285,0.15473557663381504,gid5163
gid5163_20140212,-26.72343525,0.15473557663381504,gid5163
gid5163_20140213,-26.74553325,0.15473557663381504,gid5163
gid5163_20140214,-26.7984605,0.15473557663381504,gid5163
gid5163_20140215,-26.9022195,0.15473557663381504,gid5163
gid5163_20140216,-26.88174075,0.15473557663381504,gid5163
gid5163_20140217,-27.00372425,0.15473557663381504,gid5163
gid5163_20140218,-27.1266285,0.15473557663381504,gid5163
gid5163_20140219,-27.146377,0.15473557663381504,gid5163
gid5163_20140220,-27.2421985,0.15473557663381504,gid5163
gid5163_20140221,-27.369008,0.15473557663381504,gid5163
gid5163_20140222,-27.2917285,0.15473557663381504,gid5163
gid5163_20140223,-27.271599,0.15473557663381504,gid5163
gid5163_20140224,-27.53890225,0.15473557663381504,gid5163
gid5163_20140225,-27.5706205,0.15473557663381504,gid5163
gid5163_20140226,-27.51401025,0.15473557663381504,gid5163
gid5163_20140227,-27.3570065,0.15473557663381504,gid5163
gid5163_20140228,-27.35614925,0.15473557663381504,gid5163
gid5163_20140301,-27.356435,0.15473557663381504,gid5163
gid5163_20140302,-27.22978425,0.15473557663381504,gid5163
gid5163_20140303,-27.322145,0.15473557663381504,gid5163
gid5163_20140304,-27.515947,0.15473557663381504,gid5163
gid5163_20140305,-27.35284725,0.15473557663381504,gid5163
gid5163_20140306,-27.5190585,0.15473557663381504,gid5163
gid5163_20140307,-27.5292185,0.15473557663381504,gid5163
gid5163_20140308,-27.37231,0.15473557663381504,gid5163
gid5163_20140309,-27.151838,0.15473557663381504,gid5163
gid5163_20140310,-27.03528375,0.15473557663381504,gid5163
gid5163_20140311,-26.89952075,0.15473557663381504,gid5163
gid5163_20140312,-26.95590875,0.15473557663381504,gid5163
gid5163_20140313,-26.983563,0.15473557663381504,gid5163
gid5163_20140314,-26.9633065,0.15473557663381504,gid5163
gid5163_20140315,-26.8596745,0.15473557663381504,gid5163
gid5163_20140316,-26.9180945,0.15473557663381504,gid5163
gid5163_20140317,-27.03312475,0.15473557663381504,gid5163
gid5163_20140318,-27.20114575,0.15473557663381504,gid5163
gid5163_20140319,-27.40942575,0.15473557663381504,gid5163
gid5163_20140320,-27.49464275,0.15473557663381504,gid5163
gid5163_20140321,-27.553666,0.15473557663381504,gid5163
gid5163_20140322,-27.44396975,0.15473557663381504,gid5163
gid5163_20140323,-27.3741515,0.15473557663381504,gid5163
gid5163_20140324,-27.4851495,0.15473557663381504,gid5163
gid5163_20140325,-27.39120125,0.15473557663381504,gid5163
gid5163_20140326,-27.366849,0.15473557663381504,gid5163
gid5163_20140327,-27.229181,0.15473557663381504,gid5163
gid5163_20140328,-27.21206775,0.15473557663381504,gid5163
gid5163_20140329,-27.25550175,0.15473557663381504,gid5163
gid5163_20140330,-27.2260695,0.15473557663381504,gid5163
gid5163_20140331,-27.38231125,0.15473557663381504,gid5163
gid5163_20140401,-27.654631,0.15473557663381504,gid5163
gid5163_20140402,-27.81550825,0.15473557663381504,gid5163
gid5163_20140403,-27.93311025,0.15473557663381504,gid5163
gid5163_20140404,-28.11929225,0.15473557663381504,gid5163
gid5163_20140405,-27.97228975,0.15473557663381504,gid5163
gid5163_20140406,-27.7501985,0.15473557663381504,gid5163
gid5163_20140407,-27.8338915,0.15473557663381504,gid5163
gid5163_20140408,-27.83697125,0.15473557663381504,gid5163
gid5163_20140409,-27.9516205,0.15473557663381504,gid5163
gid5163_20140410,-28.1032585,0.15473557663381504,gid5163
gid5163_20140411,-28.206827,0.15473557663381504,gid5163
gid5163_20140412,-28.23778325,0.15473557663381504,gid5163
gid5163_20140413,-28.177236,0.15473557663381504,gid5163
gid5163_20140414,-28.26331025,0.15473557663381504,gid5163
gid5163_20140415,-28.1673935,0.15473557663381504,gid5163
gid5163_20140416,-28.0682065,0.15473557663381504,gid5163
gid5163_20140417,-28.32935025,0.15473557663381504,gid5163
gid5163_20140418,-28.0723975,0.15473557663381504,gid5163
gid5163_20140419,-28.011247,0.15473557663381504,gid5163
gid5163_20140420,-27.873579,0.15473557663381504,gid5163
gid5163_20140421,-27.9086945,0.15473557663381504,gid5163
gid5163_20140422,-28.0613485,0.15473557663381504,gid5163
gid5163_20140423,-28.24819725,0.15473557663381504,gid5163
gid5163_20140424,-28.47336825,0.15473557663381504,gid5163
gid5163_20140425,-28.71828775,0.15473557663381504,gid5163
gid5163_20140426,-28.64030975,0.15473557663381504,gid5163
gid5163_20140427,-28.61389375,0.15473557663381504,gid5163
gid5163_20140428,-29.0137215,0.15473557663381504,gid5163
gid5163_20140429,-29.3314755,0.15473557663381504,gid5163
gid5163_20140430,-29.663771,0.15473557663381504,gid5163
gid5163_20140501,-29.839793,0.15473557663381504,gid5163
gid5163_20140502,-29.87392425,0.15473557663381504,gid5163
gid5163_20140503,-29.80966225,0.15473557663381504,gid5163
gid5163_20140504,-29.80756675,0.15473557663381504,gid5163
gid5163_20140505,-30.07871175,0.15473557663381504,gid5163
gid5163_20140506,-30.30826425,0.15473557663381504,gid5163
gid5163_20140507,-30.37500275,0.15473557663381504,gid5163
gid5163_20140508,-30.25486075,0.15473557663381504,gid5163
gid5163_20140509,-30.204283,0.15473557663381504,gid5163
gid5163_20140510,-29.8169965,0.15473557663381504,gid5163
gid5163_20140511,-29.69942625,0.15473557663381504,gid5163
gid5163_20140512,-29.730192,0.15473557663381504,gid5163
gid5163_20140513,-29.3821485,0.15473557663381504,gid5163
gid5163_20140514,-28.739211,0.15473557663381504,gid5163
gid5163_20140515,-28.53997975,0.15473557663381504,gid5163
gid5163_20140516,-28.56499875,0.15473557663381504,gid5163
gid5163_20140517,-28.4311725,0.15473557663381504,gid5163
gid5163_20140518,-28.3622115,0.15473557663381504,gid5163
gid5163_20140519,-28.60367025,0.15473557663381504,gid5163
gid5163_20140520,-28.846018,0.15473557663381504,gid5163
gid5163_20140521,-29.1106225,0.15473557663381504,gid5163
gid5163_20140522,-29.306012,0.15473557663381504,gid5163
gid5163_20140523,-29.33576175,0.15473557663381504,gid5163
gid5163_20140524,-29.11147975,0.15473557663381504,gid5163
gid5163_20140525,-28.8672905,0.15473557663381504,gid5163
gid5163_20140526,-28.623895,0.15473557663381504,gid5163
gid5163_20140527,-27.83811425,0.15473557663381504,gid5163
gid5163_20140528,-27.426666,0.15473557663381504,gid5163
gid5163_20140529,-27.079956,0.15473557663381504,gid5163
gid5163_20140530,-26.9890875,0.15473557663381504,gid5163
gid5163_20140531,-26.90675975,0.15473557663381504,gid5163
gid5163_20140601,-26.806398,0.15473557663381504,gid5163
gid5163_20140602,-27.025981,0.15473557663381504,gid5163
gid5163_20140603,-27.25981975,0.15473557663381504,gid5163
gid5163_20140604,-27.482546,0.15473557663381504,gid5163
gid5163_20140605,-27.70324025,0.15473557663381504,gid5163
gid5163_20140606,-27.89266075,0.15473557663381504,gid5163
gid5163_20140607,-27.97603625,0.15473557663381504,gid5163
gid5163_20140608,-27.94282575,0.15473557663381504,gid5163
gid5163_20140609,-27.74692825,0.15473557663381504,gid5163
gid5163_20140610,-27.4273645,0.15473557663381504,gid5163
gid5163_20140611,-27.4069175,0.15473557663381504,gid5163
gid5163_20140612,-27.61742,0.15473557663381504,gid5163
gid5163_20140613,-27.6628225,0.15473557663381504,gid5163
gid5163_20140614,-27.4851495,0.15473557663381504,gid5163
gid5163_20140615,-27.3708495,0.15473557663381504,gid5163
gid5163_20140616,-27.6879685,0.15473557663381504,gid5163
gid5163_20140617,-28.02842375,0.15473557663381504,gid5163
gid5163_20140618,-28.24597475,0.15473557663381504,gid5163
gid5163_20140619,-28.5204535,0.15473557663381504,gid5163
gid5163_20140620,-28.6880935,0.15473557663381504,gid5163
gid5163_20140621,-28.7433385,0.15473557663381504,gid5163
gid5163_20140622,-28.6605345,0.15473557663381504,gid5163
gid5163_20140623,-28.837382,0.15473557663381504,gid5163
gid5163_20140624,-29.045027,0.15473557663381504,gid5163
gid5163_20140625,-28.79397975,0.15473557663381504,gid5163
gid5163_20140626,-27.959558,0.15473557663381504,gid5163
gid5163_20140627,-27.89107325,0.15473557663381504,gid5163
gid5163_20140628,-27.8684355,0.15473557663381504,gid5163
gid5163_20140629,-27.9387935,0.15473557663381504,gid5163
gid5163_20140630,-28.24851475,0.15473557663381504,gid5163
gid5163_20140701,-28.58881125,0.15473557663381504,gid5163
gid5163_20140702,-28.9455225,0.15473557663381504,gid5163
gid5163_20140703,-29.15300875,0.15473557663381504,gid5163
gid5163_20140704,-29.28953375,0.15473557663381504,gid5163
gid5163_20140705,-29.07585625,0.15473557663381504,gid5163
gid5163_20140706,-28.9885755,0.15473557663381504,gid5163
gid5163_20140707,-29.24597275,0.15473557663381504,gid5163
gid5163_20140708,-29.53400875,0.15473557663381504,gid5163
gid5163_20140709,-29.73663725,0.15473557663381504,gid5163
gid5163_20140710,-29.85766825,0.15473557663381504,gid5163
gid5163_20140711,-29.95895075,0.15473557663381504,gid5163
gid5163_20140712,-29.944187,0.15473557663381504,gid5163
gid5163_20140713,-29.8722415,0.15473557663381504,gid5163
gid5163_20140714,-30.1069375,0.15473557663381504,gid5163
gid5163_20140715,-30.37506625,0.15473557663381504,gid5163
gid5163_20140716,-30.21707825,0.15473557663381504,gid5163
gid5163_20140717,-30.206442,0.15473557663381504,gid5163
gid5163_20140718,-29.61992425,0.15473557663381504,gid5163
gid5163_20140719,-28.5567755,0.15473557663381504,gid5163
gid5163_20140720,-28.1532965,0.15473557663381504,gid5163
gid5163_20140721,-28.08855825,0.15473557663381504,gid5163
gid5163_20140722,-28.2103195,0.15473557663381504,gid5163
gid5163_20140723,-28.500832,0.15473557663381504,gid5163
gid5163_20140724,-28.80534625,0.15473557663381504,gid5163
gid5163_20140725,-28.993846,0.15473557663381504,gid5163
gid5163_20140726,-29.09623975,0.15473557663381504,gid5163
gid5163_20140727,-29.163518,0.15473557663381504,gid5163
gid5163_20140728,-29.3656385,0.15473557663381504,gid5163
gid5163_20140729,-29.4918765,0.15473557663381504,gid5163
gid5163_20140730,-29.62335325,0.15473557663381504,gid5163
gid5163_20140731,-29.84693675,0.15473557663381504,gid5163
gid5163_20140801,-30.177105,0.15473557663381504,gid5163
gid5163_20140802,-30.25549575,0.15473557663381504,gid5163
gid5163_20140803,-30.2079025,0.15473557663381504,gid5163
gid5163_20140804,-30.53934075,0.15473557663381504,gid5163
gid5163_20140805,-30.8384575,0.15473557663381504,gid5163
gid5163_20140806,-31.04524525,0.15473557663381504,gid5163
gid5163_20140807,-31.208218,0.15473557663381504,gid5163
gid5163_20140808,-31.28756125,0.15473557663381504,gid5163
gid5163_20140809,-31.2453655,0.15473557663381504,gid5163
gid5163_20140810,-31.1333515,0.15473557663381504,gid5163
gid5163_20140811,-31.33740875,0.15473557663381504,gid5163
gid5163_20140812,-31.50949375,0.15473557663381504,gid5163
gid5163_20140813,-31.22704575,0.15473557663381504,gid5163
gid5163_20140814,-31.22717275,0.15473557663381504,gid5163
gid5163_20140815,-31.35239475,0.15473557663381504,gid5163
gid5163_20140816,-31.26971775,0.15473557663381504,gid5163
gid5163_20140817,-31.17294375,0.15473557663381504,gid5163
gid5163_20140818,-31.35233125,0.15473557663381504,gid5163
gid5163_20140819,-31.548832,0.15473557663381504,gid5163
gid5163_20140820,-31.61693575,0.15473557663381504,gid5163
gid5163_20140821,-31.708217,0.15473557663381504,gid5163
gid5163_20140822,-31.74711075,0.15473557663381504,gid5163
gid5163_20140823,-31.61538,0.15473557663381504,gid5163
gid5163_20140824,-31.50600125,0.15473557663381504,gid5163
gid5163_20140825,-31.812738,0.15473557663381504,gid5163
gid5163_20140826,-31.98110825,0.15473557663381504,gid5163
gid5163_20140827,-31.937198,0.15473557663381504,gid5163
gid5163_20140828,-32.07597725,0.15473557663381504,gid5163
gid5163_20140829,-32.089217,0.15473557663381504,gid5163
gid5163_20140830,-31.960439,0.15473557663381504,gid5163
gid5163_20140831,-31.783909,0.15473557663381504,gid5163
gid5163_20140901,-31.89081125,0.15473557663381504,gid5163
gid5163_20140902,-32.13560375,0.15473557663381504,gid5163
gid5163_20140903,-32.12220525,0.15473557663381504,gid5163
gid5163_20140904,-31.8878585,0.15473557663381504,gid5163
gid5163_20140905,-31.59134525,0.15473557663381504,gid5163
gid5163_20140906,-31.37887425,0.15473557663381504,gid5163
gid5163_20140907,-31.2029475,0.15473557663381504,gid5163
gid5163_20140908,-31.32667725,0.15473557663381504,gid5163
gid5163_20140909,-31.46701225,0.15473557663381504,gid5163
gid5163_20140910,-31.52606725,0.15473557663381504,gid5163
gid5163_20140911,-31.69402475,0.15473557663381504,gid5163
gid5163_20140912,-31.61890425,0.15473557663381504,gid5163
gid5163_20140913,-31.190438,0.15473557663381504,gid5163
gid5163_20140914,-30.98117375,0.15473557663381504,gid5163
gid5163_20140915,-31.15941825,0.15473557663381504,gid5163
gid5163_20140916,-31.331408,0.15473557663381504,gid5163
gid5163_20140917,-31.23555475,0.15473557663381504,gid5163
gid5163_20140918,-31.08706,0.15473557663381504,gid5163
gid5163_20140919,-31.01400325,0.15473557663381504,gid5163
gid5163_20140920,-30.9142765,0.15473557663381504,gid5163
gid5163_20140921,-30.78794325,0.15473557663381504,gid5163
gid5163_20140922,-31.0053355,0.15473557663381504,gid5163
gid5163_20140923,-31.178881,0.15473557663381504,gid5163
gid5163_20140924,-31.22549,0.15473557663381504,gid5163
gid5163_20140925,-31.324296,0.15473557663381504,gid5163
gid5163_20140926,-31.18780275,0.15473557663381504,gid5163
gid5163_20140927,-30.71218775,0.15473557663381504,gid5163
gid5163_20140928,-30.435169,0.15473557663381504,gid5163
gid5163_20140929,-30.4871755,0.15473557663381504,gid5163
gid5163_20140930,-30.59788775,0.15473557663381504,gid5163
gid5163_20141001,-30.66564225,0.15473557663381504,gid5163
gid5163_20141002,-30.72717375,0.15473557663381504,gid5163
gid5163_20141003,-30.77848175,0.15473557663381504,gid5163
gid5163_20141004,-30.6949475,0.15473557663381504,gid5163
gid5163_20141005,-30.5769645,0.15473557663381504,gid5163
gid5163_20141006,-30.8065805,0.15473557663381504,gid5163
gid5163_20141007,-30.97355375,0.15473557663381504,gid5163
gid5163_20141008,-31.09566425,0.15473557663381504,gid5163
gid5163_20141009,-31.174944,0.15473557663381504,gid5163
gid5163_20141010,-31.17294375,0.15473557663381504,gid5163
gid5163_20141011,-30.80629475,0.15473557663381504,gid5163
gid5163_20141012,-30.37766975,0.15473557663381504,gid5163
gid5163_20141013,-30.40383175,0.15473557663381504,gid5163
gid5163_20141014,-30.6108735,0.15473557663381504,gid5163
gid5163_20141015,-30.68012025,0.15473557663381504,gid5163
gid5163_20141016,-30.7277135,0.15473557663381504,gid5163
gid5163_20141017,-30.7783865,0.15473557663381504,gid5163
gid5163_20141018,-30.7147595,0.15473557663381504,gid5163
gid5163_20141019,-30.560264,0.15473557663381504,gid5163
gid5163_20141020,-30.6873275,0.15473557663381504,gid5163
gid5163_20141021,-30.890718,0.15473557663381504,gid5163
gid5163_20141022,-30.96974375,0.15473557663381504,gid5163
gid5163_20141023,-31.0689625,0.15473557663381504,gid5163
gid5163_20141024,-31.0135905,0.15473557663381504,gid5163
gid5163_20141025,-30.8695725,0.15473557663381504,gid5163
gid5163_20141026,-30.73606375,0.15473557663381504,gid5163
gid5163_20141027,-30.85207825,0.15473557663381504,gid5163
gid5163_20141028,-31.07451875,0.15473557663381504,gid5163
gid5163_20141029,-31.13370075,0.15473557663381504,gid5163
gid5163_20141030,-31.1487185,0.15473557663381504,gid5163
gid5163_20141031,-30.892877,0.15473557663381504,gid5163
gid5163_20141101,-30.48,0.15473557663381504,gid5163
gid5163_20141102,-30.28826175,0.15473557663381504,gid5163
gid5163_20141103,-30.4226595,0.15473557663381504,gid5163
gid5163_20141104,-30.42808875,0.15473557663381504,gid5163
gid5163_20141105,-29.5993185,0.15473557663381504,gid5163
gid5163_20141106,-28.6990155,0.15473557663381504,gid5163
gid5163_20141107,-28.4258385,0.15473557663381504,gid5163
gid5163_20141108,-28.23384625,0.15473557663381504,gid5163
gid5163_20141109,-28.16606,0.15473557663381504,gid5163
gid5163_20141110,-28.22902025,0.15473557663381504,gid5163
gid5163_20141111,-28.37360975,0.15473557663381504,gid5163
gid5163_20141112,-28.425648,0.15473557663381504,gid5163
gid5163_20141113,-28.4620335,0.15473557663381504,gid5163
gid5163_20141114,-28.44326925,0.15473557663381504,gid5163
gid5163_20141115,-28.30795075,0.15473557663381504,gid5163
gid5163_20141116,-28.24540325,0.15473557663381504,gid5163
gid5163_20141117,-28.5223585,0.15473557663381504,gid5163
gid5163_20141118,-28.692348,0.15473557663381504,gid5163
gid5163_20141119,-28.8970085,0.15473557663381504,gid5163
gid5163_20141120,-29.029406,0.15473557663381504,gid5163
gid5163_20141121,-29.04829725,0.15473557663381504,gid5163
gid5163_20141122,-28.72832075,0.15473557663381504,gid5163
gid5163_20141123,-28.30109275,0.15473557663381504,gid5163
gid5163_20141124,-28.371673,0.15473557663381504,gid5163
gid5163_20141125,-28.44911125,0.15473557663381504,gid5163
gid5163_20141126,-28.57414275,0.15473557663381504,gid5163
gid5163_20141127,-28.62443475,0.15473557663381504,gid5163
gid5163_20141128,-28.5551245,0.15473557663381504,gid5163
gid5163_20141129,-28.607639,0.15473557663381504,gid5163
gid5163_20141130,-28.620212,0.15473557663381504,gid5163
gid5163_20141201,-28.861766,0.15473557663381504,gid5163
gid5163_20141202,-28.88821375,0.15473557663381504,gid5163
gid5163_20141203,-28.907994,0.15473557663381504,gid5163
gid5163_20141204,-29.055695,0.15473557663381504,gid5163
gid5163_20141205,-29.1251005,0.15473557663381504,gid5163
gid5163_20141206,-29.120084,0.15473557663381504,gid5163
gid5163_20141207,-29.12710075,0.15473557663381504,gid5163
gid5163_20141208,-29.2329235,0.15473557663381504,gid5163
gid5163_20141209,-29.369258,0.15473557663381504,gid5163
gid5163_20141210,-29.41574,0.15473557663381504,gid5163
gid5163_20141211,-29.36986125,0.15473557663381504,gid5163
gid5163_20141212,-29.279215,0.15473557663381504,gid5163
gid5163_20141213,-29.17212225,0.15473557663381504,gid5163
gid5163_20141214,-29.2099365,0.15473557663381504,gid5163
gid5163_20141215,-29.372052,0.15473557663381504,gid5163
gid5163_20141216,-29.457269,0.15473557663381504,gid5163
gid5163_20141217,-29.4556815,0.15473557663381504,gid5163
gid5163_20141218,-29.501973,0.15473557663381504,gid5163
gid5163_20141219,-29.48682825,0.15473557663381504,gid5163
gid5163_20141220,-29.39170525,0.15473557663381504,gid5163
gid5163_20141221,-29.3404925,0.15473557663381504,gid5163
gid5163_20141222,-29.3956105,0.15473557663381504,gid5163
gid5163_20141223,-29.51489525,0.15473557663381504,gid5163
gid5163_20141224,-29.6207815,0.15473557663381504,gid5163
gid5163_20141225,-29.50937075,0.15473557663381504,gid5163
gid5163_20141226,-29.51394275,0.15473557663381504,gid5163
gid5163_20141227,-29.61801925,0.15473557663381504,gid5163
gid5163_20141228,-29.603319,0.15473557663381504,gid5163
gid5163_20141229,-29.5908095,0.15473557663381504,gid5163
gid5163_20141230,-29.6158285,0.15473557663381504,gid5163
gid5163_20141231,-29.69548925,0.15473557663381504,gid5163
rch_01_20080101,0.43607872,0.03619025593410863,rch_01
rch_01_20080102,0.44174208,0.03619025593410863,rch_01
rch_01_20080103,0.4389104,0.03619025593410863,rch_01
rch_01_20080104,0.4530688,0.03619025593410863,rch_01
rch_01_20080105,0.45873216,0.03619025593410863,rch_01
rch_01_20080106,0.46439552,0.03619025593410863,rch_01
rch_01_20080107,0.45590048,0.03619025593410863,rch_01
rch_01_20080108,0.41625696,0.03619025593410863,rch_01
rch_01_20080109,0.4105936,0.03619025593410863,rch_01
rch_01_20080110,0.42192032,0.03619025593410863,rch_01
rch_01_20080111,0.42758368,0.03619025593410863,rch_01
rch_01_20080112,0.41625696,0.03619025593410863,rch_01
rch_01_20080113,0.39077184,0.03619025593410863,rch_01
rch_01_20080114,0.40493024,0.03619025593410863,rch_01
rch_01_20080115,0.43041536,0.03619025593410863,rch_01
rch_01_20080116,0.47572224,0.03619025593410863,rch_01
rch_01_20080117,0.43041536,0.03619025593410863,rch_01
rch_01_20080118,0.40493024,0.03619025593410863,rch_01
rch_01_20080119,0.424752,0.03619025593410863,rch_01
rch_01_20080120,0.4105936,0.03619025593410863,rch_01
rch_01_20080121,0.41908864,0.03619025593410863,rch_01
rch_01_20080122,0.49271232,0.03619025593410863,rch_01
rch_01_20080123,0.44457376,0.03619025593410863,rch_01
rch_01_20080124,0.44457376,0.03619025593410863,rch_01
rch_01_20080125,0.44174208,0.03619025593410863,rch_01
rch_01_20080126,0.52669248,0.03619025593410863,rch_01
rch_01_20080127,0.47005888,0.03619025593410863,rch_01
rch_01_20080128,0.46156384,0.03619025593410863,rch_01
rch_01_20080129,0.424752,0.03619025593410863,rch_01
rch_01_20080130,0.3681184,0.03619025593410863,rch_01
rch_01_20080131,0.35962336,0.03619025593410863,rch_01
rch_01_20080201,0.34546496,0.03619025593410863,rch_01
rch_01_20080202,0.34829664,0.03619025593410863,rch_01
rch_01_20080203,0.43607872,0.03619025593410863,rch_01
rch_01_20080204,0.38794016,0.03619025593410863,rch_01
rch_01_20080205,0.38794016,0.03619025593410863,rch_01
rch_01_20080206,0.35962336,0.03619025593410863,rch_01
rch_01_20080207,0.33696992,0.03619025593410863,rch_01
rch_01_20080208,0.35396,0.03619025593410863,rch_01
rch_01_20080209,0.35112832,0.03619025593410863,rch_01
rch_01_20080210,0.32281152,0.03619025593410863,rch_01
rch_01_20080211,0.30865312,0.03619025593410863,rch_01
rch_01_20080212,0.3398016,0.03619025593410863,rch_01
rch_01_20080213,0.34546496,0.03619025593410863,rch_01
rch_01_20080214,0.34829664,0.03619025593410863,rch_01
rch_01_20080215,0.33696992,0.03619025593410863,rch_01
rch_01_20080216,0.38794016,0.03619025593410863,rch_01
rch_01_20080217,0.38510848,0.03619025593410863,rch_01
rch_01_20080218,0.31431648,0.03619025593410863,rch_01
rch_01_20080219,0.29166304,0.03619025593410863,rch_01
rch_01_20080220,0.272407616,0.03619025593410863,rch_01
rch_01_20080221,0.28883136,0.03619025593410863,rch_01
rch_01_20080222,0.29449472,0.03619025593410863,rch_01
rch_01_20080223,0.30015808,0.03619025593410863,rch_01
rch_01_20080224,0.30015808,0.03619025593410863,rch_01
rch_01_20080225,0.29166304,0.03619025593410863,rch_01
rch_01_20080226,0.272690784,0.03619025593410863,rch_01
rch_01_20080227,0.28883136,0.03619025593410863,rch_01
rch_01_20080228,0.281185824,0.03619025593410863,rch_01
rch_01_20080229,0.265328416,0.03619025593410863,rch_01
rch_01_20080301,0.263063072,0.03619025593410863,rch_01
rch_01_20080302,0.282035328,0.03619025593410863,rch_01
rch_01_20080303,0.28599968,0.03619025593410863,rch_01
rch_01_20080304,0.31714816,0.03619025593410863,rch_01
rch_01_20080305,0.256833376,0.03619025593410863,rch_01
rch_01_20080306,0.31714816,0.03619025593410863,rch_01
rch_01_20080307,0.45873216,0.03619025593410863,rch_01
rch_01_20080308,0.29449472,0.03619025593410863,rch_01
rch_01_20080309,0.260797728,0.03619025593410863,rch_01
rch_01_20080310,2.00482944,0.03619025593410863,rch_01
rch_01_20080311,2.30215584,0.03619025593410863,rch_01
rch_01_20080312,0.57483104,0.03619025593410863,rch_01
rch_01_20080313,0.40209856,0.03619025593410863,rch_01
rch_01_20080314,0.36245504,0.03619025593410863,rch_01
rch_01_20080315,0.35679168,0.03619025593410863,rch_01
rch_01_20080316,0.33696992,0.03619025593410863,rch_01
rch_01_20080317,0.3398016,0.03619025593410863,rch_01
rch_01_20080318,0.47005888,0.03619025593410863,rch_01
rch_01_20080319,0.637128,0.03619025593410863,rch_01
rch_01_20080320,0.37944512,0.03619025593410863,rch_01
rch_01_20080321,0.33130656,0.03619025593410863,rch_01
rch_01_20080322,0.33130656,0.03619025593410863,rch_01
rch_01_20080323,0.29166304,0.03619025593410863,rch_01
rch_01_20080324,0.28599968,0.03619025593410863,rch_01
rch_01_20080325,0.29449472,0.03619025593410863,rch_01
rch_01_20080326,0.28599968,0.03619025593410863,rch_01
rch_01_20080327,0.28599968,0.03619025593410863,rch_01
rch_01_20080328,0.28599968,0.03619025593410863,rch_01
rch_01_20080329,0.29449472,0.03619025593410863,rch_01
rch_01_20080330,0.30865312,0.03619025593410863,rch_01
rch_01_20080331,0.31431648,0.03619025593410863,rch_01
rch_01_20080401,0.31714816,0.03619025593410863,rch_01
rch_01_20080402,0.269859104,0.03619025593410863,rch_01
rch_01_20080403,0.258249216,0.03619025593410863,rch_01
rch_01_20080404,0.263063072,0.03619025593410863,rch_01
rch_01_20080405,0.279203648,0.03619025593410863,rch_01
rch_01_20080406,0.26476208,0.03619025593410863,rch_01
rch_01_20080407,0.262496736,0.03619025593410863,rch_01
rch_01_20080408,0.259381888,0.03619025593410863,rch_01
rch_01_20080409,0.266461088,0.03619025593410863,rch_01
rch_01_20080410,0.26617792,0.03619025593410863,rch_01
rch_01_20080411,0.25909872,0.03619025593410863,rch_01
rch_01_20080412,0.23644528,0.03619025593410863,rch_01
rch_01_20080413,0.248055168,0.03619025593410863,rch_01
rch_01_20080414,0.227667072,0.03619025593410863,rch_01
rch_01_20080415,0.221437376,0.03619025593410863,rch_01
rch_01_20080416,0.212376,0.03619025593410863,rch_01
rch_01_20080417,0.214641344,0.03619025593410863,rch_01
rch_01_20080418,2.76655136,0.03619025593410863,rch_01
rch_01_20080419,0.7928704,0.03619025593410863,rch_01
rch_01_20080420,0.3114848,0.03619025593410863,rch_01
rch_01_20080421,0.235878944,0.03619025593410863,rch_01
rch_01_20080422,0.21520768,0.03619025593410863,rch_01
rch_01_20080423,0.210676992,0.03619025593410863,rch_01
rch_01_20080424,0.211526496,0.03619025593410863,rch_01
rch_01_20080425,0.197651264,0.03619025593410863,rch_01
rch_01_20080426,2.71274944,0.03619025593410863,rch_01
rch_01_20080427,0.40776192,0.03619025593410863,rch_01
rch_01_20080428,0.222853216,0.03619025593410863,rch_01
rch_01_20080429,0.206146304,0.03619025593410863,rch_01
rch_01_20080430,0.191421568,0.03619025593410863,rch_01
rch_01_20080501,0.176130496,0.03619025593410863,rch_01
rch_01_20080502,0.1982176,0.03619025593410863,rch_01
rch_01_20080503,0.1982176,0.03619025593410863,rch_01
rch_01_20080504,0.176696832,0.03619025593410863,rch_01
rch_01_20080505,0.181793856,0.03619025593410863,rch_01
rch_01_20080506,0.184625536,0.03619025593410863,rch_01
rch_01_20080507,0.168201792,0.03619025593410863,rch_01
rch_01_20080508,0.17414832,0.03619025593410863,rch_01
rch_01_20080509,0.176130496,0.03619025593410863,rch_01
rch_01_20080510,0.1840592,0.03619025593410863,rch_01
rch_01_20080511,0.173015648,0.03619025593410863,rch_01
rch_01_20080512,0.152627552,0.03619025593410863,rch_01
rch_01_20080513,0.154609728,0.03619025593410863,rch_01
rch_01_20080514,0.231348256,0.03619025593410863,rch_01
rch_01_20080515,0.3964352,0.03619025593410863,rch_01
rch_01_20080516,0.282035328,0.03619025593410863,rch_01
rch_01_20080517,0.176413664,0.03619025593410863,rch_01
rch_01_20080518,0.150928544,0.03619025593410863,rch_01
rch_01_20080519,0.150928544,0.03619025593410863,rch_01
rch_01_20080520,0.15149488,0.03619025593410863,rch_01
rch_01_20080521,0.130540448,0.03619025593410863,rch_01
rch_01_20080522,0.122045408,0.03619025593410863,rch_01
rch_01_20080523,0.191421568,0.03619025593410863,rch_01
rch_01_20080524,0.1628216,0.03619025593410863,rch_01
rch_01_20080525,0.138469152,0.03619025593410863,rch_01
rch_01_20080526,0.118081056,0.03619025593410863,rch_01
rch_01_20080527,0.122894912,0.03619025593410863,rch_01
rch_01_20080528,0.125160256,0.03619025593410863,rch_01
rch_01_20080529,0.10477216,0.03619025593410863,rch_01
rch_01_20080530,0.11893056,0.03619025593410863,rch_01
rch_01_20080531,0.118364224,0.03619025593410863,rch_01
rch_01_20080601,0.1132672,0.03619025593410863,rch_01
rch_01_20080602,0.111568192,0.03619025593410863,rch_01
rch_01_20080603,0.106754336,0.03619025593410863,rch_01
rch_01_20080604,0.097976128,0.03619025593410863,rch_01
rch_01_20080605,0.094578112,0.03619025593410863,rch_01
rch_01_20080606,0.09486128,0.03619025593410863,rch_01
rch_01_20080607,0.11751472,0.03619025593410863,rch_01
rch_01_20080608,0.13875232,0.03619025593410863,rch_01
rch_01_20080609,0.118647392,0.03619025593410863,rch_01
rch_01_20080610,0.128558272,0.03619025593410863,rch_01
rch_01_20080611,0.135637472,0.03619025593410863,rch_01
rch_01_20080612,0.119496896,0.03619025593410863,rch_01
rch_01_20080613,0.111568192,0.03619025593410863,rch_01
rch_01_20080614,0.086083072,0.03619025593410863,rch_01
rch_01_20080615,0.084667232,0.03619025593410863,rch_01
rch_01_20080616,0.097409792,0.03619025593410863,rch_01
rch_01_20080617,0.0637128,0.03619025593410863,rch_01
rch_01_20080618,0.074473184,0.03619025593410863,rch_01
rch_01_20080619,0.084384064,0.03619025593410863,rch_01
rch_01_20080620,0.067110816,0.03619025593410863,rch_01
rch_01_20080621,0.06229696,0.03619025593410863,rch_01
rch_01_20080622,0.060597952,0.03619025593410863,rch_01
rch_01_20080623,0.078154368,0.03619025593410863,rch_01
rch_01_20080624,0.084667232,0.03619025593410863,rch_01
rch_01_20080625,0.06512864,0.03619025593410863,rch_01
rch_01_20080626,0.062580128,0.03619025593410863,rch_01
rch_01_20080627,0.059182112,0.03619025593410863,rch_01
rch_01_20080628,0.103922656,0.03619025593410863,rch_01
rch_01_20080629,0.08353456,0.03619025593410863,rch_01
rch_01_20080630,0.067110816,0.03619025593410863,rch_01
rch_01_20080701,0.11043552,0.03619025593410863,rch_01
rch_01_20080702,0.156308736,0.03619025593410863,rch_01
rch_01_20080703,0.5804944,0.03619025593410863,rch_01
rch_01_20080704,1.26292928,0.03619025593410863,rch_01
rch_01_20080705,1.0760384,0.03619025593410863,rch_01
rch_01_20080706,0.20104928,0.03619025593410863,rch_01
rch_01_20080707,0.80986048,0.03619025593410863,rch_01
rch_01_20080708,2.69859104,0.03619025593410863,rch_01
rch_01_20080709,1.21195904,0.03619025593410863,rch_01
rch_01_20080710,0.5238608,0.03619025593410863,rch_01
rch_01_20080711,0.21520768,0.03619025593410863,rch_01
rch_01_20080712,0.126292928,0.03619025593410863,rch_01
rch_01_20080713,0.105055328,0.03619025593410863,rch_01
rch_01_20080714,0.102223648,0.03619025593410863,rch_01
rch_01_20080715,0.109302848,0.03619025593410863,rch_01
rch_01_20080716,0.098542464,0.03619025593410863,rch_01
rch_01_20080717,0.0920296,0.03619025593410863,rch_01
rch_01_20080718,0.15432656,0.03619025593410863,rch_01
rch_01_20080719,0.100807808,0.03619025593410863,rch_01
rch_01_20080720,0.113550368,0.03619025593410863,rch_01
rch_01_20080721,0.086649408,0.03619025593410863,rch_01
rch_01_20080722,0.072774176,0.03619025593410863,rch_01
rch_01_20080723,0.078154368,0.03619025593410863,rch_01
rch_01_20080724,2.02748288,0.03619025593410863,rch_01
rch_01_20080725,4.4740544,0.03619025593410863,rch_01
rch_01_20080726,0.44174208,0.03619025593410863,rch_01
rch_01_20080727,0.18830672,0.03619025593410863,rch_01
rch_01_20080728,0.136486976,0.03619025593410863,rch_01
rch_01_20080729,0.122045408,0.03619025593410863,rch_01
rch_01_20080730,0.105055328,0.03619025593410863,rch_01
rch_01_20080731,0.092595936,0.03619025593410863,rch_01
rch_01_20080801,0.081269216,0.03619025593410863,rch_01
rch_01_20080802,0.070508832,0.03619025593410863,rch_01
rch_01_20080803,0.074190016,0.03619025593410863,rch_01
rch_01_20080804,0.072491008,0.03619025593410863,rch_01
rch_01_20080805,0.054085088,0.03619025593410863,rch_01
rch_01_20080806,0.072491008,0.03619025593410863,rch_01
rch_01_20080807,0.071641504,0.03619025593410863,rch_01
rch_01_20080808,0.059748448,0.03619025593410863,rch_01
rch_01_20080809,0.056067264,0.03619025593410863,rch_01
rch_01_20080810,0.058332608,0.03619025593410863,rch_01
rch_01_20080811,0.078154368,0.03619025593410863,rch_01
rch_01_20080812,0.088914752,0.03619025593410863,rch_01
rch_01_20080813,0.33696992,0.03619025593410863,rch_01
rch_01_20080814,0.150645376,0.03619025593410863,rch_01
rch_01_20080815,0.097409792,0.03619025593410863,rch_01
rch_01_20080816,0.116382048,0.03619025593410863,rch_01
rch_01_20080817,0.106754336,0.03619025593410863,rch_01
rch_01_20080818,3.7661344,0.03619025593410863,rch_01
rch_01_20080819,9.7409792,0.03619025593410863,rch_01
rch_01_20080820,19.0288896,0.03619025593410863,rch_01
rch_01_20080821,1.70750304,0.03619025593410863,rch_01
rch_01_20080822,0.48421728,0.03619025593410863,rch_01
rch_01_20080823,1.51211712,0.03619025593410863,rch_01
rch_01_20080824,3.1431648,0.03619025593410863,rch_01
rch_01_20080825,2.265344,0.03619025593410863,rch_01
rch_01_20080826,0.48421728,0.03619025593410863,rch_01
rch_01_20080827,0.52952416,0.03619025593410863,rch_01
rch_01_20080828,0.260231392,0.03619025593410863,rch_01
rch_01_20080829,0.33413824,0.03619025593410863,rch_01
rch_01_20080830,0.28883136,0.03619025593410863,rch_01
rch_01_20080831,0.20104928,0.03619025593410863,rch_01
rch_01_20080901,0.182360192,0.03619025593410863,rch_01
rch_01_20080902,0.17131664,0.03619025593410863,rch_01
rch_01_20080903,0.163104768,0.03619025593410863,rch_01
rch_01_20080904,0.14441568,0.03619025593410863,rch_01
rch_01_20080905,0.136770144,0.03619025593410863,rch_01
rch_01_20080906,0.129690944,0.03619025593410863,rch_01
rch_01_20080907,0.13733648,0.03619025593410863,rch_01
rch_01_20080908,0.186607712,0.03619025593410863,rch_01
rch_01_20080909,0.36528672,0.03619025593410863,rch_01
rch_01_20080910,0.29449472,0.03619025593410863,rch_01
rch_01_20080911,0.187174048,0.03619025593410863,rch_01
rch_01_20080912,0.153760224,0.03619025593410863,rch_01
rch_01_20080913,0.132239456,0.03619025593410863,rch_01
rch_01_20080914,0.125726592,0.03619025593410863,rch_01
rch_01_20080915,0.116382048,0.03619025593410863,rch_01
rch_01_20080916,0.107320672,0.03619025593410863,rch_01
rch_01_20080917,0.11468304,0.03619025593410863,rch_01
rch_01_20080918,0.096843456,0.03619025593410863,rch_01
rch_01_20080919,0.101374144,0.03619025593410863,rch_01
rch_01_20080920,0.237011616,0.03619025593410863,rch_01
rch_01_20080921,0.51536576,0.03619025593410863,rch_01
rch_01_20080922,0.165936448,0.03619025593410863,rch_01
rch_01_20080923,0.096843456,0.03619025593410863,rch_01
rch_01_20080924,0.09486128,0.03619025593410863,rch_01
rch_01_20080925,0.096560288,0.03619025593410863,rch_01
rch_01_20080926,0.0849504,0.03619025593410863,rch_01
rch_01_20080927,0.081835552,0.03619025593410863,rch_01
rch_01_20080928,0.080986048,0.03619025593410863,rch_01
rch_01_20080929,0.080419712,0.03619025593410863,rch_01
rch_01_20080930,0.066261312,0.03619025593410863,rch_01
rch_01_20081001,0.07645536,0.03619025593410863,rch_01
rch_01_20081002,0.074190016,0.03619025593410863,rch_01
rch_01_20081003,0.073057344,0.03619025593410863,rch_01
rch_01_20081004,0.075605856,0.03619025593410863,rch_01
rch_01_20081005,0.074756352,0.03619025593410863,rch_01
rch_01_20081006,0.07503952,0.03619025593410863,rch_01
rch_01_20081007,0.079003872,0.03619025593410863,rch_01
rch_01_20081008,0.060597952,0.03619025593410863,rch_01
rch_01_20081009,0.077588032,0.03619025593410863,rch_01
rch_01_20081010,0.08353456,0.03619025593410863,rch_01
rch_01_20081011,0.091746432,0.03619025593410863,rch_01
rch_01_20081012,0.102789984,0.03619025593410863,rch_01
rch_01_20081013,0.112700864,0.03619025593410863,rch_01
rch_01_20081014,0.12176224,0.03619025593410863,rch_01
rch_01_20081015,0.131956288,0.03619025593410863,rch_01
rch_01_20081016,0.184625536,0.03619025593410863,rch_01
rch_01_20081017,0.15291072,0.03619025593410863,rch_01
rch_01_20081018,0.109302848,0.03619025593410863,rch_01
rch_01_20081019,0.08919792,0.03619025593410863,rch_01
rch_01_20081020,0.10194048,0.03619025593410863,rch_01
rch_01_20081021,0.092879104,0.03619025593410863,rch_01
rch_01_20081022,0.076738528,0.03619025593410863,rch_01
rch_01_20081023,0.074756352,0.03619025593410863,rch_01
rch_01_20081024,0.085233568,0.03619025593410863,rch_01
rch_01_20081025,0.098542464,0.03619025593410863,rch_01
rch_01_20081026,0.107037504,0.03619025593410863,rch_01
rch_01_20081027,0.115532544,0.03619025593410863,rch_01
rch_01_20081028,0.14441568,0.03619025593410863,rch_01
rch_01_20081029,0.1203464,0.03619025593410863,rch_01
rch_01_20081030,0.088065248,0.03619025593410863,rch_01
rch_01_20081031,0.085516736,0.03619025593410863,rch_01
rch_01_20081101,0.105055328,0.03619025593410863,rch_01
rch_01_20081102,0.133372128,0.03619025593410863,rch_01
rch_01_20081103,0.185758208,0.03619025593410863,rch_01
rch_01_20081104,0.124310752,0.03619025593410863,rch_01
rch_01_20081105,0.112417696,0.03619025593410863,rch_01
rch_01_20081106,0.09769296,0.03619025593410863,rch_01
rch_01_20081107,0.119496896,0.03619025593410863,rch_01
rch_01_20081108,0.135354304,0.03619025593410863,rch_01
rch_01_20081109,0.1699008,0.03619025593410863,rch_01
rch_01_20081110,0.175280992,0.03619025593410863,rch_01
rch_01_20081111,0.175847328,0.03619025593410863,rch_01
rch_01_20081112,0.17131664,0.03619025593410863,rch_01
rch_01_20081113,0.15291072,0.03619025593410863,rch_01
rch_01_20081114,0.169617632,0.03619025593410863,rch_01
rch_01_20081115,0.196518592,0.03619025593410863,rch_01
rch_01_20081116,0.203314624,0.03619025593410863,rch_01
rch_01_20081117,0.209261152,0.03619025593410863,rch_01
rch_01_20081118,0.233047264,0.03619025593410863,rch_01
rch_01_20081119,0.189439392,0.03619025593410863,rch_01
rch_01_20081120,0.167918624,0.03619025593410863,rch_01
rch_01_20081121,0.217756192,0.03619025593410863,rch_01
rch_01_20081122,0.220021536,0.03619025593410863,rch_01
rch_01_20081123,0.216057184,0.03619025593410863,rch_01
rch_01_20081124,0.206429472,0.03619025593410863,rch_01
rch_01_20081125,0.19255424,0.03619025593410863,rch_01
rch_01_20081126,0.190005728,0.03619025593410863,rch_01
rch_01_20081127,0.218888864,0.03619025593410863,rch_01
rch_01_20081128,0.235312608,0.03619025593410863,rch_01
rch_01_20081129,0.2406928,0.03619025593410863,rch_01
rch_01_20081130,0.238144288,0.03619025593410863,rch_01
rch_01_20081201,0.233330432,0.03619025593410863,rch_01
rch_01_20081202,0.249471008,0.03619025593410863,rch_01
rch_01_20081203,0.239843296,0.03619025593410863,rch_01
rch_01_20081204,0.254568032,0.03619025593410863,rch_01
rch_01_20081205,0.205863136,0.03619025593410863,rch_01
rch_01_20081206,0.261080896,0.03619025593410863,rch_01
rch_01_20081207,0.252869024,0.03619025593410863,rch_01
rch_01_20081208,0.241825472,0.03619025593410863,rch_01
rch_01_20081209,0.24918784,0.03619025593410863,rch_01
rch_01_20081210,0.3398016,0.03619025593410863,rch_01
rch_01_20081211,0.242958144,0.03619025593410863,rch_01
rch_01_20081212,0.16565328,0.03619025593410863,rch_01
rch_01_20081213,0.130540448,0.03619025593410863,rch_01
rch_01_20081214,0.136203808,0.03619025593410863,rch_01
rch_01_20081215,0.13167312,0.03619025593410863,rch_01
rch_01_20081216,0.13592064,0.03619025593410863,rch_01
rch_01_20081217,0.1486632,0.03619025593410863,rch_01
rch_01_20081218,0.151211712,0.03619025593410863,rch_01
rch_01_20081219,0.155176064,0.03619025593410863,rch_01
rch_01_20081220,0.168201792,0.03619025593410863,rch_01
rch_01_20081221,0.160556256,0.03619025593410863,rch_01
rch_01_20081222,0.15291072,0.03619025593410863,rch_01
rch_01_20081223,0.143283008,0.03619025593410863,rch_01
rch_01_20081224,0.136770144,0.03619025593410863,rch_01
rch_01_20081225,0.135637472,0.03619025593410863,rch_01
rch_01_20081226,0.114399872,0.03619025593410863,rch_01
rch_01_20081227,0.14724736,0.03619025593410863,rch_01
rch_01_20081228,0.173298816,0.03619025593410863,rch_01
rch_01_20081229,0.139601824,0.03619025593410863,rch_01
rch_01_20081230,0.133372128,0.03619025593410863,rch_01
rch_01_20081231,0.129124608,0.03619025593410863,rch_01
rch_01_20090101,0.128275104,0.03619025593410863,rch_01
rch_01_20090102,0.154609728,0.03619025593410863,rch_01
rch_01_20090103,0.163387936,0.03619025593410863,rch_01
rch_01_20090104,0.164520608,0.03619025593410863,rch_01
rch_01_20090105,0.187457216,0.03619025593410863,rch_01
rch_01_20090106,0.30582144,0.03619025593410863,rch_01
rch_01_20090107,0.30865312,0.03619025593410863,rch_01
rch_01_20090108,0.198783936,0.03619025593410863,rch_01
rch_01_20090109,0.158290912,0.03619025593410863,rch_01
rch_01_20090110,0.15432656,0.03619025593410863,rch_01
rch_01_20090111,0.136770144,0.03619025593410863,rch_01
rch_01_20090112,0.128558272,0.03619025593410863,rch_01
rch_01_20090113,0.117797888,0.03619025593410863,rch_01
rch_01_20090114,0.132805792,0.03619025593410863,rch_01
rch_01_20090115,0.14724736,0.03619025593410863,rch_01
rch_01_20090116,0.142433504,0.03619025593410863,rch_01
rch_01_20090117,0.133938464,0.03619025593410863,rch_01
rch_01_20090118,0.129124608,0.03619025593410863,rch_01
rch_01_20090119,0.11185136,0.03619025593410863,rch_01
rch_01_20090120,0.125160256,0.03619025593410863,rch_01
rch_01_20090121,0.126576096,0.03619025593410863,rch_01
rch_01_20090122,0.13592064,0.03619025593410863,rch_01
rch_01_20090123,0.125726592,0.03619025593410863,rch_01
rch_01_20090124,0.139035488,0.03619025593410863,rch_01
rch_01_20090125,0.13308896,0.03619025593410863,rch_01
rch_01_20090126,0.13733648,0.03619025593410863,rch_01
rch_01_20090127,0.137902816,0.03619025593410863,rch_01
rch_01_20090128,0.14724736,0.03619025593410863,rch_01
rch_01_20090129,0.144698848,0.03619025593410863,rch_01
rch_01_20090130,0.139884992,0.03619025593410863,rch_01
rch_01_20090131,0.123461248,0.03619025593410863,rch_01
rch_01_20090201,0.139601824,0.03619025593410863,rch_01
rch_01_20090202,0.145265184,0.03619025593410863,rch_01
rch_01_20090203,0.121479072,0.03619025593410863,rch_01
rch_01_20090204,0.132522624,0.03619025593410863,rch_01
rch_01_20090205,0.13592064,0.03619025593410863,rch_01
rch_01_20090206,0.140451328,0.03619025593410863,rch_01
rch_01_20090207,0.14016816,0.03619025593410863,rch_01
rch_01_20090208,0.134221632,0.03619025593410863,rch_01
rch_01_20090209,0.149229536,0.03619025593410863,rch_01
rch_01_20090210,0.24210864,0.03619025593410863,rch_01
rch_01_20090211,0.74473184,0.03619025593410863,rch_01
rch_01_20090212,0.31431648,0.03619025593410863,rch_01
rch_01_20090213,0.218322528,0.03619025593410863,rch_01
rch_01_20090214,0.167352288,0.03619025593410863,rch_01
rch_01_20090215,0.150928544,0.03619025593410863,rch_01
rch_01_20090216,0.143283008,0.03619025593410863,rch_01
rch_01_20090217,0.147530528,0.03619025593410863,rch_01
rch_01_20090218,0.149512704,0.03619025593410863,rch_01
rch_01_20090219,0.140734496,0.03619025593410863,rch_01
rch_01_20090220,0.133655296,0.03619025593410863,rch_01
rch_01_20090221,0.13875232,0.03619025593410863,rch_01
rch_01_20090222,0.141017664,0.03619025593410863,rch_01
rch_01_20090223,0.138469152,0.03619025593410863,rch_01
rch_01_20090224,0.13875232,0.03619025593410863,rch_01
rch_01_20090225,0.132805792,0.03619025593410863,rch_01
rch_01_20090226,0.150928544,0.03619025593410863,rch_01
rch_01_20090227,0.146114688,0.03619025593410863,rch_01
rch_01_20090228,0.140451328,0.03619025593410863,rch_01
rch_01_20090301,0.112700864,0.03619025593410863,rch_01
rch_01_20090302,0.127708768,0.03619025593410863,rch_01
rch_01_20090303,0.139035488,0.03619025593410863,rch_01
rch_01_20090304,0.113833536,0.03619025593410863,rch_01
rch_01_20090305,0.13308896,0.03619025593410863,rch_01
rch_01_20090306,0.13592064,0.03619025593410863,rch_01
rch_01_20090307,0.141867168,0.03619025593410863,rch_01
rch_01_20090308,0.142716672,0.03619025593410863,rch_01
rch_01_20090309,0.132239456,0.03619025593410863,rch_01
rch_01_20090310,0.134787968,0.03619025593410863,rch_01
rch_01_20090311,0.146397856,0.03619025593410863,rch_01
rch_01_20090312,4.1342528,0.03619025593410863,rch_01
rch_01_20090313,3.1431648,0.03619025593410863,rch_01
rch_01_20090314,1.15249376,0.03619025593410863,rch_01
rch_01_20090315,0.39077184,0.03619025593410863,rch_01
rch_01_20090316,0.261364064,0.03619025593410863,rch_01
rch_01_20090317,0.223985888,0.03619025593410863,rch_01
rch_01_20090318,0.204730464,0.03619025593410863,rch_01
rch_01_20090319,0.192837408,0.03619025593410863,rch_01
rch_01_20090320,0.18264336,0.03619025593410863,rch_01
rch_01_20090321,0.170183968,0.03619025593410863,rch_01
rch_01_20090322,0.160839424,0.03619025593410863,rch_01
rch_01_20090323,0.140734496,0.03619025593410863,rch_01
rch_01_20090324,0.126576096,0.03619025593410863,rch_01
rch_01_20090325,0.156308736,0.03619025593410863,rch_01
rch_01_20090326,0.161972096,0.03619025593410863,rch_01
rch_01_20090327,0.169051296,0.03619025593410863,rch_01
rch_01_20090328,0.166785952,0.03619025593410863,rch_01
rch_01_20090329,0.149512704,0.03619025593410863,rch_01
rch_01_20090330,0.16423744,0.03619025593410863,rch_01
rch_01_20090331,0.171033472,0.03619025593410863,rch_01
rch_01_20090401,0.144982016,0.03619025593410863,rch_01
rch_01_20090402,0.122611744,0.03619025593410863,rch_01
rch_01_20090403,0.134787968,0.03619025593410863,rch_01
rch_01_20090404,0.124877088,0.03619025593410863,rch_01
rch_01_20090405,0.114966208,0.03619025593410863,rch_01
rch_01_20090406,0.111568192,0.03619025593410863,rch_01
rch_01_20090407,0.120912736,0.03619025593410863,rch_01
rch_01_20090408,0.10052464,0.03619025593410863,rch_01
rch_01_20090409,0.138185984,0.03619025593410863,rch_01
rch_01_20090410,0.122328576,0.03619025593410863,rch_01
rch_01_20090411,0.091746432,0.03619025593410863,rch_01
rch_01_20090412,0.128558272,0.03619025593410863,rch_01
rch_01_20090413,0.282035328,0.03619025593410863,rch_01
rch_01_20090414,0.167635456,0.03619025593410863,rch_01
rch_01_20090415,0.081835552,0.03619025593410863,rch_01
rch_01_20090416,0.060314784,0.03619025593410863,rch_01
rch_01_20090417,0.160556256,0.03619025593410863,rch_01
rch_01_20090418,3.0865312,0.03619025593410863,rch_01
rch_01_20090419,1.55176064,0.03619025593410863,rch_01
rch_01_20090420,0.3398016,0.03619025593410863,rch_01
rch_01_20090421,0.179528512,0.03619025593410863,rch_01
rch_01_20090422,0.132239456,0.03619025593410863,rch_01
rch_01_20090423,0.104488992,0.03619025593410863,rch_01
rch_01_20090424,0.084100896,0.03619025593410863,rch_01
rch_01_20090425,0.094294944,0.03619025593410863,rch_01
rch_01_20090426,0.102223648,0.03619025593410863,rch_01
rch_01_20090427,0.133938464,0.03619025593410863,rch_01
rch_01_20090428,0.63146464,0.03619025593410863,rch_01
rch_01_20090429,0.3114848,0.03619025593410863,rch_01
rch_01_20090430,0.15715824,0.03619025593410863,rch_01
rch_01_20090501,0.11185136,0.03619025593410863,rch_01
rch_01_20090502,0.103639488,0.03619025593410863,rch_01
rch_01_20090503,0.094578112,0.03619025593410863,rch_01
rch_01_20090504,0.075605856,0.03619025593410863,rch_01
rch_01_20090505,0.045023712,0.03619025593410863,rch_01
rch_01_20090506,0.050687072,0.03619025593410863,rch_01
rch_01_20090507,0.069092992,0.03619025593410863,rch_01
rch_01_20090508,0.067393984,0.03619025593410863,rch_01
rch_01_20090509,0.057199936,0.03619025593410863,rch_01
rch_01_20090510,0.039077184,0.03619025593410863,rch_01
rch_01_20090511,0.056350432,0.03619025593410863,rch_01
rch_01_20090512,0.034829664,0.03619025593410863,rch_01
rch_01_20090513,0.027750464,0.03619025593410863,rch_01
rch_01_20090514,0.051819744,0.03619025593410863,rch_01
rch_01_20090515,0.05097024,0.03619025593410863,rch_01
rch_01_20090516,0.099958304,0.03619025593410863,rch_01
rch_01_20090517,1.79245344,0.03619025593410863,rch_01
rch_01_20090518,0.2973264,0.03619025593410863,rch_01
rch_01_20090519,0.109869184,0.03619025593410863,rch_01
rch_01_20090520,0.07928704,0.03619025593410863,rch_01
rch_01_20090521,0.054934592,0.03619025593410863,rch_01
rch_01_20090522,0.04672272,0.03619025593410863,rch_01
rch_01_20090523,0.2973264,0.03619025593410863,rch_01
rch_01_20090524,1.40451328,0.03619025593410863,rch_01
rch_01_20090525,3.4546496,0.03619025593410863,rch_01
rch_01_20090526,1.203464,0.03619025593410863,rch_01
rch_01_20090527,0.92595936,0.03619025593410863,rch_01
rch_01_20090528,0.24494032,0.03619025593410863,rch_01
rch_01_20090529,0.112417696,0.03619025593410863,rch_01
rch_01_20090530,0.084100896,0.03619025593410863,rch_01
rch_01_20090531,0.071924672,0.03619025593410863,rch_01
rch_01_20090601,0.063995968,0.03619025593410863,rch_01
rch_01_20090602,0.04813856,0.03619025593410863,rch_01
rch_01_20090603,0.051819744,0.03619025593410863,rch_01
rch_01_20090604,0.070508832,0.03619025593410863,rch_01
rch_01_20090605,0.080419712,0.03619025593410863,rch_01
rch_01_20090606,0.039077184,0.03619025593410863,rch_01
rch_01_20090607,0.032847488,0.03619025593410863,rch_01
rch_01_20090608,0.011609888,0.03619025593410863,rch_01
rch_01_20090609,0.007645536,0.03619025593410863,rch_01
rch_01_20090610,0.023786112,0.03619025593410863,rch_01
rch_01_20090611,0.013025728,0.03619025593410863,rch_01
rch_01_20090612,0.003681184,0.03619025593410863,rch_01
rch_01_20090613,0.00283168,0.03619025593410863,rch_01
rch_01_20090614,0.015007904,0.03619025593410863,rch_01
rch_01_20090615,0.023219776,0.03619025593410863,rch_01
rch_01_20090616,0.002265344,0.03619025593410863,rch_01
rch_01_20090617,0.00566336,0.03619025593410863,rch_01
rch_01_20090618,0.002265344,0.03619025593410863,rch_01
rch_01_20090619,0.000283168,0.03619025593410863,rch_01
rch_01_20090620,0.002548512,0.03619025593410863,rch_01
rch_01_20090621,0.004813856,0.03619025593410863,rch_01
rch_01_20090622,0.002548512,0.03619025593410863,rch_01
rch_01_20090623,0.008211872,0.03619025593410863,rch_01
rch_01_20090624,0.002548512,0.03619025593410863,rch_01
rch_01_20090625,0.000566336,0.03619025593410863,rch_01
rch_01_20090626,0.0,0.03619025593410863,rch_01
rch_01_20090627,0.0,0.03619025593410863,rch_01
rch_01_20090628,0.0,0.03619025593410863,rch_01
rch_01_20090629,0.000283168,0.03619025593410863,rch_01
rch_01_20090630,0.000283168,0.03619025593410863,rch_01
rch_01_20090701,0.0,0.03619025593410863,rch_01
rch_01_20090702,0.0,0.03619025593410863,rch_01
rch_01_20090703,0.0,0.03619025593410863,rch_01
rch_01_20090704,0.0,0.03619025593410863,rch_01
rch_01_20090705,0.0,0.03619025593410863,rch_01
rch_01_20090706,0.0,0.03619025593410863,rch_01
rch_01_20090707,0.0,0.03619025593410863,rch_01
rch_01_20090708,0.068526656,0.03619025593410863,rch_01
rch_01_20090709,0.043041536,0.03619025593410863,rch_01
rch_01_20090710,0.012176224,0.03619025593410863,rch_01
rch_01_20090711,0.009061376,0.03619025593410863,rch_01
rch_01_20090712,0.000566336,0.03619025593410863,rch_01
rch_01_20090713,0.001699008,0.03619025593410863,rch_01
rch_01_20090714,0.000283168,0.03619025593410863,rch_01
rch_01_20090715,0.0,0.03619025593410863,rch_01
rch_01_20090716,0.0,0.03619025593410863,rch_01
rch_01_20090717,0.0,0.03619025593410863,rch_01
rch_01_20090718,0.0,0.03619025593410863,rch_01
rch_01_20090719,0.0,0.03619025593410863,rch_01
rch_01_20090720,0.0,0.03619025593410863,rch_01
rch_01_20090721,0.0,0.03619025593410863,rch_01
rch_01_20090722,0.0,0.03619025593410863,rch_01
rch_01_20090723,0.0,0.03619025593410863,rch_01
rch_01_20090724,0.0,0.03619025593410863,rch_01
rch_01_20090725,0.0,0.03619025593410863,rch_01
rch_01_20090726,0.0,0.03619025593410863,rch_01
rch_01_20090727,0.000566336,0.03619025593410863,rch_01
rch_01_20090728,0.000849504,0.03619025593410863,rch_01
rch_01_20090729,0.001699008,0.03619025593410863,rch_01
rch_01_20090730,0.00141584,0.03619025593410863,rch_01
rch_01_20090731,0.00141584,0.03619025593410863,rch_01
rch_01_20090801,0.00141584,0.03619025593410863,rch_01
rch_01_20090802,0.000283168,0.03619025593410863,rch_01
rch_01_20090803,0.0,0.03619025593410863,rch_01
rch_01_20090804,0.0,0.03619025593410863,rch_01
rch_01_20090805,0.0,0.03619025593410863,rch_01
rch_01_20090806,0.0,0.03619025593410863,rch_01
rch_01_20090807,0.0,0.03619025593410863,rch_01
rch_01_20090808,0.0,0.03619025593410863,rch_01
rch_01_20090809,0.0,0.03619025593410863,rch_01
rch_01_20090810,0.0,0.03619025593410863,rch_01
rch_01_20090811,0.0,0.03619025593410863,rch_01
rch_01_20090812,0.014724736,0.03619025593410863,rch_01
rch_01_20090813,0.059182112,0.03619025593410863,rch_01
rch_01_20090814,0.041908864,0.03619025593410863,rch_01
rch_01_20090815,0.016706912,0.03619025593410863,rch_01
rch_01_20090816,0.01132672,0.03619025593410863,rch_01
rch_01_20090817,0.007362368,0.03619025593410863,rch_01
rch_01_20090818,0.008778208,0.03619025593410863,rch_01
rch_01_20090819,0.006796032,0.03619025593410863,rch_01
rch_01_20090820,0.004813856,0.03619025593410863,rch_01
rch_01_20090821,0.00424752,0.03619025593410863,rch_01
rch_01_20090822,0.005380192,0.03619025593410863,rch_01
rch_01_20090823,0.006512864,0.03619025593410863,rch_01
rch_01_20090824,0.006512864,0.03619025593410863,rch_01
rch_01_20090825,0.009061376,0.03619025593410863,rch_01
rch_01_20090826,0.007928704,0.03619025593410863,rch_01
rch_01_20090827,0.007645536,0.03619025593410863,rch_01
rch_01_20090828,0.07362368,0.03619025593410863,rch_01
rch_01_20090829,0.095427616,0.03619025593410863,rch_01
rch_01_20090830,0.029449472,0.03619025593410863,rch_01
rch_01_20090831,0.006796032,0.03619025593410863,rch_01
rch_01_20090901,0.00849504,0.03619025593410863,rch_01
rch_01_20090902,0.01699008,0.03619025593410863,rch_01
rch_01_20090903,0.010194048,0.03619025593410863,rch_01
rch_01_20090904,0.011043552,0.03619025593410863,rch_01
rch_01_20090905,0.010760384,0.03619025593410863,rch_01
rch_01_20090906,0.009627712,0.03619025593410863,rch_01
rch_01_20090907,0.019255424,0.03619025593410863,rch_01
rch_01_20090908,0.023786112,0.03619025593410863,rch_01
rch_01_20090909,1.89439392,0.03619025593410863,rch_01
rch_01_20090910,1.94536416,0.03619025593410863,rch_01
rch_01_20090911,4.5873216,0.03619025593410863,rch_01
rch_01_20090912,4.0493024,0.03619025593410863,rch_01
rch_01_20090913,2.11243328,0.03619025593410863,rch_01
rch_01_20090914,0.38510848,0.03619025593410863,rch_01
rch_01_20090915,0.155176064,0.03619025593410863,rch_01
rch_01_20090916,0.09344544,0.03619025593410863,rch_01
rch_01_20090917,0.070225664,0.03619025593410863,rch_01
rch_01_20090918,0.05380192,0.03619025593410863,rch_01
rch_01_20090919,0.047289056,0.03619025593410863,rch_01
rch_01_20090920,0.044457376,0.03619025593410863,rch_01
rch_01_20090921,0.043324704,0.03619025593410863,rch_01
rch_01_20090922,3.7378176,0.03619025593410863,rch_01
rch_01_20090923,4.9837568,0.03619025593410863,rch_01
rch_01_20090924,0.85233568,0.03619025593410863,rch_01
rch_01_20090925,0.43041536,0.03619025593410863,rch_01
rch_01_20090926,0.197934432,0.03619025593410863,rch_01
rch_01_20090927,0.11609888,0.03619025593410863,rch_01
rch_01_20090928,0.096843456,0.03619025593410863,rch_01
rch_01_20090929,0.11751472,0.03619025593410863,rch_01
rch_01_20090930,0.086649408,0.03619025593410863,rch_01
rch_01_20091001,0.070508832,0.03619025593410863,rch_01
rch_01_20091002,0.062863296,0.03619025593410863,rch_01
rch_01_20091003,0.082401888,0.03619025593410863,rch_01
rch_01_20091004,91.180096,0.03619025593410863,rch_01
rch_01_20091005,45.023712,0.03619025593410863,rch_01
rch_01_20091006,4.9837568,0.03619025593410863,rch_01
rch_01_20091007,1.73015648,0.03619025593410863,rch_01
rch_01_20091008,0.71924672,0.03619025593410863,rch_01
rch_01_20091009,20.3597792,0.03619025593410863,rch_01
rch_01_20091010,6.6261312,0.03619025593410863,rch_01
rch_01_20091011,0.97976128,0.03619025593410863,rch_01
rch_01_20091012,0.61164288,0.03619025593410863,rch_01
rch_01_20091013,0.6088112,0.03619025593410863,rch_01
rch_01_20091014,0.70508832,0.03619025593410863,rch_01
rch_01_20091015,0.3398016,0.03619025593410863,rch_01
rch_01_20091016,0.25626704,0.03619025593410863,rch_01
rch_01_20091017,0.186041376,0.03619025593410863,rch_01
rch_01_20091018,0.139318656,0.03619025593410863,rch_01
rch_01_20091019,0.11609888,0.03619025593410863,rch_01
rch_01_20091020,0.102223648,0.03619025593410863,rch_01
rch_01_20091021,0.137902816,0.03619025593410863,rch_01
rch_01_20091022,24.4657152,0.03619025593410863,rch_01
rch_01_20091023,5.0120736,0.03619025593410863,rch_01
rch_01_20091024,1.0335632,0.03619025593410863,rch_01
rch_01_20091025,0.41908864,0.03619025593410863,rch_01
rch_01_20091026,26.9575936,0.03619025593410863,rch_01
rch_01_20091027,13.6203808,0.03619025593410863,rch_01
rch_01_20091028,1.78112672,0.03619025593410863,rch_01
rch_01_20091029,0.6654448,0.03619025593410863,rch_01
rch_01_20091030,0.40209856,0.03619025593410863,rch_01
rch_01_20091031,0.3114848,0.03619025593410863,rch_01
rch_01_20091101,0.26617792,0.03619025593410863,rch_01
rch_01_20091102,0.227667072,0.03619025593410863,rch_01
rch_01_20091103,0.206429472,0.03619025593410863,rch_01
rch_01_20091104,0.190288896,0.03619025593410863,rch_01
rch_01_20091105,0.186324544,0.03619025593410863,rch_01
rch_01_20091106,0.182926528,0.03619025593410863,rch_01
rch_01_20091107,0.175847328,0.03619025593410863,rch_01
rch_01_20091108,0.37944512,0.03619025593410863,rch_01
rch_01_20091109,2.25968064,0.03619025593410863,rch_01
rch_01_20091110,0.43324704,0.03619025593410863,rch_01
rch_01_20091111,0.224552224,0.03619025593410863,rch_01
rch_01_20091112,0.170750304,0.03619025593410863,rch_01
rch_01_20091113,0.169334464,0.03619025593410863,rch_01
rch_01_20091114,0.168768128,0.03619025593410863,rch_01
rch_01_20091115,0.175280992,0.03619025593410863,rch_01
rch_01_20091116,0.39077184,0.03619025593410863,rch_01
rch_01_20091117,0.49837568,0.03619025593410863,rch_01
rch_01_20091118,0.216057184,0.03619025593410863,rch_01
rch_01_20091119,0.164803776,0.03619025593410863,rch_01
rch_01_20091120,15.4043392,0.03619025593410863,rch_01
rch_01_20091121,8.2968224,0.03619025593410863,rch_01
rch_01_20091122,1.01657312,0.03619025593410863,rch_01
rch_01_20091123,0.44174208,0.03619025593410863,rch_01
rch_01_20091124,0.30015808,0.03619025593410863,rch_01
rch_01_20091125,0.27467296,0.03619025593410863,rch_01
rch_01_20091126,0.225968064,0.03619025593410863,rch_01
rch_01_20091127,0.214075008,0.03619025593410863,rch_01
rch_01_20091128,0.202748288,0.03619025593410863,rch_01
rch_01_20091129,0.189439392,0.03619025593410863,rch_01
rch_01_20091130,0.216057184,0.03619025593410863,rch_01
rch_01_20091201,1.09869184,0.03619025593410863,rch_01
rch_01_20091202,3.7095008,0.03619025593410863,rch_01
rch_01_20091203,0.52952416,0.03619025593410863,rch_01
rch_01_20091204,0.30582144,0.03619025593410863,rch_01
rch_01_20091205,0.253152192,0.03619025593410863,rch_01
rch_01_20091206,0.234463104,0.03619025593410863,rch_01
rch_01_20091207,0.204447296,0.03619025593410863,rch_01
rch_01_20091208,0.235312608,0.03619025593410863,rch_01
rch_01_20091209,0.232480928,0.03619025593410863,rch_01
rch_01_20091210,0.22087104,0.03619025593410863,rch_01
rch_01_20091211,0.216906688,0.03619025593410863,rch_01
rch_01_20091212,0.271274944,0.03619025593410863,rch_01
rch_01_20091213,0.265328416,0.03619025593410863,rch_01
rch_01_20091214,0.230215584,0.03619025593410863,rch_01
rch_01_20091215,0.22228688,0.03619025593410863,rch_01
rch_01_20091216,0.206429472,0.03619025593410863,rch_01
rch_01_20091217,0.99958304,0.03619025593410863,rch_01
rch_01_20091218,0.81552384,0.03619025593410863,rch_01
rch_01_20091219,0.2973264,0.03619025593410863,rch_01
rch_01_20091220,0.224269056,0.03619025593410863,rch_01
rch_01_20091221,0.208411648,0.03619025593410863,rch_01
rch_01_20091222,0.21520768,0.03619025593410863,rch_01
rch_01_20091223,0.25343536,0.03619025593410863,rch_01
rch_01_20091224,1.62255264,0.03619025593410863,rch_01
rch_01_20091225,0.74473184,0.03619025593410863,rch_01
rch_01_20091226,0.29449472,0.03619025593410863,rch_01
rch_01_20091227,0.246639328,0.03619025593410863,rch_01
rch_01_20091228,0.236162112,0.03619025593410863,rch_01
rch_01_20091229,0.40209856,0.03619025593410863,rch_01
rch_01_20091230,0.8636624,0.03619025593410863,rch_01
rch_01_20091231,0.37944512,0.03619025593410863,rch_01
rch_01_20100101,0.259948224,0.03619025593410863,rch_01
rch_01_20100102,0.229082912,0.03619025593410863,rch_01
rch_01_20100103,0.225401728,0.03619025593410863,rch_01
rch_01_20100104,0.216906688,0.03619025593410863,rch_01
rch_01_20100105,0.210110656,0.03619025593410863,rch_01
rch_01_20100106,0.229649248,0.03619025593410863,rch_01
rch_01_20100107,0.215774016,0.03619025593410863,rch_01
rch_01_20100108,0.181793856,0.03619025593410863,rch_01
rch_01_20100109,0.18972256,0.03619025593410863,rch_01
rch_01_20100110,0.180094848,0.03619025593410863,rch_01
rch_01_20100111,0.170183968,0.03619025593410863,rch_01
rch_01_20100112,0.156875072,0.03619025593410863,rch_01
rch_01_20100113,0.187174048,0.03619025593410863,rch_01
rch_01_20100114,0.80136544,0.03619025593410863,rch_01
rch_01_20100115,48.988064,0.03619025593410863,rch_01
rch_01_20100116,20.1332448,0.03619025593410863,rch_01
rch_01_20100117,2.75239296,0.03619025593410863,rch_01
rch_01_20100118,0.99958304,0.03619025593410863,rch_01
rch_01_20100119,0.66261312,0.03619025593410863,rch_01
rch_01_20100120,0.53235584,0.03619025593410863,rch_01
rch_01_20100121,0.45590048,0.03619025593410863,rch_01
rch_01_20100122,0.424752,0.03619025593410863,rch_01
rch_01_20100123,0.38510848,0.03619025593410863,rch_01
rch_01_20100124,0.34263328,0.03619025593410863,rch_01
rch_01_20100125,0.3114848,0.03619025593410863,rch_01
rch_01_20100126,0.30015808,0.03619025593410863,rch_01
rch_01_20100127,0.29166304,0.03619025593410863,rch_01
rch_01_20100128,0.44457376,0.03619025593410863,rch_01
rch_01_20100129,5.0687072,0.03619025593410863,rch_01
rch_01_20100130,1.99350272,0.03619025593410863,rch_01
rch_01_20100131,0.57483104,0.03619025593410863,rch_01
rch_01_20100201,0.5097024,0.03619025593410863,rch_01
rch_01_20100202,0.37661344,0.03619025593410863,rch_01
rch_01_20100203,28.599968,0.03619025593410863,rch_01
rch_01_20100204,20.6995808,0.03619025593410863,rch_01
rch_01_20100205,5.6916768,0.03619025593410863,rch_01
rch_01_20100206,1.82077024,0.03619025593410863,rch_01
rch_01_20100207,0.9769296,0.03619025593410863,rch_01
rch_01_20100208,0.78154368,0.03619025593410863,rch_01
rch_01_20100209,1.40451328,0.03619025593410863,rch_01
rch_01_20100210,0.95144448,0.03619025593410863,rch_01
rch_01_20100211,9.4011776,0.03619025593410863,rch_01
rch_01_20100212,8.5516736,0.03619025593410863,rch_01
rch_01_20100213,1.51211712,0.03619025593410863,rch_01
rch_01_20100214,0.8919792,0.03619025593410863,rch_01
rch_01_20100215,0.6937616,0.03619025593410863,rch_01
rch_01_20100216,0.61447456,0.03619025593410863,rch_01
rch_01_20100217,0.57766272,0.03619025593410863,rch_01
rch_01_20100218,0.5380192,0.03619025593410863,rch_01
rch_01_20100219,0.49271232,0.03619025593410863,rch_01
rch_01_20100220,0.47855392,0.03619025593410863,rch_01
rch_01_20100221,0.47289056,0.03619025593410863,rch_01
rch_01_20100222,0.44457376,0.03619025593410863,rch_01
rch_01_20100223,0.46156384,0.03619025593410863,rch_01
rch_01_20100224,0.75605856,0.03619025593410863,rch_01
rch_01_20100225,0.52952416,0.03619025593410863,rch_01
rch_01_20100226,0.42758368,0.03619025593410863,rch_01
rch_01_20100227,0.39077184,0.03619025593410863,rch_01
rch_01_20100228,0.3822768,0.03619025593410863,rch_01
rch_01_20100301,2.3786112,0.03619025593410863,rch_01
rch_01_20100302,0.98542464,0.03619025593410863,rch_01
rch_01_20100303,0.48988064,0.03619025593410863,rch_01
rch_01_20100304,0.40776192,0.03619025593410863,rch_01
rch_01_20100305,0.3822768,0.03619025593410863,rch_01
rch_01_20100306,0.37378176,0.03619025593410863,rch_01
rch_01_20100307,0.35679168,0.03619025593410863,rch_01
rch_01_20100308,0.42758368,0.03619025593410863,rch_01
rch_01_20100309,0.5946528,0.03619025593410863,rch_01
rch_01_20100310,0.44174208,0.03619025593410863,rch_01
rch_01_20100311,0.36245504,0.03619025593410863,rch_01
rch_01_20100312,0.33413824,0.03619025593410863,rch_01
rch_01_20100313,0.31997984,0.03619025593410863,rch_01
rch_01_20100314,0.3114848,0.03619025593410863,rch_01
rch_01_20100315,0.2973264,0.03619025593410863,rch_01
rch_01_20100316,2.54568032,0.03619025593410863,rch_01
rch_01_20100317,1.22328576,0.03619025593410863,rch_01
rch_01_20100318,0.52952416,0.03619025593410863,rch_01
rch_01_20100319,0.37661344,0.03619025593410863,rch_01
rch_01_20100320,4.8988064,0.03619025593410863,rch_01
rch_01_20100321,1.7556416,0.03619025593410863,rch_01
rch_01_20100322,0.64279136,0.03619025593410863,rch_01
rch_01_20100323,0.45023712,0.03619025593410863,rch_01
rch_01_20100324,0.39926688,0.03619025593410863,rch_01
rch_01_20100325,3.681184,0.03619025593410863,rch_01
rch_01_20100326,1.01090976,0.03619025593410863,rch_01
rch_01_20100327,0.51253408,0.03619025593410863,rch_01
rch_01_20100328,0.39926688,0.03619025593410863,rch_01
rch_01_20100329,0.35396,0.03619025593410863,rch_01
rch_01_20100330,0.33413824,0.03619025593410863,rch_01
rch_01_20100331,0.32281152,0.03619025593410863,rch_01
rch_01_20100401,0.29449472,0.03619025593410863,rch_01
rch_01_20100402,0.30298976,0.03619025593410863,rch_01
rch_01_20100403,0.30865312,0.03619025593410863,rch_01
rch_01_20100404,0.2973264,0.03619025593410863,rch_01
rch_01_20100405,0.2973264,0.03619025593410863,rch_01
rch_01_20100406,0.29449472,0.03619025593410863,rch_01
rch_01_20100407,0.29449472,0.03619025593410863,rch_01
rch_01_20100408,0.269859104,0.03619025593410863,rch_01
rch_01_20100409,0.22936608,0.03619025593410863,rch_01
rch_01_20100410,0.210110656,0.03619025593410863,rch_01
rch_01_20100411,0.215774016,0.03619025593410863,rch_01
rch_01_20100412,0.247488832,0.03619025593410863,rch_01
rch_01_20100413,0.240975968,0.03619025593410863,rch_01
rch_01_20100414,0.242958144,0.03619025593410863,rch_01
rch_01_20100415,2.53152192,0.03619025593410863,rch_01
rch_01_20100416,5.0687072,0.03619025593410863,rch_01
rch_01_20100417,11.893056,0.03619025593410863,rch_01
rch_01_20100418,21.6340352,0.03619025593410863,rch_01
rch_01_20100419,2.62779904,0.03619025593410863,rch_01
rch_01_20100420,0.86083072,0.03619025593410863,rch_01
rch_01_20100421,0.56067264,0.03619025593410863,rch_01
rch_01_20100422,0.45590048,0.03619025593410863,rch_01
rch_01_20100423,0.40776192,0.03619025593410863,rch_01
rch_01_20100424,1.22611744,0.03619025593410863,rch_01
rch_01_20100425,0.74756352,0.03619025593410863,rch_01
rch_01_20100426,0.46439552,0.03619025593410863,rch_01
rch_01_20100427,0.32847488,0.03619025593410863,rch_01
rch_01_20100428,0.31431648,0.03619025593410863,rch_01
rch_01_20100429,0.44740544,0.03619025593410863,rch_01
rch_01_20100430,0.69092992,0.03619025593410863,rch_01
rch_01_20100501,0.7362368,0.03619025593410863,rch_01
rch_01_20100502,0.47855392,0.03619025593410863,rch_01
rch_01_20100503,0.30865312,0.03619025593410863,rch_01
rch_01_20100504,0.31714816,0.03619025593410863,rch_01
rch_01_20100505,0.3114848,0.03619025593410863,rch_01
rch_01_20100506,0.2973264,0.03619025593410863,rch_01
rch_01_20100507,0.28033632,0.03619025593410863,rch_01
rch_01_20100508,0.25909872,0.03619025593410863,rch_01
rch_01_20100509,0.255134368,0.03619025593410863,rch_01
rch_01_20100510,0.276371968,0.03619025593410863,rch_01
rch_01_20100511,0.275522464,0.03619025593410863,rch_01
rch_01_20100512,0.274106624,0.03619025593410863,rch_01
rch_01_20100513,0.262213568,0.03619025593410863,rch_01
rch_01_20100514,15.8857248,0.03619025593410863,rch_01
rch_01_20100515,57.199936,0.03619025593410863,rch_01
rch_01_20100516,7.220784,0.03619025593410863,rch_01
rch_01_20100517,1.86324544,0.03619025593410863,rch_01
rch_01_20100518,1.74714656,0.03619025593410863,rch_01
rch_01_20100519,1.16665216,0.03619025593410863,rch_01
rch_01_20100520,0.67393984,0.03619025593410863,rch_01
rch_01_20100521,0.54085088,0.03619025593410863,rch_01
rch_01_20100522,0.50120736,0.03619025593410863,rch_01
rch_01_20100523,0.47855392,0.03619025593410863,rch_01
rch_01_20100524,0.45873216,0.03619025593410863,rch_01
rch_01_20100525,0.45023712,0.03619025593410863,rch_01
rch_01_20100526,1.06188,0.03619025593410863,rch_01
rch_01_20100527,0.46156384,0.03619025593410863,rch_01
rch_01_20100528,0.34263328,0.03619025593410863,rch_01
rch_01_20100529,0.37378176,0.03619025593410863,rch_01
rch_01_20100530,0.35679168,0.03619025593410863,rch_01
rch_01_20100531,0.33130656,0.03619025593410863,rch_01
rch_01_20100601,0.30298976,0.03619025593410863,rch_01
rch_01_20100602,0.35962336,0.03619025593410863,rch_01
rch_01_20100603,1.5007904,0.03619025593410863,rch_01
rch_01_20100604,0.4530688,0.03619025593410863,rch_01
rch_01_20100605,0.32281152,0.03619025593410863,rch_01
rch_01_20100606,0.28599968,0.03619025593410863,rch_01
rch_01_20100607,0.269859104,0.03619025593410863,rch_01
rch_01_20100608,0.51819744,0.03619025593410863,rch_01
rch_01_20100609,21.94552,0.03619025593410863,rch_01
rch_01_20100610,1.60556256,0.03619025593410863,rch_01
rch_01_20100611,0.64279136,0.03619025593410863,rch_01
rch_01_20100612,0.47289056,0.03619025593410863,rch_01
rch_01_20100613,0.41908864,0.03619025593410863,rch_01
rch_01_20100614,0.34263328,0.03619025593410863,rch_01
rch_01_20100615,0.30582144,0.03619025593410863,rch_01
rch_01_20100616,0.280619488,0.03619025593410863,rch_01
rch_01_20100617,0.29166304,0.03619025593410863,rch_01
rch_01_20100618,0.30298976,0.03619025593410863,rch_01
rch_01_20100619,0.283168,0.03619025593410863,rch_01
rch_01_20100620,0.26759376,0.03619025593410863,rch_01
rch_01_20100621,0.265328416,0.03619025593410863,rch_01
rch_01_20100622,0.256833376,0.03619025593410863,rch_01
rch_01_20100623,0.248621504,0.03619025593410863,rch_01
rch_01_20100624,0.25909872,0.03619025593410863,rch_01
rch_01_20100625,0.251170016,0.03619025593410863,rch_01
rch_01_20100626,0.262496736,0.03619025593410863,rch_01
rch_01_20100627,0.267876928,0.03619025593410863,rch_01
rch_01_20100628,0.254284864,0.03619025593410863,rch_01
rch_01_20100629,0.57766272,0.03619025593410863,rch_01
rch_01_20100630,1.21195904,0.03619025593410863,rch_01
rch_01_20100701,0.9344544,0.03619025593410863,rch_01
rch_01_20100702,2.07562144,0.03619025593410863,rch_01
rch_01_20100703,1.30540448,0.03619025593410863,rch_01
rch_01_20100704,0.53518752,0.03619025593410863,rch_01
rch_01_20100705,0.3398016,0.03619025593410863,rch_01
rch_01_20100706,0.25909872,0.03619025593410863,rch_01
rch_01_20100707,0.241259136,0.03619025593410863,rch_01
rch_01_20100708,0.268726432,0.03619025593410863,rch_01
rch_01_20100709,0.424752,0.03619025593410863,rch_01
rch_01_20100710,0.54368256,0.03619025593410863,rch_01
rch_01_20100711,0.36528672,0.03619025593410863,rch_01
rch_01_20100712,0.260231392,0.03619025593410863,rch_01
rch_01_20100713,0.228799744,0.03619025593410863,rch_01
rch_01_20100714,0.199350272,0.03619025593410863,rch_01
rch_01_20100715,0.196518592,0.03619025593410863,rch_01
rch_01_20100716,0.190855232,0.03619025593410863,rch_01
rch_01_20100717,0.186607712,0.03619025593410863,rch_01
rch_01_20100718,0.19255424,0.03619025593410863,rch_01
rch_01_20100719,0.206146304,0.03619025593410863,rch_01
rch_01_20100720,0.213508672,0.03619025593410863,rch_01
rch_01_20100721,0.21520768,0.03619025593410863,rch_01
rch_01_20100722,0.210110656,0.03619025593410863,rch_01
rch_01_20100723,0.242391808,0.03619025593410863,rch_01
rch_01_20100724,0.182926528,0.03619025593410863,rch_01
rch_01_20100725,0.177829504,0.03619025593410863,rch_01
rch_01_20100726,0.190572064,0.03619025593410863,rch_01
rch_01_20100727,2.41825472,0.03619025593410863,rch_01
rch_01_20100728,0.83817728,0.03619025593410863,rch_01
rch_01_20100729,0.80136544,0.03619025593410863,rch_01
rch_01_20100730,0.39926688,0.03619025593410863,rch_01
rch_01_20100731,0.249471008,0.03619025593410863,rch_01
rch_01_20100801,0.24210864,0.03619025593410863,rch_01
rch_01_20100802,0.235878944,0.03619025593410863,rch_01
rch_01_20100803,0.229649248,0.03619025593410863,rch_01
rch_01_20100804,0.21520768,0.03619025593410863,rch_01
rch_01_20100805,0.185191872,0.03619025593410863,rch_01
rch_01_20100806,0.18264336,0.03619025593410863,rch_01
rch_01_20100807,0.181510688,0.03619025593410863,rch_01
rch_01_20100808,0.203031456,0.03619025593410863,rch_01
rch_01_20100809,0.214075008,0.03619025593410863,rch_01
rch_01_20100810,0.182077024,0.03619025593410863,rch_01
rch_01_20100811,0.203031456,0.03619025593410863,rch_01
rch_01_20100812,0.178112672,0.03619025593410863,rch_01
rch_01_20100813,0.178962176,0.03619025593410863,rch_01
rch_01_20100814,0.16706912,0.03619025593410863,rch_01
rch_01_20100815,0.161688928,0.03619025593410863,rch_01
rch_01_20100816,0.200199776,0.03619025593410863,rch_01
rch_01_20100817,0.22087104,0.03619025593410863,rch_01
rch_01_20100818,0.201332448,0.03619025593410863,rch_01
rch_01_20100819,0.147530528,0.03619025593410863,rch_01
rch_01_20100820,0.185191872,0.03619025593410863,rch_01
rch_01_20100821,0.157441408,0.03619025593410863,rch_01
rch_01_20100822,0.1840592,0.03619025593410863,rch_01
rch_01_20100823,0.186324544,0.03619025593410863,rch_01
rch_01_20100824,0.146114688,0.03619025593410863,rch_01
rch_01_20100825,0.244090816,0.03619025593410863,rch_01
rch_01_20100826,0.243807648,0.03619025593410863,rch_01
rch_01_20100827,0.162255264,0.03619025593410863,rch_01
rch_01_20100828,0.131106784,0.03619025593410863,rch_01
rch_01_20100829,0.15149488,0.03619025593410863,rch_01
rch_01_20100830,0.216057184,0.03619025593410863,rch_01
rch_01_20100831,0.178112672,0.03619025593410863,rch_01
rch_01_20100901,0.200199776,0.03619025593410863,rch_01
rch_01_20100902,0.180094848,0.03619025593410863,rch_01
rch_01_20100903,4.672272,0.03619025593410863,rch_01
rch_01_20100904,2.35878944,0.03619025593410863,rch_01
rch_01_20100905,0.70508832,0.03619025593410863,rch_01
rch_01_20100906,0.31714816,0.03619025593410863,rch_01
rch_01_20100907,25.3718528,0.03619025593410863,rch_01
rch_01_20100908,106.754336,0.03619025593410863,rch_01
rch_01_20100909,21.1809664,0.03619025593410863,rch_01
rch_01_20100910,3.7944512,0.03619025593410863,rch_01
rch_01_20100911,1.05055328,0.03619025593410863,rch_01
rch_01_20100912,0.5521776,0.03619025593410863,rch_01
rch_01_20100913,0.45023712,0.03619025593410863,rch_01
rch_01_20100914,0.41625696,0.03619025593410863,rch_01
rch_01_20100915,0.37378176,0.03619025593410863,rch_01
rch_01_20100916,0.3681184,0.03619025593410863,rch_01
rch_01_20100917,0.51253408,0.03619025593410863,rch_01
rch_01_20100918,2.17473024,0.03619025593410863,rch_01
rch_01_20100919,1.17797888,0.03619025593410863,rch_01
rch_01_20100920,1.74997824,0.03619025593410863,rch_01
rch_01_20100921,1.132672,0.03619025593410863,rch_01
rch_01_20100922,0.47572224,0.03619025593410863,rch_01
rch_01_20100923,0.29449472,0.03619025593410863,rch_01
rch_01_20100924,0.26051456,0.03619025593410863,rch_01
rch_01_20100925,0.3964352,0.03619025593410863,rch_01
rch_01_20100926,0.4105936,0.03619025593410863,rch_01
rch_01_20100927,0.242391808,0.03619025593410863,rch_01
rch_01_20100928,0.200199776,0.03619025593410863,rch_01
rch_01_20100929,0.19255424,0.03619025593410863,rch_01
rch_01_20100930,0.186324544,0.03619025593410863,rch_01
rch_01_20101001,0.180378016,0.03619025593410863,rch_01
rch_01_20101002,0.175847328,0.03619025593410863,rch_01
rch_01_20101003,0.173015648,0.03619025593410863,rch_01
rch_01_20101004,0.171033472,0.03619025593410863,rch_01
rch_01_20101005,0.15149488,0.03619025593410863,rch_01
rch_01_20101006,0.17839584,0.03619025593410863,rch_01
rch_01_20101007,0.176696832,0.03619025593410863,rch_01
rch_01_20101008,0.174714656,0.03619025593410863,rch_01
rch_01_20101009,0.148946368,0.03619025593410863,rch_01
rch_01_20101010,0.169051296,0.03619025593410863,rch_01
rch_01_20101011,0.186607712,0.03619025593410863,rch_01
rch_01_20101012,0.18830672,0.03619025593410863,rch_01
rch_01_20101013,0.18122752,0.03619025593410863,rch_01
rch_01_20101014,0.161972096,0.03619025593410863,rch_01
rch_01_20101015,0.175847328,0.03619025593410863,rch_01
rch_01_20101016,0.151211712,0.03619025593410863,rch_01
rch_01_20101017,0.17839584,0.03619025593410863,rch_01
rch_01_20101018,0.179245344,0.03619025593410863,rch_01
rch_01_20101019,0.16565328,0.03619025593410863,rch_01
rch_01_20101020,0.162255264,0.03619025593410863,rch_01
rch_01_20101021,0.189156224,0.03619025593410863,rch_01
rch_01_20101022,0.207562144,0.03619025593410863,rch_01
rch_01_20101023,0.249471008,0.03619025593410863,rch_01
rch_01_20101024,0.246072992,0.03619025593410863,rch_01
rch_01_20101025,0.245506656,0.03619025593410863,rch_01
rch_01_20101026,0.227667072,0.03619025593410863,rch_01
rch_01_20101027,0.203031456,0.03619025593410863,rch_01
rch_01_20101028,0.239843296,0.03619025593410863,rch_01
rch_01_20101029,0.240126464,0.03619025593410863,rch_01
rch_01_20101030,0.22370272,0.03619025593410863,rch_01
rch_01_20101031,0.234746272,0.03619025593410863,rch_01
rch_01_20101101,0.259665056,0.03619025593410863,rch_01
rch_01_20101102,0.94011776,0.03619025593410863,rch_01
rch_01_20101103,0.31431648,0.03619025593410863,rch_01
rch_01_20101104,0.1982176,0.03619025593410863,rch_01
rch_01_20101105,0.193120576,0.03619025593410863,rch_01
rch_01_20101106,0.161122592,0.03619025593410863,rch_01
rch_01_20101107,0.180944352,0.03619025593410863,rch_01
rch_01_20101108,0.225684896,0.03619025593410863,rch_01
rch_01_20101109,0.232764096,0.03619025593410863,rch_01
rch_01_20101110,0.274956128,0.03619025593410863,rch_01
rch_01_20101111,0.234746272,0.03619025593410863,rch_01
rch_01_20101112,0.190005728,0.03619025593410863,rch_01
rch_01_20101113,0.206995808,0.03619025593410863,rch_01
rch_01_20101114,0.18689088,0.03619025593410863,rch_01
rch_01_20101115,0.210110656,0.03619025593410863,rch_01
rch_01_20101116,0.201615616,0.03619025593410863,rch_01
rch_01_20101117,0.19538592,0.03619025593410863,rch_01
rch_01_20101118,0.215490848,0.03619025593410863,rch_01
rch_01_20101119,0.22936608,0.03619025593410863,rch_01
rch_01_20101120,0.21803936,0.03619025593410863,rch_01
rch_01_20101121,0.222003712,0.03619025593410863,rch_01
rch_01_20101122,0.25626704,0.03619025593410863,rch_01
rch_01_20101123,0.262496736,0.03619025593410863,rch_01
rch_01_20101124,0.266744256,0.03619025593410863,rch_01
rch_01_20101125,0.283168,0.03619025593410863,rch_01
rch_01_20101126,0.283168,0.03619025593410863,rch_01
rch_01_20101127,0.29449472,0.03619025593410863,rch_01
rch_01_20101128,0.30015808,0.03619025593410863,rch_01
rch_01_20101129,0.3256432,0.03619025593410863,rch_01
rch_01_20101130,0.39360352,0.03619025593410863,rch_01
rch_01_20101201,0.39926688,0.03619025593410863,rch_01
rch_01_20101202,0.33130656,0.03619025593410863,rch_01
rch_01_20101203,0.34263328,0.03619025593410863,rch_01
rch_01_20101204,0.3256432,0.03619025593410863,rch_01
rch_01_20101205,0.257399712,0.03619025593410863,rch_01
rch_01_20101206,0.24918784,0.03619025593410863,rch_01
rch_01_20101207,0.272690784,0.03619025593410863,rch_01
rch_01_20101208,0.283168,0.03619025593410863,rch_01
rch_01_20101209,0.281468992,0.03619025593410863,rch_01
rch_01_20101210,0.29166304,0.03619025593410863,rch_01
rch_01_20101211,0.34263328,0.03619025593410863,rch_01
rch_01_20101212,0.283168,0.03619025593410863,rch_01
rch_01_20101213,0.270708608,0.03619025593410863,rch_01
rch_01_20101214,0.281468992,0.03619025593410863,rch_01
rch_01_20101215,0.29449472,0.03619025593410863,rch_01
rch_01_20101216,0.29449472,0.03619025593410863,rch_01
rch_01_20101217,0.276371968,0.03619025593410863,rch_01
rch_01_20101218,0.265328416,0.03619025593410863,rch_01
rch_01_20101219,0.29166304,0.03619025593410863,rch_01
rch_01_20101220,0.30015808,0.03619025593410863,rch_01
rch_01_20101221,0.20812848,0.03619025593410863,rch_01
rch_01_20101222,0.223136384,0.03619025593410863,rch_01
rch_01_20101223,0.231914592,0.03619025593410863,rch_01
rch_01_20101224,0.68809824,0.03619025593410863,rch_01
rch_01_20101225,1.2884144,0.03619025593410863,rch_01
rch_01_20101226,0.261364064,0.03619025593410863,rch_01
rch_01_20101227,0.208694816,0.03619025593410863,rch_01
rch_01_20101228,0.19538592,0.03619025593410863,rch_01
rch_01_20101229,0.31431648,0.03619025593410863,rch_01
rch_01_20101230,0.29166304,0.03619025593410863,rch_01
rch_01_20101231,0.229649248,0.03619025593410863,rch_01
rch_01_20110101,0.198500768,0.03619025593410863,rch_01
rch_01_20110102,0.204447296,0.03619025593410863,rch_01
rch_01_20110103,0.202748288,0.03619025593410863,rch_01
rch_01_20110104,0.236728448,0.03619025593410863,rch_01
rch_01_20110105,0.216057184,0.03619025593410863,rch_01
rch_01_20110106,0.207845312,0.03619025593410863,rch_01
rch_01_20110107,0.198500768,0.03619025593410863,rch_01
rch_01_20110108,0.20246512,0.03619025593410863,rch_01
rch_01_20110109,10.6188,0.03619025593410863,rch_01
rch_01_20110110,1.56308736,0.03619025593410863,rch_01
rch_01_20110111,0.52102912,0.03619025593410863,rch_01
rch_01_20110112,0.32847488,0.03619025593410863,rch_01
rch_01_20110113,0.29449472,0.03619025593410863,rch_01
rch_01_20110114,0.28599968,0.03619025593410863,rch_01
rch_01_20110115,1.22611744,0.03619025593410863,rch_01
rch_01_20110116,6.1730624,0.03619025593410863,rch_01
rch_01_20110117,0.99958304,0.03619025593410863,rch_01
rch_01_20110118,0.47005888,0.03619025593410863,rch_01
rch_01_20110119,0.35396,0.03619025593410863,rch_01
rch_01_20110120,0.2973264,0.03619025593410863,rch_01
rch_01_20110121,0.267027424,0.03619025593410863,rch_01
rch_01_20110122,0.259381888,0.03619025593410863,rch_01
rch_01_20110123,0.2548512,0.03619025593410863,rch_01
rch_01_20110124,0.248904672,0.03619025593410863,rch_01
rch_01_20110125,0.243807648,0.03619025593410863,rch_01
rch_01_20110126,0.238710624,0.03619025593410863,rch_01
rch_01_20110127,0.238427456,0.03619025593410863,rch_01
rch_01_20110128,0.236728448,0.03619025593410863,rch_01
rch_01_20110129,0.229082912,0.03619025593410863,rch_01
rch_01_20110130,0.236728448,0.03619025593410863,rch_01
rch_01_20110131,0.233330432,0.03619025593410863,rch_01
rch_01_20110201,0.35112832,0.03619025593410863,rch_01
rch_01_20110202,0.35679168,0.03619025593410863,rch_01
rch_01_20110203,0.236728448,0.03619025593410863,rch_01
rch_01_20110204,0.212376,0.03619025593410863,rch_01
rch_01_20110205,0.209261152,0.03619025593410863,rch_01
rch_01_20110206,0.207278976,0.03619025593410863,rch_01
rch_01_20110207,0.21803936,0.03619025593410863,rch_01
rch_01_20110208,0.217473024,0.03619025593410863,rch_01
rch_01_20110209,0.223136384,0.03619025593410863,rch_01
rch_01_20110210,0.23219776,0.03619025593410863,rch_01
rch_01_20110211,0.200766112,0.03619025593410863,rch_01
rch_01_20110212,0.19255424,0.03619025593410863,rch_01
rch_01_20110213,0.207845312,0.03619025593410863,rch_01
rch_01_20110214,0.216906688,0.03619025593410863,rch_01
rch_01_20110215,0.206429472,0.03619025593410863,rch_01
rch_01_20110216,0.229082912,0.03619025593410863,rch_01
rch_01_20110217,0.218605696,0.03619025593410863,rch_01
rch_01_20110218,0.210393824,0.03619025593410863,rch_01
rch_01_20110219,0.224835392,0.03619025593410863,rch_01
rch_01_20110220,0.235595776,0.03619025593410863,rch_01
rch_01_20110221,0.213508672,0.03619025593410863,rch_01
rch_01_20110222,0.20812848,0.03619025593410863,rch_01
rch_01_20110223,0.207278976,0.03619025593410863,rch_01
rch_01_20110224,0.212092832,0.03619025593410863,rch_01
rch_01_20110225,0.217756192,0.03619025593410863,rch_01
rch_01_20110226,0.208977984,0.03619025593410863,rch_01
rch_01_20110227,0.191987904,0.03619025593410863,rch_01
rch_01_20110228,0.184908704,0.03619025593410863,rch_01
rch_01_20110301,0.18122752,0.03619025593410863,rch_01
rch_01_20110302,0.1911384,0.03619025593410863,rch_01
rch_01_20110303,0.170750304,0.03619025593410863,rch_01
rch_01_20110304,0.180094848,0.03619025593410863,rch_01
rch_01_20110305,0.206995808,0.03619025593410863,rch_01
rch_01_20110306,0.196235424,0.03619025593410863,rch_01
rch_01_20110307,0.203031456,0.03619025593410863,rch_01
rch_01_20110308,0.198783936,0.03619025593410863,rch_01
rch_01_20110309,0.173581984,0.03619025593410863,rch_01
rch_01_20110310,0.17839584,0.03619025593410863,rch_01
rch_01_20110311,0.195669088,0.03619025593410863,rch_01
rch_01_20110312,0.207278976,0.03619025593410863,rch_01
rch_01_20110313,0.20246512,0.03619025593410863,rch_01
rch_01_20110314,0.193686912,0.03619025593410863,rch_01
rch_01_20110315,0.178962176,0.03619025593410863,rch_01
rch_01_20110316,0.202748288,0.03619025593410863,rch_01
rch_01_20110317,0.195952256,0.03619025593410863,rch_01
rch_01_20110318,0.178962176,0.03619025593410863,rch_01
rch_01_20110319,0.193403744,0.03619025593410863,rch_01
rch_01_20110320,0.204164128,0.03619025593410863,rch_01
rch_01_20110321,0.20954432,0.03619025593410863,rch_01
rch_01_20110322,0.198783936,0.03619025593410863,rch_01
rch_01_20110323,0.167352288,0.03619025593410863,rch_01
rch_01_20110324,0.166219616,0.03619025593410863,rch_01
rch_01_20110325,0.195669088,0.03619025593410863,rch_01
rch_01_20110326,0.202181952,0.03619025593410863,rch_01
rch_01_20110327,0.212659168,0.03619025593410863,rch_01
rch_01_20110328,0.205579968,0.03619025593410863,rch_01
rch_01_20110329,0.206995808,0.03619025593410863,rch_01
rch_01_20110330,0.184908704,0.03619025593410863,rch_01
rch_01_20110331,0.164803776,0.03619025593410863,rch_01
rch_01_20110401,0.174714656,0.03619025593410863,rch_01
rch_01_20110402,0.204164128,0.03619025593410863,rch_01
rch_01_20110403,0.201898784,0.03619025593410863,rch_01
rch_01_20110404,0.204730464,0.03619025593410863,rch_01
rch_01_20110405,0.18830672,0.03619025593410863,rch_01
rch_01_20110406,0.149795872,0.03619025593410863,rch_01
rch_01_20110407,0.17414832,0.03619025593410863,rch_01
rch_01_20110408,0.199916608,0.03619025593410863,rch_01
rch_01_20110409,0.18264336,0.03619025593410863,rch_01
rch_01_20110410,0.186041376,0.03619025593410863,rch_01
rch_01_20110411,0.15007904,0.03619025593410863,rch_01
rch_01_20110412,0.155459232,0.03619025593410863,rch_01
rch_01_20110413,0.38510848,0.03619025593410863,rch_01
rch_01_20110414,0.238144288,0.03619025593410863,rch_01
rch_01_20110415,0.15007904,0.03619025593410863,rch_01
rch_01_20110416,0.099958304,0.03619025593410863,rch_01
rch_01_20110417,0.104205824,0.03619025593410863,rch_01
rch_01_20110418,0.122328576,0.03619025593410863,rch_01
rch_01_20110419,0.156875072,0.03619025593410863,rch_01
rch_01_20110420,0.167352288,0.03619025593410863,rch_01
rch_01_20110421,0.115815712,0.03619025593410863,rch_01
rch_01_20110422,0.12600976,0.03619025593410863,rch_01
rch_01_20110423,0.147530528,0.03619025593410863,rch_01
rch_01_20110424,0.12176224,0.03619025593410863,rch_01
rch_01_20110425,0.114399872,0.03619025593410863,rch_01
rch_01_20110426,0.129407776,0.03619025593410863,rch_01
rch_01_20110427,0.130540448,0.03619025593410863,rch_01
rch_01_20110428,0.074756352,0.03619025593410863,rch_01
rch_01_20110429,0.133938464,0.03619025593410863,rch_01
rch_01_20110430,0.103073152,0.03619025593410863,rch_01
rch_01_20110501,0.097126624,0.03619025593410863,rch_01
rch_01_20110502,0.144982016,0.03619025593410863,rch_01
rch_01_20110503,0.114966208,0.03619025593410863,rch_01
rch_01_20110504,0.10477216,0.03619025593410863,rch_01
rch_01_20110505,0.166785952,0.03619025593410863,rch_01
rch_01_20110506,0.15998992,0.03619025593410863,rch_01
rch_01_20110507,0.116382048,0.03619025593410863,rch_01
rch_01_20110508,0.111285024,0.03619025593410863,rch_01
rch_01_20110509,0.135071136,0.03619025593410863,rch_01
rch_01_20110510,0.098542464,0.03619025593410863,rch_01
rch_01_20110511,0.14583152,0.03619025593410863,rch_01
rch_01_20110512,2.45789824,0.03619025593410863,rch_01
rch_01_20110513,1.3167312,0.03619025593410863,rch_01
rch_01_20110514,0.252869024,0.03619025593410863,rch_01
rch_01_20110515,0.119496896,0.03619025593410863,rch_01
rch_01_20110516,0.073340512,0.03619025593410863,rch_01
rch_01_20110517,0.050403904,0.03619025593410863,rch_01
rch_01_20110518,0.058332608,0.03619025593410863,rch_01
rch_01_20110519,0.109302848,0.03619025593410863,rch_01
rch_01_20110520,0.11609888,0.03619025593410863,rch_01
rch_01_20110521,0.068526656,0.03619025593410863,rch_01
rch_01_20110522,0.080986048,0.03619025593410863,rch_01
rch_01_20110523,0.083251392,0.03619025593410863,rch_01
rch_01_20110524,0.074190016,0.03619025593410863,rch_01
rch_01_20110525,0.050403904,0.03619025593410863,rch_01
rch_01_20110526,0.057199936,0.03619025593410863,rch_01
rch_01_20110527,0.076738528,0.03619025593410863,rch_01
rch_01_20110528,0.027184128,0.03619025593410863,rch_01
rch_01_20110529,0.028599968,0.03619025593410863,rch_01
rch_01_20110530,0.042192032,0.03619025593410863,rch_01
rch_01_20110531,0.035962336,0.03619025593410863,rch_01
rch_01_20110601,0.033696992,0.03619025593410863,rch_01
rch_01_20110602,0.017556416,0.03619025593410863,rch_01
rch_01_20110603,0.0141584,0.03619025593410863,rch_01
rch_01_20110604,0.042192032,0.03619025593410863,rch_01
rch_01_20110605,0.032847488,0.03619025593410863,rch_01
rch_01_20110606,0.03256432,0.03619025593410863,rch_01
rch_01_20110607,0.030015808,0.03619025593410863,rch_01
rch_01_20110608,0.039360352,0.03619025593410863,rch_01
rch_01_20110609,0.036528672,0.03619025593410863,rch_01
rch_01_20110610,0.029449472,0.03619025593410863,rch_01
rch_01_20110611,0.03256432,0.03619025593410863,rch_01
rch_01_20110612,0.025768288,0.03619025593410863,rch_01
rch_01_20110613,0.020104928,0.03619025593410863,rch_01
rch_01_20110614,0.016140576,0.03619025593410863,rch_01
rch_01_20110615,0.017273248,0.03619025593410863,rch_01
rch_01_20110616,0.0141584,0.03619025593410863,rch_01
rch_01_20110617,0.008211872,0.03619025593410863,rch_01
rch_01_20110618,0.047289056,0.03619025593410863,rch_01
rch_01_20110619,0.114966208,0.03619025593410863,rch_01
rch_01_20110620,0.037378176,0.03619025593410863,rch_01
rch_01_20110621,0.022370272,0.03619025593410863,rch_01
rch_01_20110622,11.5532544,0.03619025593410863,rch_01
rch_01_20110623,1.37053312,0.03619025593410863,rch_01
rch_01_20110624,0.264478912,0.03619025593410863,rch_01
rch_01_20110625,0.163387936,0.03619025593410863,rch_01
rch_01_20110626,0.115532544,0.03619025593410863,rch_01
rch_01_20110627,0.098259296,0.03619025593410863,rch_01
rch_01_20110628,0.090047424,0.03619025593410863,rch_01
rch_01_20110629,0.083817728,0.03619025593410863,rch_01
rch_01_20110630,0.079003872,0.03619025593410863,rch_01
rch_01_20110701,0.07362368,0.03619025593410863,rch_01
rch_01_20110702,0.074190016,0.03619025593410863,rch_01
rch_01_20110703,0.064562304,0.03619025593410863,rch_01
rch_01_20110704,0.055784096,0.03619025593410863,rch_01
rch_01_20110705,0.046439552,0.03619025593410863,rch_01
rch_01_20110706,0.057483104,0.03619025593410863,rch_01
rch_01_20110707,0.03964352,0.03619025593410863,rch_01
rch_01_20110708,0.03964352,0.03619025593410863,rch_01
rch_01_20110709,0.03964352,0.03619025593410863,rch_01
rch_01_20110710,0.03964352,0.03619025593410863,rch_01
rch_01_20110711,0.03681184,0.03619025593410863,rch_01
rch_01_20110712,0.03681184,0.03619025593410863,rch_01
rch_01_20110713,0.03681184,0.03619025593410863,rch_01
rch_01_20110714,0.03681184,0.03619025593410863,rch_01
rch_01_20110715,0.03681184,0.03619025593410863,rch_01
rch_01_20110716,0.03398016,0.03619025593410863,rch_01
rch_01_20110717,0.03398016,0.03619025593410863,rch_01
rch_01_20110718,0.03398016,0.03619025593410863,rch_01
rch_01_20110719,0.03114848,0.03619025593410863,rch_01
rch_01_20110720,0.40209856,0.03619025593410863,rch_01
rch_01_20110721,0.187740384,0.03619025593410863,rch_01
rch_01_20110722,0.0849504,0.03619025593410863,rch_01
rch_01_20110723,0.06088112,0.03619025593410863,rch_01
rch_01_20110724,0.039360352,0.03619025593410863,rch_01
rch_01_20110725,0.019255424,0.03619025593410863,rch_01
rch_01_20110726,0.013875232,0.03619025593410863,rch_01
rch_01_20110727,0.009344544,0.03619025593410863,rch_01
rch_01_20110728,0.03114848,0.03619025593410863,rch_01
rch_01_20110729,0.026334624,0.03619025593410863,rch_01
rch_01_20110730,0.024635616,0.03619025593410863,rch_01
rch_01_20110731,0.015007904,0.03619025593410863,rch_01
rch_01_20110801,0.037944512,0.03619025593410863,rch_01
rch_01_20110802,0.024918784,0.03619025593410863,rch_01
rch_01_20110803,0.011893056,0.03619025593410863,rch_01
rch_01_20110804,0.007645536,0.03619025593410863,rch_01
rch_01_20110805,0.010477216,0.03619025593410863,rch_01
rch_01_20110806,0.012459392,0.03619025593410863,rch_01
rch_01_20110807,0.01982176,0.03619025593410863,rch_01
rch_01_20110808,0.019255424,0.03619025593410863,rch_01
rch_01_20110809,0.005946528,0.03619025593410863,rch_01
rch_01_20110810,0.005380192,0.03619025593410863,rch_01
rch_01_20110811,0.00849504,0.03619025593410863,rch_01
rch_01_20110812,0.012176224,0.03619025593410863,rch_01
rch_01_20110813,0.009627712,0.03619025593410863,rch_01
rch_01_20110814,0.032847488,0.03619025593410863,rch_01
rch_01_20110815,0.026617792,0.03619025593410863,rch_01
rch_01_20110816,0.011043552,0.03619025593410863,rch_01
rch_01_20110817,0.022936608,0.03619025593410863,rch_01
rch_01_20110818,0.024635616,0.03619025593410863,rch_01
rch_01_20110819,0.010194048,0.03619025593410863,rch_01
rch_01_20110820,0.010760384,0.03619025593410863,rch_01
rch_01_20110821,0.02406928,0.03619025593410863,rch_01
rch_01_20110822,0.02265344,0.03619025593410863,rch_01
rch_01_20110823,0.0141584,0.03619025593410863,rch_01
rch_01_20110824,0.026617792,0.03619025593410863,rch_01
rch_01_20110825,0.03681184,0.03619025593410863,rch_01
rch_01_20110826,0.017839584,0.03619025593410863,rch_01
rch_01_20110827,0.007928704,0.03619025593410863,rch_01
rch_01_20110828,0.023786112,0.03619025593410863,rch_01
rch_01_20110829,0.030015808,0.03619025593410863,rch_01
rch_01_20110830,0.010477216,0.03619025593410863,rch_01
rch_01_20110831,0.001982176,0.03619025593410863,rch_01
rch_01_20110901,0.00849504,0.03619025593410863,rch_01
rch_01_20110902,0.007928704,0.03619025593410863,rch_01
rch_01_20110903,0.002548512,0.03619025593410863,rch_01
rch_01_20110904,0.012459392,0.03619025593410863,rch_01
rch_01_20110905,0.003398016,0.03619025593410863,rch_01
rch_01_20110906,0.000566336,0.03619025593410863,rch_01
rch_01_20110907,0.003114848,0.03619025593410863,rch_01
rch_01_20110908,0.00424752,0.03619025593410863,rch_01
rch_01_20110909,0.006512864,0.03619025593410863,rch_01
rch_01_20110910,0.004530688,0.03619025593410863,rch_01
rch_01_20110911,0.013308896,0.03619025593410863,rch_01
rch_01_20110912,0.003964352,0.03619025593410863,rch_01
rch_01_20110913,0.007362368,0.03619025593410863,rch_01
rch_01_20110914,0.018689088,0.03619025593410863,rch_01
rch_01_20110915,0.005380192,0.03619025593410863,rch_01
rch_01_20110916,0.39360352,0.03619025593410863,rch_01
rch_01_20110917,0.58332608,0.03619025593410863,rch_01
rch_01_20110918,0.216906688,0.03619025593410863,rch_01
rch_01_20110919,0.21662352,0.03619025593410863,rch_01
rch_01_20110920,0.38794016,0.03619025593410863,rch_01
rch_01_20110921,0.195952256,0.03619025593410863,rch_01
rch_01_20110922,0.105621664,0.03619025593410863,rch_01
rch_01_20110923,0.044457376,0.03619025593410863,rch_01
rch_01_20110924,0.049271232,0.03619025593410863,rch_01
rch_01_20110925,0.038510848,0.03619025593410863,rch_01
rch_01_20110926,0.01699008,0.03619025593410863,rch_01
rch_01_20110927,0.032281152,0.03619025593410863,rch_01
rch_01_20110928,0.01699008,0.03619025593410863,rch_01
rch_01_20110929,0.00991088,0.03619025593410863,rch_01
rch_01_20110930,0.023219776,0.03619025593410863,rch_01
rch_01_20111001,0.092595936,0.03619025593410863,rch_01
rch_01_20111002,0.074473184,0.03619025593410863,rch_01
rch_01_20111003,0.050687072,0.03619025593410863,rch_01
rch_01_20111004,0.019538592,0.03619025593410863,rch_01
rch_01_20111005,0.014724736,0.03619025593410863,rch_01
rch_01_20111006,0.020388096,0.03619025593410863,rch_01
rch_01_20111007,0.05521776,0.03619025593410863,rch_01
rch_01_20111008,0.111285024,0.03619025593410863,rch_01
rch_01_20111009,21.3225504,0.03619025593410863,rch_01
rch_01_20111010,8.5799904,0.03619025593410863,rch_01
rch_01_20111011,0.82401888,0.03619025593410863,rch_01
rch_01_20111012,0.2973264,0.03619025593410863,rch_01
rch_01_20111013,0.163954272,0.03619025593410863,rch_01
rch_01_20111014,0.099958304,0.03619025593410863,rch_01
rch_01_20111015,0.098542464,0.03619025593410863,rch_01
rch_01_20111016,0.102789984,0.03619025593410863,rch_01
rch_01_20111017,0.099675136,0.03619025593410863,rch_01
rch_01_20111018,0.107320672,0.03619025593410863,rch_01
rch_01_20111019,0.0849504,0.03619025593410863,rch_01
rch_01_20111020,0.062013792,0.03619025593410863,rch_01
rch_01_20111021,0.070225664,0.03619025593410863,rch_01
rch_01_20111022,0.064279136,0.03619025593410863,rch_01
rch_01_20111023,0.079003872,0.03619025593410863,rch_01
rch_01_20111024,0.091746432,0.03619025593410863,rch_01
rch_01_20111025,0.077588032,0.03619025593410863,rch_01
rch_01_20111026,0.0778712,0.03619025593410863,rch_01
rch_01_20111027,0.168201792,0.03619025593410863,rch_01
rch_01_20111028,0.153760224,0.03619025593410863,rch_01
rch_01_20111029,0.144698848,0.03619025593410863,rch_01
rch_01_20111030,0.090330592,0.03619025593410863,rch_01
rch_01_20111031,0.079003872,0.03619025593410863,rch_01
rch_01_20111101,0.080136544,0.03619025593410863,rch_01
rch_01_20111102,0.064562304,0.03619025593410863,rch_01
rch_01_20111103,0.071075168,0.03619025593410863,rch_01
rch_01_20111104,0.091180096,0.03619025593410863,rch_01
rch_01_20111105,0.094578112,0.03619025593410863,rch_01
rch_01_20111106,0.101657312,0.03619025593410863,rch_01
rch_01_20111107,0.09061376,0.03619025593410863,rch_01
rch_01_20111108,0.082685056,0.03619025593410863,rch_01
rch_01_20111109,0.102789984,0.03619025593410863,rch_01
rch_01_20111110,0.1203464,0.03619025593410863,rch_01
rch_01_20111111,0.0991088,0.03619025593410863,rch_01
rch_01_20111112,0.132239456,0.03619025593410863,rch_01
rch_01_20111113,0.102789984,0.03619025593410863,rch_01
rch_01_20111114,0.119213728,0.03619025593410863,rch_01
rch_01_20111115,0.5097024,0.03619025593410863,rch_01
rch_01_20111116,0.89481088,0.03619025593410863,rch_01
rch_01_20111117,0.207278976,0.03619025593410863,rch_01
rch_01_20111118,0.116948384,0.03619025593410863,rch_01
rch_01_20111119,0.10901968,0.03619025593410863,rch_01
rch_01_20111120,0.118647392,0.03619025593410863,rch_01
rch_01_20111121,0.116665216,0.03619025593410863,rch_01
rch_01_20111122,0.191987904,0.03619025593410863,rch_01
rch_01_20111123,0.155176064,0.03619025593410863,rch_01
rch_01_20111124,0.14583152,0.03619025593410863,rch_01
rch_01_20111125,0.13308896,0.03619025593410863,rch_01
rch_01_20111126,2.75805632,0.03619025593410863,rch_01
rch_01_20111127,1.41300832,0.03619025593410863,rch_01
rch_01_20111128,0.27184128,0.03619025593410863,rch_01
rch_01_20111129,0.155459232,0.03619025593410863,rch_01
rch_01_20111130,0.11185136,0.03619025593410863,rch_01
rch_01_20111201,0.101657312,0.03619025593410863,rch_01
rch_01_20111202,0.099675136,0.03619025593410863,rch_01
rch_01_20111203,0.109586016,0.03619025593410863,rch_01
rch_01_20111204,0.242391808,0.03619025593410863,rch_01
rch_01_20111205,2.45789824,0.03619025593410863,rch_01
rch_01_20111206,0.76738528,0.03619025593410863,rch_01
rch_01_20111207,0.168201792,0.03619025593410863,rch_01
rch_01_20111208,0.091463264,0.03619025593410863,rch_01
rch_01_20111209,0.077021696,0.03619025593410863,rch_01
rch_01_20111210,0.081269216,0.03619025593410863,rch_01
rch_01_20111211,1.22328576,0.03619025593410863,rch_01
rch_01_20111212,0.37944512,0.03619025593410863,rch_01
rch_01_20111213,0.139318656,0.03619025593410863,rch_01
rch_01_20111214,0.106188,0.03619025593410863,rch_01
rch_01_20111215,0.134221632,0.03619025593410863,rch_01
rch_01_20111216,0.201898784,0.03619025593410863,rch_01
rch_01_20111217,0.141867168,0.03619025593410863,rch_01
rch_01_20111218,0.113550368,0.03619025593410863,rch_01
rch_01_20111219,0.12459392,0.03619025593410863,rch_01
rch_01_20111220,0.37095008,0.03619025593410863,rch_01
rch_01_20111221,0.176130496,0.03619025593410863,rch_01
rch_01_20111222,3.4829664,0.03619025593410863,rch_01
rch_01_20111223,0.79853376,0.03619025593410863,rch_01
rch_01_20111224,0.204447296,0.03619025593410863,rch_01
rch_01_20111225,0.183492864,0.03619025593410863,rch_01
rch_01_20111226,0.163387936,0.03619025593410863,rch_01
rch_01_20111227,0.139035488,0.03619025593410863,rch_01
rch_01_20111228,0.1274256,0.03619025593410863,rch_01
rch_01_20111229,0.125443424,0.03619025593410863,rch_01
rch_01_20111230,0.120629568,0.03619025593410863,rch_01
rch_01_20111231,0.122611744,0.03619025593410863,rch_01
rch_01_20120101,0.120063232,0.03619025593410863,rch_01
rch_01_20120102,0.117231552,0.03619025593410863,rch_01
rch_01_20120103,0.11893056,0.03619025593410863,rch_01
rch_01_20120104,0.122894912,0.03619025593410863,rch_01
rch_01_20120105,0.129407776,0.03619025593410863,rch_01
rch_01_20120106,0.132805792,0.03619025593410863,rch_01
rch_01_20120107,0.141584,0.03619025593410863,rch_01
rch_01_20120108,0.128558272,0.03619025593410863,rch_01
rch_01_20120109,0.147530528,0.03619025593410863,rch_01
rch_01_20120110,0.159423584,0.03619025593410863,rch_01
rch_01_20120111,0.160273088,0.03619025593410863,rch_01
rch_01_20120112,0.161688928,0.03619025593410863,rch_01
rch_01_20120113,0.15857408,0.03619025593410863,rch_01
rch_01_20120114,0.16706912,0.03619025593410863,rch_01
rch_01_20120115,0.169617632,0.03619025593410863,rch_01
rch_01_20120116,0.180661184,0.03619025593410863,rch_01
rch_01_20120117,0.1840592,0.03619025593410863,rch_01
rch_01_20120118,0.187457216,0.03619025593410863,rch_01
rch_01_20120119,0.182360192,0.03619025593410863,rch_01
rch_01_20120120,0.191987904,0.03619025593410863,rch_01
rch_01_20120121,0.19680176,0.03619025593410863,rch_01
rch_01_20120122,0.19255424,0.03619025593410863,rch_01
rch_01_20120123,0.169334464,0.03619025593410863,rch_01
rch_01_20120124,0.127708768,0.03619025593410863,rch_01
rch_01_20120125,81.552384,0.03619025593410863,rch_01
rch_01_20120126,9.1463264,0.03619025593410863,rch_01
rch_01_20120127,2.8599968,0.03619025593410863,rch_01
rch_01_20120128,1.28558272,0.03619025593410863,rch_01
rch_01_20120129,0.69942496,0.03619025593410863,rch_01
rch_01_20120130,0.566336,0.03619025593410863,rch_01
rch_01_20120131,1.90005728,0.03619025593410863,rch_01
rch_01_20120201,0.42758368,0.03619025593410863,rch_01
rch_01_20120202,0.260231392,0.03619025593410863,rch_01
rch_01_20120203,0.2336136,0.03619025593410863,rch_01
rch_01_20120204,31.714816,0.03619025593410863,rch_01
rch_01_20120205,3.9926688,0.03619025593410863,rch_01
rch_01_20120206,1.2176224,0.03619025593410863,rch_01
rch_01_20120207,0.5238608,0.03619025593410863,rch_01
rch_01_20120208,0.36245504,0.03619025593410863,rch_01
rch_01_20120209,0.29166304,0.03619025593410863,rch_01
rch_01_20120210,0.58615776,0.03619025593410863,rch_01
rch_01_20120211,0.76172192,0.03619025593410863,rch_01
rch_01_20120212,0.30015808,0.03619025593410863,rch_01
rch_01_20120213,3.398016,0.03619025593410863,rch_01
rch_01_20120214,1.18081056,0.03619025593410863,rch_01
rch_01_20120215,0.35396,0.03619025593410863,rch_01
rch_01_20120216,0.263629408,0.03619025593410863,rch_01
rch_01_20120217,0.51819744,0.03619025593410863,rch_01
rch_01_20120218,36.81184,0.03619025593410863,rch_01
rch_01_20120219,14.4698848,0.03619025593410863,rch_01
rch_01_20120220,3.6245504,0.03619025593410863,rch_01
rch_01_20120221,0.89764256,0.03619025593410863,rch_01
rch_01_20120222,0.54368256,0.03619025593410863,rch_01
rch_01_20120223,0.3964352,0.03619025593410863,rch_01
rch_01_20120224,0.26476208,0.03619025593410863,rch_01
rch_01_20120225,0.184342368,0.03619025593410863,rch_01
rch_01_20120226,0.148380032,0.03619025593410863,rch_01
rch_01_20120227,0.1274256,0.03619025593410863,rch_01
rch_01_20120228,0.167352288,0.03619025593410863,rch_01
rch_01_20120229,0.103639488,0.03619025593410863,rch_01
rch_01_20120301,0.090896928,0.03619025593410863,rch_01
rch_01_20120302,0.061164288,0.03619025593410863,rch_01
rch_01_20120303,0.044174208,0.03619025593410863,rch_01
rch_01_20120304,0.034546496,0.03619025593410863,rch_01
rch_01_20120305,0.028033632,0.03619025593410863,rch_01
rch_01_20120306,0.026051456,0.03619025593410863,rch_01
rch_01_20120307,0.02548512,0.03619025593410863,rch_01
rch_01_20120308,0.022936608,0.03619025593410863,rch_01
rch_01_20120309,0.041342528,0.03619025593410863,rch_01
rch_01_20120310,0.174997824,0.03619025593410863,rch_01
rch_01_20120311,4.24752,0.03619025593410863,rch_01
rch_01_20120312,1.71882976,0.03619025593410863,rch_01
rch_01_20120313,0.114399872,0.03619025593410863,rch_01
rch_01_20120314,0.43607872,0.03619025593410863,rch_01
rch_01_20120315,0.241259136,0.03619025593410863,rch_01
rch_01_20120316,0.233896768,0.03619025593410863,rch_01
rch_01_20120317,0.178962176,0.03619025593410863,rch_01
rch_01_20120318,0.176130496,0.03619025593410863,rch_01
rch_01_20120319,0.177829504,0.03619025593410863,rch_01
rch_01_20120320,21.8605696,0.03619025593410863,rch_01
rch_01_20120321,3.7095008,0.03619025593410863,rch_01
rch_01_20120322,0.65694976,0.03619025593410863,rch_01
rch_01_20120323,0.244657152,0.03619025593410863,rch_01
rch_01_20120324,0.184908704,0.03619025593410863,rch_01
rch_01_20120325,0.162538432,0.03619025593410863,rch_01
rch_01_20120326,0.156875072,0.03619025593410863,rch_01
rch_01_20120327,0.144698848,0.03619025593410863,rch_01
rch_01_20120328,0.146397856,0.03619025593410863,rch_01
rch_01_20120329,0.219738368,0.03619025593410863,rch_01
rch_01_20120330,0.38794016,0.03619025593410863,rch_01
rch_01_20120331,0.159706752,0.03619025593410863,rch_01
rch_01_20120401,0.124310752,0.03619025593410863,rch_01
rch_01_20120402,0.121479072,0.03619025593410863,rch_01
rch_01_20120403,0.128275104,0.03619025593410863,rch_01
rch_01_20120404,0.121479072,0.03619025593410863,rch_01
rch_01_20120405,0.110718688,0.03619025593410863,rch_01
rch_01_20120406,0.114116704,0.03619025593410863,rch_01
rch_01_20120407,0.104205824,0.03619025593410863,rch_01
rch_01_20120408,0.112134528,0.03619025593410863,rch_01
rch_01_20120409,0.105904832,0.03619025593410863,rch_01
rch_01_20120410,0.099675136,0.03619025593410863,rch_01
rch_01_20120411,0.097409792,0.03619025593410863,rch_01
rch_01_20120412,0.108736512,0.03619025593410863,rch_01
rch_01_20120413,0.22511856,0.03619025593410863,rch_01
rch_01_20120414,0.154043392,0.03619025593410863,rch_01
rch_01_20120415,0.115249376,0.03619025593410863,rch_01
rch_01_20120416,0.098542464,0.03619025593410863,rch_01
rch_01_20120417,0.09486128,0.03619025593410863,rch_01
rch_01_20120418,0.091463264,0.03619025593410863,rch_01
rch_01_20120419,0.086083072,0.03619025593410863,rch_01
rch_01_20120420,0.077588032,0.03619025593410863,rch_01
rch_01_20120421,0.079003872,0.03619025593410863,rch_01
rch_01_20120422,0.083251392,0.03619025593410863,rch_01
rch_01_20120423,0.095427616,0.03619025593410863,rch_01
rch_01_20120424,0.079003872,0.03619025593410863,rch_01
rch_01_20120425,0.075322688,0.03619025593410863,rch_01
rch_01_20120426,0.078437536,0.03619025593410863,rch_01
rch_01_20120427,0.077021696,0.03619025593410863,rch_01
rch_01_20120428,0.073057344,0.03619025593410863,rch_01
rch_01_20120429,0.077021696,0.03619025593410863,rch_01
rch_01_20120430,0.089764256,0.03619025593410863,rch_01
rch_01_20120501,0.088914752,0.03619025593410863,rch_01
rch_01_20120502,0.089481088,0.03619025593410863,rch_01
rch_01_20120503,0.102506816,0.03619025593410863,rch_01
rch_01_20120504,0.099675136,0.03619025593410863,rch_01
rch_01_20120505,0.095993952,0.03619025593410863,rch_01
rch_01_20120506,7.3340512,0.03619025593410863,rch_01
rch_01_20120507,1.96518592,0.03619025593410863,rch_01
rch_01_20120508,2.47205664,0.03619025593410863,rch_01
rch_01_20120509,2.44657152,0.03619025593410863,rch_01
rch_01_20120510,2.08977984,0.03619025593410863,rch_01
rch_01_20120511,22.0304704,0.03619025593410863,rch_01
rch_01_20120512,4.5873216,0.03619025593410863,rch_01
rch_01_20120513,0.90896928,0.03619025593410863,rch_01
rch_01_20120514,0.36528672,0.03619025593410863,rch_01
rch_01_20120515,31.997984,0.03619025593410863,rch_01
rch_01_20120516,27.5239296,0.03619025593410863,rch_01
rch_01_20120517,1.911384,0.03619025593410863,rch_01
rch_01_20120518,0.74756352,0.03619025593410863,rch_01
rch_01_20120519,0.46439552,0.03619025593410863,rch_01
rch_01_20120520,0.35396,0.03619025593410863,rch_01
rch_01_20120521,0.30015808,0.03619025593410863,rch_01
rch_01_20120522,0.261080896,0.03619025593410863,rch_01
rch_01_20120523,0.245223488,0.03619025593410863,rch_01
rch_01_20120524,0.240409632,0.03619025593410863,rch_01
rch_01_20120525,0.223419552,0.03619025593410863,rch_01
rch_01_20120526,0.207562144,0.03619025593410863,rch_01
rch_01_20120527,0.202748288,0.03619025593410863,rch_01
rch_01_20120528,0.192271072,0.03619025593410863,rch_01
rch_01_20120529,0.194536416,0.03619025593410863,rch_01
rch_01_20120530,0.191704736,0.03619025593410863,rch_01
rch_01_20120531,0.177263168,0.03619025593410863,rch_01
rch_01_20120601,0.173865152,0.03619025593410863,rch_01
rch_01_20120602,0.181510688,0.03619025593410863,rch_01
rch_01_20120603,0.178112672,0.03619025593410863,rch_01
rch_01_20120604,0.179528512,0.03619025593410863,rch_01
rch_01_20120605,0.16706912,0.03619025593410863,rch_01
rch_01_20120606,0.170750304,0.03619025593410863,rch_01
rch_01_20120607,0.172449312,0.03619025593410863,rch_01
rch_01_20120608,0.17414832,0.03619025593410863,rch_01
rch_01_20120609,0.176130496,0.03619025593410863,rch_01
rch_01_20120610,0.167635456,0.03619025593410863,rch_01
rch_01_20120611,0.163671104,0.03619025593410863,rch_01
rch_01_20120612,0.153477056,0.03619025593410863,rch_01
rch_01_20120613,0.147530528,0.03619025593410863,rch_01
rch_01_20120614,0.141300832,0.03619025593410863,rch_01
rch_01_20120615,0.140451328,0.03619025593410863,rch_01
rch_01_20120616,0.140451328,0.03619025593410863,rch_01
rch_01_20120617,0.137619648,0.03619025593410863,rch_01
rch_01_20120618,0.12459392,0.03619025593410863,rch_01
rch_01_20120619,0.131389952,0.03619025593410863,rch_01
rch_01_20120620,0.132805792,0.03619025593410863,rch_01
rch_01_20120621,0.142716672,0.03619025593410863,rch_01
rch_01_20120622,0.140734496,0.03619025593410863,rch_01
rch_01_20120623,0.134221632,0.03619025593410863,rch_01
rch_01_20120624,0.119780064,0.03619025593410863,rch_01
rch_01_20120625,0.113550368,0.03619025593410863,rch_01
rch_01_20120626,0.108736512,0.03619025593410863,rch_01
rch_01_20120627,0.104205824,0.03619025593410863,rch_01
rch_01_20120628,0.107320672,0.03619025593410863,rch_01
rch_01_20120629,0.101657312,0.03619025593410863,rch_01
rch_01_20120630,0.10477216,0.03619025593410863,rch_01
rch_01_20120701,0.111001856,0.03619025593410863,rch_01
rch_01_20120702,0.35112832,0.03619025593410863,rch_01
rch_01_20120703,0.283168,0.03619025593410863,rch_01
rch_01_20120704,0.138469152,0.03619025593410863,rch_01
rch_01_20120705,0.105621664,0.03619025593410863,rch_01
rch_01_20120706,0.094294944,0.03619025593410863,rch_01
rch_01_20120707,0.086932576,0.03619025593410863,rch_01
rch_01_20120708,0.083817728,0.03619025593410863,rch_01
rch_01_20120709,0.123461248,0.03619025593410863,rch_01
rch_01_20120710,1.22328576,0.03619025593410863,rch_01
rch_01_20120711,22.3985888,0.03619025593410863,rch_01
rch_01_20120712,10.3073152,0.03619025593410863,rch_01
rch_01_20120713,0.61164288,0.03619025593410863,rch_01
rch_01_20120714,0.243241312,0.03619025593410863,rch_01
rch_01_20120715,0.165936448,0.03619025593410863,rch_01
rch_01_20120716,0.129974112,0.03619025593410863,rch_01
rch_01_20120717,0.114116704,0.03619025593410863,rch_01
rch_01_20120718,0.115532544,0.03619025593410863,rch_01
rch_01_20120719,0.50687072,0.03619025593410863,rch_01
rch_01_20120720,0.33413824,0.03619025593410863,rch_01
rch_01_20120721,0.159706752,0.03619025593410863,rch_01
rch_01_20120722,0.119213728,0.03619025593410863,rch_01
rch_01_20120723,0.104205824,0.03619025593410863,rch_01
rch_01_20120724,0.09486128,0.03619025593410863,rch_01
rch_01_20120725,0.084667232,0.03619025593410863,rch_01
rch_01_20120726,0.083817728,0.03619025593410863,rch_01
rch_01_20120727,0.079570208,0.03619025593410863,rch_01
rch_01_20120728,0.077304864,0.03619025593410863,rch_01
rch_01_20120729,0.077304864,0.03619025593410863,rch_01
rch_01_20120730,0.068526656,0.03619025593410863,rch_01
rch_01_20120731,0.065411808,0.03619025593410863,rch_01
rch_01_20120801,0.063995968,0.03619025593410863,rch_01
rch_01_20120802,0.063995968,0.03619025593410863,rch_01
rch_01_20120803,0.061164288,0.03619025593410863,rch_01
rch_01_20120804,0.06088112,0.03619025593410863,rch_01
rch_01_20120805,0.058898944,0.03619025593410863,rch_01
rch_01_20120806,0.068809824,0.03619025593410863,rch_01
rch_01_20120807,0.064845472,0.03619025593410863,rch_01
rch_01_20120808,0.062013792,0.03619025593410863,rch_01
rch_01_20120809,0.058898944,0.03619025593410863,rch_01
rch_01_20120810,0.057483104,0.03619025593410863,rch_01
rch_01_20120811,0.053518752,0.03619025593410863,rch_01
rch_01_20120812,0.105621664,0.03619025593410863,rch_01
rch_01_20120813,0.080136544,0.03619025593410863,rch_01
rch_01_20120814,0.056350432,0.03619025593410863,rch_01
rch_01_20120815,0.048704896,0.03619025593410863,rch_01
rch_01_20120816,0.048421728,0.03619025593410863,rch_01
rch_01_20120817,0.0495544,0.03619025593410863,rch_01
rch_01_20120818,0.055500928,0.03619025593410863,rch_01
rch_01_20120819,37.661344,0.03619025593410863,rch_01
rch_01_20120820,1.73015648,0.03619025593410863,rch_01
rch_01_20120821,0.45873216,0.03619025593410863,rch_01
rch_01_20120822,0.281468992,0.03619025593410863,rch_01
rch_01_20120823,0.214924512,0.03619025593410863,rch_01
rch_01_20120824,0.200482944,0.03619025593410863,rch_01
rch_01_20120825,0.187457216,0.03619025593410863,rch_01
rch_01_20120826,0.209827488,0.03619025593410863,rch_01
rch_01_20120827,0.196518592,0.03619025593410863,rch_01
rch_01_20120828,0.184342368,0.03619025593410863,rch_01
rch_01_20120829,0.170750304,0.03619025593410863,rch_01
rch_01_20120830,0.171033472,0.03619025593410863,rch_01
rch_01_20120831,0.163671104,0.03619025593410863,rch_01
rch_01_20120901,0.168201792,0.03619025593410863,rch_01
rch_01_20120902,0.16848496,0.03619025593410863,rch_01
rch_01_20120903,0.163671104,0.03619025593410863,rch_01
rch_01_20120904,0.162538432,0.03619025593410863,rch_01
rch_01_20120905,0.1628216,0.03619025593410863,rch_01
rch_01_20120906,0.153477056,0.03619025593410863,rch_01
rch_01_20120907,0.138469152,0.03619025593410863,rch_01
rch_01_20120908,0.144982016,0.03619025593410863,rch_01
rch_01_20120909,0.146964192,0.03619025593410863,rch_01
rch_01_20120910,0.143566176,0.03619025593410863,rch_01
rch_01_20120911,0.15291072,0.03619025593410863,rch_01
rch_01_20120912,0.152344384,0.03619025593410863,rch_01
rch_01_20120913,0.166785952,0.03619025593410863,rch_01
rch_01_20120914,14.3283008,0.03619025593410863,rch_01
rch_01_20120915,2.51736352,0.03619025593410863,rch_01
rch_01_20120916,10.7320672,0.03619025593410863,rch_01
rch_01_20120917,17.0183968,0.03619025593410863,rch_01
rch_01_20120918,1.33655296,0.03619025593410863,rch_01
rch_01_20120919,0.45590048,0.03619025593410863,rch_01
rch_01_20120920,0.279769984,0.03619025593410863,rch_01
rch_01_20120921,0.218605696,0.03619025593410863,rch_01
rch_01_20120922,0.19538592,0.03619025593410863,rch_01
rch_01_20120923,0.178679008,0.03619025593410863,rch_01
rch_01_20120924,0.167352288,0.03619025593410863,rch_01
rch_01_20120925,0.156591904,0.03619025593410863,rch_01
rch_01_20120926,0.137619648,0.03619025593410863,rch_01
rch_01_20120927,0.16140576,0.03619025593410863,rch_01
rch_01_20120928,0.75889024,0.03619025593410863,rch_01
rch_01_20120929,34.263328,0.03619025593410863,rch_01
rch_01_20120930,5.5500928,0.03619025593410863,rch_01
rch_01_20121001,1.20629568,0.03619025593410863,rch_01
rch_01_20121002,2.1520768,0.03619025593410863,rch_01
rch_01_20121003,0.4813856,0.03619025593410863,rch_01
rch_01_20121004,0.2973264,0.03619025593410863,rch_01
rch_01_20121005,0.256550208,0.03619025593410863,rch_01
rch_01_20121006,0.224552224,0.03619025593410863,rch_01
rch_01_20121007,0.207562144,0.03619025593410863,rch_01
rch_01_20121008,0.196235424,0.03619025593410863,rch_01
rch_01_20121009,0.19255424,0.03619025593410863,rch_01
rch_01_20121010,0.193120576,0.03619025593410863,rch_01
rch_01_20121011,0.193120576,0.03619025593410863,rch_01
rch_01_20121012,0.202748288,0.03619025593410863,rch_01
rch_01_20121013,0.187457216,0.03619025593410863,rch_01
rch_01_20121014,0.190288896,0.03619025593410863,rch_01
rch_01_20121015,0.232764096,0.03619025593410863,rch_01
rch_01_20121016,0.24635616,0.03619025593410863,rch_01
rch_01_20121017,0.225968064,0.03619025593410863,rch_01
rch_01_20121018,0.205579968,0.03619025593410863,rch_01
rch_01_20121019,0.187457216,0.03619025593410863,rch_01
rch_01_20121020,0.188023552,0.03619025593410863,rch_01
rch_01_20121021,0.18972256,0.03619025593410863,rch_01
rch_01_20121022,0.193403744,0.03619025593410863,rch_01
rch_01_20121023,0.190005728,0.03619025593410863,rch_01
rch_01_20121024,0.190572064,0.03619025593410863,rch_01
rch_01_20121025,0.205013632,0.03619025593410863,rch_01
rch_01_20121026,3.3413824,0.03619025593410863,rch_01
rch_01_20121027,1.8547504,0.03619025593410863,rch_01
rch_01_20121028,0.41342528,0.03619025593410863,rch_01
rch_01_20121029,0.259381888,0.03619025593410863,rch_01
rch_01_20121030,0.1911384,0.03619025593410863,rch_01
rch_01_20121031,0.172166144,0.03619025593410863,rch_01
rch_01_20121101,0.163387936,0.03619025593410863,rch_01
rch_01_20121102,0.170183968,0.03619025593410863,rch_01
rch_01_20121103,0.175847328,0.03619025593410863,rch_01
rch_01_20121104,2.40975968,0.03619025593410863,rch_01
rch_01_20121105,0.4813856,0.03619025593410863,rch_01
rch_01_20121106,0.24352448,0.03619025593410863,rch_01
rch_01_20121107,0.18830672,0.03619025593410863,rch_01
rch_01_20121108,0.166502784,0.03619025593410863,rch_01
rch_01_20121109,0.167918624,0.03619025593410863,rch_01
rch_01_20121110,0.158007744,0.03619025593410863,rch_01
rch_01_20121111,0.163671104,0.03619025593410863,rch_01
rch_01_20121112,0.17698,0.03619025593410863,rch_01
rch_01_20121113,0.15998992,0.03619025593410863,rch_01
rch_01_20121114,0.149512704,0.03619025593410863,rch_01
rch_01_20121115,0.149512704,0.03619025593410863,rch_01
rch_01_20121116,0.16423744,0.03619025593410863,rch_01
rch_01_20121117,0.167635456,0.03619025593410863,rch_01
rch_01_20121118,0.16706912,0.03619025593410863,rch_01
rch_01_20121119,0.168201792,0.03619025593410863,rch_01
rch_01_20121120,0.17981168,0.03619025593410863,rch_01
rch_01_20121121,0.222570048,0.03619025593410863,rch_01
rch_01_20121122,0.2265344,0.03619025593410863,rch_01
rch_01_20121123,0.23078192,0.03619025593410863,rch_01
rch_01_20121124,0.229649248,0.03619025593410863,rch_01
rch_01_20121125,0.227100736,0.03619025593410863,rch_01
rch_01_20121126,0.2194552,0.03619025593410863,rch_01
rch_01_20121127,0.232764096,0.03619025593410863,rch_01
rch_01_20121128,0.27750464,0.03619025593410863,rch_01
rch_01_20121129,0.269292768,0.03619025593410863,rch_01
rch_01_20121130,0.257116544,0.03619025593410863,rch_01
rch_01_20121201,0.254284864,0.03619025593410863,rch_01
rch_01_20121202,0.260797728,0.03619025593410863,rch_01
rch_01_20121203,0.270142272,0.03619025593410863,rch_01
rch_01_20121204,0.270142272,0.03619025593410863,rch_01
rch_01_20121205,0.270142272,0.03619025593410863,rch_01
rch_01_20121206,0.29166304,0.03619025593410863,rch_01
rch_01_20121207,0.30582144,0.03619025593410863,rch_01
rch_01_20121208,0.276938304,0.03619025593410863,rch_01
rch_01_20121209,0.28599968,0.03619025593410863,rch_01
rch_01_20121210,0.28599968,0.03619025593410863,rch_01
rch_01_20121211,0.25201952,0.03619025593410863,rch_01
rch_01_20121212,0.2619304,0.03619025593410863,rch_01
rch_01_20121213,0.280902656,0.03619025593410863,rch_01
rch_01_20121214,0.28883136,0.03619025593410863,rch_01
rch_01_20121215,0.29166304,0.03619025593410863,rch_01
rch_01_20121216,0.28883136,0.03619025593410863,rch_01
rch_01_20121217,0.31431648,0.03619025593410863,rch_01
rch_01_20121218,0.28599968,0.03619025593410863,rch_01
rch_01_20121219,0.281185824,0.03619025593410863,rch_01
rch_01_20121220,0.28883136,0.03619025593410863,rch_01
rch_01_20121221,0.273540288,0.03619025593410863,rch_01
rch_01_20121222,0.29166304,0.03619025593410863,rch_01
rch_01_20121223,0.36245504,0.03619025593410863,rch_01
rch_01_20121224,0.31431648,0.03619025593410863,rch_01
rch_01_20121225,0.31431648,0.03619025593410863,rch_01
rch_01_20121226,0.2973264,0.03619025593410863,rch_01
rch_01_20121227,0.30015808,0.03619025593410863,rch_01
rch_01_20121228,0.31997984,0.03619025593410863,rch_01
rch_01_20121229,0.34263328,0.03619025593410863,rch_01
rch_01_20121230,0.33130656,0.03619025593410863,rch_01
rch_01_20121231,0.33130656,0.03619025593410863,rch_01
rch_01_20130101,0.424752,0.03619025593410863,rch_01
rch_01_20130102,0.37661344,0.03619025593410863,rch_01
rch_01_20130103,0.3398016,0.03619025593410863,rch_01
rch_01_20130104,0.31997984,0.03619025593410863,rch_01
rch_01_20130105,0.31714816,0.03619025593410863,rch_01
rch_01_20130106,0.34829664,0.03619025593410863,rch_01
rch_01_20130107,0.30865312,0.03619025593410863,rch_01
rch_01_20130108,0.32281152,0.03619025593410863,rch_01
rch_01_20130109,35.396,0.03619025593410863,rch_01
rch_01_20130110,3.6245504,0.03619025593410863,rch_01
rch_01_20130111,0.78720704,0.03619025593410863,rch_01
rch_01_20130112,0.42192032,0.03619025593410863,rch_01
rch_01_20130113,0.31431648,0.03619025593410863,rch_01
rch_01_20130114,0.274106624,0.03619025593410863,rch_01
rch_01_20130115,0.265045248,0.03619025593410863,rch_01
rch_01_20130116,0.245506656,0.03619025593410863,rch_01
rch_01_20130117,0.233896768,0.03619025593410863,rch_01
rch_01_20130118,0.223985888,0.03619025593410863,rch_01
rch_01_20130119,0.214075008,0.03619025593410863,rch_01
rch_01_20130120,0.213508672,0.03619025593410863,rch_01
rch_01_20130121,0.210110656,0.03619025593410863,rch_01
rch_01_20130122,0.204447296,0.03619025593410863,rch_01
rch_01_20130123,0.199916608,0.03619025593410863,rch_01
rch_01_20130124,0.199916608,0.03619025593410863,rch_01
rch_01_20130125,0.201332448,0.03619025593410863,rch_01
rch_01_20130126,0.197368096,0.03619025593410863,rch_01
rch_01_20130127,0.201332448,0.03619025593410863,rch_01
rch_01_20130128,0.191987904,0.03619025593410863,rch_01
rch_01_20130129,0.187174048,0.03619025593410863,rch_01
rch_01_20130130,0.17556416,0.03619025593410863,rch_01
rch_01_20130131,0.17556416,0.03619025593410863,rch_01
rch_01_20130201,0.17556416,0.03619025593410863,rch_01
rch_01_20130202,0.16140576,0.03619025593410863,rch_01
rch_01_20130203,0.1699008,0.03619025593410863,rch_01
rch_01_20130204,0.1699008,0.03619025593410863,rch_01
rch_01_20130205,0.16706912,0.03619025593410863,rch_01
rch_01_20130206,0.16423744,0.03619025593410863,rch_01
rch_01_20130207,0.16423744,0.03619025593410863,rch_01
rch_01_20130208,0.16140576,0.03619025593410863,rch_01
rch_01_20130209,0.160556256,0.03619025593410863,rch_01
rch_01_20130210,0.160556256,0.03619025593410863,rch_01
rch_01_20130211,0.16140576,0.03619025593410863,rch_01
rch_01_20130212,0.165370112,0.03619025593410863,rch_01
rch_01_20130213,0.1628216,0.03619025593410863,rch_01
rch_01_20130214,0.159423584,0.03619025593410863,rch_01
rch_01_20130215,0.15432656,0.03619025593410863,rch_01
rch_01_20130216,0.152627552,0.03619025593410863,rch_01
rch_01_20130217,0.152627552,0.03619025593410863,rch_01
rch_01_20130218,0.153477056,0.03619025593410863,rch_01
rch_01_20130219,0.157724576,0.03619025593410863,rch_01
rch_01_20130220,0.156591904,0.03619025593410863,rch_01
rch_01_20130221,0.15857408,0.03619025593410863,rch_01
rch_01_20130222,0.161972096,0.03619025593410863,rch_01
rch_01_20130223,0.156025568,0.03619025593410863,rch_01
rch_01_20130224,0.163954272,0.03619025593410863,rch_01
rch_01_20130225,0.154892896,0.03619025593410863,rch_01
rch_01_20130226,0.13875232,0.03619025593410863,rch_01
rch_01_20130227,0.167352288,0.03619025593410863,rch_01
rch_01_20130228,0.171882976,0.03619025593410863,rch_01
rch_01_20130301,0.168768128,0.03619025593410863,rch_01
rch_01_20130302,0.183209696,0.03619025593410863,rch_01
rch_01_20130303,0.189156224,0.03619025593410863,rch_01
rch_01_20130304,0.180094848,0.03619025593410863,rch_01
rch_01_20130305,0.192837408,0.03619025593410863,rch_01
rch_01_20130306,0.178112672,0.03619025593410863,rch_01
rch_01_20130307,0.168768128,0.03619025593410863,rch_01
rch_01_20130308,0.173015648,0.03619025593410863,rch_01
rch_01_20130309,0.180094848,0.03619025593410863,rch_01
rch_01_20130310,0.51536576,0.03619025593410863,rch_01
rch_01_20130311,0.63146464,0.03619025593410863,rch_01
rch_01_20130312,0.255417536,0.03619025593410863,rch_01
rch_01_20130313,0.178112672,0.03619025593410863,rch_01
rch_01_20130314,0.16706912,0.03619025593410863,rch_01
rch_01_20130315,0.144698848,0.03619025593410863,rch_01
rch_01_20130316,0.156025568,0.03619025593410863,rch_01
rch_01_20130317,0.15715824,0.03619025593410863,rch_01
rch_01_20130318,0.157441408,0.03619025593410863,rch_01
rch_01_20130319,0.153760224,0.03619025593410863,rch_01
rch_01_20130320,0.156875072,0.03619025593410863,rch_01
rch_01_20130321,0.157724576,0.03619025593410863,rch_01
rch_01_20130322,0.182360192,0.03619025593410863,rch_01
rch_01_20130323,0.166219616,0.03619025593410863,rch_01
rch_01_20130324,0.140451328,0.03619025593410863,rch_01
rch_01_20130325,0.139035488,0.03619025593410863,rch_01
rch_01_20130326,0.158857248,0.03619025593410863,rch_01
rch_01_20130327,0.161122592,0.03619025593410863,rch_01
rch_01_20130328,0.161688928,0.03619025593410863,rch_01
rch_01_20130329,0.165936448,0.03619025593410863,rch_01
rch_01_20130330,0.17131664,0.03619025593410863,rch_01
rch_01_20130331,0.168768128,0.03619025593410863,rch_01
rch_01_20130401,0.74190016,0.03619025593410863,rch_01
rch_01_20130402,0.29449472,0.03619025593410863,rch_01
rch_01_20130403,7.6738528,0.03619025593410863,rch_01
rch_01_20130404,3.3130656,0.03619025593410863,rch_01
rch_01_20130405,0.56067264,0.03619025593410863,rch_01
rch_01_20130406,0.32281152,0.03619025593410863,rch_01
rch_01_20130407,0.239843296,0.03619025593410863,rch_01
rch_01_20130408,0.214358176,0.03619025593410863,rch_01
rch_01_20130409,0.203314624,0.03619025593410863,rch_01
rch_01_20130410,0.200766112,0.03619025593410863,rch_01
rch_01_20130411,0.210393824,0.03619025593410863,rch_01
rch_01_20130412,0.207278976,0.03619025593410863,rch_01
rch_01_20130413,0.19255424,0.03619025593410863,rch_01
rch_01_20130414,0.193120576,0.03619025593410863,rch_01
rch_01_20130415,0.186324544,0.03619025593410863,rch_01
rch_01_20130416,0.174997824,0.03619025593410863,rch_01
rch_01_20130417,0.172449312,0.03619025593410863,rch_01
rch_01_20130418,0.216906688,0.03619025593410863,rch_01
rch_01_20130419,0.31997984,0.03619025593410863,rch_01
rch_01_20130420,0.224835392,0.03619025593410863,rch_01
rch_01_20130421,0.18264336,0.03619025593410863,rch_01
rch_01_20130422,0.174997824,0.03619025593410863,rch_01
rch_01_20130423,0.169334464,0.03619025593410863,rch_01
rch_01_20130424,0.16848496,0.03619025593410863,rch_01
rch_01_20130425,0.169334464,0.03619025593410863,rch_01
rch_01_20130426,0.163671104,0.03619025593410863,rch_01
rch_01_20130427,0.778712,0.03619025593410863,rch_01
rch_01_20130428,9.2312768,0.03619025593410863,rch_01
rch_01_20130429,0.82968224,0.03619025593410863,rch_01
rch_01_20130430,3.0865312,0.03619025593410863,rch_01
rch_01_20130501,0.84384064,0.03619025593410863,rch_01
rch_01_20130502,2.47772,0.03619025593410863,rch_01
rch_01_20130503,1.43566176,0.03619025593410863,rch_01
rch_01_20130504,0.50403904,0.03619025593410863,rch_01
rch_01_20130505,0.3256432,0.03619025593410863,rch_01
rch_01_20130506,0.265045248,0.03619025593410863,rch_01
rch_01_20130507,0.245223488,0.03619025593410863,rch_01
rch_01_20130508,0.230498752,0.03619025593410863,rch_01
rch_01_20130509,0.224552224,0.03619025593410863,rch_01
rch_01_20130510,0.79570208,0.03619025593410863,rch_01
rch_01_20130511,0.61164288,0.03619025593410863,rch_01
rch_01_20130512,0.35112832,0.03619025593410863,rch_01
rch_01_20130513,0.23927696,0.03619025593410863,rch_01
rch_01_20130514,0.201898784,0.03619025593410863,rch_01
rch_01_20130515,0.18547504,0.03619025593410863,rch_01
rch_01_20130516,0.1699008,0.03619025593410863,rch_01
rch_01_20130517,0.153477056,0.03619025593410863,rch_01
rch_01_20130518,0.151211712,0.03619025593410863,rch_01
rch_01_20130519,0.151211712,0.03619025593410863,rch_01
rch_01_20130520,0.137902816,0.03619025593410863,rch_01
rch_01_20130521,0.131956288,0.03619025593410863,rch_01
rch_01_20130522,0.148380032,0.03619025593410863,rch_01
rch_01_20130523,0.153193888,0.03619025593410863,rch_01
rch_01_20130524,1.23744416,0.03619025593410863,rch_01
rch_01_20130525,101.374144,0.03619025593410863,rch_01
rch_01_20130526,67.677152,0.03619025593410863,rch_01
rch_01_20130527,19.3403744,0.03619025593410863,rch_01
rch_01_20130528,3.5679168,0.03619025593410863,rch_01
rch_01_20130529,1.02506816,0.03619025593410863,rch_01
rch_01_20130530,0.52952416,0.03619025593410863,rch_01
rch_01_20130531,0.37378176,0.03619025593410863,rch_01
rch_01_20130601,0.29449472,0.03619025593410863,rch_01
rch_01_20130602,1.54892896,0.03619025593410863,rch_01
rch_01_20130603,1.09869184,0.03619025593410863,rch_01
rch_01_20130604,0.3114848,0.03619025593410863,rch_01
rch_01_20130605,0.228233408,0.03619025593410863,rch_01
rch_01_20130606,0.202748288,0.03619025593410863,rch_01
rch_01_20130607,0.29166304,0.03619025593410863,rch_01
rch_01_20130608,0.19680176,0.03619025593410863,rch_01
rch_01_20130609,0.188873056,0.03619025593410863,rch_01
rch_01_20130610,0.182077024,0.03619025593410863,rch_01
rch_01_20130611,0.14724736,0.03619025593410863,rch_01
rch_01_20130612,2.27100736,0.03619025593410863,rch_01
rch_01_20130613,6.5411808,0.03619025593410863,rch_01
rch_01_20130614,3.6528672,0.03619025593410863,rch_01
rch_01_20130615,1.02223648,0.03619025593410863,rch_01
rch_01_20130616,0.63995968,0.03619025593410863,rch_01
rch_01_20130617,0.4389104,0.03619025593410863,rch_01
rch_01_20130618,0.3822768,0.03619025593410863,rch_01
rch_01_20130619,0.3398016,0.03619025593410863,rch_01
rch_01_20130620,0.3114848,0.03619025593410863,rch_01
rch_01_20130621,0.30298976,0.03619025593410863,rch_01
rch_01_20130622,0.276371968,0.03619025593410863,rch_01
rch_01_20130623,0.257966048,0.03619025593410863,rch_01
rch_01_20130624,0.244657152,0.03619025593410863,rch_01
rch_01_20130625,0.238993792,0.03619025593410863,rch_01
rch_01_20130626,0.235595776,0.03619025593410863,rch_01
rch_01_20130627,0.229649248,0.03619025593410863,rch_01
rch_01_20130628,0.20104928,0.03619025593410863,rch_01
rch_01_20130629,0.14724736,0.03619025593410863,rch_01
rch_01_20130630,0.81269216,0.03619025593410863,rch_01
rch_01_20130701,0.89481088,0.03619025593410863,rch_01
rch_01_20130702,0.33130656,0.03619025593410863,rch_01
rch_01_20130703,0.203597792,0.03619025593410863,rch_01
rch_01_20130704,0.153760224,0.03619025593410863,rch_01
rch_01_20130705,0.131956288,0.03619025593410863,rch_01
rch_01_20130706,0.121195904,0.03619025593410863,rch_01
rch_01_20130707,0.117797888,0.03619025593410863,rch_01
rch_01_20130708,0.272407616,0.03619025593410863,rch_01
rch_01_20130709,0.37378176,0.03619025593410863,rch_01
rch_01_20130710,0.207278976,0.03619025593410863,rch_01
rch_01_20130711,0.144982016,0.03619025593410863,rch_01
rch_01_20130712,0.11185136,0.03619025593410863,rch_01
rch_01_20130713,0.106188,0.03619025593410863,rch_01
rch_01_20130714,0.095710784,0.03619025593410863,rch_01
rch_01_20130715,0.19397008,0.03619025593410863,rch_01
rch_01_20130716,4.2758368,0.03619025593410863,rch_01
rch_01_20130717,1.22045408,0.03619025593410863,rch_01
rch_01_20130718,0.41342528,0.03619025593410863,rch_01
rch_01_20130719,0.185758208,0.03619025593410863,rch_01
rch_01_20130720,0.160556256,0.03619025593410863,rch_01
rch_01_20130721,0.173865152,0.03619025593410863,rch_01
rch_01_20130722,0.129124608,0.03619025593410863,rch_01
rch_01_20130723,0.120063232,0.03619025593410863,rch_01
rch_01_20130724,0.116665216,0.03619025593410863,rch_01
rch_01_20130725,0.105621664,0.03619025593410863,rch_01
rch_01_20130726,0.098259296,0.03619025593410863,rch_01
rch_01_20130727,0.09627712,0.03619025593410863,rch_01
rch_01_20130728,0.091463264,0.03619025593410863,rch_01
rch_01_20130729,0.092879104,0.03619025593410863,rch_01
rch_01_20130730,0.084100896,0.03619025593410863,rch_01
rch_01_20130731,0.081552384,0.03619025593410863,rch_01
rch_01_20130801,0.075322688,0.03619025593410863,rch_01
rch_01_20130802,0.080136544,0.03619025593410863,rch_01
rch_01_20130803,0.07220784,0.03619025593410863,rch_01
rch_01_20130804,0.070792,0.03619025593410863,rch_01
rch_01_20130805,0.070225664,0.03619025593410863,rch_01
rch_01_20130806,0.066827648,0.03619025593410863,rch_01
rch_01_20130807,0.0637128,0.03619025593410863,rch_01
rch_01_20130808,0.065978144,0.03619025593410863,rch_01
rch_01_20130809,0.062863296,0.03619025593410863,rch_01
rch_01_20130810,0.061730624,0.03619025593410863,rch_01
rch_01_20130811,0.061730624,0.03619025593410863,rch_01
rch_01_20130812,0.34546496,0.03619025593410863,rch_01
rch_01_20130813,0.117231552,0.03619025593410863,rch_01
rch_01_20130814,0.06654448,0.03619025593410863,rch_01
rch_01_20130815,0.049837568,0.03619025593410863,rch_01
rch_01_20130816,0.040776192,0.03619025593410863,rch_01
rch_01_20130817,0.038794016,0.03619025593410863,rch_01
rch_01_20130818,0.06796032,0.03619025593410863,rch_01
rch_01_20130819,0.03822768,0.03619025593410863,rch_01
rch_01_20130820,0.035396,0.03619025593410863,rch_01
rch_01_20130821,0.037944512,0.03619025593410863,rch_01
rch_01_20130822,0.03681184,0.03619025593410863,rch_01
rch_01_20130823,0.03822768,0.03619025593410863,rch_01
rch_01_20130824,0.035679168,0.03619025593410863,rch_01
rch_01_20130825,0.033413824,0.03619025593410863,rch_01
rch_01_20130826,0.032847488,0.03619025593410863,rch_01
rch_01_20130827,0.034546496,0.03619025593410863,rch_01
rch_01_20130828,0.062013792,0.03619025593410863,rch_01
rch_01_20130829,0.055500928,0.03619025593410863,rch_01
rch_01_20130830,0.0495544,0.03619025593410863,rch_01
rch_01_20130831,0.041625696,0.03619025593410863,rch_01
rch_01_20130901,0.035679168,0.03619025593410863,rch_01
rch_01_20130902,0.032847488,0.03619025593410863,rch_01
rch_01_20130903,0.030582144,0.03619025593410863,rch_01
rch_01_20130904,0.03114848,0.03619025593410863,rch_01
rch_01_20130905,0.112134528,0.03619025593410863,rch_01
rch_01_20130906,0.081552384,0.03619025593410863,rch_01
rch_01_20130907,0.048421728,0.03619025593410863,rch_01
rch_01_20130908,0.04105936,0.03619025593410863,rch_01
rch_01_20130909,0.04389104,0.03619025593410863,rch_01
rch_01_20130910,0.060031616,0.03619025593410863,rch_01
rch_01_20130911,0.109869184,0.03619025593410863,rch_01
rch_01_20130912,0.098542464,0.03619025593410863,rch_01
rch_01_20130913,0.06512864,0.03619025593410863,rch_01
rch_01_20130914,0.050120736,0.03619025593410863,rch_01
rch_01_20130915,0.03822768,0.03619025593410863,rch_01
rch_01_20130916,0.059182112,0.03619025593410863,rch_01
rch_01_20130917,0.279486816,0.03619025593410863,rch_01
rch_01_20130918,0.120629568,0.03619025593410863,rch_01
rch_01_20130919,0.61730624,0.03619025593410863,rch_01
rch_01_20130920,0.54934592,0.03619025593410863,rch_01
rch_01_20130921,1.6565328,0.03619025593410863,rch_01
rch_01_20130922,0.28883136,0.03619025593410863,rch_01
rch_01_20130923,0.126576096,0.03619025593410863,rch_01
rch_01_20130924,0.071075168,0.03619025593410863,rch_01
rch_01_20130925,0.047005888,0.03619025593410863,rch_01
rch_01_20130926,0.035962336,0.03619025593410863,rch_01
rch_01_20130927,0.03256432,0.03619025593410863,rch_01
rch_01_20130928,0.03114848,0.03619025593410863,rch_01
rch_01_20130929,7.5322688,0.03619025593410863,rch_01
rch_01_20130930,3.964352,0.03619025593410863,rch_01
rch_01_20131001,0.86649408,0.03619025593410863,rch_01
rch_01_20131002,0.29166304,0.03619025593410863,rch_01
rch_01_20131003,0.170183968,0.03619025593410863,rch_01
rch_01_20131004,0.118364224,0.03619025593410863,rch_01
rch_01_20131005,0.086932576,0.03619025593410863,rch_01
rch_01_20131006,0.45590048,0.03619025593410863,rch_01
rch_01_20131007,0.40493024,0.03619025593410863,rch_01
rch_01_20131008,0.184625536,0.03619025593410863,rch_01
rch_01_20131009,0.118364224,0.03619025593410863,rch_01
rch_01_20131010,0.0849504,0.03619025593410863,rch_01
rch_01_20131011,0.07928704,0.03619025593410863,rch_01
rch_01_20131012,0.074473184,0.03619025593410863,rch_01
rch_01_20131013,0.113833536,0.03619025593410863,rch_01
rch_01_20131014,1.18364224,0.03619025593410863,rch_01
rch_01_20131015,0.39077184,0.03619025593410863,rch_01
rch_01_20131016,0.4813856,0.03619025593410863,rch_01
rch_01_20131017,1.4441568,0.03619025593410863,rch_01
rch_01_20131018,0.28883136,0.03619025593410863,rch_01
rch_01_20131019,0.141584,0.03619025593410863,rch_01
rch_01_20131020,0.078154368,0.03619025593410863,rch_01
rch_01_20131021,0.053235584,0.03619025593410863,rch_01
rch_01_20131022,0.044174208,0.03619025593410863,rch_01
rch_01_20131023,0.038794016,0.03619025593410863,rch_01
rch_01_20131024,0.039360352,0.03619025593410863,rch_01
rch_01_20131025,0.038510848,0.03619025593410863,rch_01
rch_01_20131026,0.048704896,0.03619025593410863,rch_01
rch_01_20131027,0.047572224,0.03619025593410863,rch_01
rch_01_20131028,0.0424752,0.03619025593410863,rch_01
rch_01_20131029,0.041625696,0.03619025593410863,rch_01
rch_01_20131030,0.040776192,0.03619025593410863,rch_01
rch_01_20131031,0.196235424,0.03619025593410863,rch_01
rch_01_20131101,0.38794016,0.03619025593410863,rch_01
rch_01_20131102,0.30582144,0.03619025593410863,rch_01
rch_01_20131103,0.119780064,0.03619025593410863,rch_01
rch_01_20131104,0.067110816,0.03619025593410863,rch_01
rch_01_20131105,0.053518752,0.03619025593410863,rch_01
rch_01_20131106,0.048988064,0.03619025593410863,rch_01
rch_01_20131107,0.041625696,0.03619025593410863,rch_01
rch_01_20131108,0.038510848,0.03619025593410863,rch_01
rch_01_20131109,0.040776192,0.03619025593410863,rch_01
rch_01_20131110,0.045590048,0.03619025593410863,rch_01
rch_01_20131111,0.056916768,0.03619025593410863,rch_01
rch_01_20131112,0.054085088,0.03619025593410863,rch_01
rch_01_20131113,0.047855392,0.03619025593410863,rch_01
rch_01_20131114,0.047005888,0.03619025593410863,rch_01
rch_01_20131115,0.047005888,0.03619025593410863,rch_01
rch_01_20131116,0.045873216,0.03619025593410863,rch_01
rch_01_20131117,0.045873216,0.03619025593410863,rch_01
rch_01_20131118,0.050120736,0.03619025593410863,rch_01
rch_01_20131119,0.050687072,0.03619025593410863,rch_01
rch_01_20131120,0.052102912,0.03619025593410863,rch_01
rch_01_20131121,0.057766272,0.03619025593410863,rch_01
rch_01_20131122,0.06229696,0.03619025593410863,rch_01
rch_01_20131123,0.06512864,0.03619025593410863,rch_01
rch_01_20131124,0.073340512,0.03619025593410863,rch_01
rch_01_20131125,1.4016816,0.03619025593410863,rch_01
rch_01_20131126,1.42150336,0.03619025593410863,rch_01
rch_01_20131127,0.28883136,0.03619025593410863,rch_01
rch_01_20131128,0.160273088,0.03619025593410863,rch_01
rch_01_20131129,0.122894912,0.03619025593410863,rch_01
rch_01_20131130,0.107320672,0.03619025593410863,rch_01
rch_01_20131201,0.099391968,0.03619025593410863,rch_01
rch_01_20131202,0.088065248,0.03619025593410863,rch_01
rch_01_20131203,0.084100896,0.03619025593410863,rch_01
rch_01_20131204,0.083251392,0.03619025593410863,rch_01
rch_01_20131205,0.082968224,0.03619025593410863,rch_01
rch_01_20131206,0.082401888,0.03619025593410863,rch_01
rch_01_20131207,0.088348416,0.03619025593410863,rch_01
rch_01_20131208,0.096843456,0.03619025593410863,rch_01
rch_01_20131209,0.10052464,0.03619025593410863,rch_01
rch_01_20131210,0.112984032,0.03619025593410863,rch_01
rch_01_20131211,0.116948384,0.03619025593410863,rch_01
rch_01_20131212,0.116382048,0.03619025593410863,rch_01
rch_01_20131213,0.118647392,0.03619025593410863,rch_01
rch_01_20131214,0.156591904,0.03619025593410863,rch_01
rch_01_20131215,0.153193888,0.03619025593410863,rch_01
rch_01_20131216,0.122045408,0.03619025593410863,rch_01
rch_01_20131217,0.112417696,0.03619025593410863,rch_01
rch_01_20131218,0.110718688,0.03619025593410863,rch_01
rch_01_20131219,0.120063232,0.03619025593410863,rch_01
rch_01_20131220,0.134221632,0.03619025593410863,rch_01
rch_01_20131221,0.37095008,0.03619025593410863,rch_01
rch_01_20131222,0.69659328,0.03619025593410863,rch_01
rch_01_20131223,0.262213568,0.03619025593410863,rch_01
rch_01_20131224,0.143283008,0.03619025593410863,rch_01
rch_01_20131225,0.113550368,0.03619025593410863,rch_01
rch_01_20131226,0.099958304,0.03619025593410863,rch_01
rch_01_20131227,0.141867168,0.03619025593410863,rch_01
rch_01_20131228,0.229932416,0.03619025593410863,rch_01
rch_01_20131229,0.164520608,0.03619025593410863,rch_01
rch_01_20131230,0.106188,0.03619025593410863,rch_01
rch_01_20131231,0.101657312,0.03619025593410863,rch_01
rch_01_20140101,0.097976128,0.03619025593410863,rch_01
rch_01_20140102,0.095427616,0.03619025593410863,rch_01
rch_01_20140103,0.088348416,0.03619025593410863,rch_01
rch_01_20140104,0.086649408,0.03619025593410863,rch_01
rch_01_20140105,0.089481088,0.03619025593410863,rch_01
rch_01_20140106,0.085233568,0.03619025593410863,rch_01
rch_01_20140107,0.082685056,0.03619025593410863,rch_01
rch_01_20140108,0.113833536,0.03619025593410863,rch_01
rch_01_20140109,0.103639488,0.03619025593410863,rch_01
rch_01_20140110,0.105055328,0.03619025593410863,rch_01
rch_01_20140111,0.101657312,0.03619025593410863,rch_01
rch_01_20140112,0.097976128,0.03619025593410863,rch_01
rch_01_20140113,0.096843456,0.03619025593410863,rch_01
rch_01_20140114,0.09061376,0.03619025593410863,rch_01
rch_01_20140115,0.091463264,0.03619025593410863,rch_01
rch_01_20140116,0.091180096,0.03619025593410863,rch_01
rch_01_20140117,0.08353456,0.03619025593410863,rch_01
rch_01_20140118,0.08211872,0.03619025593410863,rch_01
rch_01_20140119,0.139884992,0.03619025593410863,rch_01
rch_01_20140120,0.095144448,0.03619025593410863,rch_01
rch_01_20140121,0.089764256,0.03619025593410863,rch_01
rch_01_20140122,0.089764256,0.03619025593410863,rch_01
rch_01_20140123,0.088914752,0.03619025593410863,rch_01
rch_01_20140124,0.088065248,0.03619025593410863,rch_01
rch_01_20140125,0.099958304,0.03619025593410863,rch_01
rch_01_20140126,0.107887008,0.03619025593410863,rch_01
rch_01_20140127,0.099675136,0.03619025593410863,rch_01
rch_01_20140128,0.0920296,0.03619025593410863,rch_01
rch_01_20140129,0.096843456,0.03619025593410863,rch_01
rch_01_20140130,0.09627712,0.03619025593410863,rch_01
rch_01_20140131,0.09769296,0.03619025593410863,rch_01
rch_01_20140201,0.097126624,0.03619025593410863,rch_01
rch_01_20140202,0.101374144,0.03619025593410863,rch_01
rch_01_20140203,0.09627712,0.03619025593410863,rch_01
rch_01_20140204,0.101374144,0.03619025593410863,rch_01
rch_01_20140205,0.129124608,0.03619025593410863,rch_01
rch_01_20140206,0.11609888,0.03619025593410863,rch_01
rch_01_20140207,0.098259296,0.03619025593410863,rch_01
rch_01_20140208,0.088914752,0.03619025593410863,rch_01
rch_01_20140209,0.085516736,0.03619025593410863,rch_01
rch_01_20140210,0.086649408,0.03619025593410863,rch_01
rch_01_20140211,0.084667232,0.03619025593410863,rch_01
rch_01_20140212,0.09344544,0.03619025593410863,rch_01
rch_01_20140213,0.09769296,0.03619025593410863,rch_01
rch_01_20140214,0.08919792,0.03619025593410863,rch_01
rch_01_20140215,0.084667232,0.03619025593410863,rch_01
rch_01_20140216,0.081835552,0.03619025593410863,rch_01
rch_01_20140217,0.083251392,0.03619025593410863,rch_01
rch_01_20140218,0.086649408,0.03619025593410863,rch_01
rch_01_20140219,0.086649408,0.03619025593410863,rch_01
rch_01_20140220,0.087215744,0.03619025593410863,rch_01
rch_01_20140221,0.093162272,0.03619025593410863,rch_01
rch_01_20140222,0.129407776,0.03619025593410863,rch_01
rch_01_20140223,0.107887008,0.03619025593410863,rch_01
rch_01_20140224,0.088065248,0.03619025593410863,rch_01
rch_01_20140225,0.083251392,0.03619025593410863,rch_01
rch_01_20140226,0.097976128,0.03619025593410863,rch_01
rch_01_20140227,0.167352288,0.03619025593410863,rch_01
rch_01_20140228,0.118081056,0.03619025593410863,rch_01
rch_01_20140301,0.085516736,0.03619025593410863,rch_01
rch_01_20140302,0.077304864,0.03619025593410863,rch_01
rch_01_20140303,0.070792,0.03619025593410863,rch_01
rch_01_20140304,0.071924672,0.03619025593410863,rch_01
rch_01_20140305,0.1132672,0.03619025593410863,rch_01
rch_01_20140306,0.099675136,0.03619025593410863,rch_01
rch_01_20140307,0.080419712,0.03619025593410863,rch_01
rch_01_20140308,0.084667232,0.03619025593410863,rch_01
rch_01_20140309,0.3256432,0.03619025593410863,rch_01
rch_01_20140310,0.34263328,0.03619025593410863,rch_01
rch_01_20140311,0.48704896,0.03619025593410863,rch_01
rch_01_20140312,0.250320512,0.03619025593410863,rch_01
rch_01_20140313,0.13733648,0.03619025593410863,rch_01
rch_01_20140314,0.099675136,0.03619025593410863,rch_01
rch_01_20140315,0.084384064,0.03619025593410863,rch_01
rch_01_20140316,0.077304864,0.03619025593410863,rch_01
rch_01_20140317,0.077588032,0.03619025593410863,rch_01
rch_01_20140318,0.101374144,0.03619025593410863,rch_01
rch_01_20140319,0.074190016,0.03619025593410863,rch_01
rch_01_20140320,0.06937616,0.03619025593410863,rch_01
rch_01_20140321,0.069659328,0.03619025593410863,rch_01
rch_01_20140322,0.066261312,0.03619025593410863,rch_01
rch_01_20140323,0.07645536,0.03619025593410863,rch_01
rch_01_20140324,0.0920296,0.03619025593410863,rch_01
rch_01_20140325,0.139318656,0.03619025593410863,rch_01
rch_01_20140326,0.70225664,0.03619025593410863,rch_01
rch_01_20140327,0.778712,0.03619025593410863,rch_01
rch_01_20140328,0.2336136,0.03619025593410863,rch_01
rch_01_20140329,0.143283008,0.03619025593410863,rch_01
rch_01_20140330,0.083817728,0.03619025593410863,rch_01
rch_01_20140331,0.068243488,0.03619025593410863,rch_01
rch_01_20140401,0.065411808,0.03619025593410863,rch_01
rch_01_20140402,0.064562304,0.03619025593410863,rch_01
rch_01_20140403,0.072774176,0.03619025593410863,rch_01
rch_01_20140404,0.077021696,0.03619025593410863,rch_01
rch_01_20140405,0.069092992,0.03619025593410863,rch_01
rch_01_20140406,0.079003872,0.03619025593410863,rch_01
rch_01_20140407,0.073057344,0.03619025593410863,rch_01
rch_01_20140408,0.259381888,0.03619025593410863,rch_01
rch_01_20140409,0.173015648,0.03619025593410863,rch_01
rch_01_20140410,0.111001856,0.03619025593410863,rch_01
rch_01_20140411,0.082401888,0.03619025593410863,rch_01
rch_01_20140412,0.061730624,0.03619025593410863,rch_01
rch_01_20140413,0.059182112,0.03619025593410863,rch_01
rch_01_20140414,0.071641504,0.03619025593410863,rch_01
rch_01_20140415,0.094011776,0.03619025593410863,rch_01
rch_01_20140416,0.090330592,0.03619025593410863,rch_01
rch_01_20140417,0.071924672,0.03619025593410863,rch_01
rch_01_20140418,0.066261312,0.03619025593410863,rch_01
rch_01_20140419,0.074756352,0.03619025593410863,rch_01
rch_01_20140420,0.08211872,0.03619025593410863,rch_01
rch_01_20140421,0.07645536,0.03619025593410863,rch_01
rch_01_20140422,0.068526656,0.03619025593410863,rch_01
rch_01_20140423,0.053518752,0.03619025593410863,rch_01
rch_01_20140424,0.048704896,0.03619025593410863,rch_01
rch_01_20140425,0.047005888,0.03619025593410863,rch_01
rch_01_20140426,0.043041536,0.03619025593410863,rch_01
rch_01_20140427,0.0424752,0.03619025593410863,rch_01
rch_01_20140428,0.043607872,0.03619025593410863,rch_01
rch_01_20140429,0.036245504,0.03619025593410863,rch_01
rch_01_20140430,0.030865312,0.03619025593410863,rch_01
rch_01_20140501,0.03114848,0.03619025593410863,rch_01
rch_01_20140502,0.031997984,0.03619025593410863,rch_01
rch_01_20140503,0.02973264,0.03619025593410863,rch_01
rch_01_20140504,0.027467296,0.03619025593410863,rch_01
rch_01_20140505,0.026334624,0.03619025593410863,rch_01
rch_01_20140506,0.025768288,0.03619025593410863,rch_01
rch_01_20140507,0.026334624,0.03619025593410863,rch_01
rch_01_20140508,0.026334624,0.03619025593410863,rch_01
rch_01_20140509,0.088065248,0.03619025593410863,rch_01
rch_01_20140510,0.6654448,0.03619025593410863,rch_01
rch_01_20140511,0.158290912,0.03619025593410863,rch_01
rch_01_20140512,0.137053312,0.03619025593410863,rch_01
rch_01_20140513,39.926688,0.03619025593410863,rch_01
rch_01_20140514,2.6476208,0.03619025593410863,rch_01
rch_01_20140515,0.44457376,0.03619025593410863,rch_01
rch_01_20140516,0.2194552,0.03619025593410863,rch_01
rch_01_20140517,0.146397856,0.03619025593410863,rch_01
rch_01_20140518,0.108453344,0.03619025593410863,rch_01
rch_01_20140519,0.095427616,0.03619025593410863,rch_01
rch_01_20140520,0.0849504,0.03619025593410863,rch_01
rch_01_20140521,0.078437536,0.03619025593410863,rch_01
rch_01_20140522,0.069659328,0.03619025593410863,rch_01
rch_01_20140523,0.065978144,0.03619025593410863,rch_01
rch_01_20140524,0.083251392,0.03619025593410863,rch_01
rch_01_20140525,0.137902816,0.03619025593410863,rch_01
rch_01_20140526,12.7708768,0.03619025593410863,rch_01
rch_01_20140527,14.2716672,0.03619025593410863,rch_01
rch_01_20140528,1.98500768,0.03619025593410863,rch_01
rch_01_20140529,0.34829664,0.03619025593410863,rch_01
rch_01_20140530,0.201332448,0.03619025593410863,rch_01
rch_01_20140531,0.146397856,0.03619025593410863,rch_01
rch_01_20140601,0.111285024,0.03619025593410863,rch_01
rch_01_20140602,0.095710784,0.03619025593410863,rch_01
rch_01_20140603,0.085516736,0.03619025593410863,rch_01
rch_01_20140604,0.078154368,0.03619025593410863,rch_01
rch_01_20140605,0.07220784,0.03619025593410863,rch_01
rch_01_20140606,0.069942496,0.03619025593410863,rch_01
rch_01_20140607,0.061730624,0.03619025593410863,rch_01
rch_01_20140608,0.22228688,0.03619025593410863,rch_01
rch_01_20140609,1.87740384,0.03619025593410863,rch_01
rch_01_20140610,4.7855392,0.03619025593410863,rch_01
rch_01_20140611,0.63429632,0.03619025593410863,rch_01
rch_01_20140612,0.23219776,0.03619025593410863,rch_01
rch_01_20140613,3.3130656,0.03619025593410863,rch_01
rch_01_20140614,0.45873216,0.03619025593410863,rch_01
rch_01_20140615,0.176413664,0.03619025593410863,rch_01
rch_01_20140616,0.098825632,0.03619025593410863,rch_01
rch_01_20140617,0.07503952,0.03619025593410863,rch_01
rch_01_20140618,0.0637128,0.03619025593410863,rch_01
rch_01_20140619,0.058898944,0.03619025593410863,rch_01
rch_01_20140620,0.056350432,0.03619025593410863,rch_01
rch_01_20140621,0.050120736,0.03619025593410863,rch_01
rch_01_20140622,0.044740544,0.03619025593410863,rch_01
rch_01_20140623,0.041342528,0.03619025593410863,rch_01
rch_01_20140624,0.037944512,0.03619025593410863,rch_01
rch_01_20140625,27.4106624,0.03619025593410863,rch_01
rch_01_20140626,21.8888864,0.03619025593410863,rch_01
rch_01_20140627,2.67876928,0.03619025593410863,rch_01
rch_01_20140628,0.71358336,0.03619025593410863,rch_01
rch_01_20140629,0.39077184,0.03619025593410863,rch_01
rch_01_20140630,0.267876928,0.03619025593410863,rch_01
rch_01_20140701,0.216906688,0.03619025593410863,rch_01
rch_01_20140702,0.180944352,0.03619025593410863,rch_01
rch_01_20140703,0.158007744,0.03619025593410863,rch_01
rch_01_20140704,0.141584,0.03619025593410863,rch_01
rch_01_20140705,0.137619648,0.03619025593410863,rch_01
rch_01_20140706,0.33130656,0.03619025593410863,rch_01
rch_01_20140707,0.241825472,0.03619025593410863,rch_01
rch_01_20140708,0.131106784,0.03619025593410863,rch_01
rch_01_20140709,0.102506816,0.03619025593410863,rch_01
rch_01_20140710,0.080419712,0.03619025593410863,rch_01
rch_01_20140711,0.081552384,0.03619025593410863,rch_01
rch_01_20140712,0.07503952,0.03619025593410863,rch_01
rch_01_20140713,0.071075168,0.03619025593410863,rch_01
rch_01_20140714,0.066827648,0.03619025593410863,rch_01
rch_01_20140715,0.06937616,0.03619025593410863,rch_01
rch_01_20140716,0.058332608,0.03619025593410863,rch_01
rch_01_20140717,0.213225504,0.03619025593410863,rch_01
rch_01_20140718,24.2674976,0.03619025593410863,rch_01
rch_01_20140719,3.0015808,0.03619025593410863,rch_01
rch_01_20140720,0.37661344,0.03619025593410863,rch_01
rch_01_20140721,0.062863296,0.03619025593410863,rch_01
rch_01_20140722,0.024635616,0.03619025593410863,rch_01
rch_01_20140723,0.015857408,0.03619025593410863,rch_01
rch_01_20140724,0.012176224,0.03619025593410863,rch_01
rch_01_20140725,0.010194048,0.03619025593410863,rch_01
rch_01_20140726,0.007928704,0.03619025593410863,rch_01
rch_01_20140727,0.00566336,0.03619025593410863,rch_01
rch_01_20140728,0.00424752,0.03619025593410863,rch_01
rch_01_20140729,0.003114848,0.03619025593410863,rch_01
rch_01_20140730,0.00283168,0.03619025593410863,rch_01
rch_01_20140731,0.00283168,0.03619025593410863,rch_01
rch_01_20140801,0.00283168,0.03619025593410863,rch_01
rch_01_20140802,0.002265344,0.03619025593410863,rch_01
rch_01_20140803,0.00141584,0.03619025593410863,rch_01
rch_01_20140804,0.001132672,0.03619025593410863,rch_01
rch_01_20140805,0.001132672,0.03619025593410863,rch_01
rch_01_20140806,0.000849504,0.03619025593410863,rch_01
rch_01_20140807,0.000566336,0.03619025593410863,rch_01
rch_01_20140808,0.000566336,0.03619025593410863,rch_01
rch_01_20140809,0.000566336,0.03619025593410863,rch_01
rch_01_20140810,0.000283168,0.03619025593410863,rch_01
rch_01_20140811,0.000283168,0.03619025593410863,rch_01
rch_01_20140812,0.000283168,0.03619025593410863,rch_01
rch_01_20140813,0.14441568,0.03619025593410863,rch_01
rch_01_20140814,0.010477216,0.03619025593410863,rch_01
rch_01_20140815,0.001982176,0.03619025593410863,rch_01
rch_01_20140816,0.000849504,0.03619025593410863,rch_01
rch_01_20140817,0.000566336,0.03619025593410863,rch_01
rch_01_20140818,0.000283168,0.03619025593410863,rch_01
rch_01_20140819,0.0,0.03619025593410863,rch_01
rch_01_20140820,0.0,0.03619025593410863,rch_01
rch_01_20140821,0.0,0.03619025593410863,rch_01
rch_01_20140822,0.0,0.03619025593410863,rch_01
rch_01_20140823,0.0,0.03619025593410863,rch_01
rch_01_20140824,0.0,0.03619025593410863,rch_01
rch_01_20140825,0.0,0.03619025593410863,rch_01
rch_01_20140826,0.0,0.03619025593410863,rch_01
rch_01_20140827,0.0849504,0.03619025593410863,rch_01
rch_01_20140828,0.015291072,0.03619025593410863,rch_01
rch_01_20140829,0.002548512,0.03619025593410863,rch_01
rch_01_20140830,0.001132672,0.03619025593410863,rch_01
rch_01_20140831,0.000566336,0.03619025593410863,rch_01
rch_01_20140901,0.000283168,0.03619025593410863,rch_01
rch_01_20140902,0.0,0.03619025593410863,rch_01
rch_01_20140903,0.0,0.03619025593410863,rch_01
rch_01_20140904,0.011043552,0.03619025593410863,rch_01
rch_01_20140905,0.046439552,0.03619025593410863,rch_01
rch_01_20140906,0.017556416,0.03619025593410863,rch_01
rch_01_20140907,0.004530688,0.03619025593410863,rch_01
rch_01_20140908,0.001699008,0.03619025593410863,rch_01
rch_01_20140909,0.000849504,0.03619025593410863,rch_01
rch_01_20140910,0.000566336,0.03619025593410863,rch_01
rch_01_20140911,0.000283168,0.03619025593410863,rch_01
rch_01_20140912,0.0,0.03619025593410863,rch_01
rch_01_20140913,0.0,0.03619025593410863,rch_01
rch_01_20140914,0.0,0.03619025593410863,rch_01
rch_01_20140915,0.0,0.03619025593410863,rch_01
rch_01_20140916,0.0,0.03619025593410863,rch_01
rch_01_20140917,0.000283168,0.03619025593410863,rch_01
rch_01_20140918,0.00566336,0.03619025593410863,rch_01
rch_01_20140919,0.023786112,0.03619025593410863,rch_01
rch_01_20140920,0.003398016,0.03619025593410863,rch_01
rch_01_20140921,0.003114848,0.03619025593410863,rch_01
rch_01_20140922,0.00283168,0.03619025593410863,rch_01
rch_01_20140923,0.000849504,0.03619025593410863,rch_01
rch_01_20140924,0.000283168,0.03619025593410863,rch_01
rch_01_20140925,0.0,0.03619025593410863,rch_01
rch_01_20140926,0.01982176,0.03619025593410863,rch_01
rch_01_20140927,0.5804944,0.03619025593410863,rch_01
rch_01_20140928,0.226817568,0.03619025593410863,rch_01
rch_01_20140929,0.05946528,0.03619025593410863,rch_01
rch_01_20140930,0.02406928,0.03619025593410863,rch_01
rch_01_20141001,0.013025728,0.03619025593410863,rch_01
rch_01_20141002,0.007928704,0.03619025593410863,rch_01
rch_01_20141003,0.0070792,0.03619025593410863,rch_01
rch_01_20141004,0.005097024,0.03619025593410863,rch_01
rch_01_20141005,0.003964352,0.03619025593410863,rch_01
rch_01_20141006,0.003398016,0.03619025593410863,rch_01
rch_01_20141007,0.00283168,0.03619025593410863,rch_01
rch_01_20141008,0.002548512,0.03619025593410863,rch_01
rch_01_20141009,0.001982176,0.03619025593410863,rch_01
rch_01_20141010,0.001982176,0.03619025593410863,rch_01
rch_01_20141011,0.34546496,0.03619025593410863,rch_01
rch_01_20141012,0.4530688,0.03619025593410863,rch_01
rch_01_20141013,0.08211872,0.03619025593410863,rch_01
rch_01_20141014,0.024635616,0.03619025593410863,rch_01
rch_01_20141015,0.011609888,0.03619025593410863,rch_01
rch_01_20141016,0.0070792,0.03619025593410863,rch_01
rch_01_20141017,0.005380192,0.03619025593410863,rch_01
rch_01_20141018,0.005097024,0.03619025593410863,rch_01
rch_01_20141019,0.005097024,0.03619025593410863,rch_01
rch_01_20141020,0.004530688,0.03619025593410863,rch_01
rch_01_20141021,0.00424752,0.03619025593410863,rch_01
rch_01_20141022,0.003964352,0.03619025593410863,rch_01
rch_01_20141023,0.003681184,0.03619025593410863,rch_01
rch_01_20141024,0.003114848,0.03619025593410863,rch_01
rch_01_20141025,0.00283168,0.03619025593410863,rch_01
rch_01_20141026,0.002548512,0.03619025593410863,rch_01
rch_01_20141027,0.002548512,0.03619025593410863,rch_01
rch_01_20141028,0.002548512,0.03619025593410863,rch_01
rch_01_20141029,0.00283168,0.03619025593410863,rch_01
rch_01_20141030,0.004530688,0.03619025593410863,rch_01
rch_01_20141031,0.66261312,0.03619025593410863,rch_01
rch_01_20141101,0.144132512,0.03619025593410863,rch_01
rch_01_20141102,0.0424752,0.03619025593410863,rch_01
rch_01_20141103,0.01982176,0.03619025593410863,rch_01
rch_01_20141104,0.4389104,0.03619025593410863,rch_01
rch_01_20141105,37.661344,0.03619025593410863,rch_01
rch_01_20141106,29.166304,0.03619025593410863,rch_01
rch_01_20141107,2.63629408,0.03619025593410863,rch_01
rch_01_20141108,0.59748448,0.03619025593410863,rch_01
rch_01_20141109,0.249754176,0.03619025593410863,rch_01
rch_01_20141110,0.156591904,0.03619025593410863,rch_01
rch_01_20141111,0.1203464,0.03619025593410863,rch_01
rch_01_20141112,0.095144448,0.03619025593410863,rch_01
rch_01_20141113,0.084384064,0.03619025593410863,rch_01
rch_01_20141114,0.079570208,0.03619025593410863,rch_01
rch_01_20141115,0.080986048,0.03619025593410863,rch_01
rch_01_20141116,0.082968224,0.03619025593410863,rch_01
rch_01_20141117,0.074190016,0.03619025593410863,rch_01
rch_01_20141118,0.090330592,0.03619025593410863,rch_01
rch_01_20141119,0.077021696,0.03619025593410863,rch_01
rch_01_20141120,0.071358336,0.03619025593410863,rch_01
rch_01_20141121,0.132239456,0.03619025593410863,rch_01
rch_01_20141122,3.7378176,0.03619025593410863,rch_01
rch_01_20141123,21.8888864,0.03619025593410863,rch_01
rch_01_20141124,1.5998992,0.03619025593410863,rch_01
rch_01_20141125,0.38794016,0.03619025593410863,rch_01
rch_01_20141126,0.228516576,0.03619025593410863,rch_01
rch_01_20141127,0.17556416,0.03619025593410863,rch_01
rch_01_20141128,0.14724736,0.03619025593410863,rch_01
rch_01_20141129,0.131389952,0.03619025593410863,rch_01
rch_01_20141130,0.122611744,0.03619025593410863,rch_01
rch_01_20141201,0.105621664,0.03619025593410863,rch_01
rch_01_20141202,0.109586016,0.03619025593410863,rch_01
rch_01_20141203,0.11893056,0.03619025593410863,rch_01
rch_01_20141204,0.105904832,0.03619025593410863,rch_01
rch_01_20141205,0.111001856,0.03619025593410863,rch_01
rch_01_20141206,0.123461248,0.03619025593410863,rch_01
rch_01_20141207,0.134221632,0.03619025593410863,rch_01
rch_01_20141208,0.096560288,0.03619025593410863,rch_01
rch_01_20141209,0.088914752,0.03619025593410863,rch_01
rch_01_20141210,0.086932576,0.03619025593410863,rch_01
rch_01_20141211,0.102506816,0.03619025593410863,rch_01
rch_01_20141212,0.19397008,0.03619025593410863,rch_01
rch_01_20141213,0.1911384,0.03619025593410863,rch_01
rch_01_20141214,0.149229536,0.03619025593410863,rch_01
rch_01_20141215,0.105055328,0.03619025593410863,rch_01
rch_01_20141216,0.085233568,0.03619025593410863,rch_01
rch_01_20141217,0.080419712,0.03619025593410863,rch_01
rch_01_20141218,0.080136544,0.03619025593410863,rch_01
rch_01_20141219,0.80986048,0.03619025593410863,rch_01
rch_01_20141220,0.30015808,0.03619025593410863,rch_01
rch_01_20141221,0.145265184,0.03619025593410863,rch_01
rch_01_20141222,0.10052464,0.03619025593410863,rch_01
rch_01_20141223,0.080136544,0.03619025593410863,rch_01
rch_01_20141224,0.068809824,0.03619025593410863,rch_01
rch_01_20141225,0.062580128,0.03619025593410863,rch_01
rch_01_20141226,0.06229696,0.03619025593410863,rch_01
rch_01_20141227,0.064845472,0.03619025593410863,rch_01
rch_01_20141228,0.11468304,0.03619025593410863,rch_01
rch_01_20141229,0.224269056,0.03619025593410863,rch_01
rch_01_20141230,0.131106784,0.03619025593410863,rch_01
rch_01_20141231,0.098542464,0.03619025593410863,rch_01
