                                  MODFLOW-NWT      
      U.S. GEOLOGICAL SURVEY MODULAR FINITE-DIFFERENCE GROUNDWATER-FLOW MODEL
                            VERSION 1.0.5 05/14/2012
                    BASED ON MODFLOW-2005 VERSION 1.9.01 05/01/2012

 LIST FILE: modflow.list
                         UNIT 5002

 OPENING modflow.dis
 FILE TYPE:DIS   UNIT 5011   STATUS:OLD    
 FORMAT:FORMATTED              ACCESS:SEQUENTIAL          

 OPENING modflow.bas
 FILE TYPE:BAS6   UNIT 5013   STATUS:OLD    
 FORMAT:FORMATTED              ACCESS:SEQUENTIAL          

 OPENING modflow.nwt
 FILE TYPE:NWT   UNIT 5032   STATUS:OLD    
 FORMAT:FORMATTED              ACCESS:SEQUENTIAL          
#UPW	5031	modflow.upw                                                                                                                                                                                                                                                                                       

 OPENING modflow.pp.upw
 FILE TYPE:UPW   UNIT 5031   STATUS:OLD    
 FORMAT:FORMATTED              ACCESS:SEQUENTIAL          

 OPENING modflow.riv
 FILE TYPE:RIV   UNIT 5018   STATUS:OLD    
 FORMAT:FORMATTED              ACCESS:SEQUENTIAL          

 OPENING modflow.rch
 FILE TYPE:RCH   UNIT 5019   STATUS:OLD    
 FORMAT:FORMATTED              ACCESS:SEQUENTIAL          

 OPENING modflow.oc
 FILE TYPE:OC   UNIT 5014   STATUS:OLD    
 FORMAT:FORMATTED              ACCESS:SEQUENTIAL          

 OPENING modflow.hds
 FILE TYPE:DATA(BINARY)   UNIT 5051   STATUS:UNKNOWN
 FORMAT:BINARY                 ACCESS:SEQUENTIAL          

 BAS -- BASIC PACKAGE, VERSION 7, 5/2/2005 INPUT READ FROM UNIT 5013
 
 MODFLOW was compiled using mixed precision
 Precision of REAL variables:           6
 Precision of DOUBLE PRECISION variables:          15

 DISCRETIZATION INPUT DATA READ FROM UNIT 5011
 # DIS package for MODFLOW-NWT generated by Flopy 3.3.0
    1 LAYERS       104 ROWS        73 COLUMNS
    1 STRESS PERIOD(S) IN SIMULATION
 MODEL TIME UNIT IS DAYS
 MODEL LENGTH UNIT IS METERS
  Confining bed flag for each layer:
   0

                     DELR =   400.000    

                     DELC =   400.000    



           TOP ELEVATION OF LAYER 1
 READING ON UNIT 5011 WITH FORMAT: (73E15.6)           



             MODEL LAYER BOTTOM EL. FOR LAYER   1
 READING ON UNIT 5011 WITH FORMAT: (73E15.6)           


 STRESS PERIOD     LENGTH       TIME STEPS     MULTIPLIER FOR DELT    SS FLAG
 ----------------------------------------------------------------------------
        1         7038.000       7038                    1.000         TR

 TRANSIENT SIMULATION



 
 # BAS6 package for MODFLOW-NWT generated by Flopy 3.3.0                         
 THE FREE FORMAT OPTION HAS BEEN SELECTED



                     BOUNDARY ARRAY FOR LAYER   1
 READING ON UNIT 5013 WITH FORMAT: (73I10)             

 AQUIFER HEAD WILL BE SET TO  -999.99     AT ALL NO-FLOW NODES (IBOUND=0).



                       INITIAL HEAD FOR LAYER   1
 READING ON UNIT 5013 WITH FORMAT: (73E15.6)           
 # Output Control file, modified by QSWATMOD2 plugin version 2.10.0. - 01/14/26 10:06:32 -
 # OC package for MODFLOW-NWT generated by Flopy 3.3.0

 OUTPUT CONTROL IS SPECIFIED ONLY AT TIME STEPS FOR WHICH OUTPUT IS DESIRED
 COMPACT CELL-BY-CELL BUDGET FILES WILL BE WRITTEN
 AUXILIARY DATA WILL BE SAVED IN CELL-BY-CELL BUDGET FILES
 HEAD PRINT FORMAT CODE IS   1    DRAWDOWN PRINT FORMAT CODE IS   0
 HEADS WILL BE SAVED ON UNIT 5051    DRAWDOWNS WILL BE SAVED ON UNIT    0
 # NWT package for MODFLOW-NWT generated by Flopy 3.3.0

 NWT1 -- Newton Solver, VERSION 1.0.6, 12/05/2012
         INPUT READ FROM UNIT***

 COMPLEX OPTION:
 DEFAULT SOLVER INPUT VALUES REFLECT STRONGLY NONLINEAR MODEL
 ***XMD linear solver will be used***
 
   CONVERGENCE CRITERION OF   0.100000E+00 FOR HEAD SOLUTION
   AND A TOLERANCE OF   0.500000E+03 FOR FLOW SOLUTION AND 
   A MAXIMUM OF  1000 OUTER ITERATIONS. 


   D-B-D REDUCTION FACTOR OF    0.850000E+00 AND 
   A D-B-D INCREASE FACTOR OF    0.100000E-04 AND 
   A D-B-D RELAXATION OF    0.000000E+00 AND 
   A MOMENTUM FACTOR OF    0.100000E+00 .


   BACKTRACKING IS ACTIVE 
   THE MAXIMUM NUMBER OF BACKTRACKS IS    50 AND 
   THE BACKTRACKING TOLERANCE IS    0.110000E+01 AND
   THE BACKTRACKING REDUCTION FACTOR IS    0.700000E+00

 XMD -- LINEAR SOLUTION BY XMD PACKAGE VERSION 1.30
     BY MOTOMU IBARAKI, OHIO STATE UNIVERSITY, COLOMBUS, OH
                 INPUT READ FROM UNIT***
 ACCELERATION METHOD                    (IACL) =         2
 NODE ORDERING FLAG                   (NORDER) =         1
 LEVEL OF FILL                         (LEVEL) =         5
 MAXIMUM NUMBER OF ORTHOGONALIZATIONS  (NORTH) =         7
 INDEX FOR USING REDUCED SYSTEM      (IREDSYS) =         1
 RESID. REDUCTION CONVERGE CRITERION  (RRCTOL) =  0.000000E+00
 INDEX FOR USING DROP TOLERANCE     (IDROPTOL) =         1
 DROP TOLERANCE VALUE                  (EPSRN) =  0.100000E-04
 CONVERGENCE CRITERIA OF           (HCLOSEXMD) =  0.100000E-04
 MAX. NUMBER OF LINEAR ITERATIONS  (MXITERXMD) =        50


 UPW1 -- UPSTREAM WEIGHTING FLOW PACKAGE, VERSION 1.0.6, 12/05/2012
         INPUT READ FROM UNIT***

 # UPW package for MODFLOW-NWT generated by Flopy 3.3.0
 No named parameters

   LAYER FLAGS:
 LAYER       LAYTYP          LAYAVG    CHANI           LAYVKA           LAYWET
 ---------------------------------------------------------------------------
    1             1             0    -1.000E+00             1             0

   INTERPRETATION OF LAYER FLAGS:
                        INTERBLOCK     HORIZONTAL    DATA IN
         LAYER TYPE   TRANSMISSIVITY   ANISOTROPY   ARRAY VKA   WETTABILITY
 LAYER   (LAYTYP)        (LAYAVG)      (CHANI)     (LAYVKA)       (LAYWET)
 ---------------------------------------------------------------------------
    1   CONVERTIBLE      HARMONIC      VARIABLE    ANISOTROPY  NON-WETTABLE

 OPENING FILE ON UNIT   99:
 .\hk0pp.var.ref                                                                                                                                                                                         



              HYD. COND. ALONG ROWS FOR LAYER   1
 READING ON UNIT   99 WITH FORMAT: (FREE)              

           1          2          3          4          5          6          7          8          9         10         11
          12         13         14         15         16         17         18         19         20         21         22
          23         24         25         26         27         28         29         30         31         32         33
          34         35         36         37         38         39         40         41         42         43         44
          45         46         47         48         49         50         51         52         53         54         55
          56         57         58         59         60         61         62         63         64         65         66
          67         68         69         70         71         72         73
 .........................................................................................................................
   1    18.0       18.0       18.0       18.0       18.0       18.0       18.0       18.0       18.0       18.0       18.0    
        18.0       18.0       18.0       18.0       18.0       18.0       18.0       18.0       18.0       18.0       18.0    
        18.0       18.0       18.0       18.0       18.0       18.0       18.0       18.0       18.0       18.0       18.0    
        18.0       18.0       18.0       18.0       18.0       18.0       18.0       18.0       18.0       18.0       18.0    
        18.0       18.0       18.0       18.0       18.0       18.0       18.0       18.0       18.0       18.0       18.0    
        18.0       18.0       18.0       18.0       18.0       18.0       18.0       18.0       18.0       18.0       18.0    
        18.0       18.0       18.0       18.0       18.0       18.0       18.0    
   2    18.0       18.0       18.0       18.0       18.0       18.0       18.0       18.0       18.0       18.0       18.0    
        18.0       18.0       18.0       18.0       18.0       18.0       18.0       18.0       18.0       18.0       18.0    
        18.0       18.0       18.0       18.0       18.0       18.0       18.0       18.0       18.0       18.0       18.0    
        18.0       18.0       18.0       18.0       18.0       18.0       18.0       18.0       18.0       18.0       18.0    
        18.0       18.1       18.0       18.0       18.0       18.0       18.0       18.0       18.0       18.0       18.0    
        18.0       18.0       18.0       18.0       18.0       18.0       18.0       18.0       18.0       18.0       18.0    
        18.0       18.0       18.0       18.0       18.0       18.0       18.0    
   3    18.0       18.0       18.0       18.0       18.0       18.0       18.0       18.0       18.0       18.0       18.0    
        18.0       18.0       18.0       18.0       18.0       18.0       18.0       18.0       18.0       18.0       18.0    
        18.0       18.0       18.0       18.0       18.0       18.0       18.0       18.0       18.0       18.0       18.0    
        18.0       18.0       18.0       18.0       18.0       18.0       18.0       18.0       18.0       18.1       18.1    
        18.1       18.1       18.1       18.1       18.1       18.0       18.0       18.0       18.0       18.0       18.0    
        18.0       18.0       18.0       18.0       18.0       18.0       18.0       18.0       18.0       18.0       18.0    
        18.0       18.0       18.0       18.0       18.0       18.0       18.0    
   4    18.0       18.0       18.0       18.0       18.0       18.0       18.0       18.0       18.0       18.0       18.0    
        18.0       18.0       18.0       18.0       18.0       18.0       18.0       18.0       18.0       18.0       18.0    
        18.0       18.0       18.0       18.0       18.0       18.0       18.0       18.0       18.0       18.0       18.0    
        18.0       18.0       18.0       18.0       18.0       18.0       18.0       18.0       18.1       18.1       18.1    
        18.1       18.1       18.1       18.1       18.1       18.1       18.0       18.0       18.0       18.0       18.0    
        18.0       18.0       18.0       18.0       18.0       18.0       18.0       18.0       18.0       18.0       18.0    
        18.0       18.0       18.0       18.0       18.0       18.0       18.0    
   5    18.0       18.0       18.0       18.0       18.0       18.0       18.0       18.0       18.0       18.0       18.0    
        18.0       18.0       18.0       18.0       18.0       18.0       18.0       18.0       18.0       18.0       18.0    
        18.0       18.0       18.0       18.0       18.0       18.0       18.0       18.0       18.0       18.0       18.0    
        18.0       18.0       18.0       18.0       18.0       18.0       18.0       18.1       18.1       18.1       18.1    
        18.1       18.1       18.1       18.1       18.1       18.1       18.1       18.0       18.0       18.0       18.0    
        18.0       18.0       18.0       18.0       18.0       18.0       18.0       18.0       18.0       18.0       18.0    
        18.0       18.0       18.0       18.0       18.0       18.0       18.0    
   6    18.0       18.0       18.0       18.0       18.0       18.0       18.0       18.0       18.0       18.0       18.0    
        18.0       18.0       18.0       18.0       18.0       18.0       18.0       18.0       18.0       18.0       18.0    
        18.0       18.0       18.0       18.0       18.0       18.0       18.0       18.0       18.0       18.0       18.0    
        18.0       18.0       18.0       18.0       18.0       18.0       18.1       18.1       18.1       18.1       18.1    
        18.1       18.1       18.1       18.1       18.1       18.1       18.1       18.1       18.0       18.0       18.0    
        18.0       18.0       18.0       18.0       18.0       18.0       18.0       18.0       18.0       18.0       18.0    
        18.0       18.0       18.0       18.0       18.0       18.0       18.0    
   7    18.0       18.0       18.0       18.0       18.0       18.0       18.0       18.0       18.0       18.0       18.0    
        18.0       18.0       18.0       18.0       18.0       18.0       18.0       18.0       18.0       18.0       18.0    
        18.0       18.0       18.0       18.0       18.0       18.0       18.0       18.0       18.0       18.0       18.0    
        18.0       18.0       18.0       18.0       18.0       18.0       18.1       18.1       18.1       18.1       18.1    
        18.1       18.1       18.1       18.1       18.1       18.1       18.1       18.1       18.0       18.0       18.0    
        18.0       18.0       18.0       18.0       18.0       18.0       18.0       18.0       18.0       18.0       18.0    
        18.0       18.0       18.0       18.0       18.0       18.0       18.0    
   8    18.0       18.0       18.0       18.0       18.0       18.0       18.0       18.0       18.0       18.0       18.0    
        18.0       18.0       18.0       18.0       18.0       18.0       18.0       18.0       18.0       18.0       18.0    
        18.0       18.0       18.0       18.0       18.0       18.0       18.0       18.0       18.0       18.0       18.0    
        18.0       18.0       18.0       18.0       18.0       18.0       18.1       18.1       18.1       18.1       18.1    
        18.1       18.1       18.1       18.1       18.1       18.1       18.1       18.1       18.1       18.0       18.0    
        18.0       18.0       18.0       18.0       18.0       18.0       18.0       18.0       18.0       18.0       18.0    
        18.0       18.0       18.0       18.0       18.0       18.0       18.0    
   9    18.0       18.0       18.0       18.0       18.0       18.0       18.0       18.0       18.0       18.0       18.0    
        18.0       18.0       18.0       18.0       18.0       18.0       18.0       18.0       18.0       18.0       18.0    
        18.0       18.0       18.0       18.0       18.0       18.0       18.0       18.0       18.0       18.0       18.0    
        18.0       18.0       18.0       18.0       18.0       18.1       18.1       18.1       18.1       18.1       18.1    
        18.1       18.1       18.1       18.1       18.1       18.1       18.1       18.1       18.1       18.0       18.0    
        18.0       18.0       18.0       18.0       18.0       18.0       18.0       18.0       18.0       18.0       18.0    
        18.0       18.0       18.0       18.0       18.0       18.0       18.0    
  10    18.0       18.0       18.0       18.0       18.0       18.0       18.0       18.0       18.0       18.0       18.0    
        18.0       18.0       18.0       18.0       18.0       18.0       18.0       18.0       18.0       18.0       18.0    
        18.0       18.0       18.0       18.0       18.0       18.0       18.0       18.0       18.0       18.0       18.0    
        18.0       18.0       18.0       18.0       18.0       18.1       18.1       18.1       18.1       18.1       18.1    
        18.1       18.1       18.1       18.1       18.1       18.1       18.1       18.1       18.1       18.0       18.0    
        18.0       18.0       18.0       18.0       18.0       18.0       18.0       18.0       18.0       18.0       18.0    
        18.0       18.0       18.0       18.0       18.0       18.0       18.0    
  11    18.0       18.0       18.0       18.0       18.0       18.0       18.0       18.0       18.0       18.0       18.0    
        18.0       18.0       18.0       18.0       18.0       18.0       18.0       18.0       18.0       18.0       18.0    
        18.0       18.0       18.0       18.0       18.0       18.0       18.0       18.0       18.0       18.0       18.0    
        18.0       18.0       18.0       18.0       18.0       18.1       18.1       18.1       18.1       18.1       18.1    
        18.1       18.1       18.1       18.1       18.1       18.1       18.1       18.1       18.1       18.0       18.0    
        18.0       18.0       18.0       18.0       18.0       18.0       18.0       18.0       18.0       18.0       18.0    
        18.0       18.0       18.0       18.0       18.0       18.0       18.0    
  12    18.0       18.0       18.0       18.0       18.0       18.0       18.0       18.0       18.0       18.0       18.0    
        18.0       18.0       18.0       18.0       18.0       18.0       18.0       18.0       18.0       18.0       18.0    
        18.0       18.0       18.0       18.0       18.0       18.0       18.0       18.0       18.0       18.0       18.0    
        18.0       18.0       18.0       18.0       18.0       18.1       18.1       18.1       18.1       18.1       18.1    
        18.1       18.1       18.1       18.1       18.1       18.1       18.1       18.1       18.1       18.0       18.0    
        18.0       18.0       18.0       18.0       18.0       18.0       18.0       18.0       18.0       18.0       18.0    
        18.0       18.0       18.0       18.0       18.0       18.0       18.0    
  13    18.0       18.0       18.0       18.0       18.0       18.0       18.0       18.0       18.0       18.0       18.0    
        18.0       18.0       18.0       18.0       18.0       18.0       18.0       18.0       18.0       18.0       18.0    
        18.0       18.0       18.0       18.0       18.0       18.0       18.0       18.0       18.0       18.0       18.0    
        18.0       18.0       18.0       18.0       18.0       18.1       18.1       18.1       18.1       18.1       18.1    
        18.1       18.1       18.1       18.1       18.1       18.1       18.1       18.1       18.1       18.0       18.0    
        18.0       18.0       18.0       18.0       18.0       18.0       18.0       18.0       18.0       18.0       18.0    
        18.0       18.0       18.0       18.0       18.0       18.0       18.0    
  14    18.0       18.0       18.0       18.0       18.0       18.0       18.0       18.0       18.0       18.0       18.0    
        18.0       18.0       18.0       18.0       18.0       18.0       18.0       18.0       18.0       18.0       18.0    
        18.0       18.0       18.0       18.0       18.0       18.0       18.0       18.0       18.0       18.0       18.0    
        18.0       18.0       18.0       18.0       18.0       18.1       18.1       18.1       18.1       18.1       18.1    
        18.1       18.1       18.1       18.1       18.1       18.1       18.1       18.1       18.1       18.0       18.0    
        18.0       18.0       18.0       18.0       18.0       18.0       18.0       18.0       18.0       18.0       18.0    
        18.0       18.0       18.0       18.0       18.0       18.0       18.0    
  15    18.0       18.0       18.0       18.0       18.0       18.0       18.0       18.0       18.0       18.0       18.0    
        18.0       18.0       18.0       18.0       18.0       18.0       18.0       18.0       18.0       18.0       18.0    
        18.0       18.0       18.0       18.0       18.0       18.0       18.0       18.0       18.0       18.0       18.0    
        18.0       18.0       18.0       18.0       18.0       18.1       18.1       18.1       18.1       18.1       18.1    
        18.2       18.2       18.2       18.1       18.1       18.1       18.1       18.1       18.1       18.0       18.0    
        18.0       18.0       18.0       18.0       18.0       18.0       18.0       18.0       18.0       18.0       18.0    
        18.0       18.0       18.0       18.0       18.0       18.0       18.0    
  16    18.0       18.0       18.0       18.0       18.0       18.0       18.0       18.0       18.0       18.0       18.0    
        18.0       18.0       18.0       18.0       18.0       18.0       18.0       18.0       18.0       18.0       18.0    
        18.0       18.0       18.0       18.0       18.0       18.0       18.0       18.0       18.0       18.0       18.0    
        18.0       18.0       18.0       18.0       18.0       18.0       18.1       18.1       18.1       18.1       18.1    
        18.2       18.2       18.2       18.1       18.1       18.1       18.1       18.1       18.0       18.0       18.0    
        18.0       18.0       18.0       18.0       18.0       18.0       18.0       18.0       18.0       18.0       18.0    
        18.0       18.0       18.0       18.0       18.0       18.0       18.0    
  17    18.0       18.0       18.0       18.0       18.0       18.0       18.0       18.0       18.0       18.0       18.0    
        18.0       18.0       18.0       18.0       18.0       18.0       18.0       18.0       18.0       18.0       18.0    
        18.0       18.0       18.0       18.0       18.0       18.0       18.0       18.0       18.0       18.0       18.0    
        18.0       18.0       18.0       18.0       18.0       18.0       18.1       18.1       18.1       18.1       18.1    
        18.1       18.2       18.1       18.1       18.1       18.1       18.1       18.1       18.0       18.0       18.0    
        18.0       18.0       18.0       18.0       18.0       18.0       18.0       18.0       18.0       18.0       18.0    
        18.0       18.0       18.0       18.0       18.0       18.0       18.0    
  18    18.0       18.0       18.0       18.0       18.0       18.0       18.0       18.0       18.0       18.0       18.0    
        18.0       18.0       18.0       18.0       18.0       18.0       18.0       18.0       18.0       18.0       18.0    
        18.0       18.0       18.0       18.0       18.0       18.0       18.0       18.0       18.0       18.0       18.0    
        18.0       18.0       18.0       18.0       18.0       18.0       18.1       18.1       18.1       18.1       18.1    
        18.1       18.1       18.1       18.1       18.1       18.1       18.1       18.1       18.0       18.0       18.0    
        18.0       18.0       18.0       18.0       18.0       18.0       18.0       18.0       18.0       18.0       18.0    
        18.0       18.0       18.0       18.0       18.0       18.0       18.0    
  19    18.0       18.0       18.0       18.0       18.0       18.0       18.0       18.0       18.0       18.0       18.0    
        18.0       18.0       18.0       18.0       18.0       18.0       18.0       18.0       18.0       18.0       18.0    
        18.0       18.0       18.0       18.0       18.0       18.0       18.0       18.0       18.0       18.0       18.0    
        18.0       18.0       18.0       18.0       18.0       18.0       18.0       18.1       18.1       18.1       18.1    
        18.1       18.1       18.1       18.1       18.1       18.1       18.1       18.0       18.0       18.0       18.0    
        18.0       18.0       18.0       18.0       18.0       18.0       18.0       18.0       18.0       18.0       18.0    
        18.0       18.0       18.0       18.0       18.0       18.0       18.0    
  20    18.0       18.0       18.0       18.0       18.0       18.0       18.0       18.0       18.0       18.0       18.0    
        18.0       18.0       18.0       18.0       18.0       18.0       18.0       18.0       18.0       18.0       18.0    
        18.0       18.0       18.0       18.0       18.0       18.0       18.0       18.0       18.0       18.0       18.0    
        18.0       18.0       18.0       18.0       18.0       18.0       18.0       18.1       18.1       18.1       18.1    
        18.1       18.1       18.1       18.1       18.1       18.1       18.1       18.0       18.0       18.0       18.0    
        18.0       18.0       18.0       18.0       18.0       18.0       18.0       18.0       18.0       18.0       18.0    
        18.0       18.0       18.0       18.0       18.0       18.0       18.0    
  21    18.0       18.0       18.0       18.0       18.0       18.0       18.0       18.0       18.0       18.0       18.0    
        18.0       18.0       18.0       18.0       18.0       18.0       18.0       18.0       18.0       18.0       18.0    
        18.0       18.0       18.0       18.0       18.0       18.0       18.0       18.0       18.0       18.0       18.0    
        18.0       18.0       18.0       18.0       18.0       18.0       18.0       18.0       18.1       18.1       18.1    
        18.1       18.1       18.1       18.1       18.1       18.1       18.0       18.0       18.0       18.0       18.0    
        18.0       18.0       18.0       18.0       18.0       18.0       18.0       18.0       18.0       18.0       18.0    
        18.0       18.0       18.0       18.0       18.0       18.0       18.0    
  22    18.0       18.0       18.0       18.0       18.0       18.0       18.0       18.0       18.0       18.0       18.0    
        18.0       18.0       18.0       18.0       18.0       18.0       18.0       18.0       18.0       18.0       18.0    
        18.0       18.0       18.0       18.0       18.0       18.0       18.0       18.0       18.0       18.0       18.0    
        18.0       18.0       18.0       18.0       18.0       18.0       18.0       18.0       18.0       18.0       18.1    
        18.1       18.1       18.1       18.1       18.0       18.0       18.0       18.0       18.0       18.0       18.0    
        18.0       18.0       18.0       18.0       18.0       18.0       18.0       18.0       18.0       18.0       18.0    
        18.0       18.0       18.0       18.0       18.0       18.0       18.0    
  23    18.0       18.0       18.0       18.0       18.0       18.0       18.0       18.0       18.0       18.0       18.0    
        18.0       18.0       18.0       18.0       18.0       18.0       18.0       18.0       18.0       18.0       18.0    
        18.0       18.0       18.0       18.0       18.0       18.0       18.0       18.0       18.0       18.0       18.0    
        18.0       18.0       18.0       18.0       18.0       18.0       18.0       18.0       18.0       18.0       18.0    
        18.0       18.0       18.0       18.0       18.0       18.0       18.0       18.0       18.0       18.0       18.0    
        18.0       18.0       18.0       18.0       18.0       18.0       18.0       18.0       18.0       18.0       18.0    
        18.0       18.0       18.0       18.0       18.0       18.0       18.0    
  24    18.0       18.0       18.0       18.0       18.0       18.0       18.0       18.0       18.0       18.0       18.0    
        18.0       18.0       18.0       18.0       18.0       18.0       18.0       18.0       18.0       18.0       18.0    
        18.0       18.0       18.0       18.0       18.0       18.0       18.0       18.0       18.0       18.0       18.0    
        18.0       18.0       18.0       18.0       18.0       18.0       18.0       18.0       18.0       18.0       18.0    
        18.0       18.0       18.0       18.0       18.0       18.0       18.0       18.0       18.0       18.0       18.0    
        18.0       18.0       18.0       18.0       18.0       18.0       18.0       18.0       18.0       18.0       18.0    
        18.0       18.0       18.0       18.0       18.0       18.0       18.0    
  25    18.0       18.0       18.0       18.0       18.0       18.0       18.0       18.0       18.0       18.0       18.0    
        18.0       18.0       18.0       18.0       18.0       18.0       18.0       18.0       18.0       18.0       18.0    
        18.0       18.0       18.0       18.0       18.0       18.0       18.0       18.0       18.0       18.0       18.0    
        18.0       18.0       18.0       18.0       18.0       18.0       18.0       18.0       18.0       18.0       18.0    
        18.0       18.0       18.0       18.0       18.0       18.0       18.0       18.0       18.0       18.0       18.0    
        18.0       18.0       18.0       18.0       18.0       18.0       18.0       18.0       18.0       18.0       18.0    
        18.0       18.0       18.0       18.0       18.0       18.0       18.0    
  26    18.0       18.0       18.0       18.0       18.0       18.0       18.0       18.0       18.0       18.0       18.0    
        18.0       18.0       18.0       18.0       18.0       18.0       18.0       18.0       18.0       18.0       18.0    
        18.0       18.0       18.0       18.0       18.0       18.0       18.0       18.0       18.0       18.0       18.0    
        18.0       18.0       18.0       18.0       18.0       18.0       18.0       18.0       18.0       18.0       18.0    
        18.0       18.0       18.0       18.0       18.0       18.0       18.0       18.0       18.0       18.0       18.0    
        18.0       18.0       18.0       18.0       18.0       18.0       18.0       18.0       18.0       18.0       18.0    
        18.0       18.0       18.0       18.0       18.0       18.0       18.0    
  27    18.0       18.0       18.0       18.0       18.0       18.0       18.0       18.0       18.0       18.0       18.0    
        18.0       18.0       18.0       18.0       18.0       18.0       18.0       18.0       18.0       18.0       18.0    
        18.0       18.0       18.0       18.0       18.0       18.0       18.0       18.0       18.0       18.0       18.0    
        18.0       18.0       18.0       18.0       18.0       18.0       18.0       18.0       18.0       18.0       18.0    
        18.0       18.0       18.0       18.0       18.0       18.0       18.0       18.0       18.0       18.0       18.0    
        18.0       18.0       18.0       18.0       18.0       18.0       18.0       18.0       18.0       18.0       18.0    
        18.0       18.0       18.0       18.0       18.0       18.0       18.0    
  28    18.0       18.0       18.0       18.0       18.0       18.0       18.0       18.0       18.0       18.0       18.0    
        18.0       18.0       18.0       18.0       18.0       18.0       18.0       18.0       18.0       18.0       18.0    
        18.0       18.0       18.0       18.0       18.0       18.0       18.0       18.0       18.0       18.0       18.0    
        18.0       18.0       18.0       18.0       18.0       18.0       18.0       18.0       18.0       18.0       18.0    
        18.0       18.0       18.0       18.0       18.0       18.0       18.0       18.0       18.0       18.0       18.0    
        18.0       18.0       18.0       18.0       18.0       18.0       18.0       18.0       18.0       18.0       18.0    
        18.0       18.0       18.0       18.0       18.0       18.0       18.0    
  29    18.0       18.0       18.0       18.0       18.0       18.0       18.0       18.0       18.0       18.0       18.0    
        18.0       18.0       18.0       18.0       18.0       18.0       18.0       18.0       18.0       18.0       18.0    
        18.0       18.0       18.0       18.0       18.0       18.0       18.0       18.0       18.0       18.0       18.0    
        18.0       18.0       18.0       18.0       18.0       18.0       18.0       18.0       18.0       18.0       18.0    
        18.0       18.0       18.0       18.0       18.0       18.0       18.0       18.0       18.0       18.0       18.0    
        18.0       18.0       18.0       18.0       18.0       18.0       18.0       18.0       18.0       18.0       18.0    
        18.0       18.0       18.0       18.0       18.0       18.0       18.0    
  30    18.0       18.0       18.0       18.0       18.0       18.0       18.0       18.0       18.0       18.0       18.0    
        18.0       18.0       18.0       18.0       18.0       18.0       18.0       18.0       18.0       18.0       18.0    
        18.0       18.0       18.0       18.0       18.0       18.0       18.0       18.0       18.0       18.0       18.0    
        18.0       18.0       18.0       18.0       18.0       18.0       18.0       18.0       18.0       18.0       18.0    
        18.0       18.0       18.0       18.0       18.0       18.0       18.0       18.0       18.0       18.0       18.0    
        18.0       18.0       18.0       18.0       18.0       18.0       18.0       18.0       18.0       18.0       18.0    
        18.0       18.0       18.0       18.0       18.0       18.0       18.0    
  31    18.0       18.0       18.0       18.0       18.0       18.0       18.0       18.0       18.0       18.0       18.0    
        18.0       18.0       18.0       18.0       18.0       18.0       18.0       18.0       18.0       18.0       18.0    
        18.0       18.0       18.0       18.0       18.0       18.0       18.0       18.0       18.0       18.0       18.0    
        18.0       18.0       18.0       18.0       18.0       18.0       18.0       18.0       18.0       18.0       18.0    
        18.0       18.0       18.0       18.0       18.0       18.0       18.0       18.0       18.0       18.0       18.0    
        18.0       18.0       18.0       18.0       18.0       18.0       18.0       18.0       18.0       18.0       18.0    
        18.0       18.0       18.0       18.0       18.0       18.0       18.0    
  32    18.0       18.0       18.0       18.0       18.0       18.0       18.0       18.0       18.0       18.0       18.0    
        18.0       18.0       18.0       18.0       18.0       18.0       18.0       18.0       18.0       18.0       18.0    
        18.0       18.0       18.0       18.0       18.0       18.0       18.0       18.0       18.0       18.0       18.0    
        18.0       18.0       18.0       18.0       18.0       18.0       18.0       18.0       18.0       18.0       18.0    
        18.0       18.0       18.0       18.0       18.0       18.0       18.0       18.0       18.0       18.0       18.0    
        18.0       18.0       18.0       18.0       18.0       18.0       18.0       18.0       18.0       18.0       18.0    
        18.0       18.0       18.0       18.0       18.0       18.0       18.0    
  33    18.0       18.0       18.0       18.0       18.0       18.0       18.0       18.0       18.0       18.0       18.0    
        18.0       18.0       18.0       18.0       18.0       18.0       18.0       18.0       18.0       18.0       18.0    
        18.0       18.0       18.0       18.0       18.0       18.0       18.0       18.0       18.0       18.0       18.0    
        18.0       18.0       18.0       18.0       18.0       18.0       18.0       18.0       18.0       18.0       18.0    
        18.0       18.0       18.0       18.0       18.0       18.0       18.0       18.0       18.0       18.0       18.0    
        18.0       18.0       18.0       18.0       18.0       18.0       18.0       18.0       18.0       18.0       18.0    
        18.0       18.0       18.0       18.0       18.0       18.0       18.0    
  34    18.0       18.0       18.0       18.0       18.0       18.0       18.0       18.0       18.0       18.0       18.0    
        18.0       18.0       18.0       18.0       18.0       18.0       18.0       18.0       18.0       18.0       18.0    
        18.0       18.0       18.0       18.0       18.0       18.0       18.0       18.0       18.0       18.0       18.0    
        18.0       18.0       18.0       18.0       18.0       18.0       18.0       18.0       18.0       18.0       18.0    
        18.0       18.0       18.0       18.0       18.0       18.0       18.0       18.0       18.0       18.0       18.0    
        18.0       18.0       18.0       18.0       18.0       18.0       18.0       18.0       18.0       18.0       18.0    
        18.0       18.0       18.0       18.0       18.0       18.0       18.0    
  35    18.0       18.0       18.0       18.0       18.0       18.0       18.0       18.0       18.0       18.0       18.0    
        18.0       18.0       18.0       18.0       18.0       18.0       18.0       18.0       18.0       18.0       18.0    
        18.0       18.0       18.0       18.0       18.0       18.0       18.0       18.0       18.0       18.0       18.0    
        18.0       18.0       18.0       18.0       18.0       18.0       18.0       18.0       18.0       18.0       18.0    
        18.0       18.0       18.0       18.0       18.0       18.0       18.0       18.0       18.0       18.0       18.0    
        18.0       18.0       18.0       18.0       18.0       18.0       18.0       18.0       18.0       18.0       18.0    
        18.0       18.0       18.0       18.0       18.0       18.0       18.0    
  36    18.0       18.0       18.0       18.0       18.0       18.0       18.0       18.0       18.0       18.0       18.0    
        18.0       18.0       18.0       18.0       18.0       18.0       18.0       18.0       18.0       18.0       18.0    
        18.0       18.0       18.0       18.0       18.0       18.0       18.0       18.0       18.0       18.0       18.0    
        18.0       18.0       18.0       18.0       18.0       18.0       18.0       18.0       18.0       18.0       18.0    
        18.0       18.0       18.0       18.0       18.0       18.0       18.0       18.0       18.0       18.0       18.0    
        18.0       18.0       18.0       18.0       18.0       18.0       18.0       18.0       18.0       18.0       18.0    
        18.0       18.0       18.0       18.0       18.0       18.0       18.0    
  37    18.0       18.0       18.0       18.0       18.0       18.0       18.0       18.0       18.0       18.0       18.0    
        18.0       18.0       18.0       18.0       18.0       18.0       18.0       18.0       18.0       18.0       18.0    
        18.0       18.0       18.0       18.0       18.0       18.0       18.0       18.0       18.0       18.0       18.0    
        18.0       18.0       18.0       18.0       18.0       18.0       18.0       18.0       18.0       18.0       18.0    
        18.0       18.0       18.0       18.0       18.0       18.0       18.0       18.0       18.0       18.0       18.0    
        18.0       18.0       18.0       18.0       18.0       18.0       18.0       18.0       18.0       18.0       18.0    
        18.0       18.0       18.0       18.0       18.0       18.0       18.0    
  38    18.0       18.0       18.0       18.0       18.0       18.0       18.0       18.0       18.0       18.0       18.0    
        18.0       18.0       18.0       18.0       18.0       18.0       18.0       18.0       18.0       18.0       18.0    
        18.0       18.0       18.0       18.0       18.0       18.0       18.0       18.0       18.0       18.0       18.0    
        18.0       18.0       18.0       18.0       18.0       18.0       18.0       18.0       18.0       18.0       18.0    
        18.0       18.0       18.0       18.0       18.0       18.0       18.0       18.0       18.0       18.0       18.0    
        18.0       18.0       18.0       18.0       18.0       18.0       18.0       18.0       18.0       18.0       18.0    
        18.0       18.0       18.0       18.0       18.0       18.0       18.0    
  39    18.0       18.0       18.0       18.0       18.0       18.0       18.0       18.0       18.0       18.0       18.0    
        18.0       18.0       18.0       18.0       18.0       18.0       18.0       18.0       18.0       18.0       18.0    
        18.0       18.0       18.0       18.0       18.0       18.0       18.0       18.0       18.0       18.0       18.0    
        18.0       18.0       18.0       18.0       18.0       18.0       18.0       18.0       18.0       18.0       18.0    
        18.0       18.0       18.0       18.0       18.0       18.0       18.0       18.0       18.0       18.0       18.0    
        18.0       18.0       18.0       18.0       18.0       18.0       18.0       18.0       18.0       18.0       18.0    
        18.0       18.0       18.0       18.0       18.0       18.0       18.0    
  40    18.0       18.0       18.0       18.0       18.0       18.0       18.0       18.0       18.0       18.0       18.0    
        18.0       18.0       18.0       18.0       18.0       18.0       18.0       18.0       18.0       18.0       18.0    
        18.0       18.0       18.0       18.0       18.0       18.0       18.0       18.0       18.0       18.0       18.0    
        18.0       18.0       18.0       18.0       18.0       18.0       18.0       18.0       18.0       18.0       18.0    
        18.0       18.0       18.0       18.0       18.0       18.0       18.0       18.0       18.0       18.0       18.0    
        18.0       18.0       18.0       18.0       18.0       18.0       18.0       18.0       18.0       18.0       18.0    
        18.0       18.0       18.0       18.0       18.0       18.0       18.0    
  41    18.0       18.0       18.0       18.0       18.0       18.0       18.0       18.0       18.0       18.0       18.0    
        18.0       18.0       18.0       18.0       18.0       18.0       18.0       18.0       18.0       18.0       18.0    
        18.0       18.0       18.0       18.0       18.0       18.0       18.0       18.0       18.0       18.0       18.0    
        18.0       18.0       18.0       18.0       18.0       18.0       18.0       18.0       18.0       18.0       18.0    
        18.0       18.0       18.0       18.0       18.0       18.0       18.0       18.0       18.0       18.0       18.0    
        18.0       18.0       18.0       18.0       18.0       18.0       18.0       18.0       18.0       18.0       18.0    
        18.0       18.0       18.0       18.0       18.0       18.0       18.0    
  42    18.0       18.0       18.0       18.0       18.0       18.0       18.0       18.0       18.0       18.0       18.0    
        18.0       18.0       18.0       18.0       18.0       18.0       18.0       18.0       18.0       18.0       18.0    
        18.0       18.0       18.0       18.0       18.0       18.0       18.0       18.0       18.0       18.0       18.0    
        18.0       18.0       18.0       18.0       18.0       18.0       18.0       18.0       18.0       18.0       18.0    
        18.0       18.0       18.0       18.0       18.0       18.0       18.0       18.0       18.0       18.0       18.0    
        18.0       18.0       18.0       18.0       18.0       18.0       18.0       18.0       18.0       18.0       18.0    
        18.0       18.0       18.0       18.0       18.0       18.0       18.0    
  43    18.0       18.0       18.0       18.0       18.0       18.0       18.0       18.0       18.0       18.0       18.0    
        18.0       18.0       18.0       18.0       18.0       18.0       18.0       18.0       18.0       18.0       18.0    
        18.0       18.0       18.0       18.0       18.0       18.0       18.0       18.0       18.0       18.0       18.0    
        18.0       18.0       18.0       18.0       18.0       18.0       18.0       18.0       18.0       18.0       18.0    
        18.0       18.0       18.0       18.0       18.0       18.0       18.0       18.0       18.0       18.0       18.0    
        18.0       18.0       18.0       18.0       18.0       18.0       18.0       18.0       18.0       18.0       18.0    
        18.0       18.0       18.0       18.0       18.0       18.0       18.0    
  44    18.0       18.0       18.0       18.0       18.0       18.0       18.0       18.0       18.0       18.0       18.0    
        18.0       18.0       18.0       18.0       18.0       18.0       18.0       18.0       18.0       18.0       18.0    
        18.0       18.0       18.0       18.0       18.0       18.0       18.0       18.0       18.0       18.0       18.0    
        18.0       18.0       18.0       18.0       18.0       18.0       18.0       18.0       18.0       18.0       18.0    
        18.0       18.0       18.0       18.0       18.0       18.0       18.0       18.0       18.0       18.0       18.0    
        18.0       18.0       18.0       18.0       18.0       18.0       18.0       18.0       18.0       18.0       18.0    
        18.0       18.0       18.0       18.0       18.0       18.0       18.0    
  45    18.0       18.0       18.0       18.0       18.0       18.0       18.0       18.0       18.0       18.0       18.0    
        18.0       18.0       18.0       18.0       18.0       18.0       18.0       18.0       18.0       18.0       18.0    
        18.0       18.0       18.0       18.0       18.0       18.0       18.0       18.0       18.0       18.0       18.0    
        18.0       18.0       18.0       18.0       18.0       18.0       18.0       18.0       18.0       18.0       18.0    
        18.0       18.0       18.0       18.0       18.0       18.0       18.0       18.0       18.0       18.0       18.0    
        18.0       18.0       18.0       18.0       18.0       18.0       18.0       18.0       18.0       18.0       18.0    
        18.0       18.0       18.0       18.0       18.0       18.0       18.0    
  46    18.0       18.0       18.0       18.0       18.0       18.0       18.0       18.0       18.0       18.0       18.0    
        18.0       18.0       18.0       18.0       18.0       18.0       18.0       18.0       18.0       18.0       18.0    
        18.0       18.0       18.0       18.0       18.0       18.0       18.0       18.0       18.0       18.0       18.0    
        18.0       18.0       18.0       18.0       18.0       18.0       18.0       18.0       18.0       18.0       18.0    
        18.0       18.0       18.0       18.0       18.0       18.0       18.0       18.0       18.0       18.0       18.0    
        18.0       18.0       18.0       18.0       18.0       18.0       18.0       18.0       18.0       18.0       18.0    
        18.0       18.0       18.0       18.0       18.0       18.0       18.0    
  47    18.0       18.0       18.0       18.0       18.0       18.0       18.0       18.0       18.0       18.0       18.0    
        18.0       18.0       18.0       18.0       18.0       18.0       18.0       18.0       18.0       18.0       18.0    
        18.0       18.0       18.0       18.0       18.0       18.0       18.0       18.0       18.0       18.0       18.0    
        18.0       18.0       18.0       18.0       18.0       18.0       18.0       18.0       18.0       18.0       18.0    
        18.0       18.0       18.0       18.0       18.0       18.0       18.0       18.0       18.0       18.0       18.0    
        18.0       18.0       18.0       18.0       18.0       18.0       18.0       18.0       18.0       18.0       18.0    
        18.0       18.0       18.0       18.0       18.0       18.0       18.0    
  48    18.0       18.0       18.0       18.0       18.0       18.0       18.0       18.0       18.0       18.0       18.0    
        18.0       18.0       18.0       18.0       18.0       18.0       18.0       18.0       18.0       18.0       18.0    
        18.0       18.0       18.0       18.0       18.0       18.0       18.0       18.0       18.0       18.0       18.0    
        18.0       18.0       18.0       18.0       18.0       18.0       18.0       18.0       18.0       18.0       18.0    
        18.0       18.0       18.0       18.0       18.0       18.0       18.0       18.0       18.0       18.0       18.0    
        18.0       18.0       18.0       18.0       18.0       18.0       18.0       18.0       18.0       18.0       18.0    
        18.0       18.0       18.0       18.0       18.0       18.0       18.0    
  49    18.0       18.0       18.0       18.0       18.0       18.0       18.0       18.0       18.0       18.0       18.0    
        18.0       18.0       18.0       18.0       18.0       18.0       18.0       18.0       18.0       18.0       18.0    
        18.0       18.0       18.0       18.0       18.0       18.0       18.0       18.0       18.0       18.0       18.0    
        18.0       18.0       18.0       18.0       18.0       18.0       18.0       18.0       18.0       18.0       18.0    
        18.0       18.0       18.0       18.0       18.0       18.0       18.0       18.0       18.0       18.0       18.0    
        18.0       18.0       18.0       18.0       18.0       18.0       18.0       18.0       18.0       18.0       18.0    
        18.0       18.0       18.0       18.0       18.0       18.0       18.0    
  50    18.0       18.0       18.0       18.0       18.0       18.0       18.0       18.0       18.0       18.0       18.0    
        18.0       18.0       18.0       18.0       18.0       18.0       18.0       18.0       18.0       18.0       18.0    
        18.0       18.0       18.0       18.0       18.0       18.0       18.0       18.0       18.0       18.0       18.0    
        18.0       18.0       18.0       18.0       18.0       18.0       18.0       18.0       18.0       18.0       18.0    
        18.0       18.0       18.0       18.0       18.0       18.0       18.0       18.0       18.0       18.0       18.0    
        18.0       18.0       18.0       18.0       18.0       18.0       18.0       18.0       18.0       18.0       18.0    
        18.0       18.0       18.0       18.0       18.0       18.0       18.0    
  51    18.0       18.0       18.0       18.0       18.0       18.0       18.0       18.0       18.0       18.0       18.0    
        18.0       18.0       18.0       18.0       18.0       18.0       18.0       18.0       18.0       18.0       18.0    
        18.0       18.0       18.0       18.0       18.0       18.0       18.0       18.0       18.0       18.0       18.0    
        18.0       18.0       18.0       18.0       18.0       18.0       18.0       18.0       18.0       18.0       18.0    
        18.0       18.0       18.0       18.0       18.0       18.0       18.0       18.0       18.0       18.0       18.0    
        18.0       18.0       18.0       18.0       18.0       18.0       18.0       18.0       18.0       18.0       18.0    
        18.0       18.0       18.0       18.0       18.0       18.0       18.0    
  52    18.0       18.0       18.0       18.0       18.0       18.0       18.0       18.0       18.0       18.0       18.0    
        18.0       18.0       18.0       18.0       18.0       18.0       18.0       18.0       18.0       18.0       18.0    
        18.0       18.0       18.0       18.0       18.0       18.0       18.0       18.0       18.0       18.0       18.0    
        18.0       18.0       18.0       18.0       18.0       18.0       18.0       18.0       18.0       18.0       18.0    
        18.0       18.0       18.0       18.0       18.0       18.0       18.0       18.0       18.0       18.0       18.0    
        18.0       18.0       18.0       18.0       18.0       18.0       18.0       18.0       18.0       18.0       18.0    
        18.0       18.0       18.0       18.0       18.0       18.0       18.0    
  53    18.0       18.0       18.0       18.0       18.0       18.0       18.0       18.0       18.0       18.0       18.0    
        18.0       18.0       18.0       18.0       18.0       18.0       18.0       18.0       18.0       18.0       18.0    
        18.0       18.0       18.0       18.0       18.0       18.0       18.0       18.0       18.0       18.0       18.0    
        18.0       18.0       18.0       18.0       18.0       18.0       18.0       18.0       18.0       18.0       18.0    
        18.0       18.0       18.0       18.0       18.0       18.0       18.0       18.0       18.0       18.0       18.0    
        18.0       18.0       18.0       18.0       18.0       18.0       18.0       18.0       18.0       18.0       18.0    
        18.0       18.0       18.0       18.0       18.0       18.0       18.0    
  54    18.0       18.0       18.0       18.0       18.0       18.0       18.0       18.0       18.0       18.0       18.0    
        18.0       18.0       18.0       18.0       18.0       18.0       18.0       18.0       18.0       18.0       18.0    
        18.0       18.0       18.0       18.0       18.0       18.0       18.0       18.0       18.0       18.0       18.0    
        18.0       18.0       18.0       18.0       18.0       18.0       18.0       18.0       18.0       18.0       18.0    
        18.0       18.0       18.0       18.0       18.0       18.0       18.0       18.0       18.0       18.0       18.0    
        18.0       18.0       18.0       18.0       18.0       18.0       18.0       18.0       18.0       18.0       18.0    
        18.0       18.0       18.0       18.0       18.0       18.0       18.0    
  55    18.0       18.0       18.0       18.0       18.0       18.0       18.0       18.0       18.0       18.0       18.0    
        18.0       18.0       18.0       18.0       18.0       18.0       18.0       18.0       18.0       18.0       18.0    
        18.0       18.0       18.0       18.0       18.0       18.0       18.0       18.0       18.0       18.0       18.0    
        18.0       18.0       18.0       18.0       18.0       18.0       18.0       18.0       18.0       18.0       18.0    
        18.0       18.0       18.0       18.0       18.0       18.0       18.0       18.0       18.0       18.0       18.0    
        18.0       18.0       18.0       18.0       18.0       18.0       18.0       18.0       18.0       18.0       18.0    
        18.0       18.0       18.0       18.0       18.0       18.0       18.0    
  56    18.0       18.0       18.0       18.0       18.0       18.0       18.0       18.0       18.0       18.0       18.0    
        18.0       18.0       18.0       18.0       18.0       18.0       18.0       18.0       18.0       18.0       18.0    
        18.0       18.0       18.0       18.0       18.0       18.0       18.0       18.0       18.0       18.0       18.0    
        18.0       18.0       18.0       18.0       18.0       18.0       18.0       18.0       18.0       18.0       18.0    
        18.0       18.0       18.0       18.0       18.0       18.0       18.0       18.0       18.0       18.0       18.0    
        18.0       18.0       18.0       18.0       18.0       18.0       18.0       18.0       18.0       18.0       18.0    
        18.0       18.0       18.0       18.0       18.0       18.0       18.0    
  57    18.0       18.0       18.0       18.0       18.0       18.0       18.0       18.0       18.0       18.0       18.0    
        18.0       18.0       18.0       18.0       18.0       18.0       18.0       18.0       18.0       18.0       18.0    
        18.0       18.0       18.0       18.0       18.0       18.0       18.0       18.0       18.0       18.0       18.0    
        18.0       18.0       18.0       18.0       18.0       18.0       18.0       18.0       18.0       18.0       18.0    
        18.0       18.0       18.0       18.0       18.0       18.0       18.0       18.0       18.0       18.0       18.0    
        18.0       18.0       18.0       18.0       18.0       18.0       18.0       18.0       18.0       18.0       18.0    
        18.0       18.0       18.0       18.0       18.0       18.0       18.0    
  58    18.0       18.0       18.0       18.0       18.0       18.0       18.0       18.0       18.0       18.0       18.0    
        18.0       18.0       18.0       18.0       18.0       18.0       18.0       18.0       18.0       18.0       18.0    
        18.0       18.0       18.0       18.0       18.0       18.0       18.0       18.0       18.0       18.0       18.0    
        18.0       18.0       18.0       18.0       18.0       18.0       18.0       18.0       18.0       18.0       18.0    
        18.0       18.0       18.0       18.0       18.0       18.0       18.0       18.0       18.0       18.0       18.0    
        18.0       18.0       18.0       18.0       18.0       18.0       18.0       18.0       18.0       18.0       18.0    
        18.0       18.0       18.0       18.0       18.0       18.0       18.0    
  59    18.0       18.0       18.0       18.0       18.0       18.0       18.0       18.0       18.0       18.0       18.0    
        18.0       18.0       18.0       18.0       18.0       18.0       18.0       18.0       18.0       18.0       18.0    
        18.0       18.0       18.0       18.0       18.0       18.0       18.0       18.0       18.0       18.0       18.0    
        18.0       18.0       18.0       18.0       18.0       18.0       18.0       18.0       18.0       18.0       18.0    
        18.0       18.0       18.0       18.0       18.0       18.0       18.0       18.0       18.0       18.0       18.0    
        18.0       18.0       18.0       18.0       18.0       18.0       18.0       18.0       18.0       18.0       18.0    
        18.0       18.0       18.0       18.0       18.0       18.0       18.0    
  60    18.0       18.0       18.0       18.0       18.0       18.0       18.0       18.0       18.0       18.0       18.0    
        18.0       18.0       18.0       18.0       18.0       18.0       18.0       18.0       18.0       18.0       18.0    
        18.0       18.0       18.0       18.0       18.0       18.0       18.0       18.0       18.0       18.0       18.0    
        18.0       18.0       18.0       18.0       18.0       18.0       18.0       18.0       18.0       18.0       18.0    
        18.0       18.0       18.0       18.0       18.0       18.0       18.0       18.0       18.0       18.0       18.0    
        18.0       18.0       18.0       18.0       18.0       18.0       18.0       18.0       18.0       18.0       18.0    
        18.0       18.0       18.0       18.0       18.0       18.0       18.0    
  61    18.0       18.0       18.0       18.0       18.0       18.0       18.0       18.0       18.0       18.0       18.0    
        18.0       18.0       18.0       18.0       18.0       18.0       18.0       18.0       18.0       18.0       18.0    
        18.0       18.0       18.0       18.0       18.0       18.0       18.0       18.0       18.0       18.0       18.0    
        18.0       18.0       18.0       18.0       18.0       18.0       18.0       18.0       18.0       18.0       18.0    
        18.0       18.0       18.0       18.0       18.0       18.0       18.0       18.0       18.0       18.0       18.0    
        18.0       18.0       18.0       18.0       18.0       18.0       18.0       18.0       18.0       18.0       18.0    
        18.0       18.0       18.0       18.0       18.0       18.0       18.0    
  62    18.0       18.0       18.0       18.0       18.0       18.0       18.0       18.0       18.0       18.0       18.0    
        18.0       18.0       18.0       18.0       18.0       18.0       18.0       18.0       18.0       18.0       18.0    
        18.0       18.0       18.0       18.0       18.0       18.0       18.0       18.0       18.0       18.0       18.0    
        18.0       18.0       18.0       18.0       18.0       18.0       18.0       18.0       18.0       18.0       18.0    
        18.0       18.0       18.0       18.0       18.0       18.0       18.0       18.0       18.0       18.0       18.0    
        18.0       18.0       18.0       18.0       18.0       18.0       18.0       18.0       18.0       18.0       18.0    
        18.0       18.0       18.0       18.0       18.0       18.0       18.0    
  63    18.0       18.0       18.0       18.0       18.0       18.0       18.0       18.0       18.0       18.0       18.0    
        18.0       18.0       18.0       18.0       18.0       18.0       18.0       18.0       18.0       18.0       18.0    
        18.0       18.0       18.0       18.0       18.0       18.0       18.0       18.0       18.0       18.0       18.0    
        18.0       18.0       18.0       18.0       18.0       18.0       18.0       18.0       18.0       18.0       18.0    
        18.0       18.0       18.0       18.0       18.0       18.0       18.0       18.0       18.0       18.0       18.0    
        18.0       18.0       18.0       18.0       18.0       18.0       18.0       18.0       18.0       18.0       18.0    
        18.0       18.0       18.0       18.0       18.0       18.0       18.0    
  64    18.0       18.0       18.0       18.0       18.0       18.0       18.0       18.0       18.0       18.0       18.0    
        18.0       18.0       18.0       18.0       18.0       18.0       18.0       18.0       18.0       18.0       18.0    
        18.0       18.0       18.0       18.0       18.0       18.0       18.0       18.0       18.0       18.0       18.0    
        18.0       18.0       18.0       18.0       18.0       18.0       18.0       18.0       18.0       18.0       18.0    
        18.0       18.0       18.0       18.0       18.0       18.0       18.0       18.0       18.0       18.0       18.0    
        18.0       18.0       18.0       18.0       18.0       18.0       18.0       18.0       18.0       18.0       18.0    
        18.0       18.0       18.0       18.0       18.0       18.0       18.0    
  65    18.0       18.0       18.0       18.0       18.0       18.0       18.0       18.0       18.0       18.0       18.0    
        18.0       18.0       18.0       18.0       18.0       18.0       18.0       18.0       18.0       18.0       18.0    
        18.0       18.0       18.0       18.0       18.0       18.0       18.0       18.0       18.0       18.0       18.0    
        18.0       18.0       18.0       18.0       18.0       18.0       18.0       18.0       18.0       18.0       18.0    
        18.0       18.0       18.0       18.0       18.0       18.0       18.0       18.0       18.0       18.0       18.0    
        18.0       18.0       18.0       18.0       18.0       18.0       18.0       18.0       18.0       18.0       18.0    
        18.0       18.0       18.0       18.0       18.0       18.0       18.0    
  66    18.0       18.0       18.0       18.0       18.0       18.0       18.0       18.0       18.0       18.0       18.0    
        18.0       18.0       18.0       18.0       18.0       18.0       18.0       18.0       18.0       18.0       18.0    
        18.0       18.0       18.0       18.0       18.0       18.0       18.0       18.0       18.0       18.0       18.0    
        18.0       18.0       18.0       18.0       18.0       18.0       18.0       18.0       18.0       18.0       18.0    
        18.0       18.0       18.0       18.0       18.0       18.0       18.0       18.0       18.0       18.0       18.0    
        18.0       18.0       18.0       18.0       18.0       18.0       18.0       18.0       18.0       18.0       18.0    
        18.0       18.0       18.0       18.0       18.0       18.0       18.0    
  67    18.0       18.0       18.0       18.0       18.0       18.0       18.0       18.0       18.0       18.0       18.0    
        18.0       18.0       18.0       18.0       18.0       18.0       18.0       18.0       18.0       18.0       18.0    
        18.0       18.0       18.0       18.0       18.0       18.0       18.0       18.0       18.0       18.0       18.0    
        18.0       18.0       18.0       18.0       18.0       18.0       18.0       18.0       18.0       18.0       18.0    
        18.0       18.0       18.0       18.0       18.0       18.0       18.0       18.0       18.0       18.0       18.0    
        18.0       18.0       18.0       18.0       18.0       18.0       18.0       18.0       18.0       18.0       18.0    
        18.0       18.0       18.0       18.0       18.0       18.0       18.0    
  68    18.0       18.0       18.0       18.0       18.0       18.0       18.0       18.0       18.0       18.0       18.0    
        18.0       18.0       18.0       18.0       18.0       18.0       18.0       18.0       18.0       18.0       18.0    
        18.0       18.0       18.0       18.0       18.0       18.0       18.0       18.0       18.0       18.0       18.0    
        18.0       18.0       18.0       18.0       18.0       18.0       18.0       18.0       18.0       18.0       18.0    
        18.0       18.0       18.0       18.0       18.0       18.0       18.0       18.0       18.0       18.0       18.0    
        18.0       18.0       18.0       18.0       18.0       18.0       18.0       18.0       18.0       18.0       18.0    
        18.0       18.0       18.0       18.0       18.0       18.0       18.0    
  69    18.0       18.0       18.0       18.0       18.0       18.0       18.0       18.0       18.0       18.0       18.0    
        18.0       18.0       18.0       18.0       18.0       18.0       18.0       18.0       18.0       18.0       18.0    
        18.0       18.0       18.0       18.0       18.0       18.0       18.0       18.0       18.0       18.0       18.0    
        18.0       18.0       18.0       18.0       18.0       18.0       18.0       18.0       18.0       18.0       18.0    
        18.0       18.0       18.0       18.0       18.0       18.0       18.0       18.0       18.0       18.0       18.0    
        18.0       18.0       18.0       18.0       18.0       18.0       18.0       18.0       18.0       18.0       18.0    
        18.0       18.0       18.0       18.0       18.0       18.0       18.0    
  70    18.0       18.0       18.0       18.0       18.0       18.0       18.0       18.0       18.0       18.0       18.0    
        18.0       18.0       18.0       18.0       18.0       18.0       18.0       18.0       18.0       18.0       18.0    
        18.0       18.0       18.0       18.0       18.0       18.0       18.0       18.0       18.0       18.0       18.0    
        18.0       18.0       18.0       18.0       18.0       18.0       18.0       18.0       18.0       18.0       18.0    
        18.0       18.0       18.0       18.0       18.0       18.0       18.0       18.0       18.0       18.0       18.0    
        18.0       18.0       18.0       18.0       18.0       18.0       18.0       18.0       18.0       18.0       18.0    
        18.0       18.0       18.0       18.0       18.0       18.0       18.0    
  71    18.0       18.0       18.0       18.0       18.0       18.0       18.0       18.0       18.0       18.0       18.0    
        18.0       18.0       18.0       18.0       18.0       18.0       18.0       18.0       18.0       18.0       18.0    
        18.0       18.0       18.0       18.0       18.0       18.0       18.0       18.0       18.0       18.0       18.0    
        18.0       18.0       18.0       18.0       18.0       18.0       18.0       18.0       18.0       18.0       18.0    
        18.0       18.0       18.0       18.0       18.0       18.0       18.0       18.0       18.0       18.0       18.0    
        18.0       18.0       18.0       18.0       18.0       18.0       18.0       18.0       18.0       18.0       18.0    
        18.0       18.0       18.0       18.0       18.0       18.0       18.0    
  72    18.0       18.0       18.0       18.0       18.0       18.0       18.0       18.0       18.0       18.0       18.0    
        18.0       18.0       18.0       18.0       18.0       18.0       18.0       18.0       18.0       18.0       18.0    
        18.0       18.0       18.0       18.0       18.0       18.0       18.0       18.0       18.0       18.0       18.0    
        18.0       18.0       18.0       18.0       18.0       18.0       18.0       18.0       18.0       18.0       18.0    
        18.0       18.0       18.0       18.0       18.0       18.0       18.0       18.0       18.0       18.0       18.0    
        18.0       18.0       18.0       18.0       18.0       18.0       18.0       18.0       18.0       18.0       18.0    
        18.0       18.0       18.0       18.0       18.0       18.0       18.0    
  73    18.0       18.0       18.0       18.0       18.0       18.0       18.0       18.0       18.0       18.0       18.0    
        18.0       18.0       18.0       18.0       18.0       18.0       18.0       18.0       18.0       18.0       18.0    
        18.0       18.0       18.0       18.0       18.0       18.0       18.0       18.0       18.0       18.0       18.0    
        18.0       18.0       18.0       18.0       18.0       18.0       18.0       18.0       18.0       18.0       18.0    
        18.0       18.0       18.0       18.0       18.0       18.0       18.0       18.0       18.0       18.0       18.0    
        18.0       18.0       18.0       18.0       18.0       18.0       18.0       18.0       18.0       18.0       18.0    
        18.0       18.0       18.0       18.0       18.0       18.0       18.0    
  74    18.0       18.0       18.0       18.0       18.0       18.0       18.0       18.0       18.0       18.0       18.0    
        18.0       18.0       18.0       18.0       18.0       18.0       18.0       18.0       18.0       18.0       18.0    
        18.0       18.0       18.0       18.0       18.0       18.0       18.0       18.0       18.0       18.0       18.0    
        18.0       18.0       18.0       18.0       18.0       18.0       18.0       18.0       18.0       18.0       18.0    
        18.0       18.0       18.0       18.0       18.0       18.0       18.0       18.0       18.0       18.0       18.0    
        18.0       18.0       18.0       18.0       18.0       18.0       18.0       18.0       18.0       18.0       18.0    
        18.0       18.0       18.0       18.0       18.0       18.0       18.0    
  75    18.0       18.0       18.0       18.0       18.0       18.0       18.0       18.0       18.0       18.0       18.0    
        18.0       18.0       18.0       18.0       18.0       18.0       18.0       18.0       18.0       18.0       18.0    
        18.0       18.0       18.0       18.0       18.0       18.0       18.0       18.0       18.0       18.0       18.0    
        18.0       18.0       18.0       18.0       18.0       18.0       18.0       18.0       18.0       18.0       18.0    
        18.0       18.0       18.0       18.0       18.0       18.0       18.0       18.0       18.0       18.0       18.0    
        18.0       18.0       18.0       18.0       18.0       18.0       18.0       18.0       18.0       18.0       18.0    
        18.0       18.0       18.0       18.0       18.0       18.0       18.0    
  76    18.0       18.0       18.0       18.0       18.0       18.0       18.0       18.0       18.0       18.0       18.0    
        18.0       18.0       18.0       18.0       18.0       18.0       18.0       18.0       18.0       18.0       18.0    
        18.0       18.0       18.0       18.0       18.0       18.0       18.0       18.0       18.0       18.0       18.0    
        18.0       18.0       18.0       18.0       18.0       18.0       18.0       18.0       18.0       18.0       18.0    
        18.0       18.0       18.0       18.0       18.0       18.0       18.0       18.0       18.0       18.0       18.0    
        18.0       18.0       18.0       18.0       18.0       18.0       18.0       18.0       18.0       18.0       18.0    
        18.0       18.0       18.0       18.0       18.0       18.0       18.0    
  77    18.0       18.0       18.0       18.0       18.0       18.0       18.0       18.0       18.0       18.0       18.0    
        18.0       18.0       18.0       18.0       18.0       18.0       18.0       18.0       18.0       18.0       18.0    
        18.0       18.0       18.0       18.0       18.0       18.0       18.0       18.0       18.0       18.0       18.0    
        18.0       18.0       18.0       18.0       18.0       18.0       18.0       18.0       18.0       18.0       18.0    
        18.0       18.0       18.0       18.0       18.0       18.0       18.0       18.0       18.0       18.0       18.0    
        18.0       18.0       18.0       18.0       18.0       18.0       18.0       18.0       18.0       18.0       18.0    
        18.0       18.0       18.0       18.0       18.0       18.0       18.0    
  78    18.0       18.0       18.0       18.0       18.0       18.0       18.0       18.0       18.0       18.0       18.0    
        18.0       18.0       18.0       18.0       18.0       18.0       18.0       18.0       18.0       18.0       18.0    
        18.0       18.0       18.0       18.0       18.0       18.0       18.0       18.0       18.0       18.0       18.0    
        18.0       18.0       18.0       18.0       18.0       18.0       18.0       18.0       18.0       18.0       18.0    
        18.0       18.0       18.0       18.0       18.0       18.0       18.0       18.0       18.0       18.0       18.0    
        18.0       18.0       18.0       18.0       18.0       18.0       18.0       18.0       18.0       18.0       18.0    
        18.0       18.0       18.0       18.0       18.0       18.0       18.0    
  79    18.0       18.0       18.0       18.0       18.0       18.0       18.0       18.0       18.0       18.0       18.0    
        18.0       18.0       18.0       18.0       18.0       18.0       18.0       18.0       18.0       18.0       18.0    
        18.0       18.0       18.0       18.0       18.0       18.0       18.0       18.0       18.0       18.0       18.0    
        18.0       18.0       18.0       18.0       18.0       18.0       18.0       18.0       18.0       18.0       18.0    
        18.0       18.0       18.0       18.0       18.0       18.0       18.0       18.0       18.0       18.0       18.0    
        18.0       18.0       18.0       18.0       18.0       18.0       18.0       18.0       18.0       18.0       18.0    
        18.0       18.0       18.0       18.0       18.0       18.0       18.0    
  80    18.0       18.0       18.0       18.0       18.0       18.0       18.0       18.0       18.0       18.0       18.0    
        18.0       18.0       18.0       18.0       18.0       18.0       18.0       18.0       18.0       18.0       18.0    
        18.0       18.0       18.0       18.0       18.0       18.0       18.0       18.0       18.0       18.0       18.0    
        18.0       18.0       18.0       18.0       18.0       18.0       18.0       18.0       18.0       18.0       18.0    
        18.0       18.0       18.0       18.0       18.0       18.0       18.0       18.0       18.0       18.0       18.0    
        18.0       18.0       18.0       18.0       18.0       18.0       18.0       18.0       18.0       18.0       18.0    
        18.0       18.0       18.0       18.0       18.0       18.0       18.0    
  81    18.0       18.0       18.0       18.0       18.0       18.0       18.0       18.0       18.0       18.0       18.0    
        18.0       18.0       18.0       18.0       18.0       18.0       18.0       18.0       18.0       18.0       18.0    
        18.0       18.0       18.0       18.0       18.0       18.0       18.0       18.0       18.0       18.0       18.0    
        18.0       18.0       18.0       18.0       18.0       18.0       18.0       18.0       18.0       18.0       18.0    
        18.0       18.0       18.0       18.0       18.0       18.0       18.0       18.0       18.0       18.0       18.0    
        18.0       18.0       18.0       18.0       18.0       18.0       18.0       18.0       18.0       18.0       18.0    
        18.0       18.0       18.0       18.0       18.0       18.0       18.0    
  82    18.0       18.0       18.0       18.0       18.0       18.0       18.0       18.0       18.0       18.0       18.0    
        18.0       18.0       18.0       18.0       18.0       18.0       18.0       18.0       18.0       18.0       18.0    
        18.0       18.0       18.0       18.0       18.0       18.0       18.0       18.0       18.0       18.0       18.0    
        18.0       18.0       18.0       18.0       18.0       18.0       18.0       18.0       18.0       18.0       18.0    
        18.0       18.0       18.0       18.0       18.0       18.0       18.0       18.0       18.0       18.0       18.0    
        18.0       18.0       18.0       18.0       18.0       18.0       18.0       18.0       18.0       18.0       18.0    
        18.0       18.0       18.0       18.0       18.0       18.0       18.0    
  83    18.0       18.0       18.0       18.0       18.0       18.0       18.0       18.0       18.0       18.0       18.0    
        18.0       18.0       18.0       18.0       18.0       18.0       18.0       18.0       18.0       18.0       18.0    
        18.0       18.0       18.0       18.0       18.0       18.0       18.0       18.0       18.0       18.0       18.0    
        18.0       18.0       18.0       18.0       18.0       18.0       18.0       18.0       18.0       18.0       18.0    
        18.0       18.0       18.0       18.0       18.0       18.0       18.0       18.0       18.0       18.0       18.0    
        18.0       18.0       18.0       18.0       18.0       18.0       18.0       18.0       18.0       18.0       18.0    
        18.0       18.0       18.0       18.0       18.0       18.0       18.0    
  84    18.0       18.0       18.0       18.0       18.0       18.0       18.0       18.0       18.0       18.0       18.0    
        18.0       18.0       18.0       18.0       18.0       18.0       18.0       18.0       18.0       18.0       18.0    
        18.0       18.0       18.0       18.0       18.0       18.0       18.0       18.0       18.0       18.0       18.0    
        18.0       18.0       18.0       18.0       18.0       18.0       18.0       18.0       18.0       18.0       18.0    
        18.0       18.0       18.0       18.0       18.0       18.0       18.0       18.0       18.0       18.0       18.0    
        18.0       18.0       18.0       18.0       18.0       18.0       18.0       18.0       18.0       18.0       18.0    
        18.0       18.0       18.0       18.0       18.0       18.0       18.0    
  85    18.0       18.0       18.0       18.0       18.0       18.0       18.0       18.0       18.0       18.0       18.0    
        18.0       18.0       18.0       18.0       18.0       18.0       18.0       18.0       18.0       18.0       18.0    
        18.0       18.0       18.0       18.0       18.0       18.0       18.0       18.0       18.0       18.0       18.0    
        18.0       18.0       18.0       18.0       18.0       18.0       18.0       18.0       18.0       18.0       18.0    
        18.0       18.0       18.0       18.0       18.0       18.0       18.0       18.0       18.0       18.0       18.0    
        18.0       18.0       18.0       18.0       18.0       18.0       18.0       18.0       18.0       18.0       18.0    
        18.0       18.0       18.0       18.0       18.0       18.0       18.0    
  86    18.0       18.0       18.0       18.0       18.0       18.0       18.0       18.0       18.0       18.0       18.0    
        18.0       18.0       18.0       18.0       18.0       18.0       18.0       18.0       18.0       18.0       18.0    
        18.0       18.0       18.0       18.0       18.0       18.0       18.0       18.0       18.0       18.0       18.0    
        18.0       18.0       18.0       18.0       18.0       18.0       18.0       18.0       18.0       18.0       18.0    
        18.0       18.0       18.0       18.0       18.0       18.0       18.0       18.0       18.0       18.0       18.0    
        18.0       18.0       18.0       18.0       18.0       18.0       18.0       18.0       18.0       18.0       18.0    
        18.0       18.0       18.0       18.0       18.0       18.0       18.0    
  87    18.0       18.0       18.0       18.0       18.0       18.0       18.0       18.0       18.0       18.0       18.0    
        18.0       18.0       18.0       18.0       18.0       18.0       18.0       18.0       18.0       18.0       18.0    
        18.0       18.0       18.0       18.0       18.0       18.0       18.0       18.0       18.0       18.0       18.0    
        18.0       18.0       18.0       18.0       18.0       18.0       18.0       18.0       18.0       18.0       18.0    
        18.0       18.0       18.0       18.0       18.0       18.0       18.0       18.0       18.0       18.0       18.0    
        18.0       18.0       18.0       18.0       18.0       18.0       18.0       18.0       18.0       18.0       18.0    
        18.0       18.0       18.0       18.0       18.0       18.0       18.0    
  88    18.0       18.0       18.0       18.0       18.0       18.0       18.0       18.0       18.0       18.0       18.0    
        18.0       18.0       18.0       18.0       18.0       18.0       18.0       18.0       18.0       18.0       18.0    
        18.0       18.0       18.0       18.0       18.0       18.0       18.0       18.0       18.0       18.0       18.0    
        18.0       18.0       18.0       18.0       18.0       18.0       18.0       18.0       18.0       18.0       18.0    
        18.0       18.0       18.0       18.0       18.0       18.0       18.0       18.0       18.0       18.0       18.0    
        18.0       18.0       18.0       18.0       18.0       18.0       18.0       18.0       18.0       18.0       18.0    
        18.0       18.0       18.0       18.0       18.0       18.0       18.0    
  89    18.0       18.0       18.0       18.0       18.0       18.0       18.0       18.0       18.0       18.0       18.0    
        18.0       18.0       18.0       18.0       18.0       18.0       18.0       18.0       18.0       18.0       18.0    
        18.0       18.0       18.0       18.0       18.0       18.0       18.0       18.0       18.0       18.0       18.0    
        18.0       18.0       18.0       18.0       18.0       18.0       18.0       18.0       18.0       18.0       18.0    
        18.0       18.0       18.0       18.0       18.0       18.0       18.0       18.0       18.0       18.0       18.0    
        18.0       18.0       18.0       18.0       18.0       18.0       18.0       18.0       18.0       18.0       18.0    
        18.0       18.0       18.0       18.0       18.0       18.0       18.0    
  90    18.0       18.0       18.0       18.0       18.0       18.0       18.0       18.0       18.0       18.0       18.0    
        18.0       18.0       18.0       18.0       18.0       18.0       18.0       18.0       18.0       18.0       18.0    
        18.0       18.0       18.0       18.0       18.0       18.0       18.0       18.0       18.0       18.0       18.0    
        18.0       18.0       18.0       18.0       18.0       18.0       18.0       18.0       18.0       18.0       18.0    
        18.0       18.0       18.0       18.0       18.0       18.0       18.0       18.0       18.0       18.0       18.0    
        18.0       18.0       18.0       18.0       18.0       18.0       18.0       18.0       18.0       18.0       18.0    
        18.0       18.0       18.0       18.0       18.0       18.0       18.0    
  91    18.0       18.0       18.0       18.0       18.0       18.0       18.0       18.0       18.0       18.0       18.0    
        18.0       18.0       18.0       18.0       18.0       18.0       18.0       18.0       18.0       18.0       18.0    
        18.0       18.0       18.0       18.0       18.0       18.0       18.0       18.0       18.0       18.0       18.0    
        18.0       18.0       18.0       18.0       18.0       18.0       18.0       18.0       18.0       18.0       18.0    
        18.0       18.0       18.0       18.0       18.0       18.0       18.0       18.0       18.0       18.0       18.0    
        18.0       18.0       18.0       18.0       18.0       18.0       18.0       18.0       18.0       18.0       18.0    
        18.0       18.0       18.0       18.0       18.0       18.0       18.0    
  92    18.0       18.0       18.0       18.0       18.0       18.0       18.0       18.0       18.0       18.0       18.0    
        18.0       18.0       18.0       18.0       18.0       18.0       18.0       18.0       18.0       18.0       18.0    
        18.0       18.0       18.0       18.0       18.0       18.0       18.0       18.0       18.0       18.0       18.0    
        18.0       18.0       18.0       18.0       18.0       18.0       18.0       18.0       18.0       18.0       18.0    
        18.0       18.0       18.0       18.0       18.0       18.0       18.0       18.0       18.0       18.0       18.0    
        18.0       18.0       18.0       18.0       18.0       18.0       18.0       18.0       18.0       18.0       18.0    
        18.0       18.0       18.0       18.0       18.0       18.0       18.0    
  93    18.0       18.0       18.0       18.0       18.0       18.0       18.0       18.0       18.0       18.0       18.0    
        18.0       18.0       18.0       18.0       18.0       18.0       18.0       18.0       18.0       18.0       18.0    
        18.0       18.0       18.0       18.0       18.0       18.0       18.0       18.0       18.0       18.0       18.0    
        18.0       18.0       18.0       18.0       18.0       18.0       18.0       18.0       18.0       18.0       18.0    
        18.0       18.0       18.0       18.0       18.0       18.0       18.0       18.0       18.0       18.0       18.0    
        18.0       18.0       18.0       18.0       18.0       18.0       18.0       18.0       18.0       18.0       18.0    
        18.0       18.0       18.0       18.0       18.0       18.0       18.0    
  94    18.0       18.0       18.0       18.0       18.0       18.0       18.0       18.0       18.0       18.0       18.0    
        18.0       18.0       18.0       18.0       18.0       18.0       18.0       18.0       18.0       18.0       18.0    
        18.0       18.0       18.0       18.0       18.0       18.0       18.0       18.0       18.0       18.0       18.0    
        18.0       18.0       18.0       18.0       18.0       18.0       18.0       18.0       18.0       18.0       18.0    
        18.0       18.0       18.0       18.0       18.0       18.0       18.0       18.0       18.0       18.0       18.0    
        18.0       18.0       18.0       18.0       18.0       18.0       18.0       18.0       18.0       18.0       18.0    
        18.0       18.0       18.0       18.0       18.0       18.0       18.0    
  95    18.0       18.0       18.0       18.0       18.0       18.0       18.0       18.0       18.0       18.0       18.0    
        18.0       18.0       18.0       18.0       18.0       18.0       18.0       18.0       18.0       18.0       18.0    
        18.0       18.0       18.0       18.0       18.0       18.0       18.0       18.0       18.0       18.0       18.0    
        18.0       18.0       18.0       18.0       18.0       18.0       18.0       18.0       18.0       18.0       18.0    
        18.0       18.0       18.0       18.0       18.0       18.0       18.0       18.0       18.0       18.0       18.0    
        18.0       18.0       18.0       18.0       18.0       18.0       18.0       18.0       18.0       18.0       18.0    
        18.0       18.0       18.0       18.0       18.0       18.0       18.0    
  96    18.0       18.0       18.0       18.0       18.0       18.0       18.0       18.0       18.0       18.0       18.0    
        18.0       18.0       18.0       18.0       18.0       18.0       18.0       18.0       18.0       18.0       18.0    
        18.0       18.0       18.0       18.0       18.0       18.0       18.0       18.0       18.0       18.0       18.0    
        18.0       18.0       18.0       18.0       18.0       18.0       18.0       18.0       18.0       18.0       18.0    
        18.0       18.0       18.0       18.0       18.0       18.0       18.0       18.0       18.0       18.0       18.0    
        18.0       18.0       18.0       18.0       18.0       18.0       18.0       18.0       18.0       18.0       18.0    
        18.0       18.0       18.0       18.0       18.0       18.0       18.0    
  97    18.0       18.0       18.0       18.0       18.0       18.0       18.0       18.0       18.0       18.0       18.0    
        18.0       18.0       18.0       18.0       18.0       18.0       18.0       18.0       18.0       18.0       18.0    
        18.0       18.0       18.0       18.0       18.0       18.0       18.0       18.0       18.0       18.0       18.0    
        18.0       18.0       18.0       18.0       18.0       18.0       18.0       18.0       18.0       18.0       18.0    
        18.0       18.0       18.0       18.0       18.0       18.0       18.0       18.0       18.0       18.0       18.0    
        18.0       18.0       18.0       18.0       18.0       18.0       18.0       18.0       18.0       18.0       18.0    
        18.0       18.0       18.0       18.0       18.0       18.0       18.0    
  98    18.0       18.0       18.0       18.0       18.0       18.0       18.0       18.0       18.0       18.0       18.0    
        18.0       18.0       18.0       18.0       18.0       18.0       18.0       18.0       18.0       18.0       18.0    
        18.0       18.0       18.0       18.0       18.0       18.0       18.0       18.0       18.0       18.0       18.0    
        18.0       18.0       18.0       18.0       18.0       18.0       18.0       18.0       18.0       18.0       18.0    
        18.0       18.0       18.0       18.0       18.0       18.0       18.0       18.0       18.0       18.0       18.0    
        18.0       18.0       18.0       18.0       18.0       18.0       18.0       18.0       18.0       18.0       18.0    
        18.0       18.0       18.0       18.0       18.0       18.0       18.0    
  99    18.0       18.0       18.0       18.0       18.0       18.0       18.0       18.0       18.0       18.0       18.0    
        18.0       18.0       18.0       18.0       18.0       18.0       18.0       18.0       18.0       18.0       18.0    
        18.0       18.0       18.0       18.0       18.0       18.0       18.0       18.0       18.0       18.0       18.0    
        18.0       18.0       18.0       18.0       18.0       18.0       18.0       18.0       18.0       18.0       18.0    
        18.0       18.0       18.0       18.0       18.0       18.0       18.0       18.0       18.0       18.0       18.0    
        18.0       18.0       18.0       18.0       18.0       18.0       18.0       18.0       18.0       18.0       18.0    
        18.0       18.0       18.0       18.0       18.0       18.0       18.0    
 100    18.0       18.0       18.0       18.0       18.0       18.0       18.0       18.0       18.0       18.0       18.0    
        18.0       18.0       18.0       18.0       18.0       18.0       18.0       18.0       18.0       18.0       18.0    
        18.0       18.0       18.0       18.0       18.0       18.0       18.0       18.0       18.0       18.0       18.0    
        18.0       18.0       18.0       18.0       18.0       18.0       18.0       18.0       18.0       18.0       18.0    
        18.0       18.0       18.0       18.0       18.0       18.0       18.0       18.0       18.0       18.0       18.0    
        18.0       18.0       18.0       18.0       18.0       18.0       18.0       18.0       18.0       18.0       18.0    
        18.0       18.0       18.0       18.0       18.0       18.0       18.0    
 101    18.0       18.0       18.0       18.0       18.0       18.0       18.0       18.0       18.0       18.0       18.0    
        18.0       18.0       18.0       18.0       18.0       18.0       18.0       18.0       18.0       18.0       18.0    
        18.0       18.0       18.0       18.0       18.0       18.0       18.0       18.0       18.0       18.0       18.0    
        18.0       18.0       18.0       18.0       18.0       18.0       18.0       18.0       18.0       18.0       18.0    
        18.0       18.0       18.0       18.0       18.0       18.0       18.0       18.0       18.0       18.0       18.0    
        18.0       18.0       18.0       18.0       18.0       18.0       18.0       18.0       18.0       18.0       18.0    
        18.0       18.0       18.0       18.0       18.0       18.0       18.0    
 102    18.0       18.0       18.0       18.0       18.0       18.0       18.0       18.0       18.0       18.0       18.0    
        18.0       18.0       18.0       18.0       18.0       18.0       18.0       18.0       18.0       18.0       18.0    
        18.0       18.0       18.0       18.0       18.0       18.0       18.0       18.0       18.0       18.0       18.0    
        18.0       18.0       18.0       18.0       18.0       18.0       18.0       18.0       18.0       18.0       18.0    
        18.0       18.0       18.0       18.0       18.0       18.0       18.0       18.0       18.0       18.0       18.0    
        18.0       18.0       18.0       18.0       18.0       18.0       18.0       18.0       18.0       18.0       18.0    
        18.0       18.0       18.0       18.0       18.0       18.0       18.0    
 103    18.0       18.0       18.0       18.0       18.0       18.0       18.0       18.0       18.0       18.0       18.0    
        18.0       18.0       18.0       18.0       18.0       18.0       18.0       18.0       18.0       18.0       18.0    
        18.0       18.0       18.0       18.0       18.0       18.0       18.0       18.0       18.0       18.0       18.0    
        18.0       18.0       18.0       18.0       18.0       18.0       18.0       18.0       18.0       18.0       18.0    
        18.0       18.0       18.0       18.0       18.0       18.0       18.0       18.0       18.0       18.0       18.0    
        18.0       18.0       18.0       18.0       18.0       18.0       18.0       18.0       18.0       18.0       18.0    
        18.0       18.0       18.0       18.0       18.0       18.0       18.0    
 104    18.0       18.0       18.0       18.0       18.0       18.0       18.0       18.0       18.0       18.0       18.0    
        18.0       18.0       18.0       18.0       18.0       18.0       18.0       18.0       18.0       18.0       18.0    
        18.0       18.0       18.0       18.0       18.0       18.0       18.0       18.0       18.0       18.0       18.0    
        18.0       18.0       18.0       18.0       18.0       18.0       18.0       18.0       18.0       18.0       18.0    
        18.0       18.0       18.0       18.0       18.0       18.0       18.0       18.0       18.0       18.0       18.0    
        18.0       18.0       18.0       18.0       18.0       18.0       18.0       18.0       18.0       18.0       18.0    
        18.0       18.0       18.0       18.0       18.0       18.0       18.0    

   HORIZ. ANI. (COL./ROW) =   1.00000     FOR LAYER   1

  HORIZ. TO VERTICAL ANI. =   10.0000     FOR LAYER   1

         SPECIFIC STORAGE =  1.000000E-05 FOR LAYER   1

 OPENING FILE ON UNIT   99:
 .\sy0pp.var.ref                                                                                                                                                                                         



                     SPECIFIC YIELD FOR LAYER   1
 READING ON UNIT   99 WITH FORMAT: (FREE)              

           1          2          3          4          5          6          7          8          9         10         11
          12         13         14         15         16         17         18         19         20         21         22
          23         24         25         26         27         28         29         30         31         32         33
          34         35         36         37         38         39         40         41         42         43         44
          45         46         47         48         49         50         51         52         53         54         55
          56         57         58         59         60         61         62         63         64         65         66
          67         68         69         70         71         72         73
 .........................................................................................................................
   1   1.000E-02  1.000E-02  1.000E-02  1.000E-02  1.000E-02  1.000E-02  1.000E-02  1.000E-02  1.000E-02  1.000E-02  1.000E-02
       1.000E-02  1.000E-02  1.000E-02  1.000E-02  1.000E-02  1.000E-02  1.000E-02  1.000E-02  1.000E-02  1.000E-02  1.000E-02
       1.000E-02  1.000E-02  1.000E-02  1.000E-02  1.000E-02  1.000E-02  1.000E-02  1.000E-02  1.000E-02  1.000E-02  1.000E-02
       1.000E-02  1.000E-02  1.000E-02  1.000E-02  1.000E-02  1.000E-02  1.000E-02  1.000E-02  1.000E-02  1.000E-02  1.000E-02
       1.000E-02  1.000E-02  1.000E-02  1.000E-02  1.000E-02  1.000E-02  1.000E-02  1.000E-02  1.000E-02  1.000E-02  1.000E-02
       1.000E-02  1.000E-02  1.000E-02  1.000E-02  1.000E-02  1.000E-02  1.000E-02  1.000E-02  1.000E-02  1.000E-02  1.000E-02
       1.000E-02  1.000E-02  1.000E-02  1.000E-02  1.000E-02  1.000E-02  1.000E-02
   2   1.000E-02  1.000E-02  1.000E-02  1.000E-02  1.000E-02  1.000E-02  1.000E-02  1.000E-02  1.000E-02  1.000E-02  1.000E-02
       1.000E-02  1.000E-02  1.000E-02  1.000E-02  1.000E-02  1.000E-02  1.000E-02  1.000E-02  1.000E-02  1.000E-02  1.000E-02
       1.000E-02  1.000E-02  1.000E-02  1.000E-02  1.000E-02  1.000E-02  1.000E-02  1.000E-02  1.000E-02  1.000E-02  1.000E-02
       1.000E-02  1.000E-02  1.000E-02  1.000E-02  1.000E-02  1.000E-02  1.000E-02  1.000E-02  1.000E-02  1.000E-02  1.000E-02
       1.000E-02  1.000E-02  1.000E-02  1.000E-02  1.000E-02  1.000E-02  1.000E-02  1.000E-02  1.000E-02  1.000E-02  1.000E-02
       1.000E-02  1.000E-02  1.000E-02  1.000E-02  1.000E-02  1.000E-02  1.000E-02  1.000E-02  1.000E-02  1.000E-02  1.000E-02
       1.000E-02  1.000E-02  1.000E-02  1.000E-02  1.000E-02  1.000E-02  1.000E-02
   3   1.000E-02  1.000E-02  1.000E-02  1.000E-02  1.000E-02  1.000E-02  1.000E-02  1.000E-02  1.000E-02  1.000E-02  1.000E-02
       1.000E-02  1.000E-02  1.000E-02  1.000E-02  1.000E-02  1.000E-02  1.000E-02  1.000E-02  1.000E-02  1.000E-02  1.000E-02
       1.000E-02  1.000E-02  1.000E-02  1.000E-02  1.000E-02  1.000E-02  1.000E-02  1.000E-02  1.000E-02  1.000E-02  1.000E-02
       1.000E-02  1.000E-02  1.000E-02  1.000E-02  1.000E-02  1.000E-02  1.000E-02  1.000E-02  1.000E-02  1.000E-02  1.000E-02
       1.000E-02  1.000E-02  1.000E-02  1.000E-02  1.000E-02  1.000E-02  1.000E-02  1.000E-02  1.000E-02  1.000E-02  1.000E-02
       1.000E-02  1.000E-02  1.000E-02  1.000E-02  1.000E-02  1.000E-02  1.000E-02  1.000E-02  1.000E-02  1.000E-02  1.000E-02
       1.000E-02  1.000E-02  1.000E-02  1.000E-02  1.000E-02  1.000E-02  1.000E-02
   4   1.000E-02  1.000E-02  1.000E-02  1.000E-02  1.000E-02  1.000E-02  1.000E-02  1.000E-02  1.000E-02  1.000E-02  1.000E-02
       1.000E-02  1.000E-02  1.000E-02  1.000E-02  1.000E-02  1.000E-02  1.000E-02  1.000E-02  1.000E-02  1.000E-02  1.000E-02
       1.000E-02  1.000E-02  1.000E-02  1.000E-02  1.000E-02  1.000E-02  1.000E-02  1.000E-02  1.000E-02  1.000E-02  1.000E-02
       1.000E-02  1.000E-02  1.000E-02  1.000E-02  1.000E-02  1.000E-02  1.000E-02  1.000E-02  1.000E-02  1.000E-02  1.000E-02
       1.000E-02  1.000E-02  1.000E-02  1.000E-02  1.000E-02  1.000E-02  1.000E-02  1.000E-02  1.000E-02  1.000E-02  1.000E-02
       1.000E-02  1.000E-02  1.000E-02  1.000E-02  1.000E-02  1.000E-02  1.000E-02  1.000E-02  1.000E-02  1.000E-02  1.000E-02
       1.000E-02  1.000E-02  1.000E-02  1.000E-02  1.000E-02  1.000E-02  1.000E-02
   5   1.000E-02  1.000E-02  1.000E-02  1.000E-02  1.000E-02  1.000E-02  1.000E-02  1.000E-02  1.000E-02  1.000E-02  1.000E-02
       1.000E-02  1.000E-02  1.000E-02  1.000E-02  1.000E-02  1.000E-02  1.000E-02  1.000E-02  1.000E-02  1.000E-02  1.000E-02
       1.000E-02  1.000E-02  1.000E-02  1.000E-02  1.000E-02  1.000E-02  1.000E-02  1.000E-02  1.000E-02  1.000E-02  1.000E-02
       1.000E-02  1.000E-02  1.000E-02  1.000E-02  1.000E-02  1.000E-02  1.000E-02  1.000E-02  1.000E-02  1.000E-02  1.000E-02
       1.000E-02  1.000E-02  1.000E-02  1.000E-02  1.000E-02  1.000E-02  1.000E-02  1.000E-02  1.000E-02  1.000E-02  1.000E-02
       1.000E-02  1.000E-02  1.000E-02  1.000E-02  1.000E-02  1.000E-02  1.000E-02  1.000E-02  1.000E-02  1.000E-02  1.000E-02
       1.000E-02  1.000E-02  1.000E-02  1.000E-02  1.000E-02  1.000E-02  1.000E-02
   6   1.000E-02  1.000E-02  1.000E-02  1.000E-02  1.000E-02  1.000E-02  1.000E-02  1.000E-02  1.000E-02  1.000E-02  1.000E-02
       1.000E-02  1.000E-02  1.000E-02  1.000E-02  1.000E-02  1.000E-02  1.000E-02  1.000E-02  1.000E-02  1.000E-02  1.000E-02
       1.000E-02  1.000E-02  1.000E-02  1.000E-02  1.000E-02  1.000E-02  1.000E-02  1.000E-02  1.000E-02  1.000E-02  1.000E-02
       1.000E-02  1.000E-02  1.000E-02  1.000E-02  1.000E-02  1.000E-02  1.000E-02  1.000E-02  1.000E-02  1.000E-02  1.000E-02
       1.000E-02  1.000E-02  1.000E-02  1.000E-02  1.000E-02  1.000E-02  1.000E-02  1.000E-02  1.000E-02  1.000E-02  1.000E-02
       1.000E-02  1.000E-02  1.000E-02  1.000E-02  1.000E-02  1.000E-02  1.000E-02  1.000E-02  1.000E-02  1.000E-02  1.000E-02
       1.000E-02  1.000E-02  1.000E-02  1.000E-02  1.000E-02  1.000E-02  1.000E-02
   7   1.000E-02  1.000E-02  1.000E-02  1.000E-02  1.000E-02  1.000E-02  1.000E-02  1.000E-02  1.000E-02  1.000E-02  1.000E-02
       1.000E-02  1.000E-02  1.000E-02  1.000E-02  1.000E-02  1.000E-02  1.000E-02  1.000E-02  1.000E-02  1.000E-02  1.000E-02
       1.000E-02  1.000E-02  1.000E-02  1.000E-02  1.000E-02  1.000E-02  1.000E-02  1.000E-02  1.000E-02  1.000E-02  1.000E-02
       1.000E-02  1.000E-02  1.000E-02  1.000E-02  1.000E-02  1.000E-02  1.000E-02  1.000E-02  1.000E-02  1.000E-02  1.000E-02
       1.000E-02  1.000E-02  1.000E-02  1.000E-02  1.000E-02  1.000E-02  1.000E-02  1.000E-02  1.000E-02  1.000E-02  1.000E-02
       1.000E-02  1.000E-02  1.000E-02  1.000E-02  1.000E-02  1.000E-02  1.000E-02  1.000E-02  1.000E-02  1.000E-02  1.000E-02
       1.000E-02  1.000E-02  1.000E-02  1.000E-02  1.000E-02  1.000E-02  1.000E-02
   8   1.000E-02  1.000E-02  1.000E-02  1.000E-02  1.000E-02  1.000E-02  1.000E-02  1.000E-02  1.000E-02  1.000E-02  1.000E-02
       1.000E-02  1.000E-02  1.000E-02  1.000E-02  1.000E-02  1.000E-02  1.000E-02  1.000E-02  1.000E-02  1.000E-02  1.000E-02
       1.000E-02  1.000E-02  1.000E-02  1.000E-02  1.000E-02  1.000E-02  1.000E-02  1.000E-02  1.000E-02  1.000E-02  1.000E-02
       1.000E-02  1.000E-02  1.000E-02  1.000E-02  1.000E-02  1.000E-02  1.000E-02  1.000E-02  1.000E-02  1.000E-02  1.000E-02
       1.000E-02  1.000E-02  1.000E-02  1.000E-02  1.000E-02  1.000E-02  1.000E-02  1.000E-02  1.000E-02  1.000E-02  1.000E-02
       1.000E-02  1.000E-02  1.000E-02  1.000E-02  1.000E-02  1.000E-02  1.000E-02  1.000E-02  1.000E-02  1.000E-02  1.000E-02
       1.000E-02  1.000E-02  1.000E-02  1.000E-02  1.000E-02  1.000E-02  1.000E-02
   9   1.000E-02  1.000E-02  1.000E-02  1.000E-02  1.000E-02  1.000E-02  1.000E-02  1.000E-02  1.000E-02  1.000E-02  1.000E-02
       1.000E-02  1.000E-02  1.000E-02  1.000E-02  1.000E-02  1.000E-02  1.000E-02  1.000E-02  1.000E-02  1.000E-02  1.000E-02
       1.000E-02  1.000E-02  1.000E-02  1.000E-02  1.000E-02  1.000E-02  1.000E-02  1.000E-02  1.000E-02  1.000E-02  1.000E-02
       1.000E-02  1.000E-02  1.000E-02  1.000E-02  1.000E-02  1.000E-02  1.000E-02  1.000E-02  1.000E-02  1.000E-02  1.000E-02
       1.000E-02  1.000E-02  1.000E-02  1.000E-02  1.000E-02  1.000E-02  1.000E-02  1.000E-02  1.000E-02  1.000E-02  1.000E-02
       1.000E-02  1.000E-02  1.000E-02  1.000E-02  1.000E-02  1.000E-02  1.000E-02  1.000E-02  1.000E-02  1.000E-02  1.000E-02
       1.000E-02  1.000E-02  1.000E-02  1.000E-02  1.000E-02  1.000E-02  1.000E-02
  10   1.000E-02  1.000E-02  1.000E-02  1.000E-02  1.000E-02  1.000E-02  1.000E-02  1.000E-02  1.000E-02  1.000E-02  1.000E-02
       1.000E-02  1.000E-02  1.000E-02  1.000E-02  1.000E-02  1.000E-02  1.000E-02  1.000E-02  1.000E-02  1.000E-02  1.000E-02
       1.000E-02  1.000E-02  1.000E-02  1.000E-02  1.000E-02  1.000E-02  1.000E-02  1.000E-02  1.000E-02  1.000E-02  1.000E-02
       1.000E-02  1.000E-02  1.000E-02  1.000E-02  1.000E-02  1.000E-02  1.000E-02  1.000E-02  1.000E-02  1.000E-02  1.000E-02
       1.000E-02  1.000E-02  1.000E-02  1.000E-02  1.000E-02  1.000E-02  1.000E-02  1.000E-02  1.000E-02  1.000E-02  1.000E-02
       1.000E-02  1.000E-02  1.000E-02  1.000E-02  1.000E-02  1.000E-02  1.000E-02  1.000E-02  1.000E-02  1.000E-02  1.000E-02
       1.000E-02  1.000E-02  1.000E-02  1.000E-02  1.000E-02  1.000E-02  1.000E-02
  11   1.000E-02  1.000E-02  1.000E-02  1.000E-02  1.000E-02  1.000E-02  1.000E-02  1.000E-02  1.000E-02  1.000E-02  1.000E-02
       1.000E-02  1.000E-02  1.000E-02  1.000E-02  1.000E-02  1.000E-02  1.000E-02  1.000E-02  1.000E-02  1.000E-02  1.000E-02
       1.000E-02  1.000E-02  1.000E-02  1.000E-02  1.000E-02  1.000E-02  1.000E-02  1.000E-02  1.000E-02  1.000E-02  1.000E-02
       1.000E-02  1.000E-02  1.000E-02  1.000E-02  1.000E-02  1.000E-02  1.000E-02  1.000E-02  1.000E-02  1.000E-02  1.000E-02
       1.000E-02  1.000E-02  1.000E-02  1.000E-02  1.000E-02  1.000E-02  1.000E-02  1.000E-02  1.000E-02  1.000E-02  1.000E-02
       1.000E-02  1.000E-02  1.000E-02  1.000E-02  1.000E-02  1.000E-02  1.000E-02  1.000E-02  1.000E-02  1.000E-02  1.000E-02
       1.000E-02  1.000E-02  1.000E-02  1.000E-02  1.000E-02  1.000E-02  1.000E-02
  12   1.000E-02  1.000E-02  1.000E-02  1.000E-02  1.000E-02  1.000E-02  1.000E-02  1.000E-02  1.000E-02  1.000E-02  1.000E-02
       1.000E-02  1.000E-02  1.000E-02  1.000E-02  1.000E-02  1.000E-02  1.000E-02  1.000E-02  1.000E-02  1.000E-02  1.000E-02
       1.000E-02  1.000E-02  1.000E-02  1.000E-02  1.000E-02  1.000E-02  1.000E-02  1.000E-02  1.000E-02  1.000E-02  1.000E-02
       1.000E-02  1.000E-02  1.000E-02  1.000E-02  1.000E-02  1.000E-02  1.000E-02  1.000E-02  1.000E-02  1.000E-02  1.000E-02
       1.000E-02  1.000E-02  1.000E-02  1.000E-02  1.000E-02  1.000E-02  1.000E-02  1.000E-02  1.000E-02  1.000E-02  1.000E-02
       1.000E-02  1.000E-02  1.000E-02  1.000E-02  1.000E-02  1.000E-02  1.000E-02  1.000E-02  1.000E-02  1.000E-02  1.000E-02
       1.000E-02  1.000E-02  1.000E-02  1.000E-02  1.000E-02  1.000E-02  1.000E-02
  13   1.000E-02  1.000E-02  1.000E-02  1.000E-02  1.000E-02  1.000E-02  1.000E-02  1.000E-02  1.000E-02  1.000E-02  1.000E-02
       1.000E-02  1.000E-02  1.000E-02  1.000E-02  1.000E-02  1.000E-02  1.000E-02  1.000E-02  1.000E-02  1.000E-02  1.000E-02
       1.000E-02  1.000E-02  1.000E-02  1.000E-02  1.000E-02  1.000E-02  1.000E-02  1.000E-02  1.000E-02  1.000E-02  1.000E-02
       1.000E-02  1.000E-02  1.000E-02  1.000E-02  1.000E-02  1.000E-02  1.000E-02  1.000E-02  1.000E-02  1.000E-02  1.000E-02
       1.000E-02  1.000E-02  1.000E-02  1.000E-02  1.000E-02  1.000E-02  1.000E-02  1.000E-02  1.000E-02  1.000E-02  1.000E-02
       1.000E-02  1.000E-02  1.000E-02  1.000E-02  1.000E-02  1.000E-02  1.000E-02  1.000E-02  1.000E-02  1.000E-02  1.000E-02
       1.000E-02  1.000E-02  1.000E-02  1.000E-02  1.000E-02  1.000E-02  1.000E-02
  14   1.000E-02  1.000E-02  1.000E-02  1.000E-02  1.000E-02  1.000E-02  1.000E-02  1.000E-02  1.000E-02  1.000E-02  1.000E-02
       1.000E-02  1.000E-02  1.000E-02  1.000E-02  1.000E-02  1.000E-02  1.000E-02  1.000E-02  1.000E-02  1.000E-02  1.000E-02
       1.000E-02  1.000E-02  1.000E-02  1.000E-02  1.000E-02  1.000E-02  1.000E-02  1.000E-02  1.000E-02  1.000E-02  1.000E-02
       1.000E-02  1.000E-02  1.000E-02  1.000E-02  1.000E-02  1.000E-02  1.000E-02  1.000E-02  1.000E-02  1.000E-02  1.000E-02
       1.000E-02  1.000E-02  1.000E-02  1.000E-02  1.000E-02  1.000E-02  1.000E-02  1.000E-02  1.000E-02  1.000E-02  1.000E-02
       1.000E-02  1.000E-02  1.000E-02  1.000E-02  1.000E-02  1.000E-02  1.000E-02  1.000E-02  1.000E-02  1.000E-02  1.000E-02
       1.000E-02  1.000E-02  1.000E-02  1.000E-02  1.000E-02  1.000E-02  1.000E-02
  15   1.000E-02  1.000E-02  1.000E-02  1.000E-02  1.000E-02  1.000E-02  1.000E-02  1.000E-02  1.000E-02  1.000E-02  1.000E-02
       1.000E-02  1.000E-02  1.000E-02  1.000E-02  1.000E-02  1.000E-02  1.000E-02  1.000E-02  1.000E-02  1.000E-02  1.000E-02
       1.000E-02  1.000E-02  1.000E-02  1.000E-02  1.000E-02  1.000E-02  1.000E-02  1.000E-02  1.000E-02  1.000E-02  1.000E-02
       1.000E-02  1.000E-02  1.000E-02  1.000E-02  1.000E-02  1.000E-02  1.000E-02  1.000E-02  1.000E-02  1.000E-02  1.000E-02
       1.000E-02  1.000E-02  1.000E-02  1.000E-02  1.000E-02  1.000E-02  1.000E-02  1.000E-02  1.000E-02  1.000E-02  1.000E-02
       1.000E-02  1.000E-02  1.000E-02  1.000E-02  1.000E-02  1.000E-02  1.000E-02  1.000E-02  1.000E-02  1.000E-02  1.000E-02
       1.000E-02  1.000E-02  1.000E-02  1.000E-02  1.000E-02  1.000E-02  1.000E-02
  16   1.000E-02  1.000E-02  1.000E-02  1.000E-02  1.000E-02  1.000E-02  1.000E-02  1.000E-02  1.000E-02  1.000E-02  1.000E-02
       1.000E-02  1.000E-02  1.000E-02  1.000E-02  1.000E-02  1.000E-02  1.000E-02  1.000E-02  1.000E-02  1.000E-02  1.000E-02
       1.000E-02  1.000E-02  1.000E-02  1.000E-02  1.000E-02  1.000E-02  1.000E-02  1.000E-02  1.000E-02  1.000E-02  1.000E-02
       1.000E-02  1.000E-02  1.000E-02  1.000E-02  1.000E-02  1.000E-02  1.000E-02  1.000E-02  1.000E-02  1.000E-02  1.000E-02
       1.000E-02  1.000E-02  1.000E-02  1.000E-02  1.000E-02  1.000E-02  1.000E-02  1.000E-02  1.000E-02  1.000E-02  1.000E-02
       1.000E-02  1.000E-02  1.000E-02  1.000E-02  1.000E-02  1.000E-02  1.000E-02  1.000E-02  1.000E-02  1.000E-02  1.000E-02
       1.000E-02  1.000E-02  1.000E-02  1.000E-02  1.000E-02  1.000E-02  1.000E-02
  17   1.000E-02  1.000E-02  1.000E-02  1.000E-02  1.000E-02  1.000E-02  1.000E-02  1.000E-02  1.000E-02  1.000E-02  1.000E-02
       1.000E-02  1.000E-02  1.000E-02  1.000E-02  1.000E-02  1.000E-02  1.000E-02  1.000E-02  1.000E-02  1.000E-02  1.000E-02
       1.000E-02  1.000E-02  1.000E-02  1.000E-02  1.000E-02  1.000E-02  1.000E-02  1.000E-02  1.000E-02  1.000E-02  1.000E-02
       1.000E-02  1.000E-02  1.000E-02  1.000E-02  1.000E-02  1.000E-02  1.000E-02  1.000E-02  1.000E-02  1.000E-02  1.000E-02
       1.000E-02  1.000E-02  1.000E-02  1.000E-02  1.000E-02  1.000E-02  1.000E-02  1.000E-02  1.000E-02  1.000E-02  1.000E-02
       1.000E-02  1.000E-02  1.000E-02  1.000E-02  1.000E-02  1.000E-02  1.000E-02  1.000E-02  1.000E-02  1.000E-02  1.000E-02
       1.000E-02  1.000E-02  1.000E-02  1.000E-02  1.000E-02  1.000E-02  1.000E-02
  18   1.000E-02  1.000E-02  1.000E-02  1.000E-02  1.000E-02  1.000E-02  1.000E-02  1.000E-02  1.000E-02  1.000E-02  1.000E-02
       1.000E-02  1.000E-02  1.000E-02  1.000E-02  1.000E-02  1.000E-02  1.000E-02  1.000E-02  1.000E-02  1.000E-02  1.000E-02
       1.000E-02  1.000E-02  1.000E-02  1.000E-02  1.000E-02  1.000E-02  1.000E-02  1.000E-02  1.000E-02  1.000E-02  1.000E-02
       1.000E-02  1.000E-02  1.000E-02  1.000E-02  1.000E-02  1.000E-02  1.000E-02  1.000E-02  1.000E-02  1.000E-02  1.000E-02
       1.000E-02  1.000E-02  1.000E-02  1.000E-02  1.000E-02  1.000E-02  1.000E-02  1.000E-02  1.000E-02  1.000E-02  1.000E-02
       1.000E-02  1.000E-02  1.000E-02  1.000E-02  1.000E-02  1.000E-02  1.000E-02  1.000E-02  1.000E-02  1.000E-02  1.000E-02
       1.000E-02  1.000E-02  1.000E-02  1.000E-02  1.000E-02  1.000E-02  1.000E-02
  19   1.000E-02  1.000E-02  1.000E-02  1.000E-02  1.000E-02  1.000E-02  1.000E-02  1.000E-02  1.000E-02  1.000E-02  1.000E-02
       1.000E-02  1.000E-02  1.000E-02  1.000E-02  1.000E-02  1.000E-02  1.000E-02  1.000E-02  1.000E-02  1.000E-02  1.000E-02
       1.000E-02  1.000E-02  1.000E-02  1.000E-02  1.000E-02  1.000E-02  1.000E-02  1.000E-02  1.000E-02  1.000E-02  1.000E-02
       1.000E-02  1.000E-02  1.000E-02  1.000E-02  1.000E-02  1.000E-02  1.000E-02  1.000E-02  1.000E-02  1.000E-02  1.000E-02
       1.000E-02  1.000E-02  1.000E-02  1.000E-02  1.000E-02  1.000E-02  1.000E-02  1.000E-02  1.000E-02  1.000E-02  1.000E-02
       1.000E-02  1.000E-02  1.000E-02  1.000E-02  1.000E-02  1.000E-02  1.000E-02  1.000E-02  1.000E-02  1.000E-02  1.000E-02
       1.000E-02  1.000E-02  1.000E-02  1.000E-02  1.000E-02  1.000E-02  1.000E-02
  20   1.000E-02  1.000E-02  1.000E-02  1.000E-02  1.000E-02  1.000E-02  1.000E-02  1.000E-02  1.000E-02  1.000E-02  1.000E-02
       1.000E-02  1.000E-02  1.000E-02  1.000E-02  1.000E-02  1.000E-02  1.000E-02  1.000E-02  1.000E-02  1.000E-02  1.000E-02
       1.000E-02  1.000E-02  1.000E-02  1.000E-02  1.000E-02  1.000E-02  1.000E-02  1.000E-02  1.000E-02  1.000E-02  1.000E-02
       1.000E-02  1.000E-02  1.000E-02  1.000E-02  1.000E-02  1.000E-02  1.000E-02  1.000E-02  1.000E-02  1.000E-02  1.000E-02
       1.000E-02  1.000E-02  1.000E-02  1.000E-02  1.000E-02  1.000E-02  1.000E-02  1.000E-02  1.000E-02  1.000E-02  1.000E-02
       1.000E-02  1.000E-02  1.000E-02  1.000E-02  1.000E-02  1.000E-02  1.000E-02  1.000E-02  1.000E-02  1.000E-02  1.000E-02
       1.000E-02  1.000E-02  1.000E-02  1.000E-02  1.000E-02  1.000E-02  1.000E-02
  21   1.000E-02  1.000E-02  1.000E-02  1.000E-02  1.000E-02  1.000E-02  1.000E-02  1.000E-02  1.000E-02  1.000E-02  1.000E-02
       1.000E-02  1.000E-02  1.000E-02  1.000E-02  1.000E-02  1.000E-02  1.000E-02  1.000E-02  1.000E-02  1.000E-02  1.000E-02
       1.000E-02  1.000E-02  1.000E-02  1.000E-02  1.000E-02  1.000E-02  1.000E-02  1.000E-02  1.000E-02  1.000E-02  1.000E-02
       1.000E-02  1.000E-02  1.000E-02  1.000E-02  1.000E-02  1.000E-02  1.000E-02  1.000E-02  1.000E-02  1.000E-02  1.000E-02
       1.000E-02  1.000E-02  1.000E-02  1.000E-02  1.000E-02  1.000E-02  1.000E-02  1.000E-02  1.000E-02  1.000E-02  1.000E-02
       1.000E-02  1.000E-02  1.000E-02  1.000E-02  1.000E-02  1.000E-02  1.000E-02  1.000E-02  1.000E-02  1.000E-02  1.000E-02
       1.000E-02  1.000E-02  1.000E-02  1.000E-02  1.000E-02  1.000E-02  1.000E-02
  22   1.000E-02  1.000E-02  1.000E-02  1.000E-02  1.000E-02  1.000E-02  1.000E-02  1.000E-02  1.000E-02  1.000E-02  1.000E-02
       1.000E-02  1.000E-02  1.000E-02  1.000E-02  1.000E-02  1.000E-02  1.000E-02  1.000E-02  1.000E-02  1.000E-02  1.000E-02
       1.000E-02  1.000E-02  1.000E-02  1.000E-02  1.000E-02  1.000E-02  1.000E-02  1.000E-02  1.000E-02  1.000E-02  1.000E-02
       1.000E-02  1.000E-02  1.000E-02  1.000E-02  1.000E-02  1.000E-02  1.000E-02  1.000E-02  1.000E-02  1.000E-02  1.000E-02
       1.000E-02  1.000E-02  1.000E-02  1.000E-02  1.000E-02  1.000E-02  1.000E-02  1.000E-02  1.000E-02  1.000E-02  1.000E-02
       1.000E-02  1.000E-02  1.000E-02  1.000E-02  1.000E-02  1.000E-02  1.000E-02  1.000E-02  1.000E-02  1.000E-02  1.000E-02
       1.000E-02  1.000E-02  1.000E-02  1.000E-02  1.000E-02  1.000E-02  1.000E-02
  23   1.000E-02  1.000E-02  1.000E-02  1.000E-02  1.000E-02  1.000E-02  1.000E-02  1.000E-02  1.000E-02  1.000E-02  1.000E-02
       1.000E-02  1.000E-02  1.000E-02  1.000E-02  1.000E-02  1.000E-02  1.000E-02  1.000E-02  1.000E-02  1.000E-02  1.000E-02
       1.000E-02  1.000E-02  1.000E-02  1.000E-02  1.000E-02  1.000E-02  1.000E-02  1.000E-02  1.000E-02  1.000E-02  1.000E-02
       1.000E-02  1.000E-02  1.000E-02  1.000E-02  1.000E-02  1.000E-02  1.000E-02  1.000E-02  1.000E-02  1.000E-02  1.000E-02
       1.000E-02  1.000E-02  1.000E-02  1.000E-02  1.000E-02  1.000E-02  1.000E-02  1.000E-02  1.000E-02  1.000E-02  1.000E-02
       1.000E-02  1.000E-02  1.000E-02  1.000E-02  1.000E-02  1.000E-02  1.000E-02  1.000E-02  1.000E-02  1.000E-02  1.000E-02
       1.000E-02  1.000E-02  1.000E-02  1.000E-02  1.000E-02  1.000E-02  1.000E-02
  24   1.000E-02  1.000E-02  1.000E-02  1.000E-02  1.000E-02  1.000E-02  1.000E-02  1.000E-02  1.000E-02  1.000E-02  1.000E-02
       1.000E-02  1.000E-02  1.000E-02  1.000E-02  1.000E-02  1.000E-02  1.000E-02  1.000E-02  1.000E-02  1.000E-02  1.000E-02
       1.000E-02  1.000E-02  1.000E-02  1.000E-02  1.000E-02  1.000E-02  1.000E-02  1.000E-02  1.000E-02  1.000E-02  1.000E-02
       1.000E-02  1.000E-02  1.000E-02  1.000E-02  1.000E-02  1.000E-02  1.000E-02  1.000E-02  1.000E-02  1.000E-02  1.000E-02
       1.000E-02  1.000E-02  1.000E-02  1.000E-02  1.000E-02  1.000E-02  1.000E-02  1.000E-02  1.000E-02  1.000E-02  1.000E-02
       1.000E-02  1.000E-02  1.000E-02  1.000E-02  1.000E-02  1.000E-02  1.000E-02  1.000E-02  1.000E-02  1.000E-02  1.000E-02
       1.000E-02  1.000E-02  1.000E-02  1.000E-02  1.000E-02  1.000E-02  1.000E-02
  25   1.000E-02  1.000E-02  1.000E-02  1.000E-02  1.000E-02  1.000E-02  1.000E-02  1.000E-02  1.000E-02  1.000E-02  1.000E-02
       1.000E-02  1.000E-02  1.000E-02  1.000E-02  1.000E-02  1.000E-02  1.000E-02  1.000E-02  1.000E-02  1.000E-02  1.000E-02
       1.000E-02  1.000E-02  1.000E-02  1.000E-02  1.000E-02  1.000E-02  1.000E-02  1.000E-02  1.000E-02  1.000E-02  1.000E-02
       1.000E-02  1.000E-02  1.000E-02  1.000E-02  1.000E-02  1.000E-02  1.000E-02  1.000E-02  1.000E-02  1.000E-02  1.000E-02
       1.000E-02  1.000E-02  1.000E-02  1.000E-02  1.000E-02  1.000E-02  1.000E-02  1.000E-02  1.000E-02  1.000E-02  1.000E-02
       1.000E-02  1.000E-02  1.000E-02  1.000E-02  1.000E-02  1.000E-02  1.000E-02  1.000E-02  1.000E-02  1.000E-02  1.000E-02
       1.000E-02  1.000E-02  1.000E-02  1.000E-02  1.000E-02  1.000E-02  1.000E-02
  26   1.000E-02  1.000E-02  1.000E-02  1.000E-02  1.000E-02  1.000E-02  1.000E-02  1.000E-02  1.000E-02  1.000E-02  1.000E-02
       1.000E-02  1.000E-02  1.000E-02  1.000E-02  1.000E-02  1.000E-02  1.000E-02  1.000E-02  1.000E-02  1.000E-02  1.000E-02
       1.000E-02  1.000E-02  1.000E-02  1.000E-02  1.000E-02  1.000E-02  1.000E-02  1.000E-02  1.000E-02  1.000E-02  1.000E-02
       1.000E-02  1.000E-02  1.000E-02  1.000E-02  1.000E-02  1.000E-02  1.000E-02  1.000E-02  1.000E-02  1.000E-02  1.000E-02
       1.000E-02  1.000E-02  1.000E-02  1.000E-02  1.000E-02  1.000E-02  1.000E-02  1.000E-02  1.000E-02  1.000E-02  1.000E-02
       1.000E-02  1.000E-02  1.000E-02  1.000E-02  1.000E-02  1.000E-02  1.000E-02  1.000E-02  1.000E-02  1.000E-02  1.000E-02
       1.000E-02  1.000E-02  1.000E-02  1.000E-02  1.000E-02  1.000E-02  1.000E-02
  27   1.000E-02  1.000E-02  1.000E-02  1.000E-02  1.000E-02  1.000E-02  1.000E-02  1.000E-02  1.000E-02  1.000E-02  1.000E-02
       1.000E-02  1.000E-02  1.000E-02  1.000E-02  1.000E-02  1.000E-02  1.000E-02  1.000E-02  1.000E-02  1.000E-02  1.000E-02
       1.000E-02  1.000E-02  1.000E-02  1.000E-02  1.000E-02  1.000E-02  1.000E-02  1.000E-02  1.000E-02  1.000E-02  1.000E-02
       1.000E-02  1.000E-02  1.000E-02  1.000E-02  1.000E-02  1.000E-02  1.000E-02  1.000E-02  1.000E-02  1.000E-02  1.000E-02
       1.000E-02  1.000E-02  1.000E-02  1.000E-02  1.000E-02  1.000E-02  1.000E-02  1.000E-02  1.000E-02  1.000E-02  1.000E-02
       1.000E-02  1.000E-02  1.000E-02  1.000E-02  1.000E-02  1.000E-02  1.000E-02  1.000E-02  1.000E-02  1.000E-02  1.000E-02
       1.000E-02  1.000E-02  1.000E-02  1.000E-02  1.000E-02  1.000E-02  1.000E-02
  28   1.000E-02  1.000E-02  1.000E-02  1.000E-02  1.000E-02  1.000E-02  1.000E-02  1.000E-02  1.000E-02  1.000E-02  1.000E-02
       1.000E-02  1.000E-02  1.000E-02  1.000E-02  1.000E-02  1.000E-02  1.000E-02  1.000E-02  1.000E-02  1.000E-02  1.000E-02
       1.000E-02  1.000E-02  1.000E-02  1.000E-02  1.000E-02  1.000E-02  1.000E-02  1.000E-02  1.000E-02  1.000E-02  1.000E-02
       1.000E-02  1.000E-02  1.000E-02  1.000E-02  1.000E-02  1.000E-02  1.000E-02  1.000E-02  1.000E-02  1.000E-02  1.000E-02
       1.000E-02  1.000E-02  1.000E-02  1.000E-02  1.000E-02  1.000E-02  1.000E-02  1.000E-02  1.000E-02  1.000E-02  1.000E-02
       1.000E-02  1.000E-02  1.000E-02  1.000E-02  1.000E-02  1.000E-02  1.000E-02  1.000E-02  1.000E-02  1.000E-02  1.000E-02
       1.000E-02  1.000E-02  1.000E-02  1.000E-02  1.000E-02  1.000E-02  1.000E-02
  29   1.000E-02  1.000E-02  1.000E-02  1.000E-02  1.000E-02  1.000E-02  1.000E-02  1.000E-02  1.000E-02  1.000E-02  1.000E-02
       1.000E-02  1.000E-02  1.000E-02  1.000E-02  1.000E-02  1.000E-02  1.000E-02  1.000E-02  1.000E-02  1.000E-02  1.000E-02
       1.000E-02  1.000E-02  1.000E-02  1.000E-02  1.000E-02  1.000E-02  1.000E-02  1.000E-02  1.000E-02  1.000E-02  1.000E-02
       1.000E-02  1.000E-02  1.000E-02  1.000E-02  1.000E-02  1.000E-02  1.000E-02  1.000E-02  1.000E-02  1.000E-02  1.000E-02
       1.000E-02  1.000E-02  1.000E-02  1.000E-02  1.000E-02  1.000E-02  1.000E-02  1.000E-02  1.000E-02  1.000E-02  1.000E-02
       1.000E-02  1.000E-02  1.000E-02  1.000E-02  1.000E-02  1.000E-02  1.000E-02  1.000E-02  1.000E-02  1.000E-02  1.000E-02
       1.000E-02  1.000E-02  1.000E-02  1.000E-02  1.000E-02  1.000E-02  1.000E-02
  30   1.000E-02  1.000E-02  1.000E-02  1.000E-02  1.000E-02  1.000E-02  1.000E-02  1.000E-02  1.000E-02  1.000E-02  1.000E-02
       1.000E-02  1.000E-02  1.000E-02  1.000E-02  1.000E-02  1.000E-02  1.000E-02  1.000E-02  1.000E-02  1.000E-02  1.000E-02
       1.000E-02  1.000E-02  1.000E-02  1.000E-02  1.000E-02  1.000E-02  1.000E-02  1.000E-02  1.000E-02  1.000E-02  1.000E-02
       1.000E-02  1.000E-02  1.000E-02  1.000E-02  1.000E-02  1.000E-02  1.000E-02  1.000E-02  1.000E-02  1.000E-02  1.000E-02
       1.000E-02  1.000E-02  1.000E-02  1.000E-02  1.000E-02  1.000E-02  1.000E-02  1.000E-02  1.000E-02  1.000E-02  1.000E-02
       1.000E-02  1.000E-02  1.000E-02  1.000E-02  1.000E-02  1.000E-02  1.000E-02  1.000E-02  1.000E-02  1.000E-02  1.000E-02
       1.000E-02  1.000E-02  1.000E-02  1.000E-02  1.000E-02  1.000E-02  1.000E-02
  31   1.000E-02  1.000E-02  1.000E-02  1.000E-02  1.000E-02  1.000E-02  1.000E-02  1.000E-02  1.000E-02  1.000E-02  1.000E-02
       1.000E-02  1.000E-02  1.000E-02  1.000E-02  1.000E-02  1.000E-02  1.000E-02  1.000E-02  1.000E-02  1.000E-02  1.000E-02
       1.000E-02  1.000E-02  1.000E-02  1.000E-02  1.000E-02  1.000E-02  1.000E-02  1.000E-02  1.000E-02  1.000E-02  1.000E-02
       1.000E-02  1.000E-02  1.000E-02  1.000E-02  1.000E-02  1.000E-02  1.000E-02  1.000E-02  1.000E-02  1.000E-02  1.000E-02
       1.000E-02  1.000E-02  1.000E-02  1.000E-02  1.000E-02  1.000E-02  1.000E-02  1.000E-02  1.000E-02  1.000E-02  1.000E-02
       1.000E-02  1.000E-02  1.000E-02  1.000E-02  1.000E-02  1.000E-02  1.000E-02  1.000E-02  1.000E-02  1.000E-02  1.000E-02
       1.000E-02  1.000E-02  1.000E-02  1.000E-02  1.000E-02  1.000E-02  1.000E-02
  32   1.000E-02  1.000E-02  1.000E-02  1.000E-02  1.000E-02  1.000E-02  1.000E-02  1.000E-02  1.000E-02  1.000E-02  1.000E-02
       1.000E-02  1.000E-02  1.000E-02  1.000E-02  1.000E-02  1.000E-02  1.000E-02  1.000E-02  1.000E-02  1.000E-02  1.000E-02
       1.000E-02  1.000E-02  1.000E-02  1.000E-02  1.000E-02  1.000E-02  1.000E-02  1.000E-02  1.000E-02  1.000E-02  1.000E-02
       1.000E-02  1.000E-02  1.000E-02  1.000E-02  1.000E-02  1.000E-02  1.000E-02  1.000E-02  1.000E-02  1.000E-02  1.000E-02
       1.000E-02  1.000E-02  1.000E-02  1.000E-02  1.000E-02  1.000E-02  1.000E-02  1.000E-02  1.000E-02  1.000E-02  1.000E-02
       1.000E-02  1.000E-02  1.000E-02  1.000E-02  1.000E-02  1.000E-02  1.000E-02  1.000E-02  1.000E-02  1.000E-02  1.000E-02
       1.000E-02  1.000E-02  1.000E-02  1.000E-02  1.000E-02  1.000E-02  1.000E-02
  33   1.000E-02  1.000E-02  1.000E-02  1.000E-02  1.000E-02  1.000E-02  1.000E-02  1.000E-02  1.000E-02  1.000E-02  1.000E-02
       1.000E-02  1.000E-02  1.000E-02  1.000E-02  1.000E-02  1.000E-02  1.000E-02  1.000E-02  1.000E-02  1.000E-02  1.000E-02
       1.000E-02  1.000E-02  1.000E-02  1.000E-02  1.000E-02  1.000E-02  1.000E-02  1.000E-02  1.000E-02  1.000E-02  1.000E-02
       1.000E-02  1.000E-02  1.000E-02  1.000E-02  1.000E-02  1.000E-02  1.000E-02  1.000E-02  1.000E-02  1.000E-02  1.000E-02
       1.000E-02  1.000E-02  1.000E-02  1.000E-02  1.000E-02  1.000E-02  1.000E-02  1.000E-02  1.000E-02  1.000E-02  1.000E-02
       1.000E-02  1.000E-02  1.000E-02  1.000E-02  1.000E-02  1.000E-02  1.000E-02  1.000E-02  1.000E-02  1.000E-02  1.000E-02
       1.000E-02  1.000E-02  1.000E-02  1.000E-02  1.000E-02  1.000E-02  1.000E-02
  34   1.000E-02  1.000E-02  1.000E-02  1.000E-02  1.000E-02  1.000E-02  1.000E-02  1.000E-02  1.000E-02  1.000E-02  1.000E-02
       1.000E-02  1.000E-02  1.000E-02  1.000E-02  1.000E-02  1.000E-02  1.000E-02  1.000E-02  1.000E-02  1.000E-02  1.000E-02
       1.000E-02  1.000E-02  1.000E-02  1.000E-02  1.000E-02  1.000E-02  1.000E-02  1.000E-02  1.000E-02  1.000E-02  1.000E-02
       1.000E-02  1.000E-02  1.000E-02  1.000E-02  1.000E-02  1.000E-02  1.000E-02  1.000E-02  1.000E-02  1.000E-02  1.000E-02
       1.000E-02  1.000E-02  1.000E-02  1.000E-02  1.000E-02  1.000E-02  1.000E-02  1.000E-02  1.000E-02  1.000E-02  1.000E-02
       1.000E-02  1.000E-02  1.000E-02  1.000E-02  1.000E-02  1.000E-02  1.000E-02  1.000E-02  1.000E-02  1.000E-02  1.000E-02
       1.000E-02  1.000E-02  1.000E-02  1.000E-02  1.000E-02  1.000E-02  1.000E-02
  35   1.000E-02  1.000E-02  1.000E-02  1.000E-02  1.000E-02  1.000E-02  1.000E-02  1.000E-02  1.000E-02  1.000E-02  1.000E-02
       1.000E-02  1.000E-02  1.000E-02  1.000E-02  1.000E-02  1.000E-02  1.000E-02  1.000E-02  1.000E-02  1.000E-02  1.000E-02
       1.000E-02  1.000E-02  1.000E-02  1.000E-02  1.000E-02  1.000E-02  1.000E-02  1.000E-02  1.000E-02  1.000E-02  1.000E-02
       1.000E-02  1.000E-02  1.000E-02  1.000E-02  1.000E-02  1.000E-02  1.000E-02  1.000E-02  1.000E-02  1.000E-02  1.000E-02
       1.000E-02  1.000E-02  1.000E-02  1.000E-02  1.000E-02  1.000E-02  1.000E-02  1.000E-02  1.000E-02  1.000E-02  1.000E-02
       1.000E-02  1.000E-02  1.000E-02  1.000E-02  1.000E-02  1.000E-02  1.000E-02  1.000E-02  1.000E-02  1.000E-02  1.000E-02
       1.000E-02  1.000E-02  1.000E-02  1.000E-02  1.000E-02  1.000E-02  1.000E-02
  36   1.000E-02  1.000E-02  1.000E-02  1.000E-02  1.000E-02  1.000E-02  1.000E-02  1.000E-02  1.000E-02  1.000E-02  1.000E-02
       1.000E-02  1.000E-02  1.000E-02  1.000E-02  1.000E-02  1.000E-02  1.000E-02  1.000E-02  1.000E-02  1.000E-02  1.000E-02
       1.000E-02  1.000E-02  1.000E-02  1.000E-02  1.000E-02  1.000E-02  1.000E-02  1.000E-02  1.000E-02  1.000E-02  1.000E-02
       1.000E-02  1.000E-02  1.000E-02  1.000E-02  1.000E-02  1.000E-02  1.000E-02  1.000E-02  1.000E-02  1.000E-02  1.000E-02
       1.000E-02  1.000E-02  1.000E-02  1.000E-02  1.000E-02  1.000E-02  1.000E-02  1.000E-02  1.000E-02  1.000E-02  1.000E-02
       1.000E-02  1.000E-02  1.000E-02  1.000E-02  1.000E-02  1.000E-02  1.000E-02  1.000E-02  1.000E-02  1.000E-02  1.000E-02
       1.000E-02  1.000E-02  1.000E-02  1.000E-02  1.000E-02  1.000E-02  1.000E-02
  37   1.000E-02  1.000E-02  1.000E-02  1.000E-02  1.000E-02  1.000E-02  1.000E-02  1.000E-02  1.000E-02  1.000E-02  1.000E-02
       1.000E-02  1.000E-02  1.000E-02  1.000E-02  1.000E-02  1.000E-02  1.000E-02  1.000E-02  1.000E-02  1.000E-02  1.000E-02
       1.000E-02  1.000E-02  1.000E-02  1.000E-02  1.000E-02  1.000E-02  1.000E-02  1.000E-02  1.000E-02  1.000E-02  1.000E-02
       1.000E-02  1.000E-02  1.000E-02  1.000E-02  1.000E-02  1.000E-02  1.000E-02  1.000E-02  1.000E-02  1.000E-02  1.000E-02
       1.000E-02  1.000E-02  1.000E-02  1.000E-02  1.000E-02  1.000E-02  1.000E-02  1.000E-02  1.000E-02  1.000E-02  1.000E-02
       1.000E-02  1.000E-02  1.000E-02  1.000E-02  1.000E-02  1.000E-02  1.000E-02  1.000E-02  1.000E-02  1.000E-02  1.000E-02
       1.000E-02  1.000E-02  1.000E-02  1.000E-02  1.000E-02  1.000E-02  1.000E-02
  38   1.000E-02  1.000E-02  1.000E-02  1.000E-02  1.000E-02  1.000E-02  1.000E-02  1.000E-02  1.000E-02  1.000E-02  1.000E-02
       1.000E-02  1.000E-02  1.000E-02  1.000E-02  1.000E-02  1.000E-02  1.000E-02  1.000E-02  1.000E-02  1.000E-02  1.000E-02
       1.000E-02  1.000E-02  1.000E-02  1.000E-02  1.000E-02  1.000E-02  1.000E-02  1.000E-02  1.000E-02  1.000E-02  1.000E-02
       1.000E-02  1.000E-02  1.000E-02  1.000E-02  1.000E-02  1.000E-02  1.000E-02  1.000E-02  1.000E-02  1.000E-02  1.000E-02
       1.000E-02  1.000E-02  1.000E-02  1.000E-02  1.000E-02  1.000E-02  1.000E-02  1.000E-02  1.000E-02  1.000E-02  1.000E-02
       1.000E-02  1.000E-02  1.000E-02  1.000E-02  1.000E-02  1.000E-02  1.000E-02  1.000E-02  1.000E-02  1.000E-02  1.000E-02
       1.000E-02  1.000E-02  1.000E-02  1.000E-02  1.000E-02  1.000E-02  1.000E-02
  39   1.000E-02  1.000E-02  1.000E-02  1.000E-02  1.000E-02  1.000E-02  1.000E-02  1.000E-02  1.000E-02  1.000E-02  1.000E-02
       1.000E-02  1.000E-02  1.000E-02  1.000E-02  1.000E-02  1.000E-02  1.000E-02  1.000E-02  1.000E-02  1.000E-02  1.000E-02
       1.000E-02  1.000E-02  1.000E-02  1.000E-02  1.000E-02  1.000E-02  1.000E-02  1.000E-02  1.000E-02  1.000E-02  1.000E-02
       1.000E-02  1.000E-02  1.000E-02  1.000E-02  1.000E-02  1.000E-02  1.000E-02  1.000E-02  1.000E-02  1.000E-02  1.000E-02
       1.000E-02  1.000E-02  1.000E-02  1.000E-02  1.000E-02  1.000E-02  1.000E-02  1.000E-02  1.000E-02  1.000E-02  1.000E-02
       1.000E-02  1.000E-02  1.000E-02  1.000E-02  1.000E-02  1.000E-02  1.000E-02  1.000E-02  1.000E-02  1.000E-02  1.000E-02
       1.000E-02  1.000E-02  1.000E-02  1.000E-02  1.000E-02  1.000E-02  1.000E-02
  40   1.000E-02  1.000E-02  1.000E-02  1.000E-02  1.000E-02  1.000E-02  1.000E-02  1.000E-02  1.000E-02  1.000E-02  1.000E-02
       1.000E-02  1.000E-02  1.000E-02  1.000E-02  1.000E-02  1.000E-02  1.000E-02  1.000E-02  1.000E-02  1.000E-02  1.000E-02
       1.000E-02  1.000E-02  1.000E-02  1.000E-02  1.000E-02  1.000E-02  1.000E-02  1.000E-02  1.000E-02  1.000E-02  1.000E-02
       1.000E-02  1.000E-02  1.000E-02  1.000E-02  1.000E-02  1.000E-02  1.000E-02  1.000E-02  1.000E-02  1.000E-02  1.000E-02
       1.000E-02  1.000E-02  1.000E-02  1.000E-02  1.000E-02  1.000E-02  1.000E-02  1.000E-02  1.000E-02  1.000E-02  1.000E-02
       1.000E-02  1.000E-02  1.000E-02  1.000E-02  1.000E-02  1.000E-02  1.000E-02  1.000E-02  1.000E-02  1.000E-02  1.000E-02
       1.000E-02  1.000E-02  1.000E-02  1.000E-02  1.000E-02  1.000E-02  1.000E-02
  41   1.000E-02  1.000E-02  1.000E-02  1.000E-02  1.000E-02  1.000E-02  1.000E-02  1.000E-02  1.000E-02  1.000E-02  1.000E-02
       1.000E-02  1.000E-02  1.000E-02  1.000E-02  1.000E-02  1.000E-02  1.000E-02  1.000E-02  1.000E-02  1.000E-02  1.000E-02
       1.000E-02  1.000E-02  1.000E-02  1.000E-02  1.000E-02  1.000E-02  1.000E-02  1.000E-02  1.000E-02  1.000E-02  1.000E-02
       1.000E-02  1.000E-02  1.000E-02  1.000E-02  1.000E-02  1.000E-02  1.000E-02  1.000E-02  1.000E-02  1.000E-02  1.000E-02
       1.000E-02  1.000E-02  1.000E-02  1.000E-02  1.000E-02  1.000E-02  1.000E-02  1.000E-02  1.000E-02  1.000E-02  1.000E-02
       1.000E-02  1.000E-02  1.000E-02  1.000E-02  1.000E-02  1.000E-02  1.000E-02  1.000E-02  1.000E-02  1.000E-02  1.000E-02
       1.000E-02  1.000E-02  1.000E-02  1.000E-02  1.000E-02  1.000E-02  1.000E-02
  42   1.000E-02  1.000E-02  1.000E-02  1.000E-02  1.000E-02  1.000E-02  1.000E-02  1.000E-02  1.000E-02  1.000E-02  1.000E-02
       1.000E-02  1.000E-02  1.000E-02  1.000E-02  1.000E-02  1.000E-02  1.000E-02  1.000E-02  1.000E-02  1.000E-02  1.000E-02
       1.000E-02  1.000E-02  1.000E-02  1.000E-02  1.000E-02  1.000E-02  1.000E-02  1.000E-02  1.000E-02  1.000E-02  1.000E-02
       1.000E-02  1.000E-02  1.000E-02  1.000E-02  1.000E-02  1.000E-02  1.000E-02  1.000E-02  1.000E-02  1.000E-02  1.000E-02
       1.000E-02  1.000E-02  1.000E-02  1.000E-02  1.000E-02  1.000E-02  1.000E-02  1.000E-02  1.000E-02  1.000E-02  1.000E-02
       1.000E-02  1.000E-02  1.000E-02  1.000E-02  1.000E-02  1.000E-02  1.000E-02  1.000E-02  1.000E-02  1.000E-02  1.000E-02
       1.000E-02  1.000E-02  1.000E-02  1.000E-02  1.000E-02  1.000E-02  1.000E-02
  43   1.000E-02  1.000E-02  1.000E-02  1.000E-02  1.000E-02  1.000E-02  1.000E-02  1.000E-02  1.000E-02  1.000E-02  1.000E-02
       1.000E-02  1.000E-02  1.000E-02  1.000E-02  1.000E-02  1.000E-02  1.000E-02  1.000E-02  1.000E-02  1.000E-02  1.000E-02
       1.000E-02  1.000E-02  1.000E-02  1.000E-02  1.000E-02  1.000E-02  1.000E-02  1.000E-02  1.000E-02  1.000E-02  1.000E-02
       1.000E-02  1.000E-02  1.000E-02  1.000E-02  1.000E-02  1.000E-02  1.000E-02  1.000E-02  1.000E-02  1.000E-02  1.000E-02
       1.000E-02  1.000E-02  1.000E-02  1.000E-02  1.000E-02  1.000E-02  1.000E-02  1.000E-02  1.000E-02  1.000E-02  1.000E-02
       1.000E-02  1.000E-02  1.000E-02  1.000E-02  1.000E-02  1.000E-02  1.000E-02  1.000E-02  1.000E-02  1.000E-02  1.000E-02
       1.000E-02  1.000E-02  1.000E-02  1.000E-02  1.000E-02  1.000E-02  1.000E-02
  44   1.000E-02  1.000E-02  1.000E-02  1.000E-02  1.000E-02  1.000E-02  1.000E-02  1.000E-02  1.000E-02  1.000E-02  1.000E-02
       1.000E-02  1.000E-02  1.000E-02  1.000E-02  1.000E-02  1.000E-02  1.000E-02  1.000E-02  1.000E-02  1.000E-02  1.000E-02
       1.000E-02  1.000E-02  1.000E-02  1.000E-02  1.000E-02  1.000E-02  1.000E-02  1.000E-02  1.000E-02  1.000E-02  1.000E-02
       1.000E-02  1.000E-02  1.000E-02  1.000E-02  1.000E-02  1.000E-02  1.000E-02  1.000E-02  1.000E-02  1.000E-02  1.000E-02
       1.000E-02  1.000E-02  1.000E-02  1.000E-02  1.000E-02  1.000E-02  1.000E-02  1.000E-02  1.000E-02  1.000E-02  1.000E-02
       1.000E-02  1.000E-02  1.000E-02  1.000E-02  1.000E-02  1.000E-02  1.000E-02  1.000E-02  1.000E-02  1.000E-02  1.000E-02
       1.000E-02  1.000E-02  1.000E-02  1.000E-02  1.000E-02  1.000E-02  1.000E-02
  45   1.000E-02  1.000E-02  1.000E-02  1.000E-02  1.000E-02  1.000E-02  1.000E-02  1.000E-02  1.000E-02  1.000E-02  1.000E-02
       1.000E-02  1.000E-02  1.000E-02  1.000E-02  1.000E-02  1.000E-02  1.000E-02  1.000E-02  1.000E-02  1.000E-02  1.000E-02
       1.000E-02  1.000E-02  1.000E-02  1.000E-02  1.000E-02  1.000E-02  1.000E-02  1.000E-02  1.000E-02  1.000E-02  1.000E-02
       1.000E-02  1.000E-02  1.000E-02  1.000E-02  1.000E-02  1.000E-02  1.000E-02  1.000E-02  1.000E-02  1.000E-02  1.000E-02
       1.000E-02  1.000E-02  1.000E-02  1.000E-02  1.000E-02  1.000E-02  1.000E-02  1.000E-02  1.000E-02  1.000E-02  1.000E-02
       1.000E-02  1.000E-02  1.000E-02  1.000E-02  1.000E-02  1.000E-02  1.000E-02  1.000E-02  1.000E-02  1.000E-02  1.000E-02
       1.000E-02  1.000E-02  1.000E-02  1.000E-02  1.000E-02  1.000E-02  1.000E-02
  46   1.000E-02  1.000E-02  1.000E-02  1.000E-02  1.000E-02  1.000E-02  1.000E-02  1.000E-02  1.000E-02  1.000E-02  1.000E-02
       1.000E-02  1.000E-02  1.000E-02  1.000E-02  1.000E-02  1.000E-02  1.000E-02  1.000E-02  1.000E-02  1.000E-02  1.000E-02
       1.000E-02  1.000E-02  1.000E-02  1.000E-02  1.000E-02  1.000E-02  1.000E-02  1.000E-02  1.000E-02  1.000E-02  1.000E-02
       1.000E-02  1.000E-02  1.000E-02  1.000E-02  1.000E-02  1.000E-02  1.000E-02  1.000E-02  1.000E-02  1.000E-02  1.000E-02
       1.000E-02  1.000E-02  1.000E-02  1.000E-02  1.000E-02  1.000E-02  1.000E-02  1.000E-02  1.000E-02  1.000E-02  1.000E-02
       1.000E-02  1.000E-02  1.000E-02  1.000E-02  1.000E-02  1.000E-02  1.000E-02  1.000E-02  1.000E-02  1.000E-02  1.000E-02
       1.000E-02  1.000E-02  1.000E-02  1.000E-02  1.000E-02  1.000E-02  1.000E-02
  47   1.000E-02  1.000E-02  1.000E-02  1.000E-02  1.000E-02  1.000E-02  1.000E-02  1.000E-02  1.000E-02  1.000E-02  1.000E-02
       1.000E-02  1.000E-02  1.000E-02  1.000E-02  1.000E-02  1.000E-02  1.000E-02  1.000E-02  1.000E-02  1.000E-02  1.000E-02
       1.000E-02  1.000E-02  1.000E-02  1.000E-02  1.000E-02  1.000E-02  1.000E-02  1.000E-02  1.000E-02  1.000E-02  1.000E-02
       1.000E-02  1.000E-02  1.000E-02  1.000E-02  1.000E-02  1.000E-02  1.000E-02  1.000E-02  1.000E-02  1.000E-02  1.000E-02
       1.000E-02  1.000E-02  1.000E-02  1.000E-02  1.000E-02  1.000E-02  1.000E-02  1.000E-02  1.000E-02  1.000E-02  1.000E-02
       1.000E-02  1.000E-02  1.000E-02  1.000E-02  1.000E-02  1.000E-02  1.000E-02  1.000E-02  1.000E-02  1.000E-02  1.000E-02
       1.000E-02  1.000E-02  1.000E-02  1.000E-02  1.000E-02  1.000E-02  1.000E-02
  48   1.000E-02  1.000E-02  1.000E-02  1.000E-02  1.000E-02  1.000E-02  1.000E-02  1.000E-02  1.000E-02  1.000E-02  1.000E-02
       1.000E-02  1.000E-02  1.000E-02  1.000E-02  1.000E-02  1.000E-02  1.000E-02  1.000E-02  1.000E-02  1.000E-02  1.000E-02
       1.000E-02  1.000E-02  1.000E-02  1.000E-02  1.000E-02  1.000E-02  1.000E-02  1.000E-02  1.000E-02  1.000E-02  1.000E-02
       1.000E-02  1.000E-02  1.000E-02  1.000E-02  1.000E-02  1.000E-02  1.000E-02  1.000E-02  1.000E-02  1.000E-02  1.000E-02
       1.000E-02  1.000E-02  1.000E-02  1.000E-02  1.000E-02  1.000E-02  1.000E-02  1.000E-02  1.000E-02  1.000E-02  1.000E-02
       1.000E-02  1.000E-02  1.000E-02  1.000E-02  1.000E-02  1.000E-02  1.000E-02  1.000E-02  1.000E-02  1.000E-02  1.000E-02
       1.000E-02  1.000E-02  1.000E-02  1.000E-02  1.000E-02  1.000E-02  1.000E-02
  49   1.000E-02  1.000E-02  1.000E-02  1.000E-02  1.000E-02  1.000E-02  1.000E-02  1.000E-02  1.000E-02  1.000E-02  1.000E-02
       1.000E-02  1.000E-02  1.000E-02  1.000E-02  1.000E-02  1.000E-02  1.000E-02  1.000E-02  1.000E-02  1.000E-02  1.000E-02
       1.000E-02  1.000E-02  1.000E-02  1.000E-02  1.000E-02  1.000E-02  1.000E-02  1.000E-02  1.000E-02  1.000E-02  1.000E-02
       1.000E-02  1.000E-02  1.000E-02  1.000E-02  1.000E-02  1.000E-02  1.000E-02  1.000E-02  1.000E-02  1.000E-02  1.000E-02
       1.000E-02  1.000E-02  1.000E-02  1.000E-02  1.000E-02  1.000E-02  1.000E-02  1.000E-02  1.000E-02  1.000E-02  1.000E-02
       1.000E-02  1.000E-02  1.000E-02  1.000E-02  1.000E-02  1.000E-02  1.000E-02  1.000E-02  1.000E-02  1.000E-02  1.000E-02
       1.000E-02  1.000E-02  1.000E-02  1.000E-02  1.000E-02  1.000E-02  1.000E-02
  50   1.000E-02  1.000E-02  1.000E-02  1.000E-02  1.000E-02  1.000E-02  1.000E-02  1.000E-02  1.000E-02  1.000E-02  1.000E-02
       1.000E-02  1.000E-02  1.000E-02  1.000E-02  1.000E-02  1.000E-02  1.000E-02  1.000E-02  1.000E-02  1.000E-02  1.000E-02
       1.000E-02  1.000E-02  1.000E-02  1.000E-02  1.000E-02  1.000E-02  1.000E-02  1.000E-02  1.000E-02  1.000E-02  1.000E-02
       1.000E-02  1.000E-02  1.000E-02  1.000E-02  1.000E-02  1.000E-02  1.000E-02  1.000E-02  1.000E-02  1.000E-02  1.000E-02
       1.000E-02  1.000E-02  1.000E-02  1.000E-02  1.000E-02  1.000E-02  1.000E-02  1.000E-02  1.000E-02  1.000E-02  1.000E-02
       1.000E-02  1.000E-02  1.000E-02  1.000E-02  1.000E-02  1.000E-02  1.000E-02  1.000E-02  1.000E-02  1.000E-02  1.000E-02
       1.000E-02  1.000E-02  1.000E-02  1.000E-02  1.000E-02  1.000E-02  1.000E-02
  51   1.000E-02  1.000E-02  1.000E-02  1.000E-02  1.000E-02  1.000E-02  1.000E-02  1.000E-02  1.000E-02  1.000E-02  1.000E-02
       1.000E-02  1.000E-02  1.000E-02  1.000E-02  1.000E-02  1.000E-02  1.000E-02  1.000E-02  1.000E-02  1.000E-02  1.000E-02
       1.000E-02  1.000E-02  1.000E-02  1.000E-02  1.000E-02  1.000E-02  1.000E-02  1.000E-02  1.000E-02  1.000E-02  1.000E-02
       1.000E-02  1.000E-02  1.000E-02  1.000E-02  1.000E-02  1.000E-02  1.000E-02  1.000E-02  1.000E-02  1.000E-02  1.000E-02
       1.000E-02  1.000E-02  1.000E-02  1.000E-02  1.000E-02  1.000E-02  1.000E-02  1.000E-02  1.000E-02  1.000E-02  1.000E-02
       1.000E-02  1.000E-02  1.000E-02  1.000E-02  1.000E-02  1.000E-02  1.000E-02  1.000E-02  1.000E-02  1.000E-02  1.000E-02
       1.000E-02  1.000E-02  1.000E-02  1.000E-02  1.000E-02  1.000E-02  1.000E-02
  52   1.000E-02  1.000E-02  1.000E-02  1.000E-02  1.000E-02  1.000E-02  1.000E-02  1.000E-02  1.000E-02  1.000E-02  1.000E-02
       1.000E-02  1.000E-02  1.000E-02  1.000E-02  1.000E-02  1.000E-02  1.000E-02  1.000E-02  1.000E-02  1.000E-02  1.000E-02
       1.000E-02  1.000E-02  1.000E-02  1.000E-02  1.000E-02  1.000E-02  1.000E-02  1.000E-02  1.000E-02  1.000E-02  1.000E-02
       1.000E-02  1.000E-02  1.000E-02  1.000E-02  1.000E-02  1.000E-02  1.000E-02  1.000E-02  1.000E-02  1.000E-02  1.000E-02
       1.000E-02  1.000E-02  1.000E-02  1.000E-02  1.000E-02  1.000E-02  1.000E-02  1.000E-02  1.000E-02  1.000E-02  1.000E-02
       1.000E-02  1.000E-02  1.000E-02  1.000E-02  1.000E-02  1.000E-02  1.000E-02  1.000E-02  1.000E-02  1.000E-02  1.000E-02
       1.000E-02  1.000E-02  1.000E-02  1.000E-02  1.000E-02  1.000E-02  1.000E-02
  53   1.000E-02  1.000E-02  1.000E-02  1.000E-02  1.000E-02  1.000E-02  1.000E-02  1.000E-02  1.000E-02  1.000E-02  1.000E-02
       1.000E-02  1.000E-02  1.000E-02  1.000E-02  1.000E-02  1.000E-02  1.000E-02  1.000E-02  1.000E-02  1.000E-02  1.000E-02
       1.000E-02  1.000E-02  1.000E-02  1.000E-02  1.000E-02  1.000E-02  1.000E-02  1.000E-02  1.000E-02  1.000E-02  1.000E-02
       1.000E-02  1.000E-02  1.000E-02  1.000E-02  1.000E-02  1.000E-02  1.000E-02  1.000E-02  1.000E-02  1.000E-02  1.000E-02
       1.000E-02  1.000E-02  1.000E-02  1.000E-02  1.000E-02  1.000E-02  1.000E-02  1.000E-02  1.000E-02  1.000E-02  1.000E-02
       1.000E-02  1.000E-02  1.000E-02  1.000E-02  1.000E-02  1.000E-02  1.000E-02  1.000E-02  1.000E-02  1.000E-02  1.000E-02
       1.000E-02  1.000E-02  1.000E-02  1.000E-02  1.000E-02  1.000E-02  1.000E-02
  54   1.000E-02  1.000E-02  1.000E-02  1.000E-02  1.000E-02  1.000E-02  1.000E-02  1.000E-02  1.000E-02  1.000E-02  1.000E-02
       1.000E-02  1.000E-02  1.000E-02  1.000E-02  1.000E-02  1.000E-02  1.000E-02  1.000E-02  1.000E-02  1.000E-02  1.000E-02
       1.000E-02  1.000E-02  1.000E-02  1.000E-02  1.000E-02  1.000E-02  1.000E-02  1.000E-02  1.000E-02  1.000E-02  1.000E-02
       1.000E-02  1.000E-02  1.000E-02  1.000E-02  1.000E-02  1.000E-02  1.000E-02  1.000E-02  1.000E-02  1.000E-02  1.000E-02
       1.000E-02  1.000E-02  1.000E-02  1.000E-02  1.000E-02  1.000E-02  1.000E-02  1.000E-02  1.000E-02  1.000E-02  1.000E-02
       1.000E-02  1.000E-02  1.000E-02  1.000E-02  1.000E-02  1.000E-02  1.000E-02  1.000E-02  1.000E-02  1.000E-02  1.000E-02
       1.000E-02  1.000E-02  1.000E-02  1.000E-02  1.000E-02  1.000E-02  1.000E-02
  55   1.000E-02  1.000E-02  1.000E-02  1.000E-02  1.000E-02  1.000E-02  1.000E-02  1.000E-02  1.000E-02  1.000E-02  1.000E-02
       1.000E-02  1.000E-02  1.000E-02  1.000E-02  1.000E-02  1.000E-02  1.000E-02  1.000E-02  1.000E-02  1.000E-02  1.000E-02
       1.000E-02  1.000E-02  1.000E-02  1.000E-02  1.000E-02  1.000E-02  1.000E-02  1.000E-02  1.000E-02  1.000E-02  1.000E-02
       1.000E-02  1.000E-02  1.000E-02  1.000E-02  1.000E-02  1.000E-02  1.000E-02  1.000E-02  1.000E-02  1.000E-02  1.000E-02
       1.000E-02  1.000E-02  1.000E-02  1.000E-02  1.000E-02  1.000E-02  1.000E-02  1.000E-02  1.000E-02  1.000E-02  1.000E-02
       1.000E-02  1.000E-02  1.000E-02  1.000E-02  1.000E-02  1.000E-02  1.000E-02  1.000E-02  1.000E-02  1.000E-02  1.000E-02
       1.000E-02  1.000E-02  1.000E-02  1.000E-02  1.000E-02  1.000E-02  1.000E-02
  56   1.000E-02  1.000E-02  1.000E-02  1.000E-02  1.000E-02  1.000E-02  1.000E-02  1.000E-02  1.000E-02  1.000E-02  1.000E-02
       1.000E-02  1.000E-02  1.000E-02  1.000E-02  1.000E-02  1.000E-02  1.000E-02  1.000E-02  1.000E-02  1.000E-02  1.000E-02
       1.000E-02  1.000E-02  1.000E-02  1.000E-02  1.000E-02  1.000E-02  1.000E-02  1.000E-02  1.000E-02  1.000E-02  1.000E-02
       1.000E-02  1.000E-02  1.000E-02  1.000E-02  1.000E-02  1.000E-02  1.000E-02  1.000E-02  1.000E-02  1.000E-02  1.000E-02
       1.000E-02  1.000E-02  1.000E-02  1.000E-02  1.000E-02  1.000E-02  1.000E-02  1.000E-02  1.000E-02  1.000E-02  1.000E-02
       1.000E-02  1.000E-02  1.000E-02  1.000E-02  1.000E-02  1.000E-02  1.000E-02  1.000E-02  1.000E-02  1.000E-02  1.000E-02
       1.000E-02  1.000E-02  1.000E-02  1.000E-02  1.000E-02  1.000E-02  1.000E-02
  57   1.000E-02  1.000E-02  1.000E-02  1.000E-02  1.000E-02  1.000E-02  1.000E-02  1.000E-02  1.000E-02  1.000E-02  1.000E-02
       1.000E-02  1.000E-02  1.000E-02  1.000E-02  1.000E-02  1.000E-02  1.000E-02  1.000E-02  1.000E-02  1.000E-02  1.000E-02
       1.000E-02  1.000E-02  1.000E-02  1.000E-02  1.000E-02  1.000E-02  1.000E-02  1.000E-02  1.000E-02  1.000E-02  1.000E-02
       1.000E-02  1.000E-02  1.000E-02  1.000E-02  1.000E-02  1.000E-02  1.000E-02  1.000E-02  1.000E-02  1.000E-02  1.000E-02
       1.000E-02  1.000E-02  1.000E-02  1.000E-02  1.000E-02  1.000E-02  1.000E-02  1.000E-02  1.000E-02  1.000E-02  1.000E-02
       1.000E-02  1.000E-02  1.000E-02  1.000E-02  1.000E-02  1.000E-02  1.000E-02  1.000E-02  1.000E-02  1.000E-02  1.000E-02
       1.000E-02  1.000E-02  1.000E-02  1.000E-02  1.000E-02  1.000E-02  1.000E-02
  58   1.000E-02  1.000E-02  1.000E-02  1.000E-02  1.000E-02  1.000E-02  1.000E-02  1.000E-02  1.000E-02  1.000E-02  1.000E-02
       1.000E-02  1.000E-02  1.000E-02  1.000E-02  1.000E-02  1.000E-02  1.000E-02  1.000E-02  1.000E-02  1.000E-02  1.000E-02
       1.000E-02  1.000E-02  1.000E-02  1.000E-02  1.000E-02  1.000E-02  1.000E-02  1.000E-02  1.000E-02  1.000E-02  1.000E-02
       1.000E-02  1.000E-02  1.000E-02  1.000E-02  1.000E-02  1.000E-02  1.000E-02  1.000E-02  1.000E-02  1.000E-02  1.000E-02
       1.000E-02  1.000E-02  1.000E-02  1.000E-02  1.000E-02  1.000E-02  1.000E-02  1.000E-02  1.000E-02  1.000E-02  1.000E-02
       1.000E-02  1.000E-02  1.000E-02  1.000E-02  1.000E-02  1.000E-02  1.000E-02  1.000E-02  1.000E-02  1.000E-02  1.000E-02
       1.000E-02  1.000E-02  1.000E-02  1.000E-02  1.000E-02  1.000E-02  1.000E-02
  59   1.000E-02  1.000E-02  1.000E-02  1.000E-02  1.000E-02  1.000E-02  1.000E-02  1.000E-02  1.000E-02  1.000E-02  1.000E-02
       1.000E-02  1.000E-02  1.000E-02  1.000E-02  1.000E-02  1.000E-02  1.000E-02  1.000E-02  1.000E-02  1.000E-02  1.000E-02
       1.000E-02  1.000E-02  1.000E-02  1.000E-02  1.000E-02  1.000E-02  1.000E-02  1.000E-02  1.000E-02  1.000E-02  1.000E-02
       1.000E-02  1.000E-02  1.000E-02  1.000E-02  1.000E-02  1.000E-02  1.000E-02  1.000E-02  1.000E-02  1.000E-02  1.000E-02
       1.000E-02  1.000E-02  1.000E-02  1.000E-02  1.000E-02  1.000E-02  1.000E-02  1.000E-02  1.000E-02  1.000E-02  1.000E-02
       1.000E-02  1.000E-02  1.000E-02  1.000E-02  1.000E-02  1.000E-02  1.000E-02  1.000E-02  1.000E-02  1.000E-02  1.000E-02
       1.000E-02  1.000E-02  1.000E-02  1.000E-02  1.000E-02  1.000E-02  1.000E-02
  60   1.000E-02  1.000E-02  1.000E-02  1.000E-02  1.000E-02  1.000E-02  1.000E-02  1.000E-02  1.000E-02  1.000E-02  1.000E-02
       1.000E-02  1.000E-02  1.000E-02  1.000E-02  1.000E-02  1.000E-02  1.000E-02  1.000E-02  1.000E-02  1.000E-02  1.000E-02
       1.000E-02  1.000E-02  1.000E-02  1.000E-02  1.000E-02  1.000E-02  1.000E-02  1.000E-02  1.000E-02  1.000E-02  1.000E-02
       1.000E-02  1.000E-02  1.000E-02  1.000E-02  1.000E-02  1.000E-02  1.000E-02  1.000E-02  1.000E-02  1.000E-02  1.000E-02
       1.000E-02  1.000E-02  1.000E-02  1.000E-02  1.000E-02  1.000E-02  1.000E-02  1.000E-02  1.000E-02  1.000E-02  1.000E-02
       1.000E-02  1.000E-02  1.000E-02  1.000E-02  1.000E-02  1.000E-02  1.000E-02  1.000E-02  1.000E-02  1.000E-02  1.000E-02
       1.000E-02  1.000E-02  1.000E-02  1.000E-02  1.000E-02  1.000E-02  1.000E-02
  61   1.000E-02  1.000E-02  1.000E-02  1.000E-02  1.000E-02  1.000E-02  1.000E-02  1.000E-02  1.000E-02  1.000E-02  1.000E-02
       1.000E-02  1.000E-02  1.000E-02  1.000E-02  1.000E-02  1.000E-02  1.000E-02  1.000E-02  1.000E-02  1.000E-02  1.000E-02
       1.000E-02  1.000E-02  1.000E-02  1.000E-02  1.000E-02  1.000E-02  1.000E-02  1.000E-02  1.000E-02  1.000E-02  1.000E-02
       1.000E-02  1.000E-02  1.000E-02  1.000E-02  1.000E-02  1.000E-02  1.000E-02  1.000E-02  1.000E-02  1.000E-02  1.000E-02
       1.000E-02  1.000E-02  1.000E-02  1.000E-02  1.000E-02  1.000E-02  1.000E-02  1.000E-02  1.000E-02  1.000E-02  1.000E-02
       1.000E-02  1.000E-02  1.000E-02  1.000E-02  1.000E-02  1.000E-02  1.000E-02  1.000E-02  1.000E-02  1.000E-02  1.000E-02
       1.000E-02  1.000E-02  1.000E-02  1.000E-02  1.000E-02  1.000E-02  1.000E-02
  62   1.000E-02  1.000E-02  1.000E-02  1.000E-02  1.000E-02  1.000E-02  1.000E-02  1.000E-02  1.000E-02  1.000E-02  1.000E-02
       1.000E-02  1.000E-02  1.000E-02  1.000E-02  1.000E-02  1.000E-02  1.000E-02  1.000E-02  1.000E-02  1.000E-02  1.000E-02
       1.000E-02  1.000E-02  1.000E-02  1.000E-02  1.000E-02  1.000E-02  1.000E-02  1.000E-02  1.000E-02  1.000E-02  1.000E-02
       1.000E-02  1.000E-02  1.000E-02  1.000E-02  1.000E-02  1.000E-02  1.000E-02  1.000E-02  1.000E-02  1.000E-02  1.000E-02
       1.000E-02  1.000E-02  1.000E-02  1.000E-02  1.000E-02  1.000E-02  1.000E-02  1.000E-02  1.000E-02  1.000E-02  1.000E-02
       1.000E-02  1.000E-02  1.000E-02  1.000E-02  1.000E-02  1.000E-02  1.000E-02  1.000E-02  1.000E-02  1.000E-02  1.000E-02
       1.000E-02  1.000E-02  1.000E-02  1.000E-02  1.000E-02  1.000E-02  1.000E-02
  63   1.000E-02  1.000E-02  1.000E-02  1.000E-02  1.000E-02  1.000E-02  1.000E-02  1.000E-02  1.000E-02  1.000E-02  1.000E-02
       1.000E-02  1.000E-02  1.000E-02  1.000E-02  1.000E-02  1.000E-02  1.000E-02  1.000E-02  1.000E-02  1.000E-02  1.000E-02
       1.000E-02  1.000E-02  1.000E-02  1.000E-02  1.000E-02  1.000E-02  1.000E-02  1.000E-02  1.000E-02  1.000E-02  1.000E-02
       1.000E-02  1.000E-02  1.000E-02  1.000E-02  1.000E-02  1.000E-02  1.000E-02  1.000E-02  1.000E-02  1.000E-02  1.000E-02
       1.000E-02  1.000E-02  1.000E-02  1.000E-02  1.000E-02  1.000E-02  1.000E-02  1.000E-02  1.000E-02  1.000E-02  1.000E-02
       1.000E-02  1.000E-02  1.000E-02  1.000E-02  1.000E-02  1.000E-02  1.000E-02  1.000E-02  1.000E-02  1.000E-02  1.000E-02
       1.000E-02  1.000E-02  1.000E-02  1.000E-02  1.000E-02  1.000E-02  1.000E-02
  64   1.000E-02  1.000E-02  1.000E-02  1.000E-02  1.000E-02  1.000E-02  1.000E-02  1.000E-02  1.000E-02  1.000E-02  1.000E-02
       1.000E-02  1.000E-02  1.000E-02  1.000E-02  1.000E-02  1.000E-02  1.000E-02  1.000E-02  1.000E-02  1.000E-02  1.000E-02
       1.000E-02  1.000E-02  1.000E-02  1.000E-02  1.000E-02  1.000E-02  1.000E-02  1.000E-02  1.000E-02  1.000E-02  1.000E-02
       1.000E-02  1.000E-02  1.000E-02  1.000E-02  1.000E-02  1.000E-02  1.000E-02  1.000E-02  1.000E-02  1.000E-02  1.000E-02
       1.000E-02  1.000E-02  1.000E-02  1.000E-02  1.000E-02  1.000E-02  1.000E-02  1.000E-02  1.000E-02  1.000E-02  1.000E-02
       1.000E-02  1.000E-02  1.000E-02  1.000E-02  1.000E-02  1.000E-02  1.000E-02  1.000E-02  1.000E-02  1.000E-02  1.000E-02
       1.000E-02  1.000E-02  1.000E-02  1.000E-02  1.000E-02  1.000E-02  1.000E-02
  65   1.000E-02  1.000E-02  1.000E-02  1.000E-02  1.000E-02  1.000E-02  1.000E-02  1.000E-02  1.000E-02  1.000E-02  1.000E-02
       1.000E-02  1.000E-02  1.000E-02  1.000E-02  1.000E-02  1.000E-02  1.000E-02  1.000E-02  1.000E-02  1.000E-02  1.000E-02
       1.000E-02  1.000E-02  1.000E-02  1.000E-02  1.000E-02  1.000E-02  1.000E-02  1.000E-02  1.000E-02  1.000E-02  1.000E-02
       1.000E-02  1.000E-02  1.000E-02  1.000E-02  1.000E-02  1.000E-02  1.000E-02  1.000E-02  1.000E-02  1.000E-02  1.000E-02
       1.000E-02  1.000E-02  1.000E-02  1.000E-02  1.000E-02  1.000E-02  1.000E-02  1.000E-02  1.000E-02  1.000E-02  1.000E-02
       1.000E-02  1.000E-02  1.000E-02  1.000E-02  1.000E-02  1.000E-02  1.000E-02  1.000E-02  1.000E-02  1.000E-02  1.000E-02
       1.000E-02  1.000E-02  1.000E-02  1.000E-02  1.000E-02  1.000E-02  1.000E-02
  66   1.000E-02  1.000E-02  1.000E-02  1.000E-02  1.000E-02  1.000E-02  1.000E-02  1.000E-02  1.000E-02  1.000E-02  1.000E-02
       1.000E-02  1.000E-02  1.000E-02  1.000E-02  1.000E-02  1.000E-02  1.000E-02  1.000E-02  1.000E-02  1.000E-02  1.000E-02
       1.000E-02  1.000E-02  1.000E-02  1.000E-02  1.000E-02  1.000E-02  1.000E-02  1.000E-02  1.000E-02  1.000E-02  1.000E-02
       1.000E-02  1.000E-02  1.000E-02  1.000E-02  1.000E-02  1.000E-02  1.000E-02  1.000E-02  1.000E-02  1.000E-02  1.000E-02
       1.000E-02  1.000E-02  1.000E-02  1.000E-02  1.000E-02  1.000E-02  1.000E-02  1.000E-02  1.000E-02  1.000E-02  1.000E-02
       1.000E-02  1.000E-02  1.000E-02  1.000E-02  1.000E-02  1.000E-02  1.000E-02  1.000E-02  1.000E-02  1.000E-02  1.000E-02
       1.000E-02  1.000E-02  1.000E-02  1.000E-02  1.000E-02  1.000E-02  1.000E-02
  67   1.000E-02  1.000E-02  1.000E-02  1.000E-02  1.000E-02  1.000E-02  1.000E-02  1.000E-02  1.000E-02  1.000E-02  1.000E-02
       1.000E-02  1.000E-02  1.000E-02  1.000E-02  1.000E-02  1.000E-02  1.000E-02  1.000E-02  1.000E-02  1.000E-02  1.000E-02
       1.000E-02  1.000E-02  1.000E-02  1.000E-02  1.000E-02  1.000E-02  1.000E-02  1.000E-02  1.000E-02  1.000E-02  1.000E-02
       1.000E-02  1.000E-02  1.000E-02  1.000E-02  1.000E-02  1.000E-02  1.000E-02  1.000E-02  1.000E-02  1.000E-02  1.000E-02
       1.000E-02  1.000E-02  1.000E-02  1.000E-02  1.000E-02  1.000E-02  1.000E-02  1.000E-02  1.000E-02  1.000E-02  1.000E-02
       1.000E-02  1.000E-02  1.000E-02  1.000E-02  1.000E-02  1.000E-02  1.000E-02  1.000E-02  1.000E-02  1.000E-02  1.000E-02
       1.000E-02  1.000E-02  1.000E-02  1.000E-02  1.000E-02  1.000E-02  1.000E-02
  68   1.000E-02  1.000E-02  1.000E-02  1.000E-02  1.000E-02  1.000E-02  1.000E-02  1.000E-02  1.000E-02  1.000E-02  1.000E-02
       1.000E-02  1.000E-02  1.000E-02  1.000E-02  1.000E-02  1.000E-02  1.000E-02  1.000E-02  1.000E-02  1.000E-02  1.000E-02
       1.000E-02  1.000E-02  1.000E-02  1.000E-02  1.000E-02  1.000E-02  1.000E-02  1.000E-02  1.000E-02  1.000E-02  1.000E-02
       1.000E-02  1.000E-02  1.000E-02  1.000E-02  1.000E-02  1.000E-02  1.000E-02  1.000E-02  1.000E-02  1.000E-02  1.000E-02
       1.000E-02  1.000E-02  1.000E-02  1.000E-02  1.000E-02  1.000E-02  1.000E-02  1.000E-02  1.000E-02  1.000E-02  1.000E-02
       1.000E-02  1.000E-02  1.000E-02  1.000E-02  1.000E-02  1.000E-02  1.000E-02  1.000E-02  1.000E-02  1.000E-02  1.000E-02
       1.000E-02  1.000E-02  1.000E-02  1.000E-02  1.000E-02  1.000E-02  1.000E-02
  69   1.000E-02  1.000E-02  1.000E-02  1.000E-02  1.000E-02  1.000E-02  1.000E-02  1.000E-02  1.000E-02  1.000E-02  1.000E-02
       1.000E-02  1.000E-02  1.000E-02  1.000E-02  1.000E-02  1.000E-02  1.000E-02  1.000E-02  1.000E-02  1.000E-02  1.000E-02
       1.000E-02  1.000E-02  1.000E-02  1.000E-02  1.000E-02  1.000E-02  1.000E-02  1.000E-02  1.000E-02  1.000E-02  1.000E-02
       1.000E-02  1.000E-02  1.000E-02  1.000E-02  1.000E-02  1.000E-02  1.000E-02  1.000E-02  1.000E-02  1.000E-02  1.000E-02
       1.000E-02  1.000E-02  1.000E-02  1.000E-02  1.000E-02  1.000E-02  1.000E-02  1.000E-02  1.000E-02  1.000E-02  1.000E-02
       1.000E-02  1.000E-02  1.000E-02  1.000E-02  1.000E-02  1.000E-02  1.000E-02  1.000E-02  1.000E-02  1.000E-02  1.000E-02
       1.000E-02  1.000E-02  1.000E-02  1.000E-02  1.000E-02  1.000E-02  1.000E-02
  70   1.000E-02  1.000E-02  1.000E-02  1.000E-02  1.000E-02  1.000E-02  1.000E-02  1.000E-02  1.000E-02  1.000E-02  1.000E-02
       1.000E-02  1.000E-02  1.000E-02  1.000E-02  1.000E-02  1.000E-02  1.000E-02  1.000E-02  1.000E-02  1.000E-02  1.000E-02
       1.000E-02  1.000E-02  1.000E-02  1.000E-02  1.000E-02  1.000E-02  1.000E-02  1.000E-02  1.000E-02  1.000E-02  1.000E-02
       1.000E-02  1.000E-02  1.000E-02  1.000E-02  1.000E-02  1.000E-02  1.000E-02  1.000E-02  1.000E-02  1.000E-02  1.000E-02
       1.000E-02  1.000E-02  1.000E-02  1.000E-02  1.000E-02  1.000E-02  1.000E-02  1.000E-02  1.000E-02  1.000E-02  1.000E-02
       1.000E-02  1.000E-02  1.000E-02  1.000E-02  1.000E-02  1.000E-02  1.000E-02  1.000E-02  1.000E-02  1.000E-02  1.000E-02
       1.000E-02  1.000E-02  1.000E-02  1.000E-02  1.000E-02  1.000E-02  1.000E-02
  71   1.000E-02  1.000E-02  1.000E-02  1.000E-02  1.000E-02  1.000E-02  1.000E-02  1.000E-02  1.000E-02  1.000E-02  1.000E-02
       1.000E-02  1.000E-02  1.000E-02  1.000E-02  1.000E-02  1.000E-02  1.000E-02  1.000E-02  1.000E-02  1.000E-02  1.000E-02
       1.000E-02  1.000E-02  1.000E-02  1.000E-02  1.000E-02  1.000E-02  1.000E-02  1.000E-02  1.000E-02  1.000E-02  1.000E-02
       1.000E-02  1.000E-02  1.000E-02  1.000E-02  1.000E-02  1.000E-02  1.000E-02  1.000E-02  1.000E-02  1.000E-02  1.000E-02
       1.000E-02  1.000E-02  1.000E-02  1.000E-02  1.000E-02  1.000E-02  1.000E-02  1.000E-02  1.000E-02  1.000E-02  1.000E-02
       1.000E-02  1.000E-02  1.000E-02  1.000E-02  1.000E-02  1.000E-02  1.000E-02  1.000E-02  1.000E-02  1.000E-02  1.000E-02
       1.000E-02  1.000E-02  1.000E-02  1.000E-02  1.000E-02  1.000E-02  1.000E-02
  72   1.000E-02  1.000E-02  1.000E-02  1.000E-02  1.000E-02  1.000E-02  1.000E-02  1.000E-02  1.000E-02  1.000E-02  1.000E-02
       1.000E-02  1.000E-02  1.000E-02  1.000E-02  1.000E-02  1.000E-02  1.000E-02  1.000E-02  1.000E-02  1.000E-02  1.000E-02
       1.000E-02  1.000E-02  1.000E-02  1.000E-02  1.000E-02  1.000E-02  1.000E-02  1.000E-02  1.000E-02  1.000E-02  1.000E-02
       1.000E-02  1.000E-02  1.000E-02  1.000E-02  1.000E-02  1.000E-02  1.000E-02  1.000E-02  1.000E-02  1.000E-02  1.000E-02
       1.000E-02  1.000E-02  1.000E-02  1.000E-02  1.000E-02  1.000E-02  1.000E-02  1.000E-02  1.000E-02  1.000E-02  1.000E-02
       1.000E-02  1.000E-02  1.000E-02  1.000E-02  1.000E-02  1.000E-02  1.000E-02  1.000E-02  1.000E-02  1.000E-02  1.000E-02
       1.000E-02  1.000E-02  1.000E-02  1.000E-02  1.000E-02  1.000E-02  1.000E-02
  73   1.000E-02  1.000E-02  1.000E-02  1.000E-02  1.000E-02  1.000E-02  1.000E-02  1.000E-02  1.000E-02  1.000E-02  1.000E-02
       1.000E-02  1.000E-02  1.000E-02  1.000E-02  1.000E-02  1.000E-02  1.000E-02  1.000E-02  1.000E-02  1.000E-02  1.000E-02
       1.000E-02  1.000E-02  1.000E-02  1.000E-02  1.000E-02  1.000E-02  1.000E-02  1.000E-02  1.000E-02  1.000E-02  1.000E-02
       1.000E-02  1.000E-02  1.000E-02  1.000E-02  1.000E-02  1.000E-02  1.000E-02  1.000E-02  1.000E-02  1.000E-02  1.000E-02
       1.000E-02  1.000E-02  1.000E-02  1.000E-02  1.000E-02  1.000E-02  1.000E-02  1.000E-02  1.000E-02  1.000E-02  1.000E-02
       1.000E-02  1.000E-02  1.000E-02  1.000E-02  1.000E-02  1.000E-02  1.000E-02  1.000E-02  1.000E-02  1.000E-02  1.000E-02
       1.000E-02  1.000E-02  1.000E-02  1.000E-02  1.000E-02  1.000E-02  1.000E-02
  74   1.000E-02  1.000E-02  1.000E-02  1.000E-02  1.000E-02  1.000E-02  1.000E-02  1.000E-02  1.000E-02  1.000E-02  1.000E-02
       1.000E-02  1.000E-02  1.000E-02  1.000E-02  1.000E-02  1.000E-02  1.000E-02  1.000E-02  1.000E-02  1.000E-02  1.000E-02
       1.000E-02  1.000E-02  1.000E-02  1.000E-02  1.000E-02  1.000E-02  1.000E-02  1.000E-02  1.000E-02  1.000E-02  1.000E-02
       1.000E-02  1.000E-02  1.000E-02  1.000E-02  1.000E-02  1.000E-02  1.000E-02  1.000E-02  1.000E-02  1.000E-02  1.000E-02
       1.000E-02  1.000E-02  1.000E-02  1.000E-02  1.000E-02  1.000E-02  1.000E-02  1.000E-02  1.000E-02  1.000E-02  1.000E-02
       1.000E-02  1.000E-02  1.000E-02  1.000E-02  1.000E-02  1.000E-02  1.000E-02  1.000E-02  1.000E-02  1.000E-02  1.000E-02
       1.000E-02  1.000E-02  1.000E-02  1.000E-02  1.000E-02  1.000E-02  1.000E-02
  75   1.000E-02  1.000E-02  1.000E-02  1.000E-02  1.000E-02  1.000E-02  1.000E-02  1.000E-02  1.000E-02  1.000E-02  1.000E-02
       1.000E-02  1.000E-02  1.000E-02  1.000E-02  1.000E-02  1.000E-02  1.000E-02  1.000E-02  1.000E-02  1.000E-02  1.000E-02
       1.000E-02  1.000E-02  1.000E-02  1.000E-02  1.000E-02  1.000E-02  1.000E-02  1.000E-02  1.000E-02  1.000E-02  1.000E-02
       1.000E-02  1.000E-02  1.000E-02  1.000E-02  1.000E-02  1.000E-02  1.000E-02  1.000E-02  1.000E-02  1.000E-02  1.000E-02
       1.000E-02  1.000E-02  1.000E-02  1.000E-02  1.000E-02  1.000E-02  1.000E-02  1.000E-02  1.000E-02  1.000E-02  1.000E-02
       1.000E-02  1.000E-02  1.000E-02  1.000E-02  1.000E-02  1.000E-02  1.000E-02  1.000E-02  1.000E-02  1.000E-02  1.000E-02
       1.000E-02  1.000E-02  1.000E-02  1.000E-02  1.000E-02  1.000E-02  1.000E-02
  76   1.000E-02  1.000E-02  1.000E-02  1.000E-02  1.000E-02  1.000E-02  1.000E-02  1.000E-02  1.000E-02  1.000E-02  1.000E-02
       1.000E-02  1.000E-02  1.000E-02  1.000E-02  1.000E-02  1.000E-02  1.000E-02  1.000E-02  1.000E-02  1.000E-02  1.000E-02
       1.000E-02  1.000E-02  1.000E-02  1.000E-02  1.000E-02  1.000E-02  1.000E-02  1.000E-02  1.000E-02  1.000E-02  1.000E-02
       1.000E-02  1.000E-02  1.000E-02  1.000E-02  1.000E-02  1.000E-02  1.000E-02  1.000E-02  1.000E-02  1.000E-02  1.000E-02
       1.000E-02  1.000E-02  1.000E-02  1.000E-02  1.000E-02  1.000E-02  1.000E-02  1.000E-02  1.000E-02  1.000E-02  1.000E-02
       1.000E-02  1.000E-02  1.000E-02  1.000E-02  1.000E-02  1.000E-02  1.000E-02  1.000E-02  1.000E-02  1.000E-02  1.000E-02
       1.000E-02  1.000E-02  1.000E-02  1.000E-02  1.000E-02  1.000E-02  1.000E-02
  77   1.000E-02  1.000E-02  1.000E-02  1.000E-02  1.000E-02  1.000E-02  1.000E-02  1.000E-02  1.000E-02  1.000E-02  1.000E-02
       1.000E-02  1.000E-02  1.000E-02  1.000E-02  1.000E-02  1.000E-02  1.000E-02  1.000E-02  1.000E-02  1.000E-02  1.000E-02
       1.000E-02  1.000E-02  1.000E-02  1.000E-02  1.000E-02  1.000E-02  1.000E-02  1.000E-02  1.000E-02  1.000E-02  1.000E-02
       1.000E-02  1.000E-02  1.000E-02  1.000E-02  1.000E-02  1.000E-02  1.000E-02  1.000E-02  1.000E-02  1.000E-02  1.000E-02
       1.000E-02  1.000E-02  1.000E-02  1.000E-02  1.000E-02  1.000E-02  1.000E-02  1.000E-02  1.000E-02  1.000E-02  1.000E-02
       1.000E-02  1.000E-02  1.000E-02  1.000E-02  1.000E-02  1.000E-02  1.000E-02  1.000E-02  1.000E-02  1.000E-02  1.000E-02
       1.000E-02  1.000E-02  1.000E-02  1.000E-02  1.000E-02  1.000E-02  1.000E-02
  78   1.000E-02  1.000E-02  1.000E-02  1.000E-02  1.000E-02  1.000E-02  1.000E-02  1.000E-02  1.000E-02  1.000E-02  1.000E-02
       1.000E-02  1.000E-02  1.000E-02  1.000E-02  1.000E-02  1.000E-02  1.000E-02  1.000E-02  1.000E-02  1.000E-02  1.000E-02
       1.000E-02  1.000E-02  1.000E-02  1.000E-02  1.000E-02  1.000E-02  1.000E-02  1.000E-02  1.000E-02  1.000E-02  1.000E-02
       1.000E-02  1.000E-02  1.000E-02  1.000E-02  1.000E-02  1.000E-02  1.000E-02  1.000E-02  1.000E-02  1.000E-02  1.000E-02
       1.000E-02  1.000E-02  1.000E-02  1.000E-02  1.000E-02  1.000E-02  1.000E-02  1.000E-02  1.000E-02  1.000E-02  1.000E-02
       1.000E-02  1.000E-02  1.000E-02  1.000E-02  1.000E-02  1.000E-02  1.000E-02  1.000E-02  1.000E-02  1.000E-02  1.000E-02
       1.000E-02  1.000E-02  1.000E-02  1.000E-02  1.000E-02  1.000E-02  1.000E-02
  79   1.000E-02  1.000E-02  1.000E-02  1.000E-02  1.000E-02  1.000E-02  1.000E-02  1.000E-02  1.000E-02  1.000E-02  1.000E-02
       1.000E-02  1.000E-02  1.000E-02  1.000E-02  1.000E-02  1.000E-02  1.000E-02  1.000E-02  1.000E-02  1.000E-02  1.000E-02
       1.000E-02  1.000E-02  1.000E-02  1.000E-02  1.000E-02  1.000E-02  1.000E-02  1.000E-02  1.000E-02  1.000E-02  1.000E-02
       1.000E-02  1.000E-02  1.000E-02  1.000E-02  1.000E-02  1.000E-02  1.000E-02  1.000E-02  1.000E-02  1.000E-02  1.000E-02
       1.000E-02  1.000E-02  1.000E-02  1.000E-02  1.000E-02  1.000E-02  1.000E-02  1.000E-02  1.000E-02  1.000E-02  1.000E-02
       1.000E-02  1.000E-02  1.000E-02  1.000E-02  1.000E-02  1.000E-02  1.000E-02  1.000E-02  1.000E-02  1.000E-02  1.000E-02
       1.000E-02  1.000E-02  1.000E-02  1.000E-02  1.000E-02  1.000E-02  1.000E-02
  80   1.000E-02  1.000E-02  1.000E-02  1.000E-02  1.000E-02  1.000E-02  1.000E-02  1.000E-02  1.000E-02  1.000E-02  1.000E-02
       1.000E-02  1.000E-02  1.000E-02  1.000E-02  1.000E-02  1.000E-02  1.000E-02  1.000E-02  1.000E-02  1.000E-02  1.000E-02
       1.000E-02  1.000E-02  1.000E-02  1.000E-02  1.000E-02  1.000E-02  1.000E-02  1.000E-02  1.000E-02  1.000E-02  1.000E-02
       1.000E-02  1.000E-02  1.000E-02  1.000E-02  1.000E-02  1.000E-02  1.000E-02  1.000E-02  1.000E-02  1.000E-02  1.000E-02
       1.000E-02  1.000E-02  1.000E-02  1.000E-02  1.000E-02  1.000E-02  1.000E-02  1.000E-02  1.000E-02  1.000E-02  1.000E-02
       1.000E-02  1.000E-02  1.000E-02  1.000E-02  1.000E-02  1.000E-02  1.000E-02  1.000E-02  1.000E-02  1.000E-02  1.000E-02
       1.000E-02  1.000E-02  1.000E-02  1.000E-02  1.000E-02  1.000E-02  1.000E-02
  81   1.000E-02  1.000E-02  1.000E-02  1.000E-02  1.000E-02  1.000E-02  1.000E-02  1.000E-02  1.000E-02  1.000E-02  1.000E-02
       1.000E-02  1.000E-02  1.000E-02  1.000E-02  1.000E-02  1.000E-02  1.000E-02  1.000E-02  1.000E-02  1.000E-02  1.000E-02
       1.000E-02  1.000E-02  1.000E-02  1.000E-02  1.000E-02  1.000E-02  1.000E-02  1.000E-02  1.000E-02  1.000E-02  1.000E-02
       1.000E-02  1.000E-02  1.000E-02  1.000E-02  1.000E-02  1.000E-02  1.000E-02  1.000E-02  1.000E-02  1.000E-02  1.000E-02
       1.000E-02  1.000E-02  1.000E-02  1.000E-02  1.000E-02  1.000E-02  1.000E-02  1.000E-02  1.000E-02  1.000E-02  1.000E-02
       1.000E-02  1.000E-02  1.000E-02  1.000E-02  1.000E-02  1.000E-02  1.000E-02  1.000E-02  1.000E-02  1.000E-02  1.000E-02
       1.000E-02  1.000E-02  1.000E-02  1.000E-02  1.000E-02  1.000E-02  1.000E-02
  82   1.000E-02  1.000E-02  1.000E-02  1.000E-02  1.000E-02  1.000E-02  1.000E-02  1.000E-02  1.000E-02  1.000E-02  1.000E-02
       1.000E-02  1.000E-02  1.000E-02  1.000E-02  1.000E-02  1.000E-02  1.000E-02  1.000E-02  1.000E-02  1.000E-02  1.000E-02
       1.000E-02  1.000E-02  1.000E-02  1.000E-02  1.000E-02  1.000E-02  1.000E-02  1.000E-02  1.000E-02  1.000E-02  1.000E-02
       1.000E-02  1.000E-02  1.000E-02  1.000E-02  1.000E-02  1.000E-02  1.000E-02  1.000E-02  1.000E-02  1.000E-02  1.000E-02
       1.000E-02  1.000E-02  1.000E-02  1.000E-02  1.000E-02  1.000E-02  1.000E-02  1.000E-02  1.000E-02  1.000E-02  1.000E-02
       1.000E-02  1.000E-02  1.000E-02  1.000E-02  1.000E-02  1.000E-02  1.000E-02  1.000E-02  1.000E-02  1.000E-02  1.000E-02
       1.000E-02  1.000E-02  1.000E-02  1.000E-02  1.000E-02  1.000E-02  1.000E-02
  83   1.000E-02  1.000E-02  1.000E-02  1.000E-02  1.000E-02  1.000E-02  1.000E-02  1.000E-02  1.000E-02  1.000E-02  1.000E-02
       1.000E-02  1.000E-02  1.000E-02  1.000E-02  1.000E-02  1.000E-02  1.000E-02  1.000E-02  1.000E-02  1.000E-02  1.000E-02
       1.000E-02  1.000E-02  1.000E-02  1.000E-02  1.000E-02  1.000E-02  1.000E-02  1.000E-02  1.000E-02  1.000E-02  1.000E-02
       1.000E-02  1.000E-02  1.000E-02  1.000E-02  1.000E-02  1.000E-02  1.000E-02  1.000E-02  1.000E-02  1.000E-02  1.000E-02
       1.000E-02  1.000E-02  1.000E-02  1.000E-02  1.000E-02  1.000E-02  1.000E-02  1.000E-02  1.000E-02  1.000E-02  1.000E-02
       1.000E-02  1.000E-02  1.000E-02  1.000E-02  1.000E-02  1.000E-02  1.000E-02  1.000E-02  1.000E-02  1.000E-02  1.000E-02
       1.000E-02  1.000E-02  1.000E-02  1.000E-02  1.000E-02  1.000E-02  1.000E-02
  84   1.000E-02  1.000E-02  1.000E-02  1.000E-02  1.000E-02  1.000E-02  1.000E-02  1.000E-02  1.000E-02  1.000E-02  1.000E-02
       1.000E-02  1.000E-02  1.000E-02  1.000E-02  1.000E-02  1.000E-02  1.000E-02  1.000E-02  1.000E-02  1.000E-02  1.000E-02
       1.000E-02  1.000E-02  1.000E-02  1.000E-02  1.000E-02  1.000E-02  1.000E-02  1.000E-02  1.000E-02  1.000E-02  1.000E-02
       1.000E-02  1.000E-02  1.000E-02  1.000E-02  1.000E-02  1.000E-02  1.000E-02  1.000E-02  1.000E-02  1.000E-02  1.000E-02
       1.000E-02  1.000E-02  1.000E-02  1.000E-02  1.000E-02  1.000E-02  1.000E-02  1.000E-02  1.000E-02  1.000E-02  1.000E-02
       1.000E-02  1.000E-02  1.000E-02  1.000E-02  1.000E-02  1.000E-02  1.000E-02  1.000E-02  1.000E-02  1.000E-02  1.000E-02
       1.000E-02  1.000E-02  1.000E-02  1.000E-02  1.000E-02  1.000E-02  1.000E-02
  85   1.000E-02  1.000E-02  1.000E-02  1.000E-02  1.000E-02  1.000E-02  1.000E-02  1.000E-02  1.000E-02  1.000E-02  1.000E-02
       1.000E-02  1.000E-02  1.000E-02  1.000E-02  1.000E-02  1.000E-02  1.000E-02  1.000E-02  1.000E-02  1.000E-02  1.000E-02
       1.000E-02  1.000E-02  1.000E-02  1.000E-02  1.000E-02  1.000E-02  1.000E-02  1.000E-02  1.000E-02  1.000E-02  1.000E-02
       1.000E-02  1.000E-02  1.000E-02  1.000E-02  1.000E-02  1.000E-02  1.000E-02  1.000E-02  1.000E-02  1.000E-02  1.000E-02
       1.000E-02  1.000E-02  1.000E-02  1.000E-02  1.000E-02  1.000E-02  1.000E-02  1.000E-02  1.000E-02  1.000E-02  1.000E-02
       1.000E-02  1.000E-02  1.000E-02  1.000E-02  1.000E-02  1.000E-02  1.000E-02  1.000E-02  1.000E-02  1.000E-02  1.000E-02
       1.000E-02  1.000E-02  1.000E-02  1.000E-02  1.000E-02  1.000E-02  1.000E-02
  86   1.000E-02  1.000E-02  1.000E-02  1.000E-02  1.000E-02  1.000E-02  1.000E-02  1.000E-02  1.000E-02  1.000E-02  1.000E-02
       1.000E-02  1.000E-02  1.000E-02  1.000E-02  1.000E-02  1.000E-02  1.000E-02  1.000E-02  1.000E-02  1.000E-02  1.000E-02
       1.000E-02  1.000E-02  1.000E-02  1.000E-02  1.000E-02  1.000E-02  1.000E-02  1.000E-02  1.000E-02  1.000E-02  1.000E-02
       1.000E-02  1.000E-02  1.000E-02  1.000E-02  1.000E-02  1.000E-02  1.000E-02  1.000E-02  1.000E-02  1.000E-02  1.000E-02
       1.000E-02  1.000E-02  1.000E-02  1.000E-02  1.000E-02  1.000E-02  1.000E-02  1.000E-02  1.000E-02  1.000E-02  1.000E-02
       1.000E-02  1.000E-02  1.000E-02  1.000E-02  1.000E-02  1.000E-02  1.000E-02  1.000E-02  1.000E-02  1.000E-02  1.000E-02
       1.000E-02  1.000E-02  1.000E-02  1.000E-02  1.000E-02  1.000E-02  1.000E-02
  87   1.000E-02  1.000E-02  1.000E-02  1.000E-02  1.000E-02  1.000E-02  1.000E-02  1.000E-02  1.000E-02  1.000E-02  1.000E-02
       1.000E-02  1.000E-02  1.000E-02  1.000E-02  1.000E-02  1.000E-02  1.000E-02  1.000E-02  1.000E-02  1.000E-02  1.000E-02
       1.000E-02  1.000E-02  1.000E-02  1.000E-02  1.000E-02  1.000E-02  1.000E-02  1.000E-02  1.000E-02  1.000E-02  1.000E-02
       1.000E-02  1.000E-02  1.000E-02  1.000E-02  1.000E-02  1.000E-02  1.000E-02  1.000E-02  1.000E-02  1.000E-02  1.000E-02
       1.000E-02  1.000E-02  1.000E-02  1.000E-02  1.000E-02  1.000E-02  1.000E-02  1.000E-02  1.000E-02  1.000E-02  1.000E-02
       1.000E-02  1.000E-02  1.000E-02  1.000E-02  1.000E-02  1.000E-02  1.000E-02  1.000E-02  1.000E-02  1.000E-02  1.000E-02
       1.000E-02  1.000E-02  1.000E-02  1.000E-02  1.000E-02  1.000E-02  1.000E-02
  88   1.000E-02  1.000E-02  1.000E-02  1.000E-02  1.000E-02  1.000E-02  1.000E-02  1.000E-02  1.000E-02  1.000E-02  1.000E-02
       1.000E-02  1.000E-02  1.000E-02  1.000E-02  1.000E-02  1.000E-02  1.000E-02  1.000E-02  1.000E-02  1.000E-02  1.000E-02
       1.000E-02  1.000E-02  1.000E-02  1.000E-02  1.000E-02  1.000E-02  1.000E-02  1.000E-02  1.000E-02  1.000E-02  1.000E-02
       1.000E-02  1.000E-02  1.000E-02  1.000E-02  1.000E-02  1.000E-02  1.000E-02  1.000E-02  1.000E-02  1.000E-02  1.000E-02
       1.000E-02  1.000E-02  1.000E-02  1.000E-02  1.000E-02  1.000E-02  1.000E-02  1.000E-02  1.000E-02  1.000E-02  1.000E-02
       1.000E-02  1.000E-02  1.000E-02  1.000E-02  1.000E-02  1.000E-02  1.000E-02  1.000E-02  1.000E-02  1.000E-02  1.000E-02
       1.000E-02  1.000E-02  1.000E-02  1.000E-02  1.000E-02  1.000E-02  1.000E-02
  89   1.000E-02  1.000E-02  1.000E-02  1.000E-02  1.000E-02  1.000E-02  1.000E-02  1.000E-02  1.000E-02  1.000E-02  1.000E-02
       1.000E-02  1.000E-02  1.000E-02  1.000E-02  1.000E-02  1.000E-02  1.000E-02  1.000E-02  1.000E-02  1.000E-02  1.000E-02
       1.000E-02  1.000E-02  1.000E-02  1.000E-02  1.000E-02  1.000E-02  1.000E-02  1.000E-02  1.000E-02  1.000E-02  1.000E-02
       1.000E-02  1.000E-02  1.000E-02  1.000E-02  1.000E-02  1.000E-02  1.000E-02  1.000E-02  1.000E-02  1.000E-02  1.000E-02
       1.000E-02  1.000E-02  1.000E-02  1.000E-02  1.000E-02  1.000E-02  1.000E-02  1.000E-02  1.000E-02  1.000E-02  1.000E-02
       1.000E-02  1.000E-02  1.000E-02  1.000E-02  1.000E-02  1.000E-02  1.000E-02  1.000E-02  1.000E-02  1.000E-02  1.000E-02
       1.000E-02  1.000E-02  1.000E-02  1.000E-02  1.000E-02  1.000E-02  1.000E-02
  90   1.000E-02  1.000E-02  1.000E-02  1.000E-02  1.000E-02  1.000E-02  1.000E-02  1.000E-02  1.000E-02  1.000E-02  1.000E-02
       1.000E-02  1.000E-02  1.000E-02  1.000E-02  1.000E-02  1.000E-02  1.000E-02  1.000E-02  1.000E-02  1.000E-02  1.000E-02
       1.000E-02  1.000E-02  1.000E-02  1.000E-02  1.000E-02  1.000E-02  1.000E-02  1.000E-02  1.000E-02  1.000E-02  1.000E-02
       1.000E-02  1.000E-02  1.000E-02  1.000E-02  1.000E-02  1.000E-02  1.000E-02  1.000E-02  1.000E-02  1.000E-02  1.000E-02
       1.000E-02  1.000E-02  1.000E-02  1.000E-02  1.000E-02  1.000E-02  1.000E-02  1.000E-02  1.000E-02  1.000E-02  1.000E-02
       1.000E-02  1.000E-02  1.000E-02  1.000E-02  1.000E-02  1.000E-02  1.000E-02  1.000E-02  1.000E-02  1.000E-02  1.000E-02
       1.000E-02  1.000E-02  1.000E-02  1.000E-02  1.000E-02  1.000E-02  1.000E-02
  91   1.000E-02  1.000E-02  1.000E-02  1.000E-02  1.000E-02  1.000E-02  1.000E-02  1.000E-02  1.000E-02  1.000E-02  1.000E-02
       1.000E-02  1.000E-02  1.000E-02  1.000E-02  1.000E-02  1.000E-02  1.000E-02  1.000E-02  1.000E-02  1.000E-02  1.000E-02
       1.000E-02  1.000E-02  1.000E-02  1.000E-02  1.000E-02  1.000E-02  1.000E-02  1.000E-02  1.000E-02  1.000E-02  1.000E-02
       1.000E-02  1.000E-02  1.000E-02  1.000E-02  1.000E-02  1.000E-02  1.000E-02  1.000E-02  1.000E-02  1.000E-02  1.000E-02
       1.000E-02  1.000E-02  1.000E-02  1.000E-02  1.000E-02  1.000E-02  1.000E-02  1.000E-02  1.000E-02  1.000E-02  1.000E-02
       1.000E-02  1.000E-02  1.000E-02  1.000E-02  1.000E-02  1.000E-02  1.000E-02  1.000E-02  1.000E-02  1.000E-02  1.000E-02
       1.000E-02  1.000E-02  1.000E-02  1.000E-02  1.000E-02  1.000E-02  1.000E-02
  92   1.000E-02  1.000E-02  1.000E-02  1.000E-02  1.000E-02  1.000E-02  1.000E-02  1.000E-02  1.000E-02  1.000E-02  1.000E-02
       1.000E-02  1.000E-02  1.000E-02  1.000E-02  1.000E-02  1.000E-02  1.000E-02  1.000E-02  1.000E-02  1.000E-02  1.000E-02
       1.000E-02  1.000E-02  1.000E-02  1.000E-02  1.000E-02  1.000E-02  1.000E-02  1.000E-02  1.000E-02  1.000E-02  1.000E-02
       1.000E-02  1.000E-02  1.000E-02  1.000E-02  1.000E-02  1.000E-02  1.000E-02  1.000E-02  1.000E-02  1.000E-02  1.000E-02
       1.000E-02  1.000E-02  1.000E-02  1.000E-02  1.000E-02  1.000E-02  1.000E-02  1.000E-02  1.000E-02  1.000E-02  1.000E-02
       1.000E-02  1.000E-02  1.000E-02  1.000E-02  1.000E-02  1.000E-02  1.000E-02  1.000E-02  1.000E-02  1.000E-02  1.000E-02
       1.000E-02  1.000E-02  1.000E-02  1.000E-02  1.000E-02  1.000E-02  1.000E-02
  93   1.000E-02  1.000E-02  1.000E-02  1.000E-02  1.000E-02  1.000E-02  1.000E-02  1.000E-02  1.000E-02  1.000E-02  1.000E-02
       1.000E-02  1.000E-02  1.000E-02  1.000E-02  1.000E-02  1.000E-02  1.000E-02  1.000E-02  1.000E-02  1.000E-02  1.000E-02
       1.000E-02  1.000E-02  1.000E-02  1.000E-02  1.000E-02  1.000E-02  1.000E-02  1.000E-02  1.000E-02  1.000E-02  1.000E-02
       1.000E-02  1.000E-02  1.000E-02  1.000E-02  1.000E-02  1.000E-02  1.000E-02  1.000E-02  1.000E-02  1.000E-02  1.000E-02
       1.000E-02  1.000E-02  1.000E-02  1.000E-02  1.000E-02  1.000E-02  1.000E-02  1.000E-02  1.000E-02  1.000E-02  1.000E-02
       1.000E-02  1.000E-02  1.000E-02  1.000E-02  1.000E-02  1.000E-02  1.000E-02  1.000E-02  1.000E-02  1.000E-02  1.000E-02
       1.000E-02  1.000E-02  1.000E-02  1.000E-02  1.000E-02  1.000E-02  1.000E-02
  94   1.000E-02  1.000E-02  1.000E-02  1.000E-02  1.000E-02  1.000E-02  1.000E-02  1.000E-02  1.000E-02  1.000E-02  1.000E-02
       1.000E-02  1.000E-02  1.000E-02  1.000E-02  1.000E-02  1.000E-02  1.000E-02  1.000E-02  1.000E-02  1.000E-02  1.000E-02
       1.000E-02  1.000E-02  1.000E-02  1.000E-02  1.000E-02  1.000E-02  1.000E-02  1.000E-02  1.000E-02  1.000E-02  1.000E-02
       1.000E-02  1.000E-02  1.000E-02  1.000E-02  1.000E-02  1.000E-02  1.000E-02  1.000E-02  1.000E-02  1.000E-02  1.000E-02
       1.000E-02  1.000E-02  1.000E-02  1.000E-02  1.000E-02  1.000E-02  1.000E-02  1.000E-02  1.000E-02  1.000E-02  1.000E-02
       1.000E-02  1.000E-02  1.000E-02  1.000E-02  1.000E-02  1.000E-02  1.000E-02  1.000E-02  1.000E-02  1.000E-02  1.000E-02
       1.000E-02  1.000E-02  1.000E-02  1.000E-02  1.000E-02  1.000E-02  1.000E-02
  95   1.000E-02  1.000E-02  1.000E-02  1.000E-02  1.000E-02  1.000E-02  1.000E-02  1.000E-02  1.000E-02  1.000E-02  1.000E-02
       1.000E-02  1.000E-02  1.000E-02  1.000E-02  1.000E-02  1.000E-02  1.000E-02  1.000E-02  1.000E-02  1.000E-02  1.000E-02
       1.000E-02  1.000E-02  1.000E-02  1.000E-02  1.000E-02  1.000E-02  1.000E-02  1.000E-02  1.000E-02  1.000E-02  1.000E-02
       1.000E-02  1.000E-02  1.000E-02  1.000E-02  1.000E-02  1.000E-02  1.000E-02  1.000E-02  1.000E-02  1.000E-02  1.000E-02
       1.000E-02  1.000E-02  1.000E-02  1.000E-02  1.000E-02  1.000E-02  1.000E-02  1.000E-02  1.000E-02  1.000E-02  1.000E-02
       1.000E-02  1.000E-02  1.000E-02  1.000E-02  1.000E-02  1.000E-02  1.000E-02  1.000E-02  1.000E-02  1.000E-02  1.000E-02
       1.000E-02  1.000E-02  1.000E-02  1.000E-02  1.000E-02  1.000E-02  1.000E-02
  96   1.000E-02  1.000E-02  1.000E-02  1.000E-02  1.000E-02  1.000E-02  1.000E-02  1.000E-02  1.000E-02  1.000E-02  1.000E-02
       1.000E-02  1.000E-02  1.000E-02  1.000E-02  1.000E-02  1.000E-02  1.000E-02  1.000E-02  1.000E-02  1.000E-02  1.000E-02
       1.000E-02  1.000E-02  1.000E-02  1.000E-02  1.000E-02  1.000E-02  1.000E-02  1.000E-02  1.000E-02  1.000E-02  1.000E-02
       1.000E-02  1.000E-02  1.000E-02  1.000E-02  1.000E-02  1.000E-02  1.000E-02  1.000E-02  1.000E-02  1.000E-02  1.000E-02
       1.000E-02  1.000E-02  1.000E-02  1.000E-02  1.000E-02  1.000E-02  1.000E-02  1.000E-02  1.000E-02  1.000E-02  1.000E-02
       1.000E-02  1.000E-02  1.000E-02  1.000E-02  1.000E-02  1.000E-02  1.000E-02  1.000E-02  1.000E-02  1.000E-02  1.000E-02
       1.000E-02  1.000E-02  1.000E-02  1.000E-02  1.000E-02  1.000E-02  1.000E-02
  97   1.000E-02  1.000E-02  1.000E-02  1.000E-02  1.000E-02  1.000E-02  1.000E-02  1.000E-02  1.000E-02  1.000E-02  1.000E-02
       1.000E-02  1.000E-02  1.000E-02  1.000E-02  1.000E-02  1.000E-02  1.000E-02  1.000E-02  1.000E-02  1.000E-02  1.000E-02
       1.000E-02  1.000E-02  1.000E-02  1.000E-02  1.000E-02  1.000E-02  1.000E-02  1.000E-02  1.000E-02  1.000E-02  1.000E-02
       1.000E-02  1.000E-02  1.000E-02  1.000E-02  1.000E-02  1.000E-02  1.000E-02  1.000E-02  1.000E-02  1.000E-02  1.000E-02
       1.000E-02  1.000E-02  1.000E-02  1.000E-02  1.000E-02  1.000E-02  1.000E-02  1.000E-02  1.000E-02  1.000E-02  1.000E-02
       1.000E-02  1.000E-02  1.000E-02  1.000E-02  1.000E-02  1.000E-02  1.000E-02  1.000E-02  1.000E-02  1.000E-02  1.000E-02
       1.000E-02  1.000E-02  1.000E-02  1.000E-02  1.000E-02  1.000E-02  1.000E-02
  98   1.000E-02  1.000E-02  1.000E-02  1.000E-02  1.000E-02  1.000E-02  1.000E-02  1.000E-02  1.000E-02  1.000E-02  1.000E-02
       1.000E-02  1.000E-02  1.000E-02  1.000E-02  1.000E-02  1.000E-02  1.000E-02  1.000E-02  1.000E-02  1.000E-02  1.000E-02
       1.000E-02  1.000E-02  1.000E-02  1.000E-02  1.000E-02  1.000E-02  1.000E-02  1.000E-02  1.000E-02  1.000E-02  1.000E-02
       1.000E-02  1.000E-02  1.000E-02  1.000E-02  1.000E-02  1.000E-02  1.000E-02  1.000E-02  1.000E-02  1.000E-02  1.000E-02
       1.000E-02  1.000E-02  1.000E-02  1.000E-02  1.000E-02  1.000E-02  1.000E-02  1.000E-02  1.000E-02  1.000E-02  1.000E-02
       1.000E-02  1.000E-02  1.000E-02  1.000E-02  1.000E-02  1.000E-02  1.000E-02  1.000E-02  1.000E-02  1.000E-02  1.000E-02
       1.000E-02  1.000E-02  1.000E-02  1.000E-02  1.000E-02  1.000E-02  1.000E-02
  99   1.000E-02  1.000E-02  1.000E-02  1.000E-02  1.000E-02  1.000E-02  1.000E-02  1.000E-02  1.000E-02  1.000E-02  1.000E-02
       1.000E-02  1.000E-02  1.000E-02  1.000E-02  1.000E-02  1.000E-02  1.000E-02  1.000E-02  1.000E-02  1.000E-02  1.000E-02
       1.000E-02  1.000E-02  1.000E-02  1.000E-02  1.000E-02  1.000E-02  1.000E-02  1.000E-02  1.000E-02  1.000E-02  1.000E-02
       1.000E-02  1.000E-02  1.000E-02  1.000E-02  1.000E-02  1.000E-02  1.000E-02  1.000E-02  1.000E-02  1.000E-02  1.000E-02
       1.000E-02  1.000E-02  1.000E-02  1.000E-02  1.000E-02  1.000E-02  1.000E-02  1.000E-02  1.000E-02  1.000E-02  1.000E-02
       1.000E-02  1.000E-02  1.000E-02  1.000E-02  1.000E-02  1.000E-02  1.000E-02  1.000E-02  1.000E-02  1.000E-02  1.000E-02
       1.000E-02  1.000E-02  1.000E-02  1.000E-02  1.000E-02  1.000E-02  1.000E-02
 100   1.000E-02  1.000E-02  1.000E-02  1.000E-02  1.000E-02  1.000E-02  1.000E-02  1.000E-02  1.000E-02  1.000E-02  1.000E-02
       1.000E-02  1.000E-02  1.000E-02  1.000E-02  1.000E-02  1.000E-02  1.000E-02  1.000E-02  1.000E-02  1.000E-02  1.000E-02
       1.000E-02  1.000E-02  1.000E-02  1.000E-02  1.000E-02  1.000E-02  1.000E-02  1.000E-02  1.000E-02  1.000E-02  1.000E-02
       1.000E-02  1.000E-02  1.000E-02  1.000E-02  1.000E-02  1.000E-02  1.000E-02  1.000E-02  1.000E-02  1.000E-02  1.000E-02
       1.000E-02  1.000E-02  1.000E-02  1.000E-02  1.000E-02  1.000E-02  1.000E-02  1.000E-02  1.000E-02  1.000E-02  1.000E-02
       1.000E-02  1.000E-02  1.000E-02  1.000E-02  1.000E-02  1.000E-02  1.000E-02  1.000E-02  1.000E-02  1.000E-02  1.000E-02
       1.000E-02  1.000E-02  1.000E-02  1.000E-02  1.000E-02  1.000E-02  1.000E-02
 101   1.000E-02  1.000E-02  1.000E-02  1.000E-02  1.000E-02  1.000E-02  1.000E-02  1.000E-02  1.000E-02  1.000E-02  1.000E-02
       1.000E-02  1.000E-02  1.000E-02  1.000E-02  1.000E-02  1.000E-02  1.000E-02  1.000E-02  1.000E-02  1.000E-02  1.000E-02
       1.000E-02  1.000E-02  1.000E-02  1.000E-02  1.000E-02  1.000E-02  1.000E-02  1.000E-02  1.000E-02  1.000E-02  1.000E-02
       1.000E-02  1.000E-02  1.000E-02  1.000E-02  1.000E-02  1.000E-02  1.000E-02  1.000E-02  1.000E-02  1.000E-02  1.000E-02
       1.000E-02  1.000E-02  1.000E-02  1.000E-02  1.000E-02  1.000E-02  1.000E-02  1.000E-02  1.000E-02  1.000E-02  1.000E-02
       1.000E-02  1.000E-02  1.000E-02  1.000E-02  1.000E-02  1.000E-02  1.000E-02  1.000E-02  1.000E-02  1.000E-02  1.000E-02
       1.000E-02  1.000E-02  1.000E-02  1.000E-02  1.000E-02  1.000E-02  1.000E-02
 102   1.000E-02  1.000E-02  1.000E-02  1.000E-02  1.000E-02  1.000E-02  1.000E-02  1.000E-02  1.000E-02  1.000E-02  1.000E-02
       1.000E-02  1.000E-02  1.000E-02  1.000E-02  1.000E-02  1.000E-02  1.000E-02  1.000E-02  1.000E-02  1.000E-02  1.000E-02
       1.000E-02  1.000E-02  1.000E-02  1.000E-02  1.000E-02  1.000E-02  1.000E-02  1.000E-02  1.000E-02  1.000E-02  1.000E-02
       1.000E-02  1.000E-02  1.000E-02  1.000E-02  1.000E-02  1.000E-02  1.000E-02  1.000E-02  1.000E-02  1.000E-02  1.000E-02
       1.000E-02  1.000E-02  1.000E-02  1.000E-02  1.000E-02  1.000E-02  1.000E-02  1.000E-02  1.000E-02  1.000E-02  1.000E-02
       1.000E-02  1.000E-02  1.000E-02  1.000E-02  1.000E-02  1.000E-02  1.000E-02  1.000E-02  1.000E-02  1.000E-02  1.000E-02
       1.000E-02  1.000E-02  1.000E-02  1.000E-02  1.000E-02  1.000E-02  1.000E-02
 103   1.000E-02  1.000E-02  1.000E-02  1.000E-02  1.000E-02  1.000E-02  1.000E-02  1.000E-02  1.000E-02  1.000E-02  1.000E-02
       1.000E-02  1.000E-02  1.000E-02  1.000E-02  1.000E-02  1.000E-02  1.000E-02  1.000E-02  1.000E-02  1.000E-02  1.000E-02
       1.000E-02  1.000E-02  1.000E-02  1.000E-02  1.000E-02  1.000E-02  1.000E-02  1.000E-02  1.000E-02  1.000E-02  1.000E-02
       1.000E-02  1.000E-02  1.000E-02  1.000E-02  1.000E-02  1.000E-02  1.000E-02  1.000E-02  1.000E-02  1.000E-02  1.000E-02
       1.000E-02  1.000E-02  1.000E-02  1.000E-02  1.000E-02  1.000E-02  1.000E-02  1.000E-02  1.000E-02  1.000E-02  1.000E-02
       1.000E-02  1.000E-02  1.000E-02  1.000E-02  1.000E-02  1.000E-02  1.000E-02  1.000E-02  1.000E-02  1.000E-02  1.000E-02
       1.000E-02  1.000E-02  1.000E-02  1.000E-02  1.000E-02  1.000E-02  1.000E-02
 104   1.000E-02  1.000E-02  1.000E-02  1.000E-02  1.000E-02  1.000E-02  1.000E-02  1.000E-02  1.000E-02  1.000E-02  1.000E-02
       1.000E-02  1.000E-02  1.000E-02  1.000E-02  1.000E-02  1.000E-02  1.000E-02  1.000E-02  1.000E-02  1.000E-02  1.000E-02
       1.000E-02  1.000E-02  1.000E-02  1.000E-02  1.000E-02  1.000E-02  1.000E-02  1.000E-02  1.000E-02  1.000E-02  1.000E-02
       1.000E-02  1.000E-02  1.000E-02  1.000E-02  1.000E-02  1.000E-02  1.000E-02  1.000E-02  1.000E-02  1.000E-02  1.000E-02
       1.000E-02  1.000E-02  1.000E-02  1.000E-02  1.000E-02  1.000E-02  1.000E-02  1.000E-02  1.000E-02  1.000E-02  1.000E-02
       1.000E-02  1.000E-02  1.000E-02  1.000E-02  1.000E-02  1.000E-02  1.000E-02  1.000E-02  1.000E-02  1.000E-02  1.000E-02
       1.000E-02  1.000E-02  1.000E-02  1.000E-02  1.000E-02  1.000E-02  1.000E-02

 RIV -- RIVER PACKAGE, VERSION 7, 5/2/2005 INPUT READ FROM UNIT 5018
 #	RIV	package	for	MODFLOW-NWT	generated	by	Flopy	3.3.0		
 No named parameters
 MAXIMUM OF    220 ACTIVE RIVER REACHES AT ONE TIME


     0 River parameters

 RCH -- RECHARGE PACKAGE, VERSION 7, 5/2/2005 INPUT READ FROM UNIT 5019
 # RCH package for MODFLOW-NWT generated by Flopy 3.3.0
 No named parameters
 OPTION 3 -- RECHARGE TO HIGHEST ACTIVE NODE IN EACH VERTICAL COLUMN


     0 Recharge parameters
1
                            STRESS PERIOD NO.    1, LENGTH =   7038.000    
                            -----------------------------------------------

                              NUMBER OF TIME STEPS =  7038

                               MULTIPLIER FOR DELT =     1.000

                            INITIAL TIME STEP SIZE =   1.000000    

 REACH NO.  LAYER   ROW   COL     STAGE      CONDUCTANCE     BOTTOM EL.         
 -------------------------------------------------------------------------------
      1      1     25     17       334.8           60.00           334.0    
      2      1     25     18       326.4           675.5           325.7    
      3      1     26     18       327.2           644.5           326.5    
      4      1     26     19       322.8           514.8           322.0    
      5      1     27     19       325.4           1124.           324.6    
      6      1     27     20       320.3           127.7           319.5    
      7      1     28     20       324.4           861.3           323.6    
      8      1     28     21       319.7           725.8           318.9    
      9      1     29     21       325.1           423.9           324.3    
     10      1     29     22       322.0           975.5           321.2    
     11      1     30     22       321.0           900.0           320.2    
     12      1     31     22       323.9           100.6           323.1    
     13      1     31     23       324.2           797.4           323.5    
     14      1     32     22       319.3           89.03           318.5    
     15      1     32     23       318.3           760.6           317.5    
     16      1     33     22       322.1           801.3           321.3    
     17      1     34     22       318.7           274.8           317.9    
     18      1     34     23       311.5           780.0           310.7    
     19      1     35     23       313.2           367.7           312.4    
     20      1     35     24       311.6           894.2           310.8    
     21      1     36     23       321.6           514.8           320.9    
     22      1     36     24       309.0           930.9           308.2    
     23      1     36     25       303.3           799.3           302.5    
     24      1     36     26       300.4           903.8           299.6    
     25      1     36     27       299.2           222.6           298.4    
     26      1     37     27       295.4           934.8           294.6    
     27      1     37     56       258.0           64.75           257.1    
     28      1     37     57       259.6           551.6           258.7    
     29      1     38     27       294.6           890.3           293.8    
     30      1     38     55       258.5           1134.           257.6    
     31      1     38     56       257.7           1082.           256.8    
     32      1     39     27       294.1           870.9           293.3    
     33      1     39     55       253.9           1055.           252.9    
     34      1     40     25       297.1           574.8           296.3    
     35      1     40     26       289.2           878.7           288.4    
     36      1     40     27       296.8           60.00           296.0    
     37      1     40     55       252.5           1141.           251.6    
     38      1     41     25       297.1           474.2           296.4    
     39      1     41     26       285.7           930.9           284.9    
     40      1     41     27       286.3           567.1           285.5    
     41      1     41     33       270.1           395.8           269.4    
     42      1     41     53       250.3           1103.           249.4    
     43      1     41     54       251.2           1177.           250.3    
     44      1     41     55       256.7           259.0           255.8    
     45      1     42     27       282.8           894.2           282.0    
     46      1     42     33       266.1           605.5           265.4    
     47      1     42     34       270.4           332.7           269.8    
     48      1     42     52       248.1           1014.           247.1    
     49      1     42     53       248.0           131.9           247.1    
     50      1     43     27       284.6           245.8           283.8    
     51      1     43     28       278.3           799.3           277.5    
     52      1     43     34       263.1           831.0           262.5    
     53      1     43     52       249.5           1034.           248.6    
     54      1     44     28       280.3           427.7           279.5    
     55      1     44     29       273.8           901.9           273.0    
     56      1     44     30       276.5           476.1           275.8    
     57      1     44     34       266.9           299.6           266.3    
     58      1     44     35       260.5           682.8           259.9    
     59      1     44     52       244.9           565.9           244.0    
     60      1     44     53       241.8           597.1           240.9    
     61      1     45     30       269.5           1004.           268.7    
     62      1     45     35       257.8           752.2           257.2    
     63      1     45     53       240.1           1053.           239.1    
     64      1     46     30       267.4           822.6           266.6    
     65      1     46     35       256.5           870.4           255.8    
     66      1     46     51       239.5           796.2           238.6    
     67      1     46     52       240.2           1261.           239.2    
     68      1     46     53       240.6           179.9           239.7    
     69      1     47     30       266.3           750.9           265.5    
     70      1     47     31       265.1           799.3           264.3    
     71      1     47     32       266.8           917.4           266.0    
     72      1     47     35       253.1           709.6           252.4    
     73      1     47     50       238.5           918.5           237.5    
     74      1     47     51       240.1           402.9           239.2    
     75      1     48     32       262.0           240.0           261.2    
     76      1     48     33       267.7           660.0           266.9    
     77      1     48     35       253.9           477.8           253.3    
     78      1     48     36       253.2           369.0           252.5    
     79      1     48     49       235.2           290.2           234.2    
     80      1     48     50       238.5           973.6           237.6    
     81      1     49     33       256.9           1049.           256.1    
     82      1     49     34       254.8           166.4           254.0    
     83      1     49     35       252.7           603.8           251.9    
     84      1     49     36       251.2           2708.           250.4    
     85      1     49     37       249.4           769.5           248.7    
     86      1     49     38       245.9           119.8           245.3    
     87      1     49     41       247.2           252.9           246.2    
     88      1     49     42       264.6           414.4           263.5    
     89      1     49     49       235.9           1290.           235.0    
     90      1     50     34       256.8           1008.           256.0    
     91      1     50     35       257.0           346.4           256.2    
     92      1     50     36       253.7           303.9           252.9    
     93      1     50     37       249.2           870.9           248.4    
     94      1     50     38       247.5           4336.           246.7    
     95      1     50     39       244.7           1338.           243.6    
     96      1     50     40       244.6           1417.           243.5    
     97      1     50     41       245.4           1152.           244.4    
     98      1     50     42       244.8           1475.           243.8    
     99      1     50     43       250.1           176.7           249.1    
    100      1     50     49       234.7           1213.           233.8    
    101      1     51     43       239.2           1341.           238.2    
    102      1     51     48       233.0           350.1           232.1    
    103      1     51     49       231.3           860.9           230.4    
    104      1     52     43       235.9           1569.           234.8    
    105      1     52     48       229.1           182.8           228.0    
    106      1     52     49       226.8           9696.           225.7    
    107      1     52     50       225.6           1201.           224.1    
    108      1     53     43       236.3           1478.           235.2    
    109      1     53     44       234.0           222.4           233.0    
    110      1     53     47       230.1           499.7           229.0    
    111      1     53     48       228.5           1770.           227.5    
    112      1     53     50       225.3           2039.           223.8    
    113      1     53     51       225.1           1654.           223.6    
    114      1     54     44       238.7           1264.           237.7    
    115      1     54     45       235.4           1258.           234.3    
    116      1     54     46       235.0           1572.           233.9    
    117      1     54     47       231.3           1222.           230.2    
    118      1     54     51       223.9           1238.           222.4    
    119      1     54     52       223.6           1891.           222.1    
    120      1     55     52       223.3           2708.           221.8    
    121      1     56     52       227.2           447.8           225.7    
    122      1     56     53       222.1           2381.           220.6    
    123      1     56     54       225.4           2724.           223.9    
    124      1     57     53       222.3           200.2           220.7    
    125      1     57     54       231.9           2587.           230.3    
    126      1     58     53       222.4           2650.           220.9    
    127      1     59     53       223.0           2297.           221.5    
    128      1     60     53       222.7           2460.           221.2    
    129      1     61     53       219.9           242.4           218.4    
    130      1     61     54       217.9           2871.           216.4    
    131      1     61     55       218.9           2339.           217.4    
    132      1     61     56       222.8           526.9           221.2    
    133      1     62     56       214.8           2850.           213.2    
    134      1     63     56       211.7           1765.           210.1    
    135      1     63     57       214.8           816.6           213.3    
    136      1     64     56       213.9           2971.           212.4    
    137      1     64     57       215.8           310.8           214.3    
    138      1     65     56       211.8           2381.           210.2    
    139      1     66     56       211.0           2476.           209.4    
    140      1     67     56       209.0           2276.           207.5    
    141      1     68     56       211.9           2171.           210.4    
    142      1     68     57       208.9           400.4           207.4    
    143      1     69     57       207.6           2871.           206.0    
    144      1     70     57       208.9           458.4           207.4    
    145      1     70     58       208.2           2455.           206.7    
    146      1     71     58       206.1           2313.           204.5    
    147      1     72     58       206.3           2492.           204.8    
    148      1     73     54       203.5           2750.           202.0    
    149      1     73     55       200.9           2450.           199.4    
    150      1     73     56       203.5           2313.           201.9    
    151      1     73     57       205.4           2387.           203.8    
    152      1     73     58       204.7           1217.           203.1    
    153      1     74     54       203.7           2471.           202.2    
    154      1     75     54       200.9           695.4           199.3    
    155      1     75     55       202.7           1739.           201.2    
    156      1     76     54       200.8           2049.           199.2    
    157      1     76     55       203.6           1422.           202.1    
    158      1     77     53       198.7           3161.           197.1    
    159      1     77     54       199.0           600.6           197.4    
    160      1     78     53       202.7           1480.           201.2    
    161      1     78     54       199.3           2371.           197.8    
    162      1     78     55       199.7           1897.           198.2    
    163      1     79     55       198.0           1043.           196.5    
    164      1     79     56       199.5           1565.           198.0    
    165      1     80     56       197.5           2402.           195.9    
    166      1     81     56       195.5           2503.           193.9    
    167      1     82     56       194.5           2165.           192.9    
    168      1     83     56       194.7           2571.           193.2    
    169      1     84     53       195.6           100.1           194.1    
    170      1     84     54       193.5           374.1           191.9    
    171      1     84     55       192.5           2165.           190.9    
    172      1     84     56       196.7           864.0           195.1    
    173      1     85     53       192.7           2334.           191.1    
    174      1     85     54       190.7           2956.           189.2    
    175      1     85     55       195.6           1075.           194.0    
    176      1     86     53       196.0           2381.           194.4    
    177      1     86     54       192.6           295.0           191.0    
    178      1     87     54       193.3           3108.           191.7    
    179      1     87     55       193.2           295.0           191.7    
    180      1     88     55       191.5           2344.           189.9    
    181      1     88     56       191.8           2244.           190.3    
    182      1     88     57       191.6           3920.           190.1    
    183      1     89     57       191.3           2734.           189.8    
    184      1     90     56       188.9           1438.           187.4    
    185      1     90     57       195.0           1228.           193.5    
    186      1     91     54       188.8           1981.           187.2    
    187      1     91     55       188.3           2603.           186.8    
    188      1     91     56       187.6           2155.           186.1    
    189      1     92     54       189.3           2413.           187.7    
    190      1     93     54       188.4           943.1           186.9    
    191      1     93     55       185.5           2666.           183.9    
    192      1     93     56       184.0           2834.           182.5    
    193      1     93     57       184.7           2455.           183.2    
    194      1     94     57       182.7           1033.           181.2    
    195      1     94     58       194.8           1639.           193.2    
    196      1     95     56       182.7           979.9           181.1    
    197      1     95     57       185.9           2466.           184.4    
    198      1     96     56       182.3           1027.           180.8    
    199      1     96     57       185.3           3266.           183.8    
    200      1     97     54       183.4           2234.           181.9    
    201      1     97     55       181.9           2529.           180.3    
    202      1     97     57       183.4           405.7           181.8    
    203      1     97     58       187.8           1839.           186.3    
    204      1     98     54       181.1           2402.           179.6    
    205      1     98     55       180.3           1765.           178.7    
    206      1     98     56       182.4           3193.           180.8    
    207      1     98     57       185.8           2908.           184.2    
    208      1     98     58       187.4           516.3           185.8    
    209      1     99     54       178.7           1739.           177.1    
    210      1     99     55       177.2           832.4           175.6    
    211      1    100     54       181.1           284.5           179.5    
    212      1    100     55       177.1           3356.           175.5    
    213      1    101     55       192.0           1286.           190.4    
    214      1    101     56       181.1           2487.           179.6    
    215      1    101     57       178.7           1343.           177.1    
    216      1    102     57       179.2           1249.           177.6    
    217      1    102     58       176.5           2276.           174.9    
    218      1    103     58       180.1           2571.           178.6    
    219      1    103     59       180.1           189.7           178.6    
    220      1    104     58       176.1           1786.           174.5    

    220 RIVER REACHES

                 RECHARGE =   0.00000    
 
 SOLVING FOR HEAD 
                                                   Max.-Head-Change                        Max.-Flux-Residual
  Residual-Control   Outer-Iter.   Inner-Iter.     Column Row Layer    Max.-Head-Change    Column Row Layer    Max.-Flux-Residual            L2-New               L2-Old           Solver-Max-Delh
          0                 1           3            13   24     1      -0.2411978671E+02      13   24    1      -0.3979791440E+06      0.2997707027E+07      0.0000000000E+00     -0.2411978671E+02
          0                 2           3            52    9     1       0.1471541471E+01      45   29    1      -0.3311720903E+05      0.2614536141E+06      0.2997707027E+07      0.1471541471E+01
          0                 3           2            45   29     1      -0.9352935900E-01      45   29    1      -0.2621347992E+04      0.1390621129E+05      0.2614536141E+06     -0.9352935900E-01
          0                 4           2            45   29     1      -0.4685131095E-02      45   29    1      -0.1311118444E+03      0.7064981407E+03      0.1390621129E+05     -0.4685131095E-02

    ------------------------------------------------
       NWT REQUIRED            4 OUTER ITERATIONS 
       AND A TOTAL OF         10 INNER ITERATIONS.
    ------------------------------------------------

 OUTPUT CONTROL FOR STRESS PERIOD    1   TIME STEP    1
    SAVE HEAD FOR ALL LAYERS

 HEAD WILL BE SAVED ON UNIT 5051 AT END OF TIME STEP    1, STRESS PERIOD    1
 
 SOLVING FOR HEAD 
                                                   Max.-Head-Change                        Max.-Flux-Residual
  Residual-Control   Outer-Iter.   Inner-Iter.     Column Row Layer    Max.-Head-Change    Column Row Layer    Max.-Flux-Residual            L2-New               L2-Old           Solver-Max-Delh
          0                 1           3            53   12     1       0.5123513601E+05      13   24    1      -0.4376194173E+05      0.4794638584E+06      0.3992931097E+02      0.5123513601E+05
          1                 1           0            53   12     1       0.3586459460E+05      53   12    1      -0.1883502882E+09      0.2296114810E+09      0.4794638584E+06      0.5123513601E+05
          2                 1           0            53   12     1       0.2510521579E+05      53   12    1      -0.1318756018E+09      0.1607636255E+09      0.2296114810E+09      0.5123513601E+05
          3                 1           0            53   12     1       0.1757365076E+05      53   12    1      -0.9234332194E+08      0.1125703117E+09      0.1607636255E+09      0.5123513601E+05
          4                 1           0            53   12     1       0.1230155532E+05      53   12    1      -0.6467072652E+08      0.7883526536E+08      0.1125703117E+09      0.5123513601E+05
          5                 1           0            53   12     1       0.8611088577E+04      53   12    1      -0.4529991006E+08      0.5522112753E+08      0.7883526536E+08      0.5123513601E+05
          6                 1           0            53   12     1       0.6027761901E+04      53   12    1      -0.3174033876E+08      0.3869179569E+08      0.5522112753E+08      0.5123513601E+05
          7                 1           0            53   12     1       0.4219433259E+04      53   12    1      -0.2224863902E+08      0.2712206848E+08      0.3869179569E+08      0.5123513601E+05
          8                 1           0            53   12     1       0.2953603231E+04      53   12    1      -0.1560444931E+08      0.1902440496E+08      0.2712206848E+08      0.5123513601E+05
          9                 1           0            53   12     1       0.2067522226E+04      53   12    1      -0.1095351660E+08      0.1335766669E+08      0.1902440496E+08      0.5123513601E+05
                                                   Max.-Head-Change                        Max.-Flux-Residual
  Residual-Control   Outer-Iter.   Inner-Iter.     Column Row Layer    Max.-Head-Change    Column Row Layer    Max.-Flux-Residual            L2-New               L2-Old           Solver-Max-Delh
         10                 1           0            53   12     1       0.1447265534E+04      53   12    1      -0.7697863750E+07      0.9393250897E+07      0.1335766669E+08      0.5123513601E+05
         11                 1           0            53   12     1       0.1013085856E+04      53   12    1      -0.5418906797E+07      0.6621399824E+07      0.9393250897E+07      0.5123513601E+05
         12                 1           0            53   12     1       0.7091600874E+03      53   12    1      -0.3823636957E+07      0.4685631379E+07      0.6621399824E+07      0.5123513601E+05
         13                 1           0            53   12     1       0.4964120527E+03      53   12    1      -0.2706948088E+07      0.3336404583E+07      0.4685631379E+07      0.5123513601E+05
         14                 1           0            53   12     1       0.3474884310E+03      53   12    1      -0.1925265893E+07      0.2400890960E+07      0.3336404583E+07      0.5123513601E+05
         15                 1           0            53   12     1       0.2432418976E+03      53   12    1      -0.1378088366E+07      0.1757423517E+07      0.2400890960E+07      0.5123513601E+05
         16                 1           0            53   12     1       0.1702693254E+03      53   12    1      -0.9950641031E+06      0.1315209653E+07      0.1757423517E+07      0.5123513601E+05
         17                 1           0            53   12     1       0.1191885257E+03      53   12    1      -0.7269471238E+06      0.9892111101E+06      0.1315209653E+07      0.5123513601E+05
         18                 1           0            53   12     1       0.8343196660E+02      53   12    1      -0.5392652416E+06      0.7813098655E+06      0.9892111101E+06      0.5123513601E+05
         19                 1           0            53   12     1       0.5840237563E+02      53   12    1      -0.4003158266E+06      0.6497961788E+06      0.7813098655E+06      0.5123513601E+05
                                                   Max.-Head-Change                        Max.-Flux-Residual
  Residual-Control   Outer-Iter.   Inner-Iter.     Column Row Layer    Max.-Head-Change    Column Row Layer    Max.-Flux-Residual            L2-New               L2-Old           Solver-Max-Delh
          0                 2           3            53   10     1       0.1394530856E+05      53   12    1      -0.1833124365E+06      0.5201457059E+06      0.6497961788E+06      0.1394530856E+05
          1                 2           0            53   10     1       0.9761715827E+04      53   10    1      -0.3327712917E+08      0.4057293999E+08      0.5201457059E+06      0.1394530856E+05
          2                 2           0            53   10     1       0.6833200962E+04      53   10    1      -0.2331514189E+08      0.2841842385E+08      0.4057293999E+08      0.1394530856E+05
          3                 2           0            53   10     1       0.4783240592E+04      53   10    1      -0.1634175091E+08      0.1991142723E+08      0.2841842385E+08      0.1394530856E+05
          4                 2           0            53   10     1       0.3348268357E+04      53   10    1      -0.1146037731E+08      0.1395810580E+08      0.1991142723E+08      0.1394530856E+05
          5                 2           0            53   10     1       0.2343787810E+04      53   10    1      -0.8043415846E+07      0.9792935685E+07      0.1395810580E+08      0.1394530856E+05
          6                 2           0            53   10     1       0.1640651439E+04      53   10    1      -0.5651542863E+07      0.6880339046E+07      0.9792935685E+07      0.1394530856E+05
          7                 2           0            53   10     1       0.1148455988E+04      53   10    1      -0.3977231803E+07      0.4845771473E+07      0.6880339046E+07      0.1394530856E+05
          8                 2           0            53   10     1       0.8039191779E+03      53   10    1      -0.2805214081E+07      0.3427519820E+07      0.4845771473E+07      0.1394530856E+05
          9                 2           0            53   10     1       0.5627434149E+03      53   10    1      -0.1984801689E+07      0.2442954120E+07      0.3427519820E+07      0.1394530856E+05
                                                   Max.-Head-Change                        Max.-Flux-Residual
  Residual-Control   Outer-Iter.   Inner-Iter.     Column Row Layer    Max.-Head-Change    Column Row Layer    Max.-Flux-Residual            L2-New               L2-Old           Solver-Max-Delh
         10                 2           0            53   10     1       0.3939203837E+03      53   10    1      -0.1410513025E+07      0.1764823950E+07      0.2442954120E+07      0.1394530856E+05
         11                 2           0            53   10     1       0.2757442639E+03      53   10    1      -0.1008510967E+07      0.1304424925E+07      0.1764823950E+07      0.1394530856E+05
         12                 2           0            53   10     1       0.1930209815E+03      53   10    1      -0.7271095312E+06      0.9993414167E+06      0.1304424925E+07      0.1394530856E+05
         13                 2           0            53   10     1       0.1351146847E+03      53   10    1      -0.5301285294E+06      0.8043557055E+06      0.9993414167E+06      0.1394530856E+05
         14                 2           0            53   10     1       0.9458027769E+02      53   10    1      -0.3922418306E+06      0.6741398386E+06      0.8043557055E+06      0.1394530856E+05
         15                 2           0            53   10     1       0.6620619326E+02      53   10    1      -0.2957211430E+06      0.6065441206E+06      0.6741398386E+06      0.1394530856E+05
          0                 3           3            54   11     1       0.4872822308E+04      53   10    1      -0.2281566628E+06      0.5709538367E+06      0.6065441206E+06      0.4872822308E+04
          1                 3           0            54   11     1       0.3410975557E+04      54   11    1      -0.7159538761E+07      0.8631804163E+07      0.5709538367E+06      0.4872822308E+04
          2                 3           0            54   11     1       0.2387682849E+04      54   11    1      -0.5033710751E+07      0.6069542518E+07      0.8631804163E+07      0.4872822308E+04
          3                 3           0            54   11     1       0.1671377966E+04      54   11    1      -0.3545631169E+07      0.4280385163E+07      0.6069542518E+07      0.4872822308E+04
                                                   Max.-Head-Change                        Max.-Flux-Residual
  Residual-Control   Outer-Iter.   Inner-Iter.     Column Row Layer    Max.-Head-Change    Column Row Layer    Max.-Flux-Residual            L2-New               L2-Old           Solver-Max-Delh
          4                 3           0            54   11     1       0.1169964556E+04      54   11    1      -0.2503975480E+07      0.3034673417E+07      0.4280385163E+07      0.4872822308E+04
          5                 3           0            54   11     1       0.8189751755E+03      54   11    1      -0.1774816509E+07      0.2175178126E+07      0.3034673417E+07      0.4872822308E+04
          6                 3           0            54   11     1       0.5732826131E+03      54   11    1      -0.1264405239E+07      0.1588747414E+07      0.2175178126E+07      0.4872822308E+04
          7                 3           0            54   11     1       0.4012978223E+03      54   11    1      -0.9071173556E+06      0.1197119173E+07      0.1588747414E+07      0.4872822308E+04
          8                 3           0            54   11     1       0.2809084709E+03      54   11    1      -0.6570158416E+06      0.9443816403E+06      0.1197119173E+07      0.4872822308E+04
          9                 3           0            54   11     1       0.1966359262E+03      54   11    1      -0.4819447848E+06      0.7886806112E+06      0.9443816403E+06      0.4872822308E+04
         10                 3           0            54   11     1       0.1376451460E+03      54   11    1      -0.3593950471E+06      0.6975385132E+06      0.7886806112E+06      0.4872822308E+04
         11                 3           0            54   11     1       0.9635160058E+02      54   11    1      -0.2736102322E+06      0.6464702289E+06      0.6975385132E+06      0.4872822308E+04
          0                 4           3            54   11     1      -0.2167729614E+03      53   10    1      -0.2238708427E+06      0.6170590243E+06      0.6464702289E+06     -0.2167729614E+03
          0                 5           3            53   10     1       0.1444251463E+05      53   13    1       0.1426711195E+05      0.5672846261E+05      0.6170590243E+06      0.1444251463E+05
                                                   Max.-Head-Change                        Max.-Flux-Residual
  Residual-Control   Outer-Iter.   Inner-Iter.     Column Row Layer    Max.-Head-Change    Column Row Layer    Max.-Flux-Residual            L2-New               L2-Old           Solver-Max-Delh
          1                 5           0            53   10     1       0.1010976007E+05      53   10    1      -0.3127351104E+08      0.3637665200E+08      0.5672846261E+05      0.1444251463E+05
          2                 5           0            53   10     1       0.7076831930E+04      53   10    1      -0.2189481501E+08      0.2546070136E+08      0.3637665200E+08      0.1444251463E+05
          3                 5           0            53   10     1       0.4953782266E+04      53   10    1      -0.1532972790E+08      0.1782797579E+08      0.2546070136E+08      0.1444251463E+05
          4                 5           0            53   10     1       0.3467647527E+04      53   10    1      -0.1073416701E+08      0.1248087211E+08      0.1782797579E+08      0.1444251463E+05
          5                 5           0            53   10     1       0.2427353228E+04      53   10    1      -0.7517274433E+07      0.8733549275E+07      0.1248087211E+08      0.1444251463E+05
          6                 5           0            53   10     1       0.1699147231E+04      53   10    1      -0.5265449670E+07      0.6110633656E+07      0.8733549275E+07      0.1444251463E+05
          7                 5           0            53   10     1       0.1189403041E+04      53   10    1      -0.3689172363E+07      0.4274824864E+07      0.6110633656E+07      0.1444251463E+05
          8                 5           0            53   10     1       0.8325821146E+03      53   10    1      -0.2585778267E+07      0.3026635079E+07      0.4274824864E+07      0.1444251463E+05
          9                 5           0            53   10     1       0.5828074703E+03      53   10    1      -0.1813402412E+07      0.2122553640E+07      0.3026635079E+07      0.1444251463E+05
         10                 5           0            53   10     1       0.4079652223E+03      53   10    1      -0.1272739324E+07      0.1492025943E+07      0.2122553640E+07      0.1444251463E+05
                                                   Max.-Head-Change                        Max.-Flux-Residual
  Residual-Control   Outer-Iter.   Inner-Iter.     Column Row Layer    Max.-Head-Change    Column Row Layer    Max.-Flux-Residual            L2-New               L2-Old           Solver-Max-Delh
         11                 5           0            53   10     1       0.2855756507E+03      53   10    1      -0.8942751680E+06      0.1028253102E+07      0.1492025943E+07      0.1444251463E+05
         12                 5           0            53   10     1       0.1999029521E+03      53   10    1      -0.6293502635E+06      0.7093330120E+06      0.1028253102E+07      0.1444251463E+05
         13                 5           0            53   10     1       0.1399320641E+03      53   10    1      -0.4439028336E+06      0.4980520277E+06      0.7093330120E+06      0.1444251463E+05
         14                 5           0            53   10     1       0.9795244319E+02      53   10    1      -0.2844454151E+06      0.3191460259E+06      0.4980520277E+06      0.1444251463E+05
          0                 6           3            53    9     1       0.6464519218E+04      53   13    1       0.1418821136E+05      0.5637770683E+05      0.3191460259E+06      0.6464519218E+04
          1                 6           0            53    9     1       0.4525163375E+04      53    9    1      -0.8636711787E+07      0.1336085173E+08      0.5637770683E+05      0.6464519218E+04
          2                 6           0            53    9     1       0.3167614309E+04      53    9    1      -0.6037091271E+07      0.9373050407E+07      0.1336085173E+08      0.6464519218E+04
          3                 6           0            53    9     1       0.2217329978E+04      53    9    1      -0.4217356941E+07      0.6602034366E+07      0.9373050407E+07      0.6464519218E+04
          4                 6           0            53    9     1       0.1552130958E+04      53    9    1      -0.2943542932E+07      0.4655526513E+07      0.6602034366E+07      0.6464519218E+04
          5                 6           0            53    9     1       0.1086491652E+04      53    9    1      -0.2051873141E+07      0.3283859893E+07      0.4655526513E+07      0.6464519218E+04
                                                   Max.-Head-Change                        Max.-Flux-Residual
  Residual-Control   Outer-Iter.   Inner-Iter.     Column Row Layer    Max.-Head-Change    Column Row Layer    Max.-Flux-Residual            L2-New               L2-Old           Solver-Max-Delh
          6                 6           0            53    9     1       0.7605441437E+03      53    9    1      -0.1427704298E+07      0.2326009921E+07      0.3283859893E+07      0.6464519218E+04
          7                 6           0            53    9     1       0.5323808915E+03      53    9    1      -0.9907861147E+06      0.1658547179E+07      0.2326009921E+07      0.6464519218E+04
          8                 6           0            53    9     1       0.3726666177E+03      53    9    1      -0.6849433919E+06      0.1219315915E+07      0.1658547179E+07      0.6464519218E+04
          9                 6           0            53    9     1       0.2608666280E+03      53    9    1      -0.4708534896E+06      0.9091600650E+06      0.1219315915E+07      0.6464519218E+04
         10                 6           0            53    9     1       0.1826066365E+03      53   10    1      -0.3679351069E+06      0.6825795628E+06      0.9091600650E+06      0.6464519218E+04
         11                 6           0            53    9     1       0.1278246434E+03      53   10    1      -0.3267443964E+06      0.5156420425E+06      0.6825795628E+06      0.6464519218E+04
         12                 6           0            53    9     1       0.8947724882E+02      53   10    1      -0.2956871954E+06      0.3750758482E+06      0.5156420425E+06      0.6464519218E+04
         13                 6           0            53    9     1       0.6263407311E+02      53   10    1      -0.2739471551E+06      0.3081867925E+06      0.3750758482E+06      0.6464519218E+04
         14                 6           0            53    9     1       0.4384385043E+02      53   10    1      -0.2160241246E+06      0.2444817631E+06      0.3081867925E+06      0.6464519218E+04
         15                 6           0            53    9     1       0.3069069478E+02      53   10    1      -0.1384146795E+06      0.1627346946E+06      0.2444817631E+06      0.6464519218E+04
                                                   Max.-Head-Change                        Max.-Flux-Residual
  Residual-Control   Outer-Iter.   Inner-Iter.     Column Row Layer    Max.-Head-Change    Column Row Layer    Max.-Flux-Residual            L2-New               L2-Old           Solver-Max-Delh
         16                 6           0            53    9     1       0.2148348598E+02      53   10    1      -0.8756224489E+05      0.1123792440E+06      0.1627346946E+06      0.6464519218E+04
         17                 6           0            53    9     1       0.1503843993E+02      53   10    1      -0.5366788748E+05      0.8262455653E+05      0.1123792440E+06      0.6464519218E+04
         18                 6           0            53    9     1       0.1052690777E+02      53   10    1      -0.3077598731E+05      0.6666240979E+05      0.8262455653E+05      0.6464519218E+04
          0                 7           3            54   11     1       0.4055300215E+04      53   10    1      -0.1516039077E+05      0.5936971233E+05      0.6666240979E+05      0.4055300215E+04
          1                 7           0            54   11     1       0.2838710102E+04      54   11    1      -0.5685877237E+07      0.6606542208E+07      0.5936971233E+05      0.4055300215E+04
          2                 7           0            54   11     1       0.1987097038E+04      54   11    1      -0.3999884813E+07      0.4691352403E+07      0.6606542208E+07      0.4055300215E+04
          3                 7           0            54   11     1       0.1390967903E+04      54   11    1      -0.2819690137E+07      0.3380680583E+07      0.4691352403E+07      0.4055300215E+04
          4                 7           0            54   11     1       0.9736775153E+03      54   11    1      -0.1993553878E+07      0.2388627159E+07      0.3380680583E+07      0.4055300215E+04
          5                 7           0            54   11     1       0.6815742491E+03      54   11    1      -0.1415258506E+07      0.1691545951E+07      0.2388627159E+07      0.4055300215E+04
          6                 7           0            54   11     1       0.4771019663E+03      54   11    1      -0.1010451753E+07      0.1204006347E+07      0.1691545951E+07      0.4055300215E+04
                                                   Max.-Head-Change                        Max.-Flux-Residual
  Residual-Control   Outer-Iter.   Inner-Iter.     Column Row Layer    Max.-Head-Change    Column Row Layer    Max.-Flux-Residual            L2-New               L2-Old           Solver-Max-Delh
          7                 7           0            54   11     1       0.3339713707E+03      54   11    1      -0.7270870304E+06      0.8630331764E+06      0.1204006347E+07      0.4055300215E+04
          8                 7           0            54   11     1       0.2337799555E+03      54   11    1      -0.5287317280E+06      0.6247943890E+06      0.8630331764E+06      0.4055300215E+04
          9                 7           0            54   11     1       0.1636459661E+03      54   11    1      -0.3898830188E+06      0.4585140553E+06      0.6247943890E+06      0.4055300215E+04
         10                 7           0            54   11     1       0.1145521743E+03      54   11    1      -0.2926889239E+06      0.3427843083E+06      0.4585140553E+06      0.4055300215E+04
         11                 7           0            54   11     1       0.8018652064E+02      54   11    1      -0.1563267765E+06      0.1887662006E+06      0.3427843083E+06      0.4055300215E+04
          0                 8           3            54   11     1       0.1521990032E+04      53   10    1      -0.1491286496E+05      0.5830579973E+05      0.1887662006E+06      0.1521990032E+04
          1                 8           0            54   11     1       0.1065393004E+04      54   11    1      -0.2144043110E+07      0.2368987547E+07      0.5830579973E+05      0.1521990032E+04
          2                 8           0            54   11     1       0.7457750904E+03      54   11    1      -0.1553938540E+07      0.1747870070E+07      0.2368987547E+07      0.1521990032E+04
          3                 8           0            54   11     1       0.5220425544E+03      54   11    1      -0.1140865348E+07      0.1350917663E+07      0.1747870070E+07      0.1521990032E+04
          4                 8           0            54   11     1       0.3654297819E+03      54   11    1      -0.8517141179E+06      0.1010256241E+07      0.1350917663E+07      0.1521990032E+04
                                                   Max.-Head-Change                        Max.-Flux-Residual
  Residual-Control   Outer-Iter.   Inner-Iter.     Column Row Layer    Max.-Head-Change    Column Row Layer    Max.-Flux-Residual            L2-New               L2-Old           Solver-Max-Delh
          5                 8           0            54   11     1       0.2558008430E+03      54   11    1      -0.6493082607E+06      0.7672588742E+06      0.1010256241E+07      0.1521990032E+04
          6                 8           0            54   11     1       0.1790605870E+03      54   11    1      -0.5076241630E+06      0.5977467307E+06      0.7672588742E+06      0.1521990032E+04
          7                 8           0            54   11     1       0.1253424088E+03      54   11    1      -0.4084452963E+06      0.4794387027E+06      0.5977467307E+06      0.1521990032E+04
          8                 8           0            54   11     1       0.8773968465E+02      54   11    1      -0.3390200908E+06      0.3969734618E+06      0.4794387027E+06      0.1521990032E+04
          9                 8           0            54   11     1       0.6141777821E+02      54   11    1      -0.2904224478E+06      0.3395148571E+06      0.3969734618E+06      0.1521990032E+04
         10                 8           0            54   11     1       0.4299244401E+02      54   11    1      -0.2564040983E+06      0.2994455401E+06      0.3395148571E+06      0.1521990032E+04
         11                 8           0            54   11     1       0.3009471030E+02      54   11    1      -0.2144190297E+06      0.2516626435E+06      0.2994455401E+06      0.1521990032E+04
         12                 8           0            54   11     1       0.2106629685E+02      54   11    1      -0.1260782723E+06      0.1561943040E+06      0.2516626435E+06      0.1521990032E+04
         13                 8           0            54   11     1       0.1474640754E+02      54   11    1      -0.7091664073E+05      0.1013325824E+06      0.1561943040E+06      0.1521990032E+04
         14                 8           0            54   11     1       0.1032248510E+02      54   11    1      -0.3557517891E+05      0.7256949170E+05      0.1013325824E+06      0.1521990032E+04
                                                   Max.-Head-Change                        Max.-Flux-Residual
  Residual-Control   Outer-Iter.   Inner-Iter.     Column Row Layer    Max.-Head-Change    Column Row Layer    Max.-Flux-Residual            L2-New               L2-Old           Solver-Max-Delh
          0                 9           3            54   12     1       0.1157110705E+03      53   10    1      -0.1482955267E+05      0.6067416967E+05      0.7256949170E+05      0.1157110705E+03
          1                 9           0            54   12     1       0.8099774800E+02      53   11    1      -0.2227112802E+06      0.3339966713E+06      0.6067416967E+05      0.1157110705E+03
          2                 9           0            54   12     1       0.5669842264E+02      52   12    1      -0.6459267617E+05      0.9259552611E+05      0.3339966713E+06      0.1157110705E+03
          0                10           3            52   10     1       0.8618893783E+02      52   12    1      -0.3203650078E+05      0.5332487796E+05      0.9259552611E+05      0.8618893783E+02
          1                10           0            52   10     1       0.6033225546E+02      52   10    1      -0.5222861337E+06      0.6486346372E+06      0.5332487796E+05      0.8618893783E+02
          2                10           0            52   10     1       0.4223257810E+02      52   10    1      -0.3006964052E+06      0.3472838422E+06      0.6486346372E+06      0.8618893783E+02
          3                10           0            52   10     1       0.2956280417E+02      52   10    1      -0.1574816239E+06      0.1759312724E+06      0.3472838422E+06      0.8618893783E+02
          4                10           0            52   10     1       0.2069396256E+02      52   10    1      -0.8793540640E+05      0.1014137335E+06      0.1759312724E+06      0.8618893783E+02
          5                10           0            52   10     1       0.1448577355E+02      52   10    1      -0.4968972482E+05      0.6819434049E+05      0.1014137335E+06      0.8618893783E+02
          0                11           3            53   11     1       0.4726263726E+02      52   12    1      -0.2821939226E+05      0.5508598684E+05      0.6819434049E+05      0.4726263726E+02
                                                   Max.-Head-Change                        Max.-Flux-Residual
  Residual-Control   Outer-Iter.   Inner-Iter.     Column Row Layer    Max.-Head-Change    Column Row Layer    Max.-Flux-Residual            L2-New               L2-Old           Solver-Max-Delh
          1                11           0            53   11     1       0.3308384552E+02      53   11    1      -0.2052042549E+06      0.2443369914E+06      0.5508598684E+05      0.4726263726E+02
          2                11           0            53   11     1       0.2315869147E+02      53   11    1      -0.1041606656E+06      0.1215951315E+06      0.2443369914E+06      0.4726263726E+02
          3                11           0            53   11     1       0.1621108375E+02      53   11    1      -0.5094741828E+05      0.6669369008E+05      0.1215951315E+06      0.4726263726E+02
          0                12           3            54   12     1       0.5342920062E+02      53   11    1      -0.2301188844E+05      0.4923526746E+05      0.6669369008E+05      0.5342920062E+02
          1                12           0            54   12     1       0.3740043979E+02      54   12    1      -0.2629430332E+06      0.2855763641E+06      0.4923526746E+05      0.5342920062E+02
          2                12           0            54   12     1       0.2618030741E+02      54   12    1      -0.1469005291E+06      0.1605284365E+06      0.2855763641E+06      0.5342920062E+02
          3                12           0            54   12     1       0.1832621487E+02      54   12    1      -0.8273861185E+05      0.9493169602E+05      0.1605284365E+06      0.5342920062E+02
          4                12           0            54   12     1       0.1282835019E+02      54   12    1      -0.4618850908E+05      0.6247468857E+05      0.9493169602E+05      0.5342920062E+02
          0                13           3            53    9     1       0.1265135476E+02      54   12    1      -0.2471371457E+05      0.4905616272E+05      0.6247468857E+05      0.1265135476E+02
          0                14           3            53    9     1      -0.5232243582E+01      53    9    1      -0.1804375935E+05      0.2493671312E+05      0.4905616272E+05     -0.5232243582E+01
                                                   Max.-Head-Change                        Max.-Flux-Residual
  Residual-Control   Outer-Iter.   Inner-Iter.     Column Row Layer    Max.-Head-Change    Column Row Layer    Max.-Flux-Residual            L2-New               L2-Old           Solver-Max-Delh
          0                15           3            52    9     1       0.2470701659E+01      53    9    1      -0.5751839746E+04      0.8021252886E+04      0.2493671312E+05      0.2470701659E+01
          0                16           2            53    9     1      -0.6240874111E+00      53    9    1      -0.1797811407E+04      0.2938550996E+04      0.8021252886E+04     -0.6240874111E+00
          0                17           2            52    9     1      -0.2941960505E+00      52    9    1      -0.8879666685E+03      0.1114341701E+04      0.2938550996E+04     -0.2941960505E+00
          0                18           2            52    9     1      -0.1378882841E+00      52    9    1      -0.4293229845E+03      0.4740854453E+03      0.1114341701E+04     -0.1378882841E+00
          0                19           2            52    9     1      -0.6375134643E-01      52    9    1      -0.2024476598E+03      0.2131014675E+03      0.4740854453E+03     -0.6375134643E-01

    ------------------------------------------------
       NWT REQUIRED           19 OUTER ITERATIONS 
       AND A TOTAL OF         53 INNER ITERATIONS.
    ------------------------------------------------

 NO OUTPUT CONTROL FOR STRESS PERIOD    1   TIME STEP    2
 
 SOLVING FOR HEAD 
                                                   Max.-Head-Change                        Max.-Flux-Residual
  Residual-Control   Outer-Iter.   Inner-Iter.     Column Row Layer    Max.-Head-Change    Column Row Layer    Max.-Flux-Residual            L2-New               L2-Old           Solver-Max-Delh
          0                 1           3            52   15     1       0.4466447860E+01      16   30    1      -0.1244468458E+05      0.2174151977E+06      0.2131014675E+03      0.4466447860E+01
          0                 2           3            52   11     1      -0.5173769647E+00      18   17    1      -0.1587606522E+04      0.2291910120E+05      0.2174151977E+06     -0.5173769647E+00
          0                 3           2            52   11     1      -0.2918330271E-01      19   14    1      -0.8664691493E+02      0.1158937779E+04      0.2291910120E+05     -0.2918330271E-01

    ------------------------------------------------
       NWT REQUIRED            3 OUTER ITERATIONS 
       AND A TOTAL OF          8 INNER ITERATIONS.
    ------------------------------------------------

 NO OUTPUT CONTROL FOR STRESS PERIOD    1   TIME STEP    3
 
 SOLVING FOR HEAD 
                                                   Max.-Head-Change                        Max.-Flux-Residual
  Residual-Control   Outer-Iter.   Inner-Iter.     Column Row Layer    Max.-Head-Change    Column Row Layer    Max.-Flux-Residual            L2-New               L2-Old           Solver-Max-Delh
          0                 1           3            52   11     1       0.3619192201E+01      16   22    1       0.7502523927E+04      0.1513693371E+06      0.5795555726E+02      0.3619192201E+01
          0                 2           2            52   11     1      -0.3788295754E+00      54   17    1      -0.8906426412E+03      0.1549712589E+05      0.1513693371E+06     -0.3788295754E+00
          0                 3           2            52   11     1      -0.2017143864E-01      54   17    1      -0.4544188025E+02      0.7787234142E+03      0.1549712589E+05     -0.2017143864E-01

    ------------------------------------------------
       NWT REQUIRED            3 OUTER ITERATIONS 
       AND A TOTAL OF          7 INNER ITERATIONS.
    ------------------------------------------------

 NO OUTPUT CONTROL FOR STRESS PERIOD    1   TIME STEP    4
 
 SOLVING FOR HEAD 
                                                   Max.-Head-Change                        Max.-Flux-Residual
  Residual-Control   Outer-Iter.   Inner-Iter.     Column Row Layer    Max.-Head-Change    Column Row Layer    Max.-Flux-Residual            L2-New               L2-Old           Solver-Max-Delh
          0                 1           3            52   11     1       0.2820054195E+01      11   12    1       0.5435604044E+04      0.1196847207E+06      0.3894694910E+02      0.2820054195E+01
          0                 2           2            52   11     1      -0.2726605124E+00      52   11    1      -0.5770522771E+03      0.1216937891E+05      0.1196847207E+06     -0.2726605124E+00
          0                 3           2            52   11     1      -0.1405977022E-01      52   11    1      -0.2997024878E+02      0.6102171263E+03      0.1216937891E+05     -0.1405977022E-01

    ------------------------------------------------
       NWT REQUIRED            3 OUTER ITERATIONS 
       AND A TOTAL OF          7 INNER ITERATIONS.
    ------------------------------------------------

 NO OUTPUT CONTROL FOR STRESS PERIOD    1   TIME STEP    5
 
 SOLVING FOR HEAD 
                                                   Max.-Head-Change                        Max.-Flux-Residual
  Residual-Control   Outer-Iter.   Inner-Iter.     Column Row Layer    Max.-Head-Change    Column Row Layer    Max.-Flux-Residual            L2-New               L2-Old           Solver-Max-Delh
          0                 1           3            51   13     1       0.2174924405E+01      11   12    1       0.4229739021E+04      0.9944503745E+05      0.3050940626E+02      0.2174924405E+01
          0                 2           2            52   11     1      -0.1979497106E+00      17   22    1      -0.4693528394E+03      0.1007617576E+05      0.9944503745E+05     -0.1979497106E+00
          0                 3           2            52   10     1      -0.1021065998E-01      17   22    1      -0.2358137939E+02      0.5049882508E+03      0.1007617576E+05     -0.1021065998E-01

    ------------------------------------------------
       NWT REQUIRED            3 OUTER ITERATIONS 
       AND A TOTAL OF          7 INNER ITERATIONS.
    ------------------------------------------------

 NO OUTPUT CONTROL FOR STRESS PERIOD    1   TIME STEP    6
 
 SOLVING FOR HEAD 
                                                   Max.-Head-Change                        Max.-Flux-Residual
  Residual-Control   Outer-Iter.   Inner-Iter.     Column Row Layer    Max.-Head-Change    Column Row Layer    Max.-Flux-Residual            L2-New               L2-Old           Solver-Max-Delh
          0                 1           3            51   13     1       0.1779781380E+01      11   12    1       0.3405476221E+04      0.8470665535E+05      0.2524692455E+02      0.1779781380E+01
          0                 2           2            51   13     1      -0.1592280490E+00      11   12    1      -0.3472388574E+03      0.8559061703E+04      0.8470665535E+05     -0.1592280490E+00
          0                 3           2            51   13     1      -0.8031777762E-02      11   12    1      -0.1741356521E+02      0.4286108547E+03      0.8559061703E+04     -0.8031777762E-02

    ------------------------------------------------
       NWT REQUIRED            3 OUTER ITERATIONS 
       AND A TOTAL OF          7 INNER ITERATIONS.
    ------------------------------------------------

 NO OUTPUT CONTROL FOR STRESS PERIOD    1   TIME STEP    7
 
 SOLVING FOR HEAD 
                                                   Max.-Head-Change                        Max.-Flux-Residual
  Residual-Control   Outer-Iter.   Inner-Iter.     Column Row Layer    Max.-Head-Change    Column Row Layer    Max.-Flux-Residual            L2-New               L2-Old           Solver-Max-Delh
          0                 1           3            51   13     1       0.1415761413E+01      11   12    1       0.2795502192E+04      0.7326404596E+05      0.4286108547E+03      0.1415761413E+01
          0                 2           2            51   13     1      -0.1262373064E+00      11   12    1      -0.2839866857E+03      0.7389004517E+04      0.7326404596E+05     -0.1262373064E+00
          0                 3           2            51   11     1      -0.6377607384E-02      11   12    1      -0.1423333709E+02      0.3699715304E+03      0.7389004517E+04     -0.6377607384E-02

    ------------------------------------------------
       NWT REQUIRED            3 OUTER ITERATIONS 
       AND A TOTAL OF          7 INNER ITERATIONS.
    ------------------------------------------------

 NO OUTPUT CONTROL FOR STRESS PERIOD    1   TIME STEP    8
 
 SOLVING FOR HEAD 
                                                   Max.-Head-Change                        Max.-Flux-Residual
  Residual-Control   Outer-Iter.   Inner-Iter.     Column Row Layer    Max.-Head-Change    Column Row Layer    Max.-Flux-Residual            L2-New               L2-Old           Solver-Max-Delh
          0                 1           3            48   33     1       0.1137189464E+01      49   32    1       0.2482223570E+04      0.6405180599E+05      0.3699715304E+03      0.1137189464E+01
          0                 2           2            51   11     1      -0.1043278731E+00      49   32    1      -0.2509623693E+03      0.6453914535E+04      0.6405180599E+05     -0.1043278731E+00
          0                 3           2            51   11     1      -0.5255091411E-02      49   32    1      -0.1256893614E+02      0.3230605794E+03      0.6453914535E+04     -0.5255091411E-02

    ------------------------------------------------
       NWT REQUIRED            3 OUTER ITERATIONS 
       AND A TOTAL OF          7 INNER ITERATIONS.
    ------------------------------------------------

 NO OUTPUT CONTROL FOR STRESS PERIOD    1   TIME STEP    9
 
 SOLVING FOR HEAD 
                                                   Max.-Head-Change                        Max.-Flux-Residual
  Residual-Control   Outer-Iter.   Inner-Iter.     Column Row Layer    Max.-Head-Change    Column Row Layer    Max.-Flux-Residual            L2-New               L2-Old           Solver-Max-Delh
          0                 1           3            48   34     1       0.1032068082E+01      49   32    1       0.2227636277E+04      0.5657635504E+05      0.3230605794E+03      0.1032068082E+01
          0                 2           2            48   34     1      -0.8979276259E-01      49   32    1      -0.2249542243E+03      0.5694983845E+04      0.5657635504E+05     -0.8979276259E-01

    ------------------------------------------------
       NWT REQUIRED            2 OUTER ITERATIONS 
       AND A TOTAL OF          5 INNER ITERATIONS.
    ------------------------------------------------

 NO OUTPUT CONTROL FOR STRESS PERIOD    1   TIME STEP   10
 
 SOLVING FOR HEAD 
                                                   Max.-Head-Change                        Max.-Flux-Residual
  Residual-Control   Outer-Iter.   Inner-Iter.     Column Row Layer    Max.-Head-Change    Column Row Layer    Max.-Flux-Residual            L2-New               L2-Old           Solver-Max-Delh
          0                 1           3            47   34     1       0.9359566288E+00      47   34    1       0.2009316596E+04      0.5044259499E+05      0.2850293156E+03      0.9359566288E+00
          0                 2           2            47   34     1      -0.8137576347E-01      47   34    1      -0.2028211805E+03      0.5075323165E+04      0.5044259499E+05     -0.8137576347E-01

    ------------------------------------------------
       NWT REQUIRED            2 OUTER ITERATIONS 
       AND A TOTAL OF          5 INNER ITERATIONS.
    ------------------------------------------------

 NO OUTPUT CONTROL FOR STRESS PERIOD    1   TIME STEP   11
 
 SOLVING FOR HEAD 
                                                   Max.-Head-Change                        Max.-Flux-Residual
  Residual-Control   Outer-Iter.   Inner-Iter.     Column Row Layer    Max.-Head-Change    Column Row Layer    Max.-Flux-Residual            L2-New               L2-Old           Solver-Max-Delh
          0                 1           3            45   36     1       0.8628407178E+00      47   34    1       0.1825484459E+04      0.4539835640E+05      0.2540020277E+03      0.8628407178E+00
          0                 2           2            45   36     1      -0.7499361556E-01      47   34    1      -0.1841054421E+03      0.4564371453E+04      0.4539835640E+05     -0.7499361556E-01

    ------------------------------------------------
       NWT REQUIRED            2 OUTER ITERATIONS 
       AND A TOTAL OF          5 INNER ITERATIONS.
    ------------------------------------------------

 NO OUTPUT CONTROL FOR STRESS PERIOD    1   TIME STEP   12
 
 SOLVING FOR HEAD 
                                                   Max.-Head-Change                        Max.-Flux-Residual
  Residual-Control   Outer-Iter.   Inner-Iter.     Column Row Layer    Max.-Head-Change    Column Row Layer    Max.-Flux-Residual            L2-New               L2-Old           Solver-Max-Delh
          0                 1           3            45   37     1       0.7996442074E+00      47   34    1       0.1655801434E+04      0.4134361982E+05      0.2284117401E+03      0.7996442074E+00
          0                 2           2            45   37     1      -0.6947380158E-01      47   34    1      -0.1668570813E+03      0.4155379905E+04      0.4134361982E+05     -0.6947380158E-01

    ------------------------------------------------
       NWT REQUIRED            2 OUTER ITERATIONS 
       AND A TOTAL OF          5 INNER ITERATIONS.
    ------------------------------------------------

 NO OUTPUT CONTROL FOR STRESS PERIOD    1   TIME STEP   13
 
 SOLVING FOR HEAD 
                                                   Max.-Head-Change                        Max.-Flux-Residual
  Residual-Control   Outer-Iter.   Inner-Iter.     Column Row Layer    Max.-Head-Change    Column Row Layer    Max.-Flux-Residual            L2-New               L2-Old           Solver-Max-Delh
          0                 1           3            45   37     1       0.7421177336E+00      47   34    1       0.1500114125E+04      0.3790499232E+05      0.2079115152E+03      0.7421177336E+00
          0                 2           2            45   37     1      -0.6444885748E-01      47   34    1      -0.1510547788E+03      0.3806493875E+04      0.3790499232E+05     -0.6444885748E-01

    ------------------------------------------------
       NWT REQUIRED            2 OUTER ITERATIONS 
       AND A TOTAL OF          5 INNER ITERATIONS.
    ------------------------------------------------

 NO OUTPUT CONTROL FOR STRESS PERIOD    1   TIME STEP   14
 
 SOLVING FOR HEAD 
                                                   Max.-Head-Change                        Max.-Flux-Residual
  Residual-Control   Outer-Iter.   Inner-Iter.     Column Row Layer    Max.-Head-Change    Column Row Layer    Max.-Flux-Residual            L2-New               L2-Old           Solver-Max-Delh
          0                 1           3            45   38     1       0.6919249601E+00      44   36    1       0.1379007878E+04      0.3513508707E+05      0.1904465750E+03      0.6919249601E+00
          0                 2           2            45   38     1      -0.6007026201E-01      44   36    1      -0.1388155949E+03      0.3527308386E+04      0.3513508707E+05     -0.6007026201E-01

    ------------------------------------------------
       NWT REQUIRED            2 OUTER ITERATIONS 
       AND A TOTAL OF          5 INNER ITERATIONS.
    ------------------------------------------------

 NO OUTPUT CONTROL FOR STRESS PERIOD    1   TIME STEP   15
 
 SOLVING FOR HEAD 
                                                   Max.-Head-Change                        Max.-Flux-Residual
  Residual-Control   Outer-Iter.   Inner-Iter.     Column Row Layer    Max.-Head-Change    Column Row Layer    Max.-Flux-Residual            L2-New               L2-Old           Solver-Max-Delh
          0                 1           3            45   38     1       0.6450334149E+00      44   37    1       0.1275682470E+04      0.3283746497E+05      0.1764651708E+03      0.6450334149E+00
          0                 2           2            45   38     1      -0.5597988730E-01      44   37    1      -0.1283710028E+03      0.3295242926E+04      0.3283746497E+05     -0.5597988730E-01

    ------------------------------------------------
       NWT REQUIRED            2 OUTER ITERATIONS 
       AND A TOTAL OF          5 INNER ITERATIONS.
    ------------------------------------------------

 NO OUTPUT CONTROL FOR STRESS PERIOD    1   TIME STEP   16
 
 SOLVING FOR HEAD 
                                                   Max.-Head-Change                        Max.-Flux-Residual
  Residual-Control   Outer-Iter.   Inner-Iter.     Column Row Layer    Max.-Head-Change    Column Row Layer    Max.-Flux-Residual            L2-New               L2-Old           Solver-Max-Delh
          0                 1           3            45   39     1       0.6046288839E+00      45   39    1       0.1191442787E+04      0.3104747124E+05      0.1648612553E+03      0.6046288839E+00
          0                 2           2            45   39     1      -0.5245846178E-01      45   39    1      -0.1198542329E+03      0.3115985324E+04      0.3104747124E+05     -0.5245846178E-01

    ------------------------------------------------
       NWT REQUIRED            2 OUTER ITERATIONS 
       AND A TOTAL OF          5 INNER ITERATIONS.
    ------------------------------------------------

 NO OUTPUT CONTROL FOR STRESS PERIOD    1   TIME STEP   17
 
 SOLVING FOR HEAD 
                                                   Max.-Head-Change                        Max.-Flux-Residual
  Residual-Control   Outer-Iter.   Inner-Iter.     Column Row Layer    Max.-Head-Change    Column Row Layer    Max.-Flux-Residual            L2-New               L2-Old           Solver-Max-Delh
          0                 1           3            53   13     1      -0.5989225774E+00      45   39    1       0.1118892790E+04      0.2950735162E+05      0.1558913165E+03     -0.5989225774E+00
          0                 2           2            53   13     1       0.4998336472E-01      45   39    1      -0.1125159406E+03      0.2961361451E+04      0.2950735162E+05      0.4998336472E-01

    ------------------------------------------------
       NWT REQUIRED            2 OUTER ITERATIONS 
       AND A TOTAL OF          5 INNER ITERATIONS.
    ------------------------------------------------

 NO OUTPUT CONTROL FOR STRESS PERIOD    1   TIME STEP   18
 
 SOLVING FOR HEAD 
                                                   Max.-Head-Change                        Max.-Flux-Residual
  Residual-Control   Outer-Iter.   Inner-Iter.     Column Row Layer    Max.-Head-Change    Column Row Layer    Max.-Flux-Residual            L2-New               L2-Old           Solver-Max-Delh
          0                 1           3            53   13     1      -0.6232093385E+00      46   40    1       0.1053648829E+04      0.2828333737E+05      0.1481296439E+03     -0.6232093385E+00
          0                 2           2            53   13     1       0.5203236736E-01      46   40    1      -0.1059307860E+03      0.2834265789E+04      0.2828333737E+05      0.5203236736E-01

    ------------------------------------------------
       NWT REQUIRED            2 OUTER ITERATIONS 
       AND A TOTAL OF          5 INNER ITERATIONS.
    ------------------------------------------------

 NO OUTPUT CONTROL FOR STRESS PERIOD    1   TIME STEP   19
 
 SOLVING FOR HEAD 
                                                   Max.-Head-Change                        Max.-Flux-Residual
  Residual-Control   Outer-Iter.   Inner-Iter.     Column Row Layer    Max.-Head-Change    Column Row Layer    Max.-Flux-Residual            L2-New               L2-Old           Solver-Max-Delh
          0                 1           3            53   13     1      -0.6399353411E+00      53   13    1      -0.1027393444E+04      0.2727454706E+05      0.1417555526E+03     -0.6399353411E+00
          0                 2           2            53   13     1       0.5349783543E-01      46   40    1      -0.9984277408E+02      0.2731744018E+04      0.2727454706E+05      0.5349783543E-01

    ------------------------------------------------
       NWT REQUIRED            2 OUTER ITERATIONS 
       AND A TOTAL OF          5 INNER ITERATIONS.
    ------------------------------------------------

 NO OUTPUT CONTROL FOR STRESS PERIOD    1   TIME STEP   20
 
 SOLVING FOR HEAD 
                                                   Max.-Head-Change                        Max.-Flux-Residual
  Residual-Control   Outer-Iter.   Inner-Iter.     Column Row Layer    Max.-Head-Change    Column Row Layer    Max.-Flux-Residual            L2-New               L2-Old           Solver-Max-Delh
          0                 1           3            53   13     1      -0.6502462599E+00      53   13    1      -0.1038299923E+04      0.2643464156E+05      0.1366194299E+03     -0.6502462599E+00
          0                 2           2            53   13     1       0.5444171701E-01      53   14    1       0.9950206931E+02      0.2646817217E+04      0.2643464156E+05      0.5444171701E-01

    ------------------------------------------------
       NWT REQUIRED            2 OUTER ITERATIONS 
       AND A TOTAL OF          5 INNER ITERATIONS.
    ------------------------------------------------

 NO OUTPUT CONTROL FOR STRESS PERIOD    1   TIME STEP   21
 
 SOLVING FOR HEAD 
                                                   Max.-Head-Change                        Max.-Flux-Residual
  Residual-Control   Outer-Iter.   Inner-Iter.     Column Row Layer    Max.-Head-Change    Column Row Layer    Max.-Flux-Residual            L2-New               L2-Old           Solver-Max-Delh
          0                 1           3            53   13     1      -0.6551061479E+00      53   13    1      -0.1041306945E+04      0.2572610392E+05      0.1323665904E+03     -0.6551061479E+00
          0                 2           2            53   13     1       0.5493983945E-01      53   14    1       0.1014096166E+03      0.2575199207E+04      0.2572610392E+05      0.5493983945E-01

    ------------------------------------------------
       NWT REQUIRED            2 OUTER ITERATIONS 
       AND A TOTAL OF          5 INNER ITERATIONS.
    ------------------------------------------------

 NO OUTPUT CONTROL FOR STRESS PERIOD    1   TIME STEP   22
 
 SOLVING FOR HEAD 
                                                   Max.-Head-Change                        Max.-Flux-Residual
  Residual-Control   Outer-Iter.   Inner-Iter.     Column Row Layer    Max.-Head-Change    Column Row Layer    Max.-Flux-Residual            L2-New               L2-Old           Solver-Max-Delh
          0                 1           3            53   13     1      -0.6553205715E+00      54   14    1      -0.1046092460E+04      0.2511905204E+05      0.1287808165E+03     -0.6553205715E+00
          0                 2           2            53   13     1       0.5506082570E-01      53   14    1       0.1025626228E+03      0.2513640464E+04      0.2511905204E+05      0.5506082570E-01

    ------------------------------------------------
       NWT REQUIRED            2 OUTER ITERATIONS 
       AND A TOTAL OF          5 INNER ITERATIONS.
    ------------------------------------------------

 NO OUTPUT CONTROL FOR STRESS PERIOD    1   TIME STEP   23
 
 SOLVING FOR HEAD 
                                                   Max.-Head-Change                        Max.-Flux-Residual
  Residual-Control   Outer-Iter.   Inner-Iter.     Column Row Layer    Max.-Head-Change    Column Row Layer    Max.-Flux-Residual            L2-New               L2-Old           Solver-Max-Delh
          0                 1           3            54   14     1      -0.6520850092E+00      54   14    1      -0.1050934594E+04      0.2458987628E+05      0.1256995048E+03     -0.6520850092E+00
          0                 2           2            54   14     1       0.5553946090E-01      56   50    1       0.3096643672E+03      0.2478808397E+04      0.2458987628E+05      0.5553946090E-01

    ------------------------------------------------
       NWT REQUIRED            2 OUTER ITERATIONS 
       AND A TOTAL OF          5 INNER ITERATIONS.
    ------------------------------------------------

 NO OUTPUT CONTROL FOR STRESS PERIOD    1   TIME STEP   24
 
 SOLVING FOR HEAD 
                                                   Max.-Head-Change                        Max.-Flux-Residual
  Residual-Control   Outer-Iter.   Inner-Iter.     Column Row Layer    Max.-Head-Change    Column Row Layer    Max.-Flux-Residual            L2-New               L2-Old           Solver-Max-Delh
          0                 1           3            54   14     1      -0.6544345953E+00      54   14    1      -0.1050823907E+04      0.2412171063E+05      0.1239505358E+03     -0.6544345953E+00
          0                 2           2            54   14     1       0.5573592260E-01      53   14    1       0.1030850588E+03      0.2412968097E+04      0.2412171063E+05      0.5573592260E-01

    ------------------------------------------------
       NWT REQUIRED            2 OUTER ITERATIONS 
       AND A TOTAL OF          5 INNER ITERATIONS.
    ------------------------------------------------

 NO OUTPUT CONTROL FOR STRESS PERIOD    1   TIME STEP   25
 
 SOLVING FOR HEAD 
                                                   Max.-Head-Change                        Max.-Flux-Residual
  Residual-Control   Outer-Iter.   Inner-Iter.     Column Row Layer    Max.-Head-Change    Column Row Layer    Max.-Flux-Residual            L2-New               L2-Old           Solver-Max-Delh
          0                 1           3            53   13     1       0.7490635644E+01      35   30    1       0.1650368835E+05      0.2682562810E+06      0.1206544989E+03      0.7490635644E+01
          0                 2           3            52   12     1      -0.9307958075E+00      52   12    1      -0.2313088003E+04      0.2831079435E+05      0.2682562810E+06     -0.9307958075E+00
          0                 3           2            53   13     1      -0.5662188546E-01      52   12    1      -0.1458700186E+03      0.1435900201E+04      0.2831079435E+05     -0.5662188546E-01

    ------------------------------------------------
       NWT REQUIRED            3 OUTER ITERATIONS 
       AND A TOTAL OF          8 INNER ITERATIONS.
    ------------------------------------------------

 NO OUTPUT CONTROL FOR STRESS PERIOD    1   TIME STEP   26
 
 SOLVING FOR HEAD 
                                                   Max.-Head-Change                        Max.-Flux-Residual
  Residual-Control   Outer-Iter.   Inner-Iter.     Column Row Layer    Max.-Head-Change    Column Row Layer    Max.-Flux-Residual            L2-New               L2-Old           Solver-Max-Delh
          0                 1           3            52   12     1       0.1679385264E+02      53   20    1       0.3271842997E+05      0.7057946733E+06      0.7193792373E+02      0.1679385264E+02
          0                 2           3            52   12     1      -0.2345325587E+01      52   12    1      -0.7149468115E+04      0.7880897184E+05      0.7057946733E+06     -0.2345325587E+01
          0                 3           2            52   12     1      -0.1466871457E+00      52   12    1      -0.5143718252E+03      0.4102555099E+04      0.7880897184E+05     -0.1466871457E+00
          0                 4           2            52   12     1      -0.7550885215E-02      52   13    1       0.3017425445E+02      0.2070655569E+03      0.4102555099E+04     -0.7550885215E-02

    ------------------------------------------------
       NWT REQUIRED            4 OUTER ITERATIONS 
       AND A TOTAL OF         10 INNER ITERATIONS.
    ------------------------------------------------

 NO OUTPUT CONTROL FOR STRESS PERIOD    1   TIME STEP   27
 
 SOLVING FOR HEAD 
                                                   Max.-Head-Change                        Max.-Flux-Residual
  Residual-Control   Outer-Iter.   Inner-Iter.     Column Row Layer    Max.-Head-Change    Column Row Layer    Max.-Flux-Residual            L2-New               L2-Old           Solver-Max-Delh
          0                 1           3            53   14     1       0.1245113577E+02      52   19    1       0.2215330901E+05      0.5864745673E+06      0.2070655569E+03      0.1245113577E+02
          0                 2           3            52   13     1      -0.1308819106E+01      47   44    1       0.5140455848E+04      0.6349028109E+05      0.5864745673E+06     -0.1308819106E+01
          0                 3           2            53   12     1      -0.8611329341E-01      52   39    1       0.7220196010E+03      0.3340925233E+04      0.6349028109E+05     -0.8611329341E-01

    ------------------------------------------------
       NWT REQUIRED            3 OUTER ITERATIONS 
       AND A TOTAL OF          8 INNER ITERATIONS.
    ------------------------------------------------

 NO OUTPUT CONTROL FOR STRESS PERIOD    1   TIME STEP   28
 
 SOLVING FOR HEAD 
                                                   Max.-Head-Change                        Max.-Flux-Residual
  Residual-Control   Outer-Iter.   Inner-Iter.     Column Row Layer    Max.-Head-Change    Column Row Layer    Max.-Flux-Residual            L2-New               L2-Old           Solver-Max-Delh
          0                 1           3            52   13     1       0.1017004085E+02      50   18    1       0.1855220662E+05      0.5044404857E+06      0.2077553309E+03      0.1017004085E+02
          0                 2           3            49   45     1       0.1454515490E+01      45   29    1       0.1014015591E+05      0.6077800656E+05      0.5044404857E+06      0.1454515490E+01
          0                 3           2            49   45     1      -0.1259984009E+00      46   42    1      -0.7720067628E+03      0.4202651689E+04      0.6077800656E+05     -0.1259984009E+00
          0                 4           2            49   45     1      -0.6303733887E-02      46   42    1      -0.3860031858E+02      0.2125949426E+03      0.4202651689E+04     -0.6303733887E-02

    ------------------------------------------------
       NWT REQUIRED            4 OUTER ITERATIONS 
       AND A TOTAL OF         10 INNER ITERATIONS.
    ------------------------------------------------

 NO OUTPUT CONTROL FOR STRESS PERIOD    1   TIME STEP   29
 
 SOLVING FOR HEAD 
                                                   Max.-Head-Change                        Max.-Flux-Residual
  Residual-Control   Outer-Iter.   Inner-Iter.     Column Row Layer    Max.-Head-Change    Column Row Layer    Max.-Flux-Residual            L2-New               L2-Old           Solver-Max-Delh
          0                 1           3            51   17     1       0.1013643302E+02      52   20    1       0.1856727211E+05      0.5116105527E+06      0.2125949426E+03      0.1013643302E+02
          0                 2           3            52   15     1      -0.9559409513E+00      48   37    1       0.9176518212E+04      0.6651955005E+05      0.5116105527E+06     -0.9559409513E+00
          0                 3           2            49   43     1      -0.7759735827E-01      48   37    1      -0.9541803124E+03      0.4907075877E+04      0.6651955005E+05     -0.7759735827E-01

    ------------------------------------------------
       NWT REQUIRED            3 OUTER ITERATIONS 
       AND A TOTAL OF          8 INNER ITERATIONS.
    ------------------------------------------------

 NO OUTPUT CONTROL FOR STRESS PERIOD    1   TIME STEP   30
 
 SOLVING FOR HEAD 
                                                   Max.-Head-Change                        Max.-Flux-Residual
  Residual-Control   Outer-Iter.   Inner-Iter.     Column Row Layer    Max.-Head-Change    Column Row Layer    Max.-Flux-Residual            L2-New               L2-Old           Solver-Max-Delh
          0                 1           3            53   20     1       0.1171915546E+02      43   27    1       0.2026753558E+05      0.5694175519E+06      0.2528194946E+03      0.1171915546E+02
          0                 2           3            48   40     1       0.2599105676E+01      43   31    1       0.1293820452E+05      0.9863873982E+05      0.5694175519E+06      0.2599105676E+01
          0                 3           3            48   38     1      -0.1915257031E+00      50   41    1       0.2019359042E+04      0.9852605185E+04      0.9863873982E+05     -0.1915257031E+00
          0                 4           2            50   14     1       0.1204353765E-01      50   35    1       0.2346859457E+03      0.6122796447E+03      0.9852605185E+04      0.1204353765E-01

    ------------------------------------------------
       NWT REQUIRED            4 OUTER ITERATIONS 
       AND A TOTAL OF         11 INNER ITERATIONS.
    ------------------------------------------------

 NO OUTPUT CONTROL FOR STRESS PERIOD    1   TIME STEP   31
 
 SOLVING FOR HEAD 
                                                   Max.-Head-Change                        Max.-Flux-Residual
  Residual-Control   Outer-Iter.   Inner-Iter.     Column Row Layer    Max.-Head-Change    Column Row Layer    Max.-Flux-Residual            L2-New               L2-Old           Solver-Max-Delh
          0                 1           3            48   39     1       0.2063237228E+02      47   39    1       0.2976338410E+05      0.6563221297E+06      0.6888113613E+02      0.2063237228E+02
          0                 2           3            44   36     1       0.7968305905E+01      47   39    1       0.2785197838E+05      0.1788594867E+06      0.6563221297E+06      0.7968305905E+01
          0                 3           3            44   36     1      -0.6607796043E+00      51   17    1       0.4605956230E+04      0.2068388021E+05      0.1788594867E+06     -0.6607796043E+00
          0                 4           3            44   36     1      -0.3304446002E-01      51   17    1      -0.4020873279E+03      0.1243413601E+04      0.2068388021E+05     -0.3304446002E-01

    ------------------------------------------------
       NWT REQUIRED            4 OUTER ITERATIONS 
       AND A TOTAL OF         12 INNER ITERATIONS.
    ------------------------------------------------

 NO OUTPUT CONTROL FOR STRESS PERIOD    1   TIME STEP   32
 
 SOLVING FOR HEAD 
                                                   Max.-Head-Change                        Max.-Flux-Residual
  Residual-Control   Outer-Iter.   Inner-Iter.     Column Row Layer    Max.-Head-Change    Column Row Layer    Max.-Flux-Residual            L2-New               L2-Old           Solver-Max-Delh
          0                 1           4            45   35     1       0.2192390198E+02      46   27    1       0.3329097051E+05      0.5762897342E+06      0.8527316501E+02      0.2192390198E+02
          0                 2           4            55   25     1       0.6932688110E+01      39   36    1       0.2427678615E+05      0.1683662410E+06      0.5762897342E+06      0.6932688110E+01
          0                 3           3            55   25     1      -0.5300623138E+00      50   21    1       0.6251646813E+04      0.2051924708E+05      0.1683662410E+06     -0.5300623138E+00
          0                 4           3            55   25     1      -0.2650035568E-01      58   27    1       0.1941129441E+03      0.1033551415E+04      0.2051924708E+05     -0.2650035568E-01

    ------------------------------------------------
       NWT REQUIRED            4 OUTER ITERATIONS 
       AND A TOTAL OF         14 INNER ITERATIONS.
    ------------------------------------------------

 NO OUTPUT CONTROL FOR STRESS PERIOD    1   TIME STEP   33
 
 SOLVING FOR HEAD 
                                                   Max.-Head-Change                        Max.-Flux-Residual
  Residual-Control   Outer-Iter.   Inner-Iter.     Column Row Layer    Max.-Head-Change    Column Row Layer    Max.-Flux-Residual            L2-New               L2-Old           Solver-Max-Delh
          0                 1           4            50   21     1       0.2277656422E+02      47   23    1       0.3336018309E+05      0.5026270272E+06      0.7944997507E+02      0.2277656422E+02
          0                 2           3            55   13     1       0.7032664444E+01      49   21    1       0.2957823406E+05      0.1461968251E+06      0.5026270272E+06      0.7032664444E+01
          0                 3           3            56   13     1       0.1629848478E+01      56   13    1       0.4127916248E+04      0.1595808386E+05      0.1461968251E+06      0.1629848478E+01
          0                 4           3            56   13     1      -0.1419799196E+00      56   13    1      -0.3748663697E+03      0.8468385895E+03      0.1595808386E+05     -0.1419799196E+00
          0                 5           2            56   13     1      -0.5836843212E-02      56   13    1      -0.1628799971E+02      0.4492399296E+02      0.8468385895E+03     -0.5836843212E-02

    ------------------------------------------------
       NWT REQUIRED            5 OUTER ITERATIONS 
       AND A TOTAL OF         15 INNER ITERATIONS.
    ------------------------------------------------

 NO OUTPUT CONTROL FOR STRESS PERIOD    1   TIME STEP   34
 
 SOLVING FOR HEAD 
                                                   Max.-Head-Change                        Max.-Flux-Residual
  Residual-Control   Outer-Iter.   Inner-Iter.     Column Row Layer    Max.-Head-Change    Column Row Layer    Max.-Flux-Residual            L2-New               L2-Old           Solver-Max-Delh
          0                 1           4            56   13     1       0.3962900530E+02      47   16    1       0.2816716639E+05      0.4265511614E+06      0.4492399296E+02      0.3962900530E+02
          0                 2           4            54   11     1       0.1515081977E+02      57   17    1       0.3722286811E+05      0.1135063184E+06      0.4265511614E+06      0.1515081977E+02
          0                 3           3            54   11     1      -0.1302609220E+01      57   17    1      -0.3345233435E+04      0.1097855829E+05      0.1135063184E+06     -0.1302609220E+01
          0                 4           3            54   11     1      -0.6512803522E-01      57   17    1      -0.1672615870E+03      0.5481217826E+03      0.1097855829E+05     -0.6512803522E-01

    ------------------------------------------------
       NWT REQUIRED            4 OUTER ITERATIONS 
       AND A TOTAL OF         14 INNER ITERATIONS.
    ------------------------------------------------

 NO OUTPUT CONTROL FOR STRESS PERIOD    1   TIME STEP   35
 
 SOLVING FOR HEAD 
                                                   Max.-Head-Change                        Max.-Flux-Residual
  Residual-Control   Outer-Iter.   Inner-Iter.     Column Row Layer    Max.-Head-Change    Column Row Layer    Max.-Flux-Residual            L2-New               L2-Old           Solver-Max-Delh
          0                 1           4            58   15     1       0.5218753756E+02      59   17    1       0.3207144079E+05      0.4714403709E+06      0.2832216966E+02      0.5218753756E+02
          0                 2           4            53    9     1       0.1185492545E+02      23   33    1       0.7843610036E+05      0.1432549383E+06      0.4714403709E+06      0.1185492545E+02
          0                 3           3            53    9     1      -0.1025152749E+01      23   33    1      -0.8395363073E+04      0.1489196392E+05      0.1432549383E+06     -0.1025152749E+01
          0                 4           3            53    9     1      -0.5127156739E-01      23   33    1      -0.4197679410E+03      0.7562840280E+03      0.1489196392E+05     -0.5127156739E-01

    ------------------------------------------------
       NWT REQUIRED            4 OUTER ITERATIONS 
       AND A TOTAL OF         14 INNER ITERATIONS.
    ------------------------------------------------

 NO OUTPUT CONTROL FOR STRESS PERIOD    1   TIME STEP   36
 
 SOLVING FOR HEAD 
                                                   Max.-Head-Change                        Max.-Flux-Residual
  Residual-Control   Outer-Iter.   Inner-Iter.     Column Row Layer    Max.-Head-Change    Column Row Layer    Max.-Flux-Residual            L2-New               L2-Old           Solver-Max-Delh
          0                 1           4            54   12     1       0.6578784927E+02      37   25    1       0.4562647745E+05      0.6718165878E+06      0.4515376954E+02      0.6578784927E+02
          0                 2           4            50    8     1       0.1670371811E+02      46   11    1       0.4066838984E+05      0.1781991275E+06      0.6718165878E+06      0.1670371811E+02
          0                 3           3            69   23     1       0.1647577312E+01      69   23    1       0.9988283773E+04      0.2250158390E+05      0.1781991275E+06      0.1647577312E+01
          0                 4           3            69   23     1      -0.1422909919E+00      69   23    1      -0.9988283922E+03      0.2324366266E+04      0.2250158390E+05     -0.1422909919E+00
          0                 5           2            69   23     1      -0.7114614991E-02      26   25    1       0.8121218858E+02      0.2178397965E+03      0.2324366266E+04     -0.7114614991E-02

    ------------------------------------------------
       NWT REQUIRED            5 OUTER ITERATIONS 
       AND A TOTAL OF         16 INNER ITERATIONS.
    ------------------------------------------------

 NO OUTPUT CONTROL FOR STRESS PERIOD    1   TIME STEP   37
 
 SOLVING FOR HEAD 
                                                   Max.-Head-Change                        Max.-Flux-Residual
  Residual-Control   Outer-Iter.   Inner-Iter.     Column Row Layer    Max.-Head-Change    Column Row Layer    Max.-Flux-Residual            L2-New               L2-Old           Solver-Max-Delh
          0                 1           4            51    7     1       0.9946508612E+02      51    7    1       0.5003629026E+05      0.6408476832E+06      0.2178397965E+03      0.9946508612E+02
          0                 2           3            51    7     1      -0.7944073045E+01      45   10    1       0.3619884762E+05      0.1488952712E+06      0.6408476832E+06     -0.7944073045E+01
          0                 3           3            47    9     1      -0.4696083907E+00      45   10    1      -0.3619884816E+04      0.1510741148E+05      0.1488952712E+06     -0.4696083907E+00
          0                 4           3            47    9     1      -0.2349106530E-01      45   10    1      -0.1809941491E+03      0.7774382876E+03      0.1510741148E+05     -0.2349106530E-01

    ------------------------------------------------
       NWT REQUIRED            4 OUTER ITERATIONS 
       AND A TOTAL OF         13 INNER ITERATIONS.
    ------------------------------------------------

 NO OUTPUT CONTROL FOR STRESS PERIOD    1   TIME STEP   38
 
 SOLVING FOR HEAD 
                                                   Max.-Head-Change                        Max.-Flux-Residual
  Residual-Control   Outer-Iter.   Inner-Iter.     Column Row Layer    Max.-Head-Change    Column Row Layer    Max.-Flux-Residual            L2-New               L2-Old           Solver-Max-Delh
          0                 1           4            52    7     1       0.5866585373E+02      68   35    1       0.4020317163E+05      0.5561472740E+06      0.4740556967E+02      0.5866585373E+02
          0                 2           3            52    7     1      -0.4751487122E+01      45    9    1       0.2584983684E+05      0.1127873366E+06      0.5561472740E+06     -0.4751487122E+01
          0                 3           3            44   82     1      -0.3265729696E+00      41   11    1      -0.2251973851E+04      0.1078542342E+05      0.1127873366E+06     -0.3265729696E+00
          0                 4           3            44   82     1      -0.1637584355E-01      41   11    1      -0.1125987963E+03      0.5517639602E+03      0.1078542342E+05     -0.1637584355E-01

    ------------------------------------------------
       NWT REQUIRED            4 OUTER ITERATIONS 
       AND A TOTAL OF         13 INNER ITERATIONS.
    ------------------------------------------------

 NO OUTPUT CONTROL FOR STRESS PERIOD    1   TIME STEP   39
 
 SOLVING FOR HEAD 
                                                   Max.-Head-Change                        Max.-Flux-Residual
  Residual-Control   Outer-Iter.   Inner-Iter.     Column Row Layer    Max.-Head-Change    Column Row Layer    Max.-Flux-Residual            L2-New               L2-Old           Solver-Max-Delh
          0                 1           4            52    7     1       0.3709418579E+02      46    7    1       0.4172344499E+05      0.4841346211E+06      0.2993049714E+02      0.3709418579E+02
          0                 2           3            46    7     1       0.8264281808E+01      42   10    1       0.2887987710E+05      0.1098372766E+06      0.4841346211E+06      0.8264281808E+01
          0                 3           3            66   81     1       0.7551618268E+00      43    8    1       0.4691582824E+04      0.1250933331E+05      0.1098372766E+06      0.7551618268E+00
          0                 4           3            66   81     1      -0.6652950625E-01      66   81    1      -0.2532089766E+03      0.8692179357E+03      0.1250933331E+05     -0.6652950625E-01

    ------------------------------------------------
       NWT REQUIRED            4 OUTER ITERATIONS 
       AND A TOTAL OF         13 INNER ITERATIONS.
    ------------------------------------------------

 NO OUTPUT CONTROL FOR STRESS PERIOD    1   TIME STEP   40
 
 SOLVING FOR HEAD 
                                                   Max.-Head-Change                        Max.-Flux-Residual
  Residual-Control   Outer-Iter.   Inner-Iter.     Column Row Layer    Max.-Head-Change    Column Row Layer    Max.-Flux-Residual            L2-New               L2-Old           Solver-Max-Delh
          0                 1           4            45    7     1       0.4412709497E+02      45    7    1       0.4718287213E+05      0.4195269714E+06      0.7603430039E+02      0.4412709497E+02
          0                 2           3            41    7     1       0.5185154733E+01      41    8    1       0.3723483988E+05      0.9837563639E+05      0.4195269714E+06      0.5185154733E+01
          0                 3           3            41    7     1      -0.3918561749E+00      41    8    1      -0.3723484045E+04      0.1028403701E+05      0.9837563639E+05     -0.3918561749E+00
          0                 4           3            41    7     1      -0.1959504969E-01      70   43    1       0.2291389579E+03      0.6762304037E+03      0.1028403701E+05     -0.1959504969E-01

    ------------------------------------------------
       NWT REQUIRED            4 OUTER ITERATIONS 
       AND A TOTAL OF         13 INNER ITERATIONS.
    ------------------------------------------------

 NO OUTPUT CONTROL FOR STRESS PERIOD    1   TIME STEP   41
 
 SOLVING FOR HEAD 
                                                   Max.-Head-Change                        Max.-Flux-Residual
  Residual-Control   Outer-Iter.   Inner-Iter.     Column Row Layer    Max.-Head-Change    Column Row Layer    Max.-Flux-Residual            L2-New               L2-Old           Solver-Max-Delh
          0                 1           4            41    7     1       0.3234390359E+02      39    8    1       0.4059776076E+05      0.3601992976E+06      0.6866616691E+02      0.3234390359E+02
          0                 2           3            72   50     1       0.2658979307E+01      72   47    1       0.1935034447E+05      0.6896309935E+05      0.3601992976E+06      0.2658979307E+01
          0                 3           3            47   79     1      -0.1827207440E+00      36   11    1      -0.1917882307E+04      0.6432396826E+04      0.6896309935E+05     -0.1827207440E+00
          0                 4           2            46   88     1       0.2338000823E-01      46   88    1       0.1893100868E+03      0.4076810488E+03      0.6432396826E+04      0.2338000823E-01

    ------------------------------------------------
       NWT REQUIRED            4 OUTER ITERATIONS 
       AND A TOTAL OF         12 INNER ITERATIONS.
    ------------------------------------------------

 NO OUTPUT CONTROL FOR STRESS PERIOD    1   TIME STEP   42
 
 SOLVING FOR HEAD 
                                                   Max.-Head-Change                        Max.-Flux-Residual
  Residual-Control   Outer-Iter.   Inner-Iter.     Column Row Layer    Max.-Head-Change    Column Row Layer    Max.-Flux-Residual            L2-New               L2-Old           Solver-Max-Delh
          0                 1           4            40    7     1       0.2450960345E+02      38    8    1       0.4400406624E+05      0.3213753427E+06      0.4076810488E+03      0.2450960345E+02
          0                 2           3            38    8     1       0.4197928732E+01      38    8    1       0.3012579584E+05      0.6904236001E+05      0.3213753427E+06      0.4197928732E+01
          0                 3           3            38    8     1      -0.3625818182E+00      38    8    1      -0.3012579629E+04      0.6708706472E+04      0.6904236001E+05     -0.3625818182E+00
          0                 4           3            38    8     1      -0.1812960895E-01      38    8    1      -0.1506289051E+03      0.3448718612E+03      0.6708706472E+04     -0.1812960895E-01

    ------------------------------------------------
       NWT REQUIRED            4 OUTER ITERATIONS 
       AND A TOTAL OF         13 INNER ITERATIONS.
    ------------------------------------------------

 NO OUTPUT CONTROL FOR STRESS PERIOD    1   TIME STEP   43
 
 SOLVING FOR HEAD 
                                                   Max.-Head-Change                        Max.-Flux-Residual
  Residual-Control   Outer-Iter.   Inner-Iter.     Column Row Layer    Max.-Head-Change    Column Row Layer    Max.-Flux-Residual            L2-New               L2-Old           Solver-Max-Delh
          0                 1           4            37    8     1       0.2727139641E+02      37    8    1       0.4051047102E+05      0.2746465435E+06      0.3448718612E+03      0.2727139641E+02
          0                 2           3            31   54     1       0.2086548736E+01      33   10    1       0.1848386706E+05      0.5401950362E+05      0.2746465435E+06      0.2086548736E+01
          0                 3           3            31   54     1      -0.1789215239E+00      33   10    1      -0.1848386727E+04      0.4851886500E+04      0.5401950362E+05     -0.1789215239E+00
          0                 4           2            31   54     1      -0.8948650529E-02      33   10    1      -0.9241928969E+02      0.2491856595E+03      0.4851886500E+04     -0.8948650529E-02

    ------------------------------------------------
       NWT REQUIRED            4 OUTER ITERATIONS 
       AND A TOTAL OF         12 INNER ITERATIONS.
    ------------------------------------------------

 NO OUTPUT CONTROL FOR STRESS PERIOD    1   TIME STEP   44
 
 SOLVING FOR HEAD 
                                                   Max.-Head-Change                        Max.-Flux-Residual
  Residual-Control   Outer-Iter.   Inner-Iter.     Column Row Layer    Max.-Head-Change    Column Row Layer    Max.-Flux-Residual            L2-New               L2-Old           Solver-Max-Delh
          0                 1           4            37    8     1       0.1881613910E+02      32    9    1       0.3288147405E+05      0.2352824876E+06      0.2491856595E+03      0.1881613910E+02
          0                 2           3            31    9     1       0.3027997074E+01      32    9    1       0.2250165869E+05      0.5118573190E+05      0.2352824876E+06      0.3027997074E+01
          0                 3           3            31    9     1      -0.2615235951E+00      32    9    1      -0.2250165901E+04      0.4927056073E+04      0.5118573190E+05     -0.2615235951E+00
          0                 4           2            31    9     1      -0.1307637927E-01      32    9    1      -0.1125082380E+03      0.2464452951E+03      0.4927056073E+04     -0.1307637927E-01

    ------------------------------------------------
       NWT REQUIRED            4 OUTER ITERATIONS 
       AND A TOTAL OF         12 INNER ITERATIONS.
    ------------------------------------------------

 NO OUTPUT CONTROL FOR STRESS PERIOD    1   TIME STEP   45
 
 SOLVING FOR HEAD 
                                                   Max.-Head-Change                        Max.-Flux-Residual
  Residual-Control   Outer-Iter.   Inner-Iter.     Column Row Layer    Max.-Head-Change    Column Row Layer    Max.-Flux-Residual            L2-New               L2-Old           Solver-Max-Delh
          0                 1           4            31    9     1       0.1810690404E+02      30   10    1       0.2596537714E+05      0.2006334281E+06      0.2464452951E+03      0.1810690404E+02
          0                 2           3            31    9     1      -0.1466795329E+01      25   14    1       0.9567577899E+04      0.2872980762E+05      0.2006334281E+06     -0.1466795329E+01
          0                 3           3            31    9     1      -0.7341619895E-01      14   27    1      -0.5229928068E+03      0.1822659635E+04      0.2872980762E+05     -0.7341619895E-01

    ------------------------------------------------
       NWT REQUIRED            3 OUTER ITERATIONS 
       AND A TOTAL OF         10 INNER ITERATIONS.
    ------------------------------------------------

 NO OUTPUT CONTROL FOR STRESS PERIOD    1   TIME STEP   46
 
 SOLVING FOR HEAD 
                                                   Max.-Head-Change                        Max.-Flux-Residual
  Residual-Control   Outer-Iter.   Inner-Iter.     Column Row Layer    Max.-Head-Change    Column Row Layer    Max.-Flux-Residual            L2-New               L2-Old           Solver-Max-Delh
          0                 1           4            29   10     1       0.1382758189E+02      29   10    1       0.2822782403E+05      0.1749216430E+06      0.9139014876E+02      0.1382758189E+02
          0                 2           3            28    9     1       0.1186831341E+01      24   16    1       0.1073861985E+05      0.2998769552E+05      0.1749216430E+06      0.1186831341E+01
          0                 3           3            28    9     1      -0.1025006186E+00      24   16    1      -0.1035568191E+04      0.2770917674E+04      0.2998769552E+05     -0.1025006186E+00
          0                 4           2            28    9     1      -0.5125146539E-02      24   16    1      -0.5177851002E+02      0.1385272043E+03      0.2770917674E+04     -0.5125146539E-02

    ------------------------------------------------
       NWT REQUIRED            4 OUTER ITERATIONS 
       AND A TOTAL OF         12 INNER ITERATIONS.
    ------------------------------------------------

 NO OUTPUT CONTROL FOR STRESS PERIOD    1   TIME STEP   47
 
 SOLVING FOR HEAD 
                                                   Max.-Head-Change                        Max.-Flux-Residual
  Residual-Control   Outer-Iter.   Inner-Iter.     Column Row Layer    Max.-Head-Change    Column Row Layer    Max.-Flux-Residual            L2-New               L2-Old           Solver-Max-Delh
          0                 1           4            28    9     1       0.1608379349E+02      27   10    1       0.2621615908E+05      0.1508987614E+06      0.1385272043E+03      0.1608379349E+02
          0                 2           3            28    9     1      -0.1290180409E+01      23   12    1       0.1107100422E+05      0.2798768361E+05      0.1508987614E+06     -0.1290180409E+01
          0                 3           3            48   67     1       0.9767308328E-01      23   14    1      -0.1001874040E+04      0.2642134359E+04      0.2798768361E+05      0.9767308328E-01

    ------------------------------------------------
       NWT REQUIRED            3 OUTER ITERATIONS 
       AND A TOTAL OF         10 INNER ITERATIONS.
    ------------------------------------------------

 NO OUTPUT CONTROL FOR STRESS PERIOD    1   TIME STEP   48
 
 SOLVING FOR HEAD 
                                                   Max.-Head-Change                        Max.-Flux-Residual
  Residual-Control   Outer-Iter.   Inner-Iter.     Column Row Layer    Max.-Head-Change    Column Row Layer    Max.-Flux-Residual            L2-New               L2-Old           Solver-Max-Delh
          0                 1           4            28    9     1       0.1142954586E+02      27   10    1       0.2759936631E+05      0.1301560708E+06      0.1322884063E+03      0.1142954586E+02
          0                 2           3             1    5     1       0.1430879060E+01      23   11    1       0.7154990701E+04      0.2525007887E+05      0.1301560708E+06      0.1430879060E+01
          0                 3           3            48   65     1       0.2300480676E+00      48   65    1       0.9022981181E+03      0.2232430497E+04      0.2525007887E+05      0.2300480676E+00
          0                 4           2            48   65     1       0.1148791996E-01      48   65    1       0.4510586007E+02      0.1114839969E+03      0.2232430497E+04      0.1148791996E-01

    ------------------------------------------------
       NWT REQUIRED            4 OUTER ITERATIONS 
       AND A TOTAL OF         12 INNER ITERATIONS.
    ------------------------------------------------

 NO OUTPUT CONTROL FOR STRESS PERIOD    1   TIME STEP   49
 
 SOLVING FOR HEAD 
                                                   Max.-Head-Change                        Max.-Flux-Residual
  Residual-Control   Outer-Iter.   Inner-Iter.     Column Row Layer    Max.-Head-Change    Column Row Layer    Max.-Flux-Residual            L2-New               L2-Old           Solver-Max-Delh
          0                 1           4            25   10     1       0.1091620182E+02      26   10    1       0.2294281203E+05      0.1177472702E+06      0.1114839969E+03      0.1091620182E+02
          0                 2           3            21    6     1       0.9077277964E+00      26   10    1       0.1516851913E+05      0.2711710466E+05      0.1177472702E+06      0.9077277964E+00
          0                 3           3            21    6     1      -0.7840450611E-01      26   10    1      -0.1516624961E+04      0.2697913761E+04      0.2711710466E+05     -0.7840450611E-01

    ------------------------------------------------
       NWT REQUIRED            3 OUTER ITERATIONS 
       AND A TOTAL OF         10 INNER ITERATIONS.
    ------------------------------------------------

 NO OUTPUT CONTROL FOR STRESS PERIOD    1   TIME STEP   50
 
 SOLVING FOR HEAD 
                                                   Max.-Head-Change                        Max.-Flux-Residual
  Residual-Control   Outer-Iter.   Inner-Iter.     Column Row Layer    Max.-Head-Change    Column Row Layer    Max.-Flux-Residual            L2-New               L2-Old           Solver-Max-Delh
          0                 1           4            24   10     1       0.9231136166E+01      24   10    1       0.2256600618E+05      0.1025537146E+06      0.1351084762E+03      0.9231136166E+01
          0                 2           3            29    9     1      -0.6230536507E+00      24   10    1       0.1070283463E+05      0.1745801647E+05      0.1025537146E+06     -0.6230536507E+00
          0                 3           3            48   64     1       0.3473824420E-01      24   10    1      -0.6706515838E+03      0.1193953260E+04      0.1745801647E+05      0.3473824420E-01

    ------------------------------------------------
       NWT REQUIRED            3 OUTER ITERATIONS 
       AND A TOTAL OF         10 INNER ITERATIONS.
    ------------------------------------------------

 NO OUTPUT CONTROL FOR STRESS PERIOD    1   TIME STEP   51
 
 SOLVING FOR HEAD 
                                                   Max.-Head-Change                        Max.-Flux-Residual
  Residual-Control   Outer-Iter.   Inner-Iter.     Column Row Layer    Max.-Head-Change    Column Row Layer    Max.-Flux-Residual            L2-New               L2-Old           Solver-Max-Delh
          0                 1           4            23   10     1       0.8716969287E+01      22    8    1       0.1789522283E+05      0.9068434455E+05      0.5969095525E+02      0.8716969287E+01
          0                 2           3            45   64     1       0.7703706642E+00      17    5    1       0.7739525897E+04      0.1475765023E+05      0.9068434455E+05      0.7703706642E+00
          0                 3           3            47   63     1       0.7113913559E-01      17    5    1      -0.6586620855E+03      0.1106250872E+04      0.1475765023E+05      0.7113913559E-01

    ------------------------------------------------
       NWT REQUIRED            3 OUTER ITERATIONS 
       AND A TOTAL OF         10 INNER ITERATIONS.
    ------------------------------------------------

 NO OUTPUT CONTROL FOR STRESS PERIOD    1   TIME STEP   52
 
 SOLVING FOR HEAD 
                                                   Max.-Head-Change                        Max.-Flux-Residual
  Residual-Control   Outer-Iter.   Inner-Iter.     Column Row Layer    Max.-Head-Change    Column Row Layer    Max.-Flux-Residual            L2-New               L2-Old           Solver-Max-Delh
          0                 1           4            54   12     1      -0.7595824771E+01      22    8    1       0.1080273996E+05      0.8266626915E+05      0.5530029217E+02     -0.7595824771E+01
          0                 2           3            54   12     1       0.6559289271E+00      49   79    1       0.2193765361E+04      0.9403560698E+04      0.8266626915E+05      0.6559289271E+00
          0                 3           3            54   12     1       0.3280108812E-01      60   78    1       0.1399188629E+03      0.4868841110E+03      0.9403560698E+04      0.3280108812E-01

    ------------------------------------------------
       NWT REQUIRED            3 OUTER ITERATIONS 
       AND A TOTAL OF         10 INNER ITERATIONS.
    ------------------------------------------------

 NO OUTPUT CONTROL FOR STRESS PERIOD    1   TIME STEP   53
 
 SOLVING FOR HEAD 
                                                   Max.-Head-Change                        Max.-Flux-Residual
  Residual-Control   Outer-Iter.   Inner-Iter.     Column Row Layer    Max.-Head-Change    Column Row Layer    Max.-Flux-Residual            L2-New               L2-Old           Solver-Max-Delh
          0                 1           4             4    3     1       0.2053166666E+02      20    7    1       0.1854510701E+05      0.2267501560E+06      0.4868841110E+03      0.2053166666E+02
          0                 2           3             4    3     1      -0.1767177700E+01      51   73    1       0.2565136902E+04      0.2301198617E+05      0.2267501560E+06     -0.1767177700E+01
          0                 3           3             4    3     1      -0.8836006588E-01      51   73    1      -0.2144332655E+03      0.1193237738E+04      0.2301198617E+05     -0.8836006588E-01

    ------------------------------------------------
       NWT REQUIRED            3 OUTER ITERATIONS 
       AND A TOTAL OF         10 INNER ITERATIONS.
    ------------------------------------------------

 NO OUTPUT CONTROL FOR STRESS PERIOD    1   TIME STEP   54
 
 SOLVING FOR HEAD 
                                                   Max.-Head-Change                        Max.-Flux-Residual
  Residual-Control   Outer-Iter.   Inner-Iter.     Column Row Layer    Max.-Head-Change    Column Row Layer    Max.-Flux-Residual            L2-New               L2-Old           Solver-Max-Delh
          0                 1           4            54   12     1       0.1875762501E+02      20    5    1       0.1040393428E+05      0.2013840466E+06      0.5965108656E+02      0.1875762501E+02
          0                 2           3            54   12     1      -0.1625929401E+01      59   82    1       0.1086608403E+04      0.2029361011E+05      0.2013840466E+06     -0.1625929401E+01
          0                 3           3            54   12     1      -0.8129729380E-01      59   82    1       0.5392848607E+02      0.1014878660E+04      0.2029361011E+05     -0.8129729380E-01

    ------------------------------------------------
       NWT REQUIRED            3 OUTER ITERATIONS 
       AND A TOTAL OF         10 INNER ITERATIONS.
    ------------------------------------------------

 NO OUTPUT CONTROL FOR STRESS PERIOD    1   TIME STEP   55
 
 SOLVING FOR HEAD 
                                                   Max.-Head-Change                        Max.-Flux-Residual
  Residual-Control   Outer-Iter.   Inner-Iter.     Column Row Layer    Max.-Head-Change    Column Row Layer    Max.-Flux-Residual            L2-New               L2-Old           Solver-Max-Delh
          0                 1           4            54   12     1       0.1854950537E+02      20    5    1       0.9566022654E+04      0.2086167489E+06      0.5148152053E+02      0.1854950537E+02
          0                 2           3            54   12     1      -0.1602001258E+01      20    5    1      -0.9566022796E+03      0.2088840251E+05      0.2086167489E+06     -0.1602001258E+01
          0                 3           3            54   12     1      -0.8010091026E-01      20    5    1      -0.4783008686E+02      0.1045705578E+04      0.2088840251E+05     -0.8010091026E-01

    ------------------------------------------------
       NWT REQUIRED            3 OUTER ITERATIONS 
       AND A TOTAL OF         10 INNER ITERATIONS.
    ------------------------------------------------

 NO OUTPUT CONTROL FOR STRESS PERIOD    1   TIME STEP   56
 
 SOLVING FOR HEAD 
                                                   Max.-Head-Change                        Max.-Flux-Residual
  Residual-Control   Outer-Iter.   Inner-Iter.     Column Row Layer    Max.-Head-Change    Column Row Layer    Max.-Flux-Residual            L2-New               L2-Old           Solver-Max-Delh
          0                 1           4            53   12     1       0.4946803493E+02      38   22    1       0.1783872646E+05      0.4619001357E+06      0.5228724258E+02      0.4946803493E+02
          0                 2           3            53   12     1      -0.4298102593E+01      51   68    1       0.1174167381E+05      0.6144644081E+05      0.4619001357E+06     -0.4298102593E+01
          0                 3           3            46   64     1      -0.3152686390E+00      61   74    1       0.1473110546E+04      0.5530389752E+04      0.6144644081E+05     -0.3152686390E+00
          0                 4           3            48   69     1      -0.2274925176E-01      48   69    1      -0.1470614485E+03      0.3821924759E+03      0.5530389752E+04     -0.2274925176E-01

    ------------------------------------------------
       NWT REQUIRED            4 OUTER ITERATIONS 
       AND A TOTAL OF         13 INNER ITERATIONS.
    ------------------------------------------------

 NO OUTPUT CONTROL FOR STRESS PERIOD    1   TIME STEP   57
 
 SOLVING FOR HEAD 
                                                   Max.-Head-Change                        Max.-Flux-Residual
  Residual-Control   Outer-Iter.   Inner-Iter.     Column Row Layer    Max.-Head-Change    Column Row Layer    Max.-Flux-Residual            L2-New               L2-Old           Solver-Max-Delh
          0                 1           4            52    7     1       0.2924296042E+02      42   25    1       0.1319294080E+05      0.3608062943E+06      0.3821924759E+03      0.2924296042E+02
          0                 2           3            48   66     1       0.6360392892E+01      49   66    1       0.1008614392E+05      0.4611699800E+05      0.3608062943E+06      0.6360392892E+01
          0                 3           3            48   66     1      -0.5423652351E+00      49   66    1      -0.9791938083E+03      0.3468071567E+04      0.4611699800E+05     -0.5423652351E+00
          0                 4           3            48   66     1      -0.2711854744E-01      46   89    1       0.1452885159E+03      0.2261318648E+03      0.3468071567E+04     -0.2711854744E-01

    ------------------------------------------------
       NWT REQUIRED            4 OUTER ITERATIONS 
       AND A TOTAL OF         13 INNER ITERATIONS.
    ------------------------------------------------

 NO OUTPUT CONTROL FOR STRESS PERIOD    1   TIME STEP   58
 
 SOLVING FOR HEAD 
                                                   Max.-Head-Change                        Max.-Flux-Residual
  Residual-Control   Outer-Iter.   Inner-Iter.     Column Row Layer    Max.-Head-Change    Column Row Layer    Max.-Flux-Residual            L2-New               L2-Old           Solver-Max-Delh
          0                 1           4            52    7     1       0.2130862642E+02      20    5    1       0.1144910729E+05      0.2918020327E+06      0.2261318648E+03      0.2130862642E+02
          0                 2           3            47   79     1       0.4135397185E+01      47   79    1       0.8650811289E+04      0.3321420483E+05      0.2918020327E+06      0.4135397185E+01
          0                 3           3            47   79     1      -0.3571269933E+00      47   79    1      -0.8650811418E+03      0.2216919961E+04      0.3321420483E+05     -0.3571269933E+00
          0                 4           3            47   79     1      -0.1785863636E-01      47   79    1      -0.4325403515E+02      0.1143806816E+03      0.2216919961E+04     -0.1785863636E-01

    ------------------------------------------------
       NWT REQUIRED            4 OUTER ITERATIONS 
       AND A TOTAL OF         13 INNER ITERATIONS.
    ------------------------------------------------

 NO OUTPUT CONTROL FOR STRESS PERIOD    1   TIME STEP   59
 
 SOLVING FOR HEAD 
                                                   Max.-Head-Change                        Max.-Flux-Residual
  Residual-Control   Outer-Iter.   Inner-Iter.     Column Row Layer    Max.-Head-Change    Column Row Layer    Max.-Flux-Residual            L2-New               L2-Old           Solver-Max-Delh
          0                 1           4            53   12     1       0.3668119271E+02      43   27    1       0.1554537546E+05      0.3528716842E+06      0.1143806816E+03      0.3668119271E+02
          0                 2           3            47   76     1       0.3818662301E+01      48   77    1       0.7036796207E+04      0.3647482325E+05      0.3528716842E+06      0.3818662301E+01
          0                 3           3            47   76     1      -0.3293323189E+00      48   77    1      -0.6842514356E+03      0.1996778609E+04      0.3647482325E+05     -0.3293323189E+00
          0                 4           3            47   76     1      -0.1646678096E-01      48   77    1      -0.3421255445E+02      0.9982337432E+02      0.1996778609E+04     -0.1646678096E-01

    ------------------------------------------------
       NWT REQUIRED            4 OUTER ITERATIONS 
       AND A TOTAL OF         13 INNER ITERATIONS.
    ------------------------------------------------

 NO OUTPUT CONTROL FOR STRESS PERIOD    1   TIME STEP   60
 
 SOLVING FOR HEAD 
                                                   Max.-Head-Change                        Max.-Flux-Residual
  Residual-Control   Outer-Iter.   Inner-Iter.     Column Row Layer    Max.-Head-Change    Column Row Layer    Max.-Flux-Residual            L2-New               L2-Old           Solver-Max-Delh
          0                 1           4            53   12     1       0.4296595530E+02      43   27    1       0.1677781430E+05      0.4266816550E+06      0.9982337432E+02      0.4296595530E+02
          0                 2           3            53   12     1      -0.3710746611E+01      43   27    1      -0.1677781455E+04      0.4267072787E+05      0.4266816550E+06     -0.3710746611E+01
          0                 3           3            53   12     1      -0.1855391922E+00      43   27    1      -0.8388903929E+02      0.2133544371E+04      0.4267072787E+05     -0.1855391922E+00
          0                 4           3            53   12     1      -0.9275197180E-02      43   27    1      -0.4193611398E+01      0.1066558531E+03      0.2133544371E+04     -0.9275197180E-02

    ------------------------------------------------
       NWT REQUIRED            4 OUTER ITERATIONS 
       AND A TOTAL OF         13 INNER ITERATIONS.
    ------------------------------------------------

 NO OUTPUT CONTROL FOR STRESS PERIOD    1   TIME STEP   61
 
 SOLVING FOR HEAD 
                                                   Max.-Head-Change                        Max.-Flux-Residual
  Residual-Control   Outer-Iter.   Inner-Iter.     Column Row Layer    Max.-Head-Change    Column Row Layer    Max.-Flux-Residual            L2-New               L2-Old           Solver-Max-Delh
          0                 1           4            52    7     1       0.2884781592E+02      42   25    1       0.1416646043E+05      0.3452844707E+06      0.1066558531E+03      0.2884781592E+02
          0                 2           3            52    7     1      -0.2490673702E+01      42   25    1      -0.1416646064E+04      0.3453356954E+05      0.3452844707E+06     -0.2490673702E+01
          0                 3           3            52    7     1      -0.1245349472E+00      42   25    1      -0.7083226733E+02      0.1726703682E+04      0.3453356954E+05     -0.1245349472E+00
          0                 4           3            52    7     1      -0.6225564355E-02      42   25    1      -0.3540903255E+01      0.8631788372E+02      0.1726703682E+04     -0.6225564355E-02

    ------------------------------------------------
       NWT REQUIRED            4 OUTER ITERATIONS 
       AND A TOTAL OF         13 INNER ITERATIONS.
    ------------------------------------------------

 NO OUTPUT CONTROL FOR STRESS PERIOD    1   TIME STEP   62
 
 SOLVING FOR HEAD 
                                                   Max.-Head-Change                        Max.-Flux-Residual
  Residual-Control   Outer-Iter.   Inner-Iter.     Column Row Layer    Max.-Head-Change    Column Row Layer    Max.-Flux-Residual            L2-New               L2-Old           Solver-Max-Delh
          0                 1           4            46    7     1       0.2025780691E+02      45   29    1       0.1118601480E+05      0.2786905103E+06      0.8631788372E+02      0.2025780691E+02
          0                 2           3            46    7     1      -0.1749489484E+01      45   29    1      -0.1118601497E+04      0.2788304545E+05      0.2786905103E+06     -0.1749489484E+01
          0                 3           3            46    7     1      -0.8747174237E-01      35   15    1      -0.6580819826E+02      0.1394382809E+04      0.2788304545E+05     -0.8747174237E-01

    ------------------------------------------------
       NWT REQUIRED            3 OUTER ITERATIONS 
       AND A TOTAL OF         10 INNER ITERATIONS.
    ------------------------------------------------

 NO OUTPUT CONTROL FOR STRESS PERIOD    1   TIME STEP   63
 
 SOLVING FOR HEAD 
                                                   Max.-Head-Change                        Max.-Flux-Residual
  Residual-Control   Outer-Iter.   Inner-Iter.     Column Row Layer    Max.-Head-Change    Column Row Layer    Max.-Flux-Residual            L2-New               L2-Old           Solver-Max-Delh
          0                 1           4            53   12     1       0.8539662179E+02      40   27    1       0.3385252596E+05      0.7732988634E+06      0.6970515792E+02      0.8539662179E+02
          0                 2           4            53   12     1      -0.7438966097E+01      50   90    1       0.4608415869E+04      0.7793843602E+05      0.7732988634E+06     -0.7438966097E+01
          0                 3           3            53   12     1      -0.3719520180E+00      60   99    1      -0.4679757750E+03      0.3969053868E+04      0.7793843602E+05     -0.3719520180E+00
          0                 4           3            53   12     1      -0.1859406785E-01      60   99    1      -0.2339877690E+02      0.1984325703E+03      0.3969053868E+04     -0.1859406785E-01

    ------------------------------------------------
       NWT REQUIRED            4 OUTER ITERATIONS 
       AND A TOTAL OF         14 INNER ITERATIONS.
    ------------------------------------------------

 NO OUTPUT CONTROL FOR STRESS PERIOD    1   TIME STEP   64
 
 SOLVING FOR HEAD 
                                                   Max.-Head-Change                        Max.-Flux-Residual
  Residual-Control   Outer-Iter.   Inner-Iter.     Column Row Layer    Max.-Head-Change    Column Row Layer    Max.-Flux-Residual            L2-New               L2-Old           Solver-Max-Delh
          0                 1           4            54   12     1       0.7741550871E+02      44   26    1       0.2942089313E+05      0.7808812634E+06      0.1984325703E+03      0.7741550871E+02
          0                 2           4            54   12     1      -0.6685855196E+01      59   90    1       0.3501783155E+04      0.7827167442E+05      0.7808812634E+06     -0.6685855196E+01
          0                 3           3            54   12     1      -0.3342960996E+00      59   90    1      -0.3501783208E+03      0.3932309141E+04      0.7827167442E+05     -0.3342960996E+00
          0                 4           3            54   12     1      -0.1671162958E-01      59   90    1      -0.1750890717E+02      0.1965766277E+03      0.3932309141E+04     -0.1671162958E-01

    ------------------------------------------------
       NWT REQUIRED            4 OUTER ITERATIONS 
       AND A TOTAL OF         14 INNER ITERATIONS.
    ------------------------------------------------

 NO OUTPUT CONTROL FOR STRESS PERIOD    1   TIME STEP   65
 
 SOLVING FOR HEAD 
                                                   Max.-Head-Change                        Max.-Flux-Residual
  Residual-Control   Outer-Iter.   Inner-Iter.     Column Row Layer    Max.-Head-Change    Column Row Layer    Max.-Flux-Residual            L2-New               L2-Old           Solver-Max-Delh
          0                 1           4            52    7     1       0.6023036898E+02      44   26    1       0.2741206540E+05      0.7222041930E+06      0.1965766277E+03      0.6023036898E+02
          0                 2           4            52    7     1      -0.5201699719E+01      49   91    1       0.9374140594E+04      0.7438828072E+05      0.7222041930E+06     -0.5201699719E+01
          0                 3           3            48   91     1      -0.3795844801E+00      49   91    1      -0.9355803694E+03      0.4108631263E+04      0.7438828072E+05     -0.3795844801E+00
          0                 4           3            48   91     1      -0.1874316773E-01      48   91    1      -0.4499588603E+02      0.2043722708E+03      0.4108631263E+04     -0.1874316773E-01

    ------------------------------------------------
       NWT REQUIRED            4 OUTER ITERATIONS 
       AND A TOTAL OF         14 INNER ITERATIONS.
    ------------------------------------------------

 NO OUTPUT CONTROL FOR STRESS PERIOD    1   TIME STEP   66
 
 SOLVING FOR HEAD 
                                                   Max.-Head-Change                        Max.-Flux-Residual
  Residual-Control   Outer-Iter.   Inner-Iter.     Column Row Layer    Max.-Head-Change    Column Row Layer    Max.-Flux-Residual            L2-New               L2-Old           Solver-Max-Delh
          0                 1           4            52    7     1       0.4526572736E+02      45   29    1       0.2314546677E+05      0.5883737607E+06      0.2043722708E+03      0.4526572736E+02
          0                 2           4            52    7     1      -0.3908510100E+01      45   29    1      -0.2314546712E+04      0.5887010941E+05      0.5883737607E+06     -0.3908510100E+01
          0                 3           3            52    7     1      -0.1954204135E+00      59   94    1      -0.1167914397E+03      0.2945698716E+04      0.5887010941E+05     -0.1954204135E+00
          0                 4           3            52    7     1      -0.9769164321E-02      59   94    1      -0.5839754471E+01      0.1472556986E+03      0.2945698716E+04     -0.9769164321E-02

    ------------------------------------------------
       NWT REQUIRED            4 OUTER ITERATIONS 
       AND A TOTAL OF         14 INNER ITERATIONS.
    ------------------------------------------------

 NO OUTPUT CONTROL FOR STRESS PERIOD    1   TIME STEP   67
 
 SOLVING FOR HEAD 
                                                   Max.-Head-Change                        Max.-Flux-Residual
  Residual-Control   Outer-Iter.   Inner-Iter.     Column Row Layer    Max.-Head-Change    Column Row Layer    Max.-Flux-Residual            L2-New               L2-Old           Solver-Max-Delh
          0                 1           4            46    7     1       0.3292339905E+02      45   29    1       0.1859119733E+05      0.4786765714E+06      0.1472556986E+03      0.3292339905E+02
          0                 2           3            46    7     1      -0.2843206444E+01      49   93    1       0.3598744019E+04      0.4801934240E+05      0.4786765714E+06     -0.2843206444E+01
          0                 3           3            46    7     1      -0.1421552445E+00      49   93    1      -0.2901113055E+03      0.2421222056E+04      0.4801934240E+05     -0.1421552445E+00
          0                 4           3            46    7     1      -0.7106411803E-02      49   93    1      -0.1450579051E+02      0.1210374443E+03      0.2421222056E+04     -0.7106411803E-02

    ------------------------------------------------
       NWT REQUIRED            4 OUTER ITERATIONS 
       AND A TOTAL OF         13 INNER ITERATIONS.
    ------------------------------------------------

 NO OUTPUT CONTROL FOR STRESS PERIOD    1   TIME STEP   68
 
 SOLVING FOR HEAD 
                                                   Max.-Head-Change                        Max.-Flux-Residual
  Residual-Control   Outer-Iter.   Inner-Iter.     Column Row Layer    Max.-Head-Change    Column Row Layer    Max.-Flux-Residual            L2-New               L2-Old           Solver-Max-Delh
          0                 1           4            41    7     1       0.2679010994E+02      31    9    1       0.1634463711E+05      0.3866301990E+06      0.1210374443E+03      0.2679010994E+02
          0                 2           3            41    7     1      -0.2313044974E+01      33   12    1      -0.1642464986E+04      0.3869653628E+05      0.3866301990E+06     -0.2313044974E+01
          0                 3           3            41    7     1      -0.1156535721E+00      33   12    1      -0.8212319009E+02      0.1934939023E+04      0.3869653628E+05     -0.1156535721E+00
          0                 4           3            41    7     1      -0.5781579933E-02      33   12    1      -0.4105335310E+01      0.9672764078E+02      0.1934939023E+04     -0.5781579933E-02

    ------------------------------------------------
       NWT REQUIRED            4 OUTER ITERATIONS 
       AND A TOTAL OF         13 INNER ITERATIONS.
    ------------------------------------------------

 NO OUTPUT CONTROL FOR STRESS PERIOD    1   TIME STEP   69
 
 SOLVING FOR HEAD 
                                                   Max.-Head-Change                        Max.-Flux-Residual
  Residual-Control   Outer-Iter.   Inner-Iter.     Column Row Layer    Max.-Head-Change    Column Row Layer    Max.-Flux-Residual            L2-New               L2-Old           Solver-Max-Delh
          0                 1           4            40    7     1       0.2220597925E+02      31    9    1       0.1482610466E+05      0.3094192015E+06      0.9672764078E+02      0.2220597925E+02
          0                 2           3            40    7     1      -0.1917575230E+01      36   17    1      -0.1606192046E+04      0.3098707255E+05      0.3094192015E+06     -0.1917575230E+01
          0                 3           3            40    7     1      -0.9587382279E-01      36   17    1      -0.8030956158E+02      0.1550213386E+04      0.3098707255E+05     -0.9587382279E-01

    ------------------------------------------------
       NWT REQUIRED            3 OUTER ITERATIONS 
       AND A TOTAL OF         10 INNER ITERATIONS.
    ------------------------------------------------

 NO OUTPUT CONTROL FOR STRESS PERIOD    1   TIME STEP   70
 
 SOLVING FOR HEAD 
                                                   Max.-Head-Change                        Max.-Flux-Residual
  Residual-Control   Outer-Iter.   Inner-Iter.     Column Row Layer    Max.-Head-Change    Column Row Layer    Max.-Flux-Residual            L2-New               L2-Old           Solver-Max-Delh
          0                 1           4            32    9     1       0.1807404924E+02      31    9    1       0.1314237842E+05      0.2452620613E+06      0.7749511056E+02      0.1807404924E+02
          0                 2           3            32    9     1      -0.1560766961E+01      31    9    1      -0.1314237861E+04      0.2453373772E+05      0.2452620613E+06     -0.1560766961E+01
          0                 3           3            32    9     1      -0.7803759597E-01      31    9    1      -0.6571185977E+02      0.1226689488E+04      0.2453373772E+05     -0.7803759597E-01

    ------------------------------------------------
       NWT REQUIRED            3 OUTER ITERATIONS 
       AND A TOTAL OF         10 INNER ITERATIONS.
    ------------------------------------------------

 NO OUTPUT CONTROL FOR STRESS PERIOD    1   TIME STEP   71
 
 SOLVING FOR HEAD 
                                                   Max.-Head-Change                        Max.-Flux-Residual
  Residual-Control   Outer-Iter.   Inner-Iter.     Column Row Layer    Max.-Head-Change    Column Row Layer    Max.-Flux-Residual            L2-New               L2-Old           Solver-Max-Delh
          0                 1           4            29    9     1       0.1532576092E+02      29    9    1       0.1139980510E+05      0.1933042209E+06      0.6132218463E+02      0.1532576092E+02
          0                 2           3            29    9     1      -0.1324004856E+01      28    9    1      -0.1149004974E+04      0.1937531244E+05      0.1933042209E+06     -0.1324004856E+01
          0                 3           3            29    9     1      -0.6620475015E-01      59   97    1       0.1606162697E+03      0.9838684481E+03      0.1937531244E+05     -0.6620475015E-01

    ------------------------------------------------
       NWT REQUIRED            3 OUTER ITERATIONS 
       AND A TOTAL OF         10 INNER ITERATIONS.
    ------------------------------------------------

 NO OUTPUT CONTROL FOR STRESS PERIOD    1   TIME STEP   72
 
 SOLVING FOR HEAD 
                                                   Max.-Head-Change                        Max.-Flux-Residual
  Residual-Control   Outer-Iter.   Inner-Iter.     Column Row Layer    Max.-Head-Change    Column Row Layer    Max.-Flux-Residual            L2-New               L2-Old           Solver-Max-Delh
          0                 1           4            29    9     1       0.1287667626E+02      28    9    1       0.9784640566E+04      0.1534799138E+06      0.4918530388E+02      0.1287667626E+02
          0                 2           3            29    9     1      -0.1112166403E+01      49   94    1       0.1618942640E+04      0.1554986895E+05      0.1534799138E+06     -0.1112166403E+01
          0                 3           3            29    9     1      -0.5560951970E-01      49   94    1       0.7876209950E+02      0.7774029865E+03      0.1554986895E+05     -0.5560951970E-01

    ------------------------------------------------
       NWT REQUIRED            3 OUTER ITERATIONS 
       AND A TOTAL OF         10 INNER ITERATIONS.
    ------------------------------------------------

 NO OUTPUT CONTROL FOR STRESS PERIOD    1   TIME STEP   73
 
 SOLVING FOR HEAD 
                                                   Max.-Head-Change                        Max.-Flux-Residual
  Residual-Control   Outer-Iter.   Inner-Iter.     Column Row Layer    Max.-Head-Change    Column Row Layer    Max.-Flux-Residual            L2-New               L2-Old           Solver-Max-Delh
          0                 1           4            29    9     1       0.1094630571E+02      28    9    1       0.8226596928E+04      0.1256688203E+06      0.3886163061E+02      0.1094630571E+02
          0                 2           3            29    9     1      -0.9453378862E+00      28    9    1      -0.8226597052E+03      0.1257427558E+05      0.1256688203E+06     -0.9453378862E+00
          0                 3           3            29    9     1      -0.4726734525E-01      28    9    1      -0.4113296298E+02      0.6287082342E+03      0.1257427558E+05     -0.4726734525E-01

    ------------------------------------------------
       NWT REQUIRED            3 OUTER ITERATIONS 
       AND A TOTAL OF         10 INNER ITERATIONS.
    ------------------------------------------------

 NO OUTPUT CONTROL FOR STRESS PERIOD    1   TIME STEP   74
 
 SOLVING FOR HEAD 
                                                   Max.-Head-Change                        Max.-Flux-Residual
  Residual-Control   Outer-Iter.   Inner-Iter.     Column Row Layer    Max.-Head-Change    Column Row Layer    Max.-Flux-Residual            L2-New               L2-Old           Solver-Max-Delh
          0                 1           4            44   84     1      -0.1080005068E+02      32   10    1       0.7369450666E+04      0.1068189506E+06      0.3142910423E+02     -0.1080005068E+02
          0                 2           3            44   84     1       0.9365725297E+00      49   93    1       0.2694613072E+04      0.1117372921E+05      0.1068189506E+06      0.9365725297E+00
          0                 3           3            44   84     1       0.4682459102E-01      49   93    1       0.1288919735E+03      0.5572661794E+03      0.1117372921E+05      0.4682459102E-01

    ------------------------------------------------
       NWT REQUIRED            3 OUTER ITERATIONS 
       AND A TOTAL OF         10 INNER ITERATIONS.
    ------------------------------------------------

 NO OUTPUT CONTROL FOR STRESS PERIOD    1   TIME STEP   75
 
 SOLVING FOR HEAD 
                                                   Max.-Head-Change                        Max.-Flux-Residual
  Residual-Control   Outer-Iter.   Inner-Iter.     Column Row Layer    Max.-Head-Change    Column Row Layer    Max.-Flux-Residual            L2-New               L2-Old           Solver-Max-Delh
          0                 1           4            44   84     1      -0.1038211801E+02      29    9    1       0.6035022626E+04      0.8825925307E+05      0.2785432815E+02     -0.1038211801E+02
          0                 2           3            44   84     1       0.8967359513E+00      59   92    1       0.1318853002E+04      0.8998721835E+04      0.8825925307E+05      0.8967359513E+00
          0                 3           3            44   84     1       0.4485677343E-01      58   92    1       0.1863042997E+03      0.4868422558E+03      0.8998721835E+04      0.4485677343E-01

    ------------------------------------------------
       NWT REQUIRED            3 OUTER ITERATIONS 
       AND A TOTAL OF         10 INNER ITERATIONS.
    ------------------------------------------------

 NO OUTPUT CONTROL FOR STRESS PERIOD    1   TIME STEP   76
 
 SOLVING FOR HEAD 
                                                   Max.-Head-Change                        Max.-Flux-Residual
  Residual-Control   Outer-Iter.   Inner-Iter.     Column Row Layer    Max.-Head-Change    Column Row Layer    Max.-Flux-Residual            L2-New               L2-Old           Solver-Max-Delh
          0                 1           4            54   12     1      -0.1138464093E+02      29    9    1       0.4875776617E+04      0.8749380524E+05      0.4868422558E+03     -0.1138464093E+02
          0                 2           3            54   12     1       0.9838283461E+00      58   90    1       0.1243709281E+04      0.9066392814E+04      0.8749380524E+05      0.9838283461E+00
          0                 3           3            54   12     1       0.4919190768E-01      58   90    1       0.6141176514E+02      0.4529799528E+03      0.9066392814E+04      0.4919190768E-01

    ------------------------------------------------
       NWT REQUIRED            3 OUTER ITERATIONS 
       AND A TOTAL OF         10 INNER ITERATIONS.
    ------------------------------------------------

 NO OUTPUT CONTROL FOR STRESS PERIOD    1   TIME STEP   77
 
 SOLVING FOR HEAD 
                                                   Max.-Head-Change                        Max.-Flux-Residual
  Residual-Control   Outer-Iter.   Inner-Iter.     Column Row Layer    Max.-Head-Change    Column Row Layer    Max.-Flux-Residual            L2-New               L2-Old           Solver-Max-Delh
          0                 1           4            54   12     1      -0.1390866334E+02      53   20    1      -0.5176450848E+04      0.9698658624E+05      0.4529799528E+03     -0.1390866334E+02
          0                 2           3            54   12     1       0.1199340423E+01      49   91    1       0.1700828856E+04      0.9934685664E+04      0.9698658624E+05      0.1199340423E+01
          0                 3           3            54   12     1       0.5996759365E-01      49   91    1       0.8267497566E+02      0.4961268669E+03      0.9934685664E+04      0.5996759365E-01

    ------------------------------------------------
       NWT REQUIRED            3 OUTER ITERATIONS 
       AND A TOTAL OF         10 INNER ITERATIONS.
    ------------------------------------------------

 NO OUTPUT CONTROL FOR STRESS PERIOD    1   TIME STEP   78
 
 SOLVING FOR HEAD 
                                                   Max.-Head-Change                        Max.-Flux-Residual
  Residual-Control   Outer-Iter.   Inner-Iter.     Column Row Layer    Max.-Head-Change    Column Row Layer    Max.-Flux-Residual            L2-New               L2-Old           Solver-Max-Delh
          0                 1           4            54   12     1      -0.1495944873E+02      53   20    1      -0.5566819785E+04      0.1089159310E+06      0.4961268669E+03     -0.1495944873E+02
          0                 2           3            54   12     1       0.1291954811E+01      48   91    1       0.3612298146E+04      0.1269623365E+05      0.1089159310E+06      0.1291954811E+01
          0                 3           3            54   12     1       0.6459837961E-01      48   91    1       0.1710857349E+03      0.6268848944E+03      0.1269623365E+05      0.6459837961E-01

    ------------------------------------------------
       NWT REQUIRED            3 OUTER ITERATIONS 
       AND A TOTAL OF         10 INNER ITERATIONS.
    ------------------------------------------------

 NO OUTPUT CONTROL FOR STRESS PERIOD    1   TIME STEP   79
 
 SOLVING FOR HEAD 
                                                   Max.-Head-Change                        Max.-Flux-Residual
  Residual-Control   Outer-Iter.   Inner-Iter.     Column Row Layer    Max.-Head-Change    Column Row Layer    Max.-Flux-Residual            L2-New               L2-Old           Solver-Max-Delh
          0                 1           4            54   12     1      -0.1644490707E+02      53   20    1      -0.6049925581E+04      0.1237228914E+06      0.3132087541E+02     -0.1644490707E+02
          0                 2           3            54   12     1       0.1420345344E+01      48   73    1       0.1984892321E+04      0.1270523148E+05      0.1237228914E+06      0.1420345344E+01
          0                 3           3            54   12     1       0.7101803563E-01      48   73    1       0.9603063791E+02      0.6345886823E+03      0.1270523148E+05      0.7101803563E-01

    ------------------------------------------------
       NWT REQUIRED            3 OUTER ITERATIONS 
       AND A TOTAL OF         10 INNER ITERATIONS.
    ------------------------------------------------

 NO OUTPUT CONTROL FOR STRESS PERIOD    1   TIME STEP   80
 
 SOLVING FOR HEAD 
                                                   Max.-Head-Change                        Max.-Flux-Residual
  Residual-Control   Outer-Iter.   Inner-Iter.     Column Row Layer    Max.-Head-Change    Column Row Layer    Max.-Flux-Residual            L2-New               L2-Old           Solver-Max-Delh
          0                 1           4            54   12     1      -0.1726997400E+02      45   27    1      -0.6522390334E+04      0.1374933338E+06      0.3172145051E+02     -0.1726997400E+02
          0                 2           3            54   12     1       0.1491530028E+01      48   76    1       0.3299902279E+04      0.1548319743E+05      0.1374933338E+06      0.1491530028E+01
          0                 3           3            54   12     1       0.7457724685E-01      48   76    1       0.1563364274E+03      0.7678788142E+03      0.1548319743E+05      0.7457724685E-01

    ------------------------------------------------
       NWT REQUIRED            3 OUTER ITERATIONS 
       AND A TOTAL OF         10 INNER ITERATIONS.
    ------------------------------------------------

 NO OUTPUT CONTROL FOR STRESS PERIOD    1   TIME STEP   81
 
 SOLVING FOR HEAD 
                                                   Max.-Head-Change                        Max.-Flux-Residual
  Residual-Control   Outer-Iter.   Inner-Iter.     Column Row Layer    Max.-Head-Change    Column Row Layer    Max.-Flux-Residual            L2-New               L2-Old           Solver-Max-Delh
          0                 1           4            54   12     1      -0.1774053508E+02      45   27    1      -0.7053227687E+04      0.1497875330E+06      0.3837214635E+02     -0.1774053508E+02
          0                 2           3            54   12     1       0.1532137531E+01      50   78    1       0.3659283483E+04      0.1615790941E+05      0.1497875330E+06      0.1532137531E+01
          0                 3           3            47   79     1       0.1919815346E+00      47   79    1       0.4422021206E+03      0.9169587664E+03      0.1615790941E+05      0.1919815346E+00
          0                 4           3            48   78     1       0.1369998405E-01      48   78    1       0.4466145897E+02      0.6396896874E+02      0.9169587664E+03      0.1369998405E-01

    ------------------------------------------------
       NWT REQUIRED            4 OUTER ITERATIONS 
       AND A TOTAL OF         13 INNER ITERATIONS.
    ------------------------------------------------

 NO OUTPUT CONTROL FOR STRESS PERIOD    1   TIME STEP   82
 
 SOLVING FOR HEAD 
                                                   Max.-Head-Change                        Max.-Flux-Residual
  Residual-Control   Outer-Iter.   Inner-Iter.     Column Row Layer    Max.-Head-Change    Column Row Layer    Max.-Flux-Residual            L2-New               L2-Old           Solver-Max-Delh
          0                 1           4            54   12     1      -0.1797209887E+02      45   27    1      -0.7452243847E+04      0.1604524401E+06      0.6396896874E+02     -0.1797209887E+02
          0                 2           3            54   12     1       0.1552135775E+01      47   79    1       0.5077677152E+04      0.1846197161E+05      0.1604524401E+06      0.1552135775E+01
          0                 3           3            48   75     1       0.1448552007E+00      48   75    1       0.6141139961E+03      0.1110947088E+04      0.1846197161E+05      0.1448552007E+00
          0                 4           2            48   75     1       0.7219688289E-02      48   75    1       0.3060513196E+02      0.5544470848E+02      0.1110947088E+04      0.7219688289E-02

    ------------------------------------------------
       NWT REQUIRED            4 OUTER ITERATIONS 
       AND A TOTAL OF         12 INNER ITERATIONS.
    ------------------------------------------------

 NO OUTPUT CONTROL FOR STRESS PERIOD    1   TIME STEP   83
 
 SOLVING FOR HEAD 
                                                   Max.-Head-Change                        Max.-Flux-Residual
  Residual-Control   Outer-Iter.   Inner-Iter.     Column Row Layer    Max.-Head-Change    Column Row Layer    Max.-Flux-Residual            L2-New               L2-Old           Solver-Max-Delh
          0                 1           4            54   12     1      -0.1803049768E+02      45   27    1      -0.7743010939E+04      0.1693510943E+06      0.5544470848E+02     -0.1803049768E+02
          0                 2           3            54   12     1       0.1557865927E+01      50   71    1       0.3090580239E+04      0.1819014696E+05      0.1693510943E+06      0.1557865927E+01
          0                 3           3            46   89     1       0.1825134224E+00      46   89    1       0.4371837756E+03      0.1086848983E+04      0.1819014696E+05      0.1825134224E+00
          0                 4           3            48   67     1       0.1136054199E-01      48   67    1       0.3528764438E+02      0.6458663812E+02      0.1086848983E+04      0.1136054199E-01

    ------------------------------------------------
       NWT REQUIRED            4 OUTER ITERATIONS 
       AND A TOTAL OF         13 INNER ITERATIONS.
    ------------------------------------------------

 NO OUTPUT CONTROL FOR STRESS PERIOD    1   TIME STEP   84
 
 SOLVING FOR HEAD 
                                                   Max.-Head-Change                        Max.-Flux-Residual
  Residual-Control   Outer-Iter.   Inner-Iter.     Column Row Layer    Max.-Head-Change    Column Row Layer    Max.-Flux-Residual            L2-New               L2-Old           Solver-Max-Delh
          0                 1           4            53   12     1       0.1594715106E+02      14   18    1       0.1335078908E+05      0.1626785301E+06      0.6458663812E+02      0.1594715106E+02
          0                 2           3            53   12     1      -0.1358973223E+01      48   79    1       0.2842783122E+04      0.1747472768E+05      0.1626785301E+06     -0.1358973223E+01
          0                 3           3            49   79     1       0.8050075465E-01      49   79    1       0.3737825241E+03      0.1002241553E+04      0.1747472768E+05      0.8050075465E-01

    ------------------------------------------------
       NWT REQUIRED            3 OUTER ITERATIONS 
       AND A TOTAL OF         10 INNER ITERATIONS.
    ------------------------------------------------

 NO OUTPUT CONTROL FOR STRESS PERIOD    1   TIME STEP   85
 
 SOLVING FOR HEAD 
                                                   Max.-Head-Change                        Max.-Flux-Residual
  Residual-Control   Outer-Iter.   Inner-Iter.     Column Row Layer    Max.-Head-Change    Column Row Layer    Max.-Flux-Residual            L2-New               L2-Old           Solver-Max-Delh
          0                 1           4             1    3     1       0.8189306271E+01      20    5    1       0.4694679924E+04      0.9205170247E+05      0.5006930778E+02      0.8189306271E+01
          0                 2           3            45   86     1       0.8428719048E+00      45   86    1       0.3380731510E+04      0.1127941770E+05      0.9205170247E+05      0.8428719048E+00
          0                 3           3            45   86     1       0.4105624020E-01      45   86    1       0.1618557955E+03      0.5614649934E+03      0.1127941770E+05      0.4105624020E-01

    ------------------------------------------------
       NWT REQUIRED            3 OUTER ITERATIONS 
       AND A TOTAL OF         10 INNER ITERATIONS.
    ------------------------------------------------

 NO OUTPUT CONTROL FOR STRESS PERIOD    1   TIME STEP   86
 
 SOLVING FOR HEAD 
                                                   Max.-Head-Change                        Max.-Flux-Residual
  Residual-Control   Outer-Iter.   Inner-Iter.     Column Row Layer    Max.-Head-Change    Column Row Layer    Max.-Flux-Residual            L2-New               L2-Old           Solver-Max-Delh
          0                 1           4             8    1     1       0.5858729906E+01      64   35    1      -0.3913750976E+04      0.8751392825E+05      0.2805457820E+02      0.5858729906E+01
          0                 2           3             8    1     1      -0.5059779843E+00      51   77    1       0.1692856226E+04      0.9664288618E+04      0.8751392825E+05     -0.5059779843E+00
          0                 3           3            58   84     1       0.9262598949E-01      58   84    1       0.8769884070E+03      0.1003911194E+04      0.9664288618E+04      0.9262598949E-01

    ------------------------------------------------
       NWT REQUIRED            3 OUTER ITERATIONS 
       AND A TOTAL OF         10 INNER ITERATIONS.
    ------------------------------------------------

 NO OUTPUT CONTROL FOR STRESS PERIOD    1   TIME STEP   87
 
 SOLVING FOR HEAD 
                                                   Max.-Head-Change                        Max.-Flux-Residual
  Residual-Control   Outer-Iter.   Inner-Iter.     Column Row Layer    Max.-Head-Change    Column Row Layer    Max.-Flux-Residual            L2-New               L2-Old           Solver-Max-Delh
          0                 1           4            53   12     1      -0.9049134234E+01      64   35    1      -0.4130760529E+04      0.9536161435E+05      0.5015228645E+02     -0.9049134234E+01
          0                 2           3            53   12     1       0.7819973383E+00      46   86    1       0.1808492038E+04      0.1048202115E+05      0.9536161435E+05      0.7819973383E+00
          0                 3           3            49   68     1       0.4482650926E-01      49   68    1       0.2329856525E+03      0.5999855643E+03      0.1048202115E+05      0.4482650926E-01

    ------------------------------------------------
       NWT REQUIRED            3 OUTER ITERATIONS 
       AND A TOTAL OF         10 INNER ITERATIONS.
    ------------------------------------------------

 NO OUTPUT CONTROL FOR STRESS PERIOD    1   TIME STEP   88
 
 SOLVING FOR HEAD 
                                                   Max.-Head-Change                        Max.-Flux-Residual
  Residual-Control   Outer-Iter.   Inner-Iter.     Column Row Layer    Max.-Head-Change    Column Row Layer    Max.-Flux-Residual            L2-New               L2-Old           Solver-Max-Delh
          0                 1           4            54   12     1      -0.1150411689E+02      51   27    1      -0.4556270272E+04      0.1074112436E+06      0.2998069392E+02     -0.1150411689E+02
          0                 2           3            54   12     1       0.9941140285E+00      44   84    1       0.1912207049E+04      0.1217468379E+05      0.1074112436E+06      0.9941140285E+00
          0                 3           3            50   67     1       0.7053847909E-01      50   67    1       0.3446982525E+03      0.8032437805E+03      0.1217468379E+05      0.7053847909E-01

    ------------------------------------------------
       NWT REQUIRED            3 OUTER ITERATIONS 
       AND A TOTAL OF         10 INNER ITERATIONS.
    ------------------------------------------------

 NO OUTPUT CONTROL FOR STRESS PERIOD    1   TIME STEP   89
 
 SOLVING FOR HEAD 
                                                   Max.-Head-Change                        Max.-Flux-Residual
  Residual-Control   Outer-Iter.   Inner-Iter.     Column Row Layer    Max.-Head-Change    Column Row Layer    Max.-Flux-Residual            L2-New               L2-Old           Solver-Max-Delh
          0                 1           4            54   12     1      -0.1312001623E+02      45   27    1      -0.5119829178E+04      0.1199208555E+06      0.4011800477E+02     -0.1312001623E+02
          0                 2           3            54   12     1       0.1133984003E+01      51   68    1       0.1674711096E+04      0.1245655592E+05      0.1199208555E+06      0.1133984003E+01
          0                 3           3            54   12     1       0.5669975293E-01      62   78    1       0.1432394006E+03      0.6394903096E+03      0.1245655592E+05      0.5669975293E-01

    ------------------------------------------------
       NWT REQUIRED            3 OUTER ITERATIONS 
       AND A TOTAL OF         10 INNER ITERATIONS.
    ------------------------------------------------

 NO OUTPUT CONTROL FOR STRESS PERIOD    1   TIME STEP   90
 
 SOLVING FOR HEAD 
                                                   Max.-Head-Change                        Max.-Flux-Residual
  Residual-Control   Outer-Iter.   Inner-Iter.     Column Row Layer    Max.-Head-Change    Column Row Layer    Max.-Flux-Residual            L2-New               L2-Old           Solver-Max-Delh
          0                 1           4            54   12     1      -0.1417066500E+02      45   27    1      -0.5704610977E+04      0.1315380757E+06      0.3196661397E+02     -0.1417066500E+02
          0                 2           3            54   12     1       0.1223884659E+01      51   73    1       0.1574334906E+04      0.1368260561E+05      0.1315380757E+06      0.1223884659E+01
          0                 3           3            54   12     1       0.6119476375E-01      51   73    1       0.7744576717E+02      0.6876304746E+03      0.1368260561E+05      0.6119476375E-01

    ------------------------------------------------
       NWT REQUIRED            3 OUTER ITERATIONS 
       AND A TOTAL OF         10 INNER ITERATIONS.
    ------------------------------------------------

 NO OUTPUT CONTROL FOR STRESS PERIOD    1   TIME STEP   91
 
 SOLVING FOR HEAD 
                                                   Max.-Head-Change                        Max.-Flux-Residual
  Residual-Control   Outer-Iter.   Inner-Iter.     Column Row Layer    Max.-Head-Change    Column Row Layer    Max.-Flux-Residual            L2-New               L2-Old           Solver-Max-Delh
          0                 1           4            54   12     1      -0.1482782353E+02      45   27    1      -0.6163007349E+04      0.1417538464E+06      0.3437525195E+02     -0.1482782353E+02
          0                 2           3            54   12     1       0.1281827156E+01      64   77    1      -0.4032619596E+04      0.1481966455E+05      0.1417538464E+06      0.1281827156E+01
          0                 3           3            54   12     1       0.6409199939E-01      64   77    1       0.3970756902E+03      0.8879600340E+03      0.1481966455E+05      0.6409199939E-01

    ------------------------------------------------
       NWT REQUIRED            3 OUTER ITERATIONS 
       AND A TOTAL OF         10 INNER ITERATIONS.
    ------------------------------------------------

 NO OUTPUT CONTROL FOR STRESS PERIOD    1   TIME STEP   92
 
 SOLVING FOR HEAD 
                                                   Max.-Head-Change                        Max.-Flux-Residual
  Residual-Control   Outer-Iter.   Inner-Iter.     Column Row Layer    Max.-Head-Change    Column Row Layer    Max.-Flux-Residual            L2-New               L2-Old           Solver-Max-Delh
          0                 1           4            54   12     1      -0.1519178028E+02      45   27    1      -0.6512624271E+04      0.1504682454E+06      0.4435142848E+02     -0.1519178028E+02
          0                 2           3            54   12     1       0.1312626239E+01      48   64    1       0.1947374813E+04      0.1546524897E+05      0.1504682454E+06      0.1312626239E+01
          0                 3           3            54   12     1       0.6563196876E-01      48   64    1       0.9533552639E+02      0.7725811025E+03      0.1546524897E+05      0.6563196876E-01

    ------------------------------------------------
       NWT REQUIRED            3 OUTER ITERATIONS 
       AND A TOTAL OF         10 INNER ITERATIONS.
    ------------------------------------------------

 NO OUTPUT CONTROL FOR STRESS PERIOD    1   TIME STEP   93
 
 SOLVING FOR HEAD 
                                                   Max.-Head-Change                        Max.-Flux-Residual
  Residual-Control   Outer-Iter.   Inner-Iter.     Column Row Layer    Max.-Head-Change    Column Row Layer    Max.-Flux-Residual            L2-New               L2-Old           Solver-Max-Delh
          0                 1           4            54   12     1      -0.1535560591E+02      45   27    1      -0.6770327209E+04      0.1577262990E+06      0.3861968407E+02     -0.1535560591E+02
          0                 2           3            53   12     1       0.1341977181E+01      46   63    1       0.1344419864E+04      0.1592814116E+05      0.1577262990E+06      0.1341977181E+01
          0                 3           3            53   12     1       0.6709953083E-01      53   70    1       0.7438168647E+02      0.7996759791E+03      0.1592814116E+05      0.6709953083E-01

    ------------------------------------------------
       NWT REQUIRED            3 OUTER ITERATIONS 
       AND A TOTAL OF         10 INNER ITERATIONS.
    ------------------------------------------------

 NO OUTPUT CONTROL FOR STRESS PERIOD    1   TIME STEP   94
 
 SOLVING FOR HEAD 
                                                   Max.-Head-Change                        Max.-Flux-Residual
  Residual-Control   Outer-Iter.   Inner-Iter.     Column Row Layer    Max.-Head-Change    Column Row Layer    Max.-Flux-Residual            L2-New               L2-Old           Solver-Max-Delh
          0                 1           4            69   23     1      -0.9111422339E+01      51   29    1      -0.6108360419E+04      0.1348331186E+06      0.3997526280E+02     -0.9111422339E+01
          0                 2           3            69   23     1       0.7870988680E+00      50   69    1       0.1607061785E+04      0.1383785940E+05      0.1348331186E+06      0.7870988680E+00
          0                 3           3            69   23     1       0.3935533932E-01      50   69    1       0.7846659231E+02      0.6926633500E+03      0.1383785940E+05      0.3935533932E-01

    ------------------------------------------------
       NWT REQUIRED            3 OUTER ITERATIONS 
       AND A TOTAL OF         10 INNER ITERATIONS.
    ------------------------------------------------

 NO OUTPUT CONTROL FOR STRESS PERIOD    1   TIME STEP   95
 
 SOLVING FOR HEAD 
                                                   Max.-Head-Change                        Max.-Flux-Residual
  Residual-Control   Outer-Iter.   Inner-Iter.     Column Row Layer    Max.-Head-Change    Column Row Layer    Max.-Flux-Residual            L2-New               L2-Old           Solver-Max-Delh
          0                 1           4            67   21     1      -0.9064483673E+01      62   26    1      -0.5352920411E+04      0.1391912356E+06      0.3462489403E+02     -0.9064483673E+01
          0                 2           3            67   21     1       0.7828430350E+00      50   68    1       0.1617781751E+04      0.1408062582E+05      0.1391912356E+06      0.7828430350E+00
          0                 3           3            67   21     1       0.3914254570E-01      50   68    1       0.7931650121E+02      0.7059208680E+03      0.1408062582E+05      0.3914254570E-01

    ------------------------------------------------
       NWT REQUIRED            3 OUTER ITERATIONS 
       AND A TOTAL OF         10 INNER ITERATIONS.
    ------------------------------------------------

 NO OUTPUT CONTROL FOR STRESS PERIOD    1   TIME STEP   96
 
 SOLVING FOR HEAD 
                                                   Max.-Head-Change                        Max.-Flux-Residual
  Residual-Control   Outer-Iter.   Inner-Iter.     Column Row Layer    Max.-Head-Change    Column Row Layer    Max.-Flux-Residual            L2-New               L2-Old           Solver-Max-Delh
          0                 1           4            53   12     1      -0.1089894276E+02      43   27    1      -0.5589629629E+04      0.1466645968E+06      0.3861339546E+02     -0.1089894276E+02
          0                 2           3            53   12     1       0.9413191807E+00      52   91    1      -0.2667699773E+04      0.1510515009E+05      0.1466645968E+06      0.9413191807E+00
          0                 3           3            53   12     1       0.4706643105E-01      52   91    1       0.2636697796E+03      0.7898689021E+03      0.1510515009E+05      0.4706643105E-01

    ------------------------------------------------
       NWT REQUIRED            3 OUTER ITERATIONS 
       AND A TOTAL OF         10 INNER ITERATIONS.
    ------------------------------------------------

 NO OUTPUT CONTROL FOR STRESS PERIOD    1   TIME STEP   97
 
 SOLVING FOR HEAD 
                                                   Max.-Head-Change                        Max.-Flux-Residual
  Residual-Control   Outer-Iter.   Inner-Iter.     Column Row Layer    Max.-Head-Change    Column Row Layer    Max.-Flux-Residual            L2-New               L2-Old           Solver-Max-Delh
          0                 1           4            54   12     1      -0.1225789235E+02      45   27    1      -0.6034965068E+04      0.1531464604E+06      0.3947815190E+02     -0.1225789235E+02
          0                 2           3            54   12     1       0.1062387436E+01      51   89    1       0.8220490736E+03      0.1540152012E+05      0.1531464604E+06      0.1062387436E+01
          0                 3           3            54   12     1       0.5311990736E-01      51   89    1       0.4065256597E+02      0.7700027221E+03      0.1540152012E+05      0.5311990736E-01

    ------------------------------------------------
       NWT REQUIRED            3 OUTER ITERATIONS 
       AND A TOTAL OF         10 INNER ITERATIONS.
    ------------------------------------------------

 NO OUTPUT CONTROL FOR STRESS PERIOD    1   TIME STEP   98
 
 SOLVING FOR HEAD 
                                                   Max.-Head-Change                        Max.-Flux-Residual
  Residual-Control   Outer-Iter.   Inner-Iter.     Column Row Layer    Max.-Head-Change    Column Row Layer    Max.-Flux-Residual            L2-New               L2-Old           Solver-Max-Delh
          0                 1           4            54   12     1      -0.1305488633E+02      45   27    1      -0.6339794371E+04      0.1584422004E+06      0.3849235019E+02     -0.1305488633E+02
          0                 2           3            54   12     1       0.1127743166E+01      45   27    1       0.6339794466E+03      0.1586714530E+05      0.1584422004E+06      0.1127743166E+01
          0                 3           3            54   12     1       0.5638772365E-01      45   27    1       0.3169895818E+02      0.7933298517E+03      0.1586714530E+05      0.5638772365E-01

    ------------------------------------------------
       NWT REQUIRED            3 OUTER ITERATIONS 
       AND A TOTAL OF         10 INNER ITERATIONS.
    ------------------------------------------------

 NO OUTPUT CONTROL FOR STRESS PERIOD    1   TIME STEP   99
 
 SOLVING FOR HEAD 
                                                   Max.-Head-Change                        Max.-Flux-Residual
  Residual-Control   Outer-Iter.   Inner-Iter.     Column Row Layer    Max.-Head-Change    Column Row Layer    Max.-Flux-Residual            L2-New               L2-Old           Solver-Max-Delh
          0                 1           4            69   23     1      -0.8826581691E+01      51   29    1      -0.5551082108E+04      0.1434208315E+06      0.3965847310E+02     -0.8826581691E+01
          0                 2           3            69   23     1       0.7623025112E+00      49   85    1       0.7908146318E+03      0.1439211175E+05      0.1434208315E+06      0.7623025112E+00
          0                 3           3            69   23     1       0.3811550945E-01      52   67    1       0.7322518133E+02      0.7232131361E+03      0.1439211175E+05      0.3811550945E-01

    ------------------------------------------------
       NWT REQUIRED            3 OUTER ITERATIONS 
       AND A TOTAL OF         10 INNER ITERATIONS.
    ------------------------------------------------

 NO OUTPUT CONTROL FOR STRESS PERIOD    1   TIME STEP  100
 
 SOLVING FOR HEAD 
                                                   Max.-Head-Change                        Max.-Flux-Residual
  Residual-Control   Outer-Iter.   Inner-Iter.     Column Row Layer    Max.-Head-Change    Column Row Layer    Max.-Flux-Residual            L2-New               L2-Old           Solver-Max-Delh
          0                 1           4            53   12     1      -0.9879909058E+01      45   27    1      -0.5365796882E+04      0.1477209376E+06      0.3615312982E+02     -0.9879909058E+01
          0                 2           3            53   12     1       0.8610990470E+00      52   67    1       0.1104294182E+04      0.1482396159E+05      0.1477209376E+06      0.8610990470E+00
          0                 3           3            53   12     1       0.4305538451E-01      52   67    1       0.5451274412E+02      0.7414734457E+03      0.1482396159E+05      0.4305538451E-01

    ------------------------------------------------
       NWT REQUIRED            3 OUTER ITERATIONS 
       AND A TOTAL OF         10 INNER ITERATIONS.
    ------------------------------------------------

 NO OUTPUT CONTROL FOR STRESS PERIOD    1   TIME STEP  101
 
 SOLVING FOR HEAD 
                                                   Max.-Head-Change                        Max.-Flux-Residual
  Residual-Control   Outer-Iter.   Inner-Iter.     Column Row Layer    Max.-Head-Change    Column Row Layer    Max.-Flux-Residual            L2-New               L2-Old           Solver-Max-Delh
          0                 1           4            54   12     1      -0.1140673863E+02      45   27    1      -0.5786823961E+04      0.1523724015E+06      0.3706608381E+02     -0.1140673863E+02
          0                 2           3            54   12     1       0.9851305208E+00      51   64    1       0.9670664225E+03      0.1530474148E+05      0.1523724015E+06      0.9851305208E+00
          0                 3           3            54   12     1       0.4925702035E-01      51   64    1       0.4795075881E+02      0.7651831776E+03      0.1530474148E+05      0.4925702035E-01

    ------------------------------------------------
       NWT REQUIRED            3 OUTER ITERATIONS 
       AND A TOTAL OF         10 INNER ITERATIONS.
    ------------------------------------------------

 NO OUTPUT CONTROL FOR STRESS PERIOD    1   TIME STEP  102
 
 SOLVING FOR HEAD 
                                                   Max.-Head-Change                        Max.-Flux-Residual
  Residual-Control   Outer-Iter.   Inner-Iter.     Column Row Layer    Max.-Head-Change    Column Row Layer    Max.-Flux-Residual            L2-New               L2-Old           Solver-Max-Delh
          0                 1           4            54   12     1      -0.1228284695E+02      45   27    1      -0.6053044932E+04      0.1561374673E+06      0.3825135661E+02     -0.1228284695E+02
          0                 2           3            54   12     1       0.1069098020E+01      51   70    1       0.1164252506E+04      0.1571204178E+05      0.1561374673E+06      0.1069098020E+01
          0                 3           3            54   12     1       0.5345547855E-01      51   70    1       0.5739472413E+02      0.7854950060E+03      0.1571204178E+05      0.5345547855E-01

    ------------------------------------------------
       NWT REQUIRED            3 OUTER ITERATIONS 
       AND A TOTAL OF         10 INNER ITERATIONS.
    ------------------------------------------------

 NO OUTPUT CONTROL FOR STRESS PERIOD    1   TIME STEP  103
 
 SOLVING FOR HEAD 
                                                   Max.-Head-Change                        Max.-Flux-Residual
  Residual-Control   Outer-Iter.   Inner-Iter.     Column Row Layer    Max.-Head-Change    Column Row Layer    Max.-Flux-Residual            L2-New               L2-Old           Solver-Max-Delh
          0                 1           4            54   12     1      -0.1274943763E+02      45   27    1      -0.6218221528E+04      0.1590077037E+06      0.3926662157E+02     -0.1274943763E+02
          0                 2           3            54   12     1       0.1102356283E+01      46   27    1       0.6228489571E+03      0.1591889965E+05      0.1590077037E+06      0.1102356283E+01
          0                 3           3            54   12     1       0.5512016289E-01      50   83    1       0.3178418291E+02      0.7965579019E+03      0.1591889965E+05      0.5512016289E-01

    ------------------------------------------------
       NWT REQUIRED            3 OUTER ITERATIONS 
       AND A TOTAL OF         10 INNER ITERATIONS.
    ------------------------------------------------

 NO OUTPUT CONTROL FOR STRESS PERIOD    1   TIME STEP  104
 
 SOLVING FOR HEAD 
                                                   Max.-Head-Change                        Max.-Flux-Residual
  Residual-Control   Outer-Iter.   Inner-Iter.     Column Row Layer    Max.-Head-Change    Column Row Layer    Max.-Flux-Residual            L2-New               L2-Old           Solver-Max-Delh
          0                 1           4            54   12     1      -0.1299116672E+02      45   27    1      -0.6311474282E+04      0.1610618835E+06      0.3981985111E+02     -0.1299116672E+02
          0                 2           3            54   12     1       0.1122432026E+01      48   62    1       0.9853306183E+03      0.1615825435E+05      0.1610618835E+06      0.1122432026E+01
          0                 3           3            54   12     1       0.5612217268E-01      48   62    1       0.4886656495E+02      0.8078665940E+03      0.1615825435E+05      0.5612217268E-01

    ------------------------------------------------
       NWT REQUIRED            3 OUTER ITERATIONS 
       AND A TOTAL OF         10 INNER ITERATIONS.
    ------------------------------------------------

 NO OUTPUT CONTROL FOR STRESS PERIOD    1   TIME STEP  105
 
 SOLVING FOR HEAD 
                                                   Max.-Head-Change                        Max.-Flux-Residual
  Residual-Control   Outer-Iter.   Inner-Iter.     Column Row Layer    Max.-Head-Change    Column Row Layer    Max.-Flux-Residual            L2-New               L2-Old           Solver-Max-Delh
          0                 1           4            54   12     1      -0.1306474453E+02      45   27    1      -0.6350689071E+04      0.1623964543E+06      0.4038511727E+02     -0.1306474453E+02
          0                 2           3            54   12     1       0.1134680456E+01      45   27    1       0.6350689165E+03      0.1623982884E+05      0.1623964543E+06      0.1134680456E+01
          0                 3           3            54   12     1       0.5680939908E-01      53   94    1       0.1025781541E+03      0.8184390219E+03      0.1623982884E+05      0.5680939908E-01

    ------------------------------------------------
       NWT REQUIRED            3 OUTER ITERATIONS 
       AND A TOTAL OF         10 INNER ITERATIONS.
    ------------------------------------------------

 NO OUTPUT CONTROL FOR STRESS PERIOD    1   TIME STEP  106
 
 SOLVING FOR HEAD 
                                                   Max.-Head-Change                        Max.-Flux-Residual
  Residual-Control   Outer-Iter.   Inner-Iter.     Column Row Layer    Max.-Head-Change    Column Row Layer    Max.-Flux-Residual            L2-New               L2-Old           Solver-Max-Delh
          0                 1           4            54   12     1      -0.1300897963E+02      45   27    1      -0.6348514309E+04      0.1630977699E+06      0.1121915922E+03     -0.1300897963E+02
          0                 2           3            53   10     1       0.1126093470E+01      53   94    1      -0.1019115221E+04      0.1638928616E+05      0.1630977699E+06      0.1126093470E+01
          0                 3           3            53   10     1       0.5678544130E-01      53   94    1       0.1015326501E+03      0.8264565801E+03      0.1638928616E+05      0.5678544130E-01

    ------------------------------------------------
       NWT REQUIRED            3 OUTER ITERATIONS 
       AND A TOTAL OF         10 INNER ITERATIONS.
    ------------------------------------------------

 NO OUTPUT CONTROL FOR STRESS PERIOD    1   TIME STEP  107
 
 SOLVING FOR HEAD 
                                                   Max.-Head-Change                        Max.-Flux-Residual
  Residual-Control   Outer-Iter.   Inner-Iter.     Column Row Layer    Max.-Head-Change    Column Row Layer    Max.-Flux-Residual            L2-New               L2-Old           Solver-Max-Delh
          0                 1           4            54   12     1      -0.1287950571E+02      44   26    1      -0.6316762516E+04      0.1632548003E+06      0.4131418219E+02     -0.1287950571E+02
          0                 2           3            54   11     1       0.1121417830E+01      49   63    1       0.9209802799E+03      0.1638407319E+05      0.1632548003E+06      0.1121417830E+01
          0                 3           3            54   11     1       0.5608558664E-01      49   63    1       0.4570053748E+02      0.8191624325E+03      0.1638407319E+05      0.5608558664E-01

    ------------------------------------------------
       NWT REQUIRED            3 OUTER ITERATIONS 
       AND A TOTAL OF         10 INNER ITERATIONS.
    ------------------------------------------------

 NO OUTPUT CONTROL FOR STRESS PERIOD    1   TIME STEP  108
 
 SOLVING FOR HEAD 
                                                   Max.-Head-Change                        Max.-Flux-Residual
  Residual-Control   Outer-Iter.   Inner-Iter.     Column Row Layer    Max.-Head-Change    Column Row Layer    Max.-Flux-Residual            L2-New               L2-Old           Solver-Max-Delh
          0                 1           4            54   12     1      -0.1268216827E+02      44   26    1      -0.6264586593E+04      0.1629447884E+06      0.4094980406E+02     -0.1268216827E+02
          0                 2           3            54   12     1       0.1097274433E+01      45   27    1       0.6257805552E+03      0.1629458531E+05      0.1629447884E+06      0.1097274433E+01
          0                 3           3            54   12     1       0.5486432222E-01      45   27    1       0.3128901422E+02      0.8148420077E+03      0.1629458531E+05      0.5486432222E-01

    ------------------------------------------------
       NWT REQUIRED            3 OUTER ITERATIONS 
       AND A TOTAL OF         10 INNER ITERATIONS.
    ------------------------------------------------

 NO OUTPUT CONTROL FOR STRESS PERIOD    1   TIME STEP  109
 
 SOLVING FOR HEAD 
                                                   Max.-Head-Change                        Max.-Flux-Residual
  Residual-Control   Outer-Iter.   Inner-Iter.     Column Row Layer    Max.-Head-Change    Column Row Layer    Max.-Flux-Residual            L2-New               L2-Old           Solver-Max-Delh
          0                 1           4            54   11     1      -0.1245400375E+02      44   26    1      -0.6193166942E+04      0.1622395215E+06      0.4073392217E+02     -0.1245400375E+02
          0                 2           3            54   11     1       0.1079209828E+01      43   26    1       0.6223742713E+03      0.1623576861E+05      0.1622395215E+06      0.1079209828E+01
          0                 3           3            54   11     1       0.5397202381E-01      43   26    1       0.3111869780E+02      0.8117962797E+03      0.1623576861E+05      0.5397202381E-01

    ------------------------------------------------
       NWT REQUIRED            3 OUTER ITERATIONS 
       AND A TOTAL OF         10 INNER ITERATIONS.
    ------------------------------------------------

 NO OUTPUT CONTROL FOR STRESS PERIOD    1   TIME STEP  110
 
 SOLVING FOR HEAD 
                                                   Max.-Head-Change                        Max.-Flux-Residual
  Residual-Control   Outer-Iter.   Inner-Iter.     Column Row Layer    Max.-Head-Change    Column Row Layer    Max.-Flux-Residual            L2-New               L2-Old           Solver-Max-Delh
          0                 1           4            54   11     1      -0.1219987659E+02      44   26    1      -0.6109026749E+04      0.1611973205E+06      0.4058165468E+02     -0.1219987659E+02
          0                 2           3            54   11     1       0.1054832266E+01      44   26    1       0.6109026838E+03      0.1612789337E+05      0.1611973205E+06      0.1054832266E+01
          0                 3           3            54   11     1       0.5274214235E-01      44   26    1       0.3054512318E+02      0.8069333836E+03      0.1612789337E+05      0.5274214235E-01

    ------------------------------------------------
       NWT REQUIRED            3 OUTER ITERATIONS 
       AND A TOTAL OF         10 INNER ITERATIONS.
    ------------------------------------------------

 NO OUTPUT CONTROL FOR STRESS PERIOD    1   TIME STEP  111
 
 SOLVING FOR HEAD 
                                                   Max.-Head-Change                        Max.-Flux-Residual
  Residual-Control   Outer-Iter.   Inner-Iter.     Column Row Layer    Max.-Head-Change    Column Row Layer    Max.-Flux-Residual            L2-New               L2-Old           Solver-Max-Delh
          0                 1           4            54   11     1      -0.1192767708E+02      44   26    1      -0.6012380336E+04      0.1598709530E+06      0.4033856016E+02     -0.1192767708E+02
          0                 2           3            54   11     1       0.1031377965E+01      34   54    1       0.8846240418E+03      0.1602027146E+05      0.1598709530E+06      0.1031377965E+01
          0                 3           3            54   11     1       0.5156942795E-01      34   54    1       0.4581039762E+02      0.8010975097E+03      0.1602027146E+05      0.5156942795E-01

    ------------------------------------------------
       NWT REQUIRED            3 OUTER ITERATIONS 
       AND A TOTAL OF         10 INNER ITERATIONS.
    ------------------------------------------------

 NO OUTPUT CONTROL FOR STRESS PERIOD    1   TIME STEP  112
 
 SOLVING FOR HEAD 
                                                   Max.-Head-Change                        Max.-Flux-Residual
  Residual-Control   Outer-Iter.   Inner-Iter.     Column Row Layer    Max.-Head-Change    Column Row Layer    Max.-Flux-Residual            L2-New               L2-Old           Solver-Max-Delh
          0                 1           4            54   11     1      -0.1164217456E+02      44   26    1      -0.5906822035E+04      0.1583057410E+06      0.4004677400E+02     -0.1164217456E+02
          0                 2           3            54   11     1       0.1007203333E+01      44   26    1       0.5906822121E+03      0.1584126195E+05      0.1583057410E+06      0.1007203333E+01
          0                 3           3            54   11     1       0.5035975774E-01      44   26    1       0.2953410013E+02      0.7920626237E+03      0.1584126195E+05      0.5035975774E-01

    ------------------------------------------------
       NWT REQUIRED            3 OUTER ITERATIONS 
       AND A TOTAL OF         10 INNER ITERATIONS.
    ------------------------------------------------

 NO OUTPUT CONTROL FOR STRESS PERIOD    1   TIME STEP  113
 
 SOLVING FOR HEAD 
                                                   Max.-Head-Change                        Max.-Flux-Residual
  Residual-Control   Outer-Iter.   Inner-Iter.     Column Row Layer    Max.-Head-Change    Column Row Layer    Max.-Flux-Residual            L2-New               L2-Old           Solver-Max-Delh
          0                 1           4            52    7     1      -0.1136787638E+02      44   26    1      -0.5795376473E+04      0.1565406700E+06      0.3959517682E+02     -0.1136787638E+02
          0                 2           3            52    7     1       0.9824949760E+00      40   22    1       0.5818939506E+03      0.1565695436E+05      0.1565406700E+06      0.9824949760E+00
          0                 3           3            52    7     1       0.4912521573E-01      40   22    1       0.2909468330E+02      0.7828469896E+03      0.1565695436E+05      0.4912521573E-01

    ------------------------------------------------
       NWT REQUIRED            3 OUTER ITERATIONS 
       AND A TOTAL OF         10 INNER ITERATIONS.
    ------------------------------------------------

 NO OUTPUT CONTROL FOR STRESS PERIOD    1   TIME STEP  114
 
 SOLVING FOR HEAD 
                                                   Max.-Head-Change                        Max.-Flux-Residual
  Residual-Control   Outer-Iter.   Inner-Iter.     Column Row Layer    Max.-Head-Change    Column Row Layer    Max.-Flux-Residual            L2-New               L2-Old           Solver-Max-Delh
          0                 1           4            52    7     1      -0.1110254725E+02      44   26    1      -0.5679448891E+04      0.1546098293E+06      0.3913449356E+02     -0.1110254725E+02
          0                 2           3            52    7     1       0.9589712370E+00      39   21    1       0.5705112613E+03      0.1546335818E+05      0.1546098293E+06      0.9589712370E+00
          0                 3           3            52    7     1       0.4795255063E-01      39   21    1       0.2852554910E+02      0.7731736662E+03      0.1546335818E+05      0.4795255063E-01

    ------------------------------------------------
       NWT REQUIRED            3 OUTER ITERATIONS 
       AND A TOTAL OF         10 INNER ITERATIONS.
    ------------------------------------------------

 NO OUTPUT CONTROL FOR STRESS PERIOD    1   TIME STEP  115
 
 SOLVING FOR HEAD 
                                                   Max.-Head-Change                        Max.-Flux-Residual
  Residual-Control   Outer-Iter.   Inner-Iter.     Column Row Layer    Max.-Head-Change    Column Row Layer    Max.-Flux-Residual            L2-New               L2-Old           Solver-Max-Delh
          0                 1           4            52    7     1      -0.1083582488E+02      44   26    1      -0.5560939994E+04      0.1525429385E+06      0.3865092594E+02     -0.1083582488E+02
          0                 2           3            52    7     1       0.9358943512E+00      44   26    1       0.5560940076E+03      0.1525451541E+05      0.1525429385E+06      0.9358943512E+00
          0                 3           3            52    7     1       0.4679518657E-01      44   26    1       0.2780469073E+02      0.7627232264E+03      0.1525451541E+05      0.4679518657E-01

    ------------------------------------------------
       NWT REQUIRED            3 OUTER ITERATIONS 
       AND A TOTAL OF         10 INNER ITERATIONS.
    ------------------------------------------------

 NO OUTPUT CONTROL FOR STRESS PERIOD    1   TIME STEP  116
 
 SOLVING FOR HEAD 
                                                   Max.-Head-Change                        Max.-Flux-Residual
  Residual-Control   Outer-Iter.   Inner-Iter.     Column Row Layer    Max.-Head-Change    Column Row Layer    Max.-Flux-Residual            L2-New               L2-Old           Solver-Max-Delh
          0                 1           4            52    7     1      -0.1056939595E+02      44   26    1      -0.5440669215E+04      0.1503658363E+06      0.3812851002E+02     -0.1056939595E+02
          0                 2           3            52    7     1       0.9129127655E+00      44   26    1       0.5440669294E+03      0.1503677069E+05      0.1503658363E+06      0.9129127655E+00
          0                 3           3            52    7     1       0.4564562537E-01      44   26    1       0.2720333710E+02      0.7518424184E+03      0.1503677069E+05      0.4564562537E-01

    ------------------------------------------------
       NWT REQUIRED            3 OUTER ITERATIONS 
       AND A TOTAL OF         10 INNER ITERATIONS.
    ------------------------------------------------

 NO OUTPUT CONTROL FOR STRESS PERIOD    1   TIME STEP  117
 
 SOLVING FOR HEAD 
                                                   Max.-Head-Change                        Max.-Flux-Residual
  Residual-Control   Outer-Iter.   Inner-Iter.     Column Row Layer    Max.-Head-Change    Column Row Layer    Max.-Flux-Residual            L2-New               L2-Old           Solver-Max-Delh
          0                 1           4            52    7     1      -0.1030437695E+02      44   26    1      -0.5319295979E+04      0.1481014005E+06      0.3758457908E+02     -0.1030437695E+02
          0                 2           3            52    7     1       0.8902409814E+00      44   26    1       0.5319296057E+03      0.1481407105E+05      0.1481014005E+06      0.8902409814E+00
          0                 3           3            52    7     1       0.4451523342E-01      44   26    1       0.2659647120E+02      0.7408719419E+03      0.1481407105E+05      0.4451523342E-01

    ------------------------------------------------
       NWT REQUIRED            3 OUTER ITERATIONS 
       AND A TOTAL OF         10 INNER ITERATIONS.
    ------------------------------------------------

 NO OUTPUT CONTROL FOR STRESS PERIOD    1   TIME STEP  118
 
 SOLVING FOR HEAD 
                                                   Max.-Head-Change                        Max.-Flux-Residual
  Residual-Control   Outer-Iter.   Inner-Iter.     Column Row Layer    Max.-Head-Change    Column Row Layer    Max.-Flux-Residual            L2-New               L2-Old           Solver-Max-Delh
          0                 1           4            41    7     1      -0.7671925586E+01      34   15    1      -0.5087888973E+04      0.1252793476E+06      0.3703616252E+02     -0.7671925586E+01
          0                 2           3            41    7     1       0.6615003862E+00      38   19    1       0.7444109916E+03      0.1255079100E+05      0.1252793476E+06      0.6615003862E+00
          0                 3           3            41    7     1       0.3307505787E-01      38   19    1       0.3722053072E+02      0.6282804334E+03      0.1255079100E+05      0.3307505787E-01

    ------------------------------------------------
       NWT REQUIRED            3 OUTER ITERATIONS 
       AND A TOTAL OF         10 INNER ITERATIONS.
    ------------------------------------------------

 NO OUTPUT CONTROL FOR STRESS PERIOD    1   TIME STEP  119
 
 SOLVING FOR HEAD 
                                                   Max.-Head-Change                        Max.-Flux-Residual
  Residual-Control   Outer-Iter.   Inner-Iter.     Column Row Layer    Max.-Head-Change    Column Row Layer    Max.-Flux-Residual            L2-New               L2-Old           Solver-Max-Delh
          0                 1           4             1    3     1      -0.7033805725E+01      32   11    1      -0.4777911946E+04      0.1185227830E+06      0.3140770625E+02     -0.7033805725E+01
          0                 2           3             1    3     1       0.6074650660E+00      49   62    1       0.6277990296E+03      0.1188241890E+05      0.1185227830E+06      0.6074650660E+00
          0                 3           3             1    3     1       0.3037355729E-01      49   62    1       0.3123343771E+02      0.5941104552E+03      0.1188241890E+05      0.3037355729E-01

    ------------------------------------------------
       NWT REQUIRED            3 OUTER ITERATIONS 
       AND A TOTAL OF         10 INNER ITERATIONS.
    ------------------------------------------------

 NO OUTPUT CONTROL FOR STRESS PERIOD    1   TIME STEP  120
 
 SOLVING FOR HEAD 
                                                   Max.-Head-Change                        Max.-Flux-Residual
  Residual-Control   Outer-Iter.   Inner-Iter.     Column Row Layer    Max.-Head-Change    Column Row Layer    Max.-Flux-Residual            L2-New               L2-Old           Solver-Max-Delh
          0                 1           4             1    3     1      -0.7011376968E+01      32   11    1      -0.4745122307E+04      0.1181258007E+06      0.2969953553E+02     -0.7011376968E+01
          0                 2           3             1    3     1       0.6055280403E+00      32   11    1       0.4745122379E+03      0.1181576900E+05      0.1181258007E+06      0.6055280403E+00
          0                 3           3             1    3     1       0.3027670504E-01      32   11    1       0.2372559484E+02      0.5907898357E+03      0.1181576900E+05      0.3027670504E-01

    ------------------------------------------------
       NWT REQUIRED            3 OUTER ITERATIONS 
       AND A TOTAL OF         10 INNER ITERATIONS.
    ------------------------------------------------

 NO OUTPUT CONTROL FOR STRESS PERIOD    1   TIME STEP  121
 
 SOLVING FOR HEAD 
                                                   Max.-Head-Change                        Max.-Flux-Residual
  Residual-Control   Outer-Iter.   Inner-Iter.     Column Row Layer    Max.-Head-Change    Column Row Layer    Max.-Flux-Residual            L2-New               L2-Old           Solver-Max-Delh
          0                 1           4             1    3     1      -0.6985988196E+01      32   11    1      -0.4624881381E+04      0.1184273720E+06      0.2953356281E+02     -0.6985988196E+01
          0                 2           3             1    3     1       0.6033353721E+00      32   11    1       0.4624881451E+03      0.1185070237E+05      0.1184273720E+06      0.6033353721E+00
          0                 3           3             1    3     1       0.3016707049E-01      32   11    1       0.2312439057E+02      0.5925311655E+03      0.1185070237E+05      0.3016707049E-01

    ------------------------------------------------
       NWT REQUIRED            3 OUTER ITERATIONS 
       AND A TOTAL OF         10 INNER ITERATIONS.
    ------------------------------------------------

 NO OUTPUT CONTROL FOR STRESS PERIOD    1   TIME STEP  122
 
 SOLVING FOR HEAD 
                                                   Max.-Head-Change                        Max.-Flux-Residual
  Residual-Control   Outer-Iter.   Inner-Iter.     Column Row Layer    Max.-Head-Change    Column Row Layer    Max.-Flux-Residual            L2-New               L2-Old           Solver-Max-Delh
          0                 1           4            28    9     1      -0.5928835564E+01      31    9    1      -0.4238287841E+04      0.9242316530E+05      0.2962060945E+02     -0.5928835564E+01
          0                 2           3            28    9     1       0.5120174438E+00      51   11    1      -0.6457084470E+03      0.9313379847E+04      0.9242316530E+05      0.5120174438E+00
          0                 3           3            28    9     1       0.2560108740E-01      51   11    1      -0.3522462779E+02      0.4668406562E+03      0.9313379847E+04      0.2560108740E-01

    ------------------------------------------------
       NWT REQUIRED            3 OUTER ITERATIONS 
       AND A TOTAL OF         10 INNER ITERATIONS.
    ------------------------------------------------

 NO OUTPUT CONTROL FOR STRESS PERIOD    1   TIME STEP  123
 
 SOLVING FOR HEAD 
                                                   Max.-Head-Change                        Max.-Flux-Residual
  Residual-Control   Outer-Iter.   Inner-Iter.     Column Row Layer    Max.-Head-Change    Column Row Layer    Max.-Flux-Residual            L2-New               L2-Old           Solver-Max-Delh
          0                 1           4            20    5     1      -0.5761484683E+01      32   11    1      -0.3988276739E+04      0.8731610183E+05      0.4668406562E+03     -0.5761484683E+01
          0                 2           3            20    5     1       0.4975830592E+00      32   11    1       0.3988276799E+03      0.8738684042E+04      0.8731610183E+05      0.4975830592E+00
          0                 3           3            20    5     1       0.2487940148E-01      51   87    1       0.2896914577E+02      0.4378610559E+03      0.8738684042E+04      0.2487940148E-01

    ------------------------------------------------
       NWT REQUIRED            3 OUTER ITERATIONS 
       AND A TOTAL OF         10 INNER ITERATIONS.
    ------------------------------------------------

 NO OUTPUT CONTROL FOR STRESS PERIOD    1   TIME STEP  124
 
 SOLVING FOR HEAD 
                                                   Max.-Head-Change                        Max.-Flux-Residual
  Residual-Control   Outer-Iter.   Inner-Iter.     Column Row Layer    Max.-Head-Change    Column Row Layer    Max.-Flux-Residual            L2-New               L2-Old           Solver-Max-Delh
          0                 1           4            10    3     1      -0.5717729069E+01      32   11    1      -0.3847950992E+04      0.8999032254E+05      0.4378610559E+03     -0.5717729069E+01
          0                 2           3            10    3     1       0.4938039021E+00      32   11    1       0.3847951050E+03      0.9002577234E+04      0.8999032254E+05      0.4938039021E+00
          0                 3           3            10    3     1       0.2469044214E-01      32   11    1       0.1923974188E+02      0.4501270854E+03      0.9002577234E+04      0.2469044214E-01

    ------------------------------------------------
       NWT REQUIRED            3 OUTER ITERATIONS 
       AND A TOTAL OF         10 INNER ITERATIONS.
    ------------------------------------------------

 NO OUTPUT CONTROL FOR STRESS PERIOD    1   TIME STEP  125
 
 SOLVING FOR HEAD 
                                                   Max.-Head-Change                        Max.-Flux-Residual
  Residual-Control   Outer-Iter.   Inner-Iter.     Column Row Layer    Max.-Head-Change    Column Row Layer    Max.-Flux-Residual            L2-New               L2-Old           Solver-Max-Delh
          0                 1           4             3    2     1      -0.5870898703E+01      32   11    1      -0.3713834982E+04      0.9324293501E+05      0.4501270854E+03     -0.5870898703E+01
          0                 2           3             3    2     1       0.5070321814E+00      32   11    1       0.3713835038E+03      0.9331031369E+04      0.9324293501E+05      0.5070321814E+00
          0                 3           3            54   12     1       0.2535202022E-01      32   11    1       0.1856916200E+02      0.4668014416E+03      0.9331031369E+04      0.2535202022E-01

    ------------------------------------------------
       NWT REQUIRED            3 OUTER ITERATIONS 
       AND A TOTAL OF         10 INNER ITERATIONS.
    ------------------------------------------------

 NO OUTPUT CONTROL FOR STRESS PERIOD    1   TIME STEP  126
 
 SOLVING FOR HEAD 
                                                   Max.-Head-Change                        Max.-Flux-Residual
  Residual-Control   Outer-Iter.   Inner-Iter.     Column Row Layer    Max.-Head-Change    Column Row Layer    Max.-Flux-Residual            L2-New               L2-Old           Solver-Max-Delh
          0                 1           4            53   12     1       0.2934179533E+02      53   20    1       0.1208482069E+05      0.1510765840E+06      0.4668014416E+03      0.2934179533E+02
          0                 2           3            52   12     1      -0.2348301606E+01      52   11    1      -0.2235366926E+04      0.1545190560E+05      0.1510765840E+06     -0.2348301606E+01
          0                 3           3            52   12     1      -0.1175186181E+00      52   11    1      -0.1117682902E+03      0.7806568058E+03      0.1545190560E+05     -0.1175186181E+00
          0                 4           2            52   12     1      -0.5874810509E-02      53   74    1       0.7127516093E+02      0.8119844794E+02      0.7806568058E+03     -0.5874810509E-02

    ------------------------------------------------
       NWT REQUIRED            4 OUTER ITERATIONS 
       AND A TOTAL OF         12 INNER ITERATIONS.
    ------------------------------------------------

 NO OUTPUT CONTROL FOR STRESS PERIOD    1   TIME STEP  127
 
 SOLVING FOR HEAD 
                                                   Max.-Head-Change                        Max.-Flux-Residual
  Residual-Control   Outer-Iter.   Inner-Iter.     Column Row Layer    Max.-Head-Change    Column Row Layer    Max.-Flux-Residual            L2-New               L2-Old           Solver-Max-Delh
          0                 1           4            53   12     1       0.1158811473E+03      53   20    1       0.4273090927E+05      0.7677911493E+06      0.8119844794E+02      0.1158811473E+03
          0                 2           4            53   12     1      -0.1016747909E+02      53   74    1       0.5663840528E+04      0.7803654168E+05      0.7677911493E+06     -0.1016747909E+02
          0                 3           3            53   12     1      -0.5083765972E+00      53   74    1      -0.5688382692E+03      0.4044263912E+04      0.7803654168E+05     -0.5083765972E+00
          0                 4           3            53   12     1      -0.2541400054E-01      53   74    1      -0.2846013087E+02      0.2021769791E+03      0.4044263912E+04     -0.2541400054E-01

    ------------------------------------------------
       NWT REQUIRED            4 OUTER ITERATIONS 
       AND A TOTAL OF         14 INNER ITERATIONS.
    ------------------------------------------------

 NO OUTPUT CONTROL FOR STRESS PERIOD    1   TIME STEP  128
 
 SOLVING FOR HEAD 
                                                   Max.-Head-Change                        Max.-Flux-Residual
  Residual-Control   Outer-Iter.   Inner-Iter.     Column Row Layer    Max.-Head-Change    Column Row Layer    Max.-Flux-Residual            L2-New               L2-Old           Solver-Max-Delh
          0                 1           4            54   11     1       0.6576994797E+02      42   25    1       0.2592664447E+05      0.5741472803E+06      0.2021769791E+03      0.6576994797E+02
          0                 2           3            55   13     1      -0.5669120191E+01      35   53    1       0.3217826111E+04      0.5755295695E+05      0.5741472803E+06     -0.5669120191E+01
          0                 3           3            55   13     1      -0.2834577036E+00      42   25    1      -0.1296331586E+03      0.2876609381E+04      0.5755295695E+05     -0.2834577036E+00
          0                 4           3            55   13     1      -0.1417019253E-01      42   25    1      -0.6480358310E+01      0.1438023011E+03      0.2876609381E+04     -0.1417019253E-01

    ------------------------------------------------
       NWT REQUIRED            4 OUTER ITERATIONS 
       AND A TOTAL OF         13 INNER ITERATIONS.
    ------------------------------------------------

 NO OUTPUT CONTROL FOR STRESS PERIOD    1   TIME STEP  129
 
 SOLVING FOR HEAD 
                                                   Max.-Head-Change                        Max.-Flux-Residual
  Residual-Control   Outer-Iter.   Inner-Iter.     Column Row Layer    Max.-Head-Change    Column Row Layer    Max.-Flux-Residual            L2-New               L2-Old           Solver-Max-Delh
          0                 1           4            52    7     1       0.4791349203E+02      42   25    1       0.2137974264E+05      0.4645644579E+06      0.1438023011E+03      0.4791349203E+02
          0                 2           3            52    7     1      -0.4139090780E+01      35   54    1       0.6467822989E+04      0.4698255781E+05      0.4645644579E+06     -0.4139090780E+01
          0                 3           3            52    7     1      -0.2069566105E+00      35   54    1      -0.6467823085E+03      0.2441866961E+04      0.4698255781E+05     -0.2069566105E+00
          0                 4           3            52    7     1      -0.1034586451E-01      35   54    1      -0.3233909904E+02      0.1220712018E+03      0.2441866961E+04     -0.1034586451E-01

    ------------------------------------------------
       NWT REQUIRED            4 OUTER ITERATIONS 
       AND A TOTAL OF         13 INNER ITERATIONS.
    ------------------------------------------------

 NO OUTPUT CONTROL FOR STRESS PERIOD    1   TIME STEP  130
 
 SOLVING FOR HEAD 
                                                   Max.-Head-Change                        Max.-Flux-Residual
  Residual-Control   Outer-Iter.   Inner-Iter.     Column Row Layer    Max.-Head-Change    Column Row Layer    Max.-Flux-Residual            L2-New               L2-Old           Solver-Max-Delh
          0                 1           4            52    7     1       0.3437473277E+02      45   29    1       0.1714361057E+05      0.3748748894E+06      0.1220712018E+03      0.3437473277E+02
          0                 2           3            52    7     1      -0.2967792001E+01      45   29    1      -0.1714361083E+04      0.3748993842E+05      0.3748748894E+06     -0.2967792001E+01
          0                 3           3            52    7     1      -0.1483910823E+00      45   29    1      -0.8571801207E+02      0.1874510357E+04      0.3748993842E+05     -0.1483910823E+00
          0                 4           3            52    7     1      -0.7418144419E-02      45   29    1      -0.4285041321E+01      0.9370675462E+02      0.1874510357E+04     -0.7418144419E-02

    ------------------------------------------------
       NWT REQUIRED            4 OUTER ITERATIONS 
       AND A TOTAL OF         13 INNER ITERATIONS.
    ------------------------------------------------

 NO OUTPUT CONTROL FOR STRESS PERIOD    1   TIME STEP  131
 
 SOLVING FOR HEAD 
                                                   Max.-Head-Change                        Max.-Flux-Residual
  Residual-Control   Outer-Iter.   Inner-Iter.     Column Row Layer    Max.-Head-Change    Column Row Layer    Max.-Flux-Residual            L2-New               L2-Old           Solver-Max-Delh
          0                 1           4            52    7     1       0.2319043069E+02      45   29    1       0.1372377796E+05      0.2996810395E+06      0.9370675462E+02      0.2319043069E+02
          0                 2           3            52    7     1      -0.2002755189E+01      45   29    1      -0.1372377817E+04      0.2998116253E+05      0.2996810395E+06     -0.2002755189E+01
          0                 3           3            52    7     1      -0.9991275253E-01      45   29    1      -0.6861885744E+02      0.1498699428E+04      0.2998116253E+05     -0.9991275253E-01

    ------------------------------------------------
       NWT REQUIRED            3 OUTER ITERATIONS 
       AND A TOTAL OF         10 INNER ITERATIONS.
    ------------------------------------------------

 NO OUTPUT CONTROL FOR STRESS PERIOD    1   TIME STEP  132
 
 SOLVING FOR HEAD 
                                                   Max.-Head-Change                        Max.-Flux-Residual
  Residual-Control   Outer-Iter.   Inner-Iter.     Column Row Layer    Max.-Head-Change    Column Row Layer    Max.-Flux-Residual            L2-New               L2-Old           Solver-Max-Delh
          0                 1           4            44    7     1       0.1792350302E+02      45   29    1       0.1059642799E+05      0.2361887079E+06      0.7491997199E+02      0.1792350302E+02
          0                 2           3            44    7     1      -0.1547615103E+01      45   29    1      -0.1059642815E+04      0.2362130385E+05      0.2361887079E+06     -0.1547615103E+01
          0                 3           3            44    7     1      -0.7738170929E-01      45   29    1      -0.5298211545E+02      0.1181137243E+04      0.2362130385E+05     -0.7738170929E-01

    ------------------------------------------------
       NWT REQUIRED            3 OUTER ITERATIONS 
       AND A TOTAL OF         10 INNER ITERATIONS.
    ------------------------------------------------

 NO OUTPUT CONTROL FOR STRESS PERIOD    1   TIME STEP  133
 
 SOLVING FOR HEAD 
                                                   Max.-Head-Change                        Max.-Flux-Residual
  Residual-Control   Outer-Iter.   Inner-Iter.     Column Row Layer    Max.-Head-Change    Column Row Layer    Max.-Flux-Residual            L2-New               L2-Old           Solver-Max-Delh
          0                 1           4            41    7     1       0.1399551827E+02      40    7    1       0.8421595118E+04      0.1827170686E+06      0.5904505371E+02      0.1399551827E+02
          0                 2           3            41    7     1      -0.1208829927E+01      40    7    1      -0.8421595244E+03      0.1829395009E+05      0.1827170686E+06     -0.1208829927E+01
          0                 3           3            41    7     1      -0.6043778943E-01      45   62    1      -0.6936225449E+02      0.9179268797E+03      0.1829395009E+05     -0.6043778943E-01

    ------------------------------------------------
       NWT REQUIRED            3 OUTER ITERATIONS 
       AND A TOTAL OF         10 INNER ITERATIONS.
    ------------------------------------------------

 NO OUTPUT CONTROL FOR STRESS PERIOD    1   TIME STEP  134
 
 SOLVING FOR HEAD 
                                                   Max.-Head-Change                        Max.-Flux-Residual
  Residual-Control   Outer-Iter.   Inner-Iter.     Column Row Layer    Max.-Head-Change    Column Row Layer    Max.-Flux-Residual            L2-New               L2-Old           Solver-Max-Delh
          0                 1           4            40    7     1       0.1112337372E+02      31   11    1       0.7486035349E+04      0.1510552706E+06      0.4588722400E+02      0.1112337372E+02
          0                 2           3            40    7     1      -0.9608487337E+00      31   11    1      -0.7486035467E+03      0.1512344216E+05      0.1510552706E+06     -0.9608487337E+00
          0                 3           3            40    7     1      -0.4804291748E-01      31   11    1      -0.3743014661E+02      0.7561781855E+03      0.1512344216E+05     -0.4804291748E-01

    ------------------------------------------------
       NWT REQUIRED            3 OUTER ITERATIONS 
       AND A TOTAL OF         10 INNER ITERATIONS.
    ------------------------------------------------

 NO OUTPUT CONTROL FOR STRESS PERIOD    1   TIME STEP  135
 
 SOLVING FOR HEAD 
                                                   Max.-Head-Change                        Max.-Flux-Residual
  Residual-Control   Outer-Iter.   Inner-Iter.     Column Row Layer    Max.-Head-Change    Column Row Layer    Max.-Flux-Residual            L2-New               L2-Old           Solver-Max-Delh
          0                 1           4            32    9     1       0.8740081162E+01      31    9    1       0.6473252296E+04      0.1120160387E+06      0.3780133530E+02      0.8740081162E+01
          0                 2           3            33    9     1      -0.7553615271E+00      31    9    1      -0.6473252393E+03      0.1121771186E+05      0.1120160387E+06     -0.7553615271E+00
          0                 3           3            33    9     1      -0.3777762621E-01      31    9    1      -0.3236624557E+02      0.5615213456E+03      0.1121771186E+05     -0.3777762621E-01

    ------------------------------------------------
       NWT REQUIRED            3 OUTER ITERATIONS 
       AND A TOTAL OF         10 INNER ITERATIONS.
    ------------------------------------------------

 NO OUTPUT CONTROL FOR STRESS PERIOD    1   TIME STEP  136
 
 SOLVING FOR HEAD 
                                                   Max.-Head-Change                        Max.-Flux-Residual
  Residual-Control   Outer-Iter.   Inner-Iter.     Column Row Layer    Max.-Head-Change    Column Row Layer    Max.-Flux-Residual            L2-New               L2-Old           Solver-Max-Delh
          0                 1           4            54   12     1      -0.8677365771E+01      31    9    1       0.5467495455E+04      0.8299250202E+05      0.2809633819E+02     -0.8677365771E+01
          0                 2           3            54   12     1       0.7468564464E+00      31    9    1      -0.5467495537E+03      0.8322198722E+04      0.8299250202E+05      0.7468564464E+00
          0                 3           3            54   12     1       0.3734205233E-01      57   79    1      -0.1738230244E+03      0.4508795296E+03      0.8322198722E+04      0.3734205233E-01

    ------------------------------------------------
       NWT REQUIRED            3 OUTER ITERATIONS 
       AND A TOTAL OF         10 INNER ITERATIONS.
    ------------------------------------------------

 NO OUTPUT CONTROL FOR STRESS PERIOD    1   TIME STEP  137
 
 SOLVING FOR HEAD 
                                                   Max.-Head-Change                        Max.-Flux-Residual
  Residual-Control   Outer-Iter.   Inner-Iter.     Column Row Layer    Max.-Head-Change    Column Row Layer    Max.-Flux-Residual            L2-New               L2-Old           Solver-Max-Delh
          0                 1           4            54   12     1      -0.1022799616E+02      29    9    1       0.4459130551E+04      0.6493497213E+05      0.4508795296E+03     -0.1022799616E+02
          0                 2           3            54   12     1       0.8855120346E+00      29    9    1      -0.4459130617E+03      0.6497892176E+04      0.6493497213E+05      0.8855120346E+00
          0                 3           3            54   12     1       0.4427604415E-01      29    9    1      -0.2229564179E+02      0.3248984855E+03      0.6497892176E+04      0.4427604415E-01

    ------------------------------------------------
       NWT REQUIRED            3 OUTER ITERATIONS 
       AND A TOTAL OF         10 INNER ITERATIONS.
    ------------------------------------------------

 NO OUTPUT CONTROL FOR STRESS PERIOD    1   TIME STEP  138
 
 SOLVING FOR HEAD 
                                                   Max.-Head-Change                        Max.-Flux-Residual
  Residual-Control   Outer-Iter.   Inner-Iter.     Column Row Layer    Max.-Head-Change    Column Row Layer    Max.-Flux-Residual            L2-New               L2-Old           Solver-Max-Delh
          0                 1           4            54   12     1      -0.1131862945E+02      53   20    1      -0.4008093008E+04      0.5959565883E+05      0.3248984855E+03     -0.1131862945E+02
          0                 2           3            54   12     1       0.9775202971E+00      53   20    1       0.4008093068E+03      0.5964137545E+04      0.5959565883E+05      0.9775202971E+00
          0                 3           3            54   12     1       0.4887665089E-01      53   20    1       0.2004045519E+02      0.2982529993E+03      0.5964137545E+04      0.4887665089E-01

    ------------------------------------------------
       NWT REQUIRED            3 OUTER ITERATIONS 
       AND A TOTAL OF         10 INNER ITERATIONS.
    ------------------------------------------------

 NO OUTPUT CONTROL FOR STRESS PERIOD    1   TIME STEP  139
 
 SOLVING FOR HEAD 
                                                   Max.-Head-Change                        Max.-Flux-Residual
  Residual-Control   Outer-Iter.   Inner-Iter.     Column Row Layer    Max.-Head-Change    Column Row Layer    Max.-Flux-Residual            L2-New               L2-Old           Solver-Max-Delh
          0                 1           4            54   12     1      -0.1207667500E+02      53   20    1      -0.4274122519E+04      0.6456175343E+05      0.2982529993E+03     -0.1207667500E+02
          0                 2           3            54   12     1       0.1046216031E+01      53   20    1       0.4274122582E+03      0.6458856614E+04      0.6456175343E+05      0.1046216031E+01
          0                 3           3            54   12     1       0.5231128015E-01      53   20    1       0.2137060208E+02      0.3229395559E+03      0.6458856614E+04      0.5231128015E-01

    ------------------------------------------------
       NWT REQUIRED            3 OUTER ITERATIONS 
       AND A TOTAL OF         10 INNER ITERATIONS.
    ------------------------------------------------

 NO OUTPUT CONTROL FOR STRESS PERIOD    1   TIME STEP  140
 
 SOLVING FOR HEAD 
                                                   Max.-Head-Change                        Max.-Flux-Residual
  Residual-Control   Outer-Iter.   Inner-Iter.     Column Row Layer    Max.-Head-Change    Column Row Layer    Max.-Flux-Residual            L2-New               L2-Old           Solver-Max-Delh
          0                 1           4            54   12     1      -0.1257479515E+02      53   20    1      -0.4452821356E+04      0.7452628712E+05      0.3229395559E+03     -0.1257479515E+02
          0                 2           3            54   12     1       0.1086003343E+01      53   20    1       0.4452821423E+03      0.7453210862E+04      0.7452628712E+05      0.1086003343E+01
          0                 3           3            54   12     1       0.5430070793E-01      53   20    1       0.2226409584E+02      0.3726729312E+03      0.7453210862E+04      0.5430070793E-01

    ------------------------------------------------
       NWT REQUIRED            3 OUTER ITERATIONS 
       AND A TOTAL OF         10 INNER ITERATIONS.
    ------------------------------------------------

 NO OUTPUT CONTROL FOR STRESS PERIOD    1   TIME STEP  141
 
 SOLVING FOR HEAD 
                                                   Max.-Head-Change                        Max.-Flux-Residual
  Residual-Control   Outer-Iter.   Inner-Iter.     Column Row Layer    Max.-Head-Change    Column Row Layer    Max.-Flux-Residual            L2-New               L2-Old           Solver-Max-Delh
          0                 1           4            54   12     1      -0.1288604237E+02      53   20    1      -0.4564580575E+04      0.8571853141E+05      0.3726729312E+03     -0.1288604237E+02
          0                 2           3            54   12     1       0.1116739858E+01      53   20    1       0.4564580643E+03      0.8574655900E+04      0.8571853141E+05      0.1116739858E+01
          0                 3           3            54   12     1       0.5583752924E-01      53   20    1       0.2282289165E+02      0.4287320538E+03      0.8574655900E+04      0.5583752924E-01

    ------------------------------------------------
       NWT REQUIRED            3 OUTER ITERATIONS 
       AND A TOTAL OF         10 INNER ITERATIONS.
    ------------------------------------------------

 NO OUTPUT CONTROL FOR STRESS PERIOD    1   TIME STEP  142
 
 SOLVING FOR HEAD 
                                                   Max.-Head-Change                        Max.-Flux-Residual
  Residual-Control   Outer-Iter.   Inner-Iter.     Column Row Layer    Max.-Head-Change    Column Row Layer    Max.-Flux-Residual            L2-New               L2-Old           Solver-Max-Delh
          0                 1           4            54   12     1      -0.1303977813E+02      45   27    1      -0.4677384747E+04      0.9645450458E+05      0.4287320538E+03     -0.1303977813E+02
          0                 2           3            54   12     1       0.1126219050E+01      45   27    1       0.4677384816E+03      0.9650444890E+04      0.9645450458E+05      0.1126219050E+01
          0                 3           3            54   12     1       0.5631146766E-01      54   81    1       0.3058445265E+02      0.4832796996E+03      0.9650444890E+04      0.5631146766E-01

    ------------------------------------------------
       NWT REQUIRED            3 OUTER ITERATIONS 
       AND A TOTAL OF         10 INNER ITERATIONS.
    ------------------------------------------------

 NO OUTPUT CONTROL FOR STRESS PERIOD    1   TIME STEP  143
 
 SOLVING FOR HEAD 
                                                   Max.-Head-Change                        Max.-Flux-Residual
  Residual-Control   Outer-Iter.   Inner-Iter.     Column Row Layer    Max.-Head-Change    Column Row Layer    Max.-Flux-Residual            L2-New               L2-Old           Solver-Max-Delh
          0                 1           4            54   12     1      -0.1309229234E+02      45   27    1      -0.5034521085E+04      0.1060887099E+06      0.4832796996E+03     -0.1309229234E+02
          0                 2           3            53   12     1       0.1149053951E+01      52   72    1       0.5987309395E+03      0.1062819271E+05      0.1060887099E+06      0.1149053951E+01
          0                 3           3            53   12     1       0.5745326716E-01      52   72    1       0.2946477943E+02      0.5315483328E+03      0.1062819271E+05      0.5745326716E-01

    ------------------------------------------------
       NWT REQUIRED            3 OUTER ITERATIONS 
       AND A TOTAL OF         10 INNER ITERATIONS.
    ------------------------------------------------

 NO OUTPUT CONTROL FOR STRESS PERIOD    1   TIME STEP  144
 
 SOLVING FOR HEAD 
                                                   Max.-Head-Change                        Max.-Flux-Residual
  Residual-Control   Outer-Iter.   Inner-Iter.     Column Row Layer    Max.-Head-Change    Column Row Layer    Max.-Flux-Residual            L2-New               L2-Old           Solver-Max-Delh
          0                 1           4            54   12     1      -0.1304013157E+02      45   27    1      -0.5308059662E+04      0.1144534167E+06      0.2657205221E+02     -0.1304013157E+02
          0                 2           3            54   12     1       0.1128077200E+01      52   71    1       0.7172770095E+03      0.1146833251E+05      0.1144534167E+06      0.1128077200E+01
          0                 3           3            53   11     1       0.5909574077E-01      49   63    1       0.5063867722E+02      0.5759797022E+03      0.1146833251E+05      0.5909574077E-01

    ------------------------------------------------
       NWT REQUIRED            3 OUTER ITERATIONS 
       AND A TOTAL OF         10 INNER ITERATIONS.
    ------------------------------------------------

 NO OUTPUT CONTROL FOR STRESS PERIOD    1   TIME STEP  145
 
 SOLVING FOR HEAD 
                                                   Max.-Head-Change                        Max.-Flux-Residual
  Residual-Control   Outer-Iter.   Inner-Iter.     Column Row Layer    Max.-Head-Change    Column Row Layer    Max.-Flux-Residual            L2-New               L2-Old           Solver-Max-Delh
          0                 1           4            54   12     1      -0.1294199984E+02      45   27    1      -0.5510117914E+04      0.1215162801E+06      0.2879314302E+02     -0.1294199984E+02
          0                 2           3            53   11     1       0.1156964661E+01      45   62    1       0.7825088907E+03      0.1219998160E+05      0.1215162801E+06      0.1156964661E+01
          0                 3           3            53   11     1       0.5784938761E-01      45   62    1       0.3882721633E+02      0.6099676182E+03      0.1219998160E+05      0.5784938761E-01

    ------------------------------------------------
       NWT REQUIRED            3 OUTER ITERATIONS 
       AND A TOTAL OF         10 INNER ITERATIONS.
    ------------------------------------------------

 NO OUTPUT CONTROL FOR STRESS PERIOD    1   TIME STEP  146
 
 SOLVING FOR HEAD 
                                                   Max.-Head-Change                        Max.-Flux-Residual
  Residual-Control   Outer-Iter.   Inner-Iter.     Column Row Layer    Max.-Head-Change    Column Row Layer    Max.-Flux-Residual            L2-New               L2-Old           Solver-Max-Delh
          0                 1           4            53   12     1       0.1704404451E+02      55   42    1       0.9138998380E+04      0.1064381088E+06      0.3050197748E+02      0.1704404451E+02
          0                 2           3            52   12     1      -0.1308720018E+01      52   11    1      -0.1607481381E+04      0.1087606428E+05      0.1064381088E+06     -0.1308720018E+01
          0                 3           3            52   12     1      -0.6538396117E-01      52   11    1      -0.8037402802E+02      0.5449997329E+03      0.1087606428E+05     -0.6538396117E-01

    ------------------------------------------------
       NWT REQUIRED            3 OUTER ITERATIONS 
       AND A TOTAL OF         10 INNER ITERATIONS.
    ------------------------------------------------

 NO OUTPUT CONTROL FOR STRESS PERIOD    1   TIME STEP  147
 
 SOLVING FOR HEAD 
                                                   Max.-Head-Change                        Max.-Flux-Residual
  Residual-Control   Outer-Iter.   Inner-Iter.     Column Row Layer    Max.-Head-Change    Column Row Layer    Max.-Flux-Residual            L2-New               L2-Old           Solver-Max-Delh
          0                 1           4            53   12     1       0.8197762621E+02      53   20    1       0.2998611920E+05      0.5341855586E+06      0.2724474763E+02      0.8197762621E+02
          0                 2           3            53   12     1      -0.7155745962E+01      49   63    1       0.6202113165E+04      0.5462138621E+05      0.5341855586E+06     -0.7155745962E+01
          0                 3           3            53   12     1      -0.3577843710E+00      52   67    1       0.6009591475E+03      0.2935316050E+04      0.5462138621E+05     -0.3577843710E+00
          0                 4           3            53   12     1      -0.1788582201E-01      52   67    1       0.1002864676E+03      0.1797362046E+03      0.2935316050E+04     -0.1788582201E-01

    ------------------------------------------------
       NWT REQUIRED            4 OUTER ITERATIONS 
       AND A TOTAL OF         13 INNER ITERATIONS.
    ------------------------------------------------

 NO OUTPUT CONTROL FOR STRESS PERIOD    1   TIME STEP  148
 
 SOLVING FOR HEAD 
                                                   Max.-Head-Change                        Max.-Flux-Residual
  Residual-Control   Outer-Iter.   Inner-Iter.     Column Row Layer    Max.-Head-Change    Column Row Layer    Max.-Flux-Residual            L2-New               L2-Old           Solver-Max-Delh
          0                 1           4            55   13     1       0.4404440279E+02      42   24    1       0.1712415268E+05      0.3773107658E+06      0.1797362046E+03      0.4404440279E+02
          0                 2           3            55   13     1      -0.3803817154E+01      51   64    1       0.4518660362E+04      0.3837393691E+05      0.3773107658E+06     -0.3803817154E+01
          0                 3           3            55   13     1      -0.1901924150E+00      51   64    1      -0.4494748643E+03      0.2045167987E+04      0.3837393691E+05     -0.1901924150E+00
          0                 4           2            55   13     1      -0.9507808637E-02      51   64    1      -0.2247390163E+02      0.1022425966E+03      0.2045167987E+04     -0.9507808637E-02

    ------------------------------------------------
       NWT REQUIRED            4 OUTER ITERATIONS 
       AND A TOTAL OF         12 INNER ITERATIONS.
    ------------------------------------------------

 NO OUTPUT CONTROL FOR STRESS PERIOD    1   TIME STEP  149
 
 SOLVING FOR HEAD 
                                                   Max.-Head-Change                        Max.-Flux-Residual
  Residual-Control   Outer-Iter.   Inner-Iter.     Column Row Layer    Max.-Head-Change    Column Row Layer    Max.-Flux-Residual            L2-New               L2-Old           Solver-Max-Delh
          0                 1           4            52    7     1       0.3063090868E+02      42   25    1       0.1369218509E+05      0.2921525925E+06      0.1022425966E+03      0.3063090868E+02
          0                 2           3            52    7     1      -0.2654279743E+01      51   65    1       0.2725358848E+04      0.2944468847E+05      0.2921525925E+06     -0.2654279743E+01
          0                 3           3            52    7     1      -0.1327153175E+00      53   68    1       0.2523851346E+03      0.1524666444E+04      0.2944468847E+05     -0.1327153175E+00
          0                 4           2            52    7     1      -0.6634504502E-02      53   68    1       0.4478517413E+02      0.8884906742E+02      0.1524666444E+04     -0.6634504502E-02

    ------------------------------------------------
       NWT REQUIRED            4 OUTER ITERATIONS 
       AND A TOTAL OF         12 INNER ITERATIONS.
    ------------------------------------------------

 NO OUTPUT CONTROL FOR STRESS PERIOD    1   TIME STEP  150
 
 SOLVING FOR HEAD 
                                                   Max.-Head-Change                        Max.-Flux-Residual
  Residual-Control   Outer-Iter.   Inner-Iter.     Column Row Layer    Max.-Head-Change    Column Row Layer    Max.-Flux-Residual            L2-New               L2-Old           Solver-Max-Delh
          0                 1           4            53   12     1       0.1286782943E+03      53   20    1       0.4707809133E+05      0.9497029904E+06      0.8884906742E+02      0.1286782943E+03
          0                 2           4            53   12     1      -0.1130727034E+02      53   68    1       0.1335312113E+05      0.1012852517E+06      0.9497029904E+06     -0.1130727034E+02
          0                 3           3            53   12     1      -0.5653693020E+00      53   68    1      -0.1335312133E+04      0.6121380539E+04      0.1012852517E+06     -0.5653693020E+00
          0                 4           3            53   12     1      -0.2826309447E-01      53   68    1      -0.6676557282E+02      0.3056573026E+03      0.6121380539E+04     -0.2826309447E-01

    ------------------------------------------------
       NWT REQUIRED            4 OUTER ITERATIONS 
       AND A TOTAL OF         14 INNER ITERATIONS.
    ------------------------------------------------

 NO OUTPUT CONTROL FOR STRESS PERIOD    1   TIME STEP  151
 
 SOLVING FOR HEAD 
                                                   Max.-Head-Change                        Max.-Flux-Residual
  Residual-Control   Outer-Iter.   Inner-Iter.     Column Row Layer    Max.-Head-Change    Column Row Layer    Max.-Flux-Residual            L2-New               L2-Old           Solver-Max-Delh
          0                 1           4            52    7     1       0.7351235792E+02      42   25    1       0.3157883457E+05      0.7409405924E+06      0.3056573026E+03      0.7351235792E+02
          0                 2           4            52    7     1      -0.6349753535E+01      51   67    1       0.1066347444E+05      0.7617486740E+05      0.7409405924E+06     -0.6349753535E+01
          0                 3           3            52    7     1      -0.3178438488E+00      51   67    1      -0.1065219579E+04      0.4161016484E+04      0.7617486740E+05     -0.3178438488E+00
          0                 4           3            52    7     1      -0.1588917312E-01      59   78    1       0.5986688432E+02      0.2166264074E+03      0.4161016484E+04     -0.1588917312E-01

    ------------------------------------------------
       NWT REQUIRED            4 OUTER ITERATIONS 
       AND A TOTAL OF         14 INNER ITERATIONS.
    ------------------------------------------------

 NO OUTPUT CONTROL FOR STRESS PERIOD    1   TIME STEP  152
 
 SOLVING FOR HEAD 
                                                   Max.-Head-Change                        Max.-Flux-Residual
  Residual-Control   Outer-Iter.   Inner-Iter.     Column Row Layer    Max.-Head-Change    Column Row Layer    Max.-Flux-Residual            L2-New               L2-Old           Solver-Max-Delh
          0                 1           4            52    7     1       0.5529206500E+02      45   29    1       0.2521640111E+05      0.6020866669E+06      0.2166264074E+03      0.5529206500E+02
          0                 2           4            52    7     1      -0.4794070482E+01      49   66    1       0.9631804521E+04      0.6269066862E+05      0.6020866669E+06     -0.4794070482E+01
          0                 3           3            48   69     1       0.7651839608E+00      48   67    1       0.2435852024E+04      0.4889576327E+04      0.6269066862E+05      0.7651839608E+00
          0                 4           3            48   69     1      -0.6608507949E-01      48   67    1      -0.2435852061E+03      0.5008850315E+03      0.4889576327E+04     -0.6608507949E-01

    ------------------------------------------------
       NWT REQUIRED            4 OUTER ITERATIONS 
       AND A TOTAL OF         14 INNER ITERATIONS.
    ------------------------------------------------

 NO OUTPUT CONTROL FOR STRESS PERIOD    1   TIME STEP  153
 
 SOLVING FOR HEAD 
                                                   Max.-Head-Change                        Max.-Flux-Residual
  Residual-Control   Outer-Iter.   Inner-Iter.     Column Row Layer    Max.-Head-Change    Column Row Layer    Max.-Flux-Residual            L2-New               L2-Old           Solver-Max-Delh
          0                 1           4            52    7     1       0.3836955022E+02      45   29    1       0.2030116574E+05      0.4857768494E+06      0.4339827410E+02      0.3836955022E+02
          0                 2           4            52    7     1      -0.3313690958E+01      49   71    1       0.5370566247E+04      0.4907009213E+05      0.4857768494E+06     -0.3313690958E+01
          0                 3           3            52    7     1      -0.1656895790E+00      49   71    1      -0.4707200172E+03      0.2538388415E+04      0.4907009213E+05     -0.1656895790E+00
          0                 4           3            52    7     1      -0.8282904991E-02      49   71    1      -0.2353620860E+02      0.1283738285E+03      0.2538388415E+04     -0.8282904991E-02

    ------------------------------------------------
       NWT REQUIRED            4 OUTER ITERATIONS 
       AND A TOTAL OF         14 INNER ITERATIONS.
    ------------------------------------------------

 NO OUTPUT CONTROL FOR STRESS PERIOD    1   TIME STEP  154
 
 SOLVING FOR HEAD 
                                                   Max.-Head-Change                        Max.-Flux-Residual
  Residual-Control   Outer-Iter.   Inner-Iter.     Column Row Layer    Max.-Head-Change    Column Row Layer    Max.-Flux-Residual            L2-New               L2-Old           Solver-Max-Delh
          0                 1           4            45    7     1       0.2815589703E+02      45   29    1       0.1576284875E+05      0.3870720145E+06      0.1283738285E+03      0.2815589703E+02
          0                 2           3            45    7     1      -0.2431759224E+01      45   29    1      -0.1576284899E+04      0.3877346090E+05      0.3870720145E+06     -0.2431759224E+01
          0                 3           3            45    7     1      -0.1215881979E+00      58   82    1      -0.1048700762E+03      0.1943811825E+04      0.3877346090E+05     -0.1215881979E+00
          0                 4           3            45    7     1      -0.6078254835E-02      58   82    1      -0.5243501098E+01      0.9717137593E+02      0.1943811825E+04     -0.6078254835E-02

    ------------------------------------------------
       NWT REQUIRED            4 OUTER ITERATIONS 
       AND A TOTAL OF         13 INNER ITERATIONS.
    ------------------------------------------------

 NO OUTPUT CONTROL FOR STRESS PERIOD    1   TIME STEP  155
 
 SOLVING FOR HEAD 
                                                   Max.-Head-Change                        Max.-Flux-Residual
  Residual-Control   Outer-Iter.   Inner-Iter.     Column Row Layer    Max.-Head-Change    Column Row Layer    Max.-Flux-Residual            L2-New               L2-Old           Solver-Max-Delh
          0                 1           4            41    7     1       0.2209719423E+02      31    9    1       0.1317982533E+05      0.3041222812E+06      0.9717137593E+02      0.2209719423E+02
          0                 2           3            41    7     1      -0.1908279781E+01      31    9    1      -0.1317982553E+04      0.3045076139E+05      0.3041222812E+06     -0.1908279781E+01
          0                 3           3            41    7     1      -0.9544728569E-01      62   82    1      -0.7573290869E+02      0.1526309397E+04      0.3045076139E+05     -0.9544728569E-01

    ------------------------------------------------
       NWT REQUIRED            3 OUTER ITERATIONS 
       AND A TOTAL OF         10 INNER ITERATIONS.
    ------------------------------------------------

 NO OUTPUT CONTROL FOR STRESS PERIOD    1   TIME STEP  156
 
 SOLVING FOR HEAD 
                                                   Max.-Head-Change                        Max.-Flux-Residual
  Residual-Control   Outer-Iter.   Inner-Iter.     Column Row Layer    Max.-Head-Change    Column Row Layer    Max.-Flux-Residual            L2-New               L2-Old           Solver-Max-Delh
          0                 1           4            40    7     1       0.1766443086E+02      31    9    1       0.1182860681E+05      0.2346428160E+06      0.7630036142E+02      0.1766443086E+02
          0                 2           3            40    7     1      -0.1526826627E+01      37   12    1      -0.1256858317E+04      0.2353379108E+05      0.2346428160E+06     -0.1526826627E+01
          0                 3           3            40    7     1      -0.7634209687E-01      64   81    1      -0.9071429276E+02      0.1185468832E+04      0.2353379108E+05     -0.7634209687E-01

    ------------------------------------------------
       NWT REQUIRED            3 OUTER ITERATIONS 
       AND A TOTAL OF         10 INNER ITERATIONS.
    ------------------------------------------------

 NO OUTPUT CONTROL FOR STRESS PERIOD    1   TIME STEP  157
 
 SOLVING FOR HEAD 
                                                   Max.-Head-Change                        Max.-Flux-Residual
  Residual-Control   Outer-Iter.   Inner-Iter.     Column Row Layer    Max.-Head-Change    Column Row Layer    Max.-Flux-Residual            L2-New               L2-Old           Solver-Max-Delh
          0                 1           4            32    9     1       0.1387481298E+02      31    9    1       0.1030384312E+05      0.1778282506E+06      0.5926182717E+02      0.1387481298E+02
          0                 2           3            32    9     1      -0.1198865552E+01      65   82    1       0.1166348450E+04      0.1790168694E+05      0.1778282506E+06     -0.1198865552E+01
          0                 3           3            32    9     1      -0.5994361898E-01      65   82    1      -0.1538616968E+03      0.9293022739E+03      0.1790168694E+05     -0.5994361898E-01

    ------------------------------------------------
       NWT REQUIRED            3 OUTER ITERATIONS 
       AND A TOTAL OF         10 INNER ITERATIONS.
    ------------------------------------------------

 NO OUTPUT CONTROL FOR STRESS PERIOD    1   TIME STEP  158
 
 SOLVING FOR HEAD 
                                                   Max.-Head-Change                        Max.-Flux-Residual
  Residual-Control   Outer-Iter.   Inner-Iter.     Column Row Layer    Max.-Head-Change    Column Row Layer    Max.-Flux-Residual            L2-New               L2-Old           Solver-Max-Delh
          0                 1           4            54   12     1      -0.1173284755E+02      29    9    1       0.8717920950E+04      0.1340968588E+06      0.4653150924E+02     -0.1173284755E+02
          0                 2           3            54   12     1       0.1013250212E+01      49   72    1       0.1618079184E+04      0.1368938358E+05      0.1340968588E+06      0.1013250212E+01
          0                 3           3            54   12     1       0.5069296558E-01      65   81    1      -0.1340805733E+03      0.7169609371E+03      0.1368938358E+05      0.5069296558E-01

    ------------------------------------------------
       NWT REQUIRED            3 OUTER ITERATIONS 
       AND A TOTAL OF         10 INNER ITERATIONS.
    ------------------------------------------------

 NO OUTPUT CONTROL FOR STRESS PERIOD    1   TIME STEP  159
 
 SOLVING FOR HEAD 
                                                   Max.-Head-Change                        Max.-Flux-Residual
  Residual-Control   Outer-Iter.   Inner-Iter.     Column Row Layer    Max.-Head-Change    Column Row Layer    Max.-Flux-Residual            L2-New               L2-Old           Solver-Max-Delh
          0                 1           4            54   12     1      -0.1437554438E+02      29    9    1       0.7232137897E+04      0.1053141483E+06      0.3583815176E+02     -0.1437554438E+02
          0                 2           3            54   12     1       0.1234681158E+01      29    9    1      -0.7232138005E+03      0.1057552251E+05      0.1053141483E+06      0.1234681158E+01
          0                 3           3            54   12     1       0.6176391799E-01      66   78    1       0.9624887561E+02      0.5414297073E+03      0.1057552251E+05      0.6176391799E-01

    ------------------------------------------------
       NWT REQUIRED            3 OUTER ITERATIONS 
       AND A TOTAL OF         10 INNER ITERATIONS.
    ------------------------------------------------

 NO OUTPUT CONTROL FOR STRESS PERIOD    1   TIME STEP  160
 
 SOLVING FOR HEAD 
                                                   Max.-Head-Change                        Max.-Flux-Residual
  Residual-Control   Outer-Iter.   Inner-Iter.     Column Row Layer    Max.-Head-Change    Column Row Layer    Max.-Flux-Residual            L2-New               L2-Old           Solver-Max-Delh
          0                 1           4            54   12     1      -0.1627806007E+02      29    9    1       0.5793154662E+04      0.9359957088E+05      0.3193889326E+02     -0.1627806007E+02
          0                 2           3            54   12     1       0.1406627061E+01      49   71    1       0.2038151521E+04      0.9667680612E+04      0.9359957088E+05      0.1406627061E+01
          0                 3           3            54   12     1       0.7033216449E-01      49   71    1       0.9872699665E+02      0.4974819578E+03      0.9667680612E+04      0.7033216449E-01

    ------------------------------------------------
       NWT REQUIRED            3 OUTER ITERATIONS 
       AND A TOTAL OF         10 INNER ITERATIONS.
    ------------------------------------------------

 NO OUTPUT CONTROL FOR STRESS PERIOD    1   TIME STEP  161
 
 SOLVING FOR HEAD 
                                                   Max.-Head-Change                        Max.-Flux-Residual
  Residual-Control   Outer-Iter.   Inner-Iter.     Column Row Layer    Max.-Head-Change    Column Row Layer    Max.-Flux-Residual            L2-New               L2-Old           Solver-Max-Delh
          0                 1           4            54   12     1      -0.1758330264E+02      53   20    1      -0.6175212963E+04      0.9687893477E+05      0.4974819578E+03     -0.1758330264E+02
          0                 2           3            54   12     1       0.1518443678E+01      60   86    1       0.6819494430E+03      0.9727642669E+04      0.9687893477E+05      0.1518443678E+01
          0                 3           3            54   12     1       0.7604114543E-01      58   81    1       0.5611254620E+02      0.4917895029E+03      0.9727642669E+04      0.7604114543E-01

    ------------------------------------------------
       NWT REQUIRED            3 OUTER ITERATIONS 
       AND A TOTAL OF         10 INNER ITERATIONS.
    ------------------------------------------------

 NO OUTPUT CONTROL FOR STRESS PERIOD    1   TIME STEP  162
 
 SOLVING FOR HEAD 
                                                   Max.-Head-Change                        Max.-Flux-Residual
  Residual-Control   Outer-Iter.   Inner-Iter.     Column Row Layer    Max.-Head-Change    Column Row Layer    Max.-Flux-Residual            L2-New               L2-Old           Solver-Max-Delh
          0                 1           4            54   12     1      -0.1847176124E+02      53   20    1      -0.6501365655E+04      0.1088871216E+06      0.4917895029E+03     -0.1847176124E+02
          0                 2           3            54   12     1       0.1598282697E+01      50   71    1       0.3089158644E+04      0.1141789461E+05      0.1088871216E+06      0.1598282697E+01
          0                 3           3            54   12     1       0.7991496692E-01      50   71    1       0.1487673628E+03      0.5719995727E+03      0.1141789461E+05      0.7991496692E-01

    ------------------------------------------------
       NWT REQUIRED            3 OUTER ITERATIONS 
       AND A TOTAL OF         10 INNER ITERATIONS.
    ------------------------------------------------

 NO OUTPUT CONTROL FOR STRESS PERIOD    1   TIME STEP  163
 
 SOLVING FOR HEAD 
                                                   Max.-Head-Change                        Max.-Flux-Residual
  Residual-Control   Outer-Iter.   Inner-Iter.     Column Row Layer    Max.-Head-Change    Column Row Layer    Max.-Flux-Residual            L2-New               L2-Old           Solver-Max-Delh
          0                 1           4            54   12     1      -0.1905211306E+02      53   20    1      -0.6721413685E+04      0.1239710057E+06      0.2861007893E+02     -0.1905211306E+02
          0                 2           3            54   12     1       0.1646026023E+01      48   68    1       0.1565923000E+04      0.1264582135E+05      0.1239710057E+06      0.1646026023E+01
          0                 3           3            54   12     1       0.8230214020E-01      48   69    1       0.1179396363E+03      0.6423116742E+03      0.1264582135E+05      0.8230214020E-01

    ------------------------------------------------
       NWT REQUIRED            3 OUTER ITERATIONS 
       AND A TOTAL OF         10 INNER ITERATIONS.
    ------------------------------------------------

 NO OUTPUT CONTROL FOR STRESS PERIOD    1   TIME STEP  164
 
 SOLVING FOR HEAD 
                                                   Max.-Head-Change                        Max.-Flux-Residual
  Residual-Control   Outer-Iter.   Inner-Iter.     Column Row Layer    Max.-Head-Change    Column Row Layer    Max.-Flux-Residual            L2-New               L2-Old           Solver-Max-Delh
          0                 1           4            54   12     1      -0.1937677836E+02      45   27    1      -0.6887672213E+04      0.1390815640E+06      0.3210729472E+02     -0.1937677836E+02
          0                 2           3            54   12     1       0.1673451330E+01      48   69    1       0.2889863854E+04      0.1503705324E+05      0.1390815640E+06      0.1673451330E+01
          0                 3           3            49   68     1       0.9742704785E-01      49   68    1       0.4100789639E+03      0.9221863426E+03      0.1503705324E+05      0.9742704785E-01

    ------------------------------------------------
       NWT REQUIRED            3 OUTER ITERATIONS 
       AND A TOTAL OF         10 INNER ITERATIONS.
    ------------------------------------------------

 NO OUTPUT CONTROL FOR STRESS PERIOD    1   TIME STEP  165
 
 SOLVING FOR HEAD 
                                                   Max.-Head-Change                        Max.-Flux-Residual
  Residual-Control   Outer-Iter.   Inner-Iter.     Column Row Layer    Max.-Head-Change    Column Row Layer    Max.-Flux-Residual            L2-New               L2-Old           Solver-Max-Delh
          0                 1           4            54   12     1      -0.1950980290E+02      45   27    1      -0.7385186319E+04      0.1529614585E+06      0.4605448604E+02     -0.1950980290E+02
          0                 2           3            54   12     1       0.1687359309E+01      52   69    1       0.2258898819E+04      0.1576481322E+05      0.1529614585E+06      0.1687359309E+01
          0                 3           3            54   12     1       0.8436759678E-01      52   69    1       0.1104733507E+03      0.7881606543E+03      0.1576481322E+05      0.8436759678E-01

    ------------------------------------------------
       NWT REQUIRED            3 OUTER ITERATIONS 
       AND A TOTAL OF         10 INNER ITERATIONS.
    ------------------------------------------------

 NO OUTPUT CONTROL FOR STRESS PERIOD    1   TIME STEP  166
 
 SOLVING FOR HEAD 
                                                   Max.-Head-Change                        Max.-Flux-Residual
  Residual-Control   Outer-Iter.   Inner-Iter.     Column Row Layer    Max.-Head-Change    Column Row Layer    Max.-Flux-Residual            L2-New               L2-Old           Solver-Max-Delh
          0                 1           4            54   12     1      -0.1948421962E+02      45   27    1      -0.7762811314E+04      0.1651838491E+06      0.3939757261E+02     -0.1948421962E+02
          0                 2           3            54   12     1       0.1683139344E+01      51   68    1       0.2046668515E+04      0.1677425957E+05      0.1651838491E+06      0.1683139344E+01
          0                 3           3            54   12     1       0.8415772550E-01      51   68    1       0.1000683604E+03      0.8416952076E+03      0.1677425957E+05      0.8415772550E-01

    ------------------------------------------------
       NWT REQUIRED            3 OUTER ITERATIONS 
       AND A TOTAL OF         10 INNER ITERATIONS.
    ------------------------------------------------

 NO OUTPUT CONTROL FOR STRESS PERIOD    1   TIME STEP  167
 
 SOLVING FOR HEAD 
                                                   Max.-Head-Change                        Max.-Flux-Residual
  Residual-Control   Outer-Iter.   Inner-Iter.     Column Row Layer    Max.-Head-Change    Column Row Layer    Max.-Flux-Residual            L2-New               L2-Old           Solver-Max-Delh
          0                 1           4            54   12     1      -0.1935665820E+02      45   27    1      -0.8040661653E+04      0.1756344802E+06      0.4270867439E+02     -0.1935665820E+02
          0                 2           3            53   12     1       0.1690504959E+01      48   65    1       0.1466455523E+04      0.1770850574E+05      0.1756344802E+06      0.1690504959E+01
          0                 3           3            53   12     1       0.8452956675E-01      53   92    1       0.1287350741E+03      0.8926516669E+03      0.1770850574E+05      0.8452956675E-01

    ------------------------------------------------
       NWT REQUIRED            3 OUTER ITERATIONS 
       AND A TOTAL OF         10 INNER ITERATIONS.
    ------------------------------------------------

 NO OUTPUT CONTROL FOR STRESS PERIOD    1   TIME STEP  168
 
 SOLVING FOR HEAD 
                                                   Max.-Head-Change                        Max.-Flux-Residual
  Residual-Control   Outer-Iter.   Inner-Iter.     Column Row Layer    Max.-Head-Change    Column Row Layer    Max.-Flux-Residual            L2-New               L2-Old           Solver-Max-Delh
          0                 1           4            54   12     1      -0.1911143488E+02      45   27    1      -0.8235580746E+04      0.1843683732E+06      0.4830920979E+02     -0.1911143488E+02
          0                 2           3            54   12     1       0.1650031099E+01      61   82    1      -0.3876233571E+04      0.1889555266E+05      0.1843683732E+06      0.1650031099E+01
          0                 3           3            53   11     1       0.8459440936E-01      61   82    1       0.3843283774E+03      0.1003183834E+04      0.1889555266E+05      0.8459440936E-01

    ------------------------------------------------
       NWT REQUIRED            3 OUTER ITERATIONS 
       AND A TOTAL OF         10 INNER ITERATIONS.
    ------------------------------------------------

 NO OUTPUT CONTROL FOR STRESS PERIOD    1   TIME STEP  169
 
 SOLVING FOR HEAD 
                                                   Max.-Head-Change                        Max.-Flux-Residual
  Residual-Control   Outer-Iter.   Inner-Iter.     Column Row Layer    Max.-Head-Change    Column Row Layer    Max.-Flux-Residual            L2-New               L2-Old           Solver-Max-Delh
          0                 1           4            54   11     1      -0.1883383376E+02      45   27    1      -0.8361839706E+04      0.1915198381E+06      0.5014095725E+02     -0.1883383376E+02
          0                 2           3            53   11     1       0.1676386630E+01      45   27    1       0.8361839831E+03      0.1918253313E+05      0.1915198381E+06      0.1676386630E+01
          0                 3           3            53   11     1       0.8382015178E-01      45   27    1       0.4180917979E+02      0.9591026591E+03      0.1918253313E+05      0.8382015178E-01

    ------------------------------------------------
       NWT REQUIRED            3 OUTER ITERATIONS 
       AND A TOTAL OF         10 INNER ITERATIONS.
    ------------------------------------------------

 NO OUTPUT CONTROL FOR STRESS PERIOD    1   TIME STEP  170
 
 SOLVING FOR HEAD 
                                                   Max.-Head-Change                        Max.-Flux-Residual
  Residual-Control   Outer-Iter.   Inner-Iter.     Column Row Layer    Max.-Head-Change    Column Row Layer    Max.-Flux-Residual            L2-New               L2-Old           Solver-Max-Delh
          0                 1           4            54   12     1      -0.1849149137E+02      45   27    1      -0.8431257352E+04      0.1972241237E+06      0.4794546029E+02     -0.1849149137E+02
          0                 2           3            54   12     1       0.1597905365E+01      48   64    1       0.1238498326E+04      0.1983136717E+05      0.1972241237E+06      0.1597905365E+01
          0                 3           3            54   12     1       0.7989606816E-01      51   69    1       0.1896243106E+03      0.1010433655E+04      0.1983136717E+05      0.7989606816E-01

    ------------------------------------------------
       NWT REQUIRED            3 OUTER ITERATIONS 
       AND A TOTAL OF         10 INNER ITERATIONS.
    ------------------------------------------------

 NO OUTPUT CONTROL FOR STRESS PERIOD    1   TIME STEP  171
 
 SOLVING FOR HEAD 
                                                   Max.-Head-Change                        Max.-Flux-Residual
  Residual-Control   Outer-Iter.   Inner-Iter.     Column Row Layer    Max.-Head-Change    Column Row Layer    Max.-Flux-Residual            L2-New               L2-Old           Solver-Max-Delh
          0                 1           4            54   12     1      -0.1814069044E+02      45   27    1      -0.8453828926E+04      0.2016335306E+06      0.5050971536E+02     -0.1814069044E+02
          0                 2           3            54   12     1       0.1571611509E+01      51   69    1       0.1504080195E+04      0.2038459283E+05      0.2016335306E+06      0.1571611509E+01
          0                 3           3            54   12     1       0.7858136261E-01      46   64    1       0.7609889317E+02      0.1022241495E+04      0.2038459283E+05      0.7858136261E-01

    ------------------------------------------------
       NWT REQUIRED            3 OUTER ITERATIONS 
       AND A TOTAL OF         10 INNER ITERATIONS.
    ------------------------------------------------

 NO OUTPUT CONTROL FOR STRESS PERIOD    1   TIME STEP  172
 
 SOLVING FOR HEAD 
                                                   Max.-Head-Change                        Max.-Flux-Residual
  Residual-Control   Outer-Iter.   Inner-Iter.     Column Row Layer    Max.-Head-Change    Column Row Layer    Max.-Flux-Residual            L2-New               L2-Old           Solver-Max-Delh
          0                 1           4            54   11     1      -0.1775789981E+02      45   27    1      -0.8437837812E+04      0.2049028168E+06      0.5110065433E+02     -0.1775789981E+02
          0                 2           3            53   10     1       0.1536715960E+01      45   64    1       0.1347301030E+04      0.2059450794E+05      0.2049028168E+06      0.1536715960E+01
          0                 3           3            53   10     1       0.7684694647E-01      47   63    1       0.1966336351E+03      0.1048214455E+04      0.2059450794E+05      0.7684694647E-01

    ------------------------------------------------
       NWT REQUIRED            3 OUTER ITERATIONS 
       AND A TOTAL OF         10 INNER ITERATIONS.
    ------------------------------------------------

 NO OUTPUT CONTROL FOR STRESS PERIOD    1   TIME STEP  173
 
 SOLVING FOR HEAD 
                                                   Max.-Head-Change                        Max.-Flux-Residual
  Residual-Control   Outer-Iter.   Inner-Iter.     Column Row Layer    Max.-Head-Change    Column Row Layer    Max.-Flux-Residual            L2-New               L2-Old           Solver-Max-Delh
          0                 1           4            54   11     1      -0.1737065551E+02      45   27    1      -0.8390350903E+04      0.2071880326E+06      0.5239895685E+02     -0.1737065551E+02
          0                 2           3            54   11     1       0.1503673782E+01      47   63    1       0.1138264738E+04      0.2075684963E+05      0.2071880326E+06      0.1503673782E+01
          0                 3           3            54   11     1       0.7518443802E-01      61   70    1       0.1263651635E+03      0.1045463813E+04      0.2075684963E+05      0.7518443802E-01

    ------------------------------------------------
       NWT REQUIRED            3 OUTER ITERATIONS 
       AND A TOTAL OF         10 INNER ITERATIONS.
    ------------------------------------------------

 NO OUTPUT CONTROL FOR STRESS PERIOD    1   TIME STEP  174
 
 SOLVING FOR HEAD 
                                                   Max.-Head-Change                        Max.-Flux-Residual
  Residual-Control   Outer-Iter.   Inner-Iter.     Column Row Layer    Max.-Head-Change    Column Row Layer    Max.-Flux-Residual            L2-New               L2-Old           Solver-Max-Delh
          0                 1           4            54   11     1      -0.1696674071E+02      45   27    1      -0.8317250642E+04      0.2086046339E+06      0.1401515205E+03     -0.1696674071E+02
          0                 2           3            54   11     1       0.1468972157E+01      61   70    1      -0.1301980973E+04      0.2091069156E+05      0.2086046339E+06      0.1468972157E+01
          0                 3           3            54   11     1       0.7344934370E-01      61   70    1       0.1294445152E+03      0.1051941244E+04      0.2091069156E+05      0.7344934370E-01

    ------------------------------------------------
       NWT REQUIRED            3 OUTER ITERATIONS 
       AND A TOTAL OF         10 INNER ITERATIONS.
    ------------------------------------------------

 NO OUTPUT CONTROL FOR STRESS PERIOD    1   TIME STEP  175
 
 SOLVING FOR HEAD 
                                                   Max.-Head-Change                        Max.-Flux-Residual
  Residual-Control   Outer-Iter.   Inner-Iter.     Column Row Layer    Max.-Head-Change    Column Row Layer    Max.-Flux-Residual            L2-New               L2-Old           Solver-Max-Delh
          0                 1           4            54   11     1      -0.1656457868E+02      45   27    1      -0.8223590712E+04      0.2092664943E+06      0.5258593877E+02     -0.1656457868E+02
          0                 2           3            54   11     1       0.1430725986E+01      50   64    1       0.1015480031E+04      0.2095566430E+05      0.2092664943E+06      0.1430725986E+01
          0                 3           3            54   11     1       0.7167786269E-01      50   64    1       0.5029312072E+02      0.1047802077E+04      0.2095566430E+05      0.7167786269E-01

    ------------------------------------------------
       NWT REQUIRED            3 OUTER ITERATIONS 
       AND A TOTAL OF         10 INNER ITERATIONS.
    ------------------------------------------------

 NO OUTPUT CONTROL FOR STRESS PERIOD    1   TIME STEP  176
 
 SOLVING FOR HEAD 
                                                   Max.-Head-Change                        Max.-Flux-Residual
  Residual-Control   Outer-Iter.   Inner-Iter.     Column Row Layer    Max.-Head-Change    Column Row Layer    Max.-Flux-Residual            L2-New               L2-Old           Solver-Max-Delh
          0                 1           4            54   11     1      -0.1616721287E+02      45   27    1      -0.8113920113E+04      0.2092768112E+06      0.5237953118E+02     -0.1616721287E+02
          0                 2           3            53   10     1       0.1403618221E+01      45   27    1       0.8113920234E+03      0.2092880795E+05      0.2092768112E+06      0.1403618221E+01
          0                 3           3            53   10     1       0.7019088424E-01      45   27    1       0.4056958330E+02      0.1046437015E+04      0.2092880795E+05      0.7019088424E-01

    ------------------------------------------------
       NWT REQUIRED            3 OUTER ITERATIONS 
       AND A TOTAL OF         10 INNER ITERATIONS.
    ------------------------------------------------

 NO OUTPUT CONTROL FOR STRESS PERIOD    1   TIME STEP  177
 
 SOLVING FOR HEAD 
                                                   Max.-Head-Change                        Max.-Flux-Residual
  Residual-Control   Outer-Iter.   Inner-Iter.     Column Row Layer    Max.-Head-Change    Column Row Layer    Max.-Flux-Residual            L2-New               L2-Old           Solver-Max-Delh
          0                 1           4            54   11     1      -0.1575898538E+02      45   27    1      -0.7991236665E+04      0.2087345875E+06      0.5231134879E+02     -0.1575898538E+02
          0                 2           3            54   11     1       0.1362750657E+01      51   65    1       0.9972242918E+03      0.2090672725E+05      0.2087345875E+06      0.1362750657E+01
          0                 3           3            54   11     1       0.6813821688E-01      51   65    1       0.4938264094E+02      0.1045720371E+04      0.2090672725E+05      0.6813821688E-01

    ------------------------------------------------
       NWT REQUIRED            3 OUTER ITERATIONS 
       AND A TOTAL OF         10 INNER ITERATIONS.
    ------------------------------------------------

 NO OUTPUT CONTROL FOR STRESS PERIOD    1   TIME STEP  178
 
 SOLVING FOR HEAD 
                                                   Max.-Head-Change                        Max.-Flux-Residual
  Residual-Control   Outer-Iter.   Inner-Iter.     Column Row Layer    Max.-Head-Change    Column Row Layer    Max.-Flux-Residual            L2-New               L2-Old           Solver-Max-Delh
          0                 1           4            54   11     1      -0.1536034326E+02      45   27    1      -0.7858114686E+04      0.2077046400E+06      0.5227546526E+02     -0.1536034326E+02
          0                 2           3            54   11     1       0.1328570739E+01      51   70    1       0.9277235962E+03      0.2081156917E+05      0.2077046400E+06      0.1328570739E+01
          0                 3           3            54   11     1       0.6642919994E-01      51   70    1       0.4583106459E+02      0.1040548277E+04      0.2081156917E+05      0.6642919994E-01

    ------------------------------------------------
       NWT REQUIRED            3 OUTER ITERATIONS 
       AND A TOTAL OF         10 INNER ITERATIONS.
    ------------------------------------------------

 NO OUTPUT CONTROL FOR STRESS PERIOD    1   TIME STEP  179
 
 SOLVING FOR HEAD 
                                                   Max.-Head-Change                        Max.-Flux-Residual
  Residual-Control   Outer-Iter.   Inner-Iter.     Column Row Layer    Max.-Head-Change    Column Row Layer    Max.-Flux-Residual            L2-New               L2-Old           Solver-Max-Delh
          0                 1           4            52    7     1      -0.1499725339E+02      44   26    1      -0.7717322535E+04      0.2062648886E+06      0.5201688694E+02     -0.1499725339E+02
          0                 2           3            52    7     1       0.1297947400E+01      45   26    1       0.7909350342E+03      0.2063028871E+05      0.2062648886E+06      0.1297947400E+01
          0                 3           3            52    7     1       0.6489889898E-01      45   26    1       0.3954673168E+02      0.1032043107E+04      0.2063028871E+05      0.6489889898E-01

    ------------------------------------------------
       NWT REQUIRED            3 OUTER ITERATIONS 
       AND A TOTAL OF         10 INNER ITERATIONS.
    ------------------------------------------------

 NO OUTPUT CONTROL FOR STRESS PERIOD    1   TIME STEP  180
 
 SOLVING FOR HEAD 
                                                   Max.-Head-Change                        Max.-Flux-Residual
  Residual-Control   Outer-Iter.   Inner-Iter.     Column Row Layer    Max.-Head-Change    Column Row Layer    Max.-Flux-Residual            L2-New               L2-Old           Solver-Max-Delh
          0                 1           4            52    7     1      -0.1463450880E+02      44   26    1      -0.7577086262E+04      0.2044841461E+06      0.5173660634E+02     -0.1463450880E+02
          0                 2           3            52    7     1       0.1264184931E+01      51   64    1       0.1059713287E+04      0.2048324922E+05      0.2044841461E+06      0.1264184931E+01
          0                 3           3            52    7     1       0.6321579832E-01      54   94    1       0.5595093000E+02      0.1025480687E+04      0.2048324922E+05      0.6321579832E-01

    ------------------------------------------------
       NWT REQUIRED            3 OUTER ITERATIONS 
       AND A TOTAL OF         10 INNER ITERATIONS.
    ------------------------------------------------

 NO OUTPUT CONTROL FOR STRESS PERIOD    1   TIME STEP  181
 
 SOLVING FOR HEAD 
                                                   Max.-Head-Change                        Max.-Flux-Residual
  Residual-Control   Outer-Iter.   Inner-Iter.     Column Row Layer    Max.-Head-Change    Column Row Layer    Max.-Flux-Residual            L2-New               L2-Old           Solver-Max-Delh
          0                 1           4            52    7     1      -0.1428117373E+02      44   26    1      -0.7431304711E+04      0.2024185115E+06      0.5126368034E+02     -0.1428117373E+02
          0                 2           3            52    7     1       0.1235635781E+01      47   62    1       0.9068420145E+03      0.2027657066E+05      0.2024185115E+06      0.1235635781E+01
          0                 3           3            52    7     1       0.6178760882E-01      47   62    1       0.4505881910E+02      0.1013809321E+04      0.2027657066E+05      0.6178760882E-01

    ------------------------------------------------
       NWT REQUIRED            3 OUTER ITERATIONS 
       AND A TOTAL OF         10 INNER ITERATIONS.
    ------------------------------------------------

 NO OUTPUT CONTROL FOR STRESS PERIOD    1   TIME STEP  182
 
 SOLVING FOR HEAD 
                                                   Max.-Head-Change                        Max.-Flux-Residual
  Residual-Control   Outer-Iter.   Inner-Iter.     Column Row Layer    Max.-Head-Change    Column Row Layer    Max.-Flux-Residual            L2-New               L2-Old           Solver-Max-Delh
          0                 1           4            52    7     1      -0.1392756085E+02      44   26    1      -0.7282114247E+04      0.2001042873E+06      0.5068024024E+02     -0.1392756085E+02
          0                 2           3            52    7     1       0.1203004621E+01      44   26    1       0.7282114354E+03      0.2001316930E+05      0.2001042873E+06      0.1203004621E+01
          0                 3           3            52    7     1       0.6015153174E-01      44   26    1       0.3641055890E+02      0.1000656334E+04      0.2001316930E+05      0.6015153174E-01

    ------------------------------------------------
       NWT REQUIRED            3 OUTER ITERATIONS 
       AND A TOTAL OF         10 INNER ITERATIONS.
    ------------------------------------------------

 NO OUTPUT CONTROL FOR STRESS PERIOD    1   TIME STEP  183
 
 SOLVING FOR HEAD 
                                                   Max.-Head-Change                        Max.-Flux-Residual
  Residual-Control   Outer-Iter.   Inner-Iter.     Column Row Layer    Max.-Head-Change    Column Row Layer    Max.-Flux-Residual            L2-New               L2-Old           Solver-Max-Delh
          0                 1           4            52    7     1      -0.1358550085E+02      44   26    1      -0.7130717747E+04      0.1975909624E+06      0.5002277567E+02     -0.1358550085E+02
          0                 2           3            52    7     1       0.1173393918E+01      48   62    1       0.7580895193E+03      0.1979186483E+05      0.1975909624E+06      0.1173393918E+01
          0                 3           3            52    7     1       0.5867036139E-01      48   62    1       0.3764968088E+02      0.9895776671E+03      0.1979186483E+05      0.5867036139E-01

    ------------------------------------------------
       NWT REQUIRED            3 OUTER ITERATIONS 
       AND A TOTAL OF         10 INNER ITERATIONS.
    ------------------------------------------------

 NO OUTPUT CONTROL FOR STRESS PERIOD    1   TIME STEP  184
 
 SOLVING FOR HEAD 
                                                   Max.-Head-Change                        Max.-Flux-Residual
  Residual-Control   Outer-Iter.   Inner-Iter.     Column Row Layer    Max.-Head-Change    Column Row Layer    Max.-Flux-Residual            L2-New               L2-Old           Solver-Max-Delh
          0                 1           4            52    7     1      -0.1325211855E+02      44   26    1      -0.6978032151E+04      0.1949112446E+06      0.4946890544E+02     -0.1325211855E+02
          0                 2           3            52    7     1       0.1144560750E+01      44   26    1       0.6978032252E+03      0.1949125389E+05      0.1949112446E+06      0.1144560750E+01
          0                 3           3            52    7     1       0.5722877098E-01      35   15    1       0.3578260015E+02      0.9745733216E+03      0.1949125389E+05      0.5722877098E-01

    ------------------------------------------------
       NWT REQUIRED            3 OUTER ITERATIONS 
       AND A TOTAL OF         10 INNER ITERATIONS.
    ------------------------------------------------

 NO OUTPUT CONTROL FOR STRESS PERIOD    1   TIME STEP  185
 
 SOLVING FOR HEAD 
                                                   Max.-Head-Change                        Max.-Flux-Residual
  Residual-Control   Outer-Iter.   Inner-Iter.     Column Row Layer    Max.-Head-Change    Column Row Layer    Max.-Flux-Residual            L2-New               L2-Old           Solver-Max-Delh
          0                 1           4            52    7     1      -0.1292664592E+02      44   26    1      -0.6825506858E+04      0.1921012455E+06      0.4871889058E+02     -0.1292664592E+02
          0                 2           3            52    7     1       0.1116651840E+01      38   19    1       0.7083354825E+03      0.1921751417E+05      0.1921012455E+06      0.1116651840E+01
          0                 3           3            52    7     1       0.5583359895E-01      38   19    1       0.3541675618E+02      0.9608711143E+03      0.1921751417E+05      0.5583359895E-01

    ------------------------------------------------
       NWT REQUIRED            3 OUTER ITERATIONS 
       AND A TOTAL OF         10 INNER ITERATIONS.
    ------------------------------------------------

 NO OUTPUT CONTROL FOR STRESS PERIOD    1   TIME STEP  186
 
 SOLVING FOR HEAD 
                                                   Max.-Head-Change                        Max.-Flux-Residual
  Residual-Control   Outer-Iter.   Inner-Iter.     Column Row Layer    Max.-Head-Change    Column Row Layer    Max.-Flux-Residual            L2-New               L2-Old           Solver-Max-Delh
          0                 1           4            52    7     1      -0.1260671183E+02      44   26    1      -0.6673087139E+04      0.1891922738E+06      0.4803391080E+02     -0.1260671183E+02
          0                 2           3            52    7     1       0.1088854676E+01      49   63    1       0.8014996125E+03      0.1895607393E+05      0.1891922738E+06      0.1088854676E+01
          0                 3           3            52    7     1       0.5444325061E-01      49   63    1       0.3980666850E+02      0.9479385117E+03      0.1895607393E+05      0.5444325061E-01

    ------------------------------------------------
       NWT REQUIRED            3 OUTER ITERATIONS 
       AND A TOTAL OF         10 INNER ITERATIONS.
    ------------------------------------------------

 NO OUTPUT CONTROL FOR STRESS PERIOD    1   TIME STEP  187
 
 SOLVING FOR HEAD 
                                                   Max.-Head-Change                        Max.-Flux-Residual
  Residual-Control   Outer-Iter.   Inner-Iter.     Column Row Layer    Max.-Head-Change    Column Row Layer    Max.-Flux-Residual            L2-New               L2-Old           Solver-Max-Delh
          0                 1           4            52    7     1      -0.1229526372E+02      32   10    1      -0.6578458921E+04      0.1861969744E+06      0.4738737155E+02     -0.1229526372E+02
          0                 2           3            52    7     1       0.1061971447E+01      39   20    1       0.6979179003E+03      0.1862163710E+05      0.1861969744E+06      0.1061971447E+01
          0                 3           3            52    7     1       0.5309910243E-01      39   20    1       0.3489587734E+02      0.9310793009E+03      0.1862163710E+05      0.5309910243E-01

    ------------------------------------------------
       NWT REQUIRED            3 OUTER ITERATIONS 
       AND A TOTAL OF         10 INNER ITERATIONS.
    ------------------------------------------------

 NO OUTPUT CONTROL FOR STRESS PERIOD    1   TIME STEP  188
 
 SOLVING FOR HEAD 
                                                   Max.-Head-Change                        Max.-Flux-Residual
  Residual-Control   Outer-Iter.   Inner-Iter.     Column Row Layer    Max.-Head-Change    Column Row Layer    Max.-Flux-Residual            L2-New               L2-Old           Solver-Max-Delh
          0                 1           4            52    7     1      -0.1199127264E+02      32   10    1      -0.6517418544E+04      0.1831445758E+06      0.4654462346E+02     -0.1199127264E+02
          0                 2           3            52    7     1       0.1036293119E+01      32   10    1       0.6517418641E+03      0.1831360840E+05      0.1831445758E+06      0.1036293119E+01
          0                 3           3            52    7     1       0.5181609805E-01      34   11    1       0.4305077908E+02      0.9159192315E+03      0.1831360840E+05      0.5181609805E-01

    ------------------------------------------------
       NWT REQUIRED            3 OUTER ITERATIONS 
       AND A TOTAL OF         10 INNER ITERATIONS.
    ------------------------------------------------

 NO OUTPUT CONTROL FOR STRESS PERIOD    1   TIME STEP  189
 
 SOLVING FOR HEAD 
                                                   Max.-Head-Change                        Max.-Flux-Residual
  Residual-Control   Outer-Iter.   Inner-Iter.     Column Row Layer    Max.-Head-Change    Column Row Layer    Max.-Flux-Residual            L2-New               L2-Old           Solver-Max-Delh
          0                 1           4            52    7     1      -0.1169392288E+02      32   10    1      -0.6448496204E+04      0.1800492182E+06      0.4578677624E+02     -0.1169392288E+02
          0                 2           3            52    7     1       0.1009957144E+01      34   11    1       0.7006896744E+03      0.1801477602E+05      0.1800492182E+06      0.1009957144E+01
          0                 3           3            52    7     1       0.5049871303E-01      34   11    1       0.3503446351E+02      0.9007317647E+03      0.1801477602E+05      0.5049871303E-01

    ------------------------------------------------
       NWT REQUIRED            3 OUTER ITERATIONS 
       AND A TOTAL OF         10 INNER ITERATIONS.
    ------------------------------------------------

 NO OUTPUT CONTROL FOR STRESS PERIOD    1   TIME STEP  190
 
 SOLVING FOR HEAD 
                                                   Max.-Head-Change                        Max.-Flux-Residual
  Residual-Control   Outer-Iter.   Inner-Iter.     Column Row Layer    Max.-Head-Change    Column Row Layer    Max.-Flux-Residual            L2-New               L2-Old           Solver-Max-Delh
          0                 1           4            52    7     1      -0.1140488434E+02      32   10    1      -0.6374767896E+04      0.1769259524E+06      0.4502754567E+02     -0.1140488434E+02
          0                 2           3            52    7     1       0.9850181437E+00      35   13    1       0.7069309810E+03      0.1769654350E+05      0.1769259524E+06      0.9850181437E+00
          0                 3           3            52    7     1       0.4925154007E-01      35   13    1       0.3534653114E+02      0.8848228911E+03      0.1769654350E+05      0.4925154007E-01

    ------------------------------------------------
       NWT REQUIRED            3 OUTER ITERATIONS 
       AND A TOTAL OF         10 INNER ITERATIONS.
    ------------------------------------------------

 NO OUTPUT CONTROL FOR STRESS PERIOD    1   TIME STEP  191
 
 SOLVING FOR HEAD 
                                                   Max.-Head-Change                        Max.-Flux-Residual
  Residual-Control   Outer-Iter.   Inner-Iter.     Column Row Layer    Max.-Head-Change    Column Row Layer    Max.-Flux-Residual            L2-New               L2-Old           Solver-Max-Delh
          0                 1           4            52    7     1      -0.1112305487E+02      32   10    1      -0.6295728334E+04      0.1737902036E+06      0.4423226986E+02     -0.1112305487E+02
          0                 2           3            52    7     1       0.9611503701E+00      34   54    1       0.8311339983E+03      0.1739840370E+05      0.1737902036E+06      0.9611503701E+00
          0                 3           3            52    7     1       0.4805784058E-01      34   54    1       0.4243654476E+02      0.8699700780E+03      0.1739840370E+05      0.4805784058E-01

    ------------------------------------------------
       NWT REQUIRED            3 OUTER ITERATIONS 
       AND A TOTAL OF         10 INNER ITERATIONS.
    ------------------------------------------------

 NO OUTPUT CONTROL FOR STRESS PERIOD    1   TIME STEP  192
 
 SOLVING FOR HEAD 
                                                   Max.-Head-Change                        Max.-Flux-Residual
  Residual-Control   Outer-Iter.   Inner-Iter.     Column Row Layer    Max.-Head-Change    Column Row Layer    Max.-Flux-Residual            L2-New               L2-Old           Solver-Max-Delh
          0                 1           4            52    7     1      -0.1084725675E+02      32   10    1      -0.6212198244E+04      0.1706522834E+06      0.4348971919E+02     -0.1084725675E+02
          0                 2           3            52    7     1       0.9368187066E+00      32   10    1       0.6212198337E+03      0.1708263686E+05      0.1706522834E+06      0.9368187066E+00
          0                 3           3            52    7     1       0.4684154646E-01      32   10    1       0.3106097595E+02      0.8546252671E+03      0.1708263686E+05      0.4684154646E-01

    ------------------------------------------------
       NWT REQUIRED            3 OUTER ITERATIONS 
       AND A TOTAL OF         10 INNER ITERATIONS.
    ------------------------------------------------

 NO OUTPUT CONTROL FOR STRESS PERIOD    1   TIME STEP  193
 
 SOLVING FOR HEAD 
                                                   Max.-Head-Change                        Max.-Flux-Residual
  Residual-Control   Outer-Iter.   Inner-Iter.     Column Row Layer    Max.-Head-Change    Column Row Layer    Max.-Flux-Residual            L2-New               L2-Old           Solver-Max-Delh
          0                 1           4            52    7     1      -0.1057963601E+02      32   10    1      -0.6123615627E+04      0.1675208736E+06      0.4991250068E+02     -0.1057963601E+02
          0                 2           3            52    7     1       0.9136983221E+00      32   10    1       0.6123615718E+03      0.1675562282E+05      0.1675208736E+06      0.9136983221E+00
          0                 3           3            52    7     1       0.4568537367E-01      56   99    1      -0.2325678206E+03      0.8693599664E+03      0.1675562282E+05      0.4568537367E-01

    ------------------------------------------------
       NWT REQUIRED            3 OUTER ITERATIONS 
       AND A TOTAL OF         10 INNER ITERATIONS.
    ------------------------------------------------

 NO OUTPUT CONTROL FOR STRESS PERIOD    1   TIME STEP  194
 
 SOLVING FOR HEAD 
                                                   Max.-Head-Change                        Max.-Flux-Residual
  Residual-Control   Outer-Iter.   Inner-Iter.     Column Row Layer    Max.-Head-Change    Column Row Layer    Max.-Flux-Residual            L2-New               L2-Old           Solver-Max-Delh
          0                 1           4            52    7     1      -0.1031933710E+02      32   10    1      -0.6032775143E+04      0.1644046731E+06      0.7694126091E+02     -0.1031933710E+02
          0                 2           3            52    7     1       0.8912157221E+00      32   10    1       0.6032775233E+03      0.1644133898E+05      0.1644046731E+06      0.8912157221E+00
          0                 3           3            52    7     1       0.4456123294E-01      32   10    1       0.3016386088E+02      0.8220664159E+03      0.1644133898E+05      0.4456123294E-01

    ------------------------------------------------
       NWT REQUIRED            3 OUTER ITERATIONS 
       AND A TOTAL OF         10 INNER ITERATIONS.
    ------------------------------------------------

 NO OUTPUT CONTROL FOR STRESS PERIOD    1   TIME STEP  195
 
 SOLVING FOR HEAD 
                                                   Max.-Head-Change                        Max.-Flux-Residual
  Residual-Control   Outer-Iter.   Inner-Iter.     Column Row Layer    Max.-Head-Change    Column Row Layer    Max.-Flux-Residual            L2-New               L2-Old           Solver-Max-Delh
          0                 1           4             1    3     1      -0.8994839299E+01      34   13    1      -0.5689703716E+04      0.1413773410E+06      0.4109507694E+02     -0.8994839299E+01
          0                 2           3             1    3     1       0.7768270673E+00      34   13    1       0.5689703801E+03      0.1413949164E+05      0.1413773410E+06      0.7768270673E+00
          0                 3           3             1    3     1       0.3884174212E-01      34   13    1       0.2844849997E+02      0.7069853322E+03      0.1413949164E+05      0.3884174212E-01

    ------------------------------------------------
       NWT REQUIRED            3 OUTER ITERATIONS 
       AND A TOTAL OF         10 INNER ITERATIONS.
    ------------------------------------------------

 NO OUTPUT CONTROL FOR STRESS PERIOD    1   TIME STEP  196
 
 SOLVING FOR HEAD 
                                                   Max.-Head-Change                        Max.-Flux-Residual
  Residual-Control   Outer-Iter.   Inner-Iter.     Column Row Layer    Max.-Head-Change    Column Row Layer    Max.-Flux-Residual            L2-New               L2-Old           Solver-Max-Delh
          0                 1           4            53   12     1       0.8075066650E+02      35   30    1       0.3763591912E+05      0.5644908137E+06      0.3535380843E+02      0.8075066650E+02
          0                 2           3            54   14     1      -0.6206943112E+01      51   59    1       0.9446858164E+04      0.5981574973E+05      0.5644908137E+06     -0.6206943112E+01
          0                 3           3            54   14     1      -0.3109060848E+00      53   86    1      -0.1348558054E+04      0.3491373685E+04      0.5981574973E+05     -0.3109060848E+00
          0                 4           3            54   14     1      -0.1554235066E-01      52   71    1       0.7641924039E+02      0.1913148711E+03      0.3491373685E+04     -0.1554235066E-01

    ------------------------------------------------
       NWT REQUIRED            4 OUTER ITERATIONS 
       AND A TOTAL OF         13 INNER ITERATIONS.
    ------------------------------------------------

 NO OUTPUT CONTROL FOR STRESS PERIOD    1   TIME STEP  197
 
 SOLVING FOR HEAD 
                                                   Max.-Head-Change                        Max.-Flux-Residual
  Residual-Control   Outer-Iter.   Inner-Iter.     Column Row Layer    Max.-Head-Change    Column Row Layer    Max.-Flux-Residual            L2-New               L2-Old           Solver-Max-Delh
          0                 1           4            53   12     1       0.1081851534E+03      39   27    1       0.4521494203E+05      0.8614329040E+06      0.1913148711E+03      0.1081851534E+03
          0                 2           4            53   12     1      -0.9478238483E+01      48   62    1       0.1492724489E+05      0.1030119775E+06      0.8614329040E+06     -0.9478238483E+01
          0                 3           3            53   12     1      -0.4744769130E+00      48   62    1      -0.1492724511E+04      0.7712866839E+04      0.1030119775E+06     -0.4744769130E+00
          0                 4           3            53   12     1      -0.2371933882E-01      48   62    1      -0.7463618778E+02      0.3833716231E+03      0.7712866839E+04     -0.2371933882E-01

    ------------------------------------------------
       NWT REQUIRED            4 OUTER ITERATIONS 
       AND A TOTAL OF         14 INNER ITERATIONS.
    ------------------------------------------------

 NO OUTPUT CONTROL FOR STRESS PERIOD    1   TIME STEP  198
 
 SOLVING FOR HEAD 
                                                   Max.-Head-Change                        Max.-Flux-Residual
  Residual-Control   Outer-Iter.   Inner-Iter.     Column Row Layer    Max.-Head-Change    Column Row Layer    Max.-Flux-Residual            L2-New               L2-Old           Solver-Max-Delh
          0                 1           4            54   11     1       0.6931051408E+02      42   25    1       0.3113486231E+05      0.7277570594E+06      0.3833716231E+03      0.6931051408E+02
          0                 2           3            54   11     1      -0.5987145777E+01      51   69    1       0.1641239059E+05      0.8488700403E+05      0.7277570594E+06     -0.5987145777E+01
          0                 3           3            51   69     1      -0.4204178280E+00      51   69    1      -0.1462701181E+04      0.5891192110E+04      0.8488700403E+05     -0.4204178280E+00
          0                 4           3            51   69     1      -0.2102695162E-01      51   69    1      -0.7313502228E+02      0.2969362625E+03      0.5891192110E+04     -0.2102695162E-01

    ------------------------------------------------
       NWT REQUIRED            4 OUTER ITERATIONS 
       AND A TOTAL OF         13 INNER ITERATIONS.
    ------------------------------------------------

 NO OUTPUT CONTROL FOR STRESS PERIOD    1   TIME STEP  199
 
 SOLVING FOR HEAD 
                                                   Max.-Head-Change                        Max.-Flux-Residual
  Residual-Control   Outer-Iter.   Inner-Iter.     Column Row Layer    Max.-Head-Change    Column Row Layer    Max.-Flux-Residual            L2-New               L2-Old           Solver-Max-Delh
          0                 1           4            52    7     1       0.5208273533E+02      42   25    1       0.2697392218E+05      0.5839913582E+06      0.2969362625E+03      0.5208273533E+02
          0                 2           3            49   65     1       0.5283954169E+01      50   66    1       0.1861905266E+05      0.7116146108E+05      0.5839913582E+06      0.5283954169E+01
          0                 3           3            49   65     1      -0.4348417046E+00      50   66    1      -0.1861905297E+04      0.5682015663E+04      0.7116146108E+05     -0.4348417046E+00
          0                 4           3            49   65     1      -0.2174385252E-01      65   81    1      -0.1201835050E+03      0.3157748825E+03      0.5682015663E+04     -0.2174385252E-01

    ------------------------------------------------
       NWT REQUIRED            4 OUTER ITERATIONS 
       AND A TOTAL OF         13 INNER ITERATIONS.
    ------------------------------------------------

 NO OUTPUT CONTROL FOR STRESS PERIOD    1   TIME STEP  200
 
 SOLVING FOR HEAD 
                                                   Max.-Head-Change                        Max.-Flux-Residual
  Residual-Control   Outer-Iter.   Inner-Iter.     Column Row Layer    Max.-Head-Change    Column Row Layer    Max.-Flux-Residual            L2-New               L2-Old           Solver-Max-Delh
          0                 1           4            52    7     1       0.3809674206E+02      45   29    1       0.2249900258E+05      0.4700195255E+06      0.3157748825E+03      0.3809674206E+02
          0                 2           3            48   69     1       0.1124024391E+02      48   68    1       0.2425031221E+05      0.6255025796E+05      0.4700195255E+06      0.1124024391E+02
          0                 3           3            48   69     1      -0.9670076107E+00      48   68    1      -0.2425031252E+04      0.5175867594E+04      0.6255025796E+05     -0.9670076107E+00
          0                 4           3            48   69     1      -0.4835218767E-01      63   74    1      -0.1547082492E+03      0.3401027393E+03      0.5175867594E+04     -0.4835218767E-01

    ------------------------------------------------
       NWT REQUIRED            4 OUTER ITERATIONS 
       AND A TOTAL OF         13 INNER ITERATIONS.
    ------------------------------------------------

 NO OUTPUT CONTROL FOR STRESS PERIOD    1   TIME STEP  201
 
 SOLVING FOR HEAD 
                                                   Max.-Head-Change                        Max.-Flux-Residual
  Residual-Control   Outer-Iter.   Inner-Iter.     Column Row Layer    Max.-Head-Change    Column Row Layer    Max.-Flux-Residual            L2-New               L2-Old           Solver-Max-Delh
          0                 1           4            52    7     1       0.2649145599E+02      45   29    1       0.1836839315E+05      0.3711021351E+06      0.3401027393E+03      0.2649145599E+02
          0                 2           3            48   72     1       0.2531837684E+01      49   73    1       0.7945942426E+04      0.3899268163E+05      0.3711021351E+06      0.2531837684E+01
          0                 3           3            48   72     1      -0.2193624373E+00      49   73    1      -0.7945942570E+03      0.2295040418E+04      0.3899268163E+05     -0.2193624373E+00
          0                 4           3            48   72     1      -0.1097575743E-01      47   86    1       0.7295431854E+02      0.1410451692E+03      0.2295040418E+04     -0.1097575743E-01

    ------------------------------------------------
       NWT REQUIRED            4 OUTER ITERATIONS 
       AND A TOTAL OF         13 INNER ITERATIONS.
    ------------------------------------------------

 NO OUTPUT CONTROL FOR STRESS PERIOD    1   TIME STEP  202
 
 SOLVING FOR HEAD 
                                                   Max.-Head-Change                        Max.-Flux-Residual
  Residual-Control   Outer-Iter.   Inner-Iter.     Column Row Layer    Max.-Head-Change    Column Row Layer    Max.-Flux-Residual            L2-New               L2-Old           Solver-Max-Delh
          0                 1           4            44    7     1       0.2122385801E+02      48   73    1       0.1487315638E+05      0.2892908438E+06      0.1410451692E+03      0.2122385801E+02
          0                 2           3            48   74     1       0.3343528270E+01      48   74    1       0.7479510215E+04      0.3269330562E+05      0.2892908438E+06      0.3343528270E+01
          0                 3           3            48   74     1      -0.2687789953E+00      48   74    1      -0.7479510361E+03      0.2319061679E+04      0.3269330562E+05     -0.2687789953E+00
          0                 4           3            48   74     1      -0.1343946539E-01      48   74    1      -0.3739753305E+02      0.1164809635E+03      0.2319061679E+04     -0.1343946539E-01

    ------------------------------------------------
       NWT REQUIRED            4 OUTER ITERATIONS 
       AND A TOTAL OF         13 INNER ITERATIONS.
    ------------------------------------------------

 NO OUTPUT CONTROL FOR STRESS PERIOD    1   TIME STEP  203
 
 SOLVING FOR HEAD 
                                                   Max.-Head-Change                        Max.-Flux-Residual
  Residual-Control   Outer-Iter.   Inner-Iter.     Column Row Layer    Max.-Head-Change    Column Row Layer    Max.-Flux-Residual            L2-New               L2-Old           Solver-Max-Delh
          0                 1           4            41    7     1       0.1673452350E+02      45   29    1       0.1071106496E+05      0.2211378114E+06      0.1164809635E+03      0.1673452350E+02
          0                 2           3            44   84     1       0.2545465851E+01      44   84    1       0.5542711565E+04      0.2416820713E+05      0.2211378114E+06      0.2545465851E+01
          0                 3           3            44   84     1      -0.2272688332E+00      44   84    1      -0.5773381179E+03      0.1702614326E+04      0.2416820713E+05     -0.2272688332E+00
          0                 4           3            44   84     1      -0.1136480181E-01      44   84    1      -0.2886689133E+02      0.8671618670E+02      0.1702614326E+04     -0.1136480181E-01

    ------------------------------------------------
       NWT REQUIRED            4 OUTER ITERATIONS 
       AND A TOTAL OF         13 INNER ITERATIONS.
    ------------------------------------------------

 NO OUTPUT CONTROL FOR STRESS PERIOD    1   TIME STEP  204
 
 SOLVING FOR HEAD 
                                                   Max.-Head-Change                        Max.-Flux-Residual
  Residual-Control   Outer-Iter.   Inner-Iter.     Column Row Layer    Max.-Head-Change    Column Row Layer    Max.-Flux-Residual            L2-New               L2-Old           Solver-Max-Delh
          0                 1           4            41    7     1       0.1337976024E+02      47   76    1       0.9055191231E+04      0.1683839278E+06      0.8671618670E+02      0.1337976024E+02
          0                 2           3            41    7     1      -0.1155515367E+01      49   81    1       0.2042484469E+04      0.1717132848E+05      0.1683839278E+06     -0.1155515367E+01
          0                 3           3            47   76     1      -0.8698532268E-01      49   81    1      -0.2042484504E+03      0.1039701091E+04      0.1717132848E+05     -0.8698532268E-01

    ------------------------------------------------
       NWT REQUIRED            3 OUTER ITERATIONS 
       AND A TOTAL OF         10 INNER ITERATIONS.
    ------------------------------------------------

 NO OUTPUT CONTROL FOR STRESS PERIOD    1   TIME STEP  205
 
 SOLVING FOR HEAD 
                                                   Max.-Head-Change                        Max.-Flux-Residual
  Residual-Control   Outer-Iter.   Inner-Iter.     Column Row Layer    Max.-Head-Change    Column Row Layer    Max.-Flux-Residual            L2-New               L2-Old           Solver-Max-Delh
          0                 1           4            40    7     1       0.1024696897E+02      48   77    1       0.6706221183E+04      0.1243786730E+06      0.5986647394E+02      0.1024696897E+02
          0                 2           3            48   77     1       0.1618391019E+01      48   77    1       0.3564579215E+04      0.1412561018E+05      0.1243786730E+06      0.1618391019E+01
          0                 3           3            48   77     1      -0.1339789967E+00      50   76    1       0.3845989822E+03      0.1246865930E+04      0.1412561018E+05     -0.1339789967E+00
          0                 4           3            48   77     1      -0.6699048982E-02      50   76    1       0.1922868816E+02      0.6233810454E+02      0.1246865930E+04     -0.6699048982E-02

    ------------------------------------------------
       NWT REQUIRED            4 OUTER ITERATIONS 
       AND A TOTAL OF         13 INNER ITERATIONS.
    ------------------------------------------------

 NO OUTPUT CONTROL FOR STRESS PERIOD    1   TIME STEP  206
 
 SOLVING FOR HEAD 
                                                   Max.-Head-Change                        Max.-Flux-Residual
  Residual-Control   Outer-Iter.   Inner-Iter.     Column Row Layer    Max.-Head-Change    Column Row Layer    Max.-Flux-Residual            L2-New               L2-Old           Solver-Max-Delh
          0                 1           4            40    7     1       0.7368991922E+01      47   79    1       0.6540055051E+04      0.9309100961E+05      0.6233810454E+02      0.7368991922E+01
          0                 2           3            40    7     1      -0.6375020057E+00      59   98    1       0.1052551085E+04      0.9377913927E+04      0.9309100961E+05     -0.6375020057E+00
          0                 3           3            40    7     1      -0.3187558651E-01      59   98    1       0.5211129725E+02      0.4746856256E+03      0.9377913927E+04     -0.3187558651E-01

    ------------------------------------------------
       NWT REQUIRED            3 OUTER ITERATIONS 
       AND A TOTAL OF         10 INNER ITERATIONS.
    ------------------------------------------------

 NO OUTPUT CONTROL FOR STRESS PERIOD    1   TIME STEP  207
 
 SOLVING FOR HEAD 
                                                   Max.-Head-Change                        Max.-Flux-Residual
  Residual-Control   Outer-Iter.   Inner-Iter.     Column Row Layer    Max.-Head-Change    Column Row Layer    Max.-Flux-Residual            L2-New               L2-Old           Solver-Max-Delh
          0                 1           4            53   12     1       0.1403192059E+02      51   27    1       0.7762427165E+04      0.1153022242E+06      0.4746856256E+03      0.1403192059E+02
          0                 2           3            53   12     1      -0.1224243857E+01      60   99    1       0.9343192143E+03      0.1162704495E+05      0.1153022242E+06     -0.1224243857E+01
          0                 3           3            53   12     1      -0.6121280971E-01      46   88    1      -0.5190094308E+02      0.5918300618E+03      0.1162704495E+05     -0.6121280971E-01

    ------------------------------------------------
       NWT REQUIRED            3 OUTER ITERATIONS 
       AND A TOTAL OF         10 INNER ITERATIONS.
    ------------------------------------------------

 NO OUTPUT CONTROL FOR STRESS PERIOD    1   TIME STEP  208
 
 SOLVING FOR HEAD 
                                                   Max.-Head-Change                        Max.-Flux-Residual
  Residual-Control   Outer-Iter.   Inner-Iter.     Column Row Layer    Max.-Head-Change    Column Row Layer    Max.-Flux-Residual            L2-New               L2-Old           Solver-Max-Delh
          0                 1           4            40    7     1       0.5735049875E+01      37    8    1       0.3778766991E+04      0.7679518632E+05      0.2958560800E+02      0.5735049875E+01
          0                 2           3            40    7     1      -0.4962399835E+00      47   79    1       0.5002283762E+03      0.7719170585E+04      0.7679518632E+05     -0.4962399835E+00
          0                 3           3            40    7     1      -0.2481222420E-01      47   79    1       0.2473601593E+02      0.3860648705E+03      0.7719170585E+04     -0.2481222420E-01

    ------------------------------------------------
       NWT REQUIRED            3 OUTER ITERATIONS 
       AND A TOTAL OF         10 INNER ITERATIONS.
    ------------------------------------------------

 NO OUTPUT CONTROL FOR STRESS PERIOD    1   TIME STEP  209
 
 SOLVING FOR HEAD 
                                                   Max.-Head-Change                        Max.-Flux-Residual
  Residual-Control   Outer-Iter.   Inner-Iter.     Column Row Layer    Max.-Head-Change    Column Row Layer    Max.-Flux-Residual            L2-New               L2-Old           Solver-Max-Delh
          0                 1           4             4    3     1       0.1797858088E+02      20    7    1       0.1722932402E+05      0.1819762794E+06      0.3860648705E+03      0.1797858088E+02
          0                 2           3             4    3     1      -0.1551304707E+01      50   77    1       0.3918633107E+04      0.2014967499E+05      0.1819762794E+06     -0.1551304707E+01
          0                 3           3            50   76     1       0.8097297295E-01      50   76    1       0.2591626876E+03      0.1030466308E+04      0.2014967499E+05      0.8097297295E-01

    ------------------------------------------------
       NWT REQUIRED            3 OUTER ITERATIONS 
       AND A TOTAL OF         10 INNER ITERATIONS.
    ------------------------------------------------

 NO OUTPUT CONTROL FOR STRESS PERIOD    1   TIME STEP  210
 
 SOLVING FOR HEAD 
                                                   Max.-Head-Change                        Max.-Flux-Residual
  Residual-Control   Outer-Iter.   Inner-Iter.     Column Row Layer    Max.-Head-Change    Column Row Layer    Max.-Flux-Residual            L2-New               L2-Old           Solver-Max-Delh
          0                 1           4             1    3     1       0.1417776335E+02      20    5    1       0.8044039851E+04      0.1408294262E+06      0.5149314258E+02      0.1417776335E+02
          0                 2           3             1    3     1      -0.1224776892E+01      50   76    1       0.3402136791E+04      0.1514881856E+05      0.1408294262E+06     -0.1224776892E+01
          0                 3           3             1    3     1      -0.6123945476E-01      50   76    1       0.1623951963E+03      0.7610964715E+03      0.1514881856E+05     -0.6123945476E-01

    ------------------------------------------------
       NWT REQUIRED            3 OUTER ITERATIONS 
       AND A TOTAL OF         10 INNER ITERATIONS.
    ------------------------------------------------

 NO OUTPUT CONTROL FOR STRESS PERIOD    1   TIME STEP  211
 
 SOLVING FOR HEAD 
                                                   Max.-Head-Change                        Max.-Flux-Residual
  Residual-Control   Outer-Iter.   Inner-Iter.     Column Row Layer    Max.-Head-Change    Column Row Layer    Max.-Flux-Residual            L2-New               L2-Old           Solver-Max-Delh
          0                 1           4             8    1     1       0.1114278806E+02      20    5    1       0.7208269526E+04      0.1245096201E+06      0.3805228872E+02      0.1114278806E+02
          0                 2           3             8    1     1      -0.9623296039E+00      46   80    1       0.3107967302E+04      0.1319571731E+05      0.1245096201E+06     -0.9623296039E+00
          0                 3           3            48   79     1       0.6856075860E-01      48   79    1       0.2880969690E+03      0.7252897157E+03      0.1319571731E+05      0.6856075860E-01

    ------------------------------------------------
       NWT REQUIRED            3 OUTER ITERATIONS 
       AND A TOTAL OF         10 INNER ITERATIONS.
    ------------------------------------------------

 NO OUTPUT CONTROL FOR STRESS PERIOD    1   TIME STEP  212
 
 SOLVING FOR HEAD 
                                                   Max.-Head-Change                        Max.-Flux-Residual
  Residual-Control   Outer-Iter.   Inner-Iter.     Column Row Layer    Max.-Head-Change    Column Row Layer    Max.-Flux-Residual            L2-New               L2-Old           Solver-Max-Delh
          0                 1           4            54   12     1      -0.1203586942E+02       7   17    1       0.6010141778E+04      0.1184665544E+06      0.3623552695E+02     -0.1203586942E+02
          0                 2           3            54   12     1       0.1040508640E+01      49   72    1       0.4123188031E+04      0.1416826342E+05      0.1184665544E+06      0.1040508640E+01
          0                 3           3            48   75     1       0.6697080394E-01      50   80    1       0.2909073164E+03      0.7974706721E+03      0.1416826342E+05      0.6697080394E-01

    ------------------------------------------------
       NWT REQUIRED            3 OUTER ITERATIONS 
       AND A TOTAL OF         10 INNER ITERATIONS.
    ------------------------------------------------

 NO OUTPUT CONTROL FOR STRESS PERIOD    1   TIME STEP  213
 
 SOLVING FOR HEAD 
                                                   Max.-Head-Change                        Max.-Flux-Residual
  Residual-Control   Outer-Iter.   Inner-Iter.     Column Row Layer    Max.-Head-Change    Column Row Layer    Max.-Flux-Residual            L2-New               L2-Old           Solver-Max-Delh
          0                 1           4            54   12     1      -0.1328866365E+02      43   27    1      -0.5620216216E+04      0.1194752481E+06      0.3983241391E+02     -0.1328866365E+02
          0                 2           3            54   12     1       0.1147818840E+01      48   75    1       0.2108562723E+04      0.1277355760E+05      0.1194752481E+06      0.1147818840E+01
          0                 3           3            54   12     1       0.5739151733E-01      51   76    1       0.2501011097E+03      0.6994678022E+03      0.1277355760E+05      0.5739151733E-01

    ------------------------------------------------
       NWT REQUIRED            3 OUTER ITERATIONS 
       AND A TOTAL OF         10 INNER ITERATIONS.
    ------------------------------------------------

 NO OUTPUT CONTROL FOR STRESS PERIOD    1   TIME STEP  214
 
 SOLVING FOR HEAD 
                                                   Max.-Head-Change                        Max.-Flux-Residual
  Residual-Control   Outer-Iter.   Inner-Iter.     Column Row Layer    Max.-Head-Change    Column Row Layer    Max.-Flux-Residual            L2-New               L2-Old           Solver-Max-Delh
          0                 1           4            54   12     1      -0.1413421528E+02      43   27    1      -0.6068815977E+04      0.1246720540E+06      0.3495917934E+02     -0.1413421528E+02
          0                 2           3            54   12     1       0.1220724416E+01      50   71    1       0.2952747632E+04      0.1342314351E+05      0.1246720540E+06      0.1220724416E+01
          0                 3           3            48   68     1       0.7300866541E-01      48   68    1       0.2503034577E+03      0.7143435126E+03      0.1342314351E+05      0.7300866541E-01

    ------------------------------------------------
       NWT REQUIRED            3 OUTER ITERATIONS 
       AND A TOTAL OF         10 INNER ITERATIONS.
    ------------------------------------------------

 NO OUTPUT CONTROL FOR STRESS PERIOD    1   TIME STEP  215
 
 SOLVING FOR HEAD 
                                                   Max.-Head-Change                        Max.-Flux-Residual
  Residual-Control   Outer-Iter.   Inner-Iter.     Column Row Layer    Max.-Head-Change    Column Row Layer    Max.-Flux-Residual            L2-New               L2-Old           Solver-Max-Delh
          0                 1           4            54   12     1      -0.1467095916E+02      45   27    1      -0.6466010341E+04      0.1318322794E+06      0.4610072366E+02     -0.1467095916E+02
          0                 2           3            54   12     1       0.1273270580E+01      48   67    1       0.4357656428E+04      0.1551454359E+05      0.1318322794E+06      0.1273270580E+01
          0                 3           3            49   68     1       0.1829227342E+00      49   68    1       0.8745552571E+03      0.1237915991E+04      0.1551454359E+05      0.1829227342E+00
          0                 4           3            49   70     1       0.1789689005E-01      49   70    1       0.8673205643E+02      0.1064278590E+03      0.1237915991E+04      0.1789689005E-01

    ------------------------------------------------
       NWT REQUIRED            4 OUTER ITERATIONS 
       AND A TOTAL OF         13 INNER ITERATIONS.
    ------------------------------------------------

 NO OUTPUT CONTROL FOR STRESS PERIOD    1   TIME STEP  216
 
 SOLVING FOR HEAD 
                                                   Max.-Head-Change                        Max.-Flux-Residual
  Residual-Control   Outer-Iter.   Inner-Iter.     Column Row Layer    Max.-Head-Change    Column Row Layer    Max.-Flux-Residual            L2-New               L2-Old           Solver-Max-Delh
          0                 1           4            54   12     1      -0.1496641058E+02      45   27    1      -0.6770707489E+04      0.1395017148E+06      0.1064278590E+03     -0.1496641058E+02
          0                 2           3            54   12     1       0.1292759862E+01      49   70    1       0.2594491527E+04      0.1529803328E+05      0.1395017148E+06      0.1292759862E+01
          0                 3           3            54   12     1       0.6463862668E-01      51   68    1       0.2600107876E+03      0.8374411256E+03      0.1529803328E+05      0.6463862668E-01

    ------------------------------------------------
       NWT REQUIRED            3 OUTER ITERATIONS 
       AND A TOTAL OF         10 INNER ITERATIONS.
    ------------------------------------------------

 NO OUTPUT CONTROL FOR STRESS PERIOD    1   TIME STEP  217
 
 SOLVING FOR HEAD 
                                                   Max.-Head-Change                        Max.-Flux-Residual
  Residual-Control   Outer-Iter.   Inner-Iter.     Column Row Layer    Max.-Head-Change    Column Row Layer    Max.-Flux-Residual            L2-New               L2-Old           Solver-Max-Delh
          0                 1           4            54   12     1      -0.1509678222E+02      45   27    1      -0.6985584321E+04      0.1468673420E+06      0.4184638226E+02     -0.1509678222E+02
          0                 2           3            53   12     1       0.1335008698E+01      51   68    1       0.1875681288E+04      0.1517317491E+05      0.1468673420E+06      0.1335008698E+01
          0                 3           3            53   12     1       0.6675110184E-01      63   74    1       0.2226178704E+03      0.7903116780E+03      0.1517317491E+05      0.6675110184E-01

    ------------------------------------------------
       NWT REQUIRED            3 OUTER ITERATIONS 
       AND A TOTAL OF         10 INNER ITERATIONS.
    ------------------------------------------------

 NO OUTPUT CONTROL FOR STRESS PERIOD    1   TIME STEP  218
 
 SOLVING FOR HEAD 
                                                   Max.-Head-Change                        Max.-Flux-Residual
  Residual-Control   Outer-Iter.   Inner-Iter.     Column Row Layer    Max.-Head-Change    Column Row Layer    Max.-Flux-Residual            L2-New               L2-Old           Solver-Max-Delh
          0                 1           4            54   12     1      -0.1506968090E+02      45   27    1      -0.7128748864E+04      0.1535778630E+06      0.3950094426E+02     -0.1506968090E+02
          0                 2           3            54   11     1       0.1311368942E+01      47   81    1       0.1938894899E+04      0.1576411444E+05      0.1535778630E+06      0.1311368942E+01
          0                 3           3            54   11     1       0.6556910062E-01      49   82    1       0.1655116093E+03      0.8207695728E+03      0.1576411444E+05      0.6556910062E-01

    ------------------------------------------------
       NWT REQUIRED            3 OUTER ITERATIONS 
       AND A TOTAL OF         10 INNER ITERATIONS.
    ------------------------------------------------

 NO OUTPUT CONTROL FOR STRESS PERIOD    1   TIME STEP  219
 
 SOLVING FOR HEAD 
                                                   Max.-Head-Change                        Max.-Flux-Residual
  Residual-Control   Outer-Iter.   Inner-Iter.     Column Row Layer    Max.-Head-Change    Column Row Layer    Max.-Flux-Residual            L2-New               L2-Old           Solver-Max-Delh
          0                 1           4            54   12     1      -0.1495352021E+02      45   27    1      -0.7213850738E+04      0.1581381512E+06      0.4102631350E+02     -0.1495352021E+02
          0                 2           3            54   12     1       0.1292288315E+01      50   72    1       0.1881620354E+04      0.1650548958E+05      0.1581381512E+06      0.1292288315E+01
          0                 3           3            54   12     1       0.6461505699E-01      56   86    1       0.2838028844E+03      0.8820164232E+03      0.1650548958E+05      0.6461505699E-01

    ------------------------------------------------
       NWT REQUIRED            3 OUTER ITERATIONS 
       AND A TOTAL OF         10 INNER ITERATIONS.
    ------------------------------------------------

 NO OUTPUT CONTROL FOR STRESS PERIOD    1   TIME STEP  220
 
 SOLVING FOR HEAD 
                                                   Max.-Head-Change                        Max.-Flux-Residual
  Residual-Control   Outer-Iter.   Inner-Iter.     Column Row Layer    Max.-Head-Change    Column Row Layer    Max.-Flux-Residual            L2-New               L2-Old           Solver-Max-Delh
          0                 1           4            52    7     1      -0.8449350772E+01      14   18    1       0.6819487505E+04      0.1301572626E+06      0.2927546197E+03     -0.8449350772E+01
          0                 2           3            52    7     1       0.7286907754E+00      48   64    1       0.1177736340E+04      0.1324832001E+05      0.1301572626E+06      0.7286907754E+00
          0                 3           3            52    7     1       0.3643489745E-01      48   64    1       0.5824511482E+02      0.6632476805E+03      0.1324832001E+05      0.3643489745E-01

    ------------------------------------------------
       NWT REQUIRED            3 OUTER ITERATIONS 
       AND A TOTAL OF         10 INNER ITERATIONS.
    ------------------------------------------------

 NO OUTPUT CONTROL FOR STRESS PERIOD    1   TIME STEP  221
 
 SOLVING FOR HEAD 
                                                   Max.-Head-Change                        Max.-Flux-Residual
  Residual-Control   Outer-Iter.   Inner-Iter.     Column Row Layer    Max.-Head-Change    Column Row Layer    Max.-Flux-Residual            L2-New               L2-Old           Solver-Max-Delh
          0                 1           4            53   12     1       0.1096549685E+03       5    2    1       0.4034012029E+05      0.8231786779E+06      0.3316397211E+02      0.1096549685E+03
          0                 2           4            52   12     1      -0.9150006541E+01      52   70    1       0.8999071082E+04      0.8493490657E+05      0.8231786779E+06     -0.9150006541E+01
          0                 3           3            52   12     1      -0.4574431273E+00      52   70    1      -0.8999071216E+03      0.4673209837E+04      0.8493490657E+05     -0.4574431273E+00
          0                 4           3            52   12     1      -0.2286781140E-01      65   78    1      -0.9425501390E+02      0.2519032076E+03      0.4673209837E+04     -0.2286781140E-01

    ------------------------------------------------
       NWT REQUIRED            4 OUTER ITERATIONS 
       AND A TOTAL OF         14 INNER ITERATIONS.
    ------------------------------------------------

 NO OUTPUT CONTROL FOR STRESS PERIOD    1   TIME STEP  222
 
 SOLVING FOR HEAD 
                                                   Max.-Head-Change                        Max.-Flux-Residual
  Residual-Control   Outer-Iter.   Inner-Iter.     Column Row Layer    Max.-Head-Change    Column Row Layer    Max.-Flux-Residual            L2-New               L2-Old           Solver-Max-Delh
          0                 1           4            54   11     1       0.5920490249E+02      11   12    1       0.2244328248E+05      0.5883721526E+06      0.2519032076E+03      0.5920490249E+02
          0                 2           4            54   11     1      -0.5113075608E+01      50   65    1       0.7127205529E+04      0.6034565068E+05      0.5883721526E+06     -0.5113075608E+01
          0                 3           3            54   11     1      -0.2556543658E+00      49   67    1       0.6501702810E+03      0.3321664928E+04      0.6034565068E+05     -0.2556543658E+00
          0                 4           3            54   11     1      -0.1278028993E-01      64   77    1      -0.3440461710E+02      0.1721704581E+03      0.3321664928E+04     -0.1278028993E-01

    ------------------------------------------------
       NWT REQUIRED            4 OUTER ITERATIONS 
       AND A TOTAL OF         14 INNER ITERATIONS.
    ------------------------------------------------

 NO OUTPUT CONTROL FOR STRESS PERIOD    1   TIME STEP  223
 
 SOLVING FOR HEAD 
                                                   Max.-Head-Change                        Max.-Flux-Residual
  Residual-Control   Outer-Iter.   Inner-Iter.     Column Row Layer    Max.-Head-Change    Column Row Layer    Max.-Flux-Residual            L2-New               L2-Old           Solver-Max-Delh
          0                 1           4            52    7     1       0.4092806282E+02       5   12    1       0.2042513404E+05      0.4670611052E+06      0.1721704581E+03      0.4092806282E+02
          0                 2           4            52    7     1      -0.3539982337E+01      48   66    1       0.6794262664E+04      0.4770026713E+05      0.4670611052E+06     -0.3539982337E+01
          0                 3           3            48   66     1      -0.2145000954E+00      48   66    1      -0.6757684815E+03      0.2537909135E+04      0.4770026713E+05     -0.2145000954E+00
          0                 4           3            48   66     1      -0.1057260547E-01      48   66    1      -0.3281701047E+02      0.1266023192E+03      0.2537909135E+04     -0.1057260547E-01

    ------------------------------------------------
       NWT REQUIRED            4 OUTER ITERATIONS 
       AND A TOTAL OF         14 INNER ITERATIONS.
    ------------------------------------------------

 NO OUTPUT CONTROL FOR STRESS PERIOD    1   TIME STEP  224
 
 SOLVING FOR HEAD 
                                                   Max.-Head-Change                        Max.-Flux-Residual
  Residual-Control   Outer-Iter.   Inner-Iter.     Column Row Layer    Max.-Head-Change    Column Row Layer    Max.-Flux-Residual            L2-New               L2-Old           Solver-Max-Delh
          0                 1           4             1    5     1       0.2911466770E+02       5   12    1       0.1763627532E+05      0.3806683870E+06      0.1266023192E+03      0.2911466770E+02
          0                 2           3             8    1     1      -0.2513204085E+01      49   71    1       0.2009026144E+04      0.3812778438E+05      0.3806683870E+06     -0.2513204085E+01
          0                 3           3             8    1     1      -0.1256614604E+00      49   71    1      -0.1880607227E+03      0.1918243350E+04      0.3812778438E+05     -0.1256614604E+00
          0                 4           3             8    1     1      -0.6281879317E-02      49   71    1      -0.9403074042E+01      0.9589323494E+02      0.1918243350E+04     -0.6281879317E-02

    ------------------------------------------------
       NWT REQUIRED            4 OUTER ITERATIONS 
       AND A TOTAL OF         13 INNER ITERATIONS.
    ------------------------------------------------

 NO OUTPUT CONTROL FOR STRESS PERIOD    1   TIME STEP  225
