 Monthly Averaged Head Values from MODFLOW
 
 month:           1 year:        2005
 layer:           1
 -9.99990E+02 -9.99990E+02 -9.99990E+02  3.28905E+02  3.28374E+02  3.27360E+02  3.26502E+02  3.25868E+02 -9.99990E+02 -9.99990E+02 -9.99990E+02 -9.99990E+02 -9.99990E+02 -9.99990E+02 -9.99990E+02 -9.99990E+02 -9.99990E+02 -9.99990E+02 -9.99990E+02 -9.99990E+02 -9.99990E+02 -9.99990E+02 -9.99990E+02 -9.99990E+02 -9.99990E+02 -9.99990E+02 -9.99990E+02 -9.99990E+02 -9.99990E+02 -9.99990E+02 -9.99990E+02 -9.99990E+02 -9.99990E+02 -9.99990E+02 -9.99990E+02 -9.99990E+02 -9.99990E+02 -9.99990E+02 -9.99990E+02 -9.99990E+02 -9.99990E+02 -9.99990E+02 -9.99990E+02 -9.99990E+02 -9.99990E+02 -9.99990E+02 -9.99990E+02 -9.99990E+02 -9.99990E+02 -9.99990E+02 -9.99990E+02 -9.99990E+02 -9.99990E+02 -9.99990E+02 -9.99990E+02 -9.99990E+02 -9.99990E+02 -9.99990E+02 -9.99990E+02 -9.99990E+02 -9.99990E+02 -9.99990E+02 -9.99990E+02 -9.99990E+02 -9.99990E+02 -9.99990E+02 -9.99990E+02 -9.99990E+02 -9.99990E+02 -9.99990E+02 -9.99990E+02 -9.99990E+02 -9.99990E+02
 -9.99990E+02  3.30444E+02  3.30316E+02  3.29610E+02  3.28760E+02  3.27612E+02  3.26395E+02  3.25705E+02  3.25309E+02 -9.99990E+02 -9.99990E+02 -9.99990E+02 -9.99990E+02 -9.99990E+02 -9.99990E+02 -9.99990E+02 -9.99990E+02 -9.99990E+02 -9.99990E+02 -9.99990E+02 -9.99990E+02 -9.99990E+02 -9.99990E+02 -9.99990E+02 -9.99990E+02 -9.99990E+02 -9.99990E+02 -9.99990E+02 -9.99990E+02 -9.99990E+02 -9.99990E+02 -9.99990E+02 -9.99990E+02 -9.99990E+02 -9.99990E+02 -9.99990E+02 -9.99990E+02 -9.99990E+02 -9.99990E+02 -9.99990E+02 -9.99990E+02 -9.99990E+02 -9.99990E+02 -9.99990E+02 -9.99990E+02 -9.99990E+02 -9.99990E+02 -9.99990E+02 -9.99990E+02 -9.99990E+02 -9.99990E+02 -9.99990E+02 -9.99990E+02 -9.99990E+02 -9.99990E+02 -9.99990E+02 -9.99990E+02 -9.99990E+02 -9.99990E+02 -9.99990E+02 -9.99990E+02 -9.99990E+02 -9.99990E+02 -9.99990E+02 -9.99990E+02 -9.99990E+02 -9.99990E+02 -9.99990E+02 -9.99990E+02 -9.99990E+02 -9.99990E+02 -9.99990E+02 -9.99990E+02
  3.30305E+02  3.30258E+02  3.30084E+02  3.29557E+02  3.28600E+02  3.27532E+02  3.26074E+02  3.25420E+02  3.25329E+02  3.25183E+02 -9.99990E+02 -9.99990E+02 -9.99990E+02 -9.99990E+02 -9.99990E+02 -9.99990E+02 -9.99990E+02 -9.99990E+02 -9.99990E+02 -9.99990E+02 -9.99990E+02 -9.99990E+02 -9.99990E+02 -9.99990E+02 -9.99990E+02 -9.99990E+02 -9.99990E+02 -9.99990E+02 -9.99990E+02 -9.99990E+02 -9.99990E+02 -9.99990E+02 -9.99990E+02 -9.99990E+02 -9.99990E+02 -9.99990E+02 -9.99990E+02 -9.99990E+02 -9.99990E+02 -9.99990E+02 -9.99990E+02 -9.99990E+02 -9.99990E+02 -9.99990E+02 -9.99990E+02 -9.99990E+02 -9.99990E+02 -9.99990E+02 -9.99990E+02 -9.99990E+02 -9.99990E+02 -9.99990E+02 -9.99990E+02 -9.99990E+02 -9.99990E+02 -9.99990E+02 -9.99990E+02 -9.99990E+02 -9.99990E+02 -9.99990E+02 -9.99990E+02 -9.99990E+02 -9.99990E+02 -9.99990E+02 -9.99990E+02 -9.99990E+02 -9.99990E+02 -9.99990E+02 -9.99990E+02 -9.99990E+02 -9.99990E+02 -9.99990E+02 -9.99990E+02
  3.30107E+02  3.29914E+02  3.29044E+02  3.28219E+02  3.27548E+02  3.26687E+02  3.25363E+02  3.24763E+02  3.24770E+02  3.24468E+02  3.23636E+02  3.23188E+02  3.23099E+02 -9.99990E+02 -9.99990E+02 -9.99990E+02 -9.99990E+02 -9.99990E+02 -9.99990E+02 -9.99990E+02 -9.99990E+02 -9.99990E+02 -9.99990E+02 -9.99990E+02 -9.99990E+02 -9.99990E+02 -9.99990E+02 -9.99990E+02 -9.99990E+02 -9.99990E+02 -9.99990E+02 -9.99990E+02 -9.99990E+02 -9.99990E+02 -9.99990E+02 -9.99990E+02 -9.99990E+02 -9.99990E+02 -9.99990E+02 -9.99990E+02 -9.99990E+02 -9.99990E+02 -9.99990E+02 -9.99990E+02 -9.99990E+02 -9.99990E+02 -9.99990E+02 -9.99990E+02 -9.99990E+02 -9.99990E+02 -9.99990E+02 -9.99990E+02 -9.99990E+02 -9.99990E+02 -9.99990E+02 -9.99990E+02 -9.99990E+02 -9.99990E+02 -9.99990E+02 -9.99990E+02 -9.99990E+02 -9.99990E+02 -9.99990E+02 -9.99990E+02 -9.99990E+02 -9.99990E+02 -9.99990E+02 -9.99990E+02 -9.99990E+02 -9.99990E+02 -9.99990E+02 -9.99990E+02 -9.99990E+02
  3.29797E+02  3.29619E+02  3.28024E+02  3.26769E+02  3.25958E+02  3.25278E+02  3.24474E+02  3.23722E+02  3.23772E+02  3.23791E+02  3.23501E+02  3.23173E+02  3.23143E+02  3.23190E+02  3.23075E+02  3.23168E+02  3.23031E+02  3.22661E+02  3.22347E+02  3.22026E+02 -9.99990E+02 -9.99990E+02 -9.99990E+02 -9.99990E+02 -9.99990E+02 -9.99990E+02 -9.99990E+02 -9.99990E+02 -9.99990E+02 -9.99990E+02 -9.99990E+02 -9.99990E+02 -9.99990E+02 -9.99990E+02 -9.99990E+02 -9.99990E+02 -9.99990E+02 -9.99990E+02 -9.99990E+02 -9.99990E+02 -9.99990E+02 -9.99990E+02 -9.99990E+02 -9.99990E+02 -9.99990E+02 -9.99990E+02 -9.99990E+02 -9.99990E+02 -9.99990E+02 -9.99990E+02 -9.99990E+02 -9.99990E+02 -9.99990E+02 -9.99990E+02 -9.99990E+02 -9.99990E+02 -9.99990E+02 -9.99990E+02 -9.99990E+02 -9.99990E+02 -9.99990E+02 -9.99990E+02 -9.99990E+02 -9.99990E+02 -9.99990E+02 -9.99990E+02 -9.99990E+02 -9.99990E+02 -9.99990E+02 -9.99990E+02 -9.99990E+02 -9.99990E+02 -9.99990E+02
 -9.99990E+02 -9.99990E+02  3.25879E+02  3.25126E+02  3.24365E+02  3.23823E+02  3.23280E+02  3.22609E+02  3.22672E+02  3.22850E+02  3.22778E+02  3.22574E+02  3.22791E+02  3.22873E+02  3.22774E+02  3.22936E+02  3.22869E+02  3.22520E+02  3.22256E+02  3.22006E+02  3.21671E+02 -9.99990E+02 -9.99990E+02 -9.99990E+02 -9.99990E+02 -9.99990E+02 -9.99990E+02 -9.99990E+02 -9.99990E+02 -9.99990E+02 -9.99990E+02 -9.99990E+02 -9.99990E+02 -9.99990E+02 -9.99990E+02 -9.99990E+02 -9.99990E+02 -9.99990E+02 -9.99990E+02 -9.99990E+02 -9.99990E+02 -9.99990E+02 -9.99990E+02 -9.99990E+02 -9.99990E+02 -9.99990E+02 -9.99990E+02 -9.99990E+02 -9.99990E+02 -9.99990E+02 -9.99990E+02 -9.99990E+02 -9.99990E+02 -9.99990E+02 -9.99990E+02 -9.99990E+02 -9.99990E+02 -9.99990E+02 -9.99990E+02 -9.99990E+02 -9.99990E+02 -9.99990E+02 -9.99990E+02 -9.99990E+02 -9.99990E+02 -9.99990E+02 -9.99990E+02 -9.99990E+02 -9.99990E+02 -9.99990E+02 -9.99990E+02 -9.99990E+02 -9.99990E+02
 -9.99990E+02 -9.99990E+02  3.24061E+02  3.23743E+02  3.23138E+02  3.22378E+02  3.21937E+02  3.21509E+02  3.21644E+02  3.21911E+02  3.21737E+02  3.21694E+02  3.21998E+02  3.22094E+02  3.22153E+02  3.22300E+02  3.22399E+02  3.22143E+02  3.21877E+02  3.21764E+02  3.21458E+02  3.20943E+02 -9.99990E+02 -9.99990E+02 -9.99990E+02 -9.99990E+02 -9.99990E+02 -9.99990E+02 -9.99990E+02 -9.99990E+02 -9.99990E+02 -9.99990E+02 -9.99990E+02 -9.99990E+02 -9.99990E+02 -9.99990E+02 -9.99990E+02 -9.99990E+02 -9.99990E+02  3.02074E+02  3.01980E+02 -9.99990E+02 -9.99990E+02  3.01644E+02  3.01699E+02  3.01631E+02 -9.99990E+02 -9.99990E+02 -9.99990E+02 -9.99990E+02  3.03024E+02  3.02491E+02 -9.99990E+02 -9.99990E+02 -9.99990E+02 -9.99990E+02 -9.99990E+02 -9.99990E+02 -9.99990E+02 -9.99990E+02 -9.99990E+02 -9.99990E+02 -9.99990E+02 -9.99990E+02 -9.99990E+02 -9.99990E+02 -9.99990E+02 -9.99990E+02 -9.99990E+02 -9.99990E+02 -9.99990E+02 -9.99990E+02 -9.99990E+02
 -9.99990E+02 -9.99990E+02  3.22892E+02  3.22327E+02  3.21815E+02  3.21201E+02  3.20810E+02  3.20443E+02  3.20476E+02  3.20710E+02  3.20644E+02  3.20561E+02  3.20904E+02  3.21116E+02  3.21400E+02  3.21710E+02  3.21712E+02  3.21380E+02  3.21035E+02  3.20901E+02  3.20741E+02  3.20409E+02 -9.99990E+02 -9.99990E+02 -9.99990E+02 -9.99990E+02 -9.99990E+02 -9.99990E+02 -9.99990E+02 -9.99990E+02 -9.99990E+02 -9.99990E+02 -9.99990E+02 -9.99990E+02 -9.99990E+02 -9.99990E+02  3.03499E+02  3.03198E+02  3.02780E+02  3.02293E+02  3.01954E+02  3.01760E+02  3.01758E+02  3.01777E+02  3.01811E+02  3.01749E+02  3.01695E+02 -9.99990E+02 -9.99990E+02  3.04672E+02  3.04953E+02  3.04425E+02 -9.99990E+02 -9.99990E+02 -9.99990E+02 -9.99990E+02 -9.99990E+02 -9.99990E+02 -9.99990E+02 -9.99990E+02 -9.99990E+02 -9.99990E+02 -9.99990E+02 -9.99990E+02 -9.99990E+02 -9.99990E+02 -9.99990E+02 -9.99990E+02 -9.99990E+02 -9.99990E+02 -9.99990E+02 -9.99990E+02 -9.99990E+02
 -9.99990E+02 -9.99990E+02 -9.99990E+02  3.20938E+02  3.20693E+02  3.20264E+02  3.19849E+02  3.19473E+02  3.19319E+02  3.19452E+02  3.19328E+02  3.19370E+02  3.19733E+02  3.20154E+02  3.20602E+02  3.20906E+02  3.20764E+02  3.20370E+02  3.19973E+02  3.19753E+02  3.19409E+02  3.19118E+02 -9.99990E+02 -9.99990E+02 -9.99990E+02 -9.99990E+02 -9.99990E+02  3.07539E+02  3.07320E+02 -9.99990E+02  3.05605E+02  3.05322E+02  3.04967E+02  3.04589E+02  3.04274E+02  3.04028E+02  3.03697E+02  3.03288E+02  3.02826E+02  3.02299E+02  3.01873E+02  3.01764E+02  3.01794E+02  3.01878E+02  3.01917E+02  3.01990E+02  3.02070E+02 -9.99990E+02  3.04390E+02  3.05283E+02  3.06328E+02  3.07420E+02  3.24566E+02 -9.99990E+02 -9.99990E+02 -9.99990E+02 -9.99990E+02 -9.99990E+02 -9.99990E+02 -9.99990E+02 -9.99990E+02 -9.99990E+02 -9.99990E+02 -9.99990E+02 -9.99990E+02 -9.99990E+02 -9.99990E+02 -9.99990E+02 -9.99990E+02 -9.99990E+02 -9.99990E+02 -9.99990E+02 -9.99990E+02
 -9.99990E+02 -9.99990E+02 -9.99990E+02  3.20444E+02  3.20221E+02  3.19785E+02  3.19119E+02  3.18661E+02  3.18297E+02  3.18268E+02  3.18169E+02  3.18194E+02  3.18723E+02  3.19167E+02  3.19526E+02  3.19707E+02  3.19435E+02  3.19095E+02  3.18574E+02  3.18289E+02  3.17806E+02  3.16871E+02  3.14669E+02  3.12760E+02  3.11204E+02  3.09959E+02  3.08823E+02  3.07759E+02  3.07090E+02  3.06347E+02  3.05820E+02  3.05385E+02  3.04928E+02  3.04642E+02  3.04320E+02  3.03971E+02  3.03623E+02  3.03125E+02  3.02655E+02  3.02139E+02  3.01752E+02  3.01752E+02  3.01939E+02  3.02106E+02  3.02065E+02  3.02090E+02  3.02361E+02  3.02974E+02  3.03971E+02  3.05035E+02  3.06241E+02  3.08867E+02  3.36617E+02 -9.99990E+02 -9.99990E+02 -9.99990E+02 -9.99990E+02 -9.99990E+02 -9.99990E+02 -9.99990E+02 -9.99990E+02 -9.99990E+02 -9.99990E+02 -9.99990E+02 -9.99990E+02 -9.99990E+02 -9.99990E+02 -9.99990E+02 -9.99990E+02 -9.99990E+02 -9.99990E+02 -9.99990E+02 -9.99990E+02
 -9.99990E+02 -9.99990E+02 -9.99990E+02 -9.99990E+02  3.19361E+02  3.18988E+02  3.18405E+02  3.17879E+02  3.17264E+02  3.16937E+02  3.16877E+02  3.17025E+02  3.17663E+02  3.18102E+02  3.18294E+02  3.18487E+02  3.18228E+02  3.17729E+02  3.17163E+02  3.16783E+02  3.16259E+02  3.15365E+02  3.13919E+02  3.12284E+02  3.10717E+02  3.09510E+02  3.08556E+02  3.07535E+02  3.06714E+02  3.06036E+02  3.05610E+02  3.05245E+02  3.04787E+02  3.04379E+02  3.03968E+02  3.03601E+02  3.03266E+02  3.02699E+02  3.02178E+02  3.01797E+02  3.01552E+02  3.01708E+02  3.02132E+02  3.02578E+02  3.02447E+02  3.02404E+02  3.02683E+02  3.03153E+02  3.03880E+02  3.04705E+02  3.06105E+02  3.10987E+02  3.37680E+02  3.46709E+02 -9.99990E+02 -9.99990E+02 -9.99990E+02 -9.99990E+02 -9.99990E+02 -9.99990E+02 -9.99990E+02 -9.99990E+02 -9.99990E+02 -9.99990E+02 -9.99990E+02 -9.99990E+02 -9.99990E+02 -9.99990E+02 -9.99990E+02 -9.99990E+02 -9.99990E+02 -9.99990E+02 -9.99990E+02
 -9.99990E+02 -9.99990E+02 -9.99990E+02 -9.99990E+02  3.18708E+02  3.18416E+02  3.17944E+02  3.17059E+02  3.16285E+02  3.15676E+02  3.15489E+02  3.15818E+02  3.16311E+02  3.16735E+02  3.17207E+02  3.17651E+02  3.17300E+02  3.16600E+02  3.15804E+02  3.15444E+02  3.15091E+02  3.14268E+02  3.12860E+02  3.11398E+02  3.09981E+02  3.08810E+02  3.07913E+02  3.06944E+02  3.06111E+02  3.05492E+02  3.05117E+02  3.04753E+02  3.04306E+02  3.03896E+02  3.03468E+02  3.03116E+02  3.02759E+02  3.02215E+02  3.01741E+02  3.01406E+02  3.01283E+02  3.01439E+02  3.01923E+02  3.02428E+02  3.02520E+02  3.02599E+02  3.03047E+02  3.03466E+02  3.04058E+02  3.04515E+02  3.06135E+02  3.12908E+02  3.28903E+02  3.41805E+02 -9.99990E+02 -9.99990E+02 -9.99990E+02 -9.99990E+02 -9.99990E+02 -9.99990E+02 -9.99990E+02 -9.99990E+02 -9.99990E+02 -9.99990E+02 -9.99990E+02 -9.99990E+02 -9.99990E+02 -9.99990E+02 -9.99990E+02 -9.99990E+02 -9.99990E+02 -9.99990E+02 -9.99990E+02
 -9.99990E+02 -9.99990E+02 -9.99990E+02 -9.99990E+02 -9.99990E+02 -9.99990E+02 -9.99990E+02  3.15557E+02  3.15169E+02  3.14568E+02  3.14222E+02  3.14508E+02  3.14911E+02  3.15358E+02  3.16138E+02  3.16790E+02  3.16269E+02  3.15249E+02  3.14422E+02  3.14068E+02  3.13827E+02  3.13233E+02  3.11921E+02  3.10489E+02  3.09169E+02  3.07951E+02  3.06937E+02  3.06061E+02  3.05416E+02  3.04755E+02  3.04356E+02  3.04035E+02  3.03623E+02  3.03160E+02  3.02884E+02  3.02565E+02  3.02268E+02  3.01807E+02  3.01304E+02  3.00970E+02  3.00863E+02  3.00937E+02  3.01291E+02  3.01910E+02  3.02131E+02  3.02496E+02  3.03214E+02  3.03634E+02  3.03767E+02  3.03704E+02  3.04514E+02  3.06750E+02  3.11615E+02  3.08457E+02  3.03383E+02  3.00942E+02 -9.99990E+02 -9.99990E+02 -9.99990E+02 -9.99990E+02 -9.99990E+02 -9.99990E+02 -9.99990E+02 -9.99990E+02 -9.99990E+02 -9.99990E+02 -9.99990E+02 -9.99990E+02 -9.99990E+02 -9.99990E+02 -9.99990E+02 -9.99990E+02 -9.99990E+02
 -9.99990E+02 -9.99990E+02 -9.99990E+02 -9.99990E+02 -9.99990E+02 -9.99990E+02 -9.99990E+02  3.14189E+02  3.14048E+02  3.13485E+02  3.12977E+02  3.12982E+02  3.13436E+02  3.14186E+02  3.14844E+02  3.15454E+02  3.15138E+02  3.14088E+02  3.13022E+02  3.12589E+02  3.12292E+02  3.11990E+02  3.11075E+02  3.09672E+02  3.08301E+02  3.07009E+02  3.05930E+02  3.05091E+02  3.04511E+02  3.03776E+02  3.03281E+02  3.03032E+02  3.02765E+02  3.02367E+02  3.02050E+02  3.01907E+02  3.01689E+02  3.01348E+02  3.00915E+02  3.00602E+02  3.00369E+02  3.00290E+02  3.00475E+02  3.00873E+02  3.01268E+02  3.02093E+02  3.03034E+02  3.03207E+02  3.03050E+02  3.02727E+02  3.03059E+02  3.03620E+02  3.03852E+02  3.03570E+02  3.03026E+02  2.98201E+02  2.93086E+02 -9.99990E+02 -9.99990E+02 -9.99990E+02 -9.99990E+02 -9.99990E+02 -9.99990E+02 -9.99990E+02 -9.99990E+02 -9.99990E+02 -9.99990E+02 -9.99990E+02 -9.99990E+02 -9.99990E+02 -9.99990E+02 -9.99990E+02 -9.99990E+02
 -9.99990E+02 -9.99990E+02 -9.99990E+02 -9.99990E+02 -9.99990E+02 -9.99990E+02 -9.99990E+02  3.12841E+02  3.12747E+02  3.12223E+02  3.11737E+02  3.11669E+02  3.12181E+02  3.12800E+02  3.13230E+02  3.13585E+02  3.13427E+02  3.12432E+02  3.11444E+02  3.10991E+02  3.10704E+02  3.10551E+02  3.09796E+02  3.08460E+02  3.07161E+02  3.06024E+02  3.04890E+02  3.03978E+02  3.03210E+02  3.02495E+02  3.02103E+02  3.01950E+02  3.01779E+02  3.01439E+02  3.01134E+02  3.01112E+02  3.01005E+02  3.00842E+02  3.00658E+02  3.00290E+02  2.99867E+02  2.99578E+02  2.99627E+02  2.99953E+02  3.00452E+02  3.01337E+02  3.02412E+02  3.02571E+02  3.02191E+02  3.01517E+02  3.01041E+02  3.00597E+02  3.00438E+02  3.00042E+02  2.97466E+02  2.94157E+02  2.89840E+02  2.87360E+02 -9.99990E+02 -9.99990E+02 -9.99990E+02 -9.99990E+02 -9.99990E+02 -9.99990E+02 -9.99990E+02 -9.99990E+02 -9.99990E+02 -9.99990E+02 -9.99990E+02 -9.99990E+02 -9.99990E+02 -9.99990E+02 -9.99990E+02
 -9.99990E+02 -9.99990E+02 -9.99990E+02 -9.99990E+02 -9.99990E+02 -9.99990E+02  3.11100E+02  3.11730E+02  3.11636E+02  3.10989E+02  3.10541E+02  3.10437E+02  3.10872E+02  3.11494E+02  3.11873E+02  3.11955E+02  3.11578E+02  3.10629E+02  3.09791E+02  3.09445E+02  3.09262E+02  3.08959E+02  3.08327E+02  3.07085E+02  3.05817E+02  3.04830E+02  3.03729E+02  3.02693E+02  3.01780E+02  3.01105E+02  3.00797E+02  3.00706E+02  3.00680E+02  3.00456E+02  3.00197E+02  3.00156E+02  3.00379E+02  3.00496E+02  3.00536E+02  3.00159E+02  2.99442E+02  2.98871E+02  2.98732E+02  2.98997E+02  2.99702E+02  3.00416E+02  3.00984E+02  3.00946E+02  3.00361E+02  2.99777E+02  2.99109E+02  2.98214E+02  2.96991E+02  2.95422E+02  2.93713E+02  2.90908E+02  2.86874E+02  2.84338E+02  2.81682E+02 -9.99990E+02 -9.99990E+02 -9.99990E+02 -9.99990E+02 -9.99990E+02 -9.99990E+02 -9.99990E+02 -9.99990E+02 -9.99990E+02 -9.99990E+02 -9.99990E+02 -9.99990E+02 -9.99990E+02 -9.99990E+02
 -9.99990E+02 -9.99990E+02 -9.99990E+02 -9.99990E+02 -9.99990E+02 -9.99990E+02  3.10849E+02  3.10942E+02  3.10341E+02  3.09709E+02  3.09260E+02  3.09095E+02  3.09347E+02  3.09634E+02  3.09756E+02  3.09497E+02  3.09303E+02  3.08588E+02  3.08083E+02  3.08143E+02  3.07981E+02  3.07578E+02  3.06699E+02  3.05444E+02  3.04184E+02  3.03196E+02  3.02278E+02  3.01383E+02  3.00473E+02  2.99757E+02  2.99476E+02  2.99485E+02  2.99575E+02  2.99507E+02  2.99276E+02  2.99239E+02  2.99492E+02  2.99690E+02  2.99713E+02  2.99128E+02  2.98610E+02  2.98176E+02  2.97723E+02  2.97831E+02  2.98459E+02  2.98889E+02  2.99100E+02  2.98855E+02  2.98105E+02  2.97180E+02  2.96520E+02  2.95608E+02  2.94089E+02  2.92391E+02  2.90971E+02  2.88213E+02  2.84599E+02  2.81861E+02  2.79563E+02  2.76610E+02 -9.99990E+02 -9.99990E+02 -9.99990E+02 -9.99990E+02 -9.99990E+02 -9.99990E+02 -9.99990E+02 -9.99990E+02 -9.99990E+02 -9.99990E+02 -9.99990E+02 -9.99990E+02 -9.99990E+02
 -9.99990E+02 -9.99990E+02 -9.99990E+02 -9.99990E+02 -9.99990E+02 -9.99990E+02 -9.99990E+02 -9.99990E+02  3.08517E+02  3.08420E+02  3.08009E+02  3.07691E+02  3.07895E+02  3.08134E+02  3.07922E+02  3.07459E+02  3.06730E+02  3.06327E+02  3.06409E+02  3.06570E+02  3.06359E+02  3.05733E+02  3.04762E+02  3.03546E+02  3.02344E+02  3.01331E+02  3.00590E+02  2.99782E+02  2.99029E+02  2.98343E+02  2.98034E+02  2.98053E+02  2.98150E+02  2.98153E+02  2.98144E+02  2.98143E+02  2.98249E+02  2.98455E+02  2.98465E+02  2.97904E+02  2.97352E+02  2.96895E+02  2.96589E+02  2.96453E+02  2.96945E+02  2.97214E+02  2.97097E+02  2.96793E+02  2.96092E+02  2.94991E+02  2.94104E+02  2.93171E+02  2.91412E+02  2.89917E+02  2.88486E+02  2.85783E+02  2.82562E+02  2.79610E+02  2.77105E+02  2.74663E+02  2.71682E+02  2.70389E+02 -9.99990E+02 -9.99990E+02 -9.99990E+02 -9.99990E+02 -9.99990E+02 -9.99990E+02 -9.99990E+02 -9.99990E+02 -9.99990E+02 -9.99990E+02 -9.99990E+02
 -9.99990E+02 -9.99990E+02 -9.99990E+02 -9.99990E+02 -9.99990E+02 -9.99990E+02 -9.99990E+02 -9.99990E+02  3.06923E+02  3.06997E+02  3.06708E+02  3.06243E+02  3.06171E+02  3.06052E+02  3.05740E+02  3.05331E+02  3.04655E+02  3.04472E+02  3.04557E+02  3.04343E+02  3.04050E+02  3.03427E+02  3.02346E+02  3.01464E+02  3.00432E+02  2.99486E+02  2.98707E+02  2.97965E+02  2.97343E+02  2.96726E+02  2.96406E+02  2.96455E+02  2.96539E+02  2.96700E+02  2.96816E+02  2.96789E+02  2.96855E+02  2.96934E+02  2.96867E+02  2.96562E+02  2.95886E+02  2.95209E+02  2.94809E+02  2.94999E+02  2.95417E+02  2.95262E+02  2.94891E+02  2.94619E+02  2.93901E+02  2.92923E+02  2.91638E+02  2.90110E+02  2.88751E+02  2.87170E+02  2.85656E+02  2.83329E+02  2.80271E+02  2.77156E+02  2.74886E+02  2.72719E+02  2.70720E+02  2.69802E+02 -9.99990E+02 -9.99990E+02 -9.99990E+02 -9.99990E+02 -9.99990E+02 -9.99990E+02 -9.99990E+02 -9.99990E+02 -9.99990E+02 -9.99990E+02 -9.99990E+02
 -9.99990E+02 -9.99990E+02 -9.99990E+02 -9.99990E+02 -9.99990E+02 -9.99990E+02 -9.99990E+02 -9.99990E+02  3.05909E+02  3.05777E+02  3.05381E+02  3.04843E+02  3.04413E+02  3.03974E+02  3.03512E+02  3.03167E+02  3.02732E+02  3.02857E+02  3.02700E+02  3.02337E+02  3.01468E+02  3.00881E+02  3.00194E+02  2.99531E+02  2.98623E+02  2.97671E+02  2.96704E+02  2.96039E+02  2.95445E+02  2.94954E+02  2.94651E+02  2.94699E+02  2.94863E+02  2.95100E+02  2.95196E+02  2.95211E+02  2.95277E+02  2.95160E+02  2.95143E+02  2.94886E+02  2.94190E+02  2.93328E+02  2.92831E+02  2.92952E+02  2.93022E+02  2.92885E+02  2.92727E+02  2.92415E+02  2.91608E+02  2.90574E+02  2.89189E+02  2.87581E+02  2.86117E+02  2.84482E+02  2.82459E+02  2.80302E+02  2.77592E+02  2.74866E+02  2.72565E+02  2.70480E+02  2.68746E+02  2.67748E+02 -9.99990E+02 -9.99990E+02 -9.99990E+02  2.56031E+02  2.55959E+02 -9.99990E+02 -9.99990E+02 -9.99990E+02 -9.99990E+02 -9.99990E+02 -9.99990E+02
 -9.99990E+02 -9.99990E+02 -9.99990E+02 -9.99990E+02 -9.99990E+02 -9.99990E+02 -9.99990E+02 -9.99990E+02  3.05216E+02  3.04764E+02  3.04280E+02  3.03670E+02  3.02888E+02  3.02237E+02  3.01657E+02  3.01107E+02  3.00792E+02  3.00780E+02  3.00471E+02  2.99998E+02  2.99128E+02  2.98636E+02  2.97978E+02  2.97506E+02  2.96902E+02  2.95843E+02  2.94748E+02  2.94044E+02  2.93581E+02  2.93086E+02  2.92855E+02  2.92943E+02  2.93237E+02  2.93453E+02  2.93511E+02  2.93531E+02  2.93484E+02  2.93329E+02  2.93062E+02  2.92671E+02  2.92101E+02  2.91047E+02  2.90425E+02  2.90396E+02  2.90495E+02  2.90421E+02  2.90238E+02  2.89524E+02  2.88435E+02  2.87558E+02  2.86164E+02  2.84761E+02  2.83082E+02  2.81161E+02  2.79002E+02  2.76794E+02  2.74437E+02  2.71866E+02  2.69727E+02  2.67916E+02  2.66113E+02  2.64204E+02  2.61020E+02  2.58879E+02  2.57539E+02  2.56696E+02  2.56354E+02  2.56144E+02 -9.99990E+02 -9.99990E+02 -9.99990E+02 -9.99990E+02 -9.99990E+02
 -9.99990E+02 -9.99990E+02 -9.99990E+02 -9.99990E+02 -9.99990E+02 -9.99990E+02 -9.99990E+02 -9.99990E+02 -9.99990E+02  3.03777E+02  3.03478E+02  3.02759E+02  3.01755E+02  3.00840E+02  3.00106E+02  2.99346E+02  2.98742E+02  2.98508E+02  2.98079E+02  2.97597E+02  2.96954E+02  2.96490E+02  2.95867E+02  2.95528E+02  2.94790E+02  2.93739E+02  2.92767E+02  2.91965E+02  2.91442E+02  2.91070E+02  2.90966E+02  2.91094E+02  2.91494E+02  2.91576E+02  2.91575E+02  2.91692E+02  2.91754E+02  2.91462E+02  2.90747E+02  2.89949E+02  2.89387E+02  2.88523E+02  2.87885E+02  2.87570E+02  2.87621E+02  2.87560E+02  2.86998E+02  2.85917E+02  2.84735E+02  2.83814E+02  2.82708E+02  2.81367E+02  2.79951E+02  2.77895E+02  2.75586E+02  2.73278E+02  2.71119E+02  2.68946E+02  2.67031E+02  2.65353E+02  2.63752E+02  2.62118E+02  2.60189E+02  2.58656E+02  2.57540E+02  2.56777E+02  2.56494E+02  2.56323E+02  2.56108E+02 -9.99990E+02 -9.99990E+02 -9.99990E+02 -9.99990E+02
 -9.99990E+02 -9.99990E+02 -9.99990E+02 -9.99990E+02 -9.99990E+02 -9.99990E+02 -9.99990E+02 -9.99990E+02 -9.99990E+02  3.03263E+02  3.02745E+02  3.01959E+02  3.00818E+02  2.99711E+02  2.98770E+02  2.97741E+02  2.96899E+02  2.96264E+02  2.95753E+02  2.95276E+02  2.94798E+02  2.94296E+02  2.93673E+02  2.93239E+02  2.92398E+02  2.91523E+02  2.90662E+02  2.89871E+02  2.89346E+02  2.89035E+02  2.88905E+02  2.89008E+02  2.89231E+02  2.89376E+02  2.89506E+02  2.89768E+02  2.89781E+02  2.89349E+02  2.88516E+02  2.87483E+02  2.86387E+02  2.85493E+02  2.84843E+02  2.84627E+02  2.84628E+02  2.84361E+02  2.83567E+02  2.82495E+02  2.81283E+02  2.80401E+02  2.79280E+02  2.77817E+02  2.76529E+02  2.74451E+02  2.72350E+02  2.70304E+02  2.68208E+02  2.66301E+02  2.64668E+02  2.63143E+02  2.61716E+02  2.60408E+02  2.59063E+02  2.57947E+02  2.57170E+02  2.56550E+02  2.56215E+02  2.56176E+02  2.56131E+02 -9.99990E+02 -9.99990E+02 -9.99990E+02 -9.99990E+02
 -9.99990E+02 -9.99990E+02 -9.99990E+02 -9.99990E+02 -9.99990E+02 -9.99990E+02 -9.99990E+02 -9.99990E+02 -9.99990E+02 -9.99990E+02  3.01918E+02  3.01379E+02  3.00055E+02  2.98814E+02  2.97708E+02  2.96448E+02  2.95203E+02  2.94423E+02  2.93910E+02  2.93238E+02  2.92805E+02  2.92147E+02  2.91545E+02  2.91040E+02  2.89983E+02  2.89090E+02  2.88261E+02  2.87750E+02  2.87335E+02  2.86971E+02  2.86776E+02  2.86770E+02  2.86821E+02  2.87044E+02  2.87525E+02  2.87712E+02  2.87674E+02  2.87076E+02  2.86195E+02  2.85037E+02  2.83708E+02  2.82586E+02  2.82083E+02  2.81813E+02  2.81507E+02  2.80809E+02  2.79917E+02  2.79070E+02  2.77958E+02  2.77060E+02  2.75736E+02  2.74289E+02  2.72809E+02  2.71095E+02  2.69252E+02  2.67458E+02  2.65525E+02  2.63864E+02  2.62407E+02  2.61091E+02  2.59844E+02  2.58740E+02  2.57783E+02  2.57014E+02  2.56462E+02  2.56085E+02  2.55847E+02  2.55822E+02 -9.99990E+02 -9.99990E+02 -9.99990E+02 -9.99990E+02 -9.99990E+02
 -9.99990E+02 -9.99990E+02 -9.99990E+02 -9.99990E+02 -9.99990E+02 -9.99990E+02 -9.99990E+02 -9.99990E+02 -9.99990E+02 -9.99990E+02 -9.99990E+02 -9.99990E+02  2.98267E+02  2.97567E+02  2.96492E+02  2.94979E+02  2.93573E+02  2.92562E+02  2.91859E+02  2.91179E+02  2.90683E+02  2.89974E+02  2.89512E+02  2.88872E+02  2.87791E+02  2.86947E+02  2.86287E+02  2.85766E+02  2.85263E+02  2.84897E+02  2.84656E+02  2.84524E+02  2.84540E+02  2.84849E+02  2.85436E+02  2.85580E+02  2.85392E+02  2.84722E+02  2.83889E+02  2.82690E+02  2.81285E+02  2.80212E+02  2.79453E+02  2.78879E+02  2.78399E+02  2.77541E+02  2.76524E+02  2.75763E+02  2.74639E+02  2.73586E+02  2.72267E+02  2.71011E+02  2.69524E+02  2.67843E+02  2.66128E+02  2.64551E+02  2.62947E+02  2.61484E+02  2.60181E+02  2.59055E+02  2.58090E+02  2.57254E+02  2.56587E+02  2.55951E+02  2.55503E+02  2.55353E+02  2.55282E+02  2.55322E+02 -9.99990E+02 -9.99990E+02 -9.99990E+02 -9.99990E+02 -9.99990E+02
 -9.99990E+02 -9.99990E+02 -9.99990E+02 -9.99990E+02 -9.99990E+02 -9.99990E+02 -9.99990E+02 -9.99990E+02 -9.99990E+02 -9.99990E+02 -9.99990E+02 -9.99990E+02  2.97118E+02  2.96386E+02  2.95084E+02  2.93486E+02  2.91962E+02  2.90800E+02  2.89823E+02  2.89082E+02  2.88493E+02  2.87888E+02  2.87576E+02  2.86913E+02  2.85974E+02  2.85197E+02  2.84550E+02  2.83890E+02  2.83238E+02  2.82751E+02  2.82399E+02  2.82284E+02  2.82433E+02  2.82890E+02  2.83323E+02  2.83315E+02  2.82881E+02  2.82225E+02  2.81411E+02  2.80229E+02  2.79094E+02  2.77947E+02  2.76958E+02  2.75949E+02  2.75133E+02  2.74280E+02  2.73253E+02  2.72426E+02  2.71452E+02  2.70443E+02  2.69233E+02  2.67781E+02  2.66302E+02  2.64784E+02  2.63254E+02  2.61798E+02  2.60438E+02  2.59191E+02  2.58125E+02  2.57179E+02  2.56388E+02  2.55763E+02  2.55098E+02  2.54665E+02  2.54367E+02  2.54301E+02  2.54283E+02  2.54708E+02 -9.99990E+02 -9.99990E+02 -9.99990E+02 -9.99990E+02 -9.99990E+02
 -9.99990E+02 -9.99990E+02 -9.99990E+02 -9.99990E+02 -9.99990E+02 -9.99990E+02 -9.99990E+02 -9.99990E+02 -9.99990E+02 -9.99990E+02 -9.99990E+02 -9.99990E+02 -9.99990E+02  2.95380E+02  2.94144E+02  2.91883E+02  2.90275E+02  2.89078E+02  2.88081E+02  2.87216E+02  2.86475E+02  2.86025E+02  2.85709E+02  2.85082E+02  2.84275E+02  2.83681E+02  2.82872E+02  2.82061E+02  2.81320E+02  2.80728E+02  2.80358E+02  2.80282E+02  2.80569E+02  2.81039E+02  2.81150E+02  2.80868E+02  2.80333E+02  2.79575E+02  2.78808E+02  2.77894E+02  2.76698E+02  2.75551E+02  2.74422E+02  2.73286E+02  2.72217E+02  2.71198E+02  2.70066E+02  2.69121E+02  2.68317E+02  2.67297E+02  2.66155E+02  2.64661E+02  2.63179E+02  2.61853E+02  2.60585E+02  2.59336E+02  2.58211E+02  2.57191E+02  2.56264E+02  2.55336E+02  2.54577E+02  2.54083E+02  2.53596E+02  2.53281E+02  2.53110E+02  2.53016E+02  2.52869E+02 -9.99990E+02 -9.99990E+02 -9.99990E+02 -9.99990E+02 -9.99990E+02 -9.99990E+02
 -9.99990E+02 -9.99990E+02 -9.99990E+02 -9.99990E+02 -9.99990E+02 -9.99990E+02 -9.99990E+02 -9.99990E+02 -9.99990E+02 -9.99990E+02 -9.99990E+02 -9.99990E+02 -9.99990E+02 -9.99990E+02 -9.99990E+02  2.89107E+02  2.88452E+02  2.87477E+02  2.86651E+02  2.85755E+02  2.84858E+02  2.84297E+02  2.83880E+02  2.83223E+02  2.82542E+02  2.82010E+02  2.81138E+02  2.80261E+02  2.79492E+02  2.78871E+02  2.78468E+02  2.78425E+02  2.78713E+02  2.78903E+02  2.78785E+02  2.78323E+02  2.77699E+02  2.76866E+02  2.76017E+02  2.75074E+02  2.73896E+02  2.72742E+02  2.71604E+02  2.70486E+02  2.69393E+02  2.68388E+02  2.67271E+02  2.66119E+02  2.65077E+02  2.63985E+02  2.62836E+02  2.61592E+02  2.60276E+02  2.59140E+02  2.58079E+02  2.56984E+02  2.55997E+02  2.55144E+02  2.54335E+02  2.53504E+02  2.52822E+02  2.52432E+02  2.52112E+02  2.51931E+02  2.51790E+02  2.51654E+02  2.51336E+02  2.50474E+02 -9.99990E+02 -9.99990E+02 -9.99990E+02 -9.99990E+02 -9.99990E+02
 -9.99990E+02 -9.99990E+02 -9.99990E+02 -9.99990E+02 -9.99990E+02 -9.99990E+02 -9.99990E+02 -9.99990E+02 -9.99990E+02 -9.99990E+02 -9.99990E+02 -9.99990E+02 -9.99990E+02 -9.99990E+02 -9.99990E+02  2.87292E+02  2.86798E+02  2.85963E+02  2.85108E+02  2.84222E+02  2.83323E+02  2.82609E+02  2.82112E+02  2.81504E+02  2.80989E+02  2.80313E+02  2.79329E+02  2.78437E+02  2.77772E+02  2.77231E+02  2.76737E+02  2.76610E+02  2.76706E+02  2.76642E+02  2.76254E+02  2.75573E+02  2.74802E+02  2.73947E+02  2.73122E+02  2.72045E+02  2.70941E+02  2.69845E+02  2.68755E+02  2.67612E+02  2.66538E+02  2.65790E+02  2.64671E+02  2.63506E+02  2.62394E+02  2.61193E+02  2.59991E+02  2.58832E+02  2.57595E+02  2.56632E+02  2.55681E+02  2.54748E+02  2.53900E+02  2.53138E+02  2.52415E+02  2.51752E+02  2.51208E+02  2.50894E+02  2.50657E+02  2.50522E+02  2.50432E+02  2.50273E+02  2.50075E+02  2.49734E+02 -9.99990E+02 -9.99990E+02 -9.99990E+02 -9.99990E+02 -9.99990E+02
 -9.99990E+02 -9.99990E+02 -9.99990E+02 -9.99990E+02 -9.99990E+02 -9.99990E+02 -9.99990E+02 -9.99990E+02 -9.99990E+02 -9.99990E+02 -9.99990E+02 -9.99990E+02 -9.99990E+02 -9.99990E+02 -9.99990E+02  2.85697E+02  2.85404E+02  2.84516E+02  2.83588E+02  2.82682E+02  2.81664E+02  2.80922E+02  2.80294E+02  2.79776E+02  2.79175E+02  2.78395E+02  2.77694E+02  2.76899E+02  2.76349E+02  2.75803E+02  2.75096E+02  2.74749E+02  2.74530E+02  2.74159E+02  2.73607E+02  2.72690E+02  2.71831E+02  2.71094E+02  2.70356E+02  2.69299E+02  2.68295E+02  2.67261E+02  2.66133E+02  2.64967E+02  2.63975E+02  2.63147E+02  2.62006E+02  2.60868E+02  2.59815E+02  2.58719E+02  2.57604E+02  2.56511E+02  2.55428E+02  2.54512E+02  2.53586E+02  2.52680E+02  2.51870E+02  2.51189E+02  2.50553E+02  2.50025E+02  2.49601E+02  2.49332E+02  2.49142E+02  2.49077E+02  2.48985E+02  2.48892E+02  2.48768E+02  2.48635E+02 -9.99990E+02 -9.99990E+02 -9.99990E+02 -9.99990E+02 -9.99990E+02
 -9.99990E+02 -9.99990E+02 -9.99990E+02 -9.99990E+02 -9.99990E+02 -9.99990E+02 -9.99990E+02 -9.99990E+02 -9.99990E+02 -9.99990E+02 -9.99990E+02 -9.99990E+02 -9.99990E+02 -9.99990E+02 -9.99990E+02  2.84270E+02  2.83890E+02  2.82967E+02  2.82138E+02  2.81281E+02  2.80133E+02  2.79200E+02  2.78410E+02  2.77750E+02  2.77082E+02  2.76520E+02  2.76005E+02  2.75413E+02  2.74932E+02  2.74175E+02  2.73497E+02  2.72910E+02  2.72177E+02  2.71496E+02  2.70742E+02  2.69870E+02  2.69085E+02  2.68334E+02  2.67465E+02  2.66476E+02  2.65592E+02  2.64626E+02  2.63580E+02  2.62397E+02  2.61392E+02  2.60471E+02  2.59401E+02  2.58295E+02  2.57274E+02  2.56328E+02  2.55413E+02  2.54497E+02  2.53562E+02  2.52640E+02  2.51736E+02  2.50840E+02  2.50010E+02  2.49259E+02  2.48606E+02  2.48137E+02  2.47872E+02  2.47719E+02  2.47556E+02  2.47478E+02  2.47435E+02  2.47441E+02  2.47545E+02  2.47677E+02 -9.99990E+02 -9.99990E+02 -9.99990E+02 -9.99990E+02 -9.99990E+02
 -9.99990E+02 -9.99990E+02 -9.99990E+02 -9.99990E+02 -9.99990E+02 -9.99990E+02 -9.99990E+02 -9.99990E+02 -9.99990E+02 -9.99990E+02 -9.99990E+02 -9.99990E+02 -9.99990E+02 -9.99990E+02 -9.99990E+02  2.83313E+02  2.82643E+02  2.81675E+02  2.80823E+02  2.79837E+02  2.78675E+02  2.77565E+02  2.76565E+02  2.75764E+02  2.75140E+02  2.74587E+02  2.74104E+02  2.73808E+02  2.73076E+02  2.72269E+02  2.71553E+02  2.70781E+02  2.69903E+02  2.69007E+02  2.68081E+02  2.67203E+02  2.66479E+02  2.65667E+02  2.64775E+02  2.63802E+02  2.62855E+02  2.61978E+02  2.60975E+02  2.59885E+02  2.58824E+02  2.57917E+02  2.57023E+02  2.55948E+02  2.55002E+02  2.54201E+02  2.53466E+02  2.52617E+02  2.51734E+02  2.50861E+02  2.50004E+02  2.49108E+02  2.48270E+02  2.47412E+02  2.46800E+02  2.46405E+02  2.46325E+02  2.46238E+02  2.46128E+02  2.46049E+02  2.46078E+02  2.46124E+02  2.46344E+02  2.46970E+02 -9.99990E+02 -9.99990E+02 -9.99990E+02 -9.99990E+02 -9.99990E+02
 -9.99990E+02 -9.99990E+02 -9.99990E+02 -9.99990E+02 -9.99990E+02 -9.99990E+02 -9.99990E+02 -9.99990E+02 -9.99990E+02 -9.99990E+02 -9.99990E+02 -9.99990E+02 -9.99990E+02 -9.99990E+02 -9.99990E+02 -9.99990E+02  2.81567E+02  2.80539E+02  2.79727E+02  2.78759E+02  2.77395E+02  2.75868E+02  2.74657E+02  2.73744E+02  2.73033E+02  2.72281E+02  2.71622E+02  2.71271E+02  2.70708E+02  2.69968E+02  2.69062E+02  2.68218E+02  2.67350E+02  2.66443E+02  2.65527E+02  2.64640E+02  2.63874E+02  2.63026E+02  2.62129E+02  2.61171E+02  2.60207E+02  2.59328E+02  2.58436E+02  2.57522E+02  2.56493E+02  2.55440E+02  2.54599E+02  2.53769E+02  2.52945E+02  2.52288E+02  2.51661E+02  2.50858E+02  2.50029E+02  2.49101E+02  2.48278E+02  2.47402E+02  2.46584E+02  2.45799E+02  2.45220E+02  2.44929E+02  2.44879E+02  2.44926E+02  2.44887E+02  2.44864E+02  2.44933E+02  2.44863E+02  2.44852E+02 -9.99990E+02 -9.99990E+02 -9.99990E+02 -9.99990E+02 -9.99990E+02 -9.99990E+02
 -9.99990E+02 -9.99990E+02 -9.99990E+02 -9.99990E+02 -9.99990E+02 -9.99990E+02 -9.99990E+02 -9.99990E+02 -9.99990E+02 -9.99990E+02 -9.99990E+02 -9.99990E+02 -9.99990E+02 -9.99990E+02 -9.99990E+02 -9.99990E+02 -9.99990E+02  2.79449E+02  2.78916E+02  2.77873E+02  2.75876E+02  2.74119E+02  2.72634E+02  2.71592E+02  2.70805E+02  2.69764E+02  2.68964E+02  2.68444E+02  2.67861E+02  2.67221E+02  2.66367E+02  2.65516E+02  2.64679E+02  2.63786E+02  2.62946E+02  2.62097E+02  2.61284E+02  2.60507E+02  2.59626E+02  2.58652E+02  2.57693E+02  2.56769E+02  2.55882E+02  2.55050E+02  2.54245E+02  2.53254E+02  2.52286E+02  2.51516E+02  2.50946E+02  2.50511E+02  2.49921E+02  2.49228E+02  2.48418E+02  2.47503E+02  2.46670E+02  2.45787E+02  2.44955E+02  2.44276E+02  2.43761E+02  2.43525E+02  2.43505E+02  2.43662E+02  2.43810E+02  2.43859E+02  2.43865E+02  2.43644E+02  2.43381E+02  2.42909E+02 -9.99990E+02 -9.99990E+02 -9.99990E+02 -9.99990E+02 -9.99990E+02
 -9.99990E+02 -9.99990E+02 -9.99990E+02 -9.99990E+02 -9.99990E+02 -9.99990E+02 -9.99990E+02 -9.99990E+02 -9.99990E+02 -9.99990E+02 -9.99990E+02 -9.99990E+02 -9.99990E+02 -9.99990E+02 -9.99990E+02 -9.99990E+02 -9.99990E+02 -9.99990E+02 -9.99990E+02 -9.99990E+02  2.73974E+02  2.72227E+02  2.70495E+02  2.69189E+02  2.68070E+02  2.67076E+02  2.66278E+02  2.65622E+02  2.65064E+02  2.64400E+02  2.63663E+02  2.62919E+02  2.62096E+02  2.61231E+02  2.60411E+02  2.59571E+02  2.58783E+02  2.58066E+02  2.57208E+02  2.56191E+02  2.55219E+02  2.54263E+02  2.53398E+02  2.52600E+02  2.51898E+02  2.51130E+02  2.50294E+02  2.49446E+02  2.48863E+02  2.48450E+02  2.47918E+02  2.47218E+02  2.46504E+02  2.45777E+02  2.44938E+02  2.44136E+02  2.43449E+02  2.42872E+02  2.42389E+02  2.42197E+02  2.42151E+02  2.42338E+02  2.42574E+02  2.42686E+02  2.42558E+02  2.42291E+02  2.42201E+02  2.42554E+02 -9.99990E+02 -9.99990E+02 -9.99990E+02 -9.99990E+02 -9.99990E+02
 -9.99990E+02 -9.99990E+02 -9.99990E+02 -9.99990E+02 -9.99990E+02 -9.99990E+02 -9.99990E+02 -9.99990E+02 -9.99990E+02 -9.99990E+02 -9.99990E+02 -9.99990E+02 -9.99990E+02 -9.99990E+02 -9.99990E+02 -9.99990E+02 -9.99990E+02 -9.99990E+02 -9.99990E+02 -9.99990E+02 -9.99990E+02  2.69978E+02  2.68022E+02  2.66659E+02  2.65434E+02  2.64436E+02  2.63608E+02  2.63018E+02  2.62496E+02  2.61825E+02  2.61117E+02  2.60407E+02  2.59619E+02  2.58771E+02  2.57992E+02  2.57136E+02  2.56385E+02  2.55701E+02  2.54827E+02  2.53794E+02  2.52764E+02  2.51848E+02  2.51058E+02  2.50274E+02  2.49622E+02  2.48963E+02  2.48308E+02  2.47480E+02  2.46913E+02  2.46360E+02  2.45773E+02  2.45082E+02  2.44405E+02  2.43779E+02  2.43076E+02  2.42414E+02  2.41900E+02  2.41414E+02  2.41025E+02  2.40840E+02  2.40794E+02  2.41019E+02  2.41276E+02  2.41393E+02  2.41256E+02  2.40980E+02  2.40837E+02 -9.99990E+02 -9.99990E+02 -9.99990E+02 -9.99990E+02 -9.99990E+02 -9.99990E+02
 -9.99990E+02 -9.99990E+02 -9.99990E+02 -9.99990E+02 -9.99990E+02 -9.99990E+02 -9.99990E+02 -9.99990E+02 -9.99990E+02 -9.99990E+02 -9.99990E+02 -9.99990E+02 -9.99990E+02 -9.99990E+02 -9.99990E+02 -9.99990E+02 -9.99990E+02 -9.99990E+02 -9.99990E+02 -9.99990E+02 -9.99990E+02 -9.99990E+02  2.64707E+02  2.64011E+02  2.62905E+02  2.61895E+02  2.61075E+02  2.60565E+02  2.60063E+02  2.59410E+02  2.58676E+02  2.57821E+02  2.56994E+02  2.56153E+02  2.55372E+02  2.54680E+02  2.54084E+02  2.53391E+02  2.52435E+02  2.51412E+02  2.50354E+02  2.49451E+02  2.48696E+02  2.47968E+02  2.47300E+02  2.46639E+02  2.46162E+02  2.45432E+02  2.44900E+02  2.44265E+02  2.43582E+02  2.42905E+02  2.42328E+02  2.41725E+02  2.41099E+02  2.40577E+02  2.40256E+02  2.39958E+02  2.39730E+02  2.39560E+02  2.39559E+02  2.39714E+02  2.39904E+02  2.39899E+02  2.39659E+02  2.39461E+02  2.39318E+02 -9.99990E+02 -9.99990E+02 -9.99990E+02 -9.99990E+02 -9.99990E+02 -9.99990E+02
 -9.99990E+02 -9.99990E+02 -9.99990E+02 -9.99990E+02 -9.99990E+02 -9.99990E+02 -9.99990E+02 -9.99990E+02 -9.99990E+02 -9.99990E+02 -9.99990E+02 -9.99990E+02 -9.99990E+02 -9.99990E+02 -9.99990E+02 -9.99990E+02 -9.99990E+02 -9.99990E+02 -9.99990E+02 -9.99990E+02 -9.99990E+02 -9.99990E+02  2.62272E+02  2.61503E+02  2.60378E+02  2.59411E+02  2.58693E+02  2.58251E+02  2.57768E+02  2.57116E+02  2.56272E+02  2.55405E+02  2.54511E+02  2.53719E+02  2.52982E+02  2.52434E+02  2.51842E+02  2.51014E+02  2.50014E+02  2.49020E+02  2.48061E+02  2.47136E+02  2.46393E+02  2.45694E+02  2.45014E+02  2.44391E+02  2.43915E+02  2.43344E+02  2.42657E+02  2.41995E+02  2.41410E+02  2.40779E+02  2.40274E+02  2.39703E+02  2.39130E+02  2.38763E+02  2.38678E+02  2.38625E+02  2.38622E+02  2.38503E+02  2.38320E+02  2.38399E+02  2.38424E+02  2.38286E+02  2.38117E+02  2.37901E+02  2.37683E+02 -9.99990E+02 -9.99990E+02 -9.99990E+02 -9.99990E+02 -9.99990E+02 -9.99990E+02
 -9.99990E+02 -9.99990E+02 -9.99990E+02 -9.99990E+02 -9.99990E+02 -9.99990E+02 -9.99990E+02 -9.99990E+02 -9.99990E+02 -9.99990E+02 -9.99990E+02 -9.99990E+02 -9.99990E+02 -9.99990E+02 -9.99990E+02 -9.99990E+02 -9.99990E+02 -9.99990E+02 -9.99990E+02 -9.99990E+02 -9.99990E+02 -9.99990E+02  2.60689E+02  2.59370E+02  2.58042E+02  2.56997E+02  2.56399E+02  2.55964E+02  2.55553E+02  2.54869E+02  2.54033E+02  2.53123E+02  2.52255E+02  2.51423E+02  2.50809E+02  2.50266E+02  2.49478E+02  2.48630E+02  2.47629E+02  2.46691E+02  2.45822E+02  2.44941E+02  2.44148E+02  2.43440E+02  2.42754E+02  2.42165E+02  2.41701E+02  2.41220E+02  2.40590E+02  2.39910E+02  2.39222E+02  2.38676E+02  2.38193E+02  2.37765E+02  2.37299E+02  2.37116E+02  2.37115E+02  2.37258E+02  2.37379E+02  2.37202E+02  2.36938E+02  2.36835E+02  2.36736E+02  2.36645E+02  2.36611E+02  2.36461E+02  2.36211E+02 -9.99990E+02 -9.99990E+02 -9.99990E+02 -9.99990E+02 -9.99990E+02 -9.99990E+02
 -9.99990E+02 -9.99990E+02 -9.99990E+02 -9.99990E+02 -9.99990E+02 -9.99990E+02 -9.99990E+02 -9.99990E+02 -9.99990E+02 -9.99990E+02 -9.99990E+02 -9.99990E+02 -9.99990E+02 -9.99990E+02 -9.99990E+02 -9.99990E+02 -9.99990E+02 -9.99990E+02 -9.99990E+02 -9.99990E+02 -9.99990E+02 -9.99990E+02 -9.99990E+02  2.57378E+02  2.55668E+02  2.54652E+02  2.54115E+02  2.53589E+02  2.53196E+02  2.52768E+02  2.51906E+02  2.50922E+02  2.50044E+02  2.49269E+02  2.48713E+02  2.48127E+02  2.47238E+02  2.46286E+02  2.45460E+02  2.44562E+02  2.43727E+02  2.42890E+02  2.42101E+02  2.41390E+02  2.40610E+02  2.39899E+02  2.39384E+02  2.38915E+02  2.38376E+02  2.37811E+02  2.37173E+02  2.36557E+02  2.36221E+02  2.35914E+02  2.35614E+02  2.35542E+02  2.35677E+02  2.35852E+02  2.35785E+02  2.35480E+02  2.35265E+02  2.35185E+02  2.35183E+02  2.35226E+02  2.35211E+02  2.34925E+02  2.34291E+02  2.32957E+02  2.32366E+02 -9.99990E+02 -9.99990E+02 -9.99990E+02 -9.99990E+02
 -9.99990E+02 -9.99990E+02 -9.99990E+02 -9.99990E+02 -9.99990E+02 -9.99990E+02 -9.99990E+02 -9.99990E+02 -9.99990E+02 -9.99990E+02 -9.99990E+02 -9.99990E+02 -9.99990E+02 -9.99990E+02 -9.99990E+02 -9.99990E+02 -9.99990E+02 -9.99990E+02 -9.99990E+02 -9.99990E+02 -9.99990E+02 -9.99990E+02 -9.99990E+02 -9.99990E+02  2.52913E+02  2.52131E+02  2.51551E+02  2.51080E+02  2.50625E+02  2.50484E+02  2.49917E+02  2.48910E+02  2.47857E+02  2.47151E+02  2.46469E+02  2.45864E+02  2.44980E+02  2.44086E+02  2.43415E+02  2.42546E+02  2.41720E+02  2.40912E+02  2.40079E+02  2.39277E+02  2.38465E+02  2.37861E+02  2.37350E+02  2.36766E+02  2.36236E+02  2.35864E+02  2.35208E+02  2.34478E+02  2.34109E+02  2.34043E+02  2.34092E+02  2.34133E+02  2.34226E+02  2.34193E+02  2.33991E+02  2.33751E+02  2.33655E+02  2.33695E+02  2.33777E+02  2.33779E+02  2.33734E+02  2.33431E+02  2.32874E+02  2.32190E+02  2.31745E+02 -9.99990E+02 -9.99990E+02 -9.99990E+02 -9.99990E+02
 -9.99990E+02 -9.99990E+02 -9.99990E+02 -9.99990E+02 -9.99990E+02 -9.99990E+02 -9.99990E+02 -9.99990E+02 -9.99990E+02 -9.99990E+02 -9.99990E+02 -9.99990E+02 -9.99990E+02 -9.99990E+02 -9.99990E+02 -9.99990E+02 -9.99990E+02 -9.99990E+02 -9.99990E+02 -9.99990E+02 -9.99990E+02 -9.99990E+02 -9.99990E+02 -9.99990E+02  2.51170E+02  2.49777E+02  2.49016E+02  2.48561E+02  2.48215E+02  2.48227E+02  2.48070E+02  2.47241E+02  2.45831E+02  2.44918E+02  2.44183E+02  2.43463E+02  2.42734E+02  2.42012E+02  2.41238E+02  2.40478E+02  2.39777E+02  2.39036E+02  2.38114E+02  2.37192E+02  2.36497E+02  2.35947E+02  2.35476E+02  2.34832E+02  2.34234E+02  2.33796E+02  2.33210E+02  2.32436E+02  2.32083E+02  2.32256E+02  2.32490E+02  2.32301E+02  2.32236E+02  2.32145E+02  2.32079E+02  2.32043E+02  2.32104E+02  2.32259E+02  2.32335E+02  2.32339E+02  2.32244E+02  2.31981E+02  2.31571E+02  2.31064E+02  2.30590E+02  2.29933E+02 -9.99990E+02 -9.99990E+02 -9.99990E+02
 -9.99990E+02 -9.99990E+02 -9.99990E+02 -9.99990E+02 -9.99990E+02 -9.99990E+02 -9.99990E+02 -9.99990E+02 -9.99990E+02 -9.99990E+02 -9.99990E+02 -9.99990E+02 -9.99990E+02 -9.99990E+02 -9.99990E+02 -9.99990E+02 -9.99990E+02 -9.99990E+02 -9.99990E+02 -9.99990E+02 -9.99990E+02 -9.99990E+02 -9.99990E+02 -9.99990E+02 -9.99990E+02  2.46855E+02  2.46523E+02  2.46121E+02  2.45916E+02  2.46018E+02  2.45887E+02  2.45359E+02  2.44043E+02  2.42801E+02  2.41917E+02  2.41329E+02  2.40794E+02  2.40063E+02  2.39112E+02  2.38416E+02  2.37781E+02  2.37107E+02  2.36207E+02  2.35292E+02  2.34612E+02  2.33999E+02  2.33520E+02  2.32965E+02  2.32350E+02  2.31672E+02  2.30998E+02  2.30413E+02  2.30049E+02  2.30077E+02  2.30244E+02  2.30174E+02  2.30199E+02  2.30301E+02  2.30374E+02  2.30448E+02  2.30632E+02  2.30812E+02  2.30861E+02  2.30820E+02  2.30760E+02  2.30599E+02  2.30359E+02  2.30024E+02  2.29700E+02  2.29305E+02  2.28871E+02 -9.99990E+02 -9.99990E+02
 -9.99990E+02 -9.99990E+02 -9.99990E+02 -9.99990E+02 -9.99990E+02 -9.99990E+02 -9.99990E+02 -9.99990E+02 -9.99990E+02 -9.99990E+02 -9.99990E+02 -9.99990E+02 -9.99990E+02 -9.99990E+02 -9.99990E+02 -9.99990E+02 -9.99990E+02 -9.99990E+02 -9.99990E+02 -9.99990E+02 -9.99990E+02 -9.99990E+02 -9.99990E+02 -9.99990E+02 -9.99990E+02  2.44564E+02  2.44297E+02  2.43895E+02  2.43569E+02  2.43530E+02  2.43602E+02  2.43431E+02  2.42511E+02  2.41143E+02  2.39991E+02  2.39432E+02  2.39057E+02  2.38309E+02  2.37260E+02  2.36491E+02  2.35875E+02  2.35275E+02  2.34391E+02  2.33538E+02  2.32789E+02  2.32154E+02  2.31507E+02  2.31018E+02  2.30415E+02  2.29724E+02  2.28989E+02  2.28405E+02  2.28104E+02  2.28122E+02  2.28292E+02  2.28445E+02  2.28554E+02  2.28699E+02  2.28854E+02  2.29029E+02  2.29230E+02  2.29407E+02  2.29489E+02  2.29435E+02  2.29397E+02  2.29331E+02  2.29231E+02  2.29080E+02  2.28873E+02  2.28698E+02  2.28493E+02  2.28291E+02 -9.99990E+02
 -9.99990E+02 -9.99990E+02 -9.99990E+02 -9.99990E+02 -9.99990E+02 -9.99990E+02 -9.99990E+02 -9.99990E+02 -9.99990E+02 -9.99990E+02 -9.99990E+02 -9.99990E+02 -9.99990E+02 -9.99990E+02 -9.99990E+02 -9.99990E+02 -9.99990E+02 -9.99990E+02 -9.99990E+02 -9.99990E+02 -9.99990E+02 -9.99990E+02 -9.99990E+02 -9.99990E+02 -9.99990E+02  2.42738E+02  2.42393E+02  2.41915E+02  2.41525E+02  2.41339E+02  2.41451E+02  2.41252E+02  2.40779E+02  2.39650E+02  2.38209E+02  2.37608E+02  2.37388E+02  2.36643E+02  2.35548E+02  2.34597E+02  2.33930E+02  2.33162E+02  2.32357E+02  2.31562E+02  2.30951E+02  2.30512E+02  2.29761E+02  2.29013E+02  2.28440E+02  2.27720E+02  2.27034E+02  2.26569E+02  2.26358E+02  2.26464E+02  2.26772E+02  2.26838E+02  2.26930E+02  2.27193E+02  2.27505E+02  2.27781E+02  2.28042E+02  2.28174E+02  2.28206E+02  2.28180E+02  2.28181E+02  2.28163E+02  2.28190E+02  2.28178E+02  2.28079E+02  2.28023E+02  2.27984E+02  2.27937E+02 -9.99990E+02
 -9.99990E+02 -9.99990E+02 -9.99990E+02 -9.99990E+02 -9.99990E+02 -9.99990E+02 -9.99990E+02 -9.99990E+02 -9.99990E+02 -9.99990E+02 -9.99990E+02 -9.99990E+02 -9.99990E+02 -9.99990E+02 -9.99990E+02 -9.99990E+02 -9.99990E+02 -9.99990E+02 -9.99990E+02 -9.99990E+02 -9.99990E+02 -9.99990E+02 -9.99990E+02 -9.99990E+02 -9.99990E+02  2.41593E+02  2.40883E+02  2.40209E+02  2.39674E+02  2.39334E+02  2.39187E+02  2.39080E+02  2.38712E+02  2.37741E+02  2.36383E+02  2.35744E+02  2.35400E+02  2.34645E+02  2.33657E+02  2.32643E+02  2.31888E+02  2.31202E+02  2.30549E+02  2.29924E+02  2.29354E+02  2.28802E+02  2.27999E+02  2.27089E+02  2.26497E+02  2.25823E+02  2.25273E+02  2.24942E+02  2.24821E+02  2.24895E+02  2.25098E+02  2.25234E+02  2.25422E+02  2.25805E+02  2.26259E+02  2.26645E+02  2.26957E+02  2.27083E+02  2.27086E+02  2.26949E+02  2.26905E+02  2.26950E+02  2.27075E+02  2.27166E+02  2.27254E+02  2.27339E+02  2.27433E+02  2.27516E+02  2.27366E+02
 -9.99990E+02 -9.99990E+02 -9.99990E+02 -9.99990E+02 -9.99990E+02 -9.99990E+02 -9.99990E+02 -9.99990E+02 -9.99990E+02 -9.99990E+02 -9.99990E+02 -9.99990E+02 -9.99990E+02 -9.99990E+02 -9.99990E+02 -9.99990E+02 -9.99990E+02 -9.99990E+02 -9.99990E+02 -9.99990E+02 -9.99990E+02 -9.99990E+02 -9.99990E+02 -9.99990E+02 -9.99990E+02 -9.99990E+02  2.39647E+02  2.38718E+02  2.38013E+02  2.37462E+02  2.37027E+02  2.36769E+02  2.36732E+02  2.35804E+02  2.34513E+02  2.33787E+02  2.33316E+02  2.32454E+02  2.31533E+02  2.30727E+02  2.30100E+02  2.29538E+02  2.29039E+02  2.28472E+02  2.27757E+02  2.27032E+02  2.26115E+02  2.25231E+02  2.24630E+02  2.24109E+02  2.23836E+02  2.23597E+02  2.23492E+02  2.23529E+02  2.23667E+02  2.23814E+02  2.24061E+02  2.24466E+02  2.24924E+02  2.25366E+02  2.25712E+02  2.25906E+02  2.25936E+02  2.25828E+02  2.25744E+02  2.25816E+02  2.25994E+02  2.26173E+02  2.26387E+02  2.26644E+02  2.26912E+02  2.27128E+02  2.27236E+02
 -9.99990E+02 -9.99990E+02 -9.99990E+02 -9.99990E+02 -9.99990E+02 -9.99990E+02 -9.99990E+02 -9.99990E+02 -9.99990E+02 -9.99990E+02 -9.99990E+02 -9.99990E+02 -9.99990E+02 -9.99990E+02 -9.99990E+02 -9.99990E+02 -9.99990E+02 -9.99990E+02 -9.99990E+02 -9.99990E+02 -9.99990E+02 -9.99990E+02 -9.99990E+02 -9.99990E+02 -9.99990E+02 -9.99990E+02 -9.99990E+02  2.36927E+02  2.36569E+02  2.35902E+02  2.35255E+02  2.34728E+02  2.34403E+02  2.33587E+02  2.32569E+02  2.31679E+02  2.30959E+02  2.30247E+02  2.29499E+02  2.28988E+02  2.28521E+02  2.28091E+02  2.27481E+02  2.26878E+02  2.26062E+02  2.25093E+02  2.24185E+02  2.23481E+02  2.22944E+02  2.22607E+02  2.22487E+02  2.22340E+02  2.22307E+02  2.22325E+02  2.22365E+02  2.22506E+02  2.22835E+02  2.23188E+02  2.23586E+02  2.24020E+02  2.24393E+02  2.24615E+02  2.24688E+02  2.24692E+02  2.24631E+02  2.24746E+02  2.25004E+02  2.25304E+02  2.25655E+02  2.25992E+02  2.26367E+02  2.26609E+02 -9.99990E+02
 -9.99990E+02 -9.99990E+02 -9.99990E+02 -9.99990E+02 -9.99990E+02 -9.99990E+02 -9.99990E+02 -9.99990E+02 -9.99990E+02 -9.99990E+02 -9.99990E+02 -9.99990E+02 -9.99990E+02 -9.99990E+02 -9.99990E+02 -9.99990E+02 -9.99990E+02 -9.99990E+02 -9.99990E+02 -9.99990E+02 -9.99990E+02 -9.99990E+02 -9.99990E+02 -9.99990E+02 -9.99990E+02 -9.99990E+02 -9.99990E+02  2.35619E+02  2.35290E+02  2.34662E+02  2.33785E+02  2.33044E+02  2.32375E+02  2.31591E+02  2.30773E+02  2.29948E+02  2.29170E+02  2.28439E+02  2.27734E+02  2.27245E+02  2.26729E+02  2.26354E+02  2.25756E+02  2.24985E+02  2.24076E+02  2.23162E+02  2.22436E+02  2.21880E+02  2.21451E+02  2.21215E+02  2.21134E+02  2.21113E+02  2.21117E+02  2.21080E+02  2.21082E+02  2.21270E+02  2.21657E+02  2.22049E+02  2.22455E+02  2.22855E+02  2.23175E+02  2.23360E+02  2.23441E+02  2.23499E+02  2.23590E+02  2.23747E+02  2.24090E+02  2.24570E+02  2.25053E+02  2.25441E+02  2.25826E+02  2.26191E+02 -9.99990E+02
 -9.99990E+02 -9.99990E+02 -9.99990E+02 -9.99990E+02 -9.99990E+02 -9.99990E+02 -9.99990E+02 -9.99990E+02 -9.99990E+02 -9.99990E+02 -9.99990E+02 -9.99990E+02 -9.99990E+02 -9.99990E+02 -9.99990E+02 -9.99990E+02 -9.99990E+02 -9.99990E+02 -9.99990E+02 -9.99990E+02 -9.99990E+02 -9.99990E+02 -9.99990E+02 -9.99990E+02 -9.99990E+02 -9.99990E+02 -9.99990E+02  2.34724E+02  2.34059E+02  2.33489E+02  2.32774E+02  2.31915E+02  2.31146E+02  2.30326E+02  2.29518E+02  2.28669E+02  2.27838E+02  2.27048E+02  2.26250E+02  2.25600E+02  2.25001E+02  2.24389E+02  2.23824E+02  2.23078E+02  2.22306E+02  2.21543E+02  2.20948E+02  2.20478E+02  2.20152E+02  2.19967E+02  2.19885E+02  2.19884E+02  2.19949E+02  2.19925E+02  2.19980E+02  2.20222E+02  2.20592E+02  2.20997E+02  2.21394E+02  2.21754E+02  2.22076E+02  2.22218E+02  2.22314E+02  2.22382E+02  2.22558E+02  2.22855E+02  2.23350E+02  2.23908E+02  2.24430E+02  2.24881E+02  2.25302E+02  2.25807E+02 -9.99990E+02
 -9.99990E+02 -9.99990E+02 -9.99990E+02 -9.99990E+02 -9.99990E+02 -9.99990E+02 -9.99990E+02 -9.99990E+02 -9.99990E+02 -9.99990E+02 -9.99990E+02 -9.99990E+02 -9.99990E+02 -9.99990E+02 -9.99990E+02 -9.99990E+02 -9.99990E+02 -9.99990E+02 -9.99990E+02 -9.99990E+02 -9.99990E+02 -9.99990E+02 -9.99990E+02 -9.99990E+02 -9.99990E+02 -9.99990E+02 -9.99990E+02 -9.99990E+02  2.32845E+02  2.32452E+02  2.31766E+02  2.30983E+02  2.30281E+02  2.29512E+02  2.28727E+02  2.27860E+02  2.26984E+02  2.26124E+02  2.25134E+02  2.24306E+02  2.23567E+02  2.22848E+02  2.22141E+02  2.21455E+02  2.20799E+02  2.20198E+02  2.19691E+02  2.19269E+02  2.18965E+02  2.18807E+02  2.18749E+02  2.18791E+02  2.18871E+02  2.18925E+02  2.19128E+02  2.19460E+02  2.19818E+02  2.20190E+02  2.20462E+02  2.20725E+02  2.20980E+02  2.21109E+02  2.21219E+02  2.21360E+02  2.21637E+02  2.22033E+02  2.22548E+02  2.23148E+02  2.23686E+02  2.24173E+02  2.24529E+02 -9.99990E+02 -9.99990E+02
 -9.99990E+02 -9.99990E+02 -9.99990E+02 -9.99990E+02 -9.99990E+02 -9.99990E+02 -9.99990E+02 -9.99990E+02 -9.99990E+02 -9.99990E+02 -9.99990E+02 -9.99990E+02 -9.99990E+02 -9.99990E+02 -9.99990E+02 -9.99990E+02 -9.99990E+02 -9.99990E+02 -9.99990E+02 -9.99990E+02 -9.99990E+02 -9.99990E+02 -9.99990E+02 -9.99990E+02 -9.99990E+02 -9.99990E+02 -9.99990E+02 -9.99990E+02  2.32193E+02  2.31657E+02  2.31023E+02  2.30444E+02  2.29802E+02  2.29064E+02  2.28306E+02  2.27365E+02  2.26468E+02  2.25244E+02  2.24153E+02  2.23201E+02  2.22397E+02  2.21623E+02  2.20863E+02  2.20223E+02  2.19673E+02  2.19107E+02  2.18656E+02  2.18278E+02  2.17890E+02  2.17840E+02  2.17879E+02  2.17944E+02  2.18030E+02  2.18177E+02  2.18402E+02  2.18746E+02  2.19055E+02  2.19408E+02  2.19675E+02  2.19782E+02  2.19885E+02  2.19981E+02  2.20160E+02  2.20419E+02  2.20821E+02  2.21298E+02  2.21856E+02  2.22461E+02  2.22997E+02  2.23481E+02  2.23796E+02 -9.99990E+02 -9.99990E+02
 -9.99990E+02 -9.99990E+02 -9.99990E+02 -9.99990E+02 -9.99990E+02 -9.99990E+02 -9.99990E+02 -9.99990E+02 -9.99990E+02 -9.99990E+02 -9.99990E+02 -9.99990E+02 -9.99990E+02 -9.99990E+02 -9.99990E+02 -9.99990E+02 -9.99990E+02 -9.99990E+02 -9.99990E+02 -9.99990E+02 -9.99990E+02 -9.99990E+02 -9.99990E+02 -9.99990E+02 -9.99990E+02 -9.99990E+02 -9.99990E+02 -9.99990E+02 -9.99990E+02  2.31023E+02  2.30537E+02  2.30140E+02  2.29588E+02  2.28919E+02  2.28131E+02  2.27000E+02  2.25806E+02  2.24443E+02  2.23288E+02  2.22267E+02  2.21402E+02  2.20599E+02  2.19869E+02  2.19242E+02  2.18716E+02  2.18234E+02  2.17854E+02  2.17565E+02  2.17314E+02  2.17148E+02  2.17089E+02  2.17159E+02  2.17307E+02  2.17498E+02  2.17667E+02  2.17991E+02  2.18339E+02  2.18663E+02  2.18896E+02  2.18805E+02  2.18744E+02  2.18833E+02  2.19103E+02  2.19548E+02  2.20024E+02  2.20618E+02  2.21249E+02  2.21844E+02  2.22338E+02  2.22770E+02  2.23005E+02 -9.99990E+02 -9.99990E+02
 -9.99990E+02 -9.99990E+02 -9.99990E+02 -9.99990E+02 -9.99990E+02 -9.99990E+02 -9.99990E+02 -9.99990E+02 -9.99990E+02 -9.99990E+02 -9.99990E+02 -9.99990E+02 -9.99990E+02 -9.99990E+02 -9.99990E+02 -9.99990E+02 -9.99990E+02 -9.99990E+02 -9.99990E+02 -9.99990E+02 -9.99990E+02 -9.99990E+02 -9.99990E+02 -9.99990E+02 -9.99990E+02 -9.99990E+02 -9.99990E+02 -9.99990E+02 -9.99990E+02 -9.99990E+02  2.30109E+02  2.29851E+02  2.29404E+02  2.28813E+02  2.28009E+02  2.26868E+02  2.25387E+02  2.23643E+02  2.22409E+02  2.21320E+02  2.20523E+02  2.19771E+02  2.19045E+02  2.18433E+02  2.17905E+02  2.17524E+02  2.17298E+02  2.17086E+02  2.16943E+02  2.16772E+02  2.16606E+02  2.16529E+02  2.16726E+02  2.16887E+02  2.17056E+02  2.17385E+02  2.17634E+02  2.17823E+02  2.17896E+02  2.17692E+02  2.17668E+02  2.17859E+02  2.18243E+02  2.18794E+02  2.19329E+02  2.19995E+02  2.20707E+02  2.21318E+02  2.21693E+02  2.22027E+02  2.22213E+02 -9.99990E+02 -9.99990E+02
 -9.99990E+02 -9.99990E+02 -9.99990E+02 -9.99990E+02 -9.99990E+02 -9.99990E+02 -9.99990E+02 -9.99990E+02 -9.99990E+02 -9.99990E+02 -9.99990E+02 -9.99990E+02 -9.99990E+02 -9.99990E+02 -9.99990E+02 -9.99990E+02 -9.99990E+02 -9.99990E+02 -9.99990E+02 -9.99990E+02 -9.99990E+02 -9.99990E+02 -9.99990E+02 -9.99990E+02 -9.99990E+02 -9.99990E+02 -9.99990E+02 -9.99990E+02 -9.99990E+02 -9.99990E+02 -9.99990E+02 -9.99990E+02 -9.99990E+02 -9.99990E+02 -9.99990E+02 -9.99990E+02 -9.99990E+02  2.22539E+02  2.21672E+02  2.20406E+02  2.19550E+02  2.18892E+02  2.18201E+02  2.17653E+02  2.17198E+02  2.16900E+02  2.16781E+02  2.16633E+02  2.16541E+02  2.16454E+02  2.16294E+02  2.16089E+02  2.16221E+02  2.16368E+02  2.16578E+02  2.16814E+02  2.16982E+02  2.16999E+02  2.16944E+02  2.16862E+02  2.16875E+02  2.17099E+02  2.17534E+02  2.18077E+02  2.18634E+02  2.19250E+02  2.19888E+02  2.20481E+02  2.20868E+02  2.21280E+02  2.21573E+02 -9.99990E+02 -9.99990E+02
 -9.99990E+02 -9.99990E+02 -9.99990E+02 -9.99990E+02 -9.99990E+02 -9.99990E+02 -9.99990E+02 -9.99990E+02 -9.99990E+02 -9.99990E+02 -9.99990E+02 -9.99990E+02 -9.99990E+02 -9.99990E+02 -9.99990E+02 -9.99990E+02 -9.99990E+02 -9.99990E+02 -9.99990E+02 -9.99990E+02 -9.99990E+02 -9.99990E+02 -9.99990E+02 -9.99990E+02 -9.99990E+02 -9.99990E+02 -9.99990E+02 -9.99990E+02 -9.99990E+02 -9.99990E+02 -9.99990E+02 -9.99990E+02 -9.99990E+02 -9.99990E+02 -9.99990E+02 -9.99990E+02 -9.99990E+02 -9.99990E+02 -9.99990E+02  2.19295E+02  2.18568E+02  2.17989E+02  2.17483E+02  2.17026E+02  2.16623E+02  2.16400E+02  2.16303E+02  2.16241E+02  2.16197E+02  2.16141E+02  2.16019E+02  2.15816E+02  2.15698E+02  2.15810E+02  2.16109E+02  2.16215E+02  2.16311E+02  2.16289E+02  2.16222E+02  2.16121E+02  2.16155E+02  2.16442E+02  2.16918E+02  2.17408E+02  2.17850E+02  2.18414E+02  2.19071E+02  2.19617E+02  2.20063E+02  2.20528E+02  2.21040E+02 -9.99990E+02 -9.99990E+02
 -9.99990E+02 -9.99990E+02 -9.99990E+02 -9.99990E+02 -9.99990E+02 -9.99990E+02 -9.99990E+02 -9.99990E+02 -9.99990E+02 -9.99990E+02 -9.99990E+02 -9.99990E+02 -9.99990E+02 -9.99990E+02 -9.99990E+02 -9.99990E+02 -9.99990E+02 -9.99990E+02 -9.99990E+02 -9.99990E+02 -9.99990E+02 -9.99990E+02 -9.99990E+02 -9.99990E+02 -9.99990E+02 -9.99990E+02 -9.99990E+02 -9.99990E+02 -9.99990E+02 -9.99990E+02 -9.99990E+02 -9.99990E+02 -9.99990E+02 -9.99990E+02 -9.99990E+02 -9.99990E+02 -9.99990E+02 -9.99990E+02 -9.99990E+02 -9.99990E+02  2.17693E+02  2.17231E+02  2.16775E+02  2.16466E+02  2.16154E+02  2.15943E+02  2.15890E+02  2.15917E+02  2.15866E+02  2.15790E+02  2.15639E+02  2.15447E+02  2.15356E+02  2.15415E+02  2.15479E+02  2.15424E+02  2.15442E+02  2.15459E+02  2.15432E+02  2.15379E+02  2.15480E+02  2.15817E+02  2.16321E+02  2.16711E+02  2.17143E+02  2.17698E+02  2.18332E+02  2.18876E+02  2.19353E+02  2.19713E+02 -9.99990E+02 -9.99990E+02 -9.99990E+02
 -9.99990E+02 -9.99990E+02 -9.99990E+02 -9.99990E+02 -9.99990E+02 -9.99990E+02 -9.99990E+02 -9.99990E+02 -9.99990E+02 -9.99990E+02 -9.99990E+02 -9.99990E+02 -9.99990E+02 -9.99990E+02 -9.99990E+02 -9.99990E+02 -9.99990E+02 -9.99990E+02 -9.99990E+02 -9.99990E+02 -9.99990E+02 -9.99990E+02 -9.99990E+02 -9.99990E+02 -9.99990E+02 -9.99990E+02 -9.99990E+02 -9.99990E+02 -9.99990E+02 -9.99990E+02 -9.99990E+02 -9.99990E+02 -9.99990E+02 -9.99990E+02 -9.99990E+02 -9.99990E+02 -9.99990E+02 -9.99990E+02 -9.99990E+02 -9.99990E+02 -9.99990E+02  2.16644E+02  2.16220E+02  2.15954E+02  2.15729E+02  2.15578E+02  2.15565E+02  2.15621E+02  2.15587E+02  2.15540E+02  2.15327E+02  2.15059E+02  2.14739E+02  2.14827E+02  2.14757E+02  2.14550E+02  2.14517E+02  2.14386E+02  2.14428E+02  2.14513E+02  2.14711E+02  2.15148E+02  2.15646E+02  2.16092E+02  2.16566E+02  2.17141E+02  2.17751E+02  2.18325E+02  2.18797E+02  2.19221E+02 -9.99990E+02 -9.99990E+02 -9.99990E+02
 -9.99990E+02 -9.99990E+02 -9.99990E+02 -9.99990E+02 -9.99990E+02 -9.99990E+02 -9.99990E+02 -9.99990E+02 -9.99990E+02 -9.99990E+02 -9.99990E+02 -9.99990E+02 -9.99990E+02 -9.99990E+02 -9.99990E+02 -9.99990E+02 -9.99990E+02 -9.99990E+02 -9.99990E+02 -9.99990E+02 -9.99990E+02 -9.99990E+02 -9.99990E+02 -9.99990E+02 -9.99990E+02 -9.99990E+02 -9.99990E+02 -9.99990E+02 -9.99990E+02 -9.99990E+02 -9.99990E+02 -9.99990E+02 -9.99990E+02 -9.99990E+02 -9.99990E+02 -9.99990E+02 -9.99990E+02 -9.99990E+02 -9.99990E+02 -9.99990E+02 -9.99990E+02 -9.99990E+02  2.15713E+02  2.15502E+02  2.15397E+02  2.15319E+02  2.15344E+02  2.15380E+02  2.15342E+02  2.15307E+02  2.14976E+02  2.14562E+02  2.14083E+02  2.13994E+02  2.13865E+02  2.13586E+02  2.13392E+02  2.13246E+02  2.13314E+02  2.13488E+02  2.13841E+02  2.14313E+02  2.14848E+02  2.15402E+02  2.16032E+02  2.16572E+02  2.17091E+02  2.17639E+02  2.18182E+02 -9.99990E+02 -9.99990E+02 -9.99990E+02 -9.99990E+02
 -9.99990E+02 -9.99990E+02 -9.99990E+02 -9.99990E+02 -9.99990E+02 -9.99990E+02 -9.99990E+02 -9.99990E+02 -9.99990E+02 -9.99990E+02 -9.99990E+02 -9.99990E+02 -9.99990E+02 -9.99990E+02 -9.99990E+02 -9.99990E+02 -9.99990E+02 -9.99990E+02 -9.99990E+02 -9.99990E+02 -9.99990E+02 -9.99990E+02 -9.99990E+02 -9.99990E+02 -9.99990E+02 -9.99990E+02 -9.99990E+02 -9.99990E+02 -9.99990E+02 -9.99990E+02 -9.99990E+02 -9.99990E+02 -9.99990E+02 -9.99990E+02 -9.99990E+02 -9.99990E+02 -9.99990E+02 -9.99990E+02 -9.99990E+02 -9.99990E+02 -9.99990E+02 -9.99990E+02 -9.99990E+02  2.15165E+02  2.15182E+02  2.15191E+02  2.15224E+02  2.15156E+02  2.15011E+02  2.14857E+02  2.14444E+02  2.13939E+02  2.13342E+02  2.12934E+02  2.12669E+02  2.12407E+02  2.12177E+02  2.12079E+02  2.12202E+02  2.12462E+02  2.12817E+02  2.13240E+02  2.13766E+02  2.14448E+02  2.15230E+02  2.15747E+02  2.16299E+02  2.16897E+02 -9.99990E+02 -9.99990E+02 -9.99990E+02 -9.99990E+02 -9.99990E+02
 -9.99990E+02 -9.99990E+02 -9.99990E+02 -9.99990E+02 -9.99990E+02 -9.99990E+02 -9.99990E+02 -9.99990E+02 -9.99990E+02 -9.99990E+02 -9.99990E+02 -9.99990E+02 -9.99990E+02 -9.99990E+02 -9.99990E+02 -9.99990E+02 -9.99990E+02 -9.99990E+02 -9.99990E+02 -9.99990E+02 -9.99990E+02 -9.99990E+02 -9.99990E+02 -9.99990E+02 -9.99990E+02 -9.99990E+02 -9.99990E+02 -9.99990E+02 -9.99990E+02 -9.99990E+02 -9.99990E+02 -9.99990E+02 -9.99990E+02 -9.99990E+02 -9.99990E+02 -9.99990E+02 -9.99990E+02 -9.99990E+02 -9.99990E+02 -9.99990E+02 -9.99990E+02 -9.99990E+02 -9.99990E+02  2.15060E+02  2.15161E+02  2.15255E+02  2.15351E+02  2.15076E+02  2.14695E+02  2.14234E+02  2.13685E+02  2.13075E+02  2.12469E+02  2.11790E+02  2.11358E+02  2.11113E+02  2.10965E+02  2.10923E+02  2.11065E+02  2.11343E+02  2.11620E+02  2.12049E+02  2.12696E+02  2.13522E+02  2.14315E+02  2.14970E+02  2.15544E+02 -9.99990E+02 -9.99990E+02 -9.99990E+02 -9.99990E+02 -9.99990E+02 -9.99990E+02
 -9.99990E+02 -9.99990E+02 -9.99990E+02 -9.99990E+02 -9.99990E+02 -9.99990E+02 -9.99990E+02 -9.99990E+02 -9.99990E+02 -9.99990E+02 -9.99990E+02 -9.99990E+02 -9.99990E+02 -9.99990E+02 -9.99990E+02 -9.99990E+02 -9.99990E+02 -9.99990E+02 -9.99990E+02 -9.99990E+02 -9.99990E+02 -9.99990E+02 -9.99990E+02 -9.99990E+02 -9.99990E+02 -9.99990E+02 -9.99990E+02 -9.99990E+02 -9.99990E+02 -9.99990E+02 -9.99990E+02 -9.99990E+02 -9.99990E+02 -9.99990E+02 -9.99990E+02 -9.99990E+02 -9.99990E+02 -9.99990E+02 -9.99990E+02 -9.99990E+02 -9.99990E+02 -9.99990E+02 -9.99990E+02 -9.99990E+02  2.15279E+02  2.15374E+02  2.15212E+02  2.14779E+02  2.14266E+02  2.13713E+02  2.13034E+02  2.12252E+02  2.11569E+02  2.10914E+02  2.10230E+02  2.09622E+02  2.09596E+02  2.09672E+02  2.09890E+02  2.10106E+02  2.10375E+02  2.10881E+02  2.11703E+02  2.12904E+02  2.13758E+02  2.14279E+02 -9.99990E+02 -9.99990E+02 -9.99990E+02 -9.99990E+02 -9.99990E+02 -9.99990E+02 -9.99990E+02
 -9.99990E+02 -9.99990E+02 -9.99990E+02 -9.99990E+02 -9.99990E+02 -9.99990E+02 -9.99990E+02 -9.99990E+02 -9.99990E+02 -9.99990E+02 -9.99990E+02 -9.99990E+02 -9.99990E+02 -9.99990E+02 -9.99990E+02 -9.99990E+02 -9.99990E+02 -9.99990E+02 -9.99990E+02 -9.99990E+02 -9.99990E+02 -9.99990E+02 -9.99990E+02 -9.99990E+02 -9.99990E+02 -9.99990E+02 -9.99990E+02 -9.99990E+02 -9.99990E+02 -9.99990E+02 -9.99990E+02 -9.99990E+02 -9.99990E+02 -9.99990E+02 -9.99990E+02 -9.99990E+02 -9.99990E+02 -9.99990E+02 -9.99990E+02 -9.99990E+02 -9.99990E+02 -9.99990E+02 -9.99990E+02 -9.99990E+02  2.15288E+02  2.15273E+02  2.14911E+02  2.14223E+02  2.13610E+02  2.13050E+02  2.12247E+02  2.11275E+02  2.10475E+02  2.09795E+02  2.09056E+02  2.08302E+02  2.08160E+02  2.08326E+02  2.08467E+02  2.08682E+02  2.09033E+02  2.09705E+02  2.10568E+02 -9.99990E+02 -9.99990E+02 -9.99990E+02 -9.99990E+02 -9.99990E+02 -9.99990E+02 -9.99990E+02 -9.99990E+02 -9.99990E+02 -9.99990E+02
 -9.99990E+02 -9.99990E+02 -9.99990E+02 -9.99990E+02 -9.99990E+02 -9.99990E+02 -9.99990E+02 -9.99990E+02 -9.99990E+02 -9.99990E+02 -9.99990E+02 -9.99990E+02 -9.99990E+02 -9.99990E+02 -9.99990E+02 -9.99990E+02 -9.99990E+02 -9.99990E+02 -9.99990E+02 -9.99990E+02 -9.99990E+02 -9.99990E+02 -9.99990E+02 -9.99990E+02 -9.99990E+02 -9.99990E+02 -9.99990E+02 -9.99990E+02 -9.99990E+02 -9.99990E+02 -9.99990E+02 -9.99990E+02 -9.99990E+02 -9.99990E+02 -9.99990E+02 -9.99990E+02 -9.99990E+02 -9.99990E+02 -9.99990E+02 -9.99990E+02 -9.99990E+02 -9.99990E+02 -9.99990E+02 -9.99990E+02  2.15269E+02  2.15169E+02  2.14802E+02  2.13699E+02  2.12966E+02  2.12202E+02  2.11233E+02  2.10199E+02  2.09333E+02  2.08559E+02  2.07717E+02  2.06944E+02  2.06755E+02  2.06768E+02  2.06866E+02  2.07149E+02  2.07590E+02  2.08521E+02 -9.99990E+02 -9.99990E+02 -9.99990E+02 -9.99990E+02 -9.99990E+02 -9.99990E+02 -9.99990E+02 -9.99990E+02 -9.99990E+02 -9.99990E+02 -9.99990E+02
 -9.99990E+02 -9.99990E+02 -9.99990E+02 -9.99990E+02 -9.99990E+02 -9.99990E+02 -9.99990E+02 -9.99990E+02 -9.99990E+02 -9.99990E+02 -9.99990E+02 -9.99990E+02 -9.99990E+02 -9.99990E+02 -9.99990E+02 -9.99990E+02 -9.99990E+02 -9.99990E+02 -9.99990E+02 -9.99990E+02 -9.99990E+02 -9.99990E+02 -9.99990E+02 -9.99990E+02 -9.99990E+02 -9.99990E+02 -9.99990E+02 -9.99990E+02 -9.99990E+02 -9.99990E+02 -9.99990E+02 -9.99990E+02 -9.99990E+02 -9.99990E+02 -9.99990E+02 -9.99990E+02 -9.99990E+02 -9.99990E+02 -9.99990E+02 -9.99990E+02 -9.99990E+02 -9.99990E+02 -9.99990E+02 -9.99990E+02 -9.99990E+02 -9.99990E+02 -9.99990E+02  2.12463E+02  2.12050E+02  2.11284E+02  2.10191E+02  2.09227E+02  2.08192E+02  2.07245E+02  2.06313E+02  2.05443E+02  2.05181E+02  2.05145E+02  2.05173E+02  2.05441E+02  2.05831E+02 -9.99990E+02 -9.99990E+02 -9.99990E+02 -9.99990E+02 -9.99990E+02 -9.99990E+02 -9.99990E+02 -9.99990E+02 -9.99990E+02 -9.99990E+02 -9.99990E+02 -9.99990E+02
 -9.99990E+02 -9.99990E+02 -9.99990E+02 -9.99990E+02 -9.99990E+02 -9.99990E+02 -9.99990E+02 -9.99990E+02 -9.99990E+02 -9.99990E+02 -9.99990E+02 -9.99990E+02 -9.99990E+02 -9.99990E+02 -9.99990E+02 -9.99990E+02 -9.99990E+02 -9.99990E+02 -9.99990E+02 -9.99990E+02 -9.99990E+02 -9.99990E+02 -9.99990E+02 -9.99990E+02 -9.99990E+02 -9.99990E+02 -9.99990E+02 -9.99990E+02 -9.99990E+02 -9.99990E+02 -9.99990E+02 -9.99990E+02 -9.99990E+02 -9.99990E+02 -9.99990E+02 -9.99990E+02 -9.99990E+02 -9.99990E+02 -9.99990E+02 -9.99990E+02 -9.99990E+02 -9.99990E+02 -9.99990E+02 -9.99990E+02 -9.99990E+02 -9.99990E+02 -9.99990E+02  2.11360E+02  2.11044E+02  2.10241E+02  2.09191E+02  2.08226E+02  2.07009E+02  2.05919E+02  2.04860E+02  2.03882E+02  2.03544E+02  2.03454E+02  2.03430E+02  2.03727E+02  2.04659E+02 -9.99990E+02 -9.99990E+02 -9.99990E+02 -9.99990E+02 -9.99990E+02 -9.99990E+02 -9.99990E+02 -9.99990E+02 -9.99990E+02 -9.99990E+02 -9.99990E+02 -9.99990E+02
 -9.99990E+02 -9.99990E+02 -9.99990E+02 -9.99990E+02 -9.99990E+02 -9.99990E+02 -9.99990E+02 -9.99990E+02 -9.99990E+02 -9.99990E+02 -9.99990E+02 -9.99990E+02 -9.99990E+02 -9.99990E+02 -9.99990E+02 -9.99990E+02 -9.99990E+02 -9.99990E+02 -9.99990E+02 -9.99990E+02 -9.99990E+02 -9.99990E+02 -9.99990E+02 -9.99990E+02 -9.99990E+02 -9.99990E+02 -9.99990E+02 -9.99990E+02 -9.99990E+02 -9.99990E+02 -9.99990E+02 -9.99990E+02 -9.99990E+02 -9.99990E+02 -9.99990E+02 -9.99990E+02 -9.99990E+02 -9.99990E+02 -9.99990E+02 -9.99990E+02 -9.99990E+02 -9.99990E+02 -9.99990E+02 -9.99990E+02 -9.99990E+02 -9.99990E+02 -9.99990E+02  2.10120E+02  2.09843E+02  2.09094E+02  2.08180E+02  2.07059E+02  2.05784E+02  2.04446E+02  2.03252E+02  2.02215E+02  2.01750E+02  2.01514E+02  2.01454E+02  2.01492E+02 -9.99990E+02 -9.99990E+02 -9.99990E+02 -9.99990E+02 -9.99990E+02 -9.99990E+02 -9.99990E+02 -9.99990E+02 -9.99990E+02 -9.99990E+02 -9.99990E+02 -9.99990E+02 -9.99990E+02
 -9.99990E+02 -9.99990E+02 -9.99990E+02 -9.99990E+02 -9.99990E+02 -9.99990E+02 -9.99990E+02 -9.99990E+02 -9.99990E+02 -9.99990E+02 -9.99990E+02 -9.99990E+02 -9.99990E+02 -9.99990E+02 -9.99990E+02 -9.99990E+02 -9.99990E+02 -9.99990E+02 -9.99990E+02 -9.99990E+02 -9.99990E+02 -9.99990E+02 -9.99990E+02 -9.99990E+02 -9.99990E+02 -9.99990E+02 -9.99990E+02 -9.99990E+02 -9.99990E+02 -9.99990E+02 -9.99990E+02 -9.99990E+02 -9.99990E+02 -9.99990E+02 -9.99990E+02 -9.99990E+02 -9.99990E+02 -9.99990E+02 -9.99990E+02 -9.99990E+02 -9.99990E+02 -9.99990E+02 -9.99990E+02 -9.99990E+02 -9.99990E+02 -9.99990E+02 -9.99990E+02  2.08782E+02  2.08451E+02  2.07691E+02  2.06973E+02  2.05971E+02  2.04332E+02  2.02732E+02  2.01491E+02  2.00517E+02  1.99870E+02  1.99561E+02  1.99452E+02  1.99413E+02 -9.99990E+02 -9.99990E+02 -9.99990E+02 -9.99990E+02 -9.99990E+02 -9.99990E+02 -9.99990E+02 -9.99990E+02 -9.99990E+02 -9.99990E+02 -9.99990E+02 -9.99990E+02 -9.99990E+02
 -9.99990E+02 -9.99990E+02 -9.99990E+02 -9.99990E+02 -9.99990E+02 -9.99990E+02 -9.99990E+02 -9.99990E+02 -9.99990E+02 -9.99990E+02 -9.99990E+02 -9.99990E+02 -9.99990E+02 -9.99990E+02 -9.99990E+02 -9.99990E+02 -9.99990E+02 -9.99990E+02 -9.99990E+02 -9.99990E+02 -9.99990E+02 -9.99990E+02 -9.99990E+02 -9.99990E+02 -9.99990E+02 -9.99990E+02 -9.99990E+02 -9.99990E+02 -9.99990E+02 -9.99990E+02 -9.99990E+02 -9.99990E+02 -9.99990E+02 -9.99990E+02 -9.99990E+02 -9.99990E+02 -9.99990E+02 -9.99990E+02 -9.99990E+02 -9.99990E+02 -9.99990E+02 -9.99990E+02 -9.99990E+02 -9.99990E+02 -9.99990E+02 -9.99990E+02 -9.99990E+02  2.07635E+02  2.07244E+02  2.06363E+02  2.05382E+02  2.04103E+02  2.02397E+02  2.00887E+02  1.99679E+02  1.98740E+02  1.97991E+02  1.97583E+02  1.97411E+02  1.97374E+02 -9.99990E+02 -9.99990E+02 -9.99990E+02 -9.99990E+02 -9.99990E+02 -9.99990E+02 -9.99990E+02 -9.99990E+02 -9.99990E+02 -9.99990E+02 -9.99990E+02 -9.99990E+02 -9.99990E+02
 -9.99990E+02 -9.99990E+02 -9.99990E+02 -9.99990E+02 -9.99990E+02 -9.99990E+02 -9.99990E+02 -9.99990E+02 -9.99990E+02 -9.99990E+02 -9.99990E+02 -9.99990E+02 -9.99990E+02 -9.99990E+02 -9.99990E+02 -9.99990E+02 -9.99990E+02 -9.99990E+02 -9.99990E+02 -9.99990E+02 -9.99990E+02 -9.99990E+02 -9.99990E+02 -9.99990E+02 -9.99990E+02 -9.99990E+02 -9.99990E+02 -9.99990E+02 -9.99990E+02 -9.99990E+02 -9.99990E+02 -9.99990E+02 -9.99990E+02 -9.99990E+02 -9.99990E+02 -9.99990E+02 -9.99990E+02 -9.99990E+02 -9.99990E+02 -9.99990E+02 -9.99990E+02 -9.99990E+02 -9.99990E+02 -9.99990E+02 -9.99990E+02 -9.99990E+02 -9.99990E+02  2.06744E+02  2.05781E+02  2.04811E+02  2.03512E+02  2.02055E+02  2.00460E+02  1.98962E+02  1.97818E+02  1.96879E+02  1.96161E+02  1.95740E+02  1.95546E+02  1.95381E+02  1.94762E+02 -9.99990E+02 -9.99990E+02 -9.99990E+02 -9.99990E+02 -9.99990E+02 -9.99990E+02 -9.99990E+02 -9.99990E+02 -9.99990E+02 -9.99990E+02 -9.99990E+02 -9.99990E+02
 -9.99990E+02 -9.99990E+02 -9.99990E+02 -9.99990E+02 -9.99990E+02 -9.99990E+02 -9.99990E+02 -9.99990E+02 -9.99990E+02 -9.99990E+02 -9.99990E+02 -9.99990E+02 -9.99990E+02 -9.99990E+02 -9.99990E+02 -9.99990E+02 -9.99990E+02 -9.99990E+02 -9.99990E+02 -9.99990E+02 -9.99990E+02 -9.99990E+02 -9.99990E+02 -9.99990E+02 -9.99990E+02 -9.99990E+02 -9.99990E+02 -9.99990E+02 -9.99990E+02 -9.99990E+02 -9.99990E+02 -9.99990E+02 -9.99990E+02 -9.99990E+02 -9.99990E+02 -9.99990E+02 -9.99990E+02 -9.99990E+02 -9.99990E+02 -9.99990E+02 -9.99990E+02 -9.99990E+02 -9.99990E+02 -9.99990E+02 -9.99990E+02 -9.99990E+02 -9.99990E+02 -9.99990E+02  2.03655E+02  2.02928E+02  2.01437E+02  1.99841E+02  1.98337E+02  1.96955E+02  1.95853E+02  1.94982E+02  1.94376E+02  1.94025E+02  1.93923E+02  1.93931E+02  1.94295E+02 -9.99990E+02 -9.99990E+02 -9.99990E+02 -9.99990E+02 -9.99990E+02 -9.99990E+02 -9.99990E+02 -9.99990E+02 -9.99990E+02 -9.99990E+02 -9.99990E+02 -9.99990E+02
 -9.99990E+02 -9.99990E+02 -9.99990E+02 -9.99990E+02 -9.99990E+02 -9.99990E+02 -9.99990E+02 -9.99990E+02 -9.99990E+02 -9.99990E+02 -9.99990E+02 -9.99990E+02 -9.99990E+02 -9.99990E+02 -9.99990E+02 -9.99990E+02 -9.99990E+02 -9.99990E+02 -9.99990E+02 -9.99990E+02 -9.99990E+02 -9.99990E+02 -9.99990E+02 -9.99990E+02 -9.99990E+02 -9.99990E+02 -9.99990E+02 -9.99990E+02 -9.99990E+02 -9.99990E+02 -9.99990E+02 -9.99990E+02 -9.99990E+02 -9.99990E+02 -9.99990E+02 -9.99990E+02 -9.99990E+02 -9.99990E+02 -9.99990E+02 -9.99990E+02 -9.99990E+02 -9.99990E+02 -9.99990E+02 -9.99990E+02 -9.99990E+02 -9.99990E+02 -9.99990E+02  2.00227E+02  2.01294E+02  2.00767E+02  1.99410E+02  1.97778E+02  1.96203E+02  1.94955E+02  1.93969E+02  1.93237E+02  1.92743E+02  1.92415E+02  1.92233E+02  1.92172E+02 -9.99990E+02 -9.99990E+02 -9.99990E+02 -9.99990E+02 -9.99990E+02 -9.99990E+02 -9.99990E+02 -9.99990E+02 -9.99990E+02 -9.99990E+02 -9.99990E+02 -9.99990E+02 -9.99990E+02
 -9.99990E+02 -9.99990E+02 -9.99990E+02 -9.99990E+02 -9.99990E+02 -9.99990E+02 -9.99990E+02 -9.99990E+02 -9.99990E+02 -9.99990E+02 -9.99990E+02 -9.99990E+02 -9.99990E+02 -9.99990E+02 -9.99990E+02 -9.99990E+02 -9.99990E+02 -9.99990E+02 -9.99990E+02 -9.99990E+02 -9.99990E+02 -9.99990E+02 -9.99990E+02 -9.99990E+02 -9.99990E+02 -9.99990E+02 -9.99990E+02 -9.99990E+02 -9.99990E+02 -9.99990E+02 -9.99990E+02 -9.99990E+02 -9.99990E+02 -9.99990E+02 -9.99990E+02 -9.99990E+02 -9.99990E+02 -9.99990E+02 -9.99990E+02 -9.99990E+02 -9.99990E+02 -9.99990E+02 -9.99990E+02 -9.99990E+02 -9.99990E+02 -9.99990E+02 -9.99990E+02  1.99164E+02  1.99478E+02  1.99031E+02  1.97600E+02  1.95719E+02  1.94280E+02  1.93115E+02  1.92253E+02  1.91692E+02  1.91275E+02  1.90923E+02  1.90658E+02  1.90483E+02 -9.99990E+02 -9.99990E+02 -9.99990E+02 -9.99990E+02 -9.99990E+02 -9.99990E+02 -9.99990E+02 -9.99990E+02 -9.99990E+02 -9.99990E+02 -9.99990E+02 -9.99990E+02 -9.99990E+02
 -9.99990E+02 -9.99990E+02 -9.99990E+02 -9.99990E+02 -9.99990E+02 -9.99990E+02 -9.99990E+02 -9.99990E+02 -9.99990E+02 -9.99990E+02 -9.99990E+02 -9.99990E+02 -9.99990E+02 -9.99990E+02 -9.99990E+02 -9.99990E+02 -9.99990E+02 -9.99990E+02 -9.99990E+02 -9.99990E+02 -9.99990E+02 -9.99990E+02 -9.99990E+02 -9.99990E+02 -9.99990E+02 -9.99990E+02 -9.99990E+02 -9.99990E+02 -9.99990E+02 -9.99990E+02 -9.99990E+02 -9.99990E+02 -9.99990E+02 -9.99990E+02 -9.99990E+02 -9.99990E+02 -9.99990E+02 -9.99990E+02 -9.99990E+02 -9.99990E+02 -9.99990E+02 -9.99990E+02 -9.99990E+02 -9.99990E+02 -9.99990E+02 -9.99990E+02 -9.99990E+02  1.97358E+02  1.97449E+02  1.97010E+02  1.95578E+02  1.93758E+02  1.92465E+02  1.91471E+02  1.90782E+02  1.90329E+02  1.89966E+02  1.89592E+02  1.89184E+02  1.88585E+02  1.87238E+02  1.86447E+02  1.86038E+02 -9.99990E+02 -9.99990E+02 -9.99990E+02 -9.99990E+02 -9.99990E+02 -9.99990E+02 -9.99990E+02 -9.99990E+02 -9.99990E+02 -9.99990E+02
 -9.99990E+02 -9.99990E+02 -9.99990E+02 -9.99990E+02 -9.99990E+02 -9.99990E+02 -9.99990E+02 -9.99990E+02 -9.99990E+02 -9.99990E+02 -9.99990E+02 -9.99990E+02 -9.99990E+02 -9.99990E+02 -9.99990E+02 -9.99990E+02 -9.99990E+02 -9.99990E+02 -9.99990E+02 -9.99990E+02 -9.99990E+02 -9.99990E+02 -9.99990E+02 -9.99990E+02 -9.99990E+02 -9.99990E+02 -9.99990E+02 -9.99990E+02 -9.99990E+02 -9.99990E+02 -9.99990E+02 -9.99990E+02 -9.99990E+02 -9.99990E+02 -9.99990E+02 -9.99990E+02 -9.99990E+02 -9.99990E+02 -9.99990E+02 -9.99990E+02 -9.99990E+02 -9.99990E+02 -9.99990E+02 -9.99990E+02 -9.99990E+02 -9.99990E+02 -9.99990E+02  1.95572E+02  1.95467E+02  1.94870E+02  1.93551E+02  1.92008E+02  1.90751E+02  1.89860E+02  1.89351E+02  1.88970E+02  1.88687E+02  1.88312E+02  1.87891E+02  1.87414E+02  1.86715E+02  1.86150E+02  1.85707E+02  1.85327E+02 -9.99990E+02 -9.99990E+02 -9.99990E+02 -9.99990E+02 -9.99990E+02 -9.99990E+02 -9.99990E+02 -9.99990E+02 -9.99990E+02
 -9.99990E+02 -9.99990E+02 -9.99990E+02 -9.99990E+02 -9.99990E+02 -9.99990E+02 -9.99990E+02 -9.99990E+02 -9.99990E+02 -9.99990E+02 -9.99990E+02 -9.99990E+02 -9.99990E+02 -9.99990E+02 -9.99990E+02 -9.99990E+02 -9.99990E+02 -9.99990E+02 -9.99990E+02 -9.99990E+02 -9.99990E+02 -9.99990E+02 -9.99990E+02 -9.99990E+02 -9.99990E+02 -9.99990E+02 -9.99990E+02 -9.99990E+02 -9.99990E+02 -9.99990E+02 -9.99990E+02 -9.99990E+02 -9.99990E+02 -9.99990E+02 -9.99990E+02 -9.99990E+02 -9.99990E+02 -9.99990E+02 -9.99990E+02 -9.99990E+02 -9.99990E+02 -9.99990E+02 -9.99990E+02 -9.99990E+02 -9.99990E+02 -9.99990E+02  1.93881E+02  1.93847E+02  1.93506E+02  1.92930E+02  1.91637E+02  1.90245E+02  1.89063E+02  1.88321E+02  1.87927E+02  1.87672E+02  1.87421E+02  1.87105E+02  1.86781E+02  1.86469E+02  1.86033E+02  1.85614E+02  1.85276E+02  1.85015E+02 -9.99990E+02 -9.99990E+02 -9.99990E+02 -9.99990E+02 -9.99990E+02 -9.99990E+02 -9.99990E+02 -9.99990E+02 -9.99990E+02
 -9.99990E+02 -9.99990E+02 -9.99990E+02 -9.99990E+02 -9.99990E+02 -9.99990E+02 -9.99990E+02 -9.99990E+02 -9.99990E+02 -9.99990E+02 -9.99990E+02 -9.99990E+02 -9.99990E+02 -9.99990E+02 -9.99990E+02 -9.99990E+02 -9.99990E+02 -9.99990E+02 -9.99990E+02 -9.99990E+02 -9.99990E+02 -9.99990E+02 -9.99990E+02 -9.99990E+02 -9.99990E+02 -9.99990E+02 -9.99990E+02 -9.99990E+02 -9.99990E+02 -9.99990E+02 -9.99990E+02 -9.99990E+02 -9.99990E+02 -9.99990E+02 -9.99990E+02 -9.99990E+02 -9.99990E+02 -9.99990E+02 -9.99990E+02 -9.99990E+02 -9.99990E+02 -9.99990E+02 -9.99990E+02 -9.99990E+02 -9.99990E+02 -9.99990E+02 -9.99990E+02  1.91826E+02  1.91569E+02  1.91055E+02  1.89785E+02  1.88551E+02  1.87465E+02  1.86792E+02  1.86460E+02  1.86286E+02  1.86123E+02  1.85943E+02  1.85802E+02  1.85656E+02  1.85323E+02  1.85007E+02  1.84752E+02  1.84482E+02  1.84119E+02  1.83989E+02 -9.99990E+02 -9.99990E+02 -9.99990E+02 -9.99990E+02 -9.99990E+02 -9.99990E+02 -9.99990E+02
 -9.99990E+02 -9.99990E+02 -9.99990E+02 -9.99990E+02 -9.99990E+02 -9.99990E+02 -9.99990E+02 -9.99990E+02 -9.99990E+02 -9.99990E+02 -9.99990E+02 -9.99990E+02 -9.99990E+02 -9.99990E+02 -9.99990E+02 -9.99990E+02 -9.99990E+02 -9.99990E+02 -9.99990E+02 -9.99990E+02 -9.99990E+02 -9.99990E+02 -9.99990E+02 -9.99990E+02 -9.99990E+02 -9.99990E+02 -9.99990E+02 -9.99990E+02 -9.99990E+02 -9.99990E+02 -9.99990E+02 -9.99990E+02 -9.99990E+02 -9.99990E+02 -9.99990E+02 -9.99990E+02 -9.99990E+02 -9.99990E+02 -9.99990E+02 -9.99990E+02 -9.99990E+02 -9.99990E+02 -9.99990E+02 -9.99990E+02 -9.99990E+02 -9.99990E+02 -9.99990E+02  1.89641E+02  1.89527E+02  1.89031E+02  1.87933E+02  1.86873E+02  1.85954E+02  1.85321E+02  1.84990E+02  1.84913E+02  1.84847E+02  1.84776E+02  1.84883E+02  1.84869E+02  1.84610E+02  1.84373E+02  1.84180E+02  1.84029E+02  1.83902E+02  1.83915E+02 -9.99990E+02 -9.99990E+02 -9.99990E+02 -9.99990E+02 -9.99990E+02 -9.99990E+02 -9.99990E+02
 -9.99990E+02 -9.99990E+02 -9.99990E+02 -9.99990E+02 -9.99990E+02 -9.99990E+02 -9.99990E+02 -9.99990E+02 -9.99990E+02 -9.99990E+02 -9.99990E+02 -9.99990E+02 -9.99990E+02 -9.99990E+02 -9.99990E+02 -9.99990E+02 -9.99990E+02 -9.99990E+02 -9.99990E+02 -9.99990E+02 -9.99990E+02 -9.99990E+02 -9.99990E+02 -9.99990E+02 -9.99990E+02 -9.99990E+02 -9.99990E+02 -9.99990E+02 -9.99990E+02 -9.99990E+02 -9.99990E+02 -9.99990E+02 -9.99990E+02 -9.99990E+02 -9.99990E+02 -9.99990E+02 -9.99990E+02 -9.99990E+02 -9.99990E+02 -9.99990E+02 -9.99990E+02 -9.99990E+02 -9.99990E+02 -9.99990E+02 -9.99990E+02 -9.99990E+02  1.86272E+02  1.87166E+02  1.87274E+02  1.87016E+02  1.86130E+02  1.85237E+02  1.84488E+02  1.83877E+02  1.83538E+02  1.83475E+02  1.83497E+02  1.83630E+02  1.83850E+02  1.83971E+02  1.83867E+02  1.83742E+02  1.83612E+02  1.83532E+02  1.83493E+02 -9.99990E+02 -9.99990E+02 -9.99990E+02 -9.99990E+02 -9.99990E+02 -9.99990E+02 -9.99990E+02 -9.99990E+02
 -9.99990E+02 -9.99990E+02 -9.99990E+02 -9.99990E+02 -9.99990E+02 -9.99990E+02 -9.99990E+02 -9.99990E+02 -9.99990E+02 -9.99990E+02 -9.99990E+02 -9.99990E+02 -9.99990E+02 -9.99990E+02 -9.99990E+02 -9.99990E+02 -9.99990E+02 -9.99990E+02 -9.99990E+02 -9.99990E+02 -9.99990E+02 -9.99990E+02 -9.99990E+02 -9.99990E+02 -9.99990E+02 -9.99990E+02 -9.99990E+02 -9.99990E+02 -9.99990E+02 -9.99990E+02 -9.99990E+02 -9.99990E+02 -9.99990E+02 -9.99990E+02 -9.99990E+02 -9.99990E+02 -9.99990E+02 -9.99990E+02 -9.99990E+02 -9.99990E+02 -9.99990E+02 -9.99990E+02 -9.99990E+02 -9.99990E+02 -9.99990E+02  1.84241E+02  1.84815E+02  1.85235E+02  1.85361E+02  1.85037E+02  1.84304E+02  1.83525E+02  1.83019E+02  1.82419E+02  1.82126E+02  1.82091E+02  1.82215E+02  1.82511E+02  1.82799E+02  1.83008E+02  1.83106E+02  1.83138E+02  1.83111E+02  1.83108E+02  1.83105E+02 -9.99990E+02 -9.99990E+02 -9.99990E+02 -9.99990E+02 -9.99990E+02 -9.99990E+02 -9.99990E+02 -9.99990E+02
 -9.99990E+02 -9.99990E+02 -9.99990E+02 -9.99990E+02 -9.99990E+02 -9.99990E+02 -9.99990E+02 -9.99990E+02 -9.99990E+02 -9.99990E+02 -9.99990E+02 -9.99990E+02 -9.99990E+02 -9.99990E+02 -9.99990E+02 -9.99990E+02 -9.99990E+02 -9.99990E+02 -9.99990E+02 -9.99990E+02 -9.99990E+02 -9.99990E+02 -9.99990E+02 -9.99990E+02 -9.99990E+02 -9.99990E+02 -9.99990E+02 -9.99990E+02 -9.99990E+02 -9.99990E+02 -9.99990E+02 -9.99990E+02 -9.99990E+02 -9.99990E+02 -9.99990E+02 -9.99990E+02 -9.99990E+02 -9.99990E+02 -9.99990E+02 -9.99990E+02 -9.99990E+02 -9.99990E+02 -9.99990E+02 -9.99990E+02 -9.99990E+02  1.83388E+02  1.83577E+02  1.83780E+02  1.83718E+02  1.83289E+02  1.82592E+02  1.81954E+02  1.81518E+02  1.81016E+02  1.80746E+02  1.80753E+02  1.80996E+02  1.81381E+02  1.81763E+02  1.82067E+02  1.82311E+02  1.82501E+02  1.82626E+02  1.82721E+02  1.82774E+02  1.82727E+02 -9.99990E+02 -9.99990E+02 -9.99990E+02 -9.99990E+02 -9.99990E+02 -9.99990E+02 -9.99990E+02
 -9.99990E+02 -9.99990E+02 -9.99990E+02 -9.99990E+02 -9.99990E+02 -9.99990E+02 -9.99990E+02 -9.99990E+02 -9.99990E+02 -9.99990E+02 -9.99990E+02 -9.99990E+02 -9.99990E+02 -9.99990E+02 -9.99990E+02 -9.99990E+02 -9.99990E+02 -9.99990E+02 -9.99990E+02 -9.99990E+02 -9.99990E+02 -9.99990E+02 -9.99990E+02 -9.99990E+02 -9.99990E+02 -9.99990E+02 -9.99990E+02 -9.99990E+02 -9.99990E+02 -9.99990E+02 -9.99990E+02 -9.99990E+02 -9.99990E+02 -9.99990E+02 -9.99990E+02 -9.99990E+02 -9.99990E+02 -9.99990E+02 -9.99990E+02 -9.99990E+02 -9.99990E+02 -9.99990E+02 -9.99990E+02  1.81499E+02  1.81730E+02  1.82313E+02  1.82516E+02  1.82412E+02  1.82102E+02  1.81636E+02  1.80962E+02  1.80408E+02  1.79945E+02  1.79631E+02  1.79404E+02  1.79472E+02  1.79826E+02  1.80222E+02  1.80649E+02  1.81089E+02  1.81506E+02  1.81915E+02  1.82213E+02  1.82394E+02  1.82547E+02 -9.99990E+02 -9.99990E+02 -9.99990E+02 -9.99990E+02 -9.99990E+02 -9.99990E+02 -9.99990E+02 -9.99990E+02
 -9.99990E+02 -9.99990E+02 -9.99990E+02 -9.99990E+02 -9.99990E+02 -9.99990E+02 -9.99990E+02 -9.99990E+02 -9.99990E+02 -9.99990E+02 -9.99990E+02 -9.99990E+02 -9.99990E+02 -9.99990E+02 -9.99990E+02 -9.99990E+02 -9.99990E+02 -9.99990E+02 -9.99990E+02 -9.99990E+02 -9.99990E+02 -9.99990E+02 -9.99990E+02 -9.99990E+02 -9.99990E+02 -9.99990E+02 -9.99990E+02 -9.99990E+02 -9.99990E+02 -9.99990E+02 -9.99990E+02 -9.99990E+02 -9.99990E+02 -9.99990E+02 -9.99990E+02 -9.99990E+02 -9.99990E+02 -9.99990E+02 -9.99990E+02 -9.99990E+02 -9.99990E+02 -9.99990E+02 -9.99990E+02  1.81622E+02  1.81667E+02  1.81728E+02  1.81694E+02  1.81443E+02  1.80907E+02  1.80171E+02  1.79459E+02  1.78907E+02  1.78533E+02  1.78245E+02  1.78096E+02  1.78221E+02  1.78656E+02  1.79084E+02  1.79528E+02  1.80049E+02  1.80697E+02  1.81496E+02  1.81921E+02  1.82115E+02 -9.99990E+02 -9.99990E+02 -9.99990E+02 -9.99990E+02 -9.99990E+02 -9.99990E+02 -9.99990E+02 -9.99990E+02 -9.99990E+02
 -9.99990E+02 -9.99990E+02 -9.99990E+02 -9.99990E+02 -9.99990E+02 -9.99990E+02 -9.99990E+02 -9.99990E+02 -9.99990E+02 -9.99990E+02 -9.99990E+02 -9.99990E+02 -9.99990E+02 -9.99990E+02 -9.99990E+02 -9.99990E+02 -9.99990E+02 -9.99990E+02 -9.99990E+02 -9.99990E+02 -9.99990E+02 -9.99990E+02 -9.99990E+02 -9.99990E+02 -9.99990E+02 -9.99990E+02 -9.99990E+02 -9.99990E+02 -9.99990E+02 -9.99990E+02 -9.99990E+02 -9.99990E+02 -9.99990E+02 -9.99990E+02 -9.99990E+02 -9.99990E+02 -9.99990E+02 -9.99990E+02 -9.99990E+02 -9.99990E+02 -9.99990E+02 -9.99990E+02 -9.99990E+02  1.81851E+02  1.81721E+02  1.81462E+02  1.81151E+02  1.80712E+02  1.79995E+02  1.79106E+02  1.78158E+02  1.77539E+02  1.77139E+02  1.76829E+02  1.76750E+02  1.76957E+02  1.77442E+02  1.77886E+02  1.78282E+02  1.78756E+02  1.79675E+02 -9.99990E+02 -9.99990E+02 -9.99990E+02 -9.99990E+02 -9.99990E+02 -9.99990E+02 -9.99990E+02 -9.99990E+02 -9.99990E+02 -9.99990E+02 -9.99990E+02 -9.99990E+02
 -9.99990E+02 -9.99990E+02 -9.99990E+02 -9.99990E+02 -9.99990E+02 -9.99990E+02 -9.99990E+02 -9.99990E+02 -9.99990E+02 -9.99990E+02 -9.99990E+02 -9.99990E+02 -9.99990E+02 -9.99990E+02 -9.99990E+02 -9.99990E+02 -9.99990E+02 -9.99990E+02 -9.99990E+02 -9.99990E+02 -9.99990E+02 -9.99990E+02 -9.99990E+02 -9.99990E+02 -9.99990E+02 -9.99990E+02 -9.99990E+02 -9.99990E+02 -9.99990E+02 -9.99990E+02 -9.99990E+02 -9.99990E+02 -9.99990E+02 -9.99990E+02 -9.99990E+02 -9.99990E+02 -9.99990E+02 -9.99990E+02 -9.99990E+02 -9.99990E+02 -9.99990E+02 -9.99990E+02 -9.99990E+02  1.81846E+02  1.81656E+02  1.81260E+02  1.80749E+02  1.80130E+02  1.79240E+02  1.78160E+02  1.77045E+02  1.76369E+02  1.75920E+02  1.75562E+02  1.75484E+02  1.75680E+02  1.76105E+02  1.76486E+02  1.76803E+02  1.76991E+02 -9.99990E+02 -9.99990E+02 -9.99990E+02 -9.99990E+02 -9.99990E+02 -9.99990E+02 -9.99990E+02 -9.99990E+02 -9.99990E+02 -9.99990E+02 -9.99990E+02 -9.99990E+02 -9.99990E+02
 -9.99990E+02 -9.99990E+02 -9.99990E+02 -9.99990E+02 -9.99990E+02 -9.99990E+02 -9.99990E+02 -9.99990E+02 -9.99990E+02 -9.99990E+02 -9.99990E+02 -9.99990E+02 -9.99990E+02 -9.99990E+02 -9.99990E+02 -9.99990E+02 -9.99990E+02 -9.99990E+02 -9.99990E+02 -9.99990E+02 -9.99990E+02 -9.99990E+02 -9.99990E+02 -9.99990E+02 -9.99990E+02 -9.99990E+02 -9.99990E+02 -9.99990E+02 -9.99990E+02 -9.99990E+02 -9.99990E+02 -9.99990E+02 -9.99990E+02 -9.99990E+02 -9.99990E+02 -9.99990E+02 -9.99990E+02 -9.99990E+02 -9.99990E+02 -9.99990E+02 -9.99990E+02 -9.99990E+02 -9.99990E+02 -9.99990E+02  1.81297E+02  1.80934E+02  1.80381E+02  1.79564E+02  1.78438E+02  1.77170E+02  1.76036E+02  1.75360E+02  1.74859E+02  1.74393E+02  1.74200E+02  1.74309E+02  1.74702E+02  1.75084E+02  1.75388E+02  1.75481E+02 -9.99990E+02 -9.99990E+02 -9.99990E+02 -9.99990E+02 -9.99990E+02 -9.99990E+02 -9.99990E+02 -9.99990E+02 -9.99990E+02 -9.99990E+02 -9.99990E+02 -9.99990E+02 -9.99990E+02
 -9.99990E+02 -9.99990E+02 -9.99990E+02 -9.99990E+02 -9.99990E+02 -9.99990E+02 -9.99990E+02 -9.99990E+02 -9.99990E+02 -9.99990E+02 -9.99990E+02 -9.99990E+02 -9.99990E+02 -9.99990E+02 -9.99990E+02 -9.99990E+02 -9.99990E+02 -9.99990E+02 -9.99990E+02 -9.99990E+02 -9.99990E+02 -9.99990E+02 -9.99990E+02 -9.99990E+02 -9.99990E+02 -9.99990E+02 -9.99990E+02 -9.99990E+02 -9.99990E+02 -9.99990E+02 -9.99990E+02 -9.99990E+02 -9.99990E+02 -9.99990E+02 -9.99990E+02 -9.99990E+02 -9.99990E+02 -9.99990E+02 -9.99990E+02 -9.99990E+02 -9.99990E+02 -9.99990E+02 -9.99990E+02 -9.99990E+02  1.80921E+02  1.80470E+02  1.79881E+02  1.78906E+02  1.77617E+02  1.76253E+02  1.75082E+02  1.74339E+02  1.73808E+02  1.73315E+02  1.72978E+02  1.72934E+02  1.73181E+02  1.73658E+02  1.73985E+02  1.74213E+02 -9.99990E+02 -9.99990E+02 -9.99990E+02 -9.99990E+02 -9.99990E+02 -9.99990E+02 -9.99990E+02 -9.99990E+02 -9.99990E+02 -9.99990E+02 -9.99990E+02 -9.99990E+02 -9.99990E+02
 -9.99990E+02 -9.99990E+02 -9.99990E+02 -9.99990E+02 -9.99990E+02 -9.99990E+02 -9.99990E+02 -9.99990E+02 -9.99990E+02 -9.99990E+02 -9.99990E+02 -9.99990E+02 -9.99990E+02 -9.99990E+02 -9.99990E+02 -9.99990E+02 -9.99990E+02 -9.99990E+02 -9.99990E+02 -9.99990E+02 -9.99990E+02 -9.99990E+02 -9.99990E+02 -9.99990E+02 -9.99990E+02 -9.99990E+02 -9.99990E+02 -9.99990E+02 -9.99990E+02 -9.99990E+02 -9.99990E+02 -9.99990E+02 -9.99990E+02 -9.99990E+02 -9.99990E+02 -9.99990E+02 -9.99990E+02 -9.99990E+02 -9.99990E+02 -9.99990E+02 -9.99990E+02 -9.99990E+02 -9.99990E+02 -9.99990E+02 -9.99990E+02  1.79752E+02  1.79222E+02  1.78080E+02  1.76671E+02  1.75364E+02  1.74170E+02  1.73338E+02  1.72784E+02  1.72239E+02  1.71794E+02  1.71599E+02  1.71720E+02  1.72148E+02  1.72568E+02  1.73305E+02 -9.99990E+02 -9.99990E+02 -9.99990E+02 -9.99990E+02 -9.99990E+02 -9.99990E+02 -9.99990E+02 -9.99990E+02 -9.99990E+02 -9.99990E+02 -9.99990E+02 -9.99990E+02 -9.99990E+02
 -9.99990E+02 -9.99990E+02 -9.99990E+02 -9.99990E+02 -9.99990E+02 -9.99990E+02 -9.99990E+02 -9.99990E+02 -9.99990E+02 -9.99990E+02 -9.99990E+02 -9.99990E+02 -9.99990E+02 -9.99990E+02 -9.99990E+02 -9.99990E+02 -9.99990E+02 -9.99990E+02 -9.99990E+02 -9.99990E+02 -9.99990E+02 -9.99990E+02 -9.99990E+02 -9.99990E+02 -9.99990E+02 -9.99990E+02 -9.99990E+02 -9.99990E+02 -9.99990E+02 -9.99990E+02 -9.99990E+02 -9.99990E+02 -9.99990E+02 -9.99990E+02 -9.99990E+02 -9.99990E+02 -9.99990E+02 -9.99990E+02 -9.99990E+02 -9.99990E+02 -9.99990E+02 -9.99990E+02 -9.99990E+02 -9.99990E+02 -9.99990E+02  1.79369E+02  1.78694E+02  1.77130E+02  1.75771E+02  1.74540E+02  1.73326E+02  1.72300E+02  1.71691E+02  1.71047E+02  1.70508E+02  1.70273E+02  1.70282E+02  1.70547E+02  1.70688E+02 -9.99990E+02 -9.99990E+02 -9.99990E+02 -9.99990E+02 -9.99990E+02 -9.99990E+02 -9.99990E+02 -9.99990E+02 -9.99990E+02 -9.99990E+02 -9.99990E+02 -9.99990E+02 -9.99990E+02 -9.99990E+02
 -9.99990E+02 -9.99990E+02 -9.99990E+02 -9.99990E+02 -9.99990E+02 -9.99990E+02 -9.99990E+02 -9.99990E+02 -9.99990E+02 -9.99990E+02 -9.99990E+02 -9.99990E+02 -9.99990E+02 -9.99990E+02 -9.99990E+02 -9.99990E+02 -9.99990E+02 -9.99990E+02 -9.99990E+02 -9.99990E+02 -9.99990E+02 -9.99990E+02 -9.99990E+02 -9.99990E+02 -9.99990E+02 -9.99990E+02 -9.99990E+02 -9.99990E+02 -9.99990E+02 -9.99990E+02 -9.99990E+02 -9.99990E+02 -9.99990E+02 -9.99990E+02 -9.99990E+02 -9.99990E+02 -9.99990E+02 -9.99990E+02 -9.99990E+02 -9.99990E+02 -9.99990E+02 -9.99990E+02 -9.99990E+02 -9.99990E+02 -9.99990E+02 -9.99990E+02 -9.99990E+02  1.75540E+02  1.74733E+02  1.73661E+02  1.72393E+02  1.71138E+02  1.70373E+02  1.69705E+02  1.69076E+02  1.68839E+02  1.68806E+02  1.68959E+02  1.68976E+02 -9.99990E+02 -9.99990E+02 -9.99990E+02 -9.99990E+02 -9.99990E+02 -9.99990E+02 -9.99990E+02 -9.99990E+02 -9.99990E+02 -9.99990E+02 -9.99990E+02 -9.99990E+02 -9.99990E+02 -9.99990E+02
 -9.99990E+02 -9.99990E+02 -9.99990E+02 -9.99990E+02 -9.99990E+02 -9.99990E+02 -9.99990E+02 -9.99990E+02 -9.99990E+02 -9.99990E+02 -9.99990E+02 -9.99990E+02 -9.99990E+02 -9.99990E+02 -9.99990E+02 -9.99990E+02 -9.99990E+02 -9.99990E+02 -9.99990E+02 -9.99990E+02 -9.99990E+02 -9.99990E+02 -9.99990E+02 -9.99990E+02 -9.99990E+02 -9.99990E+02 -9.99990E+02 -9.99990E+02 -9.99990E+02 -9.99990E+02 -9.99990E+02 -9.99990E+02 -9.99990E+02 -9.99990E+02 -9.99990E+02 -9.99990E+02 -9.99990E+02 -9.99990E+02 -9.99990E+02 -9.99990E+02 -9.99990E+02 -9.99990E+02 -9.99990E+02 -9.99990E+02 -9.99990E+02 -9.99990E+02 -9.99990E+02  1.74313E+02  1.73534E+02  1.72466E+02  1.71179E+02  1.69898E+02  1.68963E+02  1.68193E+02  1.67618E+02  1.67311E+02  1.67248E+02  1.67355E+02  1.67349E+02 -9.99990E+02 -9.99990E+02 -9.99990E+02 -9.99990E+02 -9.99990E+02 -9.99990E+02 -9.99990E+02 -9.99990E+02 -9.99990E+02 -9.99990E+02 -9.99990E+02 -9.99990E+02 -9.99990E+02 -9.99990E+02
 -9.99990E+02 -9.99990E+02 -9.99990E+02 -9.99990E+02 -9.99990E+02 -9.99990E+02 -9.99990E+02 -9.99990E+02 -9.99990E+02 -9.99990E+02 -9.99990E+02 -9.99990E+02 -9.99990E+02 -9.99990E+02 -9.99990E+02 -9.99990E+02 -9.99990E+02 -9.99990E+02 -9.99990E+02 -9.99990E+02 -9.99990E+02 -9.99990E+02 -9.99990E+02 -9.99990E+02 -9.99990E+02 -9.99990E+02 -9.99990E+02 -9.99990E+02 -9.99990E+02 -9.99990E+02 -9.99990E+02 -9.99990E+02 -9.99990E+02 -9.99990E+02 -9.99990E+02 -9.99990E+02 -9.99990E+02 -9.99990E+02 -9.99990E+02 -9.99990E+02 -9.99990E+02 -9.99990E+02 -9.99990E+02 -9.99990E+02 -9.99990E+02 -9.99990E+02 -9.99990E+02  1.73415E+02  1.72173E+02  1.71037E+02  1.69887E+02  1.68622E+02  1.67639E+02  1.66827E+02  1.66183E+02  1.65820E+02  1.65694E+02  1.65762E+02  1.65822E+02 -9.99990E+02 -9.99990E+02 -9.99990E+02 -9.99990E+02 -9.99990E+02 -9.99990E+02 -9.99990E+02 -9.99990E+02 -9.99990E+02 -9.99990E+02 -9.99990E+02 -9.99990E+02 -9.99990E+02 -9.99990E+02
 -9.99990E+02 -9.99990E+02 -9.99990E+02 -9.99990E+02 -9.99990E+02 -9.99990E+02 -9.99990E+02 -9.99990E+02 -9.99990E+02 -9.99990E+02 -9.99990E+02 -9.99990E+02 -9.99990E+02 -9.99990E+02 -9.99990E+02 -9.99990E+02 -9.99990E+02 -9.99990E+02 -9.99990E+02 -9.99990E+02 -9.99990E+02 -9.99990E+02 -9.99990E+02 -9.99990E+02 -9.99990E+02 -9.99990E+02 -9.99990E+02 -9.99990E+02 -9.99990E+02 -9.99990E+02 -9.99990E+02 -9.99990E+02 -9.99990E+02 -9.99990E+02 -9.99990E+02 -9.99990E+02 -9.99990E+02 -9.99990E+02 -9.99990E+02 -9.99990E+02 -9.99990E+02 -9.99990E+02 -9.99990E+02 -9.99990E+02 -9.99990E+02 -9.99990E+02 -9.99990E+02 -9.99990E+02  1.70567E+02  1.69670E+02  1.68521E+02  1.67343E+02  1.66374E+02  1.65573E+02  1.64858E+02  1.64450E+02  1.64281E+02  1.64346E+02  1.64368E+02 -9.99990E+02 -9.99990E+02 -9.99990E+02 -9.99990E+02 -9.99990E+02 -9.99990E+02 -9.99990E+02 -9.99990E+02 -9.99990E+02 -9.99990E+02 -9.99990E+02 -9.99990E+02 -9.99990E+02 -9.99990E+02
 -9.99990E+02 -9.99990E+02 -9.99990E+02 -9.99990E+02 -9.99990E+02 -9.99990E+02 -9.99990E+02 -9.99990E+02 -9.99990E+02 -9.99990E+02 -9.99990E+02 -9.99990E+02 -9.99990E+02 -9.99990E+02 -9.99990E+02 -9.99990E+02 -9.99990E+02 -9.99990E+02 -9.99990E+02 -9.99990E+02 -9.99990E+02 -9.99990E+02 -9.99990E+02 -9.99990E+02 -9.99990E+02 -9.99990E+02 -9.99990E+02 -9.99990E+02 -9.99990E+02 -9.99990E+02 -9.99990E+02 -9.99990E+02 -9.99990E+02 -9.99990E+02 -9.99990E+02 -9.99990E+02 -9.99990E+02 -9.99990E+02 -9.99990E+02 -9.99990E+02 -9.99990E+02 -9.99990E+02 -9.99990E+02 -9.99990E+02 -9.99990E+02 -9.99990E+02 -9.99990E+02 -9.99990E+02  1.69378E+02  1.68554E+02  1.67477E+02  1.66228E+02  1.65168E+02  1.64341E+02  1.63627E+02  1.63206E+02  1.63020E+02  1.63052E+02  1.63031E+02 -9.99990E+02 -9.99990E+02 -9.99990E+02 -9.99990E+02 -9.99990E+02 -9.99990E+02 -9.99990E+02 -9.99990E+02 -9.99990E+02 -9.99990E+02 -9.99990E+02 -9.99990E+02 -9.99990E+02 -9.99990E+02
 -9.99990E+02 -9.99990E+02 -9.99990E+02 -9.99990E+02 -9.99990E+02 -9.99990E+02 -9.99990E+02 -9.99990E+02 -9.99990E+02 -9.99990E+02 -9.99990E+02 -9.99990E+02 -9.99990E+02 -9.99990E+02 -9.99990E+02 -9.99990E+02 -9.99990E+02 -9.99990E+02 -9.99990E+02 -9.99990E+02 -9.99990E+02 -9.99990E+02 -9.99990E+02 -9.99990E+02 -9.99990E+02 -9.99990E+02 -9.99990E+02 -9.99990E+02 -9.99990E+02 -9.99990E+02 -9.99990E+02 -9.99990E+02 -9.99990E+02 -9.99990E+02 -9.99990E+02 -9.99990E+02 -9.99990E+02 -9.99990E+02 -9.99990E+02 -9.99990E+02 -9.99990E+02 -9.99990E+02 -9.99990E+02 -9.99990E+02 -9.99990E+02 -9.99990E+02 -9.99990E+02 -9.99990E+02  1.68716E+02  1.67654E+02  1.66566E+02  1.65275E+02  1.64192E+02  1.63291E+02  1.62586E+02  1.62131E+02  1.61924E+02  1.61901E+02  1.61858E+02 -9.99990E+02 -9.99990E+02 -9.99990E+02 -9.99990E+02 -9.99990E+02 -9.99990E+02 -9.99990E+02 -9.99990E+02 -9.99990E+02 -9.99990E+02 -9.99990E+02 -9.99990E+02 -9.99990E+02 -9.99990E+02
 -9.99990E+02 -9.99990E+02 -9.99990E+02 -9.99990E+02 -9.99990E+02 -9.99990E+02 -9.99990E+02 -9.99990E+02 -9.99990E+02 -9.99990E+02 -9.99990E+02 -9.99990E+02 -9.99990E+02 -9.99990E+02 -9.99990E+02 -9.99990E+02 -9.99990E+02 -9.99990E+02 -9.99990E+02 -9.99990E+02 -9.99990E+02 -9.99990E+02 -9.99990E+02 -9.99990E+02 -9.99990E+02 -9.99990E+02 -9.99990E+02 -9.99990E+02 -9.99990E+02 -9.99990E+02 -9.99990E+02 -9.99990E+02 -9.99990E+02 -9.99990E+02 -9.99990E+02 -9.99990E+02 -9.99990E+02 -9.99990E+02 -9.99990E+02 -9.99990E+02 -9.99990E+02 -9.99990E+02 -9.99990E+02 -9.99990E+02 -9.99990E+02 -9.99990E+02 -9.99990E+02 -9.99990E+02 -9.99990E+02  1.66276E+02  1.65664E+02  1.64591E+02  1.63430E+02  1.62385E+02  1.61649E+02  1.61166E+02  1.60898E+02  1.60790E+02  1.60750E+02 -9.99990E+02 -9.99990E+02 -9.99990E+02 -9.99990E+02 -9.99990E+02 -9.99990E+02 -9.99990E+02 -9.99990E+02 -9.99990E+02 -9.99990E+02 -9.99990E+02 -9.99990E+02 -9.99990E+02 -9.99990E+02
 -9.99990E+02 -9.99990E+02 -9.99990E+02 -9.99990E+02 -9.99990E+02 -9.99990E+02 -9.99990E+02 -9.99990E+02 -9.99990E+02 -9.99990E+02 -9.99990E+02 -9.99990E+02 -9.99990E+02 -9.99990E+02 -9.99990E+02 -9.99990E+02 -9.99990E+02 -9.99990E+02 -9.99990E+02 -9.99990E+02 -9.99990E+02 -9.99990E+02 -9.99990E+02 -9.99990E+02 -9.99990E+02 -9.99990E+02 -9.99990E+02 -9.99990E+02 -9.99990E+02 -9.99990E+02 -9.99990E+02 -9.99990E+02 -9.99990E+02 -9.99990E+02 -9.99990E+02 -9.99990E+02 -9.99990E+02 -9.99990E+02 -9.99990E+02 -9.99990E+02 -9.99990E+02 -9.99990E+02 -9.99990E+02 -9.99990E+02 -9.99990E+02 -9.99990E+02 -9.99990E+02 -9.99990E+02 -9.99990E+02  1.65344E+02  1.64897E+02  1.63994E+02  1.62813E+02  1.61633E+02  1.60883E+02  1.60341E+02  1.60004E+02  1.59838E+02  1.59751E+02 -9.99990E+02 -9.99990E+02 -9.99990E+02 -9.99990E+02 -9.99990E+02 -9.99990E+02 -9.99990E+02 -9.99990E+02 -9.99990E+02 -9.99990E+02 -9.99990E+02 -9.99990E+02 -9.99990E+02 -9.99990E+02
 -9.99990E+02 -9.99990E+02 -9.99990E+02 -9.99990E+02 -9.99990E+02 -9.99990E+02 -9.99990E+02 -9.99990E+02 -9.99990E+02 -9.99990E+02 -9.99990E+02 -9.99990E+02 -9.99990E+02 -9.99990E+02 -9.99990E+02 -9.99990E+02 -9.99990E+02 -9.99990E+02 -9.99990E+02 -9.99990E+02 -9.99990E+02 -9.99990E+02 -9.99990E+02 -9.99990E+02 -9.99990E+02 -9.99990E+02 -9.99990E+02 -9.99990E+02 -9.99990E+02 -9.99990E+02 -9.99990E+02 -9.99990E+02 -9.99990E+02 -9.99990E+02 -9.99990E+02 -9.99990E+02 -9.99990E+02 -9.99990E+02 -9.99990E+02 -9.99990E+02 -9.99990E+02 -9.99990E+02 -9.99990E+02 -9.99990E+02 -9.99990E+02 -9.99990E+02 -9.99990E+02 -9.99990E+02 -9.99990E+02  1.64623E+02  1.64168E+02  1.63351E+02  1.62191E+02  1.61020E+02  1.60232E+02  1.59687E+02  1.59318E+02  1.59084E+02  1.58781E+02  1.58149E+02 -9.99990E+02 -9.99990E+02 -9.99990E+02 -9.99990E+02 -9.99990E+02 -9.99990E+02 -9.99990E+02 -9.99990E+02 -9.99990E+02 -9.99990E+02 -9.99990E+02 -9.99990E+02 -9.99990E+02
 -9.99990E+02 -9.99990E+02 -9.99990E+02 -9.99990E+02 -9.99990E+02 -9.99990E+02 -9.99990E+02 -9.99990E+02 -9.99990E+02 -9.99990E+02 -9.99990E+02 -9.99990E+02 -9.99990E+02 -9.99990E+02 -9.99990E+02 -9.99990E+02 -9.99990E+02 -9.99990E+02 -9.99990E+02 -9.99990E+02 -9.99990E+02 -9.99990E+02 -9.99990E+02 -9.99990E+02 -9.99990E+02 -9.99990E+02 -9.99990E+02 -9.99990E+02 -9.99990E+02 -9.99990E+02 -9.99990E+02 -9.99990E+02 -9.99990E+02 -9.99990E+02 -9.99990E+02 -9.99990E+02 -9.99990E+02 -9.99990E+02 -9.99990E+02 -9.99990E+02 -9.99990E+02 -9.99990E+02 -9.99990E+02 -9.99990E+02 -9.99990E+02 -9.99990E+02 -9.99990E+02 -9.99990E+02 -9.99990E+02  1.64084E+02  1.63654E+02  1.62815E+02  1.61647E+02  1.60554E+02  1.59684E+02  1.59124E+02  1.58646E+02  1.58343E+02  1.58038E+02  1.57643E+02  1.57182E+02 -9.99990E+02 -9.99990E+02 -9.99990E+02 -9.99990E+02 -9.99990E+02 -9.99990E+02 -9.99990E+02 -9.99990E+02 -9.99990E+02 -9.99990E+02 -9.99990E+02 -9.99990E+02
 -9.99990E+02 -9.99990E+02 -9.99990E+02 -9.99990E+02 -9.99990E+02 -9.99990E+02 -9.99990E+02 -9.99990E+02 -9.99990E+02 -9.99990E+02 -9.99990E+02 -9.99990E+02 -9.99990E+02 -9.99990E+02 -9.99990E+02 -9.99990E+02 -9.99990E+02 -9.99990E+02 -9.99990E+02 -9.99990E+02 -9.99990E+02 -9.99990E+02 -9.99990E+02 -9.99990E+02 -9.99990E+02 -9.99990E+02 -9.99990E+02 -9.99990E+02 -9.99990E+02 -9.99990E+02 -9.99990E+02 -9.99990E+02 -9.99990E+02 -9.99990E+02 -9.99990E+02 -9.99990E+02 -9.99990E+02 -9.99990E+02 -9.99990E+02 -9.99990E+02 -9.99990E+02 -9.99990E+02 -9.99990E+02 -9.99990E+02 -9.99990E+02 -9.99990E+02 -9.99990E+02 -9.99990E+02 -9.99990E+02  1.63728E+02  1.63278E+02  1.62466E+02  1.61378E+02  1.60264E+02  1.59203E+02  1.58428E+02  1.57917E+02  1.57609E+02  1.57404E+02  1.57215E+02  1.57038E+02 -9.99990E+02 -9.99990E+02 -9.99990E+02 -9.99990E+02 -9.99990E+02 -9.99990E+02 -9.99990E+02 -9.99990E+02 -9.99990E+02 -9.99990E+02 -9.99990E+02 -9.99990E+02
 -9.99990E+02 -9.99990E+02 -9.99990E+02 -9.99990E+02 -9.99990E+02 -9.99990E+02 -9.99990E+02 -9.99990E+02 -9.99990E+02 -9.99990E+02 -9.99990E+02 -9.99990E+02 -9.99990E+02 -9.99990E+02 -9.99990E+02 -9.99990E+02 -9.99990E+02 -9.99990E+02 -9.99990E+02 -9.99990E+02 -9.99990E+02 -9.99990E+02 -9.99990E+02 -9.99990E+02 -9.99990E+02 -9.99990E+02 -9.99990E+02 -9.99990E+02 -9.99990E+02 -9.99990E+02 -9.99990E+02 -9.99990E+02 -9.99990E+02 -9.99990E+02 -9.99990E+02 -9.99990E+02 -9.99990E+02 -9.99990E+02 -9.99990E+02 -9.99990E+02 -9.99990E+02 -9.99990E+02 -9.99990E+02 -9.99990E+02 -9.99990E+02 -9.99990E+02 -9.99990E+02 -9.99990E+02 -9.99990E+02  1.63530E+02  1.63020E+02  1.62337E+02  1.61456E+02  1.60188E+02  1.58758E+02  1.57797E+02  1.57208E+02  1.56910E+02  1.56806E+02  1.56891E+02 -9.99990E+02 -9.99990E+02 -9.99990E+02 -9.99990E+02 -9.99990E+02 -9.99990E+02 -9.99990E+02 -9.99990E+02 -9.99990E+02 -9.99990E+02 -9.99990E+02 -9.99990E+02 -9.99990E+02
 -9.99990E+02 -9.99990E+02 -9.99990E+02 -9.99990E+02 -9.99990E+02 -9.99990E+02 -9.99990E+02 -9.99990E+02 -9.99990E+02 -9.99990E+02 -9.99990E+02 -9.99990E+02 -9.99990E+02 -9.99990E+02 -9.99990E+02 -9.99990E+02 -9.99990E+02 -9.99990E+02 -9.99990E+02 -9.99990E+02 -9.99990E+02 -9.99990E+02 -9.99990E+02 -9.99990E+02 -9.99990E+02 -9.99990E+02 -9.99990E+02 -9.99990E+02 -9.99990E+02 -9.99990E+02 -9.99990E+02 -9.99990E+02 -9.99990E+02 -9.99990E+02 -9.99990E+02 -9.99990E+02 -9.99990E+02 -9.99990E+02 -9.99990E+02 -9.99990E+02 -9.99990E+02 -9.99990E+02 -9.99990E+02 -9.99990E+02 -9.99990E+02 -9.99990E+02 -9.99990E+02 -9.99990E+02 -9.99990E+02 -9.99990E+02  1.62770E+02  1.62384E+02  1.61931E+02 -9.99990E+02  1.58005E+02  1.57174E+02  1.56610E+02  1.56276E+02  1.56153E+02 -9.99990E+02 -9.99990E+02 -9.99990E+02 -9.99990E+02 -9.99990E+02 -9.99990E+02 -9.99990E+02 -9.99990E+02 -9.99990E+02 -9.99990E+02 -9.99990E+02 -9.99990E+02 -9.99990E+02 -9.99990E+02
 -9.99990E+02 -9.99990E+02 -9.99990E+02 -9.99990E+02 -9.99990E+02 -9.99990E+02 -9.99990E+02 -9.99990E+02 -9.99990E+02 -9.99990E+02 -9.99990E+02 -9.99990E+02 -9.99990E+02 -9.99990E+02 -9.99990E+02 -9.99990E+02 -9.99990E+02 -9.99990E+02 -9.99990E+02 -9.99990E+02 -9.99990E+02 -9.99990E+02 -9.99990E+02 -9.99990E+02 -9.99990E+02 -9.99990E+02 -9.99990E+02 -9.99990E+02 -9.99990E+02 -9.99990E+02 -9.99990E+02 -9.99990E+02 -9.99990E+02 -9.99990E+02 -9.99990E+02 -9.99990E+02 -9.99990E+02 -9.99990E+02 -9.99990E+02 -9.99990E+02 -9.99990E+02 -9.99990E+02 -9.99990E+02 -9.99990E+02 -9.99990E+02 -9.99990E+02 -9.99990E+02 -9.99990E+02 -9.99990E+02 -9.99990E+02 -9.99990E+02  1.62454E+02 -9.99990E+02 -9.99990E+02 -9.99990E+02  1.56483E+02  1.56196E+02  1.55860E+02  1.55718E+02 -9.99990E+02 -9.99990E+02 -9.99990E+02 -9.99990E+02 -9.99990E+02 -9.99990E+02 -9.99990E+02 -9.99990E+02 -9.99990E+02 -9.99990E+02 -9.99990E+02 -9.99990E+02 -9.99990E+02 -9.99990E+02
 -9.99990E+02 -9.99990E+02 -9.99990E+02 -9.99990E+02 -9.99990E+02 -9.99990E+02 -9.99990E+02 -9.99990E+02 -9.99990E+02 -9.99990E+02 -9.99990E+02 -9.99990E+02 -9.99990E+02 -9.99990E+02 -9.99990E+02 -9.99990E+02 -9.99990E+02 -9.99990E+02 -9.99990E+02 -9.99990E+02 -9.99990E+02 -9.99990E+02 -9.99990E+02 -9.99990E+02 -9.99990E+02 -9.99990E+02 -9.99990E+02 -9.99990E+02 -9.99990E+02 -9.99990E+02 -9.99990E+02 -9.99990E+02 -9.99990E+02 -9.99990E+02 -9.99990E+02 -9.99990E+02 -9.99990E+02 -9.99990E+02 -9.99990E+02 -9.99990E+02 -9.99990E+02 -9.99990E+02 -9.99990E+02 -9.99990E+02 -9.99990E+02 -9.99990E+02 -9.99990E+02 -9.99990E+02 -9.99990E+02 -9.99990E+02 -9.99990E+02 -9.99990E+02 -9.99990E+02 -9.99990E+02 -9.99990E+02  1.56173E+02  1.55908E+02  1.55623E+02  1.55496E+02 -9.99990E+02 -9.99990E+02 -9.99990E+02 -9.99990E+02 -9.99990E+02 -9.99990E+02 -9.99990E+02 -9.99990E+02 -9.99990E+02 -9.99990E+02 -9.99990E+02 -9.99990E+02 -9.99990E+02 -9.99990E+02
 
 month:           2 year:        2005
 layer:           1
 -9.99990E+02 -9.99990E+02 -9.99990E+02  4.35513E+02  4.35533E+02  4.34920E+02  4.34175E+02  4.33434E+02 -9.99990E+02 -9.99990E+02 -9.99990E+02 -9.99990E+02 -9.99990E+02 -9.99990E+02 -9.99990E+02 -9.99990E+02 -9.99990E+02 -9.99990E+02 -9.99990E+02 -9.99990E+02 -9.99990E+02 -9.99990E+02 -9.99990E+02 -9.99990E+02 -9.99990E+02 -9.99990E+02 -9.99990E+02 -9.99990E+02 -9.99990E+02 -9.99990E+02 -9.99990E+02 -9.99990E+02 -9.99990E+02 -9.99990E+02 -9.99990E+02 -9.99990E+02 -9.99990E+02 -9.99990E+02 -9.99990E+02 -9.99990E+02 -9.99990E+02 -9.99990E+02 -9.99990E+02 -9.99990E+02 -9.99990E+02 -9.99990E+02 -9.99990E+02 -9.99990E+02 -9.99990E+02 -9.99990E+02 -9.99990E+02 -9.99990E+02 -9.99990E+02 -9.99990E+02 -9.99990E+02 -9.99990E+02 -9.99990E+02 -9.99990E+02 -9.99990E+02 -9.99990E+02 -9.99990E+02 -9.99990E+02 -9.99990E+02 -9.99990E+02 -9.99990E+02 -9.99990E+02 -9.99990E+02 -9.99990E+02 -9.99990E+02 -9.99990E+02 -9.99990E+02 -9.99990E+02 -9.99990E+02
 -9.99990E+02  4.36316E+02  4.36523E+02  4.36487E+02  4.36359E+02  4.35777E+02  4.34740E+02  4.33883E+02  4.33355E+02 -9.99990E+02 -9.99990E+02 -9.99990E+02 -9.99990E+02 -9.99990E+02 -9.99990E+02 -9.99990E+02 -9.99990E+02 -9.99990E+02 -9.99990E+02 -9.99990E+02 -9.99990E+02 -9.99990E+02 -9.99990E+02 -9.99990E+02 -9.99990E+02 -9.99990E+02 -9.99990E+02 -9.99990E+02 -9.99990E+02 -9.99990E+02 -9.99990E+02 -9.99990E+02 -9.99990E+02 -9.99990E+02 -9.99990E+02 -9.99990E+02 -9.99990E+02 -9.99990E+02 -9.99990E+02 -9.99990E+02 -9.99990E+02 -9.99990E+02 -9.99990E+02 -9.99990E+02 -9.99990E+02 -9.99990E+02 -9.99990E+02 -9.99990E+02 -9.99990E+02 -9.99990E+02 -9.99990E+02 -9.99990E+02 -9.99990E+02 -9.99990E+02 -9.99990E+02 -9.99990E+02 -9.99990E+02 -9.99990E+02 -9.99990E+02 -9.99990E+02 -9.99990E+02 -9.99990E+02 -9.99990E+02 -9.99990E+02 -9.99990E+02 -9.99990E+02 -9.99990E+02 -9.99990E+02 -9.99990E+02 -9.99990E+02 -9.99990E+02 -9.99990E+02 -9.99990E+02
  4.35759E+02  4.36235E+02  4.36600E+02  4.36708E+02  4.36405E+02  4.36169E+02  4.35161E+02  4.34341E+02  4.33998E+02  4.33473E+02 -9.99990E+02 -9.99990E+02 -9.99990E+02 -9.99990E+02 -9.99990E+02 -9.99990E+02 -9.99990E+02 -9.99990E+02 -9.99990E+02 -9.99990E+02 -9.99990E+02 -9.99990E+02 -9.99990E+02 -9.99990E+02 -9.99990E+02 -9.99990E+02 -9.99990E+02 -9.99990E+02 -9.99990E+02 -9.99990E+02 -9.99990E+02 -9.99990E+02 -9.99990E+02 -9.99990E+02 -9.99990E+02 -9.99990E+02 -9.99990E+02 -9.99990E+02 -9.99990E+02 -9.99990E+02 -9.99990E+02 -9.99990E+02 -9.99990E+02 -9.99990E+02 -9.99990E+02 -9.99990E+02 -9.99990E+02 -9.99990E+02 -9.99990E+02 -9.99990E+02 -9.99990E+02 -9.99990E+02 -9.99990E+02 -9.99990E+02 -9.99990E+02 -9.99990E+02 -9.99990E+02 -9.99990E+02 -9.99990E+02 -9.99990E+02 -9.99990E+02 -9.99990E+02 -9.99990E+02 -9.99990E+02 -9.99990E+02 -9.99990E+02 -9.99990E+02 -9.99990E+02 -9.99990E+02 -9.99990E+02 -9.99990E+02 -9.99990E+02 -9.99990E+02
  4.35502E+02  4.36076E+02  4.35991E+02  4.35892E+02  4.35924E+02  4.35802E+02  4.35026E+02  4.34457E+02  4.34059E+02  4.32763E+02  4.30667E+02  4.29069E+02  4.28350E+02 -9.99990E+02 -9.99990E+02 -9.99990E+02 -9.99990E+02 -9.99990E+02 -9.99990E+02 -9.99990E+02 -9.99990E+02 -9.99990E+02 -9.99990E+02 -9.99990E+02 -9.99990E+02 -9.99990E+02 -9.99990E+02 -9.99990E+02 -9.99990E+02 -9.99990E+02 -9.99990E+02 -9.99990E+02 -9.99990E+02 -9.99990E+02 -9.99990E+02 -9.99990E+02 -9.99990E+02 -9.99990E+02 -9.99990E+02 -9.99990E+02 -9.99990E+02 -9.99990E+02 -9.99990E+02 -9.99990E+02 -9.99990E+02 -9.99990E+02 -9.99990E+02 -9.99990E+02 -9.99990E+02 -9.99990E+02 -9.99990E+02 -9.99990E+02 -9.99990E+02 -9.99990E+02 -9.99990E+02 -9.99990E+02 -9.99990E+02 -9.99990E+02 -9.99990E+02 -9.99990E+02 -9.99990E+02 -9.99990E+02 -9.99990E+02 -9.99990E+02 -9.99990E+02 -9.99990E+02 -9.99990E+02 -9.99990E+02 -9.99990E+02 -9.99990E+02 -9.99990E+02 -9.99990E+02 -9.99990E+02
  4.34847E+02  4.35621E+02  4.35389E+02  4.35053E+02  4.34912E+02  4.34829E+02  4.34637E+02  4.33979E+02  4.33510E+02  4.32540E+02  4.30952E+02  4.29471E+02  4.28350E+02  4.26700E+02  4.24975E+02  4.23585E+02  4.21934E+02  4.20337E+02  4.19174E+02  4.18303E+02 -9.99990E+02 -9.99990E+02 -9.99990E+02 -9.99990E+02 -9.99990E+02 -9.99990E+02 -9.99990E+02 -9.99990E+02 -9.99990E+02 -9.99990E+02 -9.99990E+02 -9.99990E+02 -9.99990E+02 -9.99990E+02 -9.99990E+02 -9.99990E+02 -9.99990E+02 -9.99990E+02 -9.99990E+02 -9.99990E+02 -9.99990E+02 -9.99990E+02 -9.99990E+02 -9.99990E+02 -9.99990E+02 -9.99990E+02 -9.99990E+02 -9.99990E+02 -9.99990E+02 -9.99990E+02 -9.99990E+02 -9.99990E+02 -9.99990E+02 -9.99990E+02 -9.99990E+02 -9.99990E+02 -9.99990E+02 -9.99990E+02 -9.99990E+02 -9.99990E+02 -9.99990E+02 -9.99990E+02 -9.99990E+02 -9.99990E+02 -9.99990E+02 -9.99990E+02 -9.99990E+02 -9.99990E+02 -9.99990E+02 -9.99990E+02 -9.99990E+02 -9.99990E+02 -9.99990E+02
 -9.99990E+02 -9.99990E+02  4.33783E+02  4.33733E+02  4.33824E+02  4.33981E+02  4.33940E+02  4.33421E+02  4.32973E+02  4.32101E+02  4.30830E+02  4.29549E+02  4.28429E+02  4.26918E+02  4.25239E+02  4.23927E+02  4.22390E+02  4.20756E+02  4.19626E+02  4.18655E+02  4.17893E+02 -9.99990E+02 -9.99990E+02 -9.99990E+02 -9.99990E+02 -9.99990E+02 -9.99990E+02 -9.99990E+02 -9.99990E+02 -9.99990E+02 -9.99990E+02 -9.99990E+02 -9.99990E+02 -9.99990E+02 -9.99990E+02 -9.99990E+02 -9.99990E+02 -9.99990E+02 -9.99990E+02 -9.99990E+02 -9.99990E+02 -9.99990E+02 -9.99990E+02 -9.99990E+02 -9.99990E+02 -9.99990E+02 -9.99990E+02 -9.99990E+02 -9.99990E+02 -9.99990E+02 -9.99990E+02 -9.99990E+02 -9.99990E+02 -9.99990E+02 -9.99990E+02 -9.99990E+02 -9.99990E+02 -9.99990E+02 -9.99990E+02 -9.99990E+02 -9.99990E+02 -9.99990E+02 -9.99990E+02 -9.99990E+02 -9.99990E+02 -9.99990E+02 -9.99990E+02 -9.99990E+02 -9.99990E+02 -9.99990E+02 -9.99990E+02 -9.99990E+02 -9.99990E+02
 -9.99990E+02 -9.99990E+02  4.32335E+02  4.32796E+02  4.33009E+02  4.32967E+02  4.33118E+02  4.32792E+02  4.32489E+02  4.31704E+02  4.30409E+02  4.29342E+02  4.28246E+02  4.26847E+02  4.25353E+02  4.23909E+02  4.22558E+02  4.21074E+02  4.20010E+02  4.19127E+02  4.18087E+02  4.16962E+02 -9.99990E+02 -9.99990E+02 -9.99990E+02 -9.99990E+02 -9.99990E+02 -9.99990E+02 -9.99990E+02 -9.99990E+02 -9.99990E+02 -9.99990E+02 -9.99990E+02 -9.99990E+02 -9.99990E+02 -9.99990E+02 -9.99990E+02 -9.99990E+02 -9.99990E+02  4.60180E+02  4.61622E+02 -9.99990E+02 -9.99990E+02  4.84756E+02  4.87286E+02  4.89804E+02 -9.99990E+02 -9.99990E+02 -9.99990E+02 -9.99990E+02  5.62638E+02  5.62697E+02 -9.99990E+02 -9.99990E+02 -9.99990E+02 -9.99990E+02 -9.99990E+02 -9.99990E+02 -9.99990E+02 -9.99990E+02 -9.99990E+02 -9.99990E+02 -9.99990E+02 -9.99990E+02 -9.99990E+02 -9.99990E+02 -9.99990E+02 -9.99990E+02 -9.99990E+02 -9.99990E+02 -9.99990E+02 -9.99990E+02 -9.99990E+02
 -9.99990E+02 -9.99990E+02  4.31386E+02  4.31651E+02  4.31863E+02  4.31842E+02  4.32089E+02  4.31944E+02  4.31710E+02  4.31012E+02  4.30009E+02  4.28815E+02  4.27708E+02  4.26466E+02  4.25187E+02  4.23794E+02  4.22378E+02  4.20936E+02  4.19813E+02  4.18804E+02  4.17752E+02  4.16628E+02 -9.99990E+02 -9.99990E+02 -9.99990E+02 -9.99990E+02 -9.99990E+02 -9.99990E+02 -9.99990E+02 -9.99990E+02 -9.99990E+02 -9.99990E+02 -9.99990E+02 -9.99990E+02 -9.99990E+02 -9.99990E+02  4.48303E+02  4.51330E+02  4.55593E+02  4.60341E+02  4.64697E+02  4.71348E+02  4.78107E+02  4.84618E+02  4.89799E+02  4.94680E+02  4.99713E+02 -9.99990E+02 -9.99990E+02  5.64579E+02  5.66022E+02  5.66506E+02 -9.99990E+02 -9.99990E+02 -9.99990E+02 -9.99990E+02 -9.99990E+02 -9.99990E+02 -9.99990E+02 -9.99990E+02 -9.99990E+02 -9.99990E+02 -9.99990E+02 -9.99990E+02 -9.99990E+02 -9.99990E+02 -9.99990E+02 -9.99990E+02 -9.99990E+02 -9.99990E+02 -9.99990E+02 -9.99990E+02 -9.99990E+02
 -9.99990E+02 -9.99990E+02 -9.99990E+02  4.30670E+02  4.30992E+02  4.31114E+02  4.31231E+02  4.31076E+02  4.30767E+02  4.30142E+02  4.29035E+02  4.28056E+02  4.27053E+02  4.25900E+02  4.24675E+02  4.23441E+02  4.21910E+02  4.20462E+02  4.19266E+02  4.18037E+02  4.16738E+02  4.15728E+02 -9.99990E+02 -9.99990E+02 -9.99990E+02 -9.99990E+02 -9.99990E+02  4.10284E+02  4.10981E+02 -9.99990E+02  4.21428E+02  4.23318E+02  4.26965E+02  4.31534E+02  4.36261E+02  4.41534E+02  4.47239E+02  4.52013E+02  4.56924E+02  4.61966E+02  4.67227E+02  4.73760E+02  4.80821E+02  4.88047E+02  4.94781E+02  5.01278E+02  5.07041E+02 -9.99990E+02  5.59555E+02  5.65299E+02  5.70041E+02  5.73295E+02  5.78161E+02 -9.99990E+02 -9.99990E+02 -9.99990E+02 -9.99990E+02 -9.99990E+02 -9.99990E+02 -9.99990E+02 -9.99990E+02 -9.99990E+02 -9.99990E+02 -9.99990E+02 -9.99990E+02 -9.99990E+02 -9.99990E+02 -9.99990E+02 -9.99990E+02 -9.99990E+02 -9.99990E+02 -9.99990E+02 -9.99990E+02
 -9.99990E+02 -9.99990E+02 -9.99990E+02  4.30296E+02  4.30568E+02  4.30688E+02  4.30427E+02  4.30274E+02  4.29809E+02  4.29244E+02  4.28262E+02  4.27227E+02  4.26419E+02  4.25026E+02  4.23725E+02  4.22426E+02  4.20892E+02  4.19605E+02  4.18177E+02  4.16882E+02  4.15459E+02  4.13788E+02  4.11265E+02  4.09551E+02  4.08917E+02  4.09058E+02  4.09775E+02  4.11051E+02  4.13142E+02  4.16895E+02  4.20749E+02  4.23760E+02  4.27232E+02  4.32362E+02  4.37443E+02  4.42674E+02  4.48286E+02  4.53553E+02  4.58942E+02  4.64432E+02  4.70543E+02  4.77751E+02  4.85740E+02  4.93878E+02  5.01580E+02  5.09918E+02  5.20663E+02  5.38701E+02  5.54837E+02  5.65446E+02  5.73616E+02  5.80284E+02  5.86749E+02 -9.99990E+02 -9.99990E+02 -9.99990E+02 -9.99990E+02 -9.99990E+02 -9.99990E+02 -9.99990E+02 -9.99990E+02 -9.99990E+02 -9.99990E+02 -9.99990E+02 -9.99990E+02 -9.99990E+02 -9.99990E+02 -9.99990E+02 -9.99990E+02 -9.99990E+02 -9.99990E+02 -9.99990E+02 -9.99990E+02
 -9.99990E+02 -9.99990E+02 -9.99990E+02 -9.99990E+02  4.29554E+02  4.29568E+02  4.29343E+02  4.29053E+02  4.28509E+02  4.27856E+02  4.27133E+02  4.26256E+02  4.25560E+02  4.24279E+02  4.22855E+02  4.21555E+02  4.20052E+02  4.18557E+02  4.17098E+02  4.15731E+02  4.14356E+02  4.12891E+02  4.11198E+02  4.09784E+02  4.09209E+02  4.09513E+02  4.10558E+02  4.12034E+02  4.14351E+02  4.17552E+02  4.21209E+02  4.24717E+02  4.28341E+02  4.33274E+02  4.38657E+02  4.44184E+02  4.50038E+02  4.55601E+02  4.61276E+02  4.67674E+02  4.74847E+02  4.83136E+02  4.92105E+02  5.01248E+02  5.09500E+02  5.18399E+02  5.29371E+02  5.43109E+02  5.56549E+02  5.67676E+02  5.77368E+02  5.86615E+02  5.95336E+02  5.97425E+02 -9.99990E+02 -9.99990E+02 -9.99990E+02 -9.99990E+02 -9.99990E+02 -9.99990E+02 -9.99990E+02 -9.99990E+02 -9.99990E+02 -9.99990E+02 -9.99990E+02 -9.99990E+02 -9.99990E+02 -9.99990E+02 -9.99990E+02 -9.99990E+02 -9.99990E+02 -9.99990E+02 -9.99990E+02
 -9.99990E+02 -9.99990E+02 -9.99990E+02 -9.99990E+02  4.28694E+02  4.28662E+02  4.28441E+02  4.27643E+02  4.27049E+02  4.26254E+02  4.25542E+02  4.25032E+02  4.24275E+02  4.23179E+02  4.22270E+02  4.21248E+02  4.19525E+02  4.17737E+02  4.16061E+02  4.14788E+02  4.13700E+02  4.12352E+02  4.10844E+02  4.09871E+02  4.09526E+02  4.09957E+02  4.11133E+02  4.12881E+02  4.15372E+02  4.18560E+02  4.22147E+02  4.25737E+02  4.29552E+02  4.34274E+02  4.39969E+02  4.46255E+02  4.52394E+02  4.58466E+02  4.64906E+02  4.71926E+02  4.79907E+02  4.88748E+02  4.98323E+02  5.07807E+02  5.16688E+02  5.25815E+02  5.36489E+02  5.48440E+02  5.60844E+02  5.71331E+02  5.81114E+02  5.91257E+02  5.99355E+02  5.99561E+02 -9.99990E+02 -9.99990E+02 -9.99990E+02 -9.99990E+02 -9.99990E+02 -9.99990E+02 -9.99990E+02 -9.99990E+02 -9.99990E+02 -9.99990E+02 -9.99990E+02 -9.99990E+02 -9.99990E+02 -9.99990E+02 -9.99990E+02 -9.99990E+02 -9.99990E+02 -9.99990E+02 -9.99990E+02
 -9.99990E+02 -9.99990E+02 -9.99990E+02 -9.99990E+02 -9.99990E+02 -9.99990E+02 -9.99990E+02  4.25115E+02  4.25022E+02  4.24549E+02  4.23900E+02  4.23580E+02  4.23084E+02  4.22208E+02  4.21757E+02  4.21022E+02  4.19125E+02  4.16983E+02  4.15183E+02  4.13883E+02  4.12966E+02  4.11956E+02  4.10719E+02  4.10036E+02  4.09963E+02  4.10492E+02  4.11668E+02  4.13666E+02  4.16539E+02  4.19809E+02  4.23447E+02  4.27222E+02  4.31203E+02  4.35651E+02  4.41889E+02  4.48712E+02  4.55634E+02  4.62181E+02  4.69174E+02  4.76683E+02  4.84976E+02  4.93887E+02  5.03595E+02  5.13380E+02  5.22375E+02  5.31578E+02  5.42101E+02  5.53090E+02  5.63933E+02  5.73326E+02  5.81641E+02  5.90167E+02  5.97456E+02  5.97374E+02  5.93958E+02  5.90829E+02 -9.99990E+02 -9.99990E+02 -9.99990E+02 -9.99990E+02 -9.99990E+02 -9.99990E+02 -9.99990E+02 -9.99990E+02 -9.99990E+02 -9.99990E+02 -9.99990E+02 -9.99990E+02 -9.99990E+02 -9.99990E+02 -9.99990E+02 -9.99990E+02 -9.99990E+02
 -9.99990E+02 -9.99990E+02 -9.99990E+02 -9.99990E+02 -9.99990E+02 -9.99990E+02 -9.99990E+02  4.22415E+02  4.22788E+02  4.22550E+02  4.22125E+02  4.21759E+02  4.21631E+02  4.21312E+02  4.20907E+02  4.20474E+02  4.19026E+02  4.16601E+02  4.14480E+02  4.13056E+02  4.12130E+02  4.11736E+02  4.10914E+02  4.10223E+02  4.10363E+02  4.11018E+02  4.12447E+02  4.14673E+02  4.17741E+02  4.21065E+02  4.24728E+02  4.28830E+02  4.33343E+02  4.38034E+02  4.44032E+02  4.51338E+02  4.58977E+02  4.66676E+02  4.74103E+02  4.81945E+02  4.90006E+02  4.98718E+02  5.08195E+02  5.17520E+02  5.26367E+02  5.36054E+02  5.46419E+02  5.56144E+02  5.65801E+02  5.74420E+02  5.82551E+02  5.89745E+02  5.94375E+02  5.95357E+02  5.92776E+02  5.87070E+02  5.79112E+02 -9.99990E+02 -9.99990E+02 -9.99990E+02 -9.99990E+02 -9.99990E+02 -9.99990E+02 -9.99990E+02 -9.99990E+02 -9.99990E+02 -9.99990E+02 -9.99990E+02 -9.99990E+02 -9.99990E+02 -9.99990E+02 -9.99990E+02 -9.99990E+02
 -9.99990E+02 -9.99990E+02 -9.99990E+02 -9.99990E+02 -9.99990E+02 -9.99990E+02 -9.99990E+02  4.19780E+02  4.20345E+02  4.20375E+02  4.20237E+02  4.20116E+02  4.20355E+02  4.20257E+02  4.19849E+02  4.19452E+02  4.18398E+02  4.16058E+02  4.13732E+02  4.12138E+02  4.11250E+02  4.11041E+02  4.10483E+02  4.10086E+02  4.10459E+02  4.11535E+02  4.13272E+02  4.15775E+02  4.18769E+02  4.22256E+02  4.26289E+02  4.30799E+02  4.35788E+02  4.40909E+02  4.46664E+02  4.54283E+02  4.62425E+02  4.70851E+02  4.79396E+02  4.87365E+02  4.95166E+02  5.03409E+02  5.12353E+02  5.21151E+02  5.29788E+02  5.39157E+02  5.49228E+02  5.58343E+02  5.66727E+02  5.74293E+02  5.81066E+02  5.86003E+02  5.89348E+02  5.89306E+02  5.85913E+02  5.79523E+02  5.71523E+02  5.64454E+02 -9.99990E+02 -9.99990E+02 -9.99990E+02 -9.99990E+02 -9.99990E+02 -9.99990E+02 -9.99990E+02 -9.99990E+02 -9.99990E+02 -9.99990E+02 -9.99990E+02 -9.99990E+02 -9.99990E+02 -9.99990E+02 -9.99990E+02
 -9.99990E+02 -9.99990E+02 -9.99990E+02 -9.99990E+02 -9.99990E+02 -9.99990E+02  4.15298E+02  4.17069E+02  4.17926E+02  4.18078E+02  4.18308E+02  4.18401E+02  4.18726E+02  4.18897E+02  4.18844E+02  4.18390E+02  4.17365E+02  4.15264E+02  4.12876E+02  4.11323E+02  4.10475E+02  4.10019E+02  4.09814E+02  4.09797E+02  4.10479E+02  4.11852E+02  4.14028E+02  4.16705E+02  4.19786E+02  4.23509E+02  4.27864E+02  4.32816E+02  4.38392E+02  4.44066E+02  4.49987E+02  4.57365E+02  4.66186E+02  4.75157E+02  4.84241E+02  4.92536E+02  5.00167E+02  5.07794E+02  5.15988E+02  5.24200E+02  5.32896E+02  5.41675E+02  5.50505E+02  5.58663E+02  5.65657E+02  5.72132E+02  5.77913E+02  5.81802E+02  5.83226E+02  5.81679E+02  5.78539E+02  5.72255E+02  5.64435E+02  5.57790E+02  5.50691E+02 -9.99990E+02 -9.99990E+02 -9.99990E+02 -9.99990E+02 -9.99990E+02 -9.99990E+02 -9.99990E+02 -9.99990E+02 -9.99990E+02 -9.99990E+02 -9.99990E+02 -9.99990E+02 -9.99990E+02 -9.99990E+02
 -9.99990E+02 -9.99990E+02 -9.99990E+02 -9.99990E+02 -9.99990E+02 -9.99990E+02  4.14779E+02  4.15449E+02  4.15522E+02  4.15859E+02  4.16241E+02  4.16534E+02  4.16842E+02  4.16873E+02  4.16810E+02  4.16163E+02  4.15408E+02  4.13823E+02  4.11688E+02  4.10335E+02  4.09369E+02  4.08883E+02  4.08881E+02  4.09306E+02  4.10380E+02  4.11954E+02  4.14467E+02  4.17480E+02  4.20962E+02  4.24955E+02  4.29630E+02  4.34961E+02  4.41007E+02  4.47277E+02  4.53682E+02  4.60674E+02  4.69252E+02  4.78340E+02  4.87637E+02  4.95582E+02  5.03589E+02  5.11675E+02  5.18751E+02  5.26247E+02  5.34660E+02  5.42612E+02  5.50389E+02  5.57456E+02  5.63299E+02  5.68315E+02  5.72865E+02  5.76274E+02  5.76969E+02  5.74977E+02  5.71753E+02  5.65701E+02  5.58212E+02  5.51833E+02  5.45126E+02  5.37922E+02 -9.99990E+02 -9.99990E+02 -9.99990E+02 -9.99990E+02 -9.99990E+02 -9.99990E+02 -9.99990E+02 -9.99990E+02 -9.99990E+02 -9.99990E+02 -9.99990E+02 -9.99990E+02 -9.99990E+02
 -9.99990E+02 -9.99990E+02 -9.99990E+02 -9.99990E+02 -9.99990E+02 -9.99990E+02 -9.99990E+02 -9.99990E+02  4.12961E+02  4.13736E+02  4.14204E+02  4.14528E+02  4.15010E+02  4.15159E+02  4.14878E+02  4.14510E+02  4.13352E+02  4.11885E+02  4.10378E+02  4.08850E+02  4.07973E+02  4.07516E+02  4.07828E+02  4.08608E+02  4.09977E+02  4.11870E+02  4.14578E+02  4.17756E+02  4.21777E+02  4.26215E+02  4.31294E+02  4.36987E+02  4.43254E+02  4.49820E+02  4.56795E+02  4.63929E+02  4.71452E+02  4.80445E+02  4.89703E+02  4.97711E+02  5.05512E+02  5.13258E+02  5.20580E+02  5.27288E+02  5.35269E+02  5.42773E+02  5.49383E+02  5.55334E+02  5.60274E+02  5.64473E+02  5.68080E+02  5.70532E+02  5.70438E+02  5.68616E+02  5.65232E+02  5.59544E+02  5.52843E+02  5.45819E+02  5.39487E+02  5.32558E+02  5.24638E+02  5.20946E+02 -9.99990E+02 -9.99990E+02 -9.99990E+02 -9.99990E+02 -9.99990E+02 -9.99990E+02 -9.99990E+02 -9.99990E+02 -9.99990E+02 -9.99990E+02 -9.99990E+02
 -9.99990E+02 -9.99990E+02 -9.99990E+02 -9.99990E+02 -9.99990E+02 -9.99990E+02 -9.99990E+02 -9.99990E+02  4.10754E+02  4.11392E+02  4.12053E+02  4.12349E+02  4.12567E+02  4.12304E+02  4.12120E+02  4.12039E+02  4.11068E+02  4.09874E+02  4.08630E+02  4.07389E+02  4.06341E+02  4.06184E+02  4.06703E+02  4.07892E+02  4.09427E+02  4.11596E+02  4.14369E+02  4.17824E+02  4.22265E+02  4.27128E+02  4.32562E+02  4.38614E+02  4.45033E+02  4.52126E+02  4.59291E+02  4.66288E+02  4.73472E+02  4.81655E+02  4.90336E+02  4.98505E+02  5.05963E+02  5.13175E+02  5.20066E+02  5.27201E+02  5.34855E+02  5.41269E+02  5.46733E+02  5.51968E+02  5.56273E+02  5.60195E+02  5.62826E+02  5.63860E+02  5.63721E+02  5.61752E+02  5.58486E+02  5.53079E+02  5.46736E+02  5.39673E+02  5.33705E+02  5.27813E+02  5.21839E+02  5.18666E+02 -9.99990E+02 -9.99990E+02 -9.99990E+02 -9.99990E+02 -9.99990E+02 -9.99990E+02 -9.99990E+02 -9.99990E+02 -9.99990E+02 -9.99990E+02 -9.99990E+02
 -9.99990E+02 -9.99990E+02 -9.99990E+02 -9.99990E+02 -9.99990E+02 -9.99990E+02 -9.99990E+02 -9.99990E+02  4.09114E+02  4.09523E+02  4.09836E+02  4.10019E+02  4.09955E+02  4.09593E+02  4.09256E+02  4.09180E+02  4.08351E+02  4.07648E+02  4.06536E+02  4.05607E+02  4.04689E+02  4.04758E+02  4.05509E+02  4.06779E+02  4.08786E+02  4.11390E+02  4.14347E+02  4.18099E+02  4.22745E+02  4.27842E+02  4.33503E+02  4.39767E+02  4.46591E+02  4.53846E+02  4.60968E+02  4.67925E+02  4.75099E+02  4.82199E+02  4.90171E+02  4.98024E+02  5.05215E+02  5.11904E+02  5.18510E+02  5.25582E+02  5.32504E+02  5.38291E+02  5.43334E+02  5.48008E+02  5.51567E+02  5.54579E+02  5.56581E+02  5.57332E+02  5.56893E+02  5.54618E+02  5.50782E+02  5.45649E+02  5.39811E+02  5.33318E+02  5.27608E+02  5.21791E+02  5.16354E+02  5.12622E+02 -9.99990E+02 -9.99990E+02 -9.99990E+02  4.71317E+02  4.70589E+02 -9.99990E+02 -9.99990E+02 -9.99990E+02 -9.99990E+02 -9.99990E+02 -9.99990E+02
 -9.99990E+02 -9.99990E+02 -9.99990E+02 -9.99990E+02 -9.99990E+02 -9.99990E+02 -9.99990E+02 -9.99990E+02  4.07943E+02  4.07765E+02  4.07784E+02  4.07735E+02  4.07289E+02  4.06785E+02  4.06336E+02  4.05842E+02  4.05130E+02  4.04528E+02  4.03693E+02  4.03088E+02  4.02472E+02  4.02792E+02  4.03783E+02  4.05455E+02  4.07828E+02  4.10760E+02  4.14186E+02  4.18337E+02  4.23070E+02  4.28216E+02  4.34149E+02  4.40730E+02  4.47946E+02  4.55164E+02  4.62104E+02  4.69008E+02  4.75838E+02  4.82517E+02  4.89291E+02  4.96270E+02  5.03117E+02  5.09351E+02  5.15779E+02  5.22630E+02  5.28979E+02  5.34087E+02  5.38759E+02  5.42389E+02  5.45289E+02  5.48096E+02  5.49385E+02  5.49456E+02  5.48625E+02  5.46050E+02  5.42010E+02  5.37057E+02  5.31823E+02  5.25385E+02  5.19680E+02  5.14453E+02  5.08592E+02  5.01832E+02  4.90801E+02  4.82945E+02  4.77342E+02  4.73227E+02  4.71121E+02  4.69645E+02 -9.99990E+02 -9.99990E+02 -9.99990E+02 -9.99990E+02 -9.99990E+02
 -9.99990E+02 -9.99990E+02 -9.99990E+02 -9.99990E+02 -9.99990E+02 -9.99990E+02 -9.99990E+02 -9.99990E+02 -9.99990E+02  4.05999E+02  4.05907E+02  4.05542E+02  4.04832E+02  4.04003E+02  4.03297E+02  4.02394E+02  4.01262E+02  4.00630E+02  4.00070E+02  3.99966E+02  3.99916E+02  4.00496E+02  4.01806E+02  4.03917E+02  4.06669E+02  4.09803E+02  4.13597E+02  4.17946E+02  4.22775E+02  4.28126E+02  4.34323E+02  4.41232E+02  4.48701E+02  4.55577E+02  4.62317E+02  4.69243E+02  4.76027E+02  4.82445E+02  4.88192E+02  4.93640E+02  4.99962E+02  5.06097E+02  5.12427E+02  5.18404E+02  5.24007E+02  5.28703E+02  5.32612E+02  5.35697E+02  5.38046E+02  5.40156E+02  5.41138E+02  5.40623E+02  5.39659E+02  5.36781E+02  5.32608E+02  5.27853E+02  5.22758E+02  5.17109E+02  5.11807E+02  5.06713E+02  5.01257E+02  4.95222E+02  4.88059E+02  4.81919E+02  4.77012E+02  4.73219E+02  4.71032E+02  4.69293E+02  4.67709E+02 -9.99990E+02 -9.99990E+02 -9.99990E+02 -9.99990E+02
 -9.99990E+02 -9.99990E+02 -9.99990E+02 -9.99990E+02 -9.99990E+02 -9.99990E+02 -9.99990E+02 -9.99990E+02 -9.99990E+02  4.04909E+02  4.04345E+02  4.03560E+02  4.02202E+02  4.01058E+02  4.00065E+02  3.98721E+02  3.97330E+02  3.96267E+02  3.96022E+02  3.96372E+02  3.96771E+02  3.97760E+02  3.99570E+02  4.02035E+02  4.04936E+02  4.08481E+02  4.12517E+02  4.17141E+02  4.22233E+02  4.27704E+02  4.33805E+02  4.40755E+02  4.47919E+02  4.54806E+02  4.61613E+02  4.68683E+02  4.75299E+02  4.81248E+02  4.86712E+02  4.91683E+02  4.96795E+02  5.02157E+02  5.07902E+02  5.13280E+02  5.18391E+02  5.22724E+02  5.26159E+02  5.28745E+02  5.30561E+02  5.32261E+02  5.32781E+02  5.31791E+02  5.30280E+02  5.26976E+02  5.23097E+02  5.18725E+02  5.13934E+02  5.09029E+02  5.04265E+02  4.99387E+02  4.94476E+02  4.89413E+02  4.84078E+02  4.79222E+02  4.75297E+02  4.71921E+02  4.69537E+02  4.68160E+02  4.67363E+02 -9.99990E+02 -9.99990E+02 -9.99990E+02 -9.99990E+02
 -9.99990E+02 -9.99990E+02 -9.99990E+02 -9.99990E+02 -9.99990E+02 -9.99990E+02 -9.99990E+02 -9.99990E+02 -9.99990E+02 -9.99990E+02  4.02719E+02  4.01780E+02  3.99319E+02  3.97956E+02  3.96608E+02  3.94860E+02  3.92880E+02  3.91470E+02  3.91672E+02  3.92313E+02  3.93340E+02  3.94812E+02  3.97026E+02  3.99721E+02  4.02634E+02  4.06414E+02  4.10856E+02  4.15987E+02  4.21530E+02  4.26873E+02  4.32814E+02  4.39488E+02  4.46250E+02  4.53207E+02  4.60636E+02  4.67435E+02  4.73893E+02  4.79524E+02  4.84835E+02  4.89582E+02  4.93919E+02  4.98171E+02  5.03316E+02  5.08304E+02  5.12635E+02  5.16017E+02  5.18926E+02  5.21400E+02  5.22795E+02  5.23927E+02  5.24008E+02  5.22809E+02  5.20540E+02  5.17368E+02  5.13613E+02  5.09643E+02  5.05237E+02  5.00922E+02  4.96604E+02  4.92201E+02  4.87838E+02  4.83351E+02  4.79099E+02  4.75372E+02  4.72188E+02  4.69513E+02  4.67439E+02  4.66323E+02 -9.99990E+02 -9.99990E+02 -9.99990E+02 -9.99990E+02 -9.99990E+02
 -9.99990E+02 -9.99990E+02 -9.99990E+02 -9.99990E+02 -9.99990E+02 -9.99990E+02 -9.99990E+02 -9.99990E+02 -9.99990E+02 -9.99990E+02 -9.99990E+02 -9.99990E+02  3.95252E+02  3.94320E+02  3.92692E+02  3.90443E+02  3.87777E+02  3.84810E+02  3.86023E+02  3.87560E+02  3.89290E+02  3.91298E+02  3.94010E+02  3.97126E+02  4.00318E+02  4.04456E+02  4.09353E+02  4.14746E+02  4.20174E+02  4.25651E+02  4.31650E+02  4.38013E+02  4.44584E+02  4.51613E+02  4.59132E+02  4.65751E+02  4.71965E+02  4.77429E+02  4.82525E+02  4.87085E+02  4.90921E+02  4.94777E+02  4.98862E+02  5.02849E+02  5.06390E+02  5.09023E+02  5.11443E+02  5.13815E+02  5.14834E+02  5.15336E+02  5.14954E+02  5.13859E+02  5.11262E+02  5.07942E+02  5.04217E+02  5.00488E+02  4.96635E+02  4.92704E+02  4.88743E+02  4.84901E+02  4.81137E+02  4.77488E+02  4.73969E+02  4.70690E+02  4.67922E+02  4.65974E+02  4.64512E+02  4.63880E+02 -9.99990E+02 -9.99990E+02 -9.99990E+02 -9.99990E+02 -9.99990E+02
 -9.99990E+02 -9.99990E+02 -9.99990E+02 -9.99990E+02 -9.99990E+02 -9.99990E+02 -9.99990E+02 -9.99990E+02 -9.99990E+02 -9.99990E+02 -9.99990E+02 -9.99990E+02  3.92817E+02  3.91390E+02  3.89273E+02  3.86512E+02  3.83458E+02  3.79955E+02  3.79494E+02  3.82170E+02  3.84597E+02  3.87317E+02  3.90848E+02  3.94328E+02  3.97945E+02  4.02502E+02  4.07740E+02  4.13221E+02  4.18645E+02  4.24132E+02  4.29991E+02  4.36270E+02  4.43030E+02  4.50313E+02  4.57540E+02  4.64003E+02  4.69878E+02  4.75241E+02  4.80069E+02  4.84159E+02  4.87934E+02  4.91388E+02  4.94735E+02  4.97410E+02  4.99924E+02  5.02174E+02  5.03967E+02  5.05748E+02  5.06816E+02  5.07036E+02  5.06442E+02  5.04743E+02  5.02150E+02  4.98964E+02  4.95266E+02  4.91593E+02  4.87948E+02  4.84370E+02  4.80922E+02  4.77561E+02  4.74389E+02  4.71228E+02  4.67812E+02  4.65143E+02  4.62802E+02  4.61224E+02  4.60151E+02  4.61301E+02 -9.99990E+02 -9.99990E+02 -9.99990E+02 -9.99990E+02 -9.99990E+02
 -9.99990E+02 -9.99990E+02 -9.99990E+02 -9.99990E+02 -9.99990E+02 -9.99990E+02 -9.99990E+02 -9.99990E+02 -9.99990E+02 -9.99990E+02 -9.99990E+02 -9.99990E+02 -9.99990E+02  3.88792E+02  3.86641E+02  3.82341E+02  3.79528E+02  3.76973E+02  3.74434E+02  3.76760E+02  3.79295E+02  3.82852E+02  3.87008E+02  3.90965E+02  3.95115E+02  4.00228E+02  4.05501E+02  4.11057E+02  4.16711E+02  4.22351E+02  4.28184E+02  4.34632E+02  4.41722E+02  4.49010E+02  4.55655E+02  4.61673E+02  4.67230E+02  4.72234E+02  4.76991E+02  4.81016E+02  4.84294E+02  4.87385E+02  4.90176E+02  4.92249E+02  4.93989E+02  4.95434E+02  4.96572E+02  4.97716E+02  4.98638E+02  4.98466E+02  4.97611E+02  4.95420E+02  4.92814E+02  4.89830E+02  4.86705E+02  4.83332E+02  4.79944E+02  4.76696E+02  4.73507E+02  4.70120E+02  4.67068E+02  4.64335E+02  4.61538E+02  4.59196E+02  4.57155E+02  4.55450E+02  4.54050E+02 -9.99990E+02 -9.99990E+02 -9.99990E+02 -9.99990E+02 -9.99990E+02 -9.99990E+02
 -9.99990E+02 -9.99990E+02 -9.99990E+02 -9.99990E+02 -9.99990E+02 -9.99990E+02 -9.99990E+02 -9.99990E+02 -9.99990E+02 -9.99990E+02 -9.99990E+02 -9.99990E+02 -9.99990E+02 -9.99990E+02 -9.99990E+02  3.76436E+02  3.75455E+02  3.74169E+02  3.73199E+02  3.72153E+02  3.73445E+02  3.77740E+02  3.82582E+02  3.87117E+02  3.91847E+02  3.97234E+02  4.02735E+02  4.08486E+02  4.14385E+02  4.20314E+02  4.26323E+02  4.33015E+02  4.40255E+02  4.47087E+02  4.53375E+02  4.59017E+02  4.64075E+02  4.68635E+02  4.72910E+02  4.76674E+02  4.79793E+02  4.82501E+02  4.84737E+02  4.86472E+02  4.87898E+02  4.89176E+02  4.89949E+02  4.90108E+02  4.89983E+02  4.89347E+02  4.88038E+02  4.86027E+02  4.83528E+02  4.80977E+02  4.78207E+02  4.75174E+02  4.71948E+02  4.68985E+02  4.65965E+02  4.62742E+02  4.59816E+02  4.57503E+02  4.55178E+02  4.53251E+02  4.51219E+02  4.49284E+02  4.47056E+02  4.42907E+02 -9.99990E+02 -9.99990E+02 -9.99990E+02 -9.99990E+02 -9.99990E+02
 -9.99990E+02 -9.99990E+02 -9.99990E+02 -9.99990E+02 -9.99990E+02 -9.99990E+02 -9.99990E+02 -9.99990E+02 -9.99990E+02 -9.99990E+02 -9.99990E+02 -9.99990E+02 -9.99990E+02 -9.99990E+02 -9.99990E+02  3.72395E+02  3.72060E+02  3.71555E+02  3.71129E+02  3.70816E+02  3.70562E+02  3.71821E+02  3.77884E+02  3.83200E+02  3.88562E+02  3.94173E+02  3.99860E+02  4.05718E+02  4.11884E+02  4.18244E+02  4.24406E+02  4.31150E+02  4.38154E+02  4.44624E+02  4.50459E+02  4.55505E+02  4.60067E+02  4.64230E+02  4.68108E+02  4.71382E+02  4.74294E+02  4.76834E+02  4.78862E+02  4.80315E+02  4.81574E+02  4.83144E+02  4.83552E+02  4.83253E+02  4.82607E+02  4.81280E+02  4.79422E+02  4.77301E+02  4.74688E+02  4.72318E+02  4.69708E+02  4.66955E+02  4.64017E+02  4.61175E+02  4.58250E+02  4.55422E+02  4.52905E+02  4.50953E+02  4.48932E+02  4.47063E+02  4.45100E+02  4.43169E+02  4.41386E+02  4.39523E+02 -9.99990E+02 -9.99990E+02 -9.99990E+02 -9.99990E+02 -9.99990E+02
 -9.99990E+02 -9.99990E+02 -9.99990E+02 -9.99990E+02 -9.99990E+02 -9.99990E+02 -9.99990E+02 -9.99990E+02 -9.99990E+02 -9.99990E+02 -9.99990E+02 -9.99990E+02 -9.99990E+02 -9.99990E+02 -9.99990E+02  3.69534E+02  3.69658E+02  3.69392E+02  3.69292E+02  3.69158E+02  3.68754E+02  3.68688E+02  3.73658E+02  3.79199E+02  3.84899E+02  3.90648E+02  3.96859E+02  4.02994E+02  4.09689E+02  4.16251E+02  4.22258E+02  4.28802E+02  4.35365E+02  4.41443E+02  4.46836E+02  4.51141E+02  4.55263E+02  4.59319E+02  4.63169E+02  4.66208E+02  4.69058E+02  4.71574E+02  4.73366E+02  4.74480E+02  4.75603E+02  4.76816E+02  4.76820E+02  4.76236E+02  4.75308E+02  4.73910E+02  4.71959E+02  4.69641E+02  4.67062E+02  4.64558E+02  4.61826E+02  4.58949E+02  4.55996E+02  4.53275E+02  4.50572E+02  4.48185E+02  4.46005E+02  4.44231E+02  4.42394E+02  4.40554E+02  4.38627E+02  4.36871E+02  4.35488E+02  4.34601E+02 -9.99990E+02 -9.99990E+02 -9.99990E+02 -9.99990E+02 -9.99990E+02
 -9.99990E+02 -9.99990E+02 -9.99990E+02 -9.99990E+02 -9.99990E+02 -9.99990E+02 -9.99990E+02 -9.99990E+02 -9.99990E+02 -9.99990E+02 -9.99990E+02 -9.99990E+02 -9.99990E+02 -9.99990E+02 -9.99990E+02  3.67706E+02  3.67955E+02  3.67730E+02  3.67619E+02  3.67458E+02  3.66916E+02  3.66940E+02  3.68599E+02  3.74729E+02  3.80624E+02  3.86697E+02  3.93261E+02  3.99990E+02  4.07017E+02  4.13352E+02  4.19574E+02  4.25907E+02  4.31725E+02  4.37179E+02  4.42043E+02  4.46261E+02  4.50387E+02  4.54321E+02  4.57771E+02  4.60730E+02  4.63554E+02  4.66019E+02  4.67797E+02  4.68620E+02  4.69455E+02  4.70138E+02  4.69938E+02  4.68991E+02  4.67753E+02  4.66387E+02  4.64634E+02  4.62486E+02  4.59984E+02  4.57211E+02  4.54297E+02  4.51304E+02  4.48219E+02  4.45176E+02  4.42468E+02  4.40264E+02  4.38600E+02  4.37140E+02  4.35355E+02  4.33471E+02  4.31687E+02  4.30306E+02  4.29558E+02  4.29685E+02 -9.99990E+02 -9.99990E+02 -9.99990E+02 -9.99990E+02 -9.99990E+02
 -9.99990E+02 -9.99990E+02 -9.99990E+02 -9.99990E+02 -9.99990E+02 -9.99990E+02 -9.99990E+02 -9.99990E+02 -9.99990E+02 -9.99990E+02 -9.99990E+02 -9.99990E+02 -9.99990E+02 -9.99990E+02 -9.99990E+02  3.66774E+02  3.66838E+02  3.66458E+02  3.66156E+02  3.65653E+02  3.64831E+02  3.64276E+02  3.65023E+02  3.70561E+02  3.76226E+02  3.82356E+02  3.88878E+02  3.96309E+02  4.03191E+02  4.09612E+02  4.15964E+02  4.22057E+02  4.27455E+02  4.32460E+02  4.36987E+02  4.41166E+02  4.45343E+02  4.49183E+02  4.52672E+02  4.55574E+02  4.58092E+02  4.60377E+02  4.61825E+02  4.62588E+02  4.62957E+02  4.63417E+02  4.63278E+02  4.62064E+02  4.60625E+02  4.59215E+02  4.57561E+02  4.55148E+02  4.52458E+02  4.49558E+02  4.46552E+02  4.43438E+02  4.40290E+02  4.37170E+02  4.34625E+02  4.32698E+02  4.31425E+02  4.30148E+02  4.28412E+02  4.26468E+02  4.24821E+02  4.23484E+02  4.23260E+02  4.25826E+02 -9.99990E+02 -9.99990E+02 -9.99990E+02 -9.99990E+02 -9.99990E+02
 -9.99990E+02 -9.99990E+02 -9.99990E+02 -9.99990E+02 -9.99990E+02 -9.99990E+02 -9.99990E+02 -9.99990E+02 -9.99990E+02 -9.99990E+02 -9.99990E+02 -9.99990E+02 -9.99990E+02 -9.99990E+02 -9.99990E+02 -9.99990E+02  3.66084E+02  3.65403E+02  3.64923E+02  3.64068E+02  3.62499E+02  3.60477E+02  3.62198E+02  3.66019E+02  3.71115E+02  3.76854E+02  3.83104E+02  3.90707E+02  3.98159E+02  4.04927E+02  4.11108E+02  4.16907E+02  4.22166E+02  4.27016E+02  4.31577E+02  4.35748E+02  4.39909E+02  4.43823E+02  4.47274E+02  4.50034E+02  4.52413E+02  4.54343E+02  4.55737E+02  4.56622E+02  4.56753E+02  4.56472E+02  4.56134E+02  4.55251E+02  4.53765E+02  4.52202E+02  4.50318E+02  4.47619E+02  4.44688E+02  4.41294E+02  4.38207E+02  4.34966E+02  4.31870E+02  4.29154E+02  4.26938E+02  4.25411E+02  4.24339E+02  4.23390E+02  4.21707E+02  4.19759E+02  4.18174E+02  4.16427E+02  4.15301E+02 -9.99990E+02 -9.99990E+02 -9.99990E+02 -9.99990E+02 -9.99990E+02 -9.99990E+02
 -9.99990E+02 -9.99990E+02 -9.99990E+02 -9.99990E+02 -9.99990E+02 -9.99990E+02 -9.99990E+02 -9.99990E+02 -9.99990E+02 -9.99990E+02 -9.99990E+02 -9.99990E+02 -9.99990E+02 -9.99990E+02 -9.99990E+02 -9.99990E+02 -9.99990E+02  3.64440E+02  3.63952E+02  3.62791E+02  3.60479E+02  3.57987E+02  3.57074E+02  3.60528E+02  3.65210E+02  3.70459E+02  3.76593E+02  3.84016E+02  3.91584E+02  3.98813E+02  4.05141E+02  4.10905E+02  4.16199E+02  4.20971E+02  4.25645E+02  4.29838E+02  4.33899E+02  4.38005E+02  4.41581E+02  4.44303E+02  4.46545E+02  4.48117E+02  4.49294E+02  4.50115E+02  4.50507E+02  4.49962E+02  4.48934E+02  4.47776E+02  4.46538E+02  4.45055E+02  4.42723E+02  4.39785E+02  4.36334E+02  4.32618E+02  4.29195E+02  4.25911E+02  4.23027E+02  4.20817E+02  4.19064E+02  4.17907E+02  4.17106E+02  4.16477E+02  4.15285E+02  4.13575E+02  4.11815E+02  4.09559E+02  4.07282E+02  4.04144E+02 -9.99990E+02 -9.99990E+02 -9.99990E+02 -9.99990E+02 -9.99990E+02
 -9.99990E+02 -9.99990E+02 -9.99990E+02 -9.99990E+02 -9.99990E+02 -9.99990E+02 -9.99990E+02 -9.99990E+02 -9.99990E+02 -9.99990E+02 -9.99990E+02 -9.99990E+02 -9.99990E+02 -9.99990E+02 -9.99990E+02 -9.99990E+02 -9.99990E+02 -9.99990E+02 -9.99990E+02 -9.99990E+02  3.57832E+02  3.55465E+02  3.53411E+02  3.53607E+02  3.57938E+02  3.62751E+02  3.68930E+02  3.76396E+02  3.84343E+02  3.91804E+02  3.98510E+02  4.04592E+02  4.09852E+02  4.14649E+02  4.19249E+02  4.23433E+02  4.27536E+02  4.31691E+02  4.35237E+02  4.37899E+02  4.40071E+02  4.41531E+02  4.42625E+02  4.43366E+02  4.43786E+02  4.43339E+02  4.42128E+02  4.40304E+02  4.38605E+02  4.36722E+02  4.33852E+02  4.30275E+02  4.26461E+02  4.22566E+02  4.18687E+02  4.15548E+02  4.13380E+02  4.12060E+02  4.10900E+02  4.10256E+02  4.09588E+02  4.09186E+02  4.08430E+02  4.07034E+02  4.04968E+02  4.02855E+02  4.01476E+02  4.02181E+02 -9.99990E+02 -9.99990E+02 -9.99990E+02 -9.99990E+02 -9.99990E+02
 -9.99990E+02 -9.99990E+02 -9.99990E+02 -9.99990E+02 -9.99990E+02 -9.99990E+02 -9.99990E+02 -9.99990E+02 -9.99990E+02 -9.99990E+02 -9.99990E+02 -9.99990E+02 -9.99990E+02 -9.99990E+02 -9.99990E+02 -9.99990E+02 -9.99990E+02 -9.99990E+02 -9.99990E+02 -9.99990E+02 -9.99990E+02  3.52301E+02  3.49566E+02  3.48515E+02  3.50273E+02  3.53536E+02  3.59896E+02  3.68410E+02  3.76863E+02  3.84564E+02  3.91613E+02  3.97857E+02  4.03157E+02  4.07804E+02  4.12329E+02  4.16439E+02  4.20573E+02  4.24695E+02  4.28123E+02  4.30787E+02  4.32945E+02  4.34567E+02  4.35870E+02  4.36528E+02  4.36864E+02  4.36426E+02  4.35089E+02  4.32737E+02  4.30506E+02  4.27757E+02  4.24054E+02  4.19720E+02  4.15146E+02  4.10585E+02  4.06214E+02  4.03248E+02  4.02045E+02  4.02304E+02  4.02309E+02  4.02226E+02  4.01942E+02  4.01811E+02  4.01302E+02  4.00070E+02  3.98037E+02  3.95977E+02  3.94723E+02 -9.99990E+02 -9.99990E+02 -9.99990E+02 -9.99990E+02 -9.99990E+02 -9.99990E+02
 -9.99990E+02 -9.99990E+02 -9.99990E+02 -9.99990E+02 -9.99990E+02 -9.99990E+02 -9.99990E+02 -9.99990E+02 -9.99990E+02 -9.99990E+02 -9.99990E+02 -9.99990E+02 -9.99990E+02 -9.99990E+02 -9.99990E+02 -9.99990E+02 -9.99990E+02 -9.99990E+02 -9.99990E+02 -9.99990E+02 -9.99990E+02 -9.99990E+02  3.46293E+02  3.46307E+02  3.47083E+02  3.48763E+02  3.51066E+02  3.60425E+02  3.69099E+02  3.76988E+02  3.84182E+02  3.90222E+02  3.95474E+02  4.00068E+02  4.04488E+02  4.08773E+02  4.13088E+02  4.17145E+02  4.20394E+02  4.23090E+02  4.25155E+02  4.26892E+02  4.28305E+02  4.29010E+02  4.29121E+02  4.28382E+02  4.27234E+02  4.24524E+02  4.21752E+02  4.18073E+02  4.13507E+02  4.08210E+02  4.02826E+02  3.96891E+02  3.90941E+02  3.88304E+02  3.88101E+02  3.92056E+02  3.93804E+02  3.94387E+02  3.94570E+02  3.94498E+02  3.94055E+02  3.92724E+02  3.90661E+02  3.88780E+02  3.87603E+02 -9.99990E+02 -9.99990E+02 -9.99990E+02 -9.99990E+02 -9.99990E+02 -9.99990E+02
 -9.99990E+02 -9.99990E+02 -9.99990E+02 -9.99990E+02 -9.99990E+02 -9.99990E+02 -9.99990E+02 -9.99990E+02 -9.99990E+02 -9.99990E+02 -9.99990E+02 -9.99990E+02 -9.99990E+02 -9.99990E+02 -9.99990E+02 -9.99990E+02 -9.99990E+02 -9.99990E+02 -9.99990E+02 -9.99990E+02 -9.99990E+02 -9.99990E+02  3.43492E+02  3.42966E+02  3.42680E+02  3.43266E+02  3.44537E+02  3.53350E+02  3.61743E+02  3.69544E+02  3.76378E+02  3.82277E+02  3.87196E+02  3.91808E+02  3.96082E+02  4.00558E+02  4.04915E+02  4.08797E+02  4.11925E+02  4.14618E+02  4.16932E+02  4.18699E+02  4.20188E+02  4.20849E+02  4.20733E+02  4.19836E+02  4.18358E+02  4.15665E+02  4.11894E+02  4.07341E+02  4.02193E+02  3.96047E+02  3.89690E+02  3.82093E+02  3.71622E+02  3.71697E+02  3.78910E+02  3.83561E+02  3.86294E+02  3.87412E+02  3.87524E+02  3.87549E+02  3.86980E+02  3.85546E+02  3.83784E+02  3.81788E+02  3.80202E+02 -9.99990E+02 -9.99990E+02 -9.99990E+02 -9.99990E+02 -9.99990E+02 -9.99990E+02
 -9.99990E+02 -9.99990E+02 -9.99990E+02 -9.99990E+02 -9.99990E+02 -9.99990E+02 -9.99990E+02 -9.99990E+02 -9.99990E+02 -9.99990E+02 -9.99990E+02 -9.99990E+02 -9.99990E+02 -9.99990E+02 -9.99990E+02 -9.99990E+02 -9.99990E+02 -9.99990E+02 -9.99990E+02 -9.99990E+02 -9.99990E+02 -9.99990E+02  3.41179E+02  3.39122E+02  3.37510E+02  3.37248E+02  3.38734E+02  3.46641E+02  3.54513E+02  3.61776E+02  3.68199E+02  3.73544E+02  3.78156E+02  3.82499E+02  3.87104E+02  3.91676E+02  3.95638E+02  3.99447E+02  4.02521E+02  4.05442E+02  4.08066E+02  4.09941E+02  4.11272E+02  4.11804E+02  4.11534E+02  4.10535E+02  4.08849E+02  4.06091E+02  4.01744E+02  3.96255E+02  3.89946E+02  3.83324E+02  3.76307E+02  3.69216E+02  3.60368E+02  3.65749E+02  3.71537E+02  3.76189E+02  3.79228E+02  3.80421E+02  3.80674E+02  3.80650E+02  3.79950E+02  3.78603E+02  3.77129E+02  3.75036E+02  3.72918E+02 -9.99990E+02 -9.99990E+02 -9.99990E+02 -9.99990E+02 -9.99990E+02 -9.99990E+02
 -9.99990E+02 -9.99990E+02 -9.99990E+02 -9.99990E+02 -9.99990E+02 -9.99990E+02 -9.99990E+02 -9.99990E+02 -9.99990E+02 -9.99990E+02 -9.99990E+02 -9.99990E+02 -9.99990E+02 -9.99990E+02 -9.99990E+02 -9.99990E+02 -9.99990E+02 -9.99990E+02 -9.99990E+02 -9.99990E+02 -9.99990E+02 -9.99990E+02 -9.99990E+02  3.34783E+02  3.30836E+02  3.29843E+02  3.33860E+02  3.39988E+02  3.46801E+02  3.53689E+02  3.59286E+02  3.63736E+02  3.67527E+02  3.72065E+02  3.77179E+02  3.81899E+02  3.85763E+02  3.89319E+02  3.92674E+02  3.95791E+02  3.98706E+02  4.00912E+02  4.02121E+02  4.02480E+02  4.01766E+02  4.00380E+02  3.98324E+02  3.95158E+02  3.90506E+02  3.84499E+02  3.77429E+02  3.69578E+02  3.62588E+02  3.57139E+02  3.51818E+02  3.59199E+02  3.65091E+02  3.69570E+02  3.72210E+02  3.73325E+02  3.73897E+02  3.74041E+02  3.73510E+02  3.72512E+02  3.70860E+02  3.67990E+02  3.63801E+02  3.56643E+02  3.53226E+02 -9.99990E+02 -9.99990E+02 -9.99990E+02 -9.99990E+02
 -9.99990E+02 -9.99990E+02 -9.99990E+02 -9.99990E+02 -9.99990E+02 -9.99990E+02 -9.99990E+02 -9.99990E+02 -9.99990E+02 -9.99990E+02 -9.99990E+02 -9.99990E+02 -9.99990E+02 -9.99990E+02 -9.99990E+02 -9.99990E+02 -9.99990E+02 -9.99990E+02 -9.99990E+02 -9.99990E+02 -9.99990E+02 -9.99990E+02 -9.99990E+02 -9.99990E+02  3.24904E+02  3.23944E+02  3.26724E+02  3.32587E+02  3.38344E+02  3.44709E+02  3.50080E+02  3.53291E+02  3.54143E+02  3.59929E+02  3.65547E+02  3.70812E+02  3.75090E+02  3.78960E+02  3.82603E+02  3.85807E+02  3.88754E+02  3.91176E+02  3.92285E+02  3.92357E+02  3.91456E+02  3.90100E+02  3.87802E+02  3.83838E+02  3.78728E+02  3.72677E+02  3.64579E+02  3.54820E+02  3.45582E+02  3.43674E+02  3.47951E+02  3.54236E+02  3.59314E+02  3.63037E+02  3.65470E+02  3.66920E+02  3.67821E+02  3.68108E+02  3.67737E+02  3.66417E+02  3.64643E+02  3.61737E+02  3.58084E+02  3.53734E+02  3.50884E+02 -9.99990E+02 -9.99990E+02 -9.99990E+02 -9.99990E+02
 -9.99990E+02 -9.99990E+02 -9.99990E+02 -9.99990E+02 -9.99990E+02 -9.99990E+02 -9.99990E+02 -9.99990E+02 -9.99990E+02 -9.99990E+02 -9.99990E+02 -9.99990E+02 -9.99990E+02 -9.99990E+02 -9.99990E+02 -9.99990E+02 -9.99990E+02 -9.99990E+02 -9.99990E+02 -9.99990E+02 -9.99990E+02 -9.99990E+02 -9.99990E+02 -9.99990E+02  3.22697E+02  3.20965E+02  3.20621E+02  3.25071E+02  3.29956E+02  3.35673E+02  3.41049E+02  3.43783E+02  3.42227E+02  3.46089E+02  3.53140E+02  3.59164E+02  3.64223E+02  3.68581E+02  3.72070E+02  3.75267E+02  3.78430E+02  3.81073E+02  3.82057E+02  3.81756E+02  3.81089E+02  3.79530E+02  3.76995E+02  3.72642E+02  3.67134E+02  3.60735E+02  3.51921E+02  3.39685E+02  3.38538E+02  3.40731E+02  3.44907E+02  3.48909E+02  3.52936E+02  3.56249E+02  3.58854E+02  3.60708E+02  3.61891E+02  3.62524E+02  3.62140E+02  3.60911E+02  3.59038E+02  3.56481E+02  3.53445E+02  3.49947E+02  3.46797E+02  3.43374E+02 -9.99990E+02 -9.99990E+02 -9.99990E+02
 -9.99990E+02 -9.99990E+02 -9.99990E+02 -9.99990E+02 -9.99990E+02 -9.99990E+02 -9.99990E+02 -9.99990E+02 -9.99990E+02 -9.99990E+02 -9.99990E+02 -9.99990E+02 -9.99990E+02 -9.99990E+02 -9.99990E+02 -9.99990E+02 -9.99990E+02 -9.99990E+02 -9.99990E+02 -9.99990E+02 -9.99990E+02 -9.99990E+02 -9.99990E+02 -9.99990E+02 -9.99990E+02  3.16639E+02  3.16289E+02  3.16993E+02  3.21330E+02  3.26341E+02  3.31320E+02  3.34645E+02  3.34777E+02  3.33830E+02  3.40724E+02  3.47606E+02  3.53398E+02  3.57980E+02  3.61465E+02  3.64701E+02  3.67795E+02  3.70274E+02  3.71446E+02  3.71025E+02  3.70148E+02  3.68194E+02  3.65422E+02  3.61370E+02  3.55997E+02  3.48986E+02  3.40205E+02  3.29459E+02  3.30561E+02  3.34117E+02  3.38653E+02  3.42678E+02  3.46542E+02  3.50097E+02  3.52892E+02  3.54836E+02  3.56271E+02  3.57035E+02  3.56782E+02  3.55620E+02  3.54037E+02  3.52096E+02  3.49663E+02  3.46752E+02  3.44017E+02  3.41008E+02  3.38295E+02 -9.99990E+02 -9.99990E+02
 -9.99990E+02 -9.99990E+02 -9.99990E+02 -9.99990E+02 -9.99990E+02 -9.99990E+02 -9.99990E+02 -9.99990E+02 -9.99990E+02 -9.99990E+02 -9.99990E+02 -9.99990E+02 -9.99990E+02 -9.99990E+02 -9.99990E+02 -9.99990E+02 -9.99990E+02 -9.99990E+02 -9.99990E+02 -9.99990E+02 -9.99990E+02 -9.99990E+02 -9.99990E+02 -9.99990E+02 -9.99990E+02  3.12906E+02  3.12459E+02  3.11640E+02  3.12148E+02  3.15812E+02  3.21668E+02  3.25769E+02  3.27319E+02  3.26447E+02  3.28067E+02  3.36356E+02  3.42920E+02  3.47688E+02  3.51308E+02  3.54449E+02  3.57396E+02  3.59477E+02  3.60284E+02  3.60025E+02  3.58842E+02  3.56710E+02  3.53427E+02  3.49664E+02  3.44539E+02  3.37817E+02  3.29771E+02  3.21394E+02  3.20371E+02  3.26449E+02  3.31890E+02  3.36658E+02  3.40857E+02  3.44623E+02  3.47563E+02  3.49605E+02  3.51038E+02  3.51864E+02  3.52028E+02  3.51189E+02  3.49935E+02  3.48414E+02  3.46470E+02  3.44025E+02  3.41565E+02  3.39026E+02  3.36641E+02  3.34677E+02 -9.99990E+02
 -9.99990E+02 -9.99990E+02 -9.99990E+02 -9.99990E+02 -9.99990E+02 -9.99990E+02 -9.99990E+02 -9.99990E+02 -9.99990E+02 -9.99990E+02 -9.99990E+02 -9.99990E+02 -9.99990E+02 -9.99990E+02 -9.99990E+02 -9.99990E+02 -9.99990E+02 -9.99990E+02 -9.99990E+02 -9.99990E+02 -9.99990E+02 -9.99990E+02 -9.99990E+02 -9.99990E+02 -9.99990E+02  3.09657E+02  3.08904E+02  3.07924E+02  3.07415E+02  3.07166E+02  3.12948E+02  3.16811E+02  3.19373E+02  3.19586E+02  3.18252E+02  3.25960E+02  3.32758E+02  3.37608E+02  3.41126E+02  3.43951E+02  3.46619E+02  3.47951E+02  3.48487E+02  3.48159E+02  3.47229E+02  3.45501E+02  3.41875E+02  3.37377E+02  3.32295E+02  3.25641E+02  3.18727E+02  3.13736E+02  3.11802E+02  3.19645E+02  3.26009E+02  3.30901E+02  3.35248E+02  3.39316E+02  3.42491E+02  3.44695E+02  3.46375E+02  3.47382E+02  3.47829E+02  3.47498E+02  3.46665E+02  3.45407E+02  3.43759E+02  3.41735E+02  3.39487E+02  3.37151E+02  3.35128E+02  3.33626E+02 -9.99990E+02
 -9.99990E+02 -9.99990E+02 -9.99990E+02 -9.99990E+02 -9.99990E+02 -9.99990E+02 -9.99990E+02 -9.99990E+02 -9.99990E+02 -9.99990E+02 -9.99990E+02 -9.99990E+02 -9.99990E+02 -9.99990E+02 -9.99990E+02 -9.99990E+02 -9.99990E+02 -9.99990E+02 -9.99990E+02 -9.99990E+02 -9.99990E+02 -9.99990E+02 -9.99990E+02 -9.99990E+02 -9.99990E+02  3.07508E+02  3.05747E+02  3.04011E+02  3.02582E+02  3.00959E+02  3.04597E+02  3.07810E+02  3.10527E+02  3.10968E+02  3.08933E+02  3.15779E+02  3.21975E+02  3.26583E+02  3.30158E+02  3.32780E+02  3.35013E+02  3.36298E+02  3.36914E+02  3.36859E+02  3.35897E+02  3.33801E+02  3.29920E+02  3.24729E+02  3.19404E+02  3.12648E+02  3.05852E+02  3.03241E+02  3.07753E+02  3.14277E+02  3.20189E+02  3.25269E+02  3.29787E+02  3.33868E+02  3.37393E+02  3.40099E+02  3.42225E+02  3.43603E+02  3.44309E+02  3.44013E+02  3.43307E+02  3.42333E+02  3.41065E+02  3.39446E+02  3.37507E+02  3.35235E+02  3.33125E+02  3.31582E+02  3.29823E+02
 -9.99990E+02 -9.99990E+02 -9.99990E+02 -9.99990E+02 -9.99990E+02 -9.99990E+02 -9.99990E+02 -9.99990E+02 -9.99990E+02 -9.99990E+02 -9.99990E+02 -9.99990E+02 -9.99990E+02 -9.99990E+02 -9.99990E+02 -9.99990E+02 -9.99990E+02 -9.99990E+02 -9.99990E+02 -9.99990E+02 -9.99990E+02 -9.99990E+02 -9.99990E+02 -9.99990E+02 -9.99990E+02 -9.99990E+02  3.02749E+02  3.00038E+02  2.98090E+02  2.95643E+02  2.95983E+02  2.97562E+02  3.01404E+02  3.02073E+02  3.00287E+02  3.05173E+02  3.10512E+02  3.14626E+02  3.18112E+02  3.21031E+02  3.23192E+02  3.24406E+02  3.25338E+02  3.25484E+02  3.24300E+02  3.21788E+02  3.17482E+02  3.12028E+02  3.06179E+02  2.99200E+02  2.98602E+02  3.00480E+02  3.04424E+02  3.09719E+02  3.15188E+02  3.20168E+02  3.24575E+02  3.28476E+02  3.32062E+02  3.35192E+02  3.37837E+02  3.39772E+02  3.40774E+02  3.40780E+02  3.40212E+02  3.39408E+02  3.38418E+02  3.36982E+02  3.35159E+02  3.33019E+02  3.30962E+02  3.29557E+02  3.29100E+02
 -9.99990E+02 -9.99990E+02 -9.99990E+02 -9.99990E+02 -9.99990E+02 -9.99990E+02 -9.99990E+02 -9.99990E+02 -9.99990E+02 -9.99990E+02 -9.99990E+02 -9.99990E+02 -9.99990E+02 -9.99990E+02 -9.99990E+02 -9.99990E+02 -9.99990E+02 -9.99990E+02 -9.99990E+02 -9.99990E+02 -9.99990E+02 -9.99990E+02 -9.99990E+02 -9.99990E+02 -9.99990E+02 -9.99990E+02 -9.99990E+02  2.95095E+02  2.94268E+02  2.92916E+02  2.92231E+02  2.91752E+02  2.91984E+02  2.92820E+02  2.91455E+02  2.92817E+02  2.97477E+02  3.01606E+02  3.05303E+02  3.08698E+02  3.10803E+02  3.12142E+02  3.13125E+02  3.13553E+02  3.12402E+02  3.09350E+02  3.04908E+02  2.99571E+02  2.93266E+02  2.89593E+02  2.92605E+02  2.95742E+02  3.00096E+02  3.05269E+02  3.10386E+02  3.15061E+02  3.19488E+02  3.23235E+02  3.26725E+02  3.30021E+02  3.33077E+02  3.35544E+02  3.36866E+02  3.37327E+02  3.37018E+02  3.36490E+02  3.35728E+02  3.34475E+02  3.32802E+02  3.30698E+02  3.28782E+02  3.27595E+02 -9.99990E+02
 -9.99990E+02 -9.99990E+02 -9.99990E+02 -9.99990E+02 -9.99990E+02 -9.99990E+02 -9.99990E+02 -9.99990E+02 -9.99990E+02 -9.99990E+02 -9.99990E+02 -9.99990E+02 -9.99990E+02 -9.99990E+02 -9.99990E+02 -9.99990E+02 -9.99990E+02 -9.99990E+02 -9.99990E+02 -9.99990E+02 -9.99990E+02 -9.99990E+02 -9.99990E+02 -9.99990E+02 -9.99990E+02 -9.99990E+02 -9.99990E+02  2.91369E+02  2.90673E+02  2.89699E+02  2.88507E+02  2.87094E+02  2.84557E+02  2.84515E+02  2.82653E+02  2.79869E+02  2.84129E+02  2.87849E+02  2.92023E+02  2.95364E+02  2.96788E+02  2.98137E+02  3.00449E+02  3.01120E+02  3.00032E+02  2.97130E+02  2.92938E+02  2.87579E+02  2.80766E+02  2.82641E+02  2.85893E+02  2.90006E+02  2.94874E+02  2.99961E+02  3.04811E+02  3.09583E+02  3.14267E+02  3.18343E+02  3.21975E+02  3.25388E+02  3.28550E+02  3.31211E+02  3.32818E+02  3.33550E+02  3.33826E+02  3.33470E+02  3.32709E+02  3.31851E+02  3.30557E+02  3.28535E+02  3.26689E+02  3.25810E+02 -9.99990E+02
 -9.99990E+02 -9.99990E+02 -9.99990E+02 -9.99990E+02 -9.99990E+02 -9.99990E+02 -9.99990E+02 -9.99990E+02 -9.99990E+02 -9.99990E+02 -9.99990E+02 -9.99990E+02 -9.99990E+02 -9.99990E+02 -9.99990E+02 -9.99990E+02 -9.99990E+02 -9.99990E+02 -9.99990E+02 -9.99990E+02 -9.99990E+02 -9.99990E+02 -9.99990E+02 -9.99990E+02 -9.99990E+02 -9.99990E+02 -9.99990E+02  2.88942E+02  2.87318E+02  2.86442E+02  2.85451E+02  2.83958E+02  2.82024E+02  2.79561E+02  2.78925E+02  2.77675E+02  2.76675E+02  2.73588E+02  2.79115E+02  2.81917E+02  2.83813E+02  2.84254E+02  2.87565E+02  2.89366E+02  2.88863E+02  2.86264E+02  2.82139E+02  2.76711E+02  2.70883E+02  2.74240E+02  2.78415E+02  2.83372E+02  2.88917E+02  2.94198E+02  2.99197E+02  3.04388E+02  3.09372E+02  3.13762E+02  3.17650E+02  3.21147E+02  3.24444E+02  3.27127E+02  3.29110E+02  3.29941E+02  3.30432E+02  3.30449E+02  3.29994E+02  3.29151E+02  3.27825E+02  3.26137E+02  3.24639E+02  3.24522E+02 -9.99990E+02
 -9.99990E+02 -9.99990E+02 -9.99990E+02 -9.99990E+02 -9.99990E+02 -9.99990E+02 -9.99990E+02 -9.99990E+02 -9.99990E+02 -9.99990E+02 -9.99990E+02 -9.99990E+02 -9.99990E+02 -9.99990E+02 -9.99990E+02 -9.99990E+02 -9.99990E+02 -9.99990E+02 -9.99990E+02 -9.99990E+02 -9.99990E+02 -9.99990E+02 -9.99990E+02 -9.99990E+02 -9.99990E+02 -9.99990E+02 -9.99990E+02 -9.99990E+02  2.83886E+02  2.83285E+02  2.82456E+02  2.81316E+02  2.79998E+02  2.78645E+02  2.77855E+02  2.77221E+02  2.76967E+02  2.76969E+02  2.78832E+02  2.80279E+02  2.80752E+02  2.79531E+02  2.76479E+02  2.79529E+02  2.79419E+02  2.76840E+02  2.72369E+02  2.66009E+02  2.60436E+02  2.64568E+02  2.70045E+02  2.76048E+02  2.82254E+02  2.88047E+02  2.93892E+02  2.99819E+02  3.05143E+02  3.09885E+02  3.13654E+02  3.16999E+02  3.20236E+02  3.23069E+02  3.25349E+02  3.26581E+02  3.27418E+02  3.27470E+02  3.26942E+02  3.26074E+02  3.24632E+02  3.23175E+02  3.22015E+02 -9.99990E+02 -9.99990E+02
 -9.99990E+02 -9.99990E+02 -9.99990E+02 -9.99990E+02 -9.99990E+02 -9.99990E+02 -9.99990E+02 -9.99990E+02 -9.99990E+02 -9.99990E+02 -9.99990E+02 -9.99990E+02 -9.99990E+02 -9.99990E+02 -9.99990E+02 -9.99990E+02 -9.99990E+02 -9.99990E+02 -9.99990E+02 -9.99990E+02 -9.99990E+02 -9.99990E+02 -9.99990E+02 -9.99990E+02 -9.99990E+02 -9.99990E+02 -9.99990E+02 -9.99990E+02  2.81930E+02  2.80897E+02  2.80112E+02  2.79379E+02  2.78400E+02  2.77542E+02  2.77008E+02  2.76797E+02  2.77270E+02  2.77499E+02  2.78365E+02  2.78682E+02  2.78256E+02  2.75540E+02  2.69676E+02  2.72182E+02  2.72052E+02  2.69019E+02  2.64119E+02  2.56803E+02  2.45126E+02  2.53276E+02  2.61306E+02  2.68462E+02  2.75360E+02  2.82075E+02  2.88569E+02  2.95027E+02  3.00695E+02  3.05690E+02  3.09772E+02  3.12945E+02  3.16007E+02  3.19007E+02  3.21714E+02  3.23552E+02  3.24694E+02  3.24836E+02  3.24370E+02  3.23426E+02  3.21928E+02  3.20507E+02  3.19432E+02 -9.99990E+02 -9.99990E+02
 -9.99990E+02 -9.99990E+02 -9.99990E+02 -9.99990E+02 -9.99990E+02 -9.99990E+02 -9.99990E+02 -9.99990E+02 -9.99990E+02 -9.99990E+02 -9.99990E+02 -9.99990E+02 -9.99990E+02 -9.99990E+02 -9.99990E+02 -9.99990E+02 -9.99990E+02 -9.99990E+02 -9.99990E+02 -9.99990E+02 -9.99990E+02 -9.99990E+02 -9.99990E+02 -9.99990E+02 -9.99990E+02 -9.99990E+02 -9.99990E+02 -9.99990E+02 -9.99990E+02  2.79182E+02  2.78444E+02  2.77999E+02  2.77257E+02  2.76693E+02  2.76351E+02  2.76078E+02  2.76247E+02  2.76693E+02  2.77200E+02  2.77014E+02  2.76028E+02  2.72818E+02  2.66502E+02  2.66616E+02  2.65673E+02  2.62641E+02  2.57943E+02  2.52546E+02  2.49888E+02  2.49049E+02  2.52510E+02  2.60191E+02  2.68174E+02  2.75695E+02  2.82635E+02  2.89547E+02  2.95737E+02  3.01081E+02  3.05609E+02  3.08950E+02  3.12144E+02  3.15310E+02  3.18268E+02  3.20658E+02  3.21793E+02  3.22246E+02  3.21996E+02  3.21032E+02  3.19488E+02  3.18111E+02  3.17195E+02 -9.99990E+02 -9.99990E+02
 -9.99990E+02 -9.99990E+02 -9.99990E+02 -9.99990E+02 -9.99990E+02 -9.99990E+02 -9.99990E+02 -9.99990E+02 -9.99990E+02 -9.99990E+02 -9.99990E+02 -9.99990E+02 -9.99990E+02 -9.99990E+02 -9.99990E+02 -9.99990E+02 -9.99990E+02 -9.99990E+02 -9.99990E+02 -9.99990E+02 -9.99990E+02 -9.99990E+02 -9.99990E+02 -9.99990E+02 -9.99990E+02 -9.99990E+02 -9.99990E+02 -9.99990E+02 -9.99990E+02 -9.99990E+02  2.77281E+02  2.76997E+02  2.76452E+02  2.76069E+02  2.75838E+02  2.75590E+02  2.75436E+02  2.75329E+02  2.75343E+02  2.75077E+02  2.74352E+02  2.71765E+02  2.67452E+02  2.62728E+02  2.59900E+02  2.57206E+02  2.55537E+02  2.54592E+02  2.53031E+02  2.51459E+02  2.49803E+02  2.51427E+02  2.60966E+02  2.68871E+02  2.76636E+02  2.84280E+02  2.90746E+02  2.96433E+02  3.01420E+02  3.05215E+02  3.08822E+02  3.12228E+02  3.15426E+02  3.18019E+02  3.19192E+02  3.19861E+02  3.20012E+02  3.19355E+02  3.17765E+02  3.16472E+02  3.15582E+02 -9.99990E+02 -9.99990E+02
 -9.99990E+02 -9.99990E+02 -9.99990E+02 -9.99990E+02 -9.99990E+02 -9.99990E+02 -9.99990E+02 -9.99990E+02 -9.99990E+02 -9.99990E+02 -9.99990E+02 -9.99990E+02 -9.99990E+02 -9.99990E+02 -9.99990E+02 -9.99990E+02 -9.99990E+02 -9.99990E+02 -9.99990E+02 -9.99990E+02 -9.99990E+02 -9.99990E+02 -9.99990E+02 -9.99990E+02 -9.99990E+02 -9.99990E+02 -9.99990E+02 -9.99990E+02 -9.99990E+02 -9.99990E+02 -9.99990E+02 -9.99990E+02 -9.99990E+02 -9.99990E+02 -9.99990E+02 -9.99990E+02 -9.99990E+02  2.74328E+02  2.74066E+02  2.73109E+02  2.72223E+02  2.70550E+02  2.67526E+02  2.64275E+02  2.61434E+02  2.59232E+02  2.57798E+02  2.56228E+02  2.54719E+02  2.53153E+02  2.50780E+02  2.47240E+02  2.54327E+02  2.61491E+02  2.70731E+02  2.79152E+02  2.86389E+02  2.92495E+02  2.97719E+02  3.02162E+02  3.06083E+02  3.09695E+02  3.13023E+02  3.15430E+02  3.16650E+02  3.17255E+02  3.17458E+02  3.17206E+02  3.15998E+02  3.15023E+02  3.14413E+02 -9.99990E+02 -9.99990E+02
 -9.99990E+02 -9.99990E+02 -9.99990E+02 -9.99990E+02 -9.99990E+02 -9.99990E+02 -9.99990E+02 -9.99990E+02 -9.99990E+02 -9.99990E+02 -9.99990E+02 -9.99990E+02 -9.99990E+02 -9.99990E+02 -9.99990E+02 -9.99990E+02 -9.99990E+02 -9.99990E+02 -9.99990E+02 -9.99990E+02 -9.99990E+02 -9.99990E+02 -9.99990E+02 -9.99990E+02 -9.99990E+02 -9.99990E+02 -9.99990E+02 -9.99990E+02 -9.99990E+02 -9.99990E+02 -9.99990E+02 -9.99990E+02 -9.99990E+02 -9.99990E+02 -9.99990E+02 -9.99990E+02 -9.99990E+02 -9.99990E+02 -9.99990E+02  2.71462E+02  2.70298E+02  2.68993E+02  2.67269E+02  2.65112E+02  2.62683E+02  2.60795E+02  2.59227E+02  2.57651E+02  2.56066E+02  2.54244E+02  2.51834E+02  2.48357E+02  2.46640E+02  2.50924E+02  2.64680E+02  2.74498E+02  2.82624E+02  2.89437E+02  2.95150E+02  2.99743E+02  3.03779E+02  3.07603E+02  3.10970E+02  3.13064E+02  3.13986E+02  3.14610E+02  3.15164E+02  3.15001E+02  3.14065E+02  3.13395E+02  3.13377E+02 -9.99990E+02 -9.99990E+02
 -9.99990E+02 -9.99990E+02 -9.99990E+02 -9.99990E+02 -9.99990E+02 -9.99990E+02 -9.99990E+02 -9.99990E+02 -9.99990E+02 -9.99990E+02 -9.99990E+02 -9.99990E+02 -9.99990E+02 -9.99990E+02 -9.99990E+02 -9.99990E+02 -9.99990E+02 -9.99990E+02 -9.99990E+02 -9.99990E+02 -9.99990E+02 -9.99990E+02 -9.99990E+02 -9.99990E+02 -9.99990E+02 -9.99990E+02 -9.99990E+02 -9.99990E+02 -9.99990E+02 -9.99990E+02 -9.99990E+02 -9.99990E+02 -9.99990E+02 -9.99990E+02 -9.99990E+02 -9.99990E+02 -9.99990E+02 -9.99990E+02 -9.99990E+02 -9.99990E+02  2.68720E+02  2.67538E+02  2.66164E+02  2.64994E+02  2.63271E+02  2.61512E+02  2.60167E+02  2.58834E+02  2.56980E+02  2.54836E+02  2.52149E+02  2.49160E+02  2.47267E+02  2.49535E+02  2.61263E+02  2.70656E+02  2.78894E+02  2.86206E+02  2.92361E+02  2.97237E+02  3.01509E+02  3.05439E+02  3.08892E+02  3.10704E+02  3.11749E+02  3.12421E+02  3.13030E+02  3.12927E+02  3.12379E+02  3.11940E+02 -9.99990E+02 -9.99990E+02 -9.99990E+02
 -9.99990E+02 -9.99990E+02 -9.99990E+02 -9.99990E+02 -9.99990E+02 -9.99990E+02 -9.99990E+02 -9.99990E+02 -9.99990E+02 -9.99990E+02 -9.99990E+02 -9.99990E+02 -9.99990E+02 -9.99990E+02 -9.99990E+02 -9.99990E+02 -9.99990E+02 -9.99990E+02 -9.99990E+02 -9.99990E+02 -9.99990E+02 -9.99990E+02 -9.99990E+02 -9.99990E+02 -9.99990E+02 -9.99990E+02 -9.99990E+02 -9.99990E+02 -9.99990E+02 -9.99990E+02 -9.99990E+02 -9.99990E+02 -9.99990E+02 -9.99990E+02 -9.99990E+02 -9.99990E+02 -9.99990E+02 -9.99990E+02 -9.99990E+02 -9.99990E+02 -9.99990E+02  2.66471E+02  2.65124E+02  2.64176E+02  2.63017E+02  2.61768E+02  2.60732E+02  2.59562E+02  2.57713E+02  2.55391E+02  2.52152E+02  2.48418E+02  2.43608E+02  2.50722E+02  2.59155E+02  2.67204E+02  2.75104E+02  2.82016E+02  2.88516E+02  2.93963E+02  2.98559E+02  3.02915E+02  3.06282E+02  3.08226E+02  3.09488E+02  3.10566E+02  3.11180E+02  3.11339E+02  3.11039E+02  3.10978E+02 -9.99990E+02 -9.99990E+02 -9.99990E+02
 -9.99990E+02 -9.99990E+02 -9.99990E+02 -9.99990E+02 -9.99990E+02 -9.99990E+02 -9.99990E+02 -9.99990E+02 -9.99990E+02 -9.99990E+02 -9.99990E+02 -9.99990E+02 -9.99990E+02 -9.99990E+02 -9.99990E+02 -9.99990E+02 -9.99990E+02 -9.99990E+02 -9.99990E+02 -9.99990E+02 -9.99990E+02 -9.99990E+02 -9.99990E+02 -9.99990E+02 -9.99990E+02 -9.99990E+02 -9.99990E+02 -9.99990E+02 -9.99990E+02 -9.99990E+02 -9.99990E+02 -9.99990E+02 -9.99990E+02 -9.99990E+02 -9.99990E+02 -9.99990E+02 -9.99990E+02 -9.99990E+02 -9.99990E+02 -9.99990E+02 -9.99990E+02 -9.99990E+02  2.63839E+02  2.62959E+02  2.62294E+02  2.61543E+02  2.60957E+02  2.59961E+02  2.58250E+02  2.55894E+02  2.52336E+02  2.48060E+02  2.42610E+02  2.48859E+02  2.55776E+02  2.62968E+02  2.70213E+02  2.77098E+02  2.83873E+02  2.89723E+02  2.94944E+02  2.99463E+02  3.02902E+02  3.05321E+02  3.07287E+02  3.08417E+02  3.09042E+02  3.09578E+02  3.09909E+02 -9.99990E+02 -9.99990E+02 -9.99990E+02 -9.99990E+02
 -9.99990E+02 -9.99990E+02 -9.99990E+02 -9.99990E+02 -9.99990E+02 -9.99990E+02 -9.99990E+02 -9.99990E+02 -9.99990E+02 -9.99990E+02 -9.99990E+02 -9.99990E+02 -9.99990E+02 -9.99990E+02 -9.99990E+02 -9.99990E+02 -9.99990E+02 -9.99990E+02 -9.99990E+02 -9.99990E+02 -9.99990E+02 -9.99990E+02 -9.99990E+02 -9.99990E+02 -9.99990E+02 -9.99990E+02 -9.99990E+02 -9.99990E+02 -9.99990E+02 -9.99990E+02 -9.99990E+02 -9.99990E+02 -9.99990E+02 -9.99990E+02 -9.99990E+02 -9.99990E+02 -9.99990E+02 -9.99990E+02 -9.99990E+02 -9.99990E+02 -9.99990E+02 -9.99990E+02 -9.99990E+02  2.61521E+02  2.61305E+02  2.61069E+02  2.60750E+02  2.59913E+02  2.58360E+02  2.56257E+02  2.52708E+02  2.48176E+02  2.41966E+02  2.45099E+02  2.50066E+02  2.56780E+02  2.64314E+02  2.71697E+02  2.78831E+02  2.85086E+02  2.90437E+02  2.94824E+02  2.98330E+02  3.01510E+02  3.04358E+02  3.05612E+02  3.06565E+02  3.07710E+02 -9.99990E+02 -9.99990E+02 -9.99990E+02 -9.99990E+02 -9.99990E+02
 -9.99990E+02 -9.99990E+02 -9.99990E+02 -9.99990E+02 -9.99990E+02 -9.99990E+02 -9.99990E+02 -9.99990E+02 -9.99990E+02 -9.99990E+02 -9.99990E+02 -9.99990E+02 -9.99990E+02 -9.99990E+02 -9.99990E+02 -9.99990E+02 -9.99990E+02 -9.99990E+02 -9.99990E+02 -9.99990E+02 -9.99990E+02 -9.99990E+02 -9.99990E+02 -9.99990E+02 -9.99990E+02 -9.99990E+02 -9.99990E+02 -9.99990E+02 -9.99990E+02 -9.99990E+02 -9.99990E+02 -9.99990E+02 -9.99990E+02 -9.99990E+02 -9.99990E+02 -9.99990E+02 -9.99990E+02 -9.99990E+02 -9.99990E+02 -9.99990E+02 -9.99990E+02 -9.99990E+02 -9.99990E+02  2.60708E+02  2.60368E+02  2.60474E+02  2.60456E+02  2.59449E+02  2.58062E+02  2.56065E+02  2.52956E+02  2.48919E+02  2.43960E+02  2.39088E+02  2.40955E+02  2.48026E+02  2.57638E+02  2.66058E+02  2.73479E+02  2.79958E+02  2.85050E+02  2.89443E+02  2.93566E+02  2.97628E+02  3.00787E+02  3.02897E+02  3.04346E+02 -9.99990E+02 -9.99990E+02 -9.99990E+02 -9.99990E+02 -9.99990E+02 -9.99990E+02
 -9.99990E+02 -9.99990E+02 -9.99990E+02 -9.99990E+02 -9.99990E+02 -9.99990E+02 -9.99990E+02 -9.99990E+02 -9.99990E+02 -9.99990E+02 -9.99990E+02 -9.99990E+02 -9.99990E+02 -9.99990E+02 -9.99990E+02 -9.99990E+02 -9.99990E+02 -9.99990E+02 -9.99990E+02 -9.99990E+02 -9.99990E+02 -9.99990E+02 -9.99990E+02 -9.99990E+02 -9.99990E+02 -9.99990E+02 -9.99990E+02 -9.99990E+02 -9.99990E+02 -9.99990E+02 -9.99990E+02 -9.99990E+02 -9.99990E+02 -9.99990E+02 -9.99990E+02 -9.99990E+02 -9.99990E+02 -9.99990E+02 -9.99990E+02 -9.99990E+02 -9.99990E+02 -9.99990E+02 -9.99990E+02 -9.99990E+02  2.59161E+02  2.59446E+02  2.59002E+02  2.58079E+02  2.57088E+02  2.55744E+02  2.53212E+02  2.49688E+02  2.46136E+02  2.42826E+02  2.40739E+02  2.38674E+02  2.50359E+02  2.60053E+02  2.68125E+02  2.74344E+02  2.79313E+02  2.83890E+02  2.88891E+02  2.94919E+02  2.98599E+02  3.00575E+02 -9.99990E+02 -9.99990E+02 -9.99990E+02 -9.99990E+02 -9.99990E+02 -9.99990E+02 -9.99990E+02
 -9.99990E+02 -9.99990E+02 -9.99990E+02 -9.99990E+02 -9.99990E+02 -9.99990E+02 -9.99990E+02 -9.99990E+02 -9.99990E+02 -9.99990E+02 -9.99990E+02 -9.99990E+02 -9.99990E+02 -9.99990E+02 -9.99990E+02 -9.99990E+02 -9.99990E+02 -9.99990E+02 -9.99990E+02 -9.99990E+02 -9.99990E+02 -9.99990E+02 -9.99990E+02 -9.99990E+02 -9.99990E+02 -9.99990E+02 -9.99990E+02 -9.99990E+02 -9.99990E+02 -9.99990E+02 -9.99990E+02 -9.99990E+02 -9.99990E+02 -9.99990E+02 -9.99990E+02 -9.99990E+02 -9.99990E+02 -9.99990E+02 -9.99990E+02 -9.99990E+02 -9.99990E+02 -9.99990E+02 -9.99990E+02 -9.99990E+02  2.57999E+02  2.58077E+02  2.57448E+02  2.56365E+02  2.55440E+02  2.54659E+02  2.52568E+02  2.49520E+02  2.46404E+02  2.43322E+02  2.39729E+02  2.35353E+02  2.43449E+02  2.54298E+02  2.62048E+02  2.68003E+02  2.72970E+02  2.77990E+02  2.83251E+02 -9.99990E+02 -9.99990E+02 -9.99990E+02 -9.99990E+02 -9.99990E+02 -9.99990E+02 -9.99990E+02 -9.99990E+02 -9.99990E+02 -9.99990E+02
 -9.99990E+02 -9.99990E+02 -9.99990E+02 -9.99990E+02 -9.99990E+02 -9.99990E+02 -9.99990E+02 -9.99990E+02 -9.99990E+02 -9.99990E+02 -9.99990E+02 -9.99990E+02 -9.99990E+02 -9.99990E+02 -9.99990E+02 -9.99990E+02 -9.99990E+02 -9.99990E+02 -9.99990E+02 -9.99990E+02 -9.99990E+02 -9.99990E+02 -9.99990E+02 -9.99990E+02 -9.99990E+02 -9.99990E+02 -9.99990E+02 -9.99990E+02 -9.99990E+02 -9.99990E+02 -9.99990E+02 -9.99990E+02 -9.99990E+02 -9.99990E+02 -9.99990E+02 -9.99990E+02 -9.99990E+02 -9.99990E+02 -9.99990E+02 -9.99990E+02 -9.99990E+02 -9.99990E+02 -9.99990E+02 -9.99990E+02  2.57244E+02  2.57224E+02  2.56743E+02  2.55054E+02  2.53977E+02  2.52831E+02  2.50876E+02  2.48521E+02  2.45906E+02  2.42693E+02  2.37968E+02  2.31779E+02  2.40177E+02  2.49005E+02  2.55772E+02  2.61193E+02  2.65908E+02  2.71787E+02 -9.99990E+02 -9.99990E+02 -9.99990E+02 -9.99990E+02 -9.99990E+02 -9.99990E+02 -9.99990E+02 -9.99990E+02 -9.99990E+02 -9.99990E+02 -9.99990E+02
 -9.99990E+02 -9.99990E+02 -9.99990E+02 -9.99990E+02 -9.99990E+02 -9.99990E+02 -9.99990E+02 -9.99990E+02 -9.99990E+02 -9.99990E+02 -9.99990E+02 -9.99990E+02 -9.99990E+02 -9.99990E+02 -9.99990E+02 -9.99990E+02 -9.99990E+02 -9.99990E+02 -9.99990E+02 -9.99990E+02 -9.99990E+02 -9.99990E+02 -9.99990E+02 -9.99990E+02 -9.99990E+02 -9.99990E+02 -9.99990E+02 -9.99990E+02 -9.99990E+02 -9.99990E+02 -9.99990E+02 -9.99990E+02 -9.99990E+02 -9.99990E+02 -9.99990E+02 -9.99990E+02 -9.99990E+02 -9.99990E+02 -9.99990E+02 -9.99990E+02 -9.99990E+02 -9.99990E+02 -9.99990E+02 -9.99990E+02 -9.99990E+02 -9.99990E+02 -9.99990E+02  2.52935E+02  2.52548E+02  2.51440E+02  2.49613E+02  2.47707E+02  2.45277E+02  2.41718E+02  2.36612E+02  2.30033E+02  2.37337E+02  2.44281E+02  2.49493E+02  2.53934E+02  2.57375E+02 -9.99990E+02 -9.99990E+02 -9.99990E+02 -9.99990E+02 -9.99990E+02 -9.99990E+02 -9.99990E+02 -9.99990E+02 -9.99990E+02 -9.99990E+02 -9.99990E+02 -9.99990E+02
 -9.99990E+02 -9.99990E+02 -9.99990E+02 -9.99990E+02 -9.99990E+02 -9.99990E+02 -9.99990E+02 -9.99990E+02 -9.99990E+02 -9.99990E+02 -9.99990E+02 -9.99990E+02 -9.99990E+02 -9.99990E+02 -9.99990E+02 -9.99990E+02 -9.99990E+02 -9.99990E+02 -9.99990E+02 -9.99990E+02 -9.99990E+02 -9.99990E+02 -9.99990E+02 -9.99990E+02 -9.99990E+02 -9.99990E+02 -9.99990E+02 -9.99990E+02 -9.99990E+02 -9.99990E+02 -9.99990E+02 -9.99990E+02 -9.99990E+02 -9.99990E+02 -9.99990E+02 -9.99990E+02 -9.99990E+02 -9.99990E+02 -9.99990E+02 -9.99990E+02 -9.99990E+02 -9.99990E+02 -9.99990E+02 -9.99990E+02 -9.99990E+02 -9.99990E+02 -9.99990E+02  2.51868E+02  2.51877E+02  2.50760E+02  2.49010E+02  2.47616E+02  2.44911E+02  2.40947E+02  2.35271E+02  2.28012E+02  2.34028E+02  2.39514E+02  2.43521E+02  2.47198E+02  2.52197E+02 -9.99990E+02 -9.99990E+02 -9.99990E+02 -9.99990E+02 -9.99990E+02 -9.99990E+02 -9.99990E+02 -9.99990E+02 -9.99990E+02 -9.99990E+02 -9.99990E+02 -9.99990E+02
 -9.99990E+02 -9.99990E+02 -9.99990E+02 -9.99990E+02 -9.99990E+02 -9.99990E+02 -9.99990E+02 -9.99990E+02 -9.99990E+02 -9.99990E+02 -9.99990E+02 -9.99990E+02 -9.99990E+02 -9.99990E+02 -9.99990E+02 -9.99990E+02 -9.99990E+02 -9.99990E+02 -9.99990E+02 -9.99990E+02 -9.99990E+02 -9.99990E+02 -9.99990E+02 -9.99990E+02 -9.99990E+02 -9.99990E+02 -9.99990E+02 -9.99990E+02 -9.99990E+02 -9.99990E+02 -9.99990E+02 -9.99990E+02 -9.99990E+02 -9.99990E+02 -9.99990E+02 -9.99990E+02 -9.99990E+02 -9.99990E+02 -9.99990E+02 -9.99990E+02 -9.99990E+02 -9.99990E+02 -9.99990E+02 -9.99990E+02 -9.99990E+02 -9.99990E+02 -9.99990E+02  2.50738E+02  2.50993E+02  2.50230E+02  2.48730E+02  2.47172E+02  2.44267E+02  2.39759E+02  2.33694E+02  2.26144E+02  2.30110E+02  2.33834E+02  2.36738E+02  2.38663E+02 -9.99990E+02 -9.99990E+02 -9.99990E+02 -9.99990E+02 -9.99990E+02 -9.99990E+02 -9.99990E+02 -9.99990E+02 -9.99990E+02 -9.99990E+02 -9.99990E+02 -9.99990E+02 -9.99990E+02
 -9.99990E+02 -9.99990E+02 -9.99990E+02 -9.99990E+02 -9.99990E+02 -9.99990E+02 -9.99990E+02 -9.99990E+02 -9.99990E+02 -9.99990E+02 -9.99990E+02 -9.99990E+02 -9.99990E+02 -9.99990E+02 -9.99990E+02 -9.99990E+02 -9.99990E+02 -9.99990E+02 -9.99990E+02 -9.99990E+02 -9.99990E+02 -9.99990E+02 -9.99990E+02 -9.99990E+02 -9.99990E+02 -9.99990E+02 -9.99990E+02 -9.99990E+02 -9.99990E+02 -9.99990E+02 -9.99990E+02 -9.99990E+02 -9.99990E+02 -9.99990E+02 -9.99990E+02 -9.99990E+02 -9.99990E+02 -9.99990E+02 -9.99990E+02 -9.99990E+02 -9.99990E+02 -9.99990E+02 -9.99990E+02 -9.99990E+02 -9.99990E+02 -9.99990E+02 -9.99990E+02  2.49383E+02  2.49562E+02  2.49004E+02  2.47901E+02  2.46383E+02  2.42747E+02  2.37903E+02  2.32077E+02  2.24958E+02  2.25447E+02  2.28141E+02  2.30442E+02  2.31782E+02 -9.99990E+02 -9.99990E+02 -9.99990E+02 -9.99990E+02 -9.99990E+02 -9.99990E+02 -9.99990E+02 -9.99990E+02 -9.99990E+02 -9.99990E+02 -9.99990E+02 -9.99990E+02 -9.99990E+02
 -9.99990E+02 -9.99990E+02 -9.99990E+02 -9.99990E+02 -9.99990E+02 -9.99990E+02 -9.99990E+02 -9.99990E+02 -9.99990E+02 -9.99990E+02 -9.99990E+02 -9.99990E+02 -9.99990E+02 -9.99990E+02 -9.99990E+02 -9.99990E+02 -9.99990E+02 -9.99990E+02 -9.99990E+02 -9.99990E+02 -9.99990E+02 -9.99990E+02 -9.99990E+02 -9.99990E+02 -9.99990E+02 -9.99990E+02 -9.99990E+02 -9.99990E+02 -9.99990E+02 -9.99990E+02 -9.99990E+02 -9.99990E+02 -9.99990E+02 -9.99990E+02 -9.99990E+02 -9.99990E+02 -9.99990E+02 -9.99990E+02 -9.99990E+02 -9.99990E+02 -9.99990E+02 -9.99990E+02 -9.99990E+02 -9.99990E+02 -9.99990E+02 -9.99990E+02 -9.99990E+02  2.48184E+02  2.48175E+02  2.47385E+02  2.46151E+02  2.43881E+02  2.40412E+02  2.36093E+02  2.30782E+02  2.25222E+02  2.20200E+02  2.22493E+02  2.24603E+02  2.25845E+02 -9.99990E+02 -9.99990E+02 -9.99990E+02 -9.99990E+02 -9.99990E+02 -9.99990E+02 -9.99990E+02 -9.99990E+02 -9.99990E+02 -9.99990E+02 -9.99990E+02 -9.99990E+02 -9.99990E+02
 -9.99990E+02 -9.99990E+02 -9.99990E+02 -9.99990E+02 -9.99990E+02 -9.99990E+02 -9.99990E+02 -9.99990E+02 -9.99990E+02 -9.99990E+02 -9.99990E+02 -9.99990E+02 -9.99990E+02 -9.99990E+02 -9.99990E+02 -9.99990E+02 -9.99990E+02 -9.99990E+02 -9.99990E+02 -9.99990E+02 -9.99990E+02 -9.99990E+02 -9.99990E+02 -9.99990E+02 -9.99990E+02 -9.99990E+02 -9.99990E+02 -9.99990E+02 -9.99990E+02 -9.99990E+02 -9.99990E+02 -9.99990E+02 -9.99990E+02 -9.99990E+02 -9.99990E+02 -9.99990E+02 -9.99990E+02 -9.99990E+02 -9.99990E+02 -9.99990E+02 -9.99990E+02 -9.99990E+02 -9.99990E+02 -9.99990E+02 -9.99990E+02 -9.99990E+02 -9.99990E+02  2.46931E+02  2.46193E+02  2.45296E+02  2.43691E+02  2.40902E+02  2.37444E+02  2.33134E+02  2.28480E+02  2.23643E+02  2.19150E+02  2.17220E+02  2.19903E+02  2.20924E+02  2.19659E+02 -9.99990E+02 -9.99990E+02 -9.99990E+02 -9.99990E+02 -9.99990E+02 -9.99990E+02 -9.99990E+02 -9.99990E+02 -9.99990E+02 -9.99990E+02 -9.99990E+02 -9.99990E+02
 -9.99990E+02 -9.99990E+02 -9.99990E+02 -9.99990E+02 -9.99990E+02 -9.99990E+02 -9.99990E+02 -9.99990E+02 -9.99990E+02 -9.99990E+02 -9.99990E+02 -9.99990E+02 -9.99990E+02 -9.99990E+02 -9.99990E+02 -9.99990E+02 -9.99990E+02 -9.99990E+02 -9.99990E+02 -9.99990E+02 -9.99990E+02 -9.99990E+02 -9.99990E+02 -9.99990E+02 -9.99990E+02 -9.99990E+02 -9.99990E+02 -9.99990E+02 -9.99990E+02 -9.99990E+02 -9.99990E+02 -9.99990E+02 -9.99990E+02 -9.99990E+02 -9.99990E+02 -9.99990E+02 -9.99990E+02 -9.99990E+02 -9.99990E+02 -9.99990E+02 -9.99990E+02 -9.99990E+02 -9.99990E+02 -9.99990E+02 -9.99990E+02 -9.99990E+02 -9.99990E+02 -9.99990E+02  2.43170E+02  2.42409E+02  2.40319E+02  2.37218E+02  2.33078E+02  2.28589E+02  2.24369E+02  2.20427E+02  2.17157E+02  2.14542E+02  2.17089E+02  2.18418E+02  2.18821E+02 -9.99990E+02 -9.99990E+02 -9.99990E+02 -9.99990E+02 -9.99990E+02 -9.99990E+02 -9.99990E+02 -9.99990E+02 -9.99990E+02 -9.99990E+02 -9.99990E+02 -9.99990E+02
 -9.99990E+02 -9.99990E+02 -9.99990E+02 -9.99990E+02 -9.99990E+02 -9.99990E+02 -9.99990E+02 -9.99990E+02 -9.99990E+02 -9.99990E+02 -9.99990E+02 -9.99990E+02 -9.99990E+02 -9.99990E+02 -9.99990E+02 -9.99990E+02 -9.99990E+02 -9.99990E+02 -9.99990E+02 -9.99990E+02 -9.99990E+02 -9.99990E+02 -9.99990E+02 -9.99990E+02 -9.99990E+02 -9.99990E+02 -9.99990E+02 -9.99990E+02 -9.99990E+02 -9.99990E+02 -9.99990E+02 -9.99990E+02 -9.99990E+02 -9.99990E+02 -9.99990E+02 -9.99990E+02 -9.99990E+02 -9.99990E+02 -9.99990E+02 -9.99990E+02 -9.99990E+02 -9.99990E+02 -9.99990E+02 -9.99990E+02 -9.99990E+02 -9.99990E+02 -9.99990E+02  2.37519E+02  2.39772E+02  2.39479E+02  2.37133E+02  2.33359E+02  2.28271E+02  2.22888E+02  2.19023E+02  2.16500E+02  2.14707E+02  2.13080E+02  2.15447E+02  2.16671E+02 -9.99990E+02 -9.99990E+02 -9.99990E+02 -9.99990E+02 -9.99990E+02 -9.99990E+02 -9.99990E+02 -9.99990E+02 -9.99990E+02 -9.99990E+02 -9.99990E+02 -9.99990E+02 -9.99990E+02
 -9.99990E+02 -9.99990E+02 -9.99990E+02 -9.99990E+02 -9.99990E+02 -9.99990E+02 -9.99990E+02 -9.99990E+02 -9.99990E+02 -9.99990E+02 -9.99990E+02 -9.99990E+02 -9.99990E+02 -9.99990E+02 -9.99990E+02 -9.99990E+02 -9.99990E+02 -9.99990E+02 -9.99990E+02 -9.99990E+02 -9.99990E+02 -9.99990E+02 -9.99990E+02 -9.99990E+02 -9.99990E+02 -9.99990E+02 -9.99990E+02 -9.99990E+02 -9.99990E+02 -9.99990E+02 -9.99990E+02 -9.99990E+02 -9.99990E+02 -9.99990E+02 -9.99990E+02 -9.99990E+02 -9.99990E+02 -9.99990E+02 -9.99990E+02 -9.99990E+02 -9.99990E+02 -9.99990E+02 -9.99990E+02 -9.99990E+02 -9.99990E+02 -9.99990E+02 -9.99990E+02  2.36294E+02  2.37406E+02  2.36948E+02  2.34241E+02  2.29462E+02  2.23566E+02  2.15525E+02  2.12653E+02  2.12182E+02  2.12275E+02  2.13029E+02  2.15000E+02  2.15995E+02 -9.99990E+02 -9.99990E+02 -9.99990E+02 -9.99990E+02 -9.99990E+02 -9.99990E+02 -9.99990E+02 -9.99990E+02 -9.99990E+02 -9.99990E+02 -9.99990E+02 -9.99990E+02 -9.99990E+02
 -9.99990E+02 -9.99990E+02 -9.99990E+02 -9.99990E+02 -9.99990E+02 -9.99990E+02 -9.99990E+02 -9.99990E+02 -9.99990E+02 -9.99990E+02 -9.99990E+02 -9.99990E+02 -9.99990E+02 -9.99990E+02 -9.99990E+02 -9.99990E+02 -9.99990E+02 -9.99990E+02 -9.99990E+02 -9.99990E+02 -9.99990E+02 -9.99990E+02 -9.99990E+02 -9.99990E+02 -9.99990E+02 -9.99990E+02 -9.99990E+02 -9.99990E+02 -9.99990E+02 -9.99990E+02 -9.99990E+02 -9.99990E+02 -9.99990E+02 -9.99990E+02 -9.99990E+02 -9.99990E+02 -9.99990E+02 -9.99990E+02 -9.99990E+02 -9.99990E+02 -9.99990E+02 -9.99990E+02 -9.99990E+02 -9.99990E+02 -9.99990E+02 -9.99990E+02 -9.99990E+02  2.34303E+02  2.35027E+02  2.34565E+02  2.31572E+02  2.26462E+02  2.20616E+02  2.13595E+02  2.12870E+02  2.13312E+02  2.14105E+02  2.14817E+02  2.15590E+02  2.16124E+02  2.16355E+02  2.16489E+02  2.16363E+02 -9.99990E+02 -9.99990E+02 -9.99990E+02 -9.99990E+02 -9.99990E+02 -9.99990E+02 -9.99990E+02 -9.99990E+02 -9.99990E+02 -9.99990E+02
 -9.99990E+02 -9.99990E+02 -9.99990E+02 -9.99990E+02 -9.99990E+02 -9.99990E+02 -9.99990E+02 -9.99990E+02 -9.99990E+02 -9.99990E+02 -9.99990E+02 -9.99990E+02 -9.99990E+02 -9.99990E+02 -9.99990E+02 -9.99990E+02 -9.99990E+02 -9.99990E+02 -9.99990E+02 -9.99990E+02 -9.99990E+02 -9.99990E+02 -9.99990E+02 -9.99990E+02 -9.99990E+02 -9.99990E+02 -9.99990E+02 -9.99990E+02 -9.99990E+02 -9.99990E+02 -9.99990E+02 -9.99990E+02 -9.99990E+02 -9.99990E+02 -9.99990E+02 -9.99990E+02 -9.99990E+02 -9.99990E+02 -9.99990E+02 -9.99990E+02 -9.99990E+02 -9.99990E+02 -9.99990E+02 -9.99990E+02 -9.99990E+02 -9.99990E+02 -9.99990E+02  2.32432E+02  2.32949E+02  2.32402E+02  2.29373E+02  2.24272E+02  2.18390E+02  2.12915E+02  2.11654E+02  2.13672E+02  2.15191E+02  2.15859E+02  2.16210E+02  2.16681E+02  2.16917E+02  2.17061E+02  2.16769E+02  2.16530E+02 -9.99990E+02 -9.99990E+02 -9.99990E+02 -9.99990E+02 -9.99990E+02 -9.99990E+02 -9.99990E+02 -9.99990E+02 -9.99990E+02
 -9.99990E+02 -9.99990E+02 -9.99990E+02 -9.99990E+02 -9.99990E+02 -9.99990E+02 -9.99990E+02 -9.99990E+02 -9.99990E+02 -9.99990E+02 -9.99990E+02 -9.99990E+02 -9.99990E+02 -9.99990E+02 -9.99990E+02 -9.99990E+02 -9.99990E+02 -9.99990E+02 -9.99990E+02 -9.99990E+02 -9.99990E+02 -9.99990E+02 -9.99990E+02 -9.99990E+02 -9.99990E+02 -9.99990E+02 -9.99990E+02 -9.99990E+02 -9.99990E+02 -9.99990E+02 -9.99990E+02 -9.99990E+02 -9.99990E+02 -9.99990E+02 -9.99990E+02 -9.99990E+02 -9.99990E+02 -9.99990E+02 -9.99990E+02 -9.99990E+02 -9.99990E+02 -9.99990E+02 -9.99990E+02 -9.99990E+02 -9.99990E+02 -9.99990E+02  2.29432E+02  2.30518E+02  2.30925E+02  2.30230E+02  2.26923E+02  2.21827E+02  2.15510E+02  2.10675E+02  2.11064E+02  2.13697E+02  2.15454E+02  2.16321E+02  2.16569E+02  2.17167E+02  2.17283E+02  2.17193E+02  2.16978E+02  2.16655E+02 -9.99990E+02 -9.99990E+02 -9.99990E+02 -9.99990E+02 -9.99990E+02 -9.99990E+02 -9.99990E+02 -9.99990E+02 -9.99990E+02
 -9.99990E+02 -9.99990E+02 -9.99990E+02 -9.99990E+02 -9.99990E+02 -9.99990E+02 -9.99990E+02 -9.99990E+02 -9.99990E+02 -9.99990E+02 -9.99990E+02 -9.99990E+02 -9.99990E+02 -9.99990E+02 -9.99990E+02 -9.99990E+02 -9.99990E+02 -9.99990E+02 -9.99990E+02 -9.99990E+02 -9.99990E+02 -9.99990E+02 -9.99990E+02 -9.99990E+02 -9.99990E+02 -9.99990E+02 -9.99990E+02 -9.99990E+02 -9.99990E+02 -9.99990E+02 -9.99990E+02 -9.99990E+02 -9.99990E+02 -9.99990E+02 -9.99990E+02 -9.99990E+02 -9.99990E+02 -9.99990E+02 -9.99990E+02 -9.99990E+02 -9.99990E+02 -9.99990E+02 -9.99990E+02 -9.99990E+02 -9.99990E+02 -9.99990E+02 -9.99990E+02  2.29293E+02  2.29645E+02  2.28845E+02  2.25328E+02  2.19600E+02  2.10912E+02  2.09588E+02  2.10570E+02  2.12741E+02  2.14700E+02  2.15928E+02  2.16696E+02  2.17455E+02  2.17433E+02  2.17198E+02  2.17049E+02  2.16525E+02  2.15941E+02  2.15537E+02 -9.99990E+02 -9.99990E+02 -9.99990E+02 -9.99990E+02 -9.99990E+02 -9.99990E+02 -9.99990E+02
 -9.99990E+02 -9.99990E+02 -9.99990E+02 -9.99990E+02 -9.99990E+02 -9.99990E+02 -9.99990E+02 -9.99990E+02 -9.99990E+02 -9.99990E+02 -9.99990E+02 -9.99990E+02 -9.99990E+02 -9.99990E+02 -9.99990E+02 -9.99990E+02 -9.99990E+02 -9.99990E+02 -9.99990E+02 -9.99990E+02 -9.99990E+02 -9.99990E+02 -9.99990E+02 -9.99990E+02 -9.99990E+02 -9.99990E+02 -9.99990E+02 -9.99990E+02 -9.99990E+02 -9.99990E+02 -9.99990E+02 -9.99990E+02 -9.99990E+02 -9.99990E+02 -9.99990E+02 -9.99990E+02 -9.99990E+02 -9.99990E+02 -9.99990E+02 -9.99990E+02 -9.99990E+02 -9.99990E+02 -9.99990E+02 -9.99990E+02 -9.99990E+02 -9.99990E+02 -9.99990E+02  2.28241E+02  2.28478E+02  2.27368E+02  2.24199E+02  2.19061E+02  2.11884E+02  2.08272E+02  2.08242E+02  2.10954E+02  2.13323E+02  2.14773E+02  2.16424E+02  2.17320E+02  2.17227E+02  2.16909E+02  2.16596E+02  2.16288E+02  2.15919E+02  2.15521E+02 -9.99990E+02 -9.99990E+02 -9.99990E+02 -9.99990E+02 -9.99990E+02 -9.99990E+02 -9.99990E+02
 -9.99990E+02 -9.99990E+02 -9.99990E+02 -9.99990E+02 -9.99990E+02 -9.99990E+02 -9.99990E+02 -9.99990E+02 -9.99990E+02 -9.99990E+02 -9.99990E+02 -9.99990E+02 -9.99990E+02 -9.99990E+02 -9.99990E+02 -9.99990E+02 -9.99990E+02 -9.99990E+02 -9.99990E+02 -9.99990E+02 -9.99990E+02 -9.99990E+02 -9.99990E+02 -9.99990E+02 -9.99990E+02 -9.99990E+02 -9.99990E+02 -9.99990E+02 -9.99990E+02 -9.99990E+02 -9.99990E+02 -9.99990E+02 -9.99990E+02 -9.99990E+02 -9.99990E+02 -9.99990E+02 -9.99990E+02 -9.99990E+02 -9.99990E+02 -9.99990E+02 -9.99990E+02 -9.99990E+02 -9.99990E+02 -9.99990E+02 -9.99990E+02 -9.99990E+02  2.27405E+02  2.27563E+02  2.27304E+02  2.26497E+02  2.23823E+02  2.19655E+02  2.14610E+02  2.10509E+02  2.07896E+02  2.08081E+02  2.11003E+02  2.13338E+02  2.15298E+02  2.16521E+02  2.16663E+02  2.16511E+02  2.16143E+02  2.15809E+02  2.15629E+02 -9.99990E+02 -9.99990E+02 -9.99990E+02 -9.99990E+02 -9.99990E+02 -9.99990E+02 -9.99990E+02 -9.99990E+02
 -9.99990E+02 -9.99990E+02 -9.99990E+02 -9.99990E+02 -9.99990E+02 -9.99990E+02 -9.99990E+02 -9.99990E+02 -9.99990E+02 -9.99990E+02 -9.99990E+02 -9.99990E+02 -9.99990E+02 -9.99990E+02 -9.99990E+02 -9.99990E+02 -9.99990E+02 -9.99990E+02 -9.99990E+02 -9.99990E+02 -9.99990E+02 -9.99990E+02 -9.99990E+02 -9.99990E+02 -9.99990E+02 -9.99990E+02 -9.99990E+02 -9.99990E+02 -9.99990E+02 -9.99990E+02 -9.99990E+02 -9.99990E+02 -9.99990E+02 -9.99990E+02 -9.99990E+02 -9.99990E+02 -9.99990E+02 -9.99990E+02 -9.99990E+02 -9.99990E+02 -9.99990E+02 -9.99990E+02 -9.99990E+02 -9.99990E+02 -9.99990E+02  2.27581E+02  2.27533E+02  2.27571E+02  2.26814E+02  2.26103E+02  2.23590E+02  2.19515E+02  2.15673E+02  2.11208E+02  2.07944E+02  2.05843E+02  2.09100E+02  2.11909E+02  2.14024E+02  2.15316E+02  2.15921E+02  2.16097E+02  2.15884E+02  2.15598E+02  2.15362E+02 -9.99990E+02 -9.99990E+02 -9.99990E+02 -9.99990E+02 -9.99990E+02 -9.99990E+02 -9.99990E+02 -9.99990E+02
 -9.99990E+02 -9.99990E+02 -9.99990E+02 -9.99990E+02 -9.99990E+02 -9.99990E+02 -9.99990E+02 -9.99990E+02 -9.99990E+02 -9.99990E+02 -9.99990E+02 -9.99990E+02 -9.99990E+02 -9.99990E+02 -9.99990E+02 -9.99990E+02 -9.99990E+02 -9.99990E+02 -9.99990E+02 -9.99990E+02 -9.99990E+02 -9.99990E+02 -9.99990E+02 -9.99990E+02 -9.99990E+02 -9.99990E+02 -9.99990E+02 -9.99990E+02 -9.99990E+02 -9.99990E+02 -9.99990E+02 -9.99990E+02 -9.99990E+02 -9.99990E+02 -9.99990E+02 -9.99990E+02 -9.99990E+02 -9.99990E+02 -9.99990E+02 -9.99990E+02 -9.99990E+02 -9.99990E+02 -9.99990E+02 -9.99990E+02 -9.99990E+02  2.28101E+02  2.28283E+02  2.28079E+02  2.26854E+02  2.25771E+02  2.23109E+02  2.19187E+02  2.15301E+02  2.10774E+02  2.07121E+02  2.04203E+02  2.07509E+02  2.10491E+02  2.12794E+02  2.14187E+02  2.15002E+02  2.15391E+02  2.15467E+02  2.15343E+02  2.15116E+02  2.14707E+02 -9.99990E+02 -9.99990E+02 -9.99990E+02 -9.99990E+02 -9.99990E+02 -9.99990E+02 -9.99990E+02
 -9.99990E+02 -9.99990E+02 -9.99990E+02 -9.99990E+02 -9.99990E+02 -9.99990E+02 -9.99990E+02 -9.99990E+02 -9.99990E+02 -9.99990E+02 -9.99990E+02 -9.99990E+02 -9.99990E+02 -9.99990E+02 -9.99990E+02 -9.99990E+02 -9.99990E+02 -9.99990E+02 -9.99990E+02 -9.99990E+02 -9.99990E+02 -9.99990E+02 -9.99990E+02 -9.99990E+02 -9.99990E+02 -9.99990E+02 -9.99990E+02 -9.99990E+02 -9.99990E+02 -9.99990E+02 -9.99990E+02 -9.99990E+02 -9.99990E+02 -9.99990E+02 -9.99990E+02 -9.99990E+02 -9.99990E+02 -9.99990E+02 -9.99990E+02 -9.99990E+02 -9.99990E+02 -9.99990E+02 -9.99990E+02  2.29693E+02  2.29692E+02  2.29556E+02  2.29714E+02  2.29222E+02  2.27673E+02  2.25522E+02  2.21931E+02  2.17856E+02  2.13541E+02  2.09540E+02  2.05897E+02  2.03126E+02  2.06340E+02  2.09107E+02  2.11280E+02  2.12942E+02  2.13956E+02  2.14571E+02  2.14877E+02  2.14882E+02  2.14866E+02 -9.99990E+02 -9.99990E+02 -9.99990E+02 -9.99990E+02 -9.99990E+02 -9.99990E+02 -9.99990E+02 -9.99990E+02
 -9.99990E+02 -9.99990E+02 -9.99990E+02 -9.99990E+02 -9.99990E+02 -9.99990E+02 -9.99990E+02 -9.99990E+02 -9.99990E+02 -9.99990E+02 -9.99990E+02 -9.99990E+02 -9.99990E+02 -9.99990E+02 -9.99990E+02 -9.99990E+02 -9.99990E+02 -9.99990E+02 -9.99990E+02 -9.99990E+02 -9.99990E+02 -9.99990E+02 -9.99990E+02 -9.99990E+02 -9.99990E+02 -9.99990E+02 -9.99990E+02 -9.99990E+02 -9.99990E+02 -9.99990E+02 -9.99990E+02 -9.99990E+02 -9.99990E+02 -9.99990E+02 -9.99990E+02 -9.99990E+02 -9.99990E+02 -9.99990E+02 -9.99990E+02 -9.99990E+02 -9.99990E+02 -9.99990E+02 -9.99990E+02  2.30543E+02  2.30384E+02  2.29965E+02  2.29852E+02  2.29321E+02  2.27490E+02  2.24227E+02  2.19992E+02  2.15514E+02  2.11218E+02  2.07181E+02  2.03901E+02  2.02001E+02  2.05412E+02  2.08014E+02  2.09961E+02  2.11530E+02  2.12836E+02  2.13951E+02  2.14331E+02  2.14413E+02 -9.99990E+02 -9.99990E+02 -9.99990E+02 -9.99990E+02 -9.99990E+02 -9.99990E+02 -9.99990E+02 -9.99990E+02 -9.99990E+02
 -9.99990E+02 -9.99990E+02 -9.99990E+02 -9.99990E+02 -9.99990E+02 -9.99990E+02 -9.99990E+02 -9.99990E+02 -9.99990E+02 -9.99990E+02 -9.99990E+02 -9.99990E+02 -9.99990E+02 -9.99990E+02 -9.99990E+02 -9.99990E+02 -9.99990E+02 -9.99990E+02 -9.99990E+02 -9.99990E+02 -9.99990E+02 -9.99990E+02 -9.99990E+02 -9.99990E+02 -9.99990E+02 -9.99990E+02 -9.99990E+02 -9.99990E+02 -9.99990E+02 -9.99990E+02 -9.99990E+02 -9.99990E+02 -9.99990E+02 -9.99990E+02 -9.99990E+02 -9.99990E+02 -9.99990E+02 -9.99990E+02 -9.99990E+02 -9.99990E+02 -9.99990E+02 -9.99990E+02 -9.99990E+02  2.31479E+02  2.31048E+02  2.30031E+02  2.29338E+02  2.28476E+02  2.26275E+02  2.22797E+02  2.17584E+02  2.12532E+02  2.07511E+02  2.03270E+02  2.00582E+02  2.01616E+02  2.04620E+02  2.06930E+02  2.08442E+02  2.09583E+02  2.11256E+02 -9.99990E+02 -9.99990E+02 -9.99990E+02 -9.99990E+02 -9.99990E+02 -9.99990E+02 -9.99990E+02 -9.99990E+02 -9.99990E+02 -9.99990E+02 -9.99990E+02 -9.99990E+02
 -9.99990E+02 -9.99990E+02 -9.99990E+02 -9.99990E+02 -9.99990E+02 -9.99990E+02 -9.99990E+02 -9.99990E+02 -9.99990E+02 -9.99990E+02 -9.99990E+02 -9.99990E+02 -9.99990E+02 -9.99990E+02 -9.99990E+02 -9.99990E+02 -9.99990E+02 -9.99990E+02 -9.99990E+02 -9.99990E+02 -9.99990E+02 -9.99990E+02 -9.99990E+02 -9.99990E+02 -9.99990E+02 -9.99990E+02 -9.99990E+02 -9.99990E+02 -9.99990E+02 -9.99990E+02 -9.99990E+02 -9.99990E+02 -9.99990E+02 -9.99990E+02 -9.99990E+02 -9.99990E+02 -9.99990E+02 -9.99990E+02 -9.99990E+02 -9.99990E+02 -9.99990E+02 -9.99990E+02 -9.99990E+02  2.31135E+02  2.30168E+02  2.28980E+02  2.27969E+02  2.26860E+02  2.24348E+02  2.20389E+02  2.14952E+02  2.09558E+02  2.02709E+02  1.99118E+02  1.99445E+02  2.00924E+02  2.03208E+02  2.04949E+02  2.06136E+02  2.06616E+02 -9.99990E+02 -9.99990E+02 -9.99990E+02 -9.99990E+02 -9.99990E+02 -9.99990E+02 -9.99990E+02 -9.99990E+02 -9.99990E+02 -9.99990E+02 -9.99990E+02 -9.99990E+02 -9.99990E+02
 -9.99990E+02 -9.99990E+02 -9.99990E+02 -9.99990E+02 -9.99990E+02 -9.99990E+02 -9.99990E+02 -9.99990E+02 -9.99990E+02 -9.99990E+02 -9.99990E+02 -9.99990E+02 -9.99990E+02 -9.99990E+02 -9.99990E+02 -9.99990E+02 -9.99990E+02 -9.99990E+02 -9.99990E+02 -9.99990E+02 -9.99990E+02 -9.99990E+02 -9.99990E+02 -9.99990E+02 -9.99990E+02 -9.99990E+02 -9.99990E+02 -9.99990E+02 -9.99990E+02 -9.99990E+02 -9.99990E+02 -9.99990E+02 -9.99990E+02 -9.99990E+02 -9.99990E+02 -9.99990E+02 -9.99990E+02 -9.99990E+02 -9.99990E+02 -9.99990E+02 -9.99990E+02 -9.99990E+02 -9.99990E+02 -9.99990E+02  2.27168E+02  2.26256E+02  2.25341E+02  2.23861E+02  2.21032E+02  2.17218E+02  2.12592E+02  2.07964E+02  2.02070E+02  1.99387E+02  1.98972E+02  1.99660E+02  2.01289E+02  2.02807E+02  2.03834E+02  2.03947E+02 -9.99990E+02 -9.99990E+02 -9.99990E+02 -9.99990E+02 -9.99990E+02 -9.99990E+02 -9.99990E+02 -9.99990E+02 -9.99990E+02 -9.99990E+02 -9.99990E+02 -9.99990E+02 -9.99990E+02
 -9.99990E+02 -9.99990E+02 -9.99990E+02 -9.99990E+02 -9.99990E+02 -9.99990E+02 -9.99990E+02 -9.99990E+02 -9.99990E+02 -9.99990E+02 -9.99990E+02 -9.99990E+02 -9.99990E+02 -9.99990E+02 -9.99990E+02 -9.99990E+02 -9.99990E+02 -9.99990E+02 -9.99990E+02 -9.99990E+02 -9.99990E+02 -9.99990E+02 -9.99990E+02 -9.99990E+02 -9.99990E+02 -9.99990E+02 -9.99990E+02 -9.99990E+02 -9.99990E+02 -9.99990E+02 -9.99990E+02 -9.99990E+02 -9.99990E+02 -9.99990E+02 -9.99990E+02 -9.99990E+02 -9.99990E+02 -9.99990E+02 -9.99990E+02 -9.99990E+02 -9.99990E+02 -9.99990E+02 -9.99990E+02 -9.99990E+02  2.24342E+02  2.22506E+02  2.21445E+02  2.19817E+02  2.17029E+02  2.13998E+02  2.10414E+02  2.06863E+02  2.02848E+02  1.98335E+02  1.97577E+02  1.97607E+02  1.98526E+02  2.00335E+02  2.01335E+02  2.01684E+02 -9.99990E+02 -9.99990E+02 -9.99990E+02 -9.99990E+02 -9.99990E+02 -9.99990E+02 -9.99990E+02 -9.99990E+02 -9.99990E+02 -9.99990E+02 -9.99990E+02 -9.99990E+02 -9.99990E+02
 -9.99990E+02 -9.99990E+02 -9.99990E+02 -9.99990E+02 -9.99990E+02 -9.99990E+02 -9.99990E+02 -9.99990E+02 -9.99990E+02 -9.99990E+02 -9.99990E+02 -9.99990E+02 -9.99990E+02 -9.99990E+02 -9.99990E+02 -9.99990E+02 -9.99990E+02 -9.99990E+02 -9.99990E+02 -9.99990E+02 -9.99990E+02 -9.99990E+02 -9.99990E+02 -9.99990E+02 -9.99990E+02 -9.99990E+02 -9.99990E+02 -9.99990E+02 -9.99990E+02 -9.99990E+02 -9.99990E+02 -9.99990E+02 -9.99990E+02 -9.99990E+02 -9.99990E+02 -9.99990E+02 -9.99990E+02 -9.99990E+02 -9.99990E+02 -9.99990E+02 -9.99990E+02 -9.99990E+02 -9.99990E+02 -9.99990E+02 -9.99990E+02  2.17757E+02  2.16889E+02  2.14591E+02  2.12391E+02  2.10656E+02  2.08108E+02  2.05530E+02  2.02885E+02  1.99469E+02  1.96031E+02  1.94859E+02  1.94753E+02  1.97490E+02  1.98837E+02  2.00091E+02 -9.99990E+02 -9.99990E+02 -9.99990E+02 -9.99990E+02 -9.99990E+02 -9.99990E+02 -9.99990E+02 -9.99990E+02 -9.99990E+02 -9.99990E+02 -9.99990E+02 -9.99990E+02 -9.99990E+02
 -9.99990E+02 -9.99990E+02 -9.99990E+02 -9.99990E+02 -9.99990E+02 -9.99990E+02 -9.99990E+02 -9.99990E+02 -9.99990E+02 -9.99990E+02 -9.99990E+02 -9.99990E+02 -9.99990E+02 -9.99990E+02 -9.99990E+02 -9.99990E+02 -9.99990E+02 -9.99990E+02 -9.99990E+02 -9.99990E+02 -9.99990E+02 -9.99990E+02 -9.99990E+02 -9.99990E+02 -9.99990E+02 -9.99990E+02 -9.99990E+02 -9.99990E+02 -9.99990E+02 -9.99990E+02 -9.99990E+02 -9.99990E+02 -9.99990E+02 -9.99990E+02 -9.99990E+02 -9.99990E+02 -9.99990E+02 -9.99990E+02 -9.99990E+02 -9.99990E+02 -9.99990E+02 -9.99990E+02 -9.99990E+02 -9.99990E+02 -9.99990E+02  2.14891E+02  2.13393E+02  2.09698E+02  2.08024E+02  2.07064E+02  2.05528E+02  2.03666E+02  2.01866E+02  1.98891E+02  1.95857E+02  1.94266E+02  1.93366E+02  1.95064E+02  1.95708E+02 -9.99990E+02 -9.99990E+02 -9.99990E+02 -9.99990E+02 -9.99990E+02 -9.99990E+02 -9.99990E+02 -9.99990E+02 -9.99990E+02 -9.99990E+02 -9.99990E+02 -9.99990E+02 -9.99990E+02 -9.99990E+02
 -9.99990E+02 -9.99990E+02 -9.99990E+02 -9.99990E+02 -9.99990E+02 -9.99990E+02 -9.99990E+02 -9.99990E+02 -9.99990E+02 -9.99990E+02 -9.99990E+02 -9.99990E+02 -9.99990E+02 -9.99990E+02 -9.99990E+02 -9.99990E+02 -9.99990E+02 -9.99990E+02 -9.99990E+02 -9.99990E+02 -9.99990E+02 -9.99990E+02 -9.99990E+02 -9.99990E+02 -9.99990E+02 -9.99990E+02 -9.99990E+02 -9.99990E+02 -9.99990E+02 -9.99990E+02 -9.99990E+02 -9.99990E+02 -9.99990E+02 -9.99990E+02 -9.99990E+02 -9.99990E+02 -9.99990E+02 -9.99990E+02 -9.99990E+02 -9.99990E+02 -9.99990E+02 -9.99990E+02 -9.99990E+02 -9.99990E+02 -9.99990E+02 -9.99990E+02 -9.99990E+02  2.03805E+02  2.03370E+02  2.03038E+02  2.02313E+02  2.00859E+02  1.99223E+02  1.96603E+02  1.93745E+02  1.92161E+02  1.92180E+02  1.93002E+02  1.93190E+02 -9.99990E+02 -9.99990E+02 -9.99990E+02 -9.99990E+02 -9.99990E+02 -9.99990E+02 -9.99990E+02 -9.99990E+02 -9.99990E+02 -9.99990E+02 -9.99990E+02 -9.99990E+02 -9.99990E+02 -9.99990E+02
 -9.99990E+02 -9.99990E+02 -9.99990E+02 -9.99990E+02 -9.99990E+02 -9.99990E+02 -9.99990E+02 -9.99990E+02 -9.99990E+02 -9.99990E+02 -9.99990E+02 -9.99990E+02 -9.99990E+02 -9.99990E+02 -9.99990E+02 -9.99990E+02 -9.99990E+02 -9.99990E+02 -9.99990E+02 -9.99990E+02 -9.99990E+02 -9.99990E+02 -9.99990E+02 -9.99990E+02 -9.99990E+02 -9.99990E+02 -9.99990E+02 -9.99990E+02 -9.99990E+02 -9.99990E+02 -9.99990E+02 -9.99990E+02 -9.99990E+02 -9.99990E+02 -9.99990E+02 -9.99990E+02 -9.99990E+02 -9.99990E+02 -9.99990E+02 -9.99990E+02 -9.99990E+02 -9.99990E+02 -9.99990E+02 -9.99990E+02 -9.99990E+02 -9.99990E+02 -9.99990E+02  1.99466E+02  1.99115E+02  1.99239E+02  1.99114E+02  1.97632E+02  1.95624E+02  1.92374E+02  1.90327E+02  1.89617E+02  1.90152E+02  1.90869E+02  1.91020E+02 -9.99990E+02 -9.99990E+02 -9.99990E+02 -9.99990E+02 -9.99990E+02 -9.99990E+02 -9.99990E+02 -9.99990E+02 -9.99990E+02 -9.99990E+02 -9.99990E+02 -9.99990E+02 -9.99990E+02 -9.99990E+02
 -9.99990E+02 -9.99990E+02 -9.99990E+02 -9.99990E+02 -9.99990E+02 -9.99990E+02 -9.99990E+02 -9.99990E+02 -9.99990E+02 -9.99990E+02 -9.99990E+02 -9.99990E+02 -9.99990E+02 -9.99990E+02 -9.99990E+02 -9.99990E+02 -9.99990E+02 -9.99990E+02 -9.99990E+02 -9.99990E+02 -9.99990E+02 -9.99990E+02 -9.99990E+02 -9.99990E+02 -9.99990E+02 -9.99990E+02 -9.99990E+02 -9.99990E+02 -9.99990E+02 -9.99990E+02 -9.99990E+02 -9.99990E+02 -9.99990E+02 -9.99990E+02 -9.99990E+02 -9.99990E+02 -9.99990E+02 -9.99990E+02 -9.99990E+02 -9.99990E+02 -9.99990E+02 -9.99990E+02 -9.99990E+02 -9.99990E+02 -9.99990E+02 -9.99990E+02 -9.99990E+02  1.96748E+02  1.95335E+02  1.95119E+02  1.95216E+02  1.94233E+02  1.92418E+02  1.89858E+02  1.88480E+02  1.87860E+02  1.88087E+02  1.88731E+02  1.89108E+02 -9.99990E+02 -9.99990E+02 -9.99990E+02 -9.99990E+02 -9.99990E+02 -9.99990E+02 -9.99990E+02 -9.99990E+02 -9.99990E+02 -9.99990E+02 -9.99990E+02 -9.99990E+02 -9.99990E+02 -9.99990E+02
 -9.99990E+02 -9.99990E+02 -9.99990E+02 -9.99990E+02 -9.99990E+02 -9.99990E+02 -9.99990E+02 -9.99990E+02 -9.99990E+02 -9.99990E+02 -9.99990E+02 -9.99990E+02 -9.99990E+02 -9.99990E+02 -9.99990E+02 -9.99990E+02 -9.99990E+02 -9.99990E+02 -9.99990E+02 -9.99990E+02 -9.99990E+02 -9.99990E+02 -9.99990E+02 -9.99990E+02 -9.99990E+02 -9.99990E+02 -9.99990E+02 -9.99990E+02 -9.99990E+02 -9.99990E+02 -9.99990E+02 -9.99990E+02 -9.99990E+02 -9.99990E+02 -9.99990E+02 -9.99990E+02 -9.99990E+02 -9.99990E+02 -9.99990E+02 -9.99990E+02 -9.99990E+02 -9.99990E+02 -9.99990E+02 -9.99990E+02 -9.99990E+02 -9.99990E+02 -9.99990E+02 -9.99990E+02  1.91659E+02  1.91673E+02  1.91639E+02  1.90894E+02  1.89669E+02  1.88013E+02  1.86115E+02  1.85432E+02  1.85792E+02  1.86933E+02  1.87260E+02 -9.99990E+02 -9.99990E+02 -9.99990E+02 -9.99990E+02 -9.99990E+02 -9.99990E+02 -9.99990E+02 -9.99990E+02 -9.99990E+02 -9.99990E+02 -9.99990E+02 -9.99990E+02 -9.99990E+02 -9.99990E+02
 -9.99990E+02 -9.99990E+02 -9.99990E+02 -9.99990E+02 -9.99990E+02 -9.99990E+02 -9.99990E+02 -9.99990E+02 -9.99990E+02 -9.99990E+02 -9.99990E+02 -9.99990E+02 -9.99990E+02 -9.99990E+02 -9.99990E+02 -9.99990E+02 -9.99990E+02 -9.99990E+02 -9.99990E+02 -9.99990E+02 -9.99990E+02 -9.99990E+02 -9.99990E+02 -9.99990E+02 -9.99990E+02 -9.99990E+02 -9.99990E+02 -9.99990E+02 -9.99990E+02 -9.99990E+02 -9.99990E+02 -9.99990E+02 -9.99990E+02 -9.99990E+02 -9.99990E+02 -9.99990E+02 -9.99990E+02 -9.99990E+02 -9.99990E+02 -9.99990E+02 -9.99990E+02 -9.99990E+02 -9.99990E+02 -9.99990E+02 -9.99990E+02 -9.99990E+02 -9.99990E+02 -9.99990E+02  1.88766E+02  1.88706E+02  1.88503E+02  1.87813E+02  1.86897E+02  1.85995E+02  1.84990E+02  1.84542E+02  1.84589E+02  1.85562E+02  1.85797E+02 -9.99990E+02 -9.99990E+02 -9.99990E+02 -9.99990E+02 -9.99990E+02 -9.99990E+02 -9.99990E+02 -9.99990E+02 -9.99990E+02 -9.99990E+02 -9.99990E+02 -9.99990E+02 -9.99990E+02 -9.99990E+02
 -9.99990E+02 -9.99990E+02 -9.99990E+02 -9.99990E+02 -9.99990E+02 -9.99990E+02 -9.99990E+02 -9.99990E+02 -9.99990E+02 -9.99990E+02 -9.99990E+02 -9.99990E+02 -9.99990E+02 -9.99990E+02 -9.99990E+02 -9.99990E+02 -9.99990E+02 -9.99990E+02 -9.99990E+02 -9.99990E+02 -9.99990E+02 -9.99990E+02 -9.99990E+02 -9.99990E+02 -9.99990E+02 -9.99990E+02 -9.99990E+02 -9.99990E+02 -9.99990E+02 -9.99990E+02 -9.99990E+02 -9.99990E+02 -9.99990E+02 -9.99990E+02 -9.99990E+02 -9.99990E+02 -9.99990E+02 -9.99990E+02 -9.99990E+02 -9.99990E+02 -9.99990E+02 -9.99990E+02 -9.99990E+02 -9.99990E+02 -9.99990E+02 -9.99990E+02 -9.99990E+02 -9.99990E+02  1.86948E+02  1.86056E+02  1.85714E+02  1.85152E+02  1.84594E+02  1.84105E+02  1.83653E+02  1.83330E+02  1.83737E+02  1.84606E+02  1.84930E+02 -9.99990E+02 -9.99990E+02 -9.99990E+02 -9.99990E+02 -9.99990E+02 -9.99990E+02 -9.99990E+02 -9.99990E+02 -9.99990E+02 -9.99990E+02 -9.99990E+02 -9.99990E+02 -9.99990E+02 -9.99990E+02
 -9.99990E+02 -9.99990E+02 -9.99990E+02 -9.99990E+02 -9.99990E+02 -9.99990E+02 -9.99990E+02 -9.99990E+02 -9.99990E+02 -9.99990E+02 -9.99990E+02 -9.99990E+02 -9.99990E+02 -9.99990E+02 -9.99990E+02 -9.99990E+02 -9.99990E+02 -9.99990E+02 -9.99990E+02 -9.99990E+02 -9.99990E+02 -9.99990E+02 -9.99990E+02 -9.99990E+02 -9.99990E+02 -9.99990E+02 -9.99990E+02 -9.99990E+02 -9.99990E+02 -9.99990E+02 -9.99990E+02 -9.99990E+02 -9.99990E+02 -9.99990E+02 -9.99990E+02 -9.99990E+02 -9.99990E+02 -9.99990E+02 -9.99990E+02 -9.99990E+02 -9.99990E+02 -9.99990E+02 -9.99990E+02 -9.99990E+02 -9.99990E+02 -9.99990E+02 -9.99990E+02 -9.99990E+02 -9.99990E+02  1.83233E+02  1.83246E+02  1.83110E+02  1.82761E+02  1.82412E+02  1.82300E+02  1.82371E+02  1.83027E+02  1.84005E+02  1.84495E+02 -9.99990E+02 -9.99990E+02 -9.99990E+02 -9.99990E+02 -9.99990E+02 -9.99990E+02 -9.99990E+02 -9.99990E+02 -9.99990E+02 -9.99990E+02 -9.99990E+02 -9.99990E+02 -9.99990E+02 -9.99990E+02
 -9.99990E+02 -9.99990E+02 -9.99990E+02 -9.99990E+02 -9.99990E+02 -9.99990E+02 -9.99990E+02 -9.99990E+02 -9.99990E+02 -9.99990E+02 -9.99990E+02 -9.99990E+02 -9.99990E+02 -9.99990E+02 -9.99990E+02 -9.99990E+02 -9.99990E+02 -9.99990E+02 -9.99990E+02 -9.99990E+02 -9.99990E+02 -9.99990E+02 -9.99990E+02 -9.99990E+02 -9.99990E+02 -9.99990E+02 -9.99990E+02 -9.99990E+02 -9.99990E+02 -9.99990E+02 -9.99990E+02 -9.99990E+02 -9.99990E+02 -9.99990E+02 -9.99990E+02 -9.99990E+02 -9.99990E+02 -9.99990E+02 -9.99990E+02 -9.99990E+02 -9.99990E+02 -9.99990E+02 -9.99990E+02 -9.99990E+02 -9.99990E+02 -9.99990E+02 -9.99990E+02 -9.99990E+02 -9.99990E+02  1.81379E+02  1.81555E+02  1.81685E+02  1.81364E+02  1.80947E+02  1.80965E+02  1.81778E+02  1.82778E+02  1.83942E+02  1.84544E+02 -9.99990E+02 -9.99990E+02 -9.99990E+02 -9.99990E+02 -9.99990E+02 -9.99990E+02 -9.99990E+02 -9.99990E+02 -9.99990E+02 -9.99990E+02 -9.99990E+02 -9.99990E+02 -9.99990E+02 -9.99990E+02
 -9.99990E+02 -9.99990E+02 -9.99990E+02 -9.99990E+02 -9.99990E+02 -9.99990E+02 -9.99990E+02 -9.99990E+02 -9.99990E+02 -9.99990E+02 -9.99990E+02 -9.99990E+02 -9.99990E+02 -9.99990E+02 -9.99990E+02 -9.99990E+02 -9.99990E+02 -9.99990E+02 -9.99990E+02 -9.99990E+02 -9.99990E+02 -9.99990E+02 -9.99990E+02 -9.99990E+02 -9.99990E+02 -9.99990E+02 -9.99990E+02 -9.99990E+02 -9.99990E+02 -9.99990E+02 -9.99990E+02 -9.99990E+02 -9.99990E+02 -9.99990E+02 -9.99990E+02 -9.99990E+02 -9.99990E+02 -9.99990E+02 -9.99990E+02 -9.99990E+02 -9.99990E+02 -9.99990E+02 -9.99990E+02 -9.99990E+02 -9.99990E+02 -9.99990E+02 -9.99990E+02 -9.99990E+02 -9.99990E+02  1.80192E+02  1.80378E+02  1.80521E+02  1.80166E+02  1.79806E+02  1.80135E+02  1.81245E+02  1.82822E+02  1.84276E+02  1.84955E+02  1.84969E+02 -9.99990E+02 -9.99990E+02 -9.99990E+02 -9.99990E+02 -9.99990E+02 -9.99990E+02 -9.99990E+02 -9.99990E+02 -9.99990E+02 -9.99990E+02 -9.99990E+02 -9.99990E+02 -9.99990E+02
 -9.99990E+02 -9.99990E+02 -9.99990E+02 -9.99990E+02 -9.99990E+02 -9.99990E+02 -9.99990E+02 -9.99990E+02 -9.99990E+02 -9.99990E+02 -9.99990E+02 -9.99990E+02 -9.99990E+02 -9.99990E+02 -9.99990E+02 -9.99990E+02 -9.99990E+02 -9.99990E+02 -9.99990E+02 -9.99990E+02 -9.99990E+02 -9.99990E+02 -9.99990E+02 -9.99990E+02 -9.99990E+02 -9.99990E+02 -9.99990E+02 -9.99990E+02 -9.99990E+02 -9.99990E+02 -9.99990E+02 -9.99990E+02 -9.99990E+02 -9.99990E+02 -9.99990E+02 -9.99990E+02 -9.99990E+02 -9.99990E+02 -9.99990E+02 -9.99990E+02 -9.99990E+02 -9.99990E+02 -9.99990E+02 -9.99990E+02 -9.99990E+02 -9.99990E+02 -9.99990E+02 -9.99990E+02 -9.99990E+02  1.79508E+02  1.79781E+02  1.79633E+02  1.79232E+02  1.79029E+02  1.79611E+02  1.81304E+02  1.82534E+02  1.83859E+02  1.84581E+02  1.84627E+02  1.84054E+02 -9.99990E+02 -9.99990E+02 -9.99990E+02 -9.99990E+02 -9.99990E+02 -9.99990E+02 -9.99990E+02 -9.99990E+02 -9.99990E+02 -9.99990E+02 -9.99990E+02 -9.99990E+02
 -9.99990E+02 -9.99990E+02 -9.99990E+02 -9.99990E+02 -9.99990E+02 -9.99990E+02 -9.99990E+02 -9.99990E+02 -9.99990E+02 -9.99990E+02 -9.99990E+02 -9.99990E+02 -9.99990E+02 -9.99990E+02 -9.99990E+02 -9.99990E+02 -9.99990E+02 -9.99990E+02 -9.99990E+02 -9.99990E+02 -9.99990E+02 -9.99990E+02 -9.99990E+02 -9.99990E+02 -9.99990E+02 -9.99990E+02 -9.99990E+02 -9.99990E+02 -9.99990E+02 -9.99990E+02 -9.99990E+02 -9.99990E+02 -9.99990E+02 -9.99990E+02 -9.99990E+02 -9.99990E+02 -9.99990E+02 -9.99990E+02 -9.99990E+02 -9.99990E+02 -9.99990E+02 -9.99990E+02 -9.99990E+02 -9.99990E+02 -9.99990E+02 -9.99990E+02 -9.99990E+02 -9.99990E+02 -9.99990E+02  1.78952E+02  1.79020E+02  1.78740E+02  1.78658E+02  1.78714E+02  1.78697E+02  1.80112E+02  1.81304E+02  1.82619E+02  1.83629E+02  1.83999E+02  1.83850E+02 -9.99990E+02 -9.99990E+02 -9.99990E+02 -9.99990E+02 -9.99990E+02 -9.99990E+02 -9.99990E+02 -9.99990E+02 -9.99990E+02 -9.99990E+02 -9.99990E+02 -9.99990E+02
 -9.99990E+02 -9.99990E+02 -9.99990E+02 -9.99990E+02 -9.99990E+02 -9.99990E+02 -9.99990E+02 -9.99990E+02 -9.99990E+02 -9.99990E+02 -9.99990E+02 -9.99990E+02 -9.99990E+02 -9.99990E+02 -9.99990E+02 -9.99990E+02 -9.99990E+02 -9.99990E+02 -9.99990E+02 -9.99990E+02 -9.99990E+02 -9.99990E+02 -9.99990E+02 -9.99990E+02 -9.99990E+02 -9.99990E+02 -9.99990E+02 -9.99990E+02 -9.99990E+02 -9.99990E+02 -9.99990E+02 -9.99990E+02 -9.99990E+02 -9.99990E+02 -9.99990E+02 -9.99990E+02 -9.99990E+02 -9.99990E+02 -9.99990E+02 -9.99990E+02 -9.99990E+02 -9.99990E+02 -9.99990E+02 -9.99990E+02 -9.99990E+02 -9.99990E+02 -9.99990E+02 -9.99990E+02 -9.99990E+02  1.78513E+02  1.78342E+02  1.78095E+02  1.78156E+02  1.78397E+02  1.78623E+02  1.79007E+02  1.79618E+02  1.80809E+02  1.82060E+02  1.83201E+02 -9.99990E+02 -9.99990E+02 -9.99990E+02 -9.99990E+02 -9.99990E+02 -9.99990E+02 -9.99990E+02 -9.99990E+02 -9.99990E+02 -9.99990E+02 -9.99990E+02 -9.99990E+02 -9.99990E+02
 -9.99990E+02 -9.99990E+02 -9.99990E+02 -9.99990E+02 -9.99990E+02 -9.99990E+02 -9.99990E+02 -9.99990E+02 -9.99990E+02 -9.99990E+02 -9.99990E+02 -9.99990E+02 -9.99990E+02 -9.99990E+02 -9.99990E+02 -9.99990E+02 -9.99990E+02 -9.99990E+02 -9.99990E+02 -9.99990E+02 -9.99990E+02 -9.99990E+02 -9.99990E+02 -9.99990E+02 -9.99990E+02 -9.99990E+02 -9.99990E+02 -9.99990E+02 -9.99990E+02 -9.99990E+02 -9.99990E+02 -9.99990E+02 -9.99990E+02 -9.99990E+02 -9.99990E+02 -9.99990E+02 -9.99990E+02 -9.99990E+02 -9.99990E+02 -9.99990E+02 -9.99990E+02 -9.99990E+02 -9.99990E+02 -9.99990E+02 -9.99990E+02 -9.99990E+02 -9.99990E+02 -9.99990E+02 -9.99990E+02 -9.99990E+02  1.77748E+02  1.77578E+02  1.77659E+02 -9.99990E+02  1.78289E+02  1.78289E+02  1.78415E+02  1.78650E+02  1.79720E+02 -9.99990E+02 -9.99990E+02 -9.99990E+02 -9.99990E+02 -9.99990E+02 -9.99990E+02 -9.99990E+02 -9.99990E+02 -9.99990E+02 -9.99990E+02 -9.99990E+02 -9.99990E+02 -9.99990E+02 -9.99990E+02
 -9.99990E+02 -9.99990E+02 -9.99990E+02 -9.99990E+02 -9.99990E+02 -9.99990E+02 -9.99990E+02 -9.99990E+02 -9.99990E+02 -9.99990E+02 -9.99990E+02 -9.99990E+02 -9.99990E+02 -9.99990E+02 -9.99990E+02 -9.99990E+02 -9.99990E+02 -9.99990E+02 -9.99990E+02 -9.99990E+02 -9.99990E+02 -9.99990E+02 -9.99990E+02 -9.99990E+02 -9.99990E+02 -9.99990E+02 -9.99990E+02 -9.99990E+02 -9.99990E+02 -9.99990E+02 -9.99990E+02 -9.99990E+02 -9.99990E+02 -9.99990E+02 -9.99990E+02 -9.99990E+02 -9.99990E+02 -9.99990E+02 -9.99990E+02 -9.99990E+02 -9.99990E+02 -9.99990E+02 -9.99990E+02 -9.99990E+02 -9.99990E+02 -9.99990E+02 -9.99990E+02 -9.99990E+02 -9.99990E+02 -9.99990E+02 -9.99990E+02  1.77162E+02 -9.99990E+02 -9.99990E+02 -9.99990E+02  1.77718E+02  1.77801E+02  1.77914E+02  1.78465E+02 -9.99990E+02 -9.99990E+02 -9.99990E+02 -9.99990E+02 -9.99990E+02 -9.99990E+02 -9.99990E+02 -9.99990E+02 -9.99990E+02 -9.99990E+02 -9.99990E+02 -9.99990E+02 -9.99990E+02 -9.99990E+02
 -9.99990E+02 -9.99990E+02 -9.99990E+02 -9.99990E+02 -9.99990E+02 -9.99990E+02 -9.99990E+02 -9.99990E+02 -9.99990E+02 -9.99990E+02 -9.99990E+02 -9.99990E+02 -9.99990E+02 -9.99990E+02 -9.99990E+02 -9.99990E+02 -9.99990E+02 -9.99990E+02 -9.99990E+02 -9.99990E+02 -9.99990E+02 -9.99990E+02 -9.99990E+02 -9.99990E+02 -9.99990E+02 -9.99990E+02 -9.99990E+02 -9.99990E+02 -9.99990E+02 -9.99990E+02 -9.99990E+02 -9.99990E+02 -9.99990E+02 -9.99990E+02 -9.99990E+02 -9.99990E+02 -9.99990E+02 -9.99990E+02 -9.99990E+02 -9.99990E+02 -9.99990E+02 -9.99990E+02 -9.99990E+02 -9.99990E+02 -9.99990E+02 -9.99990E+02 -9.99990E+02 -9.99990E+02 -9.99990E+02 -9.99990E+02 -9.99990E+02 -9.99990E+02 -9.99990E+02 -9.99990E+02 -9.99990E+02  1.77393E+02  1.77387E+02  1.77294E+02  1.77928E+02 -9.99990E+02 -9.99990E+02 -9.99990E+02 -9.99990E+02 -9.99990E+02 -9.99990E+02 -9.99990E+02 -9.99990E+02 -9.99990E+02 -9.99990E+02 -9.99990E+02 -9.99990E+02 -9.99990E+02 -9.99990E+02
 
 month:           3 year:        2005
 layer:           1
 -9.99990E+02 -9.99990E+02 -9.99990E+02  8.24759E+02  8.24073E+02  8.22409E+02  8.20612E+02  8.19080E+02 -9.99990E+02 -9.99990E+02 -9.99990E+02 -9.99990E+02 -9.99990E+02 -9.99990E+02 -9.99990E+02 -9.99990E+02 -9.99990E+02 -9.99990E+02 -9.99990E+02 -9.99990E+02 -9.99990E+02 -9.99990E+02 -9.99990E+02 -9.99990E+02 -9.99990E+02 -9.99990E+02 -9.99990E+02 -9.99990E+02 -9.99990E+02 -9.99990E+02 -9.99990E+02 -9.99990E+02 -9.99990E+02 -9.99990E+02 -9.99990E+02 -9.99990E+02 -9.99990E+02 -9.99990E+02 -9.99990E+02 -9.99990E+02 -9.99990E+02 -9.99990E+02 -9.99990E+02 -9.99990E+02 -9.99990E+02 -9.99990E+02 -9.99990E+02 -9.99990E+02 -9.99990E+02 -9.99990E+02 -9.99990E+02 -9.99990E+02 -9.99990E+02 -9.99990E+02 -9.99990E+02 -9.99990E+02 -9.99990E+02 -9.99990E+02 -9.99990E+02 -9.99990E+02 -9.99990E+02 -9.99990E+02 -9.99990E+02 -9.99990E+02 -9.99990E+02 -9.99990E+02 -9.99990E+02 -9.99990E+02 -9.99990E+02 -9.99990E+02 -9.99990E+02 -9.99990E+02 -9.99990E+02
 -9.99990E+02  8.27175E+02  8.26845E+02  8.25854E+02  8.24678E+02  8.22837E+02  8.20441E+02  8.18326E+02  8.16457E+02 -9.99990E+02 -9.99990E+02 -9.99990E+02 -9.99990E+02 -9.99990E+02 -9.99990E+02 -9.99990E+02 -9.99990E+02 -9.99990E+02 -9.99990E+02 -9.99990E+02 -9.99990E+02 -9.99990E+02 -9.99990E+02 -9.99990E+02 -9.99990E+02 -9.99990E+02 -9.99990E+02 -9.99990E+02 -9.99990E+02 -9.99990E+02 -9.99990E+02 -9.99990E+02 -9.99990E+02 -9.99990E+02 -9.99990E+02 -9.99990E+02 -9.99990E+02 -9.99990E+02 -9.99990E+02 -9.99990E+02 -9.99990E+02 -9.99990E+02 -9.99990E+02 -9.99990E+02 -9.99990E+02 -9.99990E+02 -9.99990E+02 -9.99990E+02 -9.99990E+02 -9.99990E+02 -9.99990E+02 -9.99990E+02 -9.99990E+02 -9.99990E+02 -9.99990E+02 -9.99990E+02 -9.99990E+02 -9.99990E+02 -9.99990E+02 -9.99990E+02 -9.99990E+02 -9.99990E+02 -9.99990E+02 -9.99990E+02 -9.99990E+02 -9.99990E+02 -9.99990E+02 -9.99990E+02 -9.99990E+02 -9.99990E+02 -9.99990E+02 -9.99990E+02 -9.99990E+02
  8.26985E+02  8.26993E+02  8.26536E+02  8.25557E+02  8.23990E+02  8.22293E+02  8.19628E+02  8.17227E+02  8.15278E+02  8.12864E+02 -9.99990E+02 -9.99990E+02 -9.99990E+02 -9.99990E+02 -9.99990E+02 -9.99990E+02 -9.99990E+02 -9.99990E+02 -9.99990E+02 -9.99990E+02 -9.99990E+02 -9.99990E+02 -9.99990E+02 -9.99990E+02 -9.99990E+02 -9.99990E+02 -9.99990E+02 -9.99990E+02 -9.99990E+02 -9.99990E+02 -9.99990E+02 -9.99990E+02 -9.99990E+02 -9.99990E+02 -9.99990E+02 -9.99990E+02 -9.99990E+02 -9.99990E+02 -9.99990E+02 -9.99990E+02 -9.99990E+02 -9.99990E+02 -9.99990E+02 -9.99990E+02 -9.99990E+02 -9.99990E+02 -9.99990E+02 -9.99990E+02 -9.99990E+02 -9.99990E+02 -9.99990E+02 -9.99990E+02 -9.99990E+02 -9.99990E+02 -9.99990E+02 -9.99990E+02 -9.99990E+02 -9.99990E+02 -9.99990E+02 -9.99990E+02 -9.99990E+02 -9.99990E+02 -9.99990E+02 -9.99990E+02 -9.99990E+02 -9.99990E+02 -9.99990E+02 -9.99990E+02 -9.99990E+02 -9.99990E+02 -9.99990E+02 -9.99990E+02 -9.99990E+02
  8.26578E+02  8.26424E+02  8.24961E+02  8.23475E+02  8.22073E+02  8.20377E+02  8.17781E+02  8.15367E+02  8.13142E+02  8.09624E+02  8.04364E+02  8.00556E+02  7.98435E+02 -9.99990E+02 -9.99990E+02 -9.99990E+02 -9.99990E+02 -9.99990E+02 -9.99990E+02 -9.99990E+02 -9.99990E+02 -9.99990E+02 -9.99990E+02 -9.99990E+02 -9.99990E+02 -9.99990E+02 -9.99990E+02 -9.99990E+02 -9.99990E+02 -9.99990E+02 -9.99990E+02 -9.99990E+02 -9.99990E+02 -9.99990E+02 -9.99990E+02 -9.99990E+02 -9.99990E+02 -9.99990E+02 -9.99990E+02 -9.99990E+02 -9.99990E+02 -9.99990E+02 -9.99990E+02 -9.99990E+02 -9.99990E+02 -9.99990E+02 -9.99990E+02 -9.99990E+02 -9.99990E+02 -9.99990E+02 -9.99990E+02 -9.99990E+02 -9.99990E+02 -9.99990E+02 -9.99990E+02 -9.99990E+02 -9.99990E+02 -9.99990E+02 -9.99990E+02 -9.99990E+02 -9.99990E+02 -9.99990E+02 -9.99990E+02 -9.99990E+02 -9.99990E+02 -9.99990E+02 -9.99990E+02 -9.99990E+02 -9.99990E+02 -9.99990E+02 -9.99990E+02 -9.99990E+02 -9.99990E+02
  8.25787E+02  8.25483E+02  8.22789E+02  8.20737E+02  8.19010E+02  8.17283E+02  8.15252E+02  8.12553E+02  8.10219E+02  8.07225E+02  8.03326E+02  7.99705E+02  7.96683E+02  7.92638E+02  7.88981E+02  7.86075E+02  7.83134E+02  7.80378E+02  7.78267E+02  7.76766E+02 -9.99990E+02 -9.99990E+02 -9.99990E+02 -9.99990E+02 -9.99990E+02 -9.99990E+02 -9.99990E+02 -9.99990E+02 -9.99990E+02 -9.99990E+02 -9.99990E+02 -9.99990E+02 -9.99990E+02 -9.99990E+02 -9.99990E+02 -9.99990E+02 -9.99990E+02 -9.99990E+02 -9.99990E+02 -9.99990E+02 -9.99990E+02 -9.99990E+02 -9.99990E+02 -9.99990E+02 -9.99990E+02 -9.99990E+02 -9.99990E+02 -9.99990E+02 -9.99990E+02 -9.99990E+02 -9.99990E+02 -9.99990E+02 -9.99990E+02 -9.99990E+02 -9.99990E+02 -9.99990E+02 -9.99990E+02 -9.99990E+02 -9.99990E+02 -9.99990E+02 -9.99990E+02 -9.99990E+02 -9.99990E+02 -9.99990E+02 -9.99990E+02 -9.99990E+02 -9.99990E+02 -9.99990E+02 -9.99990E+02 -9.99990E+02 -9.99990E+02 -9.99990E+02 -9.99990E+02
 -9.99990E+02 -9.99990E+02  8.18090E+02  8.16868E+02  8.15404E+02  8.13845E+02  8.11922E+02  8.09328E+02  8.07067E+02  8.04391E+02  8.01139E+02  7.97913E+02  7.95079E+02  7.91719E+02  7.88356E+02  7.85650E+02  7.82869E+02  7.80077E+02  7.77948E+02  7.76141E+02  7.74453E+02 -9.99990E+02 -9.99990E+02 -9.99990E+02 -9.99990E+02 -9.99990E+02 -9.99990E+02 -9.99990E+02 -9.99990E+02 -9.99990E+02 -9.99990E+02 -9.99990E+02 -9.99990E+02 -9.99990E+02 -9.99990E+02 -9.99990E+02 -9.99990E+02 -9.99990E+02 -9.99990E+02 -9.99990E+02 -9.99990E+02 -9.99990E+02 -9.99990E+02 -9.99990E+02 -9.99990E+02 -9.99990E+02 -9.99990E+02 -9.99990E+02 -9.99990E+02 -9.99990E+02 -9.99990E+02 -9.99990E+02 -9.99990E+02 -9.99990E+02 -9.99990E+02 -9.99990E+02 -9.99990E+02 -9.99990E+02 -9.99990E+02 -9.99990E+02 -9.99990E+02 -9.99990E+02 -9.99990E+02 -9.99990E+02 -9.99990E+02 -9.99990E+02 -9.99990E+02 -9.99990E+02 -9.99990E+02 -9.99990E+02 -9.99990E+02 -9.99990E+02 -9.99990E+02
 -9.99990E+02 -9.99990E+02  8.14080E+02  8.13324E+02  8.11916E+02  8.10023E+02  8.08188E+02  8.05856E+02  8.03804E+02  8.01335E+02  7.98175E+02  7.95368E+02  7.92768E+02  7.89820E+02  7.86893E+02  7.84200E+02  7.81715E+02  7.79105E+02  7.77004E+02  7.75238E+02  7.73320E+02  7.71255E+02 -9.99990E+02 -9.99990E+02 -9.99990E+02 -9.99990E+02 -9.99990E+02 -9.99990E+02 -9.99990E+02 -9.99990E+02 -9.99990E+02 -9.99990E+02 -9.99990E+02 -9.99990E+02 -9.99990E+02 -9.99990E+02 -9.99990E+02 -9.99990E+02 -9.99990E+02  8.48068E+02  8.50389E+02 -9.99990E+02 -9.99990E+02  8.86289E+02  8.89924E+02  8.93192E+02 -9.99990E+02 -9.99990E+02 -9.99990E+02 -9.99990E+02  9.92126E+02  9.92703E+02 -9.99990E+02 -9.99990E+02 -9.99990E+02 -9.99990E+02 -9.99990E+02 -9.99990E+02 -9.99990E+02 -9.99990E+02 -9.99990E+02 -9.99990E+02 -9.99990E+02 -9.99990E+02 -9.99990E+02 -9.99990E+02 -9.99990E+02 -9.99990E+02 -9.99990E+02 -9.99990E+02 -9.99990E+02 -9.99990E+02 -9.99990E+02
 -9.99990E+02 -9.99990E+02  8.11329E+02  8.09512E+02  8.07959E+02  8.06040E+02  8.04248E+02  8.02013E+02  7.99952E+02  7.97583E+02  7.94845E+02  7.92076E+02  7.89671E+02  7.87123E+02  7.84677E+02  7.82224E+02  7.79704E+02  7.77129E+02  7.74922E+02  7.73036E+02  7.71241E+02  7.69559E+02 -9.99990E+02 -9.99990E+02 -9.99990E+02 -9.99990E+02 -9.99990E+02 -9.99990E+02 -9.99990E+02 -9.99990E+02 -9.99990E+02 -9.99990E+02 -9.99990E+02 -9.99990E+02 -9.99990E+02 -9.99990E+02  8.26051E+02  8.31169E+02  8.38345E+02  8.46513E+02  8.53434E+02  8.63196E+02  8.73456E+02  8.83786E+02  8.91172E+02  8.97420E+02  9.03128E+02 -9.99990E+02 -9.99990E+02  9.88102E+02  9.92299E+02  9.94242E+02 -9.99990E+02 -9.99990E+02 -9.99990E+02 -9.99990E+02 -9.99990E+02 -9.99990E+02 -9.99990E+02 -9.99990E+02 -9.99990E+02 -9.99990E+02 -9.99990E+02 -9.99990E+02 -9.99990E+02 -9.99990E+02 -9.99990E+02 -9.99990E+02 -9.99990E+02 -9.99990E+02 -9.99990E+02 -9.99990E+02 -9.99990E+02
 -9.99990E+02 -9.99990E+02 -9.99990E+02  8.05244E+02  8.04181E+02  8.02454E+02  8.00429E+02  7.98049E+02  7.95703E+02  7.93365E+02  7.90594E+02  7.88208E+02  7.86067E+02  7.83887E+02  7.81728E+02  7.79528E+02  7.76912E+02  7.74308E+02  7.72024E+02  7.69890E+02  7.67786E+02  7.66166E+02 -9.99990E+02 -9.99990E+02 -9.99990E+02 -9.99990E+02 -9.99990E+02  7.56403E+02  7.57515E+02 -9.99990E+02  7.74672E+02  7.78116E+02  7.84773E+02  7.93062E+02  8.01538E+02  8.11069E+02  8.21836E+02  8.30068E+02  8.38216E+02  8.46473E+02  8.54699E+02  8.64455E+02  8.74821E+02  8.85176E+02  8.94410E+02  9.02840E+02  9.09866E+02 -9.99990E+02  9.74970E+02  9.84474E+02  9.92060E+02  9.96972E+02  1.00184E+03 -9.99990E+02 -9.99990E+02 -9.99990E+02 -9.99990E+02 -9.99990E+02 -9.99990E+02 -9.99990E+02 -9.99990E+02 -9.99990E+02 -9.99990E+02 -9.99990E+02 -9.99990E+02 -9.99990E+02 -9.99990E+02 -9.99990E+02 -9.99990E+02 -9.99990E+02 -9.99990E+02 -9.99990E+02 -9.99990E+02
 -9.99990E+02 -9.99990E+02 -9.99990E+02  8.03034E+02  8.01320E+02  7.99459E+02  7.96778E+02  7.94053E+02  7.91287E+02  7.88873E+02  7.86300E+02  7.83990E+02  7.82260E+02  7.80050E+02  7.77921E+02  7.75683E+02  7.73052E+02  7.70640E+02  7.68084E+02  7.65842E+02  7.63460E+02  7.60549E+02  7.55570E+02  7.52685E+02  7.51620E+02  7.51949E+02  7.53469E+02  7.56124E+02  7.59464E+02  7.65138E+02  7.71938E+02  7.77273E+02  7.83507E+02  7.92572E+02  8.01558E+02  8.10745E+02  8.20415E+02  8.29244E+02  8.37992E+02  8.46754E+02  8.55950E+02  8.66327E+02  8.77527E+02  8.88688E+02  8.99050E+02  9.09827E+02  9.22985E+02  9.44273E+02  9.65529E+02  9.79775E+02  9.90636E+02  9.99180E+02  1.00640E+03 -9.99990E+02 -9.99990E+02 -9.99990E+02 -9.99990E+02 -9.99990E+02 -9.99990E+02 -9.99990E+02 -9.99990E+02 -9.99990E+02 -9.99990E+02 -9.99990E+02 -9.99990E+02 -9.99990E+02 -9.99990E+02 -9.99990E+02 -9.99990E+02 -9.99990E+02 -9.99990E+02 -9.99990E+02 -9.99990E+02
 -9.99990E+02 -9.99990E+02 -9.99990E+02 -9.99990E+02  7.97508E+02  7.95922E+02  7.93041E+02  7.89459E+02  7.86187E+02  7.83524E+02  7.81301E+02  7.79325E+02  7.77866E+02  7.75864E+02  7.73637E+02  7.71514E+02  7.68993E+02  7.66365E+02  7.63788E+02  7.61469E+02  7.59186E+02  7.56704E+02  7.53739E+02  7.51528E+02  7.50676E+02  7.51180E+02  7.52954E+02  7.55614E+02  7.59331E+02  7.64375E+02  7.70389E+02  7.76298E+02  7.82502E+02  7.90956E+02  8.00449E+02  8.09912E+02  8.19487E+02  8.28483E+02  8.37467E+02  8.47169E+02  8.57489E+02  8.68903E+02  8.81043E+02  8.93257E+02  9.04259E+02  9.15819E+02  9.29577E+02  9.46311E+02  9.63139E+02  9.77116E+02  9.89145E+02  1.00026E+03  1.00939E+03  1.00954E+03 -9.99990E+02 -9.99990E+02 -9.99990E+02 -9.99990E+02 -9.99990E+02 -9.99990E+02 -9.99990E+02 -9.99990E+02 -9.99990E+02 -9.99990E+02 -9.99990E+02 -9.99990E+02 -9.99990E+02 -9.99990E+02 -9.99990E+02 -9.99990E+02 -9.99990E+02 -9.99990E+02 -9.99990E+02
 -9.99990E+02 -9.99990E+02 -9.99990E+02 -9.99990E+02  7.95180E+02  7.93554E+02  7.90181E+02  7.83970E+02  7.80399E+02  7.77555E+02  7.75431E+02  7.73986E+02  7.72507E+02  7.70769E+02  7.69237E+02  7.67582E+02  7.64936E+02  7.62019E+02  7.59167E+02  7.57008E+02  7.55193E+02  7.53112E+02  7.50804E+02  7.49289E+02  7.48818E+02  7.49524E+02  7.51434E+02  7.54297E+02  7.58174E+02  7.63075E+02  7.68803E+02  7.74760E+02  7.81060E+02  7.88666E+02  7.98341E+02  8.08732E+02  8.18610E+02  8.28083E+02  8.37745E+02  8.47988E+02  8.59141E+02  8.71101E+02  8.83802E+02  8.96359E+02  9.08084E+02  9.19986E+02  9.33577E+02  9.48256E+02  9.63212E+02  9.75798E+02  9.87609E+02  9.99361E+02  1.00776E+03  1.00695E+03 -9.99990E+02 -9.99990E+02 -9.99990E+02 -9.99990E+02 -9.99990E+02 -9.99990E+02 -9.99990E+02 -9.99990E+02 -9.99990E+02 -9.99990E+02 -9.99990E+02 -9.99990E+02 -9.99990E+02 -9.99990E+02 -9.99990E+02 -9.99990E+02 -9.99990E+02 -9.99990E+02 -9.99990E+02
 -9.99990E+02 -9.99990E+02 -9.99990E+02 -9.99990E+02 -9.99990E+02 -9.99990E+02 -9.99990E+02  7.74574E+02  7.73112E+02  7.71054E+02  7.69065E+02  7.67856E+02  7.66663E+02  7.65266E+02  7.64425E+02  7.63181E+02  7.60400E+02  7.57105E+02  7.54208E+02  7.52154E+02  7.50700E+02  7.49206E+02  7.47454E+02  7.46398E+02  7.46307E+02  7.47186E+02  7.49104E+02  7.52177E+02  7.56434E+02  7.61324E+02  7.66931E+02  7.72958E+02  7.79397E+02  7.86332E+02  7.96155E+02  8.06968E+02  8.17827E+02  8.27946E+02  8.38168E+02  8.48794E+02  8.60239E+02  8.72262E+02  8.84998E+02  8.97830E+02  9.09701E+02  9.21798E+02  9.35251E+02  9.48775E+02  9.61637E+02  9.72501E+02  9.82233E+02  9.91522E+02  9.98727E+02  9.96806E+02  9.89870E+02  9.84917E+02 -9.99990E+02 -9.99990E+02 -9.99990E+02 -9.99990E+02 -9.99990E+02 -9.99990E+02 -9.99990E+02 -9.99990E+02 -9.99990E+02 -9.99990E+02 -9.99990E+02 -9.99990E+02 -9.99990E+02 -9.99990E+02 -9.99990E+02 -9.99990E+02 -9.99990E+02
 -9.99990E+02 -9.99990E+02 -9.99990E+02 -9.99990E+02 -9.99990E+02 -9.99990E+02 -9.99990E+02  7.66129E+02  7.65581E+02  7.63978E+02  7.62210E+02  7.60860E+02  7.60092E+02  7.59382E+02  7.58579E+02  7.57627E+02  7.55438E+02  7.52038E+02  7.48863E+02  7.46769E+02  7.45423E+02  7.44753E+02  7.43706E+02  7.42856E+02  7.43082E+02  7.44152E+02  7.46299E+02  7.49564E+02  7.54018E+02  7.58942E+02  7.64439E+02  7.70722E+02  7.77566E+02  7.84601E+02  7.93482E+02  8.04692E+02  8.16246E+02  8.27752E+02  8.38671E+02  8.49687E+02  8.60803E+02  8.72564E+02  8.85016E+02  8.97250E+02  9.09015E+02  9.21713E+02  9.34945E+02  9.46980E+02  9.58333E+02  9.68067E+02  9.77165E+02  9.84748E+02  9.89077E+02  9.89111E+02  9.84930E+02  9.76848E+02  9.65684E+02 -9.99990E+02 -9.99990E+02 -9.99990E+02 -9.99990E+02 -9.99990E+02 -9.99990E+02 -9.99990E+02 -9.99990E+02 -9.99990E+02 -9.99990E+02 -9.99990E+02 -9.99990E+02 -9.99990E+02 -9.99990E+02 -9.99990E+02 -9.99990E+02
 -9.99990E+02 -9.99990E+02 -9.99990E+02 -9.99990E+02 -9.99990E+02 -9.99990E+02 -9.99990E+02  7.58289E+02  7.57883E+02  7.56491E+02  7.54943E+02  7.53710E+02  7.53220E+02  7.52557E+02  7.51657E+02  7.50782E+02  7.49062E+02  7.45753E+02  7.42569E+02  7.40493E+02  7.39370E+02  7.39127E+02  7.38549E+02  7.38155E+02  7.38767E+02  7.40376E+02  7.42870E+02  7.46372E+02  7.50723E+02  7.55788E+02  7.61611E+02  7.68260E+02  7.75505E+02  7.82862E+02  7.91028E+02  8.02118E+02  8.14120E+02  8.26404E+02  8.38776E+02  8.50245E+02  8.61116E+02  8.72278E+02  8.84125E+02  8.95767E+02  9.07329E+02  9.19656E+02  9.32478E+02  9.43723E+02  9.53669E+02  9.62150E+02  9.69429E+02  9.74548E+02  9.77781E+02  9.77146E+02  9.72333E+02  9.63974E+02  9.53243E+02  9.43175E+02 -9.99990E+02 -9.99990E+02 -9.99990E+02 -9.99990E+02 -9.99990E+02 -9.99990E+02 -9.99990E+02 -9.99990E+02 -9.99990E+02 -9.99990E+02 -9.99990E+02 -9.99990E+02 -9.99990E+02 -9.99990E+02 -9.99990E+02
 -9.99990E+02 -9.99990E+02 -9.99990E+02 -9.99990E+02 -9.99990E+02 -9.99990E+02  7.48937E+02  7.51267E+02  7.50532E+02  7.48785E+02  7.47340E+02  7.46105E+02  7.45485E+02  7.44932E+02  7.44180E+02  7.43081E+02  7.41276E+02  7.38136E+02  7.35101E+02  7.33361E+02  7.32592E+02  7.32307E+02  7.32312E+02  7.32492E+02  7.33525E+02  7.35605E+02  7.38646E+02  7.42384E+02  7.46808E+02  7.52101E+02  7.58287E+02  7.65348E+02  7.73145E+02  7.81026E+02  7.89170E+02  7.99262E+02  8.11811E+02  8.24780E+02  8.37775E+02  8.49780E+02  8.60710E+02  8.71315E+02  8.82315E+02  8.93273E+02  9.04921E+02  9.16494E+02  9.27780E+02  9.37857E+02  9.46238E+02  9.53737E+02  9.60072E+02  9.64051E+02  9.65102E+02  9.62904E+02  9.58847E+02  9.50995E+02  9.40797E+02  9.31481E+02  9.21126E+02 -9.99990E+02 -9.99990E+02 -9.99990E+02 -9.99990E+02 -9.99990E+02 -9.99990E+02 -9.99990E+02 -9.99990E+02 -9.99990E+02 -9.99990E+02 -9.99990E+02 -9.99990E+02 -9.99990E+02 -9.99990E+02
 -9.99990E+02 -9.99990E+02 -9.99990E+02 -9.99990E+02 -9.99990E+02 -9.99990E+02  7.47549E+02  7.47061E+02  7.42969E+02  7.40819E+02  7.39258E+02  7.37916E+02  7.36908E+02  7.35729E+02  7.34486E+02  7.32617E+02  7.30906E+02  7.28483E+02  7.26160E+02  7.25174E+02  7.24642E+02  7.24589E+02  7.24905E+02  7.25653E+02  7.27223E+02  7.29669E+02  7.33275E+02  7.37589E+02  7.42502E+02  7.48075E+02  7.54596E+02  7.62075E+02  7.70352E+02  7.78883E+02  7.87473E+02  7.96764E+02  8.08460E+02  8.21571E+02  8.34823E+02  8.46342E+02  8.57819E+02  8.69233E+02  8.79173E+02  8.89326E+02  9.00573E+02  9.11153E+02  9.21180E+02  9.30047E+02  9.37195E+02  9.43095E+02  9.48300E+02  9.51889E+02  9.52285E+02  9.49738E+02  9.45909E+02  9.38485E+02  9.28985E+02  9.20165E+02  9.10698E+02  8.99988E+02 -9.99990E+02 -9.99990E+02 -9.99990E+02 -9.99990E+02 -9.99990E+02 -9.99990E+02 -9.99990E+02 -9.99990E+02 -9.99990E+02 -9.99990E+02 -9.99990E+02 -9.99990E+02 -9.99990E+02
 -9.99990E+02 -9.99990E+02 -9.99990E+02 -9.99990E+02 -9.99990E+02 -9.99990E+02 -9.99990E+02 -9.99990E+02  7.32925E+02  7.32335E+02  7.30896E+02  7.29248E+02  7.28012E+02  7.26491E+02  7.24311E+02  7.21947E+02  7.19120E+02  7.17103E+02  7.15924E+02  7.15085E+02  7.14985E+02  7.15197E+02  7.16084E+02  7.17537E+02  7.19739E+02  7.22705E+02  7.26836E+02  7.31606E+02  7.37246E+02  7.43333E+02  7.50267E+02  7.58123E+02  7.66697E+02  7.75554E+02  7.84795E+02  7.94246E+02  8.04241E+02  8.16888E+02  8.30125E+02  8.41721E+02  8.52928E+02  8.63949E+02  8.74516E+02  8.83916E+02  8.94657E+02  9.04627E+02  9.13311E+02  9.21093E+02  9.27491E+02  9.32493E+02  9.36615E+02  9.39379E+02  9.39081E+02  9.36879E+02  9.33002E+02  9.26158E+02  9.17690E+02  9.08534E+02  8.99704E+02  8.89907E+02  8.78198E+02  8.72877E+02 -9.99990E+02 -9.99990E+02 -9.99990E+02 -9.99990E+02 -9.99990E+02 -9.99990E+02 -9.99990E+02 -9.99990E+02 -9.99990E+02 -9.99990E+02 -9.99990E+02
 -9.99990E+02 -9.99990E+02 -9.99990E+02 -9.99990E+02 -9.99990E+02 -9.99990E+02 -9.99990E+02 -9.99990E+02  7.24361E+02  7.23763E+02  7.22317E+02  7.20179E+02  7.18083E+02  7.15465E+02  7.12707E+02  7.10115E+02  7.07240E+02  7.05331E+02  7.04226E+02  7.03521E+02  7.03571E+02  7.04510E+02  7.05990E+02  7.08330E+02  7.11228E+02  7.14869E+02  7.19366E+02  7.24660E+02  7.30961E+02  7.37630E+02  7.45016E+02  7.53324E+02  7.62122E+02  7.71538E+02  7.81099E+02  7.90483E+02  8.00131E+02  8.11186E+02  8.23599E+02  8.35510E+02  8.46316E+02  8.56647E+02  8.66586E+02  8.76972E+02  8.87467E+02  8.96192E+02  9.03629E+02  9.10744E+02  9.16434E+02  9.21238E+02  9.24336E+02  9.25482E+02  9.25383E+02  9.23141E+02  9.19443E+02  9.13154E+02  9.05352E+02  8.96354E+02  8.88410E+02  8.80318E+02  8.72175E+02  8.67864E+02 -9.99990E+02 -9.99990E+02 -9.99990E+02 -9.99990E+02 -9.99990E+02 -9.99990E+02 -9.99990E+02 -9.99990E+02 -9.99990E+02 -9.99990E+02 -9.99990E+02
 -9.99990E+02 -9.99990E+02 -9.99990E+02 -9.99990E+02 -9.99990E+02 -9.99990E+02 -9.99990E+02 -9.99990E+02  7.17591E+02  7.16035E+02  7.13755E+02  7.10932E+02  7.07713E+02  7.04080E+02  7.00472E+02  6.97445E+02  6.94440E+02  6.92757E+02  6.91371E+02  6.90939E+02  6.90916E+02  6.92436E+02  6.94879E+02  6.98039E+02  7.01840E+02  7.06284E+02  7.11157E+02  7.17076E+02  7.23825E+02  7.31064E+02  7.38882E+02  7.47560E+02  7.56829E+02  7.66549E+02  7.76158E+02  7.85635E+02  7.95316E+02  8.04842E+02  8.16066E+02  8.27599E+02  8.38137E+02  8.47879E+02  8.57413E+02  8.67634E+02  8.77353E+02  8.85646E+02  8.92879E+02  8.99381E+02  9.04337E+02  9.08346E+02  9.10908E+02  9.11814E+02  9.11377E+02  9.08919E+02  9.04562E+02  8.98693E+02  8.91685E+02  8.83693E+02  8.76312E+02  8.68727E+02  8.61609E+02  8.56702E+02 -9.99990E+02 -9.99990E+02 -9.99990E+02  8.01565E+02  8.00900E+02 -9.99990E+02 -9.99990E+02 -9.99990E+02 -9.99990E+02 -9.99990E+02 -9.99990E+02
 -9.99990E+02 -9.99990E+02 -9.99990E+02 -9.99990E+02 -9.99990E+02 -9.99990E+02 -9.99990E+02 -9.99990E+02  7.12927E+02  7.08879E+02  7.05619E+02  7.01911E+02  6.97357E+02  6.92655E+02  6.88064E+02  6.83845E+02  6.80329E+02  6.78009E+02  6.76488E+02  6.76256E+02  6.76786E+02  6.79061E+02  6.82257E+02  6.86434E+02  6.91421E+02  6.96644E+02  7.02199E+02  7.08678E+02  7.15939E+02  7.23581E+02  7.31921E+02  7.41078E+02  7.50921E+02  7.60754E+02  7.70318E+02  7.79845E+02  7.89274E+02  7.98522E+02  8.07778E+02  8.17916E+02  8.28254E+02  8.37491E+02  8.46756E+02  8.56517E+02  8.65655E+02  8.73352E+02  8.80437E+02  8.85877E+02  8.90072E+02  8.93910E+02  8.95816E+02  8.96346E+02  8.95583E+02  8.92776E+02  8.88255E+02  8.82646E+02  8.76508E+02  8.68878E+02  8.61891E+02  8.55237E+02  8.47721E+02  8.38800E+02  8.23494E+02  8.13389E+02  8.06840E+02  8.02721E+02  8.00683E+02  7.99100E+02 -9.99990E+02 -9.99990E+02 -9.99990E+02 -9.99990E+02 -9.99990E+02
 -9.99990E+02 -9.99990E+02 -9.99990E+02 -9.99990E+02 -9.99990E+02 -9.99990E+02 -9.99990E+02 -9.99990E+02 -9.99990E+02  7.00892E+02  6.97986E+02  6.93366E+02  6.87436E+02  6.81258E+02  6.75344E+02  6.69575E+02  6.64414E+02  6.61045E+02  6.59299E+02  6.59621E+02  6.61240E+02  6.64352E+02  6.68402E+02  6.73740E+02  6.79465E+02  6.85505E+02  6.92097E+02  6.99173E+02  7.06840E+02  7.15047E+02  7.24029E+02  7.33646E+02  7.43921E+02  7.53574E+02  7.63091E+02  7.72858E+02  7.82511E+02  7.91662E+02  7.99728E+02  8.07381E+02  8.16810E+02  8.26051E+02  8.35251E+02  8.43725E+02  8.52077E+02  8.59484E+02  8.65614E+02  8.70382E+02  8.74073E+02  8.77386E+02  8.79233E+02  8.79373E+02  8.78802E+02  8.75787E+02  8.71166E+02  8.65794E+02  8.60040E+02  8.53560E+02  8.47341E+02  8.41187E+02  8.34498E+02  8.26946E+02  8.17837E+02  8.10375E+02  8.04855E+02  8.01026E+02  7.99117E+02  7.97784E+02  7.96588E+02 -9.99990E+02 -9.99990E+02 -9.99990E+02 -9.99990E+02
 -9.99990E+02 -9.99990E+02 -9.99990E+02 -9.99990E+02 -9.99990E+02 -9.99990E+02 -9.99990E+02 -9.99990E+02 -9.99990E+02  6.96105E+02  6.91398E+02  6.85552E+02  6.77411E+02  6.69566E+02  6.62053E+02  6.54326E+02  6.47162E+02  6.41818E+02  6.40019E+02  6.41123E+02  6.43988E+02  6.48166E+02  6.53311E+02  6.59506E+02  6.66033E+02  6.73178E+02  6.80730E+02  6.88599E+02  6.96857E+02  7.05603E+02  7.14897E+02  7.24803E+02  7.34954E+02  7.44864E+02  7.54686E+02  7.64844E+02  7.74468E+02  7.83280E+02  7.91190E+02  7.98239E+02  8.05229E+02  8.13151E+02  8.21748E+02  8.29893E+02  8.37793E+02  8.44693E+02  8.50245E+02  8.54529E+02  8.57737E+02  8.60750E+02  8.62291E+02  8.61988E+02  8.61107E+02  8.57912E+02  8.53858E+02  8.49150E+02  8.43864E+02  8.38413E+02  8.33113E+02  8.27581E+02  8.21878E+02  8.15957E+02  8.09744E+02  8.04293E+02  8.00223E+02  7.97077E+02  7.95250E+02  7.94781E+02  7.95632E+02 -9.99990E+02 -9.99990E+02 -9.99990E+02 -9.99990E+02
 -9.99990E+02 -9.99990E+02 -9.99990E+02 -9.99990E+02 -9.99990E+02 -9.99990E+02 -9.99990E+02 -9.99990E+02 -9.99990E+02 -9.99990E+02  6.85171E+02  6.79357E+02  6.66645E+02  6.57364E+02  6.48316E+02  6.38391E+02  6.28042E+02  6.19876E+02  6.18810E+02  6.20893E+02  6.25203E+02  6.30577E+02  6.37039E+02  6.44259E+02  6.51478E+02  6.59535E+02  6.67944E+02  6.76992E+02  6.86206E+02  6.95256E+02  7.04828E+02  7.14875E+02  7.24842E+02  7.35078E+02  7.45796E+02  7.55796E+02  7.65356E+02  7.73872E+02  7.81684E+02  7.88581E+02  7.94715E+02  8.00719E+02  8.08421E+02  8.16168E+02  8.23174E+02  8.28928E+02  8.33882E+02  8.38195E+02  8.41073E+02  8.43617E+02  8.44662E+02  8.44199E+02  8.42562E+02  8.39831E+02  8.36277E+02  8.32316E+02  8.27711E+02  8.23170E+02  8.18635E+02  8.13994E+02  8.09278E+02  8.04463E+02  7.99987E+02  7.96218E+02  7.93276E+02  7.91152E+02  7.89868E+02  7.89579E+02 -9.99990E+02 -9.99990E+02 -9.99990E+02 -9.99990E+02 -9.99990E+02
 -9.99990E+02 -9.99990E+02 -9.99990E+02 -9.99990E+02 -9.99990E+02 -9.99990E+02 -9.99990E+02 -9.99990E+02 -9.99990E+02 -9.99990E+02 -9.99990E+02 -9.99990E+02  6.50322E+02  6.43679E+02  6.34100E+02  6.21564E+02  6.07041E+02  5.90846E+02  5.93578E+02  5.98442E+02  6.04466E+02  6.11333E+02  6.19621E+02  6.27990E+02  6.36338E+02  6.45452E+02  6.55101E+02  6.64941E+02  6.74563E+02  6.84203E+02  6.94193E+02  7.04281E+02  7.14372E+02  7.24849E+02  7.35854E+02  7.45820E+02  7.55182E+02  7.63522E+02  7.71368E+02  7.78279E+02  7.84076E+02  7.89822E+02  7.95798E+02  8.02037E+02  8.08040E+02  8.12996E+02  8.17358E+02  8.21583E+02  8.24073E+02  8.25914E+02  8.26604E+02  8.26406E+02  8.24545E+02  8.21773E+02  8.18461E+02  8.15065E+02  8.11409E+02  8.07604E+02  8.03765E+02  8.00046E+02  7.96418E+02  7.92895E+02  7.89643E+02  7.86721E+02  7.84492E+02  7.83394E+02  7.83096E+02  7.83876E+02 -9.99990E+02 -9.99990E+02 -9.99990E+02 -9.99990E+02 -9.99990E+02
 -9.99990E+02 -9.99990E+02 -9.99990E+02 -9.99990E+02 -9.99990E+02 -9.99990E+02 -9.99990E+02 -9.99990E+02 -9.99990E+02 -9.99990E+02 -9.99990E+02 -9.99990E+02  6.40929E+02  6.32299E+02  6.21116E+02  6.06340E+02  5.90419E+02  5.71303E+02  5.66268E+02  5.74716E+02  5.82357E+02  5.91030E+02  6.01173E+02  6.11109E+02  6.20940E+02  6.31279E+02  6.41896E+02  6.52346E+02  6.62402E+02  6.72396E+02  6.82535E+02  6.92958E+02  7.03595E+02  7.14640E+02  7.25486E+02  7.35369E+02  7.44330E+02  7.52618E+02  7.60349E+02  7.67083E+02  7.73260E+02  7.78783E+02  7.84008E+02  7.88368E+02  7.92720E+02  7.97004E+02  8.00727E+02  8.04336E+02  8.06915E+02  8.08501E+02  8.09087E+02  8.08279E+02  8.06464E+02  8.03984E+02  8.00940E+02  7.97859E+02  7.94797E+02  7.91739E+02  7.88802E+02  7.85920E+02  7.83215E+02  7.80605E+02  7.77757E+02  7.75757E+02  7.74204E+02  7.73616E+02  7.74054E+02  7.78651E+02 -9.99990E+02 -9.99990E+02 -9.99990E+02 -9.99990E+02 -9.99990E+02
 -9.99990E+02 -9.99990E+02 -9.99990E+02 -9.99990E+02 -9.99990E+02 -9.99990E+02 -9.99990E+02 -9.99990E+02 -9.99990E+02 -9.99990E+02 -9.99990E+02 -9.99990E+02 -9.99990E+02  6.22252E+02  6.11728E+02  5.91529E+02  5.76609E+02  5.61650E+02  5.45812E+02  5.51967E+02  5.59395E+02  5.69983E+02  5.81943E+02  5.93685E+02  6.05080E+02  6.16917E+02  6.28240E+02  6.39191E+02  6.49831E+02  6.60234E+02  6.70759E+02  6.81639E+02  6.92916E+02  7.04262E+02  7.14637E+02  7.24085E+02  7.32827E+02  7.40844E+02  7.48519E+02  7.55529E+02  7.61423E+02  7.66799E+02  7.71551E+02  7.75418E+02  7.78692E+02  7.81626E+02  7.84209E+02  7.86900E+02  7.89408E+02  7.90597E+02  7.90957E+02  7.89729E+02  7.87958E+02  7.85857E+02  7.83609E+02  7.81113E+02  7.78656E+02  7.76325E+02  7.74010E+02  7.71428E+02  7.69155E+02  7.67291E+02  7.65344E+02  7.63910E+02  7.62776E+02  7.61869E+02  7.60979E+02 -9.99990E+02 -9.99990E+02 -9.99990E+02 -9.99990E+02 -9.99990E+02 -9.99990E+02
 -9.99990E+02 -9.99990E+02 -9.99990E+02 -9.99990E+02 -9.99990E+02 -9.99990E+02 -9.99990E+02 -9.99990E+02 -9.99990E+02 -9.99990E+02 -9.99990E+02 -9.99990E+02 -9.99990E+02 -9.99990E+02 -9.99990E+02  5.69766E+02  5.62785E+02  5.52796E+02  5.42330E+02  5.32760E+02  5.34532E+02  5.47445E+02  5.62155E+02  5.75730E+02  5.88738E+02  6.01771E+02  6.13978E+02  6.25616E+02  6.36913E+02  6.47914E+02  6.58854E+02  6.70218E+02  6.81891E+02  6.92955E+02  7.03074E+02  7.12205E+02  7.20628E+02  7.28342E+02  7.35656E+02  7.42474E+02  7.48258E+02  7.53361E+02  7.57741E+02  7.61426E+02  7.64589E+02  7.67344E+02  7.69304E+02  7.70486E+02  7.71444E+02  7.71894E+02  7.71713E+02  7.70782E+02  7.69273E+02  7.67728E+02  7.66048E+02  7.64141E+02  7.62151E+02  7.60449E+02  7.58663E+02  7.56633E+02  7.54862E+02  7.53701E+02  7.52523E+02  7.51740E+02  7.50715E+02  7.49422E+02  7.46958E+02  7.40359E+02 -9.99990E+02 -9.99990E+02 -9.99990E+02 -9.99990E+02 -9.99990E+02
 -9.99990E+02 -9.99990E+02 -9.99990E+02 -9.99990E+02 -9.99990E+02 -9.99990E+02 -9.99990E+02 -9.99990E+02 -9.99990E+02 -9.99990E+02 -9.99990E+02 -9.99990E+02 -9.99990E+02 -9.99990E+02 -9.99990E+02  5.55551E+02  5.51342E+02  5.44542E+02  5.36744E+02  5.29299E+02  5.23087E+02  5.23382E+02  5.42424E+02  5.58219E+02  5.72849E+02  5.86571E+02  5.99306E+02  6.11548E+02  6.23708E+02  6.35556E+02  6.46842E+02  6.58454E+02  6.70103E+02  6.80953E+02  6.90722E+02  6.99390E+02  7.07388E+02  7.14833E+02  7.21943E+02  7.28247E+02  7.33921E+02  7.38961E+02  7.43247E+02  7.46685E+02  7.49756E+02  7.52998E+02  7.54631E+02  7.55365E+02  7.55580E+02  7.54960E+02  7.53795E+02  7.52527E+02  7.50827E+02  7.49547E+02  7.48139E+02  7.46762E+02  7.45371E+02  7.44171E+02  7.42882E+02  7.41649E+02  7.40659E+02  7.40149E+02  7.39518E+02  7.39053E+02  7.38362E+02  7.37304E+02  7.35865E+02  7.33642E+02 -9.99990E+02 -9.99990E+02 -9.99990E+02 -9.99990E+02 -9.99990E+02
 -9.99990E+02 -9.99990E+02 -9.99990E+02 -9.99990E+02 -9.99990E+02 -9.99990E+02 -9.99990E+02 -9.99990E+02 -9.99990E+02 -9.99990E+02 -9.99990E+02 -9.99990E+02 -9.99990E+02 -9.99990E+02 -9.99990E+02  5.45289E+02  5.42472E+02  5.37026E+02  5.30687E+02  5.24111E+02  5.17523E+02  5.11578E+02  5.25594E+02  5.41588E+02  5.56681E+02  5.70667E+02  5.84528E+02  5.97601E+02  6.10622E+02  6.23136E+02  6.34550E+02  6.46161E+02  6.57507E+02  6.68040E+02  6.77570E+02  6.85695E+02  6.93363E+02  7.00817E+02  7.07943E+02  7.14049E+02  7.19754E+02  7.24828E+02  7.28856E+02  7.31965E+02  7.34983E+02  7.37869E+02  7.39093E+02  7.39545E+02  7.39517E+02  7.38836E+02  7.37560E+02  7.35938E+02  7.34216E+02  7.32751E+02  7.31233E+02  7.29665E+02  7.28289E+02  7.27463E+02  7.26769E+02  7.26375E+02  7.26124E+02  7.26154E+02  7.25998E+02  7.25839E+02  7.25458E+02  7.25021E+02  7.24617E+02  7.24296E+02 -9.99990E+02 -9.99990E+02 -9.99990E+02 -9.99990E+02 -9.99990E+02
 -9.99990E+02 -9.99990E+02 -9.99990E+02 -9.99990E+02 -9.99990E+02 -9.99990E+02 -9.99990E+02 -9.99990E+02 -9.99990E+02 -9.99990E+02 -9.99990E+02 -9.99990E+02 -9.99990E+02 -9.99990E+02 -9.99990E+02  5.38053E+02  5.35361E+02  5.30416E+02  5.24663E+02  5.18328E+02  5.11442E+02  5.05957E+02  5.06894E+02  5.24698E+02  5.40077E+02  5.54728E+02  5.69164E+02  5.83137E+02  5.96970E+02  6.09540E+02  6.21634E+02  6.33354E+02  6.43982E+02  6.54014E+02  6.63225E+02  6.71443E+02  6.79223E+02  6.86534E+02  6.93155E+02  6.99110E+02  7.04849E+02  7.09934E+02  7.14004E+02  7.16804E+02  7.19485E+02  7.21846E+02  7.22946E+02  7.23038E+02  7.22675E+02  7.22032E+02  7.20950E+02  7.19539E+02  7.17909E+02  7.16177E+02  7.14541E+02  7.13021E+02  7.11604E+02  7.10471E+02  7.09909E+02  7.10018E+02  7.10663E+02  7.11379E+02  7.11629E+02  7.11676E+02  7.11772E+02  7.12160E+02  7.13187E+02  7.15005E+02 -9.99990E+02 -9.99990E+02 -9.99990E+02 -9.99990E+02 -9.99990E+02
 -9.99990E+02 -9.99990E+02 -9.99990E+02 -9.99990E+02 -9.99990E+02 -9.99990E+02 -9.99990E+02 -9.99990E+02 -9.99990E+02 -9.99990E+02 -9.99990E+02 -9.99990E+02 -9.99990E+02 -9.99990E+02 -9.99990E+02  5.33787E+02  5.29899E+02  5.24757E+02  5.18924E+02  5.11897E+02  5.03915E+02  4.96457E+02  4.94476E+02  5.09712E+02  5.24192E+02  5.38477E+02  5.52773E+02  5.67821E+02  5.81756E+02  5.94796E+02  6.07361E+02  6.19119E+02  6.29768E+02  6.39585E+02  6.48542E+02  6.56786E+02  6.64690E+02  6.71857E+02  6.78392E+02  6.84212E+02  6.89537E+02  6.94467E+02  6.98299E+02  7.01060E+02  7.03209E+02  7.05254E+02  7.06596E+02  7.06390E+02  7.05754E+02  7.05018E+02  7.03971E+02  7.02247E+02  7.00372E+02  6.98495E+02  6.96846E+02  6.95392E+02  6.94246E+02  6.93371E+02  6.93327E+02  6.93990E+02  6.95374E+02  6.96562E+02  6.97135E+02  6.97392E+02  6.97913E+02  6.98677E+02  7.00849E+02  7.07727E+02 -9.99990E+02 -9.99990E+02 -9.99990E+02 -9.99990E+02 -9.99990E+02
 -9.99990E+02 -9.99990E+02 -9.99990E+02 -9.99990E+02 -9.99990E+02 -9.99990E+02 -9.99990E+02 -9.99990E+02 -9.99990E+02 -9.99990E+02 -9.99990E+02 -9.99990E+02 -9.99990E+02 -9.99990E+02 -9.99990E+02 -9.99990E+02  5.25023E+02  5.19654E+02  5.13844E+02  5.06010E+02  4.95544E+02  4.83075E+02  4.85528E+02  4.95130E+02  5.07578E+02  5.20729E+02  5.34676E+02  5.49997E+02  5.64796E+02  5.78660E+02  5.91333E+02  6.03147E+02  6.14069E+02  6.24129E+02  6.33278E+02  6.41596E+02  6.49519E+02  6.56684E+02  6.63142E+02  6.68783E+02  6.73790E+02  6.78281E+02  6.82077E+02  6.84997E+02  6.86822E+02  6.87977E+02  6.89049E+02  6.89336E+02  6.88561E+02  6.87585E+02  6.86184E+02  6.83957E+02  6.81678E+02  6.79200E+02  6.77486E+02  6.76163E+02  6.75543E+02  6.75655E+02  6.76498E+02  6.78149E+02  6.80191E+02  6.82102E+02  6.82980E+02  6.83385E+02  6.84048E+02  6.84202E+02  6.84444E+02 -9.99990E+02 -9.99990E+02 -9.99990E+02 -9.99990E+02 -9.99990E+02 -9.99990E+02
 -9.99990E+02 -9.99990E+02 -9.99990E+02 -9.99990E+02 -9.99990E+02 -9.99990E+02 -9.99990E+02 -9.99990E+02 -9.99990E+02 -9.99990E+02 -9.99990E+02 -9.99990E+02 -9.99990E+02 -9.99990E+02 -9.99990E+02 -9.99990E+02 -9.99990E+02  5.14818E+02  5.10197E+02  5.01626E+02  4.87768E+02  4.75107E+02  4.69042E+02  4.77360E+02  4.89044E+02  5.01377E+02  5.15029E+02  5.30524E+02  5.45941E+02  5.60724E+02  5.74028E+02  5.86144E+02  5.97317E+02  6.07593E+02  6.17080E+02  6.25615E+02  6.33505E+02  6.40923E+02  6.47450E+02  6.52913E+02  6.57619E+02  6.61577E+02  6.64938E+02  6.67733E+02  6.69844E+02  6.70718E+02  6.70844E+02  6.70764E+02  6.70400E+02  6.69384E+02  6.67287E+02  6.64508E+02  6.61431E+02  6.58379E+02  6.56285E+02  6.55154E+02  6.55210E+02  6.56695E+02  6.58891E+02  6.61649E+02  6.64548E+02  6.67339E+02  6.69183E+02  6.70007E+02  6.70417E+02  6.69888E+02  6.68489E+02  6.64102E+02 -9.99990E+02 -9.99990E+02 -9.99990E+02 -9.99990E+02 -9.99990E+02
 -9.99990E+02 -9.99990E+02 -9.99990E+02 -9.99990E+02 -9.99990E+02 -9.99990E+02 -9.99990E+02 -9.99990E+02 -9.99990E+02 -9.99990E+02 -9.99990E+02 -9.99990E+02 -9.99990E+02 -9.99990E+02 -9.99990E+02 -9.99990E+02 -9.99990E+02 -9.99990E+02 -9.99990E+02 -9.99990E+02  4.77611E+02  4.67038E+02  4.57582E+02  4.55915E+02  4.67514E+02  4.79117E+02  4.93359E+02  5.09790E+02  5.26365E+02  5.41838E+02  5.55934E+02  5.68584E+02  5.79926E+02  5.90358E+02  5.99995E+02  6.08683E+02  6.16738E+02  6.24328E+02  6.30896E+02  6.36175E+02  6.40619E+02  6.44186E+02  6.47231E+02  6.49721E+02  6.51709E+02  6.52749E+02  6.52684E+02  6.51684E+02  6.50694E+02  6.49189E+02  6.46221E+02  6.42299E+02  6.38340E+02  6.34808E+02  6.32004E+02  6.31249E+02  6.32790E+02  6.36395E+02  6.40380E+02  6.44651E+02  6.48462E+02  6.52021E+02  6.54690E+02  6.56091E+02  6.56224E+02  6.55974E+02  6.56344E+02  6.60053E+02 -9.99990E+02 -9.99990E+02 -9.99990E+02 -9.99990E+02 -9.99990E+02
 -9.99990E+02 -9.99990E+02 -9.99990E+02 -9.99990E+02 -9.99990E+02 -9.99990E+02 -9.99990E+02 -9.99990E+02 -9.99990E+02 -9.99990E+02 -9.99990E+02 -9.99990E+02 -9.99990E+02 -9.99990E+02 -9.99990E+02 -9.99990E+02 -9.99990E+02 -9.99990E+02 -9.99990E+02 -9.99990E+02 -9.99990E+02  4.56727E+02  4.46200E+02  4.41552E+02  4.45809E+02  4.53513E+02  4.68902E+02  4.88555E+02  5.06660E+02  5.22854E+02  5.37450E+02  5.50358E+02  5.61730E+02  5.72119E+02  5.81970E+02  5.90750E+02  5.98982E+02  6.06633E+02  6.13124E+02  6.18352E+02  6.22590E+02  6.26078E+02  6.29038E+02  6.31227E+02  6.32907E+02  6.33736E+02  6.33631E+02  6.31994E+02  6.30175E+02  6.27500E+02  6.23262E+02  6.18092E+02  6.12681E+02  6.07631E+02  6.03617E+02  6.03169E+02  6.06780E+02  6.14196E+02  6.21085E+02  6.27118E+02  6.32111E+02  6.36565E+02  6.39875E+02  6.41690E+02  6.41933E+02  6.41600E+02  6.41506E+02 -9.99990E+02 -9.99990E+02 -9.99990E+02 -9.99990E+02 -9.99990E+02 -9.99990E+02
 -9.99990E+02 -9.99990E+02 -9.99990E+02 -9.99990E+02 -9.99990E+02 -9.99990E+02 -9.99990E+02 -9.99990E+02 -9.99990E+02 -9.99990E+02 -9.99990E+02 -9.99990E+02 -9.99990E+02 -9.99990E+02 -9.99990E+02 -9.99990E+02 -9.99990E+02 -9.99990E+02 -9.99990E+02 -9.99990E+02 -9.99990E+02 -9.99990E+02  4.38666E+02  4.37546E+02  4.38804E+02  4.42176E+02  4.46455E+02  4.68360E+02  4.87223E+02  5.03738E+02  5.18406E+02  5.30966E+02  5.42129E+02  5.52405E+02  5.62145E+02  5.71377E+02  5.80067E+02  5.87809E+02  5.94080E+02  5.99305E+02  6.03435E+02  6.06874E+02  6.09767E+02  6.11857E+02  6.13100E+02  6.13376E+02  6.13205E+02  6.11120E+02  6.08440E+02  6.04371E+02  5.98952E+02  5.92080E+02  5.84888E+02  5.76929E+02  5.69280E+02  5.69414E+02  5.74939E+02  5.91124E+02  6.02017E+02  6.09931E+02  6.16240E+02  6.21257E+02  6.24942E+02  6.26803E+02  6.27007E+02  6.26604E+02  6.26395E+02 -9.99990E+02 -9.99990E+02 -9.99990E+02 -9.99990E+02 -9.99990E+02 -9.99990E+02
 -9.99990E+02 -9.99990E+02 -9.99990E+02 -9.99990E+02 -9.99990E+02 -9.99990E+02 -9.99990E+02 -9.99990E+02 -9.99990E+02 -9.99990E+02 -9.99990E+02 -9.99990E+02 -9.99990E+02 -9.99990E+02 -9.99990E+02 -9.99990E+02 -9.99990E+02 -9.99990E+02 -9.99990E+02 -9.99990E+02 -9.99990E+02 -9.99990E+02  4.32106E+02  4.30165E+02  4.28815E+02  4.29261E+02  4.30520E+02  4.50799E+02  4.68931E+02  4.84917E+02  4.98777E+02  5.10903E+02  5.21529E+02  5.31723E+02  5.41457E+02  5.51114E+02  5.60002E+02  5.67545E+02  5.73742E+02  5.79008E+02  5.83400E+02  5.86785E+02  5.89558E+02  5.91404E+02  5.92254E+02  5.92137E+02  5.91323E+02  5.89025E+02  5.84962E+02  5.79579E+02  5.73123E+02  5.64822E+02  5.55572E+02  5.43918E+02  5.25690E+02  5.31966E+02  5.54963E+02  5.72160E+02  5.84997E+02  5.94246E+02  6.00920E+02  6.06405E+02  6.10171E+02  6.12047E+02  6.12678E+02  6.12131E+02  6.11121E+02 -9.99990E+02 -9.99990E+02 -9.99990E+02 -9.99990E+02 -9.99990E+02 -9.99990E+02
 -9.99990E+02 -9.99990E+02 -9.99990E+02 -9.99990E+02 -9.99990E+02 -9.99990E+02 -9.99990E+02 -9.99990E+02 -9.99990E+02 -9.99990E+02 -9.99990E+02 -9.99990E+02 -9.99990E+02 -9.99990E+02 -9.99990E+02 -9.99990E+02 -9.99990E+02 -9.99990E+02 -9.99990E+02 -9.99990E+02 -9.99990E+02 -9.99990E+02  4.26857E+02  4.21339E+02  4.16619E+02  4.15076E+02  4.16851E+02  4.34906E+02  4.51486E+02  4.66131E+02  4.78912E+02  4.89881E+02  4.99762E+02  5.09638E+02  5.19779E+02  5.29617E+02  5.38223E+02  5.45942E+02  5.52270E+02  5.57792E+02  5.62470E+02  5.66020E+02  5.68575E+02  5.70068E+02  5.70415E+02  5.69873E+02  5.68311E+02  5.65410E+02  5.60506E+02  5.53814E+02  5.45507E+02  5.36502E+02  5.26244E+02  5.15654E+02  5.01368E+02  5.19913E+02  5.39303E+02  5.56002E+02  5.69331E+02  5.78972E+02  5.86082E+02  5.91668E+02  5.95506E+02  5.97747E+02  5.98848E+02  5.98324E+02  5.96758E+02 -9.99990E+02 -9.99990E+02 -9.99990E+02 -9.99990E+02 -9.99990E+02 -9.99990E+02
 -9.99990E+02 -9.99990E+02 -9.99990E+02 -9.99990E+02 -9.99990E+02 -9.99990E+02 -9.99990E+02 -9.99990E+02 -9.99990E+02 -9.99990E+02 -9.99990E+02 -9.99990E+02 -9.99990E+02 -9.99990E+02 -9.99990E+02 -9.99990E+02 -9.99990E+02 -9.99990E+02 -9.99990E+02 -9.99990E+02 -9.99990E+02 -9.99990E+02 -9.99990E+02  4.11052E+02  4.00550E+02  3.97472E+02  4.06215E+02  4.19931E+02  4.34022E+02  4.47395E+02  4.58458E+02  4.67460E+02  4.75405E+02  4.85407E+02  4.96319E+02  5.06632E+02  5.15464E+02  5.23168E+02  5.30126E+02  5.36033E+02  5.40993E+02  5.44755E+02  5.47213E+02  5.48430E+02  5.48170E+02  5.46692E+02  5.44260E+02  5.40535E+02  5.34912E+02  5.27282E+02  5.17586E+02  5.06415E+02  4.96248E+02  4.89389E+02  4.83145E+02  5.06230E+02  5.25576E+02  5.41776E+02  5.54440E+02  5.63962E+02  5.71558E+02  5.77555E+02  5.81888E+02  5.84725E+02  5.85848E+02  5.84560E+02  5.80340E+02  5.70093E+02  5.65527E+02 -9.99990E+02 -9.99990E+02 -9.99990E+02 -9.99990E+02
 -9.99990E+02 -9.99990E+02 -9.99990E+02 -9.99990E+02 -9.99990E+02 -9.99990E+02 -9.99990E+02 -9.99990E+02 -9.99990E+02 -9.99990E+02 -9.99990E+02 -9.99990E+02 -9.99990E+02 -9.99990E+02 -9.99990E+02 -9.99990E+02 -9.99990E+02 -9.99990E+02 -9.99990E+02 -9.99990E+02 -9.99990E+02 -9.99990E+02 -9.99990E+02 -9.99990E+02  3.87266E+02  3.84842E+02  3.90798E+02  4.03997E+02  4.16056E+02  4.28005E+02  4.37825E+02  4.44065E+02  4.46251E+02  4.58412E+02  4.70554E+02  4.81819E+02  4.91454E+02  4.99854E+02  5.07423E+02  5.13719E+02  5.18967E+02  5.22923E+02  5.25173E+02  5.25901E+02  5.25268E+02  5.23731E+02  5.20757E+02  5.15869E+02  5.09277E+02  5.01053E+02  4.89492E+02  4.74752E+02  4.60054E+02  4.60797E+02  4.75709E+02  4.96035E+02  5.13667E+02  5.28449E+02  5.40461E+02  5.50184E+02  5.58245E+02  5.64657E+02  5.69405E+02  5.72220E+02  5.73487E+02  5.72502E+02  5.69469E+02  5.64517E+02  5.61209E+02 -9.99990E+02 -9.99990E+02 -9.99990E+02 -9.99990E+02
 -9.99990E+02 -9.99990E+02 -9.99990E+02 -9.99990E+02 -9.99990E+02 -9.99990E+02 -9.99990E+02 -9.99990E+02 -9.99990E+02 -9.99990E+02 -9.99990E+02 -9.99990E+02 -9.99990E+02 -9.99990E+02 -9.99990E+02 -9.99990E+02 -9.99990E+02 -9.99990E+02 -9.99990E+02 -9.99990E+02 -9.99990E+02 -9.99990E+02 -9.99990E+02 -9.99990E+02  3.83797E+02  3.80335E+02  3.78891E+02  3.88620E+02  3.98644E+02  4.09051E+02  4.18119E+02  4.22903E+02  4.20853E+02  4.29079E+02  4.43893E+02  4.56433E+02  4.67277E+02  4.76633E+02  4.84227E+02  4.90868E+02  4.96614E+02  5.00889E+02  5.02932E+02  5.03240E+02  5.02662E+02  5.00769E+02  4.97431E+02  4.91893E+02  4.84491E+02  4.75280E+02  4.62387E+02  4.42968E+02  4.46452E+02  4.56199E+02  4.70642E+02  4.86230E+02  5.01542E+02  5.15220E+02  5.27141E+02  5.37193E+02  5.45615E+02  5.52511E+02  5.57439E+02  5.60586E+02  5.62102E+02  5.61901E+02  5.60192E+02  5.57106E+02  5.53773E+02  5.49100E+02 -9.99990E+02 -9.99990E+02 -9.99990E+02
 -9.99990E+02 -9.99990E+02 -9.99990E+02 -9.99990E+02 -9.99990E+02 -9.99990E+02 -9.99990E+02 -9.99990E+02 -9.99990E+02 -9.99990E+02 -9.99990E+02 -9.99990E+02 -9.99990E+02 -9.99990E+02 -9.99990E+02 -9.99990E+02 -9.99990E+02 -9.99990E+02 -9.99990E+02 -9.99990E+02 -9.99990E+02 -9.99990E+02 -9.99990E+02 -9.99990E+02 -9.99990E+02  3.73332E+02  3.71831E+02  3.72590E+02  3.81245E+02  3.90127E+02  3.98771E+02  4.04300E+02  4.04986E+02  4.03878E+02  4.18075E+02  4.31895E+02  4.43932E+02  4.53800E+02  4.61363E+02  4.68127E+02  4.73953E+02  4.78317E+02  4.80502E+02  4.80755E+02  4.79994E+02  4.77640E+02  4.73971E+02  4.68466E+02  4.61001E+02  4.51315E+02  4.38913E+02  4.22448E+02  4.31235E+02  4.44485E+02  4.59865E+02  4.75006E+02  4.89555E+02  5.03136E+02  5.14993E+02  5.25081E+02  5.33783E+02  5.40897E+02  5.46093E+02  5.49522E+02  5.51654E+02  5.52461E+02  5.51938E+02  5.50194E+02  5.47933E+02  5.44703E+02  5.41260E+02 -9.99990E+02 -9.99990E+02
 -9.99990E+02 -9.99990E+02 -9.99990E+02 -9.99990E+02 -9.99990E+02 -9.99990E+02 -9.99990E+02 -9.99990E+02 -9.99990E+02 -9.99990E+02 -9.99990E+02 -9.99990E+02 -9.99990E+02 -9.99990E+02 -9.99990E+02 -9.99990E+02 -9.99990E+02 -9.99990E+02 -9.99990E+02 -9.99990E+02 -9.99990E+02 -9.99990E+02 -9.99990E+02 -9.99990E+02 -9.99990E+02  3.67610E+02  3.66163E+02  3.63473E+02  3.63394E+02  3.69475E+02  3.80156E+02  3.86918E+02  3.89433E+02  3.88376E+02  3.92373E+02  4.08678E+02  4.21615E+02  4.31670E+02  4.39405E+02  4.45960E+02  4.51568E+02  4.55807E+02  4.57881E+02  4.58384E+02  4.57369E+02  4.54850E+02  4.50593E+02  4.45230E+02  4.38044E+02  4.29088E+02  4.18708E+02  4.07538E+02  4.11525E+02  4.30289E+02  4.47560E+02  4.63685E+02  4.78534E+02  4.91973E+02  5.03745E+02  5.13904E+02  5.22648E+02  5.29936E+02  5.35675E+02  5.39582E+02  5.42315E+02  5.43950E+02  5.44429E+02  5.43776E+02  5.42448E+02  5.40454E+02  5.38133E+02  5.35823E+02 -9.99990E+02
 -9.99990E+02 -9.99990E+02 -9.99990E+02 -9.99990E+02 -9.99990E+02 -9.99990E+02 -9.99990E+02 -9.99990E+02 -9.99990E+02 -9.99990E+02 -9.99990E+02 -9.99990E+02 -9.99990E+02 -9.99990E+02 -9.99990E+02 -9.99990E+02 -9.99990E+02 -9.99990E+02 -9.99990E+02 -9.99990E+02 -9.99990E+02 -9.99990E+02 -9.99990E+02 -9.99990E+02 -9.99990E+02  3.62884E+02  3.61146E+02  3.58548E+02  3.56285E+02  3.53739E+02  3.64026E+02  3.70273E+02  3.73982E+02  3.74429E+02  3.73106E+02  3.87956E+02  4.00664E+02  4.10305E+02  4.17685E+02  4.23719E+02  4.28992E+02  4.32531E+02  4.34661E+02  4.35299E+02  4.34669E+02  4.32703E+02  4.28137E+02  4.22027E+02  4.15041E+02  4.06603E+02  3.98413E+02  3.93851E+02  3.95341E+02  4.17566E+02  4.36437E+02  4.52591E+02  4.67265E+02  4.80887E+02  4.92924E+02  5.03311E+02  5.12378E+02  5.19926E+02  5.26023E+02  5.30565E+02  5.33987E+02  5.36239E+02  5.37509E+02  5.37794E+02  5.37243E+02  5.36039E+02  5.34699E+02  5.33495E+02 -9.99990E+02
 -9.99990E+02 -9.99990E+02 -9.99990E+02 -9.99990E+02 -9.99990E+02 -9.99990E+02 -9.99990E+02 -9.99990E+02 -9.99990E+02 -9.99990E+02 -9.99990E+02 -9.99990E+02 -9.99990E+02 -9.99990E+02 -9.99990E+02 -9.99990E+02 -9.99990E+02 -9.99990E+02 -9.99990E+02 -9.99990E+02 -9.99990E+02 -9.99990E+02 -9.99990E+02 -9.99990E+02 -9.99990E+02  3.59772E+02  3.56645E+02  3.53072E+02  3.49140E+02  3.43740E+02  3.49612E+02  3.54184E+02  3.57965E+02  3.58553E+02  3.55571E+02  3.68477E+02  3.79754E+02  3.88583E+02  3.95646E+02  4.01144E+02  4.05883E+02  4.09418E+02  4.11878E+02  4.13038E+02  4.12644E+02  4.10394E+02  4.05669E+02  3.98990E+02  3.91722E+02  3.83064E+02  3.74598E+02  3.74218E+02  3.88959E+02  4.08074E+02  4.25823E+02  4.41773E+02  4.56201E+02  4.69697E+02  4.82061E+02  4.92993E+02  5.02581E+02  5.10528E+02  5.16975E+02  5.21679E+02  5.25363E+02  5.28241E+02  5.30262E+02  5.31363E+02  5.31722E+02  5.31262E+02  5.30475E+02  5.29766E+02  5.28201E+02
 -9.99990E+02 -9.99990E+02 -9.99990E+02 -9.99990E+02 -9.99990E+02 -9.99990E+02 -9.99990E+02 -9.99990E+02 -9.99990E+02 -9.99990E+02 -9.99990E+02 -9.99990E+02 -9.99990E+02 -9.99990E+02 -9.99990E+02 -9.99990E+02 -9.99990E+02 -9.99990E+02 -9.99990E+02 -9.99990E+02 -9.99990E+02 -9.99990E+02 -9.99990E+02 -9.99990E+02 -9.99990E+02 -9.99990E+02  3.52259E+02  3.47658E+02  3.43059E+02  3.36194E+02  3.35247E+02  3.36479E+02  3.42316E+02  3.43254E+02  3.40241E+02  3.49172E+02  3.58574E+02  3.66240E+02  3.72785E+02  3.78266E+02  3.82809E+02  3.86497E+02  3.89618E+02  3.91253E+02  3.90775E+02  3.88225E+02  3.83181E+02  3.76293E+02  3.68385E+02  3.58945E+02  3.62086E+02  3.70776E+02  3.83929E+02  3.99979E+02  4.16317E+02  4.31567E+02  4.45594E+02  4.58837E+02  4.71155E+02  4.82419E+02  4.92453E+02  5.01014E+02  5.07907E+02  5.13122E+02  5.17124E+02  5.20429E+02  5.23011E+02  5.24685E+02  5.25547E+02  5.25708E+02  5.25558E+02  5.25684E+02  5.26842E+02
 -9.99990E+02 -9.99990E+02 -9.99990E+02 -9.99990E+02 -9.99990E+02 -9.99990E+02 -9.99990E+02 -9.99990E+02 -9.99990E+02 -9.99990E+02 -9.99990E+02 -9.99990E+02 -9.99990E+02 -9.99990E+02 -9.99990E+02 -9.99990E+02 -9.99990E+02 -9.99990E+02 -9.99990E+02 -9.99990E+02 -9.99990E+02 -9.99990E+02 -9.99990E+02 -9.99990E+02 -9.99990E+02 -9.99990E+02 -9.99990E+02  3.41270E+02  3.38847E+02  3.34871E+02  3.31972E+02  3.29059E+02  3.27397E+02  3.28589E+02  3.25621E+02  3.27823E+02  3.35822E+02  3.43024E+02  3.49512E+02  3.55266E+02  3.59496E+02  3.63248E+02  3.66948E+02  3.69327E+02  3.69167E+02  3.66188E+02  3.61014E+02  3.54159E+02  3.45560E+02  3.42087E+02  3.52227E+02  3.63086E+02  3.76416E+02  3.91518E+02  4.06711E+02  4.21209E+02  4.35213E+02  4.48220E+02  4.60383E+02  4.71801E+02  4.82228E+02  4.91315E+02  4.98640E+02  5.04506E+02  5.08972E+02  5.12758E+02  5.15855E+02  5.18025E+02  5.19358E+02  5.19861E+02  5.20128E+02  5.20424E+02 -9.99990E+02
 -9.99990E+02 -9.99990E+02 -9.99990E+02 -9.99990E+02 -9.99990E+02 -9.99990E+02 -9.99990E+02 -9.99990E+02 -9.99990E+02 -9.99990E+02 -9.99990E+02 -9.99990E+02 -9.99990E+02 -9.99990E+02 -9.99990E+02 -9.99990E+02 -9.99990E+02 -9.99990E+02 -9.99990E+02 -9.99990E+02 -9.99990E+02 -9.99990E+02 -9.99990E+02 -9.99990E+02 -9.99990E+02 -9.99990E+02 -9.99990E+02  3.37016E+02  3.35200E+02  3.32249E+02  3.28618E+02  3.24154E+02  3.17225E+02  3.16310E+02  3.11992E+02  3.06036E+02  3.13240E+02  3.19342E+02  3.26514E+02  3.31866E+02  3.34604E+02  3.37896E+02  3.43923E+02  3.47325E+02  3.47685E+02  3.45042E+02  3.40061E+02  3.32960E+02  3.23227E+02  3.30417E+02  3.40712E+02  3.52898E+02  3.66704E+02  3.81403E+02  3.95866E+02  4.10302E+02  4.24637E+02  4.37959E+02  4.50327E+02  4.61871E+02  4.72445E+02  4.81787E+02  4.89450E+02  4.95710E+02  5.00918E+02  5.05069E+02  5.08436E+02  5.11275E+02  5.13193E+02  5.14006E+02  5.14626E+02  5.15718E+02 -9.99990E+02
 -9.99990E+02 -9.99990E+02 -9.99990E+02 -9.99990E+02 -9.99990E+02 -9.99990E+02 -9.99990E+02 -9.99990E+02 -9.99990E+02 -9.99990E+02 -9.99990E+02 -9.99990E+02 -9.99990E+02 -9.99990E+02 -9.99990E+02 -9.99990E+02 -9.99990E+02 -9.99990E+02 -9.99990E+02 -9.99990E+02 -9.99990E+02 -9.99990E+02 -9.99990E+02 -9.99990E+02 -9.99990E+02 -9.99990E+02 -9.99990E+02  3.34423E+02  3.31854E+02  3.29404E+02  3.26227E+02  3.21915E+02  3.16493E+02  3.10064E+02  3.08022E+02  3.04716E+02  3.01810E+02  2.95247E+02  3.04679E+02  3.09098E+02  3.12386E+02  3.14031E+02  3.21481E+02  3.26825E+02  3.28168E+02  3.25954E+02  3.20966E+02  3.13696E+02  3.05658E+02  3.15411E+02  3.27073E+02  3.40420E+02  3.55132E+02  3.70048E+02  3.84473E+02  3.99405E+02  4.14150E+02  4.27913E+02  4.40597E+02  4.52332E+02  4.63160E+02  4.72594E+02  4.80696E+02  4.87140E+02  4.92713E+02  4.97425E+02  5.01327E+02  5.04372E+02  5.06411E+02  5.07643E+02  5.08884E+02  5.12165E+02 -9.99990E+02
 -9.99990E+02 -9.99990E+02 -9.99990E+02 -9.99990E+02 -9.99990E+02 -9.99990E+02 -9.99990E+02 -9.99990E+02 -9.99990E+02 -9.99990E+02 -9.99990E+02 -9.99990E+02 -9.99990E+02 -9.99990E+02 -9.99990E+02 -9.99990E+02 -9.99990E+02 -9.99990E+02 -9.99990E+02 -9.99990E+02 -9.99990E+02 -9.99990E+02 -9.99990E+02 -9.99990E+02 -9.99990E+02 -9.99990E+02 -9.99990E+02 -9.99990E+02  3.28238E+02  3.26571E+02  3.23943E+02  3.20488E+02  3.16510E+02  3.12400E+02  3.09529E+02  3.06832E+02  3.04616E+02  3.02870E+02  3.05078E+02  3.06860E+02  3.07489E+02  3.06172E+02  3.02618E+02  3.09617E+02  3.11366E+02  3.09190E+02  3.03560E+02  2.94597E+02  2.87173E+02  2.97863E+02  3.11357E+02  3.26229E+02  3.41993E+02  3.57463E+02  3.73100E+02  3.89109E+02  4.04320E+02  4.18463E+02  4.31177E+02  4.42949E+02  4.53841E+02  4.63477E+02  4.71933E+02  4.78835E+02  4.84868E+02  4.89834E+02  4.93793E+02  4.96933E+02  4.98949E+02  5.00279E+02  5.01001E+02 -9.99990E+02 -9.99990E+02
 -9.99990E+02 -9.99990E+02 -9.99990E+02 -9.99990E+02 -9.99990E+02 -9.99990E+02 -9.99990E+02 -9.99990E+02 -9.99990E+02 -9.99990E+02 -9.99990E+02 -9.99990E+02 -9.99990E+02 -9.99990E+02 -9.99990E+02 -9.99990E+02 -9.99990E+02 -9.99990E+02 -9.99990E+02 -9.99990E+02 -9.99990E+02 -9.99990E+02 -9.99990E+02 -9.99990E+02 -9.99990E+02 -9.99990E+02 -9.99990E+02 -9.99990E+02  3.26332E+02  3.24458E+02  3.22242E+02  3.19697E+02  3.16645E+02  3.13558E+02  3.10936E+02  3.08612E+02  3.07020E+02  3.05511E+02  3.05411E+02  3.05060E+02  3.03641E+02  2.99587E+02  2.91334E+02  2.96888E+02  2.98068E+02  2.95146E+02  2.88748E+02  2.77996E+02  2.59895E+02  2.77014E+02  2.94552E+02  3.11094E+02  3.27811E+02  3.44697E+02  3.61445E+02  3.78187E+02  3.93936E+02  4.08614E+02  4.21918E+02  4.33666E+02  4.44481E+02  4.54331E+02  4.63250E+02  4.70822E+02  4.77351E+02  4.82574E+02  4.86718E+02  4.89872E+02  4.91878E+02  4.93168E+02  4.93728E+02 -9.99990E+02 -9.99990E+02
 -9.99990E+02 -9.99990E+02 -9.99990E+02 -9.99990E+02 -9.99990E+02 -9.99990E+02 -9.99990E+02 -9.99990E+02 -9.99990E+02 -9.99990E+02 -9.99990E+02 -9.99990E+02 -9.99990E+02 -9.99990E+02 -9.99990E+02 -9.99990E+02 -9.99990E+02 -9.99990E+02 -9.99990E+02 -9.99990E+02 -9.99990E+02 -9.99990E+02 -9.99990E+02 -9.99990E+02 -9.99990E+02 -9.99990E+02 -9.99990E+02 -9.99990E+02 -9.99990E+02  3.22674E+02  3.20950E+02  3.19157E+02  3.16767E+02  3.14290E+02  3.11944E+02  3.09553E+02  3.07617E+02  3.06090E+02  3.05125E+02  3.03676E+02  3.01034E+02  2.95787E+02  2.86207E+02  2.87508E+02  2.87236E+02  2.83924E+02  2.77690E+02  2.70138E+02  2.67738E+02  2.68663E+02  2.77543E+02  2.94808E+02  3.13005E+02  3.31022E+02  3.48614E+02  3.66199E+02  3.82925E+02  3.98363E+02  4.12438E+02  4.24320E+02  4.35135E+02  4.45261E+02  4.54622E+02  4.62961E+02  4.69741E+02  4.75441E+02  4.79937E+02  4.83180E+02  4.85195E+02  4.86493E+02  4.87080E+02 -9.99990E+02 -9.99990E+02
 -9.99990E+02 -9.99990E+02 -9.99990E+02 -9.99990E+02 -9.99990E+02 -9.99990E+02 -9.99990E+02 -9.99990E+02 -9.99990E+02 -9.99990E+02 -9.99990E+02 -9.99990E+02 -9.99990E+02 -9.99990E+02 -9.99990E+02 -9.99990E+02 -9.99990E+02 -9.99990E+02 -9.99990E+02 -9.99990E+02 -9.99990E+02 -9.99990E+02 -9.99990E+02 -9.99990E+02 -9.99990E+02 -9.99990E+02 -9.99990E+02 -9.99990E+02 -9.99990E+02 -9.99990E+02  3.19727E+02  3.18540E+02  3.16621E+02  3.14500E+02  3.12325E+02  3.09996E+02  3.07706E+02  3.05533E+02  3.03991E+02  3.02225E+02  2.99776E+02  2.95292E+02  2.88587E+02  2.81469E+02  2.78050E+02  2.74793E+02  2.73120E+02  2.73307E+02  2.72450E+02  2.71884E+02  2.71432E+02  2.77198E+02  2.97912E+02  3.16390E+02  3.35352E+02  3.54276E+02  3.71837E+02  3.87845E+02  4.02477E+02  4.14695E+02  4.26084E+02  4.36719E+02  4.46596E+02  4.55415E+02  4.62499E+02  4.68595E+02  4.73604E+02  4.77186E+02  4.79192E+02  4.80592E+02  4.81304E+02 -9.99990E+02 -9.99990E+02
 -9.99990E+02 -9.99990E+02 -9.99990E+02 -9.99990E+02 -9.99990E+02 -9.99990E+02 -9.99990E+02 -9.99990E+02 -9.99990E+02 -9.99990E+02 -9.99990E+02 -9.99990E+02 -9.99990E+02 -9.99990E+02 -9.99990E+02 -9.99990E+02 -9.99990E+02 -9.99990E+02 -9.99990E+02 -9.99990E+02 -9.99990E+02 -9.99990E+02 -9.99990E+02 -9.99990E+02 -9.99990E+02 -9.99990E+02 -9.99990E+02 -9.99990E+02 -9.99990E+02 -9.99990E+02 -9.99990E+02 -9.99990E+02 -9.99990E+02 -9.99990E+02 -9.99990E+02 -9.99990E+02 -9.99990E+02  3.04244E+02  3.02957E+02  3.00629E+02  2.98404E+02  2.95294E+02  2.90622E+02  2.85851E+02  2.82232E+02  2.79493E+02  2.77894E+02  2.76623E+02  2.75398E+02  2.74151E+02  2.72009E+02  2.68193E+02  2.83855E+02  3.00304E+02  3.21943E+02  3.42569E+02  3.61189E+02  3.77699E+02  3.92611E+02  4.05872E+02  4.17791E+02  4.28817E+02  4.38999E+02  4.47952E+02  4.55359E+02  4.61581E+02  4.66746E+02  4.70770E+02  4.73234E+02  4.75182E+02  4.76592E+02 -9.99990E+02 -9.99990E+02
 -9.99990E+02 -9.99990E+02 -9.99990E+02 -9.99990E+02 -9.99990E+02 -9.99990E+02 -9.99990E+02 -9.99990E+02 -9.99990E+02 -9.99990E+02 -9.99990E+02 -9.99990E+02 -9.99990E+02 -9.99990E+02 -9.99990E+02 -9.99990E+02 -9.99990E+02 -9.99990E+02 -9.99990E+02 -9.99990E+02 -9.99990E+02 -9.99990E+02 -9.99990E+02 -9.99990E+02 -9.99990E+02 -9.99990E+02 -9.99990E+02 -9.99990E+02 -9.99990E+02 -9.99990E+02 -9.99990E+02 -9.99990E+02 -9.99990E+02 -9.99990E+02 -9.99990E+02 -9.99990E+02 -9.99990E+02 -9.99990E+02 -9.99990E+02  2.98798E+02  2.96948E+02  2.94787E+02  2.92052E+02  2.88908E+02  2.85742E+02  2.83281E+02  2.81346E+02  2.79601E+02  2.77854E+02  2.75819E+02  2.73040E+02  2.68866E+02  2.68000E+02  2.78062E+02  3.08492E+02  3.31446E+02  3.51066E+02  3.68408E+02  3.83876E+02  3.97421E+02  4.09662E+02  4.21141E+02  4.31726E+02  4.40718E+02  4.48074E+02  4.54507E+02  4.60180E+02  4.64426E+02  4.67295E+02  4.69852E+02  4.73129E+02 -9.99990E+02 -9.99990E+02
 -9.99990E+02 -9.99990E+02 -9.99990E+02 -9.99990E+02 -9.99990E+02 -9.99990E+02 -9.99990E+02 -9.99990E+02 -9.99990E+02 -9.99990E+02 -9.99990E+02 -9.99990E+02 -9.99990E+02 -9.99990E+02 -9.99990E+02 -9.99990E+02 -9.99990E+02 -9.99990E+02 -9.99990E+02 -9.99990E+02 -9.99990E+02 -9.99990E+02 -9.99990E+02 -9.99990E+02 -9.99990E+02 -9.99990E+02 -9.99990E+02 -9.99990E+02 -9.99990E+02 -9.99990E+02 -9.99990E+02 -9.99990E+02 -9.99990E+02 -9.99990E+02 -9.99990E+02 -9.99990E+02 -9.99990E+02 -9.99990E+02 -9.99990E+02 -9.99990E+02  2.95543E+02  2.94107E+02  2.92254E+02  2.90490E+02  2.88170E+02  2.85828E+02  2.83957E+02  2.82135E+02  2.79757E+02  2.77000E+02  2.73564E+02  2.69794E+02  2.67869E+02  2.73405E+02  3.00001E+02  3.21866E+02  3.41326E+02  3.59090E+02  3.75033E+02  3.88973E+02  4.01637E+02  4.13510E+02  4.24490E+02  4.33474E+02  4.41153E+02  4.47859E+02  4.53786E+02  4.58280E+02  4.61585E+02  4.63850E+02 -9.99990E+02 -9.99990E+02 -9.99990E+02
 -9.99990E+02 -9.99990E+02 -9.99990E+02 -9.99990E+02 -9.99990E+02 -9.99990E+02 -9.99990E+02 -9.99990E+02 -9.99990E+02 -9.99990E+02 -9.99990E+02 -9.99990E+02 -9.99990E+02 -9.99990E+02 -9.99990E+02 -9.99990E+02 -9.99990E+02 -9.99990E+02 -9.99990E+02 -9.99990E+02 -9.99990E+02 -9.99990E+02 -9.99990E+02 -9.99990E+02 -9.99990E+02 -9.99990E+02 -9.99990E+02 -9.99990E+02 -9.99990E+02 -9.99990E+02 -9.99990E+02 -9.99990E+02 -9.99990E+02 -9.99990E+02 -9.99990E+02 -9.99990E+02 -9.99990E+02 -9.99990E+02 -9.99990E+02 -9.99990E+02 -9.99990E+02  2.93519E+02  2.92191E+02  2.91021E+02  2.89426E+02  2.87605E+02  2.85931E+02  2.84057E+02  2.81384E+02  2.78123E+02  2.73688E+02  2.68345E+02  2.61300E+02  2.75874E+02  2.94738E+02  3.13437E+02  3.31859E+02  3.48876E+02  3.65149E+02  3.79827E+02  3.93012E+02  4.05575E+02  4.16805E+02  4.26253E+02  4.34401E+02  4.41607E+02  4.47760E+02  4.52785E+02  4.56699E+02  4.60174E+02 -9.99990E+02 -9.99990E+02 -9.99990E+02
 -9.99990E+02 -9.99990E+02 -9.99990E+02 -9.99990E+02 -9.99990E+02 -9.99990E+02 -9.99990E+02 -9.99990E+02 -9.99990E+02 -9.99990E+02 -9.99990E+02 -9.99990E+02 -9.99990E+02 -9.99990E+02 -9.99990E+02 -9.99990E+02 -9.99990E+02 -9.99990E+02 -9.99990E+02 -9.99990E+02 -9.99990E+02 -9.99990E+02 -9.99990E+02 -9.99990E+02 -9.99990E+02 -9.99990E+02 -9.99990E+02 -9.99990E+02 -9.99990E+02 -9.99990E+02 -9.99990E+02 -9.99990E+02 -9.99990E+02 -9.99990E+02 -9.99990E+02 -9.99990E+02 -9.99990E+02 -9.99990E+02 -9.99990E+02 -9.99990E+02 -9.99990E+02 -9.99990E+02  2.91600E+02  2.90914E+02  2.90007E+02  2.88724E+02  2.87418E+02  2.85562E+02  2.82796E+02  2.79261E+02  2.74085E+02  2.67646E+02  2.59428E+02  2.72398E+02  2.87606E+02  3.04088E+02  3.21241E+02  3.38060E+02  3.54531E+02  3.69685E+02  3.83760E+02  3.96806E+02  4.08531E+02  4.18808E+02  4.27857E+02  4.35263E+02  4.41468E+02  4.46961E+02  4.51813E+02 -9.99990E+02 -9.99990E+02 -9.99990E+02 -9.99990E+02
 -9.99990E+02 -9.99990E+02 -9.99990E+02 -9.99990E+02 -9.99990E+02 -9.99990E+02 -9.99990E+02 -9.99990E+02 -9.99990E+02 -9.99990E+02 -9.99990E+02 -9.99990E+02 -9.99990E+02 -9.99990E+02 -9.99990E+02 -9.99990E+02 -9.99990E+02 -9.99990E+02 -9.99990E+02 -9.99990E+02 -9.99990E+02 -9.99990E+02 -9.99990E+02 -9.99990E+02 -9.99990E+02 -9.99990E+02 -9.99990E+02 -9.99990E+02 -9.99990E+02 -9.99990E+02 -9.99990E+02 -9.99990E+02 -9.99990E+02 -9.99990E+02 -9.99990E+02 -9.99990E+02 -9.99990E+02 -9.99990E+02 -9.99990E+02 -9.99990E+02 -9.99990E+02 -9.99990E+02 -9.99990E+02  2.90567E+02  2.90218E+02  2.89507E+02  2.88432E+02  2.86574E+02  2.83750E+02  2.80177E+02  2.74767E+02  2.67783E+02  2.58092E+02  2.65615E+02  2.76738E+02  2.91847E+02  3.09228E+02  3.26640E+02  3.43469E+02  3.59139E+02  3.73626E+02  3.86940E+02  3.99180E+02  4.10602E+02  4.20679E+02  4.28218E+02  4.34721E+02  4.40828E+02 -9.99990E+02 -9.99990E+02 -9.99990E+02 -9.99990E+02 -9.99990E+02
 -9.99990E+02 -9.99990E+02 -9.99990E+02 -9.99990E+02 -9.99990E+02 -9.99990E+02 -9.99990E+02 -9.99990E+02 -9.99990E+02 -9.99990E+02 -9.99990E+02 -9.99990E+02 -9.99990E+02 -9.99990E+02 -9.99990E+02 -9.99990E+02 -9.99990E+02 -9.99990E+02 -9.99990E+02 -9.99990E+02 -9.99990E+02 -9.99990E+02 -9.99990E+02 -9.99990E+02 -9.99990E+02 -9.99990E+02 -9.99990E+02 -9.99990E+02 -9.99990E+02 -9.99990E+02 -9.99990E+02 -9.99990E+02 -9.99990E+02 -9.99990E+02 -9.99990E+02 -9.99990E+02 -9.99990E+02 -9.99990E+02 -9.99990E+02 -9.99990E+02 -9.99990E+02 -9.99990E+02 -9.99990E+02  2.90511E+02  2.90402E+02  2.90137E+02  2.89419E+02  2.87269E+02  2.84386E+02  2.80628E+02  2.75534E+02  2.69203E+02  2.61579E+02  2.54957E+02  2.60065E+02  2.75235E+02  2.95893E+02  3.14777E+02  3.32071E+02  3.48046E+02  3.62392E+02  3.76010E+02  3.89398E+02  4.02656E+02  4.13394E+02  4.21403E+02  4.28015E+02 -9.99990E+02 -9.99990E+02 -9.99990E+02 -9.99990E+02 -9.99990E+02 -9.99990E+02
 -9.99990E+02 -9.99990E+02 -9.99990E+02 -9.99990E+02 -9.99990E+02 -9.99990E+02 -9.99990E+02 -9.99990E+02 -9.99990E+02 -9.99990E+02 -9.99990E+02 -9.99990E+02 -9.99990E+02 -9.99990E+02 -9.99990E+02 -9.99990E+02 -9.99990E+02 -9.99990E+02 -9.99990E+02 -9.99990E+02 -9.99990E+02 -9.99990E+02 -9.99990E+02 -9.99990E+02 -9.99990E+02 -9.99990E+02 -9.99990E+02 -9.99990E+02 -9.99990E+02 -9.99990E+02 -9.99990E+02 -9.99990E+02 -9.99990E+02 -9.99990E+02 -9.99990E+02 -9.99990E+02 -9.99990E+02 -9.99990E+02 -9.99990E+02 -9.99990E+02 -9.99990E+02 -9.99990E+02 -9.99990E+02 -9.99990E+02  2.90427E+02  2.90319E+02  2.89109E+02  2.86980E+02  2.84385E+02  2.81133E+02  2.76586E+02  2.70986E+02  2.65472E+02  2.61023E+02  2.59530E+02  2.58499E+02  2.82075E+02  3.02594E+02  3.20635E+02  3.36288E+02  3.50357E+02  3.64223E+02  3.79091E+02  3.96865E+02  4.08517E+02  4.15068E+02 -9.99990E+02 -9.99990E+02 -9.99990E+02 -9.99990E+02 -9.99990E+02 -9.99990E+02 -9.99990E+02
 -9.99990E+02 -9.99990E+02 -9.99990E+02 -9.99990E+02 -9.99990E+02 -9.99990E+02 -9.99990E+02 -9.99990E+02 -9.99990E+02 -9.99990E+02 -9.99990E+02 -9.99990E+02 -9.99990E+02 -9.99990E+02 -9.99990E+02 -9.99990E+02 -9.99990E+02 -9.99990E+02 -9.99990E+02 -9.99990E+02 -9.99990E+02 -9.99990E+02 -9.99990E+02 -9.99990E+02 -9.99990E+02 -9.99990E+02 -9.99990E+02 -9.99990E+02 -9.99990E+02 -9.99990E+02 -9.99990E+02 -9.99990E+02 -9.99990E+02 -9.99990E+02 -9.99990E+02 -9.99990E+02 -9.99990E+02 -9.99990E+02 -9.99990E+02 -9.99990E+02 -9.99990E+02 -9.99990E+02 -9.99990E+02 -9.99990E+02  2.90238E+02  2.89906E+02  2.88481E+02  2.86171E+02  2.83661E+02  2.80960E+02  2.76810E+02  2.71663E+02  2.66640E+02  2.62102E+02  2.57672E+02  2.52637E+02  2.69176E+02  2.91110E+02  3.08475E+02  3.23351E+02  3.36974E+02  3.50933E+02  3.65075E+02 -9.99990E+02 -9.99990E+02 -9.99990E+02 -9.99990E+02 -9.99990E+02 -9.99990E+02 -9.99990E+02 -9.99990E+02 -9.99990E+02 -9.99990E+02
 -9.99990E+02 -9.99990E+02 -9.99990E+02 -9.99990E+02 -9.99990E+02 -9.99990E+02 -9.99990E+02 -9.99990E+02 -9.99990E+02 -9.99990E+02 -9.99990E+02 -9.99990E+02 -9.99990E+02 -9.99990E+02 -9.99990E+02 -9.99990E+02 -9.99990E+02 -9.99990E+02 -9.99990E+02 -9.99990E+02 -9.99990E+02 -9.99990E+02 -9.99990E+02 -9.99990E+02 -9.99990E+02 -9.99990E+02 -9.99990E+02 -9.99990E+02 -9.99990E+02 -9.99990E+02 -9.99990E+02 -9.99990E+02 -9.99990E+02 -9.99990E+02 -9.99990E+02 -9.99990E+02 -9.99990E+02 -9.99990E+02 -9.99990E+02 -9.99990E+02 -9.99990E+02 -9.99990E+02 -9.99990E+02 -9.99990E+02  2.90056E+02  2.89637E+02  2.88406E+02  2.85588E+02  2.83073E+02  2.80065E+02  2.75944E+02  2.71287E+02  2.66506E+02  2.61328E+02  2.54724E+02  2.46138E+02  2.62974E+02  2.81148E+02  2.96388E+02  3.09695E+02  3.21921E+02  3.36524E+02 -9.99990E+02 -9.99990E+02 -9.99990E+02 -9.99990E+02 -9.99990E+02 -9.99990E+02 -9.99990E+02 -9.99990E+02 -9.99990E+02 -9.99990E+02 -9.99990E+02
 -9.99990E+02 -9.99990E+02 -9.99990E+02 -9.99990E+02 -9.99990E+02 -9.99990E+02 -9.99990E+02 -9.99990E+02 -9.99990E+02 -9.99990E+02 -9.99990E+02 -9.99990E+02 -9.99990E+02 -9.99990E+02 -9.99990E+02 -9.99990E+02 -9.99990E+02 -9.99990E+02 -9.99990E+02 -9.99990E+02 -9.99990E+02 -9.99990E+02 -9.99990E+02 -9.99990E+02 -9.99990E+02 -9.99990E+02 -9.99990E+02 -9.99990E+02 -9.99990E+02 -9.99990E+02 -9.99990E+02 -9.99990E+02 -9.99990E+02 -9.99990E+02 -9.99990E+02 -9.99990E+02 -9.99990E+02 -9.99990E+02 -9.99990E+02 -9.99990E+02 -9.99990E+02 -9.99990E+02 -9.99990E+02 -9.99990E+02 -9.99990E+02 -9.99990E+02 -9.99990E+02  2.83802E+02  2.82347E+02  2.79461E+02  2.75333E+02  2.70940E+02  2.65955E+02  2.59985E+02  2.52488E+02  2.43381E+02  2.57972E+02  2.72260E+02  2.84409E+02  2.95108E+02  3.03430E+02 -9.99990E+02 -9.99990E+02 -9.99990E+02 -9.99990E+02 -9.99990E+02 -9.99990E+02 -9.99990E+02 -9.99990E+02 -9.99990E+02 -9.99990E+02 -9.99990E+02 -9.99990E+02
 -9.99990E+02 -9.99990E+02 -9.99990E+02 -9.99990E+02 -9.99990E+02 -9.99990E+02 -9.99990E+02 -9.99990E+02 -9.99990E+02 -9.99990E+02 -9.99990E+02 -9.99990E+02 -9.99990E+02 -9.99990E+02 -9.99990E+02 -9.99990E+02 -9.99990E+02 -9.99990E+02 -9.99990E+02 -9.99990E+02 -9.99990E+02 -9.99990E+02 -9.99990E+02 -9.99990E+02 -9.99990E+02 -9.99990E+02 -9.99990E+02 -9.99990E+02 -9.99990E+02 -9.99990E+02 -9.99990E+02 -9.99990E+02 -9.99990E+02 -9.99990E+02 -9.99990E+02 -9.99990E+02 -9.99990E+02 -9.99990E+02 -9.99990E+02 -9.99990E+02 -9.99990E+02 -9.99990E+02 -9.99990E+02 -9.99990E+02 -9.99990E+02 -9.99990E+02 -9.99990E+02  2.83133E+02  2.82165E+02  2.79288E+02  2.75158E+02  2.71030E+02  2.65461E+02  2.58758E+02  2.50319E+02  2.40139E+02  2.52152E+02  2.63431E+02  2.72979E+02  2.81805E+02  2.92712E+02 -9.99990E+02 -9.99990E+02 -9.99990E+02 -9.99990E+02 -9.99990E+02 -9.99990E+02 -9.99990E+02 -9.99990E+02 -9.99990E+02 -9.99990E+02 -9.99990E+02 -9.99990E+02
 -9.99990E+02 -9.99990E+02 -9.99990E+02 -9.99990E+02 -9.99990E+02 -9.99990E+02 -9.99990E+02 -9.99990E+02 -9.99990E+02 -9.99990E+02 -9.99990E+02 -9.99990E+02 -9.99990E+02 -9.99990E+02 -9.99990E+02 -9.99990E+02 -9.99990E+02 -9.99990E+02 -9.99990E+02 -9.99990E+02 -9.99990E+02 -9.99990E+02 -9.99990E+02 -9.99990E+02 -9.99990E+02 -9.99990E+02 -9.99990E+02 -9.99990E+02 -9.99990E+02 -9.99990E+02 -9.99990E+02 -9.99990E+02 -9.99990E+02 -9.99990E+02 -9.99990E+02 -9.99990E+02 -9.99990E+02 -9.99990E+02 -9.99990E+02 -9.99990E+02 -9.99990E+02 -9.99990E+02 -9.99990E+02 -9.99990E+02 -9.99990E+02 -9.99990E+02 -9.99990E+02  2.82231E+02  2.81513E+02  2.78975E+02  2.75085E+02  2.70607E+02  2.64674E+02  2.57149E+02  2.48064E+02  2.37316E+02  2.45597E+02  2.53752E+02  2.60745E+02  2.65458E+02 -9.99990E+02 -9.99990E+02 -9.99990E+02 -9.99990E+02 -9.99990E+02 -9.99990E+02 -9.99990E+02 -9.99990E+02 -9.99990E+02 -9.99990E+02 -9.99990E+02 -9.99990E+02 -9.99990E+02
 -9.99990E+02 -9.99990E+02 -9.99990E+02 -9.99990E+02 -9.99990E+02 -9.99990E+02 -9.99990E+02 -9.99990E+02 -9.99990E+02 -9.99990E+02 -9.99990E+02 -9.99990E+02 -9.99990E+02 -9.99990E+02 -9.99990E+02 -9.99990E+02 -9.99990E+02 -9.99990E+02 -9.99990E+02 -9.99990E+02 -9.99990E+02 -9.99990E+02 -9.99990E+02 -9.99990E+02 -9.99990E+02 -9.99990E+02 -9.99990E+02 -9.99990E+02 -9.99990E+02 -9.99990E+02 -9.99990E+02 -9.99990E+02 -9.99990E+02 -9.99990E+02 -9.99990E+02 -9.99990E+02 -9.99990E+02 -9.99990E+02 -9.99990E+02 -9.99990E+02 -9.99990E+02 -9.99990E+02 -9.99990E+02 -9.99990E+02 -9.99990E+02 -9.99990E+02 -9.99990E+02  2.80891E+02  2.80078E+02  2.77722E+02  2.74292E+02  2.69890E+02  2.63048E+02  2.54927E+02  2.45940E+02  2.35419E+02  2.37979E+02  2.44292E+02  2.49809E+02  2.53088E+02 -9.99990E+02 -9.99990E+02 -9.99990E+02 -9.99990E+02 -9.99990E+02 -9.99990E+02 -9.99990E+02 -9.99990E+02 -9.99990E+02 -9.99990E+02 -9.99990E+02 -9.99990E+02 -9.99990E+02
 -9.99990E+02 -9.99990E+02 -9.99990E+02 -9.99990E+02 -9.99990E+02 -9.99990E+02 -9.99990E+02 -9.99990E+02 -9.99990E+02 -9.99990E+02 -9.99990E+02 -9.99990E+02 -9.99990E+02 -9.99990E+02 -9.99990E+02 -9.99990E+02 -9.99990E+02 -9.99990E+02 -9.99990E+02 -9.99990E+02 -9.99990E+02 -9.99990E+02 -9.99990E+02 -9.99990E+02 -9.99990E+02 -9.99990E+02 -9.99990E+02 -9.99990E+02 -9.99990E+02 -9.99990E+02 -9.99990E+02 -9.99990E+02 -9.99990E+02 -9.99990E+02 -9.99990E+02 -9.99990E+02 -9.99990E+02 -9.99990E+02 -9.99990E+02 -9.99990E+02 -9.99990E+02 -9.99990E+02 -9.99990E+02 -9.99990E+02 -9.99990E+02 -9.99990E+02 -9.99990E+02  2.79563E+02  2.78549E+02  2.75910E+02  2.72244E+02  2.67023E+02  2.60203E+02  2.52604E+02  2.44402E+02  2.36336E+02  2.29630E+02  2.35056E+02  2.40131E+02  2.43119E+02 -9.99990E+02 -9.99990E+02 -9.99990E+02 -9.99990E+02 -9.99990E+02 -9.99990E+02 -9.99990E+02 -9.99990E+02 -9.99990E+02 -9.99990E+02 -9.99990E+02 -9.99990E+02 -9.99990E+02
 -9.99990E+02 -9.99990E+02 -9.99990E+02 -9.99990E+02 -9.99990E+02 -9.99990E+02 -9.99990E+02 -9.99990E+02 -9.99990E+02 -9.99990E+02 -9.99990E+02 -9.99990E+02 -9.99990E+02 -9.99990E+02 -9.99990E+02 -9.99990E+02 -9.99990E+02 -9.99990E+02 -9.99990E+02 -9.99990E+02 -9.99990E+02 -9.99990E+02 -9.99990E+02 -9.99990E+02 -9.99990E+02 -9.99990E+02 -9.99990E+02 -9.99990E+02 -9.99990E+02 -9.99990E+02 -9.99990E+02 -9.99990E+02 -9.99990E+02 -9.99990E+02 -9.99990E+02 -9.99990E+02 -9.99990E+02 -9.99990E+02 -9.99990E+02 -9.99990E+02 -9.99990E+02 -9.99990E+02 -9.99990E+02 -9.99990E+02 -9.99990E+02 -9.99990E+02 -9.99990E+02  2.78139E+02  2.76189E+02  2.73386E+02  2.69125E+02  2.63233E+02  2.56354E+02  2.48743E+02  2.41447E+02  2.34524E+02  2.28438E+02  2.26294E+02  2.32582E+02  2.35505E+02  2.34280E+02 -9.99990E+02 -9.99990E+02 -9.99990E+02 -9.99990E+02 -9.99990E+02 -9.99990E+02 -9.99990E+02 -9.99990E+02 -9.99990E+02 -9.99990E+02 -9.99990E+02 -9.99990E+02
 -9.99990E+02 -9.99990E+02 -9.99990E+02 -9.99990E+02 -9.99990E+02 -9.99990E+02 -9.99990E+02 -9.99990E+02 -9.99990E+02 -9.99990E+02 -9.99990E+02 -9.99990E+02 -9.99990E+02 -9.99990E+02 -9.99990E+02 -9.99990E+02 -9.99990E+02 -9.99990E+02 -9.99990E+02 -9.99990E+02 -9.99990E+02 -9.99990E+02 -9.99990E+02 -9.99990E+02 -9.99990E+02 -9.99990E+02 -9.99990E+02 -9.99990E+02 -9.99990E+02 -9.99990E+02 -9.99990E+02 -9.99990E+02 -9.99990E+02 -9.99990E+02 -9.99990E+02 -9.99990E+02 -9.99990E+02 -9.99990E+02 -9.99990E+02 -9.99990E+02 -9.99990E+02 -9.99990E+02 -9.99990E+02 -9.99990E+02 -9.99990E+02 -9.99990E+02 -9.99990E+02 -9.99990E+02  2.72461E+02  2.69904E+02  2.64864E+02  2.58340E+02  2.50659E+02  2.42808E+02  2.36124E+02  2.30491E+02  2.26050E+02  2.22539E+02  2.28429E+02  2.31777E+02  2.33055E+02 -9.99990E+02 -9.99990E+02 -9.99990E+02 -9.99990E+02 -9.99990E+02 -9.99990E+02 -9.99990E+02 -9.99990E+02 -9.99990E+02 -9.99990E+02 -9.99990E+02 -9.99990E+02
 -9.99990E+02 -9.99990E+02 -9.99990E+02 -9.99990E+02 -9.99990E+02 -9.99990E+02 -9.99990E+02 -9.99990E+02 -9.99990E+02 -9.99990E+02 -9.99990E+02 -9.99990E+02 -9.99990E+02 -9.99990E+02 -9.99990E+02 -9.99990E+02 -9.99990E+02 -9.99990E+02 -9.99990E+02 -9.99990E+02 -9.99990E+02 -9.99990E+02 -9.99990E+02 -9.99990E+02 -9.99990E+02 -9.99990E+02 -9.99990E+02 -9.99990E+02 -9.99990E+02 -9.99990E+02 -9.99990E+02 -9.99990E+02 -9.99990E+02 -9.99990E+02 -9.99990E+02 -9.99990E+02 -9.99990E+02 -9.99990E+02 -9.99990E+02 -9.99990E+02 -9.99990E+02 -9.99990E+02 -9.99990E+02 -9.99990E+02 -9.99990E+02 -9.99990E+02 -9.99990E+02  2.67850E+02  2.68933E+02  2.66373E+02  2.60750E+02  2.53151E+02  2.44053E+02  2.34925E+02  2.28879E+02  2.25203E+02  2.22848E+02  2.20796E+02  2.26450E+02  2.29518E+02 -9.99990E+02 -9.99990E+02 -9.99990E+02 -9.99990E+02 -9.99990E+02 -9.99990E+02 -9.99990E+02 -9.99990E+02 -9.99990E+02 -9.99990E+02 -9.99990E+02 -9.99990E+02 -9.99990E+02
 -9.99990E+02 -9.99990E+02 -9.99990E+02 -9.99990E+02 -9.99990E+02 -9.99990E+02 -9.99990E+02 -9.99990E+02 -9.99990E+02 -9.99990E+02 -9.99990E+02 -9.99990E+02 -9.99990E+02 -9.99990E+02 -9.99990E+02 -9.99990E+02 -9.99990E+02 -9.99990E+02 -9.99990E+02 -9.99990E+02 -9.99990E+02 -9.99990E+02 -9.99990E+02 -9.99990E+02 -9.99990E+02 -9.99990E+02 -9.99990E+02 -9.99990E+02 -9.99990E+02 -9.99990E+02 -9.99990E+02 -9.99990E+02 -9.99990E+02 -9.99990E+02 -9.99990E+02 -9.99990E+02 -9.99990E+02 -9.99990E+02 -9.99990E+02 -9.99990E+02 -9.99990E+02 -9.99990E+02 -9.99990E+02 -9.99990E+02 -9.99990E+02 -9.99990E+02 -9.99990E+02  2.66533E+02  2.66335E+02  2.63377E+02  2.57014E+02  2.47889E+02  2.37371E+02  2.23983E+02  2.19668E+02  2.18938E+02  2.19414E+02  2.21761E+02  2.26832E+02  2.29792E+02 -9.99990E+02 -9.99990E+02 -9.99990E+02 -9.99990E+02 -9.99990E+02 -9.99990E+02 -9.99990E+02 -9.99990E+02 -9.99990E+02 -9.99990E+02 -9.99990E+02 -9.99990E+02 -9.99990E+02
 -9.99990E+02 -9.99990E+02 -9.99990E+02 -9.99990E+02 -9.99990E+02 -9.99990E+02 -9.99990E+02 -9.99990E+02 -9.99990E+02 -9.99990E+02 -9.99990E+02 -9.99990E+02 -9.99990E+02 -9.99990E+02 -9.99990E+02 -9.99990E+02 -9.99990E+02 -9.99990E+02 -9.99990E+02 -9.99990E+02 -9.99990E+02 -9.99990E+02 -9.99990E+02 -9.99990E+02 -9.99990E+02 -9.99990E+02 -9.99990E+02 -9.99990E+02 -9.99990E+02 -9.99990E+02 -9.99990E+02 -9.99990E+02 -9.99990E+02 -9.99990E+02 -9.99990E+02 -9.99990E+02 -9.99990E+02 -9.99990E+02 -9.99990E+02 -9.99990E+02 -9.99990E+02 -9.99990E+02 -9.99990E+02 -9.99990E+02 -9.99990E+02 -9.99990E+02 -9.99990E+02  2.64508E+02  2.63733E+02  2.60533E+02  2.53578E+02  2.43883E+02  2.33369E+02  2.21470E+02  2.20435E+02  2.21430E+02  2.23328E+02  2.25867E+02  2.29189E+02  2.32373E+02  2.35918E+02  2.38198E+02  2.39253E+02 -9.99990E+02 -9.99990E+02 -9.99990E+02 -9.99990E+02 -9.99990E+02 -9.99990E+02 -9.99990E+02 -9.99990E+02 -9.99990E+02 -9.99990E+02
 -9.99990E+02 -9.99990E+02 -9.99990E+02 -9.99990E+02 -9.99990E+02 -9.99990E+02 -9.99990E+02 -9.99990E+02 -9.99990E+02 -9.99990E+02 -9.99990E+02 -9.99990E+02 -9.99990E+02 -9.99990E+02 -9.99990E+02 -9.99990E+02 -9.99990E+02 -9.99990E+02 -9.99990E+02 -9.99990E+02 -9.99990E+02 -9.99990E+02 -9.99990E+02 -9.99990E+02 -9.99990E+02 -9.99990E+02 -9.99990E+02 -9.99990E+02 -9.99990E+02 -9.99990E+02 -9.99990E+02 -9.99990E+02 -9.99990E+02 -9.99990E+02 -9.99990E+02 -9.99990E+02 -9.99990E+02 -9.99990E+02 -9.99990E+02 -9.99990E+02 -9.99990E+02 -9.99990E+02 -9.99990E+02 -9.99990E+02 -9.99990E+02 -9.99990E+02 -9.99990E+02  2.62790E+02  2.61579E+02  2.57976E+02  2.50732E+02  2.40923E+02  2.30474E+02  2.21150E+02  2.18838E+02  2.22461E+02  2.25656E+02  2.28377E+02  2.31147E+02  2.34190E+02  2.36996E+02  2.39144E+02  2.40259E+02  2.40973E+02 -9.99990E+02 -9.99990E+02 -9.99990E+02 -9.99990E+02 -9.99990E+02 -9.99990E+02 -9.99990E+02 -9.99990E+02 -9.99990E+02
 -9.99990E+02 -9.99990E+02 -9.99990E+02 -9.99990E+02 -9.99990E+02 -9.99990E+02 -9.99990E+02 -9.99990E+02 -9.99990E+02 -9.99990E+02 -9.99990E+02 -9.99990E+02 -9.99990E+02 -9.99990E+02 -9.99990E+02 -9.99990E+02 -9.99990E+02 -9.99990E+02 -9.99990E+02 -9.99990E+02 -9.99990E+02 -9.99990E+02 -9.99990E+02 -9.99990E+02 -9.99990E+02 -9.99990E+02 -9.99990E+02 -9.99990E+02 -9.99990E+02 -9.99990E+02 -9.99990E+02 -9.99990E+02 -9.99990E+02 -9.99990E+02 -9.99990E+02 -9.99990E+02 -9.99990E+02 -9.99990E+02 -9.99990E+02 -9.99990E+02 -9.99990E+02 -9.99990E+02 -9.99990E+02 -9.99990E+02 -9.99990E+02 -9.99990E+02  2.61893E+02  2.61578E+02  2.59802E+02  2.55751E+02  2.47911E+02  2.37717E+02  2.26467E+02  2.18159E+02  2.18402E+02  2.22951E+02  2.26697E+02  2.29748E+02  2.32401E+02  2.35446E+02  2.37868E+02  2.39686E+02  2.40902E+02  2.41460E+02 -9.99990E+02 -9.99990E+02 -9.99990E+02 -9.99990E+02 -9.99990E+02 -9.99990E+02 -9.99990E+02 -9.99990E+02 -9.99990E+02
 -9.99990E+02 -9.99990E+02 -9.99990E+02 -9.99990E+02 -9.99990E+02 -9.99990E+02 -9.99990E+02 -9.99990E+02 -9.99990E+02 -9.99990E+02 -9.99990E+02 -9.99990E+02 -9.99990E+02 -9.99990E+02 -9.99990E+02 -9.99990E+02 -9.99990E+02 -9.99990E+02 -9.99990E+02 -9.99990E+02 -9.99990E+02 -9.99990E+02 -9.99990E+02 -9.99990E+02 -9.99990E+02 -9.99990E+02 -9.99990E+02 -9.99990E+02 -9.99990E+02 -9.99990E+02 -9.99990E+02 -9.99990E+02 -9.99990E+02 -9.99990E+02 -9.99990E+02 -9.99990E+02 -9.99990E+02 -9.99990E+02 -9.99990E+02 -9.99990E+02 -9.99990E+02 -9.99990E+02 -9.99990E+02 -9.99990E+02 -9.99990E+02 -9.99990E+02 -9.99990E+02  2.60682E+02  2.58887E+02  2.54587E+02  2.46164E+02  2.34837E+02  2.19695E+02  2.17217E+02  2.18576E+02  2.22299E+02  2.26311E+02  2.29853E+02  2.33064E+02  2.36209E+02  2.38397E+02  2.40032E+02  2.41366E+02  2.41993E+02  2.42469E+02  2.42587E+02 -9.99990E+02 -9.99990E+02 -9.99990E+02 -9.99990E+02 -9.99990E+02 -9.99990E+02 -9.99990E+02
 -9.99990E+02 -9.99990E+02 -9.99990E+02 -9.99990E+02 -9.99990E+02 -9.99990E+02 -9.99990E+02 -9.99990E+02 -9.99990E+02 -9.99990E+02 -9.99990E+02 -9.99990E+02 -9.99990E+02 -9.99990E+02 -9.99990E+02 -9.99990E+02 -9.99990E+02 -9.99990E+02 -9.99990E+02 -9.99990E+02 -9.99990E+02 -9.99990E+02 -9.99990E+02 -9.99990E+02 -9.99990E+02 -9.99990E+02 -9.99990E+02 -9.99990E+02 -9.99990E+02 -9.99990E+02 -9.99990E+02 -9.99990E+02 -9.99990E+02 -9.99990E+02 -9.99990E+02 -9.99990E+02 -9.99990E+02 -9.99990E+02 -9.99990E+02 -9.99990E+02 -9.99990E+02 -9.99990E+02 -9.99990E+02 -9.99990E+02 -9.99990E+02 -9.99990E+02 -9.99990E+02  2.60644E+02  2.58472E+02  2.53626E+02  2.45410E+02  2.34819E+02  2.21836E+02  2.15723E+02  2.15583E+02  2.20201E+02  2.24914E+02  2.28899E+02  2.33080E+02  2.36364E+02  2.38422E+02  2.39936E+02  2.41102E+02  2.41929E+02  2.42401E+02  2.42552E+02 -9.99990E+02 -9.99990E+02 -9.99990E+02 -9.99990E+02 -9.99990E+02 -9.99990E+02 -9.99990E+02
 -9.99990E+02 -9.99990E+02 -9.99990E+02 -9.99990E+02 -9.99990E+02 -9.99990E+02 -9.99990E+02 -9.99990E+02 -9.99990E+02 -9.99990E+02 -9.99990E+02 -9.99990E+02 -9.99990E+02 -9.99990E+02 -9.99990E+02 -9.99990E+02 -9.99990E+02 -9.99990E+02 -9.99990E+02 -9.99990E+02 -9.99990E+02 -9.99990E+02 -9.99990E+02 -9.99990E+02 -9.99990E+02 -9.99990E+02 -9.99990E+02 -9.99990E+02 -9.99990E+02 -9.99990E+02 -9.99990E+02 -9.99990E+02 -9.99990E+02 -9.99990E+02 -9.99990E+02 -9.99990E+02 -9.99990E+02 -9.99990E+02 -9.99990E+02 -9.99990E+02 -9.99990E+02 -9.99990E+02 -9.99990E+02 -9.99990E+02 -9.99990E+02 -9.99990E+02  2.64486E+02  2.61870E+02  2.58365E+02  2.53459E+02  2.45776E+02  2.36632E+02  2.27308E+02  2.20398E+02  2.16045E+02  2.16437E+02  2.22353E+02  2.27474E+02  2.32061E+02  2.35658E+02  2.37914E+02  2.39552E+02  2.40630E+02  2.41361E+02  2.41803E+02 -9.99990E+02 -9.99990E+02 -9.99990E+02 -9.99990E+02 -9.99990E+02 -9.99990E+02 -9.99990E+02 -9.99990E+02
 -9.99990E+02 -9.99990E+02 -9.99990E+02 -9.99990E+02 -9.99990E+02 -9.99990E+02 -9.99990E+02 -9.99990E+02 -9.99990E+02 -9.99990E+02 -9.99990E+02 -9.99990E+02 -9.99990E+02 -9.99990E+02 -9.99990E+02 -9.99990E+02 -9.99990E+02 -9.99990E+02 -9.99990E+02 -9.99990E+02 -9.99990E+02 -9.99990E+02 -9.99990E+02 -9.99990E+02 -9.99990E+02 -9.99990E+02 -9.99990E+02 -9.99990E+02 -9.99990E+02 -9.99990E+02 -9.99990E+02 -9.99990E+02 -9.99990E+02 -9.99990E+02 -9.99990E+02 -9.99990E+02 -9.99990E+02 -9.99990E+02 -9.99990E+02 -9.99990E+02 -9.99990E+02 -9.99990E+02 -9.99990E+02 -9.99990E+02 -9.99990E+02  2.67535E+02  2.65583E+02  2.62807E+02  2.58608E+02  2.53502E+02  2.46075E+02  2.37400E+02  2.29761E+02  2.22466E+02  2.17208E+02  2.13771E+02  2.20233E+02  2.25946E+02  2.30693E+02  2.34364E+02  2.37054E+02  2.39008E+02  2.40235E+02  2.40996E+02  2.41359E+02 -9.99990E+02 -9.99990E+02 -9.99990E+02 -9.99990E+02 -9.99990E+02 -9.99990E+02 -9.99990E+02 -9.99990E+02
 -9.99990E+02 -9.99990E+02 -9.99990E+02 -9.99990E+02 -9.99990E+02 -9.99990E+02 -9.99990E+02 -9.99990E+02 -9.99990E+02 -9.99990E+02 -9.99990E+02 -9.99990E+02 -9.99990E+02 -9.99990E+02 -9.99990E+02 -9.99990E+02 -9.99990E+02 -9.99990E+02 -9.99990E+02 -9.99990E+02 -9.99990E+02 -9.99990E+02 -9.99990E+02 -9.99990E+02 -9.99990E+02 -9.99990E+02 -9.99990E+02 -9.99990E+02 -9.99990E+02 -9.99990E+02 -9.99990E+02 -9.99990E+02 -9.99990E+02 -9.99990E+02 -9.99990E+02 -9.99990E+02 -9.99990E+02 -9.99990E+02 -9.99990E+02 -9.99990E+02 -9.99990E+02 -9.99990E+02 -9.99990E+02 -9.99990E+02 -9.99990E+02  2.68323E+02  2.66645E+02  2.63677E+02  2.58917E+02  2.53290E+02  2.45767E+02  2.37470E+02  2.29962E+02  2.22591E+02  2.16745E+02  2.12029E+02  2.18516E+02  2.24353E+02  2.29219E+02  2.32950E+02  2.35859E+02  2.38080E+02  2.39608E+02  2.40549E+02  2.41046E+02  2.41127E+02 -9.99990E+02 -9.99990E+02 -9.99990E+02 -9.99990E+02 -9.99990E+02 -9.99990E+02 -9.99990E+02
 -9.99990E+02 -9.99990E+02 -9.99990E+02 -9.99990E+02 -9.99990E+02 -9.99990E+02 -9.99990E+02 -9.99990E+02 -9.99990E+02 -9.99990E+02 -9.99990E+02 -9.99990E+02 -9.99990E+02 -9.99990E+02 -9.99990E+02 -9.99990E+02 -9.99990E+02 -9.99990E+02 -9.99990E+02 -9.99990E+02 -9.99990E+02 -9.99990E+02 -9.99990E+02 -9.99990E+02 -9.99990E+02 -9.99990E+02 -9.99990E+02 -9.99990E+02 -9.99990E+02 -9.99990E+02 -9.99990E+02 -9.99990E+02 -9.99990E+02 -9.99990E+02 -9.99990E+02 -9.99990E+02 -9.99990E+02 -9.99990E+02 -9.99990E+02 -9.99990E+02 -9.99990E+02 -9.99990E+02 -9.99990E+02  2.73019E+02  2.72170E+02  2.70252E+02  2.68086E+02  2.64599E+02  2.59351E+02  2.52780E+02  2.44456E+02  2.36066E+02  2.28110E+02  2.21228E+02  2.15386E+02  2.10952E+02  2.17215E+02  2.22695E+02  2.27308E+02  2.31192E+02  2.34325E+02  2.36922E+02  2.38749E+02  2.39795E+02  2.40504E+02 -9.99990E+02 -9.99990E+02 -9.99990E+02 -9.99990E+02 -9.99990E+02 -9.99990E+02 -9.99990E+02 -9.99990E+02
 -9.99990E+02 -9.99990E+02 -9.99990E+02 -9.99990E+02 -9.99990E+02 -9.99990E+02 -9.99990E+02 -9.99990E+02 -9.99990E+02 -9.99990E+02 -9.99990E+02 -9.99990E+02 -9.99990E+02 -9.99990E+02 -9.99990E+02 -9.99990E+02 -9.99990E+02 -9.99990E+02 -9.99990E+02 -9.99990E+02 -9.99990E+02 -9.99990E+02 -9.99990E+02 -9.99990E+02 -9.99990E+02 -9.99990E+02 -9.99990E+02 -9.99990E+02 -9.99990E+02 -9.99990E+02 -9.99990E+02 -9.99990E+02 -9.99990E+02 -9.99990E+02 -9.99990E+02 -9.99990E+02 -9.99990E+02 -9.99990E+02 -9.99990E+02 -9.99990E+02 -9.99990E+02 -9.99990E+02 -9.99990E+02  2.73774E+02  2.72715E+02  2.70603E+02  2.68012E+02  2.64313E+02  2.58615E+02  2.50945E+02  2.42074E+02  2.33169E+02  2.24979E+02  2.17989E+02  2.12674E+02  2.09537E+02  2.16025E+02  2.21150E+02  2.25322E+02  2.28956E+02  2.32400E+02  2.35953E+02  2.37944E+02  2.38898E+02 -9.99990E+02 -9.99990E+02 -9.99990E+02 -9.99990E+02 -9.99990E+02 -9.99990E+02 -9.99990E+02 -9.99990E+02 -9.99990E+02
 -9.99990E+02 -9.99990E+02 -9.99990E+02 -9.99990E+02 -9.99990E+02 -9.99990E+02 -9.99990E+02 -9.99990E+02 -9.99990E+02 -9.99990E+02 -9.99990E+02 -9.99990E+02 -9.99990E+02 -9.99990E+02 -9.99990E+02 -9.99990E+02 -9.99990E+02 -9.99990E+02 -9.99990E+02 -9.99990E+02 -9.99990E+02 -9.99990E+02 -9.99990E+02 -9.99990E+02 -9.99990E+02 -9.99990E+02 -9.99990E+02 -9.99990E+02 -9.99990E+02 -9.99990E+02 -9.99990E+02 -9.99990E+02 -9.99990E+02 -9.99990E+02 -9.99990E+02 -9.99990E+02 -9.99990E+02 -9.99990E+02 -9.99990E+02 -9.99990E+02 -9.99990E+02 -9.99990E+02 -9.99990E+02  2.74599E+02  2.73154E+02  2.70437E+02  2.67224E+02  2.63098E+02  2.56970E+02  2.49011E+02  2.39027E+02  2.29204E+02  2.19572E+02  2.12206E+02  2.07696E+02  2.09587E+02  2.15021E+02  2.19436E+02  2.22816E+02  2.25667E+02  2.29258E+02 -9.99990E+02 -9.99990E+02 -9.99990E+02 -9.99990E+02 -9.99990E+02 -9.99990E+02 -9.99990E+02 -9.99990E+02 -9.99990E+02 -9.99990E+02 -9.99990E+02 -9.99990E+02
 -9.99990E+02 -9.99990E+02 -9.99990E+02 -9.99990E+02 -9.99990E+02 -9.99990E+02 -9.99990E+02 -9.99990E+02 -9.99990E+02 -9.99990E+02 -9.99990E+02 -9.99990E+02 -9.99990E+02 -9.99990E+02 -9.99990E+02 -9.99990E+02 -9.99990E+02 -9.99990E+02 -9.99990E+02 -9.99990E+02 -9.99990E+02 -9.99990E+02 -9.99990E+02 -9.99990E+02 -9.99990E+02 -9.99990E+02 -9.99990E+02 -9.99990E+02 -9.99990E+02 -9.99990E+02 -9.99990E+02 -9.99990E+02 -9.99990E+02 -9.99990E+02 -9.99990E+02 -9.99990E+02 -9.99990E+02 -9.99990E+02 -9.99990E+02 -9.99990E+02 -9.99990E+02 -9.99990E+02 -9.99990E+02  2.74208E+02  2.72079E+02  2.69121E+02  2.65556E+02  2.61156E+02  2.54676E+02  2.46171E+02  2.35754E+02  2.25061E+02  2.11878E+02  2.05805E+02  2.06393E+02  2.09321E+02  2.13283E+02  2.16680E+02  2.19271E+02  2.20707E+02 -9.99990E+02 -9.99990E+02 -9.99990E+02 -9.99990E+02 -9.99990E+02 -9.99990E+02 -9.99990E+02 -9.99990E+02 -9.99990E+02 -9.99990E+02 -9.99990E+02 -9.99990E+02 -9.99990E+02
 -9.99990E+02 -9.99990E+02 -9.99990E+02 -9.99990E+02 -9.99990E+02 -9.99990E+02 -9.99990E+02 -9.99990E+02 -9.99990E+02 -9.99990E+02 -9.99990E+02 -9.99990E+02 -9.99990E+02 -9.99990E+02 -9.99990E+02 -9.99990E+02 -9.99990E+02 -9.99990E+02 -9.99990E+02 -9.99990E+02 -9.99990E+02 -9.99990E+02 -9.99990E+02 -9.99990E+02 -9.99990E+02 -9.99990E+02 -9.99990E+02 -9.99990E+02 -9.99990E+02 -9.99990E+02 -9.99990E+02 -9.99990E+02 -9.99990E+02 -9.99990E+02 -9.99990E+02 -9.99990E+02 -9.99990E+02 -9.99990E+02 -9.99990E+02 -9.99990E+02 -9.99990E+02 -9.99990E+02 -9.99990E+02 -9.99990E+02  2.68503E+02  2.66081E+02  2.62667E+02  2.57887E+02  2.51113E+02  2.42761E+02  2.33142E+02  2.23240E+02  2.11126E+02  2.06748E+02  2.06330E+02  2.07808E+02  2.10626E+02  2.13551E+02  2.15774E+02  2.16631E+02 -9.99990E+02 -9.99990E+02 -9.99990E+02 -9.99990E+02 -9.99990E+02 -9.99990E+02 -9.99990E+02 -9.99990E+02 -9.99990E+02 -9.99990E+02 -9.99990E+02 -9.99990E+02 -9.99990E+02
 -9.99990E+02 -9.99990E+02 -9.99990E+02 -9.99990E+02 -9.99990E+02 -9.99990E+02 -9.99990E+02 -9.99990E+02 -9.99990E+02 -9.99990E+02 -9.99990E+02 -9.99990E+02 -9.99990E+02 -9.99990E+02 -9.99990E+02 -9.99990E+02 -9.99990E+02 -9.99990E+02 -9.99990E+02 -9.99990E+02 -9.99990E+02 -9.99990E+02 -9.99990E+02 -9.99990E+02 -9.99990E+02 -9.99990E+02 -9.99990E+02 -9.99990E+02 -9.99990E+02 -9.99990E+02 -9.99990E+02 -9.99990E+02 -9.99990E+02 -9.99990E+02 -9.99990E+02 -9.99990E+02 -9.99990E+02 -9.99990E+02 -9.99990E+02 -9.99990E+02 -9.99990E+02 -9.99990E+02 -9.99990E+02 -9.99990E+02  2.65434E+02  2.61983E+02  2.58535E+02  2.53630E+02  2.46926E+02  2.39413E+02  2.31048E+02  2.22719E+02  2.13885E+02  2.05174E+02  2.04306E+02  2.04706E+02  2.06431E+02  2.09825E+02  2.12109E+02  2.13268E+02 -9.99990E+02 -9.99990E+02 -9.99990E+02 -9.99990E+02 -9.99990E+02 -9.99990E+02 -9.99990E+02 -9.99990E+02 -9.99990E+02 -9.99990E+02 -9.99990E+02 -9.99990E+02 -9.99990E+02
 -9.99990E+02 -9.99990E+02 -9.99990E+02 -9.99990E+02 -9.99990E+02 -9.99990E+02 -9.99990E+02 -9.99990E+02 -9.99990E+02 -9.99990E+02 -9.99990E+02 -9.99990E+02 -9.99990E+02 -9.99990E+02 -9.99990E+02 -9.99990E+02 -9.99990E+02 -9.99990E+02 -9.99990E+02 -9.99990E+02 -9.99990E+02 -9.99990E+02 -9.99990E+02 -9.99990E+02 -9.99990E+02 -9.99990E+02 -9.99990E+02 -9.99990E+02 -9.99990E+02 -9.99990E+02 -9.99990E+02 -9.99990E+02 -9.99990E+02 -9.99990E+02 -9.99990E+02 -9.99990E+02 -9.99990E+02 -9.99990E+02 -9.99990E+02 -9.99990E+02 -9.99990E+02 -9.99990E+02 -9.99990E+02 -9.99990E+02 -9.99990E+02  2.56360E+02  2.53560E+02  2.48015E+02  2.41894E+02  2.35838E+02  2.28825E+02  2.21894E+02  2.15112E+02  2.08056E+02  2.01933E+02  2.00144E+02  2.00107E+02  2.05515E+02  2.08437E+02  2.10906E+02 -9.99990E+02 -9.99990E+02 -9.99990E+02 -9.99990E+02 -9.99990E+02 -9.99990E+02 -9.99990E+02 -9.99990E+02 -9.99990E+02 -9.99990E+02 -9.99990E+02 -9.99990E+02 -9.99990E+02
 -9.99990E+02 -9.99990E+02 -9.99990E+02 -9.99990E+02 -9.99990E+02 -9.99990E+02 -9.99990E+02 -9.99990E+02 -9.99990E+02 -9.99990E+02 -9.99990E+02 -9.99990E+02 -9.99990E+02 -9.99990E+02 -9.99990E+02 -9.99990E+02 -9.99990E+02 -9.99990E+02 -9.99990E+02 -9.99990E+02 -9.99990E+02 -9.99990E+02 -9.99990E+02 -9.99990E+02 -9.99990E+02 -9.99990E+02 -9.99990E+02 -9.99990E+02 -9.99990E+02 -9.99990E+02 -9.99990E+02 -9.99990E+02 -9.99990E+02 -9.99990E+02 -9.99990E+02 -9.99990E+02 -9.99990E+02 -9.99990E+02 -9.99990E+02 -9.99990E+02 -9.99990E+02 -9.99990E+02 -9.99990E+02 -9.99990E+02 -9.99990E+02  2.53151E+02  2.49716E+02  2.42041E+02  2.36701E+02  2.31800E+02  2.26147E+02  2.20142E+02  2.14527E+02  2.08183E+02  2.02751E+02  1.99936E+02  1.98517E+02  2.02256E+02  2.03992E+02 -9.99990E+02 -9.99990E+02 -9.99990E+02 -9.99990E+02 -9.99990E+02 -9.99990E+02 -9.99990E+02 -9.99990E+02 -9.99990E+02 -9.99990E+02 -9.99990E+02 -9.99990E+02 -9.99990E+02 -9.99990E+02
 -9.99990E+02 -9.99990E+02 -9.99990E+02 -9.99990E+02 -9.99990E+02 -9.99990E+02 -9.99990E+02 -9.99990E+02 -9.99990E+02 -9.99990E+02 -9.99990E+02 -9.99990E+02 -9.99990E+02 -9.99990E+02 -9.99990E+02 -9.99990E+02 -9.99990E+02 -9.99990E+02 -9.99990E+02 -9.99990E+02 -9.99990E+02 -9.99990E+02 -9.99990E+02 -9.99990E+02 -9.99990E+02 -9.99990E+02 -9.99990E+02 -9.99990E+02 -9.99990E+02 -9.99990E+02 -9.99990E+02 -9.99990E+02 -9.99990E+02 -9.99990E+02 -9.99990E+02 -9.99990E+02 -9.99990E+02 -9.99990E+02 -9.99990E+02 -9.99990E+02 -9.99990E+02 -9.99990E+02 -9.99990E+02 -9.99990E+02 -9.99990E+02 -9.99990E+02 -9.99990E+02  2.33267E+02  2.30583E+02  2.27013E+02  2.22571E+02  2.17064E+02  2.11591E+02  2.05475E+02  2.00307E+02  1.97347E+02  1.97696E+02  1.99836E+02  2.00762E+02 -9.99990E+02 -9.99990E+02 -9.99990E+02 -9.99990E+02 -9.99990E+02 -9.99990E+02 -9.99990E+02 -9.99990E+02 -9.99990E+02 -9.99990E+02 -9.99990E+02 -9.99990E+02 -9.99990E+02 -9.99990E+02
 -9.99990E+02 -9.99990E+02 -9.99990E+02 -9.99990E+02 -9.99990E+02 -9.99990E+02 -9.99990E+02 -9.99990E+02 -9.99990E+02 -9.99990E+02 -9.99990E+02 -9.99990E+02 -9.99990E+02 -9.99990E+02 -9.99990E+02 -9.99990E+02 -9.99990E+02 -9.99990E+02 -9.99990E+02 -9.99990E+02 -9.99990E+02 -9.99990E+02 -9.99990E+02 -9.99990E+02 -9.99990E+02 -9.99990E+02 -9.99990E+02 -9.99990E+02 -9.99990E+02 -9.99990E+02 -9.99990E+02 -9.99990E+02 -9.99990E+02 -9.99990E+02 -9.99990E+02 -9.99990E+02 -9.99990E+02 -9.99990E+02 -9.99990E+02 -9.99990E+02 -9.99990E+02 -9.99990E+02 -9.99990E+02 -9.99990E+02 -9.99990E+02 -9.99990E+02 -9.99990E+02  2.27103E+02  2.24868E+02  2.22137E+02  2.18606E+02  2.13268E+02  2.07222E+02  1.99442E+02  1.95503E+02  1.94391E+02  1.95901E+02  1.97490E+02  1.98155E+02 -9.99990E+02 -9.99990E+02 -9.99990E+02 -9.99990E+02 -9.99990E+02 -9.99990E+02 -9.99990E+02 -9.99990E+02 -9.99990E+02 -9.99990E+02 -9.99990E+02 -9.99990E+02 -9.99990E+02 -9.99990E+02
 -9.99990E+02 -9.99990E+02 -9.99990E+02 -9.99990E+02 -9.99990E+02 -9.99990E+02 -9.99990E+02 -9.99990E+02 -9.99990E+02 -9.99990E+02 -9.99990E+02 -9.99990E+02 -9.99990E+02 -9.99990E+02 -9.99990E+02 -9.99990E+02 -9.99990E+02 -9.99990E+02 -9.99990E+02 -9.99990E+02 -9.99990E+02 -9.99990E+02 -9.99990E+02 -9.99990E+02 -9.99990E+02 -9.99990E+02 -9.99990E+02 -9.99990E+02 -9.99990E+02 -9.99990E+02 -9.99990E+02 -9.99990E+02 -9.99990E+02 -9.99990E+02 -9.99990E+02 -9.99990E+02 -9.99990E+02 -9.99990E+02 -9.99990E+02 -9.99990E+02 -9.99990E+02 -9.99990E+02 -9.99990E+02 -9.99990E+02 -9.99990E+02 -9.99990E+02 -9.99990E+02  2.23235E+02  2.19530E+02  2.16799E+02  2.13824E+02  2.09287E+02  2.03643E+02  1.96669E+02  1.94177E+02  1.93086E+02  1.93708E+02  1.95078E+02  1.95878E+02 -9.99990E+02 -9.99990E+02 -9.99990E+02 -9.99990E+02 -9.99990E+02 -9.99990E+02 -9.99990E+02 -9.99990E+02 -9.99990E+02 -9.99990E+02 -9.99990E+02 -9.99990E+02 -9.99990E+02 -9.99990E+02
 -9.99990E+02 -9.99990E+02 -9.99990E+02 -9.99990E+02 -9.99990E+02 -9.99990E+02 -9.99990E+02 -9.99990E+02 -9.99990E+02 -9.99990E+02 -9.99990E+02 -9.99990E+02 -9.99990E+02 -9.99990E+02 -9.99990E+02 -9.99990E+02 -9.99990E+02 -9.99990E+02 -9.99990E+02 -9.99990E+02 -9.99990E+02 -9.99990E+02 -9.99990E+02 -9.99990E+02 -9.99990E+02 -9.99990E+02 -9.99990E+02 -9.99990E+02 -9.99990E+02 -9.99990E+02 -9.99990E+02 -9.99990E+02 -9.99990E+02 -9.99990E+02 -9.99990E+02 -9.99990E+02 -9.99990E+02 -9.99990E+02 -9.99990E+02 -9.99990E+02 -9.99990E+02 -9.99990E+02 -9.99990E+02 -9.99990E+02 -9.99990E+02 -9.99990E+02 -9.99990E+02 -9.99990E+02  2.13508E+02  2.11814E+02  2.09268E+02  2.05454E+02  2.00900E+02  1.95590E+02  1.91430E+02  1.89961E+02  1.90534E+02  1.92862E+02  1.93708E+02 -9.99990E+02 -9.99990E+02 -9.99990E+02 -9.99990E+02 -9.99990E+02 -9.99990E+02 -9.99990E+02 -9.99990E+02 -9.99990E+02 -9.99990E+02 -9.99990E+02 -9.99990E+02 -9.99990E+02 -9.99990E+02
 -9.99990E+02 -9.99990E+02 -9.99990E+02 -9.99990E+02 -9.99990E+02 -9.99990E+02 -9.99990E+02 -9.99990E+02 -9.99990E+02 -9.99990E+02 -9.99990E+02 -9.99990E+02 -9.99990E+02 -9.99990E+02 -9.99990E+02 -9.99990E+02 -9.99990E+02 -9.99990E+02 -9.99990E+02 -9.99990E+02 -9.99990E+02 -9.99990E+02 -9.99990E+02 -9.99990E+02 -9.99990E+02 -9.99990E+02 -9.99990E+02 -9.99990E+02 -9.99990E+02 -9.99990E+02 -9.99990E+02 -9.99990E+02 -9.99990E+02 -9.99990E+02 -9.99990E+02 -9.99990E+02 -9.99990E+02 -9.99990E+02 -9.99990E+02 -9.99990E+02 -9.99990E+02 -9.99990E+02 -9.99990E+02 -9.99990E+02 -9.99990E+02 -9.99990E+02 -9.99990E+02 -9.99990E+02  2.09080E+02  2.07516E+02  2.05144E+02  2.01854E+02  1.98177E+02  1.94578E+02  1.91543E+02  1.89938E+02  1.89566E+02  1.91355E+02  1.92046E+02 -9.99990E+02 -9.99990E+02 -9.99990E+02 -9.99990E+02 -9.99990E+02 -9.99990E+02 -9.99990E+02 -9.99990E+02 -9.99990E+02 -9.99990E+02 -9.99990E+02 -9.99990E+02 -9.99990E+02 -9.99990E+02
 -9.99990E+02 -9.99990E+02 -9.99990E+02 -9.99990E+02 -9.99990E+02 -9.99990E+02 -9.99990E+02 -9.99990E+02 -9.99990E+02 -9.99990E+02 -9.99990E+02 -9.99990E+02 -9.99990E+02 -9.99990E+02 -9.99990E+02 -9.99990E+02 -9.99990E+02 -9.99990E+02 -9.99990E+02 -9.99990E+02 -9.99990E+02 -9.99990E+02 -9.99990E+02 -9.99990E+02 -9.99990E+02 -9.99990E+02 -9.99990E+02 -9.99990E+02 -9.99990E+02 -9.99990E+02 -9.99990E+02 -9.99990E+02 -9.99990E+02 -9.99990E+02 -9.99990E+02 -9.99990E+02 -9.99990E+02 -9.99990E+02 -9.99990E+02 -9.99990E+02 -9.99990E+02 -9.99990E+02 -9.99990E+02 -9.99990E+02 -9.99990E+02 -9.99990E+02 -9.99990E+02 -9.99990E+02  2.06379E+02  2.03730E+02  2.01421E+02  1.98531E+02  1.95565E+02  1.92737E+02  1.90397E+02  1.88633E+02  1.88529E+02  1.90240E+02  1.91017E+02 -9.99990E+02 -9.99990E+02 -9.99990E+02 -9.99990E+02 -9.99990E+02 -9.99990E+02 -9.99990E+02 -9.99990E+02 -9.99990E+02 -9.99990E+02 -9.99990E+02 -9.99990E+02 -9.99990E+02 -9.99990E+02
 -9.99990E+02 -9.99990E+02 -9.99990E+02 -9.99990E+02 -9.99990E+02 -9.99990E+02 -9.99990E+02 -9.99990E+02 -9.99990E+02 -9.99990E+02 -9.99990E+02 -9.99990E+02 -9.99990E+02 -9.99990E+02 -9.99990E+02 -9.99990E+02 -9.99990E+02 -9.99990E+02 -9.99990E+02 -9.99990E+02 -9.99990E+02 -9.99990E+02 -9.99990E+02 -9.99990E+02 -9.99990E+02 -9.99990E+02 -9.99990E+02 -9.99990E+02 -9.99990E+02 -9.99990E+02 -9.99990E+02 -9.99990E+02 -9.99990E+02 -9.99990E+02 -9.99990E+02 -9.99990E+02 -9.99990E+02 -9.99990E+02 -9.99990E+02 -9.99990E+02 -9.99990E+02 -9.99990E+02 -9.99990E+02 -9.99990E+02 -9.99990E+02 -9.99990E+02 -9.99990E+02 -9.99990E+02 -9.99990E+02  1.99064E+02  1.97857E+02  1.95713E+02  1.93032E+02  1.90351E+02  1.88570E+02  1.87471E+02  1.87659E+02  1.89473E+02  1.90466E+02 -9.99990E+02 -9.99990E+02 -9.99990E+02 -9.99990E+02 -9.99990E+02 -9.99990E+02 -9.99990E+02 -9.99990E+02 -9.99990E+02 -9.99990E+02 -9.99990E+02 -9.99990E+02 -9.99990E+02 -9.99990E+02
 -9.99990E+02 -9.99990E+02 -9.99990E+02 -9.99990E+02 -9.99990E+02 -9.99990E+02 -9.99990E+02 -9.99990E+02 -9.99990E+02 -9.99990E+02 -9.99990E+02 -9.99990E+02 -9.99990E+02 -9.99990E+02 -9.99990E+02 -9.99990E+02 -9.99990E+02 -9.99990E+02 -9.99990E+02 -9.99990E+02 -9.99990E+02 -9.99990E+02 -9.99990E+02 -9.99990E+02 -9.99990E+02 -9.99990E+02 -9.99990E+02 -9.99990E+02 -9.99990E+02 -9.99990E+02 -9.99990E+02 -9.99990E+02 -9.99990E+02 -9.99990E+02 -9.99990E+02 -9.99990E+02 -9.99990E+02 -9.99990E+02 -9.99990E+02 -9.99990E+02 -9.99990E+02 -9.99990E+02 -9.99990E+02 -9.99990E+02 -9.99990E+02 -9.99990E+02 -9.99990E+02 -9.99990E+02 -9.99990E+02  1.95879E+02  1.95098E+02  1.93444E+02  1.90746E+02  1.87353E+02  1.86060E+02  1.86702E+02  1.87634E+02  1.89186E+02  1.90500E+02 -9.99990E+02 -9.99990E+02 -9.99990E+02 -9.99990E+02 -9.99990E+02 -9.99990E+02 -9.99990E+02 -9.99990E+02 -9.99990E+02 -9.99990E+02 -9.99990E+02 -9.99990E+02 -9.99990E+02 -9.99990E+02
 -9.99990E+02 -9.99990E+02 -9.99990E+02 -9.99990E+02 -9.99990E+02 -9.99990E+02 -9.99990E+02 -9.99990E+02 -9.99990E+02 -9.99990E+02 -9.99990E+02 -9.99990E+02 -9.99990E+02 -9.99990E+02 -9.99990E+02 -9.99990E+02 -9.99990E+02 -9.99990E+02 -9.99990E+02 -9.99990E+02 -9.99990E+02 -9.99990E+02 -9.99990E+02 -9.99990E+02 -9.99990E+02 -9.99990E+02 -9.99990E+02 -9.99990E+02 -9.99990E+02 -9.99990E+02 -9.99990E+02 -9.99990E+02 -9.99990E+02 -9.99990E+02 -9.99990E+02 -9.99990E+02 -9.99990E+02 -9.99990E+02 -9.99990E+02 -9.99990E+02 -9.99990E+02 -9.99990E+02 -9.99990E+02 -9.99990E+02 -9.99990E+02 -9.99990E+02 -9.99990E+02 -9.99990E+02 -9.99990E+02  1.93714E+02  1.93052E+02  1.91610E+02  1.88994E+02  1.85683E+02  1.84928E+02  1.85632E+02  1.87478E+02  1.89750E+02  1.91216E+02  1.91794E+02 -9.99990E+02 -9.99990E+02 -9.99990E+02 -9.99990E+02 -9.99990E+02 -9.99990E+02 -9.99990E+02 -9.99990E+02 -9.99990E+02 -9.99990E+02 -9.99990E+02 -9.99990E+02 -9.99990E+02
 -9.99990E+02 -9.99990E+02 -9.99990E+02 -9.99990E+02 -9.99990E+02 -9.99990E+02 -9.99990E+02 -9.99990E+02 -9.99990E+02 -9.99990E+02 -9.99990E+02 -9.99990E+02 -9.99990E+02 -9.99990E+02 -9.99990E+02 -9.99990E+02 -9.99990E+02 -9.99990E+02 -9.99990E+02 -9.99990E+02 -9.99990E+02 -9.99990E+02 -9.99990E+02 -9.99990E+02 -9.99990E+02 -9.99990E+02 -9.99990E+02 -9.99990E+02 -9.99990E+02 -9.99990E+02 -9.99990E+02 -9.99990E+02 -9.99990E+02 -9.99990E+02 -9.99990E+02 -9.99990E+02 -9.99990E+02 -9.99990E+02 -9.99990E+02 -9.99990E+02 -9.99990E+02 -9.99990E+02 -9.99990E+02 -9.99990E+02 -9.99990E+02 -9.99990E+02 -9.99990E+02 -9.99990E+02 -9.99990E+02  1.92377E+02  1.91908E+02  1.90410E+02  1.88002E+02  1.85202E+02  1.84712E+02  1.86359E+02  1.87831E+02  1.89670E+02  1.90993E+02  1.91602E+02  1.91432E+02 -9.99990E+02 -9.99990E+02 -9.99990E+02 -9.99990E+02 -9.99990E+02 -9.99990E+02 -9.99990E+02 -9.99990E+02 -9.99990E+02 -9.99990E+02 -9.99990E+02 -9.99990E+02
 -9.99990E+02 -9.99990E+02 -9.99990E+02 -9.99990E+02 -9.99990E+02 -9.99990E+02 -9.99990E+02 -9.99990E+02 -9.99990E+02 -9.99990E+02 -9.99990E+02 -9.99990E+02 -9.99990E+02 -9.99990E+02 -9.99990E+02 -9.99990E+02 -9.99990E+02 -9.99990E+02 -9.99990E+02 -9.99990E+02 -9.99990E+02 -9.99990E+02 -9.99990E+02 -9.99990E+02 -9.99990E+02 -9.99990E+02 -9.99990E+02 -9.99990E+02 -9.99990E+02 -9.99990E+02 -9.99990E+02 -9.99990E+02 -9.99990E+02 -9.99990E+02 -9.99990E+02 -9.99990E+02 -9.99990E+02 -9.99990E+02 -9.99990E+02 -9.99990E+02 -9.99990E+02 -9.99990E+02 -9.99990E+02 -9.99990E+02 -9.99990E+02 -9.99990E+02 -9.99990E+02 -9.99990E+02 -9.99990E+02  1.91499E+02  1.90963E+02  1.89582E+02  1.87802E+02  1.85679E+02  1.83716E+02  1.85261E+02  1.86644E+02  1.88390E+02  1.89943E+02  1.90894E+02  1.91197E+02 -9.99990E+02 -9.99990E+02 -9.99990E+02 -9.99990E+02 -9.99990E+02 -9.99990E+02 -9.99990E+02 -9.99990E+02 -9.99990E+02 -9.99990E+02 -9.99990E+02 -9.99990E+02
 -9.99990E+02 -9.99990E+02 -9.99990E+02 -9.99990E+02 -9.99990E+02 -9.99990E+02 -9.99990E+02 -9.99990E+02 -9.99990E+02 -9.99990E+02 -9.99990E+02 -9.99990E+02 -9.99990E+02 -9.99990E+02 -9.99990E+02 -9.99990E+02 -9.99990E+02 -9.99990E+02 -9.99990E+02 -9.99990E+02 -9.99990E+02 -9.99990E+02 -9.99990E+02 -9.99990E+02 -9.99990E+02 -9.99990E+02 -9.99990E+02 -9.99990E+02 -9.99990E+02 -9.99990E+02 -9.99990E+02 -9.99990E+02 -9.99990E+02 -9.99990E+02 -9.99990E+02 -9.99990E+02 -9.99990E+02 -9.99990E+02 -9.99990E+02 -9.99990E+02 -9.99990E+02 -9.99990E+02 -9.99990E+02 -9.99990E+02 -9.99990E+02 -9.99990E+02 -9.99990E+02 -9.99990E+02 -9.99990E+02  1.90960E+02  1.90288E+02  1.89224E+02  1.87949E+02  1.86086E+02  1.84564E+02  1.83936E+02  1.84463E+02  1.86120E+02  1.87961E+02  1.89766E+02 -9.99990E+02 -9.99990E+02 -9.99990E+02 -9.99990E+02 -9.99990E+02 -9.99990E+02 -9.99990E+02 -9.99990E+02 -9.99990E+02 -9.99990E+02 -9.99990E+02 -9.99990E+02 -9.99990E+02
 -9.99990E+02 -9.99990E+02 -9.99990E+02 -9.99990E+02 -9.99990E+02 -9.99990E+02 -9.99990E+02 -9.99990E+02 -9.99990E+02 -9.99990E+02 -9.99990E+02 -9.99990E+02 -9.99990E+02 -9.99990E+02 -9.99990E+02 -9.99990E+02 -9.99990E+02 -9.99990E+02 -9.99990E+02 -9.99990E+02 -9.99990E+02 -9.99990E+02 -9.99990E+02 -9.99990E+02 -9.99990E+02 -9.99990E+02 -9.99990E+02 -9.99990E+02 -9.99990E+02 -9.99990E+02 -9.99990E+02 -9.99990E+02 -9.99990E+02 -9.99990E+02 -9.99990E+02 -9.99990E+02 -9.99990E+02 -9.99990E+02 -9.99990E+02 -9.99990E+02 -9.99990E+02 -9.99990E+02 -9.99990E+02 -9.99990E+02 -9.99990E+02 -9.99990E+02 -9.99990E+02 -9.99990E+02 -9.99990E+02 -9.99990E+02  1.89689E+02  1.89134E+02  1.88523E+02 -9.99990E+02  1.84056E+02  1.83504E+02  1.83107E+02  1.83121E+02  1.84833E+02 -9.99990E+02 -9.99990E+02 -9.99990E+02 -9.99990E+02 -9.99990E+02 -9.99990E+02 -9.99990E+02 -9.99990E+02 -9.99990E+02 -9.99990E+02 -9.99990E+02 -9.99990E+02 -9.99990E+02 -9.99990E+02
 -9.99990E+02 -9.99990E+02 -9.99990E+02 -9.99990E+02 -9.99990E+02 -9.99990E+02 -9.99990E+02 -9.99990E+02 -9.99990E+02 -9.99990E+02 -9.99990E+02 -9.99990E+02 -9.99990E+02 -9.99990E+02 -9.99990E+02 -9.99990E+02 -9.99990E+02 -9.99990E+02 -9.99990E+02 -9.99990E+02 -9.99990E+02 -9.99990E+02 -9.99990E+02 -9.99990E+02 -9.99990E+02 -9.99990E+02 -9.99990E+02 -9.99990E+02 -9.99990E+02 -9.99990E+02 -9.99990E+02 -9.99990E+02 -9.99990E+02 -9.99990E+02 -9.99990E+02 -9.99990E+02 -9.99990E+02 -9.99990E+02 -9.99990E+02 -9.99990E+02 -9.99990E+02 -9.99990E+02 -9.99990E+02 -9.99990E+02 -9.99990E+02 -9.99990E+02 -9.99990E+02 -9.99990E+02 -9.99990E+02 -9.99990E+02 -9.99990E+02  1.89081E+02 -9.99990E+02 -9.99990E+02 -9.99990E+02  1.82931E+02  1.82659E+02  1.82263E+02  1.83210E+02 -9.99990E+02 -9.99990E+02 -9.99990E+02 -9.99990E+02 -9.99990E+02 -9.99990E+02 -9.99990E+02 -9.99990E+02 -9.99990E+02 -9.99990E+02 -9.99990E+02 -9.99990E+02 -9.99990E+02 -9.99990E+02
 -9.99990E+02 -9.99990E+02 -9.99990E+02 -9.99990E+02 -9.99990E+02 -9.99990E+02 -9.99990E+02 -9.99990E+02 -9.99990E+02 -9.99990E+02 -9.99990E+02 -9.99990E+02 -9.99990E+02 -9.99990E+02 -9.99990E+02 -9.99990E+02 -9.99990E+02 -9.99990E+02 -9.99990E+02 -9.99990E+02 -9.99990E+02 -9.99990E+02 -9.99990E+02 -9.99990E+02 -9.99990E+02 -9.99990E+02 -9.99990E+02 -9.99990E+02 -9.99990E+02 -9.99990E+02 -9.99990E+02 -9.99990E+02 -9.99990E+02 -9.99990E+02 -9.99990E+02 -9.99990E+02 -9.99990E+02 -9.99990E+02 -9.99990E+02 -9.99990E+02 -9.99990E+02 -9.99990E+02 -9.99990E+02 -9.99990E+02 -9.99990E+02 -9.99990E+02 -9.99990E+02 -9.99990E+02 -9.99990E+02 -9.99990E+02 -9.99990E+02 -9.99990E+02 -9.99990E+02 -9.99990E+02 -9.99990E+02  1.82612E+02  1.82278E+02  1.81606E+02  1.82570E+02 -9.99990E+02 -9.99990E+02 -9.99990E+02 -9.99990E+02 -9.99990E+02 -9.99990E+02 -9.99990E+02 -9.99990E+02 -9.99990E+02 -9.99990E+02 -9.99990E+02 -9.99990E+02 -9.99990E+02 -9.99990E+02
 
 month:           4 year:        2005
 layer:           1
 -9.99990E+02 -9.99990E+02 -9.99990E+02  8.27043E+02  8.26378E+02  8.25322E+02  8.24187E+02  8.23273E+02 -9.99990E+02 -9.99990E+02 -9.99990E+02 -9.99990E+02 -9.99990E+02 -9.99990E+02 -9.99990E+02 -9.99990E+02 -9.99990E+02 -9.99990E+02 -9.99990E+02 -9.99990E+02 -9.99990E+02 -9.99990E+02 -9.99990E+02 -9.99990E+02 -9.99990E+02 -9.99990E+02 -9.99990E+02 -9.99990E+02 -9.99990E+02 -9.99990E+02 -9.99990E+02 -9.99990E+02 -9.99990E+02 -9.99990E+02 -9.99990E+02 -9.99990E+02 -9.99990E+02 -9.99990E+02 -9.99990E+02 -9.99990E+02 -9.99990E+02 -9.99990E+02 -9.99990E+02 -9.99990E+02 -9.99990E+02 -9.99990E+02 -9.99990E+02 -9.99990E+02 -9.99990E+02 -9.99990E+02 -9.99990E+02 -9.99990E+02 -9.99990E+02 -9.99990E+02 -9.99990E+02 -9.99990E+02 -9.99990E+02 -9.99990E+02 -9.99990E+02 -9.99990E+02 -9.99990E+02 -9.99990E+02 -9.99990E+02 -9.99990E+02 -9.99990E+02 -9.99990E+02 -9.99990E+02 -9.99990E+02 -9.99990E+02 -9.99990E+02 -9.99990E+02 -9.99990E+02 -9.99990E+02
 -9.99990E+02  8.28538E+02  8.28029E+02  8.27145E+02  8.26123E+02  8.24853E+02  8.23367E+02  8.21864E+02  8.20152E+02 -9.99990E+02 -9.99990E+02 -9.99990E+02 -9.99990E+02 -9.99990E+02 -9.99990E+02 -9.99990E+02 -9.99990E+02 -9.99990E+02 -9.99990E+02 -9.99990E+02 -9.99990E+02 -9.99990E+02 -9.99990E+02 -9.99990E+02 -9.99990E+02 -9.99990E+02 -9.99990E+02 -9.99990E+02 -9.99990E+02 -9.99990E+02 -9.99990E+02 -9.99990E+02 -9.99990E+02 -9.99990E+02 -9.99990E+02 -9.99990E+02 -9.99990E+02 -9.99990E+02 -9.99990E+02 -9.99990E+02 -9.99990E+02 -9.99990E+02 -9.99990E+02 -9.99990E+02 -9.99990E+02 -9.99990E+02 -9.99990E+02 -9.99990E+02 -9.99990E+02 -9.99990E+02 -9.99990E+02 -9.99990E+02 -9.99990E+02 -9.99990E+02 -9.99990E+02 -9.99990E+02 -9.99990E+02 -9.99990E+02 -9.99990E+02 -9.99990E+02 -9.99990E+02 -9.99990E+02 -9.99990E+02 -9.99990E+02 -9.99990E+02 -9.99990E+02 -9.99990E+02 -9.99990E+02 -9.99990E+02 -9.99990E+02 -9.99990E+02 -9.99990E+02 -9.99990E+02
  8.28794E+02  8.28380E+02  8.27621E+02  8.26587E+02  8.25304E+02  8.23821E+02  8.21985E+02  8.20062E+02  8.17923E+02  8.15326E+02 -9.99990E+02 -9.99990E+02 -9.99990E+02 -9.99990E+02 -9.99990E+02 -9.99990E+02 -9.99990E+02 -9.99990E+02 -9.99990E+02 -9.99990E+02 -9.99990E+02 -9.99990E+02 -9.99990E+02 -9.99990E+02 -9.99990E+02 -9.99990E+02 -9.99990E+02 -9.99990E+02 -9.99990E+02 -9.99990E+02 -9.99990E+02 -9.99990E+02 -9.99990E+02 -9.99990E+02 -9.99990E+02 -9.99990E+02 -9.99990E+02 -9.99990E+02 -9.99990E+02 -9.99990E+02 -9.99990E+02 -9.99990E+02 -9.99990E+02 -9.99990E+02 -9.99990E+02 -9.99990E+02 -9.99990E+02 -9.99990E+02 -9.99990E+02 -9.99990E+02 -9.99990E+02 -9.99990E+02 -9.99990E+02 -9.99990E+02 -9.99990E+02 -9.99990E+02 -9.99990E+02 -9.99990E+02 -9.99990E+02 -9.99990E+02 -9.99990E+02 -9.99990E+02 -9.99990E+02 -9.99990E+02 -9.99990E+02 -9.99990E+02 -9.99990E+02 -9.99990E+02 -9.99990E+02 -9.99990E+02 -9.99990E+02 -9.99990E+02 -9.99990E+02
  8.28541E+02  8.27905E+02  8.26612E+02  8.25268E+02  8.23817E+02  8.22163E+02  8.20097E+02  8.17829E+02  8.15301E+02  8.12039E+02  8.07379E+02  8.03961E+02  8.01741E+02 -9.99990E+02 -9.99990E+02 -9.99990E+02 -9.99990E+02 -9.99990E+02 -9.99990E+02 -9.99990E+02 -9.99990E+02 -9.99990E+02 -9.99990E+02 -9.99990E+02 -9.99990E+02 -9.99990E+02 -9.99990E+02 -9.99990E+02 -9.99990E+02 -9.99990E+02 -9.99990E+02 -9.99990E+02 -9.99990E+02 -9.99990E+02 -9.99990E+02 -9.99990E+02 -9.99990E+02 -9.99990E+02 -9.99990E+02 -9.99990E+02 -9.99990E+02 -9.99990E+02 -9.99990E+02 -9.99990E+02 -9.99990E+02 -9.99990E+02 -9.99990E+02 -9.99990E+02 -9.99990E+02 -9.99990E+02 -9.99990E+02 -9.99990E+02 -9.99990E+02 -9.99990E+02 -9.99990E+02 -9.99990E+02 -9.99990E+02 -9.99990E+02 -9.99990E+02 -9.99990E+02 -9.99990E+02 -9.99990E+02 -9.99990E+02 -9.99990E+02 -9.99990E+02 -9.99990E+02 -9.99990E+02 -9.99990E+02 -9.99990E+02 -9.99990E+02 -9.99990E+02 -9.99990E+02 -9.99990E+02
  8.28225E+02  8.27325E+02  8.25004E+02  8.23336E+02  8.21714E+02  8.19922E+02  8.17798E+02  8.15244E+02  8.12566E+02  8.09440E+02  8.05810E+02  8.02348E+02  7.99092E+02  7.94799E+02  7.91142E+02  7.88104E+02  7.85436E+02  7.83095E+02  7.81252E+02  7.80057E+02 -9.99990E+02 -9.99990E+02 -9.99990E+02 -9.99990E+02 -9.99990E+02 -9.99990E+02 -9.99990E+02 -9.99990E+02 -9.99990E+02 -9.99990E+02 -9.99990E+02 -9.99990E+02 -9.99990E+02 -9.99990E+02 -9.99990E+02 -9.99990E+02 -9.99990E+02 -9.99990E+02 -9.99990E+02 -9.99990E+02 -9.99990E+02 -9.99990E+02 -9.99990E+02 -9.99990E+02 -9.99990E+02 -9.99990E+02 -9.99990E+02 -9.99990E+02 -9.99990E+02 -9.99990E+02 -9.99990E+02 -9.99990E+02 -9.99990E+02 -9.99990E+02 -9.99990E+02 -9.99990E+02 -9.99990E+02 -9.99990E+02 -9.99990E+02 -9.99990E+02 -9.99990E+02 -9.99990E+02 -9.99990E+02 -9.99990E+02 -9.99990E+02 -9.99990E+02 -9.99990E+02 -9.99990E+02 -9.99990E+02 -9.99990E+02 -9.99990E+02 -9.99990E+02 -9.99990E+02
 -9.99990E+02 -9.99990E+02  8.21916E+02  8.20776E+02  8.19160E+02  8.17242E+02  8.15004E+02  8.12342E+02  8.09653E+02  8.06702E+02  8.03418E+02  8.00118E+02  7.96947E+02  7.93412E+02  7.90094E+02  7.87181E+02  7.84540E+02  7.82147E+02  7.80126E+02  7.78434E+02  7.76660E+02 -9.99990E+02 -9.99990E+02 -9.99990E+02 -9.99990E+02 -9.99990E+02 -9.99990E+02 -9.99990E+02 -9.99990E+02 -9.99990E+02 -9.99990E+02 -9.99990E+02 -9.99990E+02 -9.99990E+02 -9.99990E+02 -9.99990E+02 -9.99990E+02 -9.99990E+02 -9.99990E+02 -9.99990E+02 -9.99990E+02 -9.99990E+02 -9.99990E+02 -9.99990E+02 -9.99990E+02 -9.99990E+02 -9.99990E+02 -9.99990E+02 -9.99990E+02 -9.99990E+02 -9.99990E+02 -9.99990E+02 -9.99990E+02 -9.99990E+02 -9.99990E+02 -9.99990E+02 -9.99990E+02 -9.99990E+02 -9.99990E+02 -9.99990E+02 -9.99990E+02 -9.99990E+02 -9.99990E+02 -9.99990E+02 -9.99990E+02 -9.99990E+02 -9.99990E+02 -9.99990E+02 -9.99990E+02 -9.99990E+02 -9.99990E+02 -9.99990E+02 -9.99990E+02
 -9.99990E+02 -9.99990E+02  8.19344E+02  8.18139E+02  8.16437E+02  8.14328E+02  8.11915E+02  8.09241E+02  8.06549E+02  8.03683E+02  8.00496E+02  7.97380E+02  7.94381E+02  7.91222E+02  7.88179E+02  7.85391E+02  7.82803E+02  7.80347E+02  7.78164E+02  7.76249E+02  7.74382E+02  7.72489E+02 -9.99990E+02 -9.99990E+02 -9.99990E+02 -9.99990E+02 -9.99990E+02 -9.99990E+02 -9.99990E+02 -9.99990E+02 -9.99990E+02 -9.99990E+02 -9.99990E+02 -9.99990E+02 -9.99990E+02 -9.99990E+02 -9.99990E+02 -9.99990E+02 -9.99990E+02  7.72387E+02  7.72951E+02 -9.99990E+02 -9.99990E+02  7.80371E+02  7.81027E+02  7.81561E+02 -9.99990E+02 -9.99990E+02 -9.99990E+02 -9.99990E+02  7.95666E+02  7.95801E+02 -9.99990E+02 -9.99990E+02 -9.99990E+02 -9.99990E+02 -9.99990E+02 -9.99990E+02 -9.99990E+02 -9.99990E+02 -9.99990E+02 -9.99990E+02 -9.99990E+02 -9.99990E+02 -9.99990E+02 -9.99990E+02 -9.99990E+02 -9.99990E+02 -9.99990E+02 -9.99990E+02 -9.99990E+02 -9.99990E+02 -9.99990E+02
 -9.99990E+02 -9.99990E+02  8.17562E+02  8.15420E+02  8.13511E+02  8.11299E+02  8.08754E+02  8.05905E+02  8.03057E+02  8.00157E+02  7.97094E+02  7.94121E+02  7.91307E+02  7.88379E+02  7.85573E+02  7.82919E+02  7.80264E+02  7.77719E+02  7.75348E+02  7.73282E+02  7.71452E+02  7.70070E+02 -9.99990E+02 -9.99990E+02 -9.99990E+02 -9.99990E+02 -9.99990E+02 -9.99990E+02 -9.99990E+02 -9.99990E+02 -9.99990E+02 -9.99990E+02 -9.99990E+02 -9.99990E+02 -9.99990E+02 -9.99990E+02  7.65220E+02  7.66716E+02  7.68775E+02  7.71168E+02  7.72828E+02  7.74666E+02  7.76748E+02  7.79051E+02  7.80432E+02  7.81365E+02  7.81897E+02 -9.99990E+02 -9.99990E+02  7.93469E+02  7.94662E+02  7.95052E+02 -9.99990E+02 -9.99990E+02 -9.99990E+02 -9.99990E+02 -9.99990E+02 -9.99990E+02 -9.99990E+02 -9.99990E+02 -9.99990E+02 -9.99990E+02 -9.99990E+02 -9.99990E+02 -9.99990E+02 -9.99990E+02 -9.99990E+02 -9.99990E+02 -9.99990E+02 -9.99990E+02 -9.99990E+02 -9.99990E+02 -9.99990E+02
 -9.99990E+02 -9.99990E+02 -9.99990E+02  8.12007E+02  8.10386E+02  8.08145E+02  8.05394E+02  8.02311E+02  7.99176E+02  7.96209E+02  7.93194E+02  7.90373E+02  7.87679E+02  7.84983E+02  7.82352E+02  7.79708E+02  7.76991E+02  7.74305E+02  7.71792E+02  7.69512E+02  7.67335E+02  7.65627E+02 -9.99990E+02 -9.99990E+02 -9.99990E+02 -9.99990E+02 -9.99990E+02  7.45252E+02  7.45382E+02 -9.99990E+02  7.49026E+02  7.49951E+02  7.51809E+02  7.54198E+02  7.56708E+02  7.59617E+02  7.63117E+02  7.65553E+02  7.67811E+02  7.69992E+02  7.71914E+02  7.73918E+02  7.75970E+02  7.77957E+02  7.79544E+02  7.80807E+02  7.81668E+02 -9.99990E+02  7.89413E+02  7.91477E+02  7.92837E+02  7.93270E+02  7.92842E+02 -9.99990E+02 -9.99990E+02 -9.99990E+02 -9.99990E+02 -9.99990E+02 -9.99990E+02 -9.99990E+02 -9.99990E+02 -9.99990E+02 -9.99990E+02 -9.99990E+02 -9.99990E+02 -9.99990E+02 -9.99990E+02 -9.99990E+02 -9.99990E+02 -9.99990E+02 -9.99990E+02 -9.99990E+02 -9.99990E+02
 -9.99990E+02 -9.99990E+02 -9.99990E+02  8.10024E+02  8.07624E+02  8.05145E+02  8.01960E+02  7.98364E+02  7.94904E+02  7.91791E+02  7.88831E+02  7.86110E+02  7.83593E+02  7.81062E+02  7.78460E+02  7.75751E+02  7.72938E+02  7.70207E+02  7.67508E+02  7.64949E+02  7.62217E+02  7.58831E+02  7.52913E+02  7.49081E+02  7.46611E+02  7.45139E+02  7.44488E+02  7.44613E+02  7.45000E+02  7.45851E+02  7.47565E+02  7.48917E+02  7.50585E+02  7.53181E+02  7.55806E+02  7.58502E+02  7.61340E+02  7.63830E+02  7.66150E+02  7.68349E+02  7.70407E+02  7.72512E+02  7.74640E+02  7.76610E+02  7.78258E+02  7.79752E+02  7.81270E+02  7.83288E+02  7.86463E+02  7.88606E+02  7.90017E+02  7.90724E+02  7.91032E+02 -9.99990E+02 -9.99990E+02 -9.99990E+02 -9.99990E+02 -9.99990E+02 -9.99990E+02 -9.99990E+02 -9.99990E+02 -9.99990E+02 -9.99990E+02 -9.99990E+02 -9.99990E+02 -9.99990E+02 -9.99990E+02 -9.99990E+02 -9.99990E+02 -9.99990E+02 -9.99990E+02 -9.99990E+02 -9.99990E+02
 -9.99990E+02 -9.99990E+02 -9.99990E+02 -9.99990E+02  8.04290E+02  8.02219E+02  7.98609E+02  7.93959E+02  7.89957E+02  7.86692E+02  7.83852E+02  7.81297E+02  7.78907E+02  7.76410E+02  7.73773E+02  7.71132E+02  7.68328E+02  7.65490E+02  7.62693E+02  7.60001E+02  7.57179E+02  7.54009E+02  7.50325E+02  7.47304E+02  7.45119E+02  7.43789E+02  7.43188E+02  7.43174E+02  7.43586E+02  7.44436E+02  7.45748E+02  7.47154E+02  7.48714E+02  7.51025E+02  7.53821E+02  7.56514E+02  7.59139E+02  7.61542E+02  7.63832E+02  7.66127E+02  7.68310E+02  7.70502E+02  7.72730E+02  7.74816E+02  7.76450E+02  7.77985E+02  7.79642E+02  7.81459E+02  7.83544E+02  7.85144E+02  7.86288E+02  7.87013E+02  7.86661E+02  7.83894E+02 -9.99990E+02 -9.99990E+02 -9.99990E+02 -9.99990E+02 -9.99990E+02 -9.99990E+02 -9.99990E+02 -9.99990E+02 -9.99990E+02 -9.99990E+02 -9.99990E+02 -9.99990E+02 -9.99990E+02 -9.99990E+02 -9.99990E+02 -9.99990E+02 -9.99990E+02 -9.99990E+02 -9.99990E+02
 -9.99990E+02 -9.99990E+02 -9.99990E+02 -9.99990E+02  8.02546E+02  8.00397E+02  7.95993E+02  7.88314E+02  7.84026E+02  7.80820E+02  7.78162E+02  7.75794E+02  7.73421E+02  7.70974E+02  7.68504E+02  7.66010E+02  7.63195E+02  7.60268E+02  7.57349E+02  7.54700E+02  7.52094E+02  7.49373E+02  7.46537E+02  7.44137E+02  7.42359E+02  7.41239E+02  7.40746E+02  7.40752E+02  7.41186E+02  7.42011E+02  7.43196E+02  7.44567E+02  7.46057E+02  7.47931E+02  7.50712E+02  7.53687E+02  7.56325E+02  7.58724E+02  7.61018E+02  7.63290E+02  7.65551E+02  7.67766E+02  7.70024E+02  7.72123E+02  7.73837E+02  7.75394E+02  7.77109E+02  7.78679E+02  7.80082E+02  7.81027E+02  7.81872E+02  7.82227E+02  7.81248E+02  7.78959E+02 -9.99990E+02 -9.99990E+02 -9.99990E+02 -9.99990E+02 -9.99990E+02 -9.99990E+02 -9.99990E+02 -9.99990E+02 -9.99990E+02 -9.99990E+02 -9.99990E+02 -9.99990E+02 -9.99990E+02 -9.99990E+02 -9.99990E+02 -9.99990E+02 -9.99990E+02 -9.99990E+02 -9.99990E+02
 -9.99990E+02 -9.99990E+02 -9.99990E+02 -9.99990E+02 -9.99990E+02 -9.99990E+02 -9.99990E+02  7.78581E+02  7.76604E+02  7.74113E+02  7.71656E+02  7.69410E+02  7.67088E+02  7.64782E+02  7.62538E+02  7.60111E+02  7.57220E+02  7.54188E+02  7.51357E+02  7.48838E+02  7.46482E+02  7.44179E+02  7.41854E+02  7.39896E+02  7.38482E+02  7.37593E+02  7.37210E+02  7.37312E+02  7.37866E+02  7.38694E+02  7.39813E+02  7.41154E+02  7.42681E+02  7.44278E+02  7.46901E+02  7.49828E+02  7.52775E+02  7.55319E+02  7.57641E+02  7.59879E+02  7.62136E+02  7.64363E+02  7.66502E+02  7.68609E+02  7.70339E+02  7.72011E+02  7.73688E+02  7.74991E+02  7.75873E+02  7.76139E+02  7.76243E+02  7.75559E+02  7.73872E+02  7.69904E+02  7.63874E+02  7.60318E+02 -9.99990E+02 -9.99990E+02 -9.99990E+02 -9.99990E+02 -9.99990E+02 -9.99990E+02 -9.99990E+02 -9.99990E+02 -9.99990E+02 -9.99990E+02 -9.99990E+02 -9.99990E+02 -9.99990E+02 -9.99990E+02 -9.99990E+02 -9.99990E+02 -9.99990E+02
 -9.99990E+02 -9.99990E+02 -9.99990E+02 -9.99990E+02 -9.99990E+02 -9.99990E+02 -9.99990E+02  7.70290E+02  7.68969E+02  7.66876E+02  7.64515E+02  7.62229E+02  7.60007E+02  7.57859E+02  7.55580E+02  7.53099E+02  7.50392E+02  7.47510E+02  7.44623E+02  7.42193E+02  7.39988E+02  7.38018E+02  7.36245E+02  7.34674E+02  7.33552E+02  7.32914E+02  7.32705E+02  7.32941E+02  7.33608E+02  7.34497E+02  7.35587E+02  7.36978E+02  7.38525E+02  7.40109E+02  7.42132E+02  7.45126E+02  7.48201E+02  7.51159E+02  7.53657E+02  7.55904E+02  7.58116E+02  7.60259E+02  7.62307E+02  7.64224E+02  7.65995E+02  7.67755E+02  7.69293E+02  7.70297E+02  7.70788E+02  7.70690E+02  7.70311E+02  7.69162E+02  7.67068E+02  7.63970E+02  7.59907E+02  7.55195E+02  7.50057E+02 -9.99990E+02 -9.99990E+02 -9.99990E+02 -9.99990E+02 -9.99990E+02 -9.99990E+02 -9.99990E+02 -9.99990E+02 -9.99990E+02 -9.99990E+02 -9.99990E+02 -9.99990E+02 -9.99990E+02 -9.99990E+02 -9.99990E+02 -9.99990E+02
 -9.99990E+02 -9.99990E+02 -9.99990E+02 -9.99990E+02 -9.99990E+02 -9.99990E+02 -9.99990E+02  7.62720E+02  7.61355E+02  7.59240E+02  7.56855E+02  7.54479E+02  7.52190E+02  7.49853E+02  7.47490E+02  7.45115E+02  7.42498E+02  7.39509E+02  7.36776E+02  7.34513E+02  7.32538E+02  7.30920E+02  7.29464E+02  7.28225E+02  7.27470E+02  7.27173E+02  7.27206E+02  7.27594E+02  7.28315E+02  7.29316E+02  7.30548E+02  7.32043E+02  7.33648E+02  7.35245E+02  7.36948E+02  7.39745E+02  7.42808E+02  7.45884E+02  7.48897E+02  7.51424E+02  7.53507E+02  7.55519E+02  7.57503E+02  7.59335E+02  7.61044E+02  7.62665E+02  7.64038E+02  7.64801E+02  7.65066E+02  7.64720E+02  7.63810E+02  7.62348E+02  7.60320E+02  7.57419E+02  7.53413E+02  7.48933E+02  7.43938E+02  7.39123E+02 -9.99990E+02 -9.99990E+02 -9.99990E+02 -9.99990E+02 -9.99990E+02 -9.99990E+02 -9.99990E+02 -9.99990E+02 -9.99990E+02 -9.99990E+02 -9.99990E+02 -9.99990E+02 -9.99990E+02 -9.99990E+02 -9.99990E+02
 -9.99990E+02 -9.99990E+02 -9.99990E+02 -9.99990E+02 -9.99990E+02 -9.99990E+02  7.55434E+02  7.56327E+02  7.54097E+02  7.51365E+02  7.48699E+02  7.46114E+02  7.43597E+02  7.41107E+02  7.38539E+02  7.35999E+02  7.33217E+02  7.30054E+02  7.27512E+02  7.25534E+02  7.23940E+02  7.22602E+02  7.21509E+02  7.20667E+02  7.20251E+02  7.20314E+02  7.20678E+02  7.21296E+02  7.22164E+02  7.23331E+02  7.24758E+02  7.26359E+02  7.28089E+02  7.29786E+02  7.31434E+02  7.33565E+02  7.36712E+02  7.39987E+02  7.43187E+02  7.46112E+02  7.48408E+02  7.50263E+02  7.52081E+02  7.53769E+02  7.55452E+02  7.56803E+02  7.57797E+02  7.58329E+02  7.58346E+02  7.57992E+02  7.57086E+02  7.55444E+02  7.53027E+02  7.49990E+02  7.46540E+02  7.42381E+02  7.37586E+02  7.32974E+02  7.28034E+02 -9.99990E+02 -9.99990E+02 -9.99990E+02 -9.99990E+02 -9.99990E+02 -9.99990E+02 -9.99990E+02 -9.99990E+02 -9.99990E+02 -9.99990E+02 -9.99990E+02 -9.99990E+02 -9.99990E+02 -9.99990E+02
 -9.99990E+02 -9.99990E+02 -9.99990E+02 -9.99990E+02 -9.99990E+02 -9.99990E+02  7.54143E+02  7.52464E+02  7.46478E+02  7.42956E+02  7.40010E+02  7.37109E+02  7.34199E+02  7.31122E+02  7.27994E+02  7.24712E+02  7.21699E+02  7.18744E+02  7.16713E+02  7.15341E+02  7.14116E+02  7.13135E+02  7.12297E+02  7.11851E+02  7.11815E+02  7.12198E+02  7.13000E+02  7.14067E+02  7.15264E+02  7.16628E+02  7.18217E+02  7.20016E+02  7.21906E+02  7.23814E+02  7.25532E+02  7.27240E+02  7.29944E+02  7.33309E+02  7.36566E+02  7.39335E+02  7.41999E+02  7.44344E+02  7.45989E+02  7.47488E+02  7.48989E+02  7.50121E+02  7.50874E+02  7.51240E+02  7.51094E+02  7.50475E+02  7.49495E+02  7.47914E+02  7.45557E+02  7.42701E+02  7.39596E+02  7.35601E+02  7.31156E+02  7.26718E+02  7.22162E+02  7.17047E+02 -9.99990E+02 -9.99990E+02 -9.99990E+02 -9.99990E+02 -9.99990E+02 -9.99990E+02 -9.99990E+02 -9.99990E+02 -9.99990E+02 -9.99990E+02 -9.99990E+02 -9.99990E+02 -9.99990E+02
 -9.99990E+02 -9.99990E+02 -9.99990E+02 -9.99990E+02 -9.99990E+02 -9.99990E+02 -9.99990E+02 -9.99990E+02  7.35521E+02  7.33646E+02  7.30841E+02  7.27599E+02  7.24270E+02  7.20657E+02  7.16635E+02  7.12404E+02  7.08479E+02  7.05933E+02  7.04439E+02  7.03326E+02  7.02423E+02  7.01777E+02  7.01479E+02  7.01664E+02  7.02202E+02  7.03016E+02  7.04309E+02  7.05796E+02  7.07428E+02  7.09085E+02  7.10882E+02  7.12845E+02  7.14939E+02  7.16997E+02  7.18987E+02  7.20872E+02  7.22761E+02  7.25889E+02  7.29212E+02  7.32015E+02  7.34561E+02  7.36863E+02  7.38985E+02  7.40405E+02  7.41803E+02  7.42805E+02  7.43399E+02  7.43720E+02  7.43569E+02  7.42770E+02  7.41577E+02  7.40077E+02  7.37829E+02  7.35219E+02  7.32277E+02  7.28568E+02  7.24447E+02  7.20214E+02  7.15874E+02  7.11275E+02  7.05738E+02  7.03273E+02 -9.99990E+02 -9.99990E+02 -9.99990E+02 -9.99990E+02 -9.99990E+02 -9.99990E+02 -9.99990E+02 -9.99990E+02 -9.99990E+02 -9.99990E+02 -9.99990E+02
 -9.99990E+02 -9.99990E+02 -9.99990E+02 -9.99990E+02 -9.99990E+02 -9.99990E+02 -9.99990E+02 -9.99990E+02  7.26324E+02  7.24588E+02  7.21528E+02  7.17765E+02  7.13760E+02  7.09333E+02  7.04499E+02  6.99690E+02  6.95509E+02  6.92747E+02  6.90925E+02  6.89512E+02  6.89077E+02  6.88991E+02  6.89275E+02  6.90226E+02  6.91501E+02  6.92936E+02  6.94637E+02  6.96518E+02  6.98602E+02  7.00638E+02  7.02752E+02  7.05000E+02  7.07294E+02  7.09554E+02  7.11804E+02  7.13848E+02  7.15812E+02  7.18056E+02  7.21091E+02  7.24023E+02  7.26477E+02  7.28634E+02  7.30587E+02  7.32614E+02  7.34106E+02  7.34971E+02  7.35433E+02  7.35670E+02  7.35328E+02  7.34580E+02  7.33346E+02  7.31601E+02  7.29673E+02  7.27215E+02  7.24418E+02  7.21066E+02  7.17276E+02  7.13218E+02  7.09426E+02  7.05568E+02  7.01908E+02  6.99936E+02 -9.99990E+02 -9.99990E+02 -9.99990E+02 -9.99990E+02 -9.99990E+02 -9.99990E+02 -9.99990E+02 -9.99990E+02 -9.99990E+02 -9.99990E+02 -9.99990E+02
 -9.99990E+02 -9.99990E+02 -9.99990E+02 -9.99990E+02 -9.99990E+02 -9.99990E+02 -9.99990E+02 -9.99990E+02  7.18908E+02  7.16108E+02  7.12385E+02  7.07901E+02  7.02898E+02  6.97413E+02  6.91776E+02  6.86446E+02  6.81944E+02  6.78814E+02  6.76433E+02  6.75040E+02  6.74383E+02  6.74855E+02  6.76082E+02  6.77881E+02  6.79779E+02  6.81826E+02  6.83891E+02  6.86291E+02  6.88757E+02  6.91314E+02  6.93819E+02  6.96395E+02  6.98930E+02  7.01470E+02  7.03875E+02  7.06118E+02  7.08148E+02  7.09878E+02  7.12383E+02  7.15191E+02  7.17652E+02  7.19780E+02  7.21681E+02  7.23598E+02  7.25126E+02  7.26186E+02  7.26772E+02  7.26892E+02  7.26513E+02  7.25811E+02  7.24661E+02  7.23003E+02  7.21094E+02  7.18810E+02  7.15991E+02  7.12877E+02  7.09408E+02  7.05802E+02  7.02326E+02  6.98897E+02  6.95702E+02  6.93495E+02 -9.99990E+02 -9.99990E+02 -9.99990E+02  6.69948E+02  6.69745E+02 -9.99990E+02 -9.99990E+02 -9.99990E+02 -9.99990E+02 -9.99990E+02 -9.99990E+02
 -9.99990E+02 -9.99990E+02 -9.99990E+02 -9.99990E+02 -9.99990E+02 -9.99990E+02 -9.99990E+02 -9.99990E+02  7.13827E+02  7.08276E+02  7.03578E+02  6.98231E+02  6.92051E+02  6.85509E+02  6.78860E+02  6.72589E+02  6.67332E+02  6.63272E+02  6.60414E+02  6.58952E+02  6.58739E+02  6.59876E+02  6.61707E+02  6.64183E+02  6.67085E+02  6.69780E+02  6.72338E+02  6.75115E+02  6.78143E+02  6.81160E+02  6.84073E+02  6.87012E+02  6.89938E+02  6.92710E+02  6.95278E+02  6.97642E+02  6.99770E+02  7.01663E+02  7.03315E+02  7.05591E+02  7.08168E+02  7.10278E+02  7.12171E+02  7.13926E+02  7.15439E+02  7.16517E+02  7.17286E+02  7.17342E+02  7.16868E+02  7.16201E+02  7.15071E+02  7.13703E+02  7.11893E+02  7.09625E+02  7.06961E+02  7.04030E+02  7.00913E+02  6.97565E+02  6.94414E+02  6.91300E+02  6.87943E+02  6.83984E+02  6.77109E+02  6.72954E+02  6.70559E+02  6.69425E+02  6.68804E+02  6.68174E+02 -9.99990E+02 -9.99990E+02 -9.99990E+02 -9.99990E+02 -9.99990E+02
 -9.99990E+02 -9.99990E+02 -9.99990E+02 -9.99990E+02 -9.99990E+02 -9.99990E+02 -9.99990E+02 -9.99990E+02 -9.99990E+02  6.99189E+02  6.95114E+02  6.88976E+02  6.81362E+02  6.73424E+02  6.65530E+02  6.57925E+02  6.51214E+02  6.45942E+02  6.42563E+02  6.41273E+02  6.41792E+02  6.43634E+02  6.46102E+02  6.49441E+02  6.52807E+02  6.56285E+02  6.59791E+02  6.63195E+02  6.66647E+02  6.70148E+02  6.73589E+02  6.76826E+02  6.80063E+02  6.83037E+02  6.85828E+02  6.88507E+02  6.90982E+02  6.93065E+02  6.94580E+02  6.95862E+02  6.98021E+02  7.00244E+02  7.02183E+02  7.03565E+02  7.05002E+02  7.06137E+02  7.06676E+02  7.06680E+02  7.06322E+02  7.05812E+02  7.04905E+02  7.03693E+02  7.02196E+02  7.00041E+02  6.97493E+02  6.94736E+02  6.91947E+02  6.89017E+02  6.86207E+02  6.83426E+02  6.80510E+02  6.77251E+02  6.73444E+02  6.70494E+02  6.68535E+02  6.67426E+02  6.66933E+02  6.66766E+02  6.66690E+02 -9.99990E+02 -9.99990E+02 -9.99990E+02 -9.99990E+02
 -9.99990E+02 -9.99990E+02 -9.99990E+02 -9.99990E+02 -9.99990E+02 -9.99990E+02 -9.99990E+02 -9.99990E+02 -9.99990E+02  6.93734E+02  6.87738E+02  6.80457E+02  6.70660E+02  6.60964E+02  6.51477E+02  6.42101E+02  6.33380E+02  6.26371E+02  6.22688E+02  6.21921E+02  6.23448E+02  6.26069E+02  6.29293E+02  6.33237E+02  6.37408E+02  6.41785E+02  6.46179E+02  6.50302E+02  6.54268E+02  6.58303E+02  6.62214E+02  6.65836E+02  6.69338E+02  6.72686E+02  6.75833E+02  6.78872E+02  6.81544E+02  6.83807E+02  6.85550E+02  6.86749E+02  6.87654E+02  6.89276E+02  6.91175E+02  6.92865E+02  6.94294E+02  6.95285E+02  6.95773E+02  6.95839E+02  6.95574E+02  6.95166E+02  6.94376E+02  6.93149E+02  6.91840E+02  6.89898E+02  6.87696E+02  6.85323E+02  6.82781E+02  6.80250E+02  6.77883E+02  6.75534E+02  6.73138E+02  6.70705E+02  6.68302E+02  6.66296E+02  6.64930E+02  6.64167E+02  6.63981E+02  6.64392E+02  6.65889E+02 -9.99990E+02 -9.99990E+02 -9.99990E+02 -9.99990E+02
 -9.99990E+02 -9.99990E+02 -9.99990E+02 -9.99990E+02 -9.99990E+02 -9.99990E+02 -9.99990E+02 -9.99990E+02 -9.99990E+02 -9.99990E+02  6.81036E+02  6.73933E+02  6.59052E+02  6.47774E+02  6.36918E+02  6.25458E+02  6.13742E+02  6.03931E+02  6.00758E+02  6.00945E+02  6.03499E+02  6.07028E+02  6.11382E+02  6.16319E+02  6.21261E+02  6.26456E+02  6.31460E+02  6.36486E+02  6.41210E+02  6.45741E+02  6.50159E+02  6.54307E+02  6.58109E+02  6.61830E+02  6.65414E+02  6.68589E+02  6.71421E+02  6.73789E+02  6.75696E+02  6.77094E+02  6.78021E+02  6.78800E+02  6.80352E+02  6.82011E+02  6.83297E+02  6.84112E+02  6.84579E+02  6.84813E+02  6.84630E+02  6.84260E+02  6.83387E+02  6.82191E+02  6.80816E+02  6.79222E+02  6.77412E+02  6.75452E+02  6.73305E+02  6.71217E+02  6.69262E+02  6.67410E+02  6.65567E+02  6.63825E+02  6.62268E+02  6.60978E+02  6.60111E+02  6.59750E+02  6.59884E+02  6.60349E+02 -9.99990E+02 -9.99990E+02 -9.99990E+02 -9.99990E+02 -9.99990E+02
 -9.99990E+02 -9.99990E+02 -9.99990E+02 -9.99990E+02 -9.99990E+02 -9.99990E+02 -9.99990E+02 -9.99990E+02 -9.99990E+02 -9.99990E+02 -9.99990E+02 -9.99990E+02  6.41092E+02  6.33180E+02  6.22205E+02  6.08211E+02  5.92442E+02  5.75028E+02  5.75397E+02  5.78032E+02  5.81899E+02  5.86680E+02  5.92647E+02  5.98458E+02  6.04452E+02  6.10517E+02  6.16520E+02  6.22214E+02  6.27556E+02  6.32692E+02  6.37591E+02  6.42141E+02  6.46339E+02  6.50300E+02  6.54141E+02  6.57532E+02  6.60520E+02  6.63051E+02  6.65313E+02  6.67042E+02  6.68247E+02  6.69221E+02  6.70030E+02  6.71106E+02  6.72170E+02  6.72925E+02  6.73322E+02  6.73585E+02  6.73361E+02  6.72868E+02  6.72064E+02  6.71023E+02  6.69738E+02  6.68235E+02  6.66650E+02  6.65056E+02  6.63400E+02  6.61784E+02  6.60279E+02  6.58900E+02  6.57666E+02  6.56519E+02  6.55600E+02  6.54827E+02  6.54328E+02  6.54344E+02  6.54987E+02  6.56267E+02 -9.99990E+02 -9.99990E+02 -9.99990E+02 -9.99990E+02 -9.99990E+02
 -9.99990E+02 -9.99990E+02 -9.99990E+02 -9.99990E+02 -9.99990E+02 -9.99990E+02 -9.99990E+02 -9.99990E+02 -9.99990E+02 -9.99990E+02 -9.99990E+02 -9.99990E+02  6.31055E+02  6.20985E+02  6.08514E+02  5.92236E+02  5.75296E+02  5.55255E+02  5.48510E+02  5.54283E+02  5.59422E+02  5.65644E+02  5.72830E+02  5.80096E+02  5.87364E+02  5.94406E+02  6.01169E+02  6.07523E+02  6.13413E+02  6.18995E+02  6.24261E+02  6.29321E+02  6.33998E+02  6.38395E+02  6.42417E+02  6.45985E+02  6.49038E+02  6.51798E+02  6.54319E+02  6.56419E+02  6.58138E+02  6.59342E+02  6.60146E+02  6.60554E+02  6.60956E+02  6.61436E+02  6.61798E+02  6.61989E+02  6.61813E+02  6.61336E+02  6.60609E+02  6.59499E+02  6.58254E+02  6.56929E+02  6.55606E+02  6.54293E+02  6.53107E+02  6.51987E+02  6.50976E+02  6.50055E+02  6.49275E+02  6.48685E+02  6.48133E+02  6.47790E+02  6.47614E+02  6.47826E+02  6.48965E+02  6.52892E+02 -9.99990E+02 -9.99990E+02 -9.99990E+02 -9.99990E+02 -9.99990E+02
 -9.99990E+02 -9.99990E+02 -9.99990E+02 -9.99990E+02 -9.99990E+02 -9.99990E+02 -9.99990E+02 -9.99990E+02 -9.99990E+02 -9.99990E+02 -9.99990E+02 -9.99990E+02 -9.99990E+02  6.10282E+02  5.98743E+02  5.76753E+02  5.60733E+02  5.44827E+02  5.28027E+02  5.31668E+02  5.36634E+02  5.44242E+02  5.52900E+02  5.61727E+02  5.70163E+02  5.78301E+02  5.85835E+02  5.92714E+02  5.99117E+02  6.05113E+02  6.10903E+02  6.16361E+02  6.21476E+02  6.26252E+02  6.30428E+02  6.34103E+02  6.37405E+02  6.40373E+02  6.43054E+02  6.45556E+02  6.47492E+02  6.48941E+02  6.49882E+02  6.50421E+02  6.50482E+02  6.50332E+02  6.50130E+02  6.49998E+02  6.49870E+02  6.49365E+02  6.48645E+02  6.47559E+02  6.46354E+02  6.45248E+02  6.44199E+02  6.43237E+02  6.42457E+02  6.41796E+02  6.41226E+02  6.40724E+02  6.40359E+02  6.40178E+02  6.40010E+02  6.39999E+02  6.39997E+02  6.39979E+02  6.39928E+02 -9.99990E+02 -9.99990E+02 -9.99990E+02 -9.99990E+02 -9.99990E+02 -9.99990E+02
 -9.99990E+02 -9.99990E+02 -9.99990E+02 -9.99990E+02 -9.99990E+02 -9.99990E+02 -9.99990E+02 -9.99990E+02 -9.99990E+02 -9.99990E+02 -9.99990E+02 -9.99990E+02 -9.99990E+02 -9.99990E+02 -9.99990E+02  5.53597E+02  5.45922E+02  5.34920E+02  5.23019E+02  5.12306E+02  5.12160E+02  5.21815E+02  5.32955E+02  5.43231E+02  5.52830E+02  5.61958E+02  5.70270E+02  5.77781E+02  5.84753E+02  5.91241E+02  5.97396E+02  6.03221E+02  6.08688E+02  6.13676E+02  6.18055E+02  6.21921E+02  6.25496E+02  6.28692E+02  6.31564E+02  6.34171E+02  6.36205E+02  6.37791E+02  6.38945E+02  6.39683E+02  6.39997E+02  6.39847E+02  6.39286E+02  6.38482E+02  6.37719E+02  6.36880E+02  6.36044E+02  6.35087E+02  6.34067E+02  6.33116E+02  6.32331E+02  6.31698E+02  6.31290E+02  6.31025E+02  6.30880E+02  6.30847E+02  6.30935E+02  6.31114E+02  6.31332E+02  6.31650E+02  6.31765E+02  6.31510E+02  6.30365E+02  6.26578E+02 -9.99990E+02 -9.99990E+02 -9.99990E+02 -9.99990E+02 -9.99990E+02
 -9.99990E+02 -9.99990E+02 -9.99990E+02 -9.99990E+02 -9.99990E+02 -9.99990E+02 -9.99990E+02 -9.99990E+02 -9.99990E+02 -9.99990E+02 -9.99990E+02 -9.99990E+02 -9.99990E+02 -9.99990E+02 -9.99990E+02  5.38212E+02  5.33371E+02  5.25597E+02  5.16515E+02  5.07682E+02  5.00237E+02  4.98627E+02  5.13389E+02  5.25327E+02  5.36009E+02  5.45640E+02  5.54366E+02  5.62476E+02  5.70187E+02  5.77274E+02  5.83760E+02  5.89896E+02  5.95650E+02  6.00868E+02  6.05459E+02  6.09551E+02  6.13272E+02  6.16672E+02  6.19782E+02  6.22405E+02  6.24593E+02  6.26310E+02  6.27598E+02  6.28384E+02  6.28793E+02  6.28894E+02  6.28334E+02  6.27514E+02  6.26454E+02  6.25120E+02  6.23708E+02  6.22508E+02  6.21408E+02  6.20578E+02  6.19932E+02  6.19645E+02  6.19623E+02  6.19805E+02  6.20118E+02  6.20539E+02  6.21058E+02  6.21613E+02  6.22144E+02  6.22767E+02  6.23196E+02  6.23245E+02  6.22873E+02  6.21926E+02 -9.99990E+02 -9.99990E+02 -9.99990E+02 -9.99990E+02 -9.99990E+02
 -9.99990E+02 -9.99990E+02 -9.99990E+02 -9.99990E+02 -9.99990E+02 -9.99990E+02 -9.99990E+02 -9.99990E+02 -9.99990E+02 -9.99990E+02 -9.99990E+02 -9.99990E+02 -9.99990E+02 -9.99990E+02 -9.99990E+02  5.26796E+02  5.23242E+02  5.16947E+02  5.09374E+02  5.01504E+02  4.93876E+02  4.86582E+02  4.96731E+02  5.08511E+02  5.19264E+02  5.29023E+02  5.38484E+02  5.47242E+02  5.55415E+02  5.63091E+02  5.69967E+02  5.76397E+02  5.82354E+02  5.87763E+02  5.92671E+02  5.97025E+02  6.00939E+02  6.04537E+02  6.07772E+02  6.10499E+02  6.12821E+02  6.14612E+02  6.15852E+02  6.16640E+02  6.17135E+02  6.17208E+02  6.16615E+02  6.15776E+02  6.14743E+02  6.13419E+02  6.12008E+02  6.10608E+02  6.09451E+02  6.08557E+02  6.07933E+02  6.07525E+02  6.07534E+02  6.08035E+02  6.08772E+02  6.09641E+02  6.10607E+02  6.11571E+02  6.12426E+02  6.13356E+02  6.14127E+02  6.14783E+02  6.15298E+02  6.15651E+02 -9.99990E+02 -9.99990E+02 -9.99990E+02 -9.99990E+02 -9.99990E+02
 -9.99990E+02 -9.99990E+02 -9.99990E+02 -9.99990E+02 -9.99990E+02 -9.99990E+02 -9.99990E+02 -9.99990E+02 -9.99990E+02 -9.99990E+02 -9.99990E+02 -9.99990E+02 -9.99990E+02 -9.99990E+02 -9.99990E+02  5.18651E+02  5.15077E+02  5.09353E+02  5.02495E+02  4.94919E+02  4.87062E+02  4.80189E+02  4.78953E+02  4.91938E+02  5.02732E+02  5.12827E+02  5.22477E+02  5.31639E+02  5.40414E+02  5.48394E+02  5.55898E+02  5.62776E+02  5.68817E+02  5.74443E+02  5.79652E+02  5.84305E+02  5.88450E+02  5.92111E+02  5.95305E+02  5.98050E+02  6.00435E+02  6.02277E+02  6.03573E+02  6.04303E+02  6.04701E+02  6.04729E+02  6.04220E+02  6.03357E+02  6.02265E+02  6.00936E+02  5.99535E+02  5.98209E+02  5.97071E+02  5.96189E+02  5.95638E+02  5.95423E+02  5.95516E+02  5.95976E+02  5.96862E+02  5.98103E+02  5.99474E+02  6.00810E+02  6.02054E+02  6.03235E+02  6.04421E+02  6.05668E+02  6.07292E+02  6.09253E+02 -9.99990E+02 -9.99990E+02 -9.99990E+02 -9.99990E+02 -9.99990E+02
 -9.99990E+02 -9.99990E+02 -9.99990E+02 -9.99990E+02 -9.99990E+02 -9.99990E+02 -9.99990E+02 -9.99990E+02 -9.99990E+02 -9.99990E+02 -9.99990E+02 -9.99990E+02 -9.99990E+02 -9.99990E+02 -9.99990E+02  5.13844E+02  5.08866E+02  5.02973E+02  4.96119E+02  4.87967E+02  4.78984E+02  4.70337E+02  4.66536E+02  4.77190E+02  4.87113E+02  4.96618E+02  5.06034E+02  5.15687E+02  5.24730E+02  5.33204E+02  5.41167E+02  5.48415E+02  5.55029E+02  5.60996E+02  5.66369E+02  5.71194E+02  5.75537E+02  5.79271E+02  5.82486E+02  5.85236E+02  5.87517E+02  5.89367E+02  5.90682E+02  5.91398E+02  5.91679E+02  5.91564E+02  5.91244E+02  5.90264E+02  5.89048E+02  5.87642E+02  5.86149E+02  5.84782E+02  5.83562E+02  5.82645E+02  5.82179E+02  5.82177E+02  5.82690E+02  5.83561E+02  5.84860E+02  5.86375E+02  5.88073E+02  5.89665E+02  5.91164E+02  5.92612E+02  5.94121E+02  5.95782E+02  5.98278E+02  6.04108E+02 -9.99990E+02 -9.99990E+02 -9.99990E+02 -9.99990E+02 -9.99990E+02
 -9.99990E+02 -9.99990E+02 -9.99990E+02 -9.99990E+02 -9.99990E+02 -9.99990E+02 -9.99990E+02 -9.99990E+02 -9.99990E+02 -9.99990E+02 -9.99990E+02 -9.99990E+02 -9.99990E+02 -9.99990E+02 -9.99990E+02 -9.99990E+02  5.03305E+02  4.97358E+02  4.90601E+02  4.81684E+02  4.70332E+02  4.57383E+02  4.57278E+02  4.63237E+02  4.71320E+02  4.79880E+02  4.89131E+02  4.98839E+02  5.08276E+02  5.17361E+02  5.25659E+02  5.33328E+02  5.40465E+02  5.46945E+02  5.52596E+02  5.57620E+02  5.62132E+02  5.65955E+02  5.69221E+02  5.71963E+02  5.74140E+02  5.75911E+02  5.77218E+02  5.77969E+02  5.78108E+02  5.77774E+02  5.77314E+02  5.76488E+02  5.75053E+02  5.73512E+02  5.71845E+02  5.70186E+02  5.68742E+02  5.67671E+02  5.67213E+02  5.67502E+02  5.68585E+02  5.70164E+02  5.72127E+02  5.74330E+02  5.76530E+02  5.78506E+02  5.80190E+02  5.81705E+02  5.83247E+02  5.84555E+02  5.85592E+02 -9.99990E+02 -9.99990E+02 -9.99990E+02 -9.99990E+02 -9.99990E+02 -9.99990E+02
 -9.99990E+02 -9.99990E+02 -9.99990E+02 -9.99990E+02 -9.99990E+02 -9.99990E+02 -9.99990E+02 -9.99990E+02 -9.99990E+02 -9.99990E+02 -9.99990E+02 -9.99990E+02 -9.99990E+02 -9.99990E+02 -9.99990E+02 -9.99990E+02 -9.99990E+02  4.92227E+02  4.86862E+02  4.77180E+02  4.62019E+02  4.48951E+02  4.41791E+02  4.46567E+02  4.54084E+02  4.62185E+02  4.71150E+02  4.81195E+02  4.91216E+02  5.00901E+02  5.09797E+02  5.17864E+02  5.25264E+02  5.32099E+02  5.38093E+02  5.43422E+02  5.48077E+02  5.52120E+02  5.55471E+02  5.58150E+02  5.60227E+02  5.61836E+02  5.62984E+02  5.63680E+02  5.63827E+02  5.63400E+02  5.62541E+02  5.61542E+02  5.60257E+02  5.58463E+02  5.56445E+02  5.54358E+02  5.52552E+02  5.51117E+02  5.50588E+02  5.51131E+02  5.52745E+02  5.55387E+02  5.58422E+02  5.61484E+02  5.64350E+02  5.66952E+02  5.69139E+02  5.70762E+02  5.72120E+02  5.73094E+02  5.73172E+02  5.70507E+02 -9.99990E+02 -9.99990E+02 -9.99990E+02 -9.99990E+02 -9.99990E+02
 -9.99990E+02 -9.99990E+02 -9.99990E+02 -9.99990E+02 -9.99990E+02 -9.99990E+02 -9.99990E+02 -9.99990E+02 -9.99990E+02 -9.99990E+02 -9.99990E+02 -9.99990E+02 -9.99990E+02 -9.99990E+02 -9.99990E+02 -9.99990E+02 -9.99990E+02 -9.99990E+02 -9.99990E+02 -9.99990E+02  4.51468E+02  4.40376E+02  4.30429E+02  4.27206E+02  4.34805E+02  4.42432E+02  4.51992E+02  4.63017E+02  4.73961E+02  4.84191E+02  4.93607E+02  5.01963E+02  5.09590E+02  5.16581E+02  5.22853E+02  5.28405E+02  5.33263E+02  5.37524E+02  5.41030E+02  5.43661E+02  5.45625E+02  5.47032E+02  5.48026E+02  5.48556E+02  5.48615E+02  5.48246E+02  5.47267E+02  5.45829E+02  5.44274E+02  5.42259E+02  5.39719E+02  5.36927E+02  5.34443E+02  5.32650E+02  5.31758E+02  5.32560E+02  5.35085E+02  5.39227E+02  5.43706E+02  5.47959E+02  5.51730E+02  5.54920E+02  5.57482E+02  5.59349E+02  5.60645E+02  5.61836E+02  5.63269E+02  5.67212E+02 -9.99990E+02 -9.99990E+02 -9.99990E+02 -9.99990E+02 -9.99990E+02
 -9.99990E+02 -9.99990E+02 -9.99990E+02 -9.99990E+02 -9.99990E+02 -9.99990E+02 -9.99990E+02 -9.99990E+02 -9.99990E+02 -9.99990E+02 -9.99990E+02 -9.99990E+02 -9.99990E+02 -9.99990E+02 -9.99990E+02 -9.99990E+02 -9.99990E+02 -9.99990E+02 -9.99990E+02 -9.99990E+02 -9.99990E+02  4.29960E+02  4.19130E+02  4.13688E+02  4.15622E+02  4.20314E+02  4.30950E+02  4.44539E+02  4.56642E+02  4.67421E+02  4.77061E+02  4.85544E+02  4.93148E+02  5.00240E+02  5.06843E+02  5.12590E+02  5.17659E+02  5.22035E+02  5.25607E+02  5.28283E+02  5.30167E+02  5.31505E+02  5.32372E+02  5.32755E+02  5.32657E+02  5.32109E+02  5.31084E+02  5.29345E+02  5.27327E+02  5.24832E+02  5.21586E+02  5.18101E+02  5.14706E+02  5.11824E+02  5.10013E+02  5.10963E+02  5.14875E+02  5.21745E+02  5.28334E+02  5.34009E+02  5.38674E+02  5.42541E+02  5.45494E+02  5.47574E+02  5.48864E+02  5.49843E+02  5.50543E+02 -9.99990E+02 -9.99990E+02 -9.99990E+02 -9.99990E+02 -9.99990E+02 -9.99990E+02
 -9.99990E+02 -9.99990E+02 -9.99990E+02 -9.99990E+02 -9.99990E+02 -9.99990E+02 -9.99990E+02 -9.99990E+02 -9.99990E+02 -9.99990E+02 -9.99990E+02 -9.99990E+02 -9.99990E+02 -9.99990E+02 -9.99990E+02 -9.99990E+02 -9.99990E+02 -9.99990E+02 -9.99990E+02 -9.99990E+02 -9.99990E+02 -9.99990E+02  4.10476E+02  4.08517E+02  4.08372E+02  4.09831E+02  4.11849E+02  4.27041E+02  4.39678E+02  4.50600E+02  4.60180E+02  4.68484E+02  4.75908E+02  4.82907E+02  4.89459E+02  4.95560E+02  5.00987E+02  5.05537E+02  5.09058E+02  5.11803E+02  5.13775E+02  5.15114E+02  5.15964E+02  5.16315E+02  5.16023E+02  5.15186E+02  5.13994E+02  5.12037E+02  5.09512E+02  5.06328E+02  5.02589E+02  4.98030E+02  4.93359E+02  4.88506E+02  4.84093E+02  4.85371E+02  4.90452E+02  5.03594E+02  5.12916E+02  5.20003E+02  5.25638E+02  5.30019E+02  5.33267E+02  5.35426E+02  5.36563E+02  5.37030E+02  5.37484E+02 -9.99990E+02 -9.99990E+02 -9.99990E+02 -9.99990E+02 -9.99990E+02 -9.99990E+02
 -9.99990E+02 -9.99990E+02 -9.99990E+02 -9.99990E+02 -9.99990E+02 -9.99990E+02 -9.99990E+02 -9.99990E+02 -9.99990E+02 -9.99990E+02 -9.99990E+02 -9.99990E+02 -9.99990E+02 -9.99990E+02 -9.99990E+02 -9.99990E+02 -9.99990E+02 -9.99990E+02 -9.99990E+02 -9.99990E+02 -9.99990E+02 -9.99990E+02  4.03332E+02  4.01001E+02  3.98990E+02  3.98210E+02  3.97797E+02  4.11501E+02  4.23476E+02  4.33816E+02  4.42811E+02  4.50768E+02  4.57910E+02  4.64805E+02  4.71463E+02  4.77811E+02  4.83380E+02  4.87888E+02  4.91497E+02  4.94389E+02  4.96569E+02  4.97971E+02  4.98770E+02  4.99003E+02  4.98587E+02  4.97560E+02  4.96059E+02  4.93834E+02  4.90704E+02  4.86856E+02  4.82470E+02  4.77070E+02  4.70931E+02  4.63479E+02  4.51425E+02  4.57073E+02  4.74682E+02  4.88180E+02  4.98601E+02  5.06597E+02  5.12682E+02  5.17441E+02  5.20862E+02  5.23078E+02  5.24255E+02  5.24474E+02  5.24149E+02 -9.99990E+02 -9.99990E+02 -9.99990E+02 -9.99990E+02 -9.99990E+02 -9.99990E+02
 -9.99990E+02 -9.99990E+02 -9.99990E+02 -9.99990E+02 -9.99990E+02 -9.99990E+02 -9.99990E+02 -9.99990E+02 -9.99990E+02 -9.99990E+02 -9.99990E+02 -9.99990E+02 -9.99990E+02 -9.99990E+02 -9.99990E+02 -9.99990E+02 -9.99990E+02 -9.99990E+02 -9.99990E+02 -9.99990E+02 -9.99990E+02 -9.99990E+02  3.98192E+02  3.92792E+02  3.87967E+02  3.85603E+02  3.85469E+02  3.97381E+02  4.07979E+02  4.17264E+02  4.25406E+02  4.32557E+02  4.39133E+02  4.45905E+02  4.52667E+02  4.59052E+02  4.64623E+02  4.69409E+02  4.73294E+02  4.76394E+02  4.78757E+02  4.80389E+02  4.81201E+02  4.81266E+02  4.80540E+02  4.79286E+02  4.77266E+02  4.74544E+02  4.70923E+02  4.66419E+02  4.61013E+02  4.55308E+02  4.48589E+02  4.41794E+02  4.32590E+02  4.47015E+02  4.61887E+02  4.74735E+02  4.85318E+02  4.93613E+02  4.99997E+02  5.04898E+02  5.08508E+02  5.10932E+02  5.12179E+02  5.12266E+02  5.11466E+02 -9.99990E+02 -9.99990E+02 -9.99990E+02 -9.99990E+02 -9.99990E+02 -9.99990E+02
 -9.99990E+02 -9.99990E+02 -9.99990E+02 -9.99990E+02 -9.99990E+02 -9.99990E+02 -9.99990E+02 -9.99990E+02 -9.99990E+02 -9.99990E+02 -9.99990E+02 -9.99990E+02 -9.99990E+02 -9.99990E+02 -9.99990E+02 -9.99990E+02 -9.99990E+02 -9.99990E+02 -9.99990E+02 -9.99990E+02 -9.99990E+02 -9.99990E+02 -9.99990E+02  3.83605E+02  3.74074E+02  3.70369E+02  3.75395E+02  3.84103E+02  3.92830E+02  4.00950E+02  4.07876E+02  4.13595E+02  4.18695E+02  4.25405E+02  4.32539E+02  4.39286E+02  4.45206E+02  4.50222E+02  4.54609E+02  4.58076E+02  4.60620E+02  4.62363E+02  4.63281E+02  4.63292E+02  4.62380E+02  4.60545E+02  4.58057E+02  4.54948E+02  4.50883E+02  4.45691E+02  4.39353E+02  4.32319E+02  4.25655E+02  4.21457E+02  4.18036E+02  4.35603E+02  4.50255E+02  4.62645E+02  4.72848E+02  4.81055E+02  4.87633E+02  4.92818E+02  4.96743E+02  4.99355E+02  5.00588E+02  5.00149E+02  4.97266E+02  4.88993E+02  4.85435E+02 -9.99990E+02 -9.99990E+02 -9.99990E+02 -9.99990E+02
 -9.99990E+02 -9.99990E+02 -9.99990E+02 -9.99990E+02 -9.99990E+02 -9.99990E+02 -9.99990E+02 -9.99990E+02 -9.99990E+02 -9.99990E+02 -9.99990E+02 -9.99990E+02 -9.99990E+02 -9.99990E+02 -9.99990E+02 -9.99990E+02 -9.99990E+02 -9.99990E+02 -9.99990E+02 -9.99990E+02 -9.99990E+02 -9.99990E+02 -9.99990E+02 -9.99990E+02  3.62021E+02  3.59096E+02  3.62147E+02  3.70464E+02  3.77850E+02  3.84698E+02  3.90329E+02  3.93996E+02  3.95179E+02  4.03214E+02  4.11276E+02  4.18606E+02  4.25108E+02  4.30679E+02  4.35505E+02  4.39403E+02  4.42323E+02  4.44184E+02  4.45037E+02  4.44837E+02  4.43811E+02  4.42027E+02  4.39281E+02  4.35661E+02  4.31003E+02  4.25262E+02  4.17743E+02  4.08402E+02  3.98748E+02  3.99845E+02  4.11164E+02  4.26535E+02  4.39961E+02  4.51484E+02  4.61167E+02  4.69258E+02  4.75994E+02  4.81450E+02  4.85601E+02  4.88411E+02  4.89798E+02  4.89601E+02  4.87576E+02  4.83899E+02  4.81425E+02 -9.99990E+02 -9.99990E+02 -9.99990E+02 -9.99990E+02
 -9.99990E+02 -9.99990E+02 -9.99990E+02 -9.99990E+02 -9.99990E+02 -9.99990E+02 -9.99990E+02 -9.99990E+02 -9.99990E+02 -9.99990E+02 -9.99990E+02 -9.99990E+02 -9.99990E+02 -9.99990E+02 -9.99990E+02 -9.99990E+02 -9.99990E+02 -9.99990E+02 -9.99990E+02 -9.99990E+02 -9.99990E+02 -9.99990E+02 -9.99990E+02 -9.99990E+02  3.58143E+02  3.54081E+02  3.51851E+02  3.57637E+02  3.63517E+02  3.69117E+02  3.73710E+02  3.76066E+02  3.74632E+02  3.79992E+02  3.89809E+02  3.97982E+02  4.05179E+02  4.11406E+02  4.16424E+02  4.20698E+02  4.24004E+02  4.26071E+02  4.26896E+02  4.26648E+02  4.25591E+02  4.23639E+02  4.20762E+02  4.16867E+02  4.11773E+02  4.05403E+02  3.96985E+02  3.84563E+02  3.87997E+02  3.95308E+02  4.06022E+02  4.18241E+02  4.30073E+02  4.40768E+02  4.50179E+02  4.58222E+02  4.65054E+02  4.70638E+02  4.74937E+02  4.77959E+02  4.79691E+02  4.80054E+02  4.79099E+02  4.76990E+02  4.74398E+02  4.70328E+02 -9.99990E+02 -9.99990E+02 -9.99990E+02
 -9.99990E+02 -9.99990E+02 -9.99990E+02 -9.99990E+02 -9.99990E+02 -9.99990E+02 -9.99990E+02 -9.99990E+02 -9.99990E+02 -9.99990E+02 -9.99990E+02 -9.99990E+02 -9.99990E+02 -9.99990E+02 -9.99990E+02 -9.99990E+02 -9.99990E+02 -9.99990E+02 -9.99990E+02 -9.99990E+02 -9.99990E+02 -9.99990E+02 -9.99990E+02 -9.99990E+02 -9.99990E+02  3.46843E+02  3.45121E+02  3.44707E+02  3.49532E+02  3.53987E+02  3.58342E+02  3.60903E+02  3.61071E+02  3.60132E+02  3.69502E+02  3.78402E+02  3.86279E+02  3.92892E+02  3.97957E+02  4.02290E+02  4.05707E+02  4.07985E+02  4.08918E+02  4.08774E+02  4.07725E+02  4.05628E+02  4.02646E+02  3.98664E+02  3.93559E+02  3.87310E+02  3.79468E+02  3.69051E+02  3.76270E+02  3.86226E+02  3.97641E+02  4.09316E+02  4.20430E+02  4.30730E+02  4.39846E+02  4.47822E+02  4.54673E+02  4.60348E+02  4.64811E+02  4.68100E+02  4.70285E+02  4.71259E+02  4.71200E+02  4.70179E+02  4.68395E+02  4.65825E+02  4.62826E+02 -9.99990E+02 -9.99990E+02
 -9.99990E+02 -9.99990E+02 -9.99990E+02 -9.99990E+02 -9.99990E+02 -9.99990E+02 -9.99990E+02 -9.99990E+02 -9.99990E+02 -9.99990E+02 -9.99990E+02 -9.99990E+02 -9.99990E+02 -9.99990E+02 -9.99990E+02 -9.99990E+02 -9.99990E+02 -9.99990E+02 -9.99990E+02 -9.99990E+02 -9.99990E+02 -9.99990E+02 -9.99990E+02 -9.99990E+02 -9.99990E+02  3.41170E+02  3.39651E+02  3.36992E+02  3.35735E+02  3.38340E+02  3.43901E+02  3.46997E+02  3.47913E+02  3.47103E+02  3.49656E+02  3.60159E+02  3.68331E+02  3.75010E+02  3.80244E+02  3.84440E+02  3.87691E+02  3.90081E+02  3.91143E+02  3.91179E+02  3.90145E+02  3.88088E+02  3.84994E+02  3.81037E+02  3.76175E+02  3.70564E+02  3.64384E+02  3.57707E+02  3.61429E+02  3.75283E+02  3.87974E+02  3.99995E+02  4.11109E+02  4.21021E+02  4.29891E+02  4.37829E+02  4.44723E+02  4.50547E+02  4.55251E+02  4.58827E+02  4.61444E+02  4.63046E+02  4.63743E+02  4.63616E+02  4.62723E+02  4.61267E+02  4.59448E+02  4.57430E+02 -9.99990E+02
 -9.99990E+02 -9.99990E+02 -9.99990E+02 -9.99990E+02 -9.99990E+02 -9.99990E+02 -9.99990E+02 -9.99990E+02 -9.99990E+02 -9.99990E+02 -9.99990E+02 -9.99990E+02 -9.99990E+02 -9.99990E+02 -9.99990E+02 -9.99990E+02 -9.99990E+02 -9.99990E+02 -9.99990E+02 -9.99990E+02 -9.99990E+02 -9.99990E+02 -9.99990E+02 -9.99990E+02 -9.99990E+02  3.36803E+02  3.35032E+02  3.32380E+02  3.29650E+02  3.26378E+02  3.31532E+02  3.34231E+02  3.35477E+02  3.35343E+02  3.34661E+02  3.44111E+02  3.51828E+02  3.57987E+02  3.62932E+02  3.66879E+02  3.69975E+02  3.72150E+02  3.73402E+02  3.73612E+02  3.72804E+02  3.71044E+02  3.67980E+02  3.63942E+02  3.59316E+02  3.54252E+02  3.49586E+02  3.47316E+02  3.49054E+02  3.65126E+02  3.78668E+02  3.90592E+02  4.01383E+02  4.11256E+02  4.20226E+02  4.28232E+02  4.35237E+02  4.41209E+02  4.46119E+02  4.50023E+02  4.53117E+02  4.55241E+02  4.56639E+02  4.57261E+02  4.57137E+02  4.56535E+02  4.55720E+02  4.54944E+02 -9.99990E+02
 -9.99990E+02 -9.99990E+02 -9.99990E+02 -9.99990E+02 -9.99990E+02 -9.99990E+02 -9.99990E+02 -9.99990E+02 -9.99990E+02 -9.99990E+02 -9.99990E+02 -9.99990E+02 -9.99990E+02 -9.99990E+02 -9.99990E+02 -9.99990E+02 -9.99990E+02 -9.99990E+02 -9.99990E+02 -9.99990E+02 -9.99990E+02 -9.99990E+02 -9.99990E+02 -9.99990E+02 -9.99990E+02  3.33956E+02  3.30924E+02  3.27472E+02  3.23646E+02  3.18585E+02  3.20927E+02  3.22373E+02  3.23471E+02  3.23245E+02  3.21372E+02  3.29424E+02  3.36120E+02  3.41586E+02  3.46104E+02  3.49653E+02  3.52520E+02  3.54655E+02  3.56064E+02  3.56543E+02  3.55994E+02  3.54260E+02  3.51282E+02  3.47258E+02  3.42590E+02  3.37398E+02  3.32346E+02  3.32748E+02  3.43530E+02  3.57264E+02  3.69939E+02  3.81435E+02  3.91825E+02  4.01547E+02  4.10482E+02  4.18573E+02  4.25738E+02  4.31849E+02  4.36980E+02  4.41139E+02  4.44471E+02  4.47133E+02  4.49067E+02  4.50303E+02  4.51120E+02  4.51506E+02  4.51560E+02  4.51344E+02  4.50459E+02
 -9.99990E+02 -9.99990E+02 -9.99990E+02 -9.99990E+02 -9.99990E+02 -9.99990E+02 -9.99990E+02 -9.99990E+02 -9.99990E+02 -9.99990E+02 -9.99990E+02 -9.99990E+02 -9.99990E+02 -9.99990E+02 -9.99990E+02 -9.99990E+02 -9.99990E+02 -9.99990E+02 -9.99990E+02 -9.99990E+02 -9.99990E+02 -9.99990E+02 -9.99990E+02 -9.99990E+02 -9.99990E+02 -9.99990E+02  3.26847E+02  3.22503E+02  3.18374E+02  3.12617E+02  3.10741E+02  3.10194E+02  3.12354E+02  3.12223E+02  3.10056E+02  3.15438E+02  3.20846E+02  3.25478E+02  3.29499E+02  3.32731E+02  3.35345E+02  3.37581E+02  3.39317E+02  3.40075E+02  3.39611E+02  3.37949E+02  3.35031E+02  3.31015E+02  3.26082E+02  3.20212E+02  3.22772E+02  3.29261E+02  3.38759E+02  3.50158E+02  3.61676E+02  3.72533E+02  3.82629E+02  3.92203E+02  4.00983E+02  4.09003E+02  4.16175E+02  4.22483E+02  4.27906E+02  4.32422E+02  4.36073E+02  4.39119E+02  4.41477E+02  4.43292E+02  4.44694E+02  4.45773E+02  4.46652E+02  4.47512E+02  4.49214E+02
 -9.99990E+02 -9.99990E+02 -9.99990E+02 -9.99990E+02 -9.99990E+02 -9.99990E+02 -9.99990E+02 -9.99990E+02 -9.99990E+02 -9.99990E+02 -9.99990E+02 -9.99990E+02 -9.99990E+02 -9.99990E+02 -9.99990E+02 -9.99990E+02 -9.99990E+02 -9.99990E+02 -9.99990E+02 -9.99990E+02 -9.99990E+02 -9.99990E+02 -9.99990E+02 -9.99990E+02 -9.99990E+02 -9.99990E+02 -9.99990E+02  3.16558E+02  3.14240E+02  3.10752E+02  3.07861E+02  3.04831E+02  3.02509E+02  3.02397E+02  2.99944E+02  3.00886E+02  3.05361E+02  3.09408E+02  3.13083E+02  3.16128E+02  3.18371E+02  3.20521E+02  3.22757E+02  3.24036E+02  3.23894E+02  3.22250E+02  3.19328E+02  3.15218E+02  3.09841E+02  3.07863E+02  3.15004E+02  3.22760E+02  3.32066E+02  3.42528E+02  3.53204E+02  3.63627E+02  3.73663E+02  3.83101E+02  3.91800E+02  3.99842E+02  4.07082E+02  4.13491E+02  4.19130E+02  4.23992E+02  4.27995E+02  4.31356E+02  4.34140E+02  4.36432E+02  4.38308E+02  4.39837E+02  4.41168E+02  4.42135E+02 -9.99990E+02
 -9.99990E+02 -9.99990E+02 -9.99990E+02 -9.99990E+02 -9.99990E+02 -9.99990E+02 -9.99990E+02 -9.99990E+02 -9.99990E+02 -9.99990E+02 -9.99990E+02 -9.99990E+02 -9.99990E+02 -9.99990E+02 -9.99990E+02 -9.99990E+02 -9.99990E+02 -9.99990E+02 -9.99990E+02 -9.99990E+02 -9.99990E+02 -9.99990E+02 -9.99990E+02 -9.99990E+02 -9.99990E+02 -9.99990E+02 -9.99990E+02  3.12621E+02  3.10789E+02  3.08056E+02  3.04915E+02  3.01127E+02  2.95687E+02  2.94329E+02  2.90842E+02  2.86327E+02  2.90191E+02  2.93345E+02  2.97250E+02  2.99869E+02  3.01146E+02  3.02965E+02  3.06379E+02  3.08508E+02  3.08875E+02  3.07446E+02  3.04471E+02  3.00062E+02  2.93862E+02  2.98900E+02  3.06029E+02  3.14401E+02  3.23838E+02  3.34058E+02  3.44337E+02  3.54629E+02  3.64743E+02  3.74206E+02  3.82996E+02  3.91087E+02  3.98427E+02  4.04952E+02  4.10738E+02  4.15831E+02  4.20159E+02  4.23811E+02  4.26970E+02  4.29642E+02  4.31863E+02  4.33766E+02  4.35570E+02  4.37331E+02 -9.99990E+02
 -9.99990E+02 -9.99990E+02 -9.99990E+02 -9.99990E+02 -9.99990E+02 -9.99990E+02 -9.99990E+02 -9.99990E+02 -9.99990E+02 -9.99990E+02 -9.99990E+02 -9.99990E+02 -9.99990E+02 -9.99990E+02 -9.99990E+02 -9.99990E+02 -9.99990E+02 -9.99990E+02 -9.99990E+02 -9.99990E+02 -9.99990E+02 -9.99990E+02 -9.99990E+02 -9.99990E+02 -9.99990E+02 -9.99990E+02 -9.99990E+02  3.10290E+02  3.07850E+02  3.05442E+02  3.02613E+02  2.99129E+02  2.94850E+02  2.90020E+02  2.87923E+02  2.84945E+02  2.82197E+02  2.77178E+02  2.82274E+02  2.84320E+02  2.85868E+02  2.86553E+02  2.90887E+02  2.94177E+02  2.95089E+02  2.93812E+02  2.90711E+02  2.86099E+02  2.80917E+02  2.87482E+02  2.95414E+02  3.04443E+02  3.14390E+02  3.24817E+02  3.35003E+02  3.45458E+02  3.55740E+02  3.65399E+02  3.74312E+02  3.82565E+02  3.90073E+02  3.96725E+02  4.02646E+02  4.07913E+02  4.12485E+02  4.16445E+02  4.19894E+02  4.22811E+02  4.25260E+02  4.27405E+02  4.29739E+02  4.33712E+02 -9.99990E+02
 -9.99990E+02 -9.99990E+02 -9.99990E+02 -9.99990E+02 -9.99990E+02 -9.99990E+02 -9.99990E+02 -9.99990E+02 -9.99990E+02 -9.99990E+02 -9.99990E+02 -9.99990E+02 -9.99990E+02 -9.99990E+02 -9.99990E+02 -9.99990E+02 -9.99990E+02 -9.99990E+02 -9.99990E+02 -9.99990E+02 -9.99990E+02 -9.99990E+02 -9.99990E+02 -9.99990E+02 -9.99990E+02 -9.99990E+02 -9.99990E+02 -9.99990E+02  3.04682E+02  3.03083E+02  3.00706E+02  2.97817E+02  2.94525E+02  2.91082E+02  2.88329E+02  2.85560E+02  2.82980E+02  2.80677E+02  2.81148E+02  2.81449E+02  2.81216E+02  2.80042E+02  2.77697E+02  2.81885E+02  2.82898E+02  2.81567E+02  2.77952E+02  2.72159E+02  2.67312E+02  2.74388E+02  2.83405E+02  2.93382E+02  3.04051E+02  3.14760E+02  3.25548E+02  3.36480E+02  3.46922E+02  3.56691E+02  3.65794E+02  3.74257E+02  3.81930E+02  3.88729E+02  3.94792E+02  4.00208E+02  4.04978E+02  4.09202E+02  4.12820E+02  4.15892E+02  4.18435E+02  4.20441E+02  4.21812E+02 -9.99990E+02 -9.99990E+02
 -9.99990E+02 -9.99990E+02 -9.99990E+02 -9.99990E+02 -9.99990E+02 -9.99990E+02 -9.99990E+02 -9.99990E+02 -9.99990E+02 -9.99990E+02 -9.99990E+02 -9.99990E+02 -9.99990E+02 -9.99990E+02 -9.99990E+02 -9.99990E+02 -9.99990E+02 -9.99990E+02 -9.99990E+02 -9.99990E+02 -9.99990E+02 -9.99990E+02 -9.99990E+02 -9.99990E+02 -9.99990E+02 -9.99990E+02 -9.99990E+02 -9.99990E+02  3.03033E+02  3.01292E+02  2.99238E+02  2.96896E+02  2.94228E+02  2.91383E+02  2.88675E+02  2.85970E+02  2.83472E+02  2.81267E+02  2.80029E+02  2.78871E+02  2.77177E+02  2.74286E+02  2.69167E+02  2.72369E+02  2.72848E+02  2.70980E+02  2.66781E+02  2.59709E+02  2.47920E+02  2.59033E+02  2.70615E+02  2.81627E+02  2.92914E+02  3.04442E+02  3.15857E+02  3.27055E+02  3.37783E+02  3.47926E+02  3.57384E+02  3.66048E+02  3.73886E+02  3.80855E+02  3.87090E+02  3.92674E+02  3.97675E+02  4.02091E+02  4.05862E+02  4.09052E+02  4.11613E+02  4.13516E+02  4.14593E+02 -9.99990E+02 -9.99990E+02
 -9.99990E+02 -9.99990E+02 -9.99990E+02 -9.99990E+02 -9.99990E+02 -9.99990E+02 -9.99990E+02 -9.99990E+02 -9.99990E+02 -9.99990E+02 -9.99990E+02 -9.99990E+02 -9.99990E+02 -9.99990E+02 -9.99990E+02 -9.99990E+02 -9.99990E+02 -9.99990E+02 -9.99990E+02 -9.99990E+02 -9.99990E+02 -9.99990E+02 -9.99990E+02 -9.99990E+02 -9.99990E+02 -9.99990E+02 -9.99990E+02 -9.99990E+02 -9.99990E+02  2.99685E+02  2.98019E+02  2.96172E+02  2.93950E+02  2.91457E+02  2.88861E+02  2.86131E+02  2.83430E+02  2.80830E+02  2.78730E+02  2.76605E+02  2.74022E+02  2.70317E+02  2.64452E+02  2.64995E+02  2.64533E+02  2.62268E+02  2.58037E+02  2.52920E+02  2.51107E+02  2.51900E+02  2.57965E+02  2.69485E+02  2.81526E+02  2.93616E+02  3.05525E+02  3.17218E+02  3.28521E+02  3.39138E+02  3.49029E+02  3.57803E+02  3.65667E+02  3.72871E+02  3.79396E+02  3.85279E+02  3.90543E+02  3.95166E+02  3.99122E+02  4.02432E+02  4.05068E+02  4.06963E+02  4.07959E+02 -9.99990E+02 -9.99990E+02
 -9.99990E+02 -9.99990E+02 -9.99990E+02 -9.99990E+02 -9.99990E+02 -9.99990E+02 -9.99990E+02 -9.99990E+02 -9.99990E+02 -9.99990E+02 -9.99990E+02 -9.99990E+02 -9.99990E+02 -9.99990E+02 -9.99990E+02 -9.99990E+02 -9.99990E+02 -9.99990E+02 -9.99990E+02 -9.99990E+02 -9.99990E+02 -9.99990E+02 -9.99990E+02 -9.99990E+02 -9.99990E+02 -9.99990E+02 -9.99990E+02 -9.99990E+02 -9.99990E+02 -9.99990E+02  2.96864E+02  2.95633E+02  2.93740E+02  2.91457E+02  2.88921E+02  2.86186E+02  2.83190E+02  2.79837E+02  2.77310E+02  2.74596E+02  2.71675E+02  2.68171E+02  2.63880E+02  2.59775E+02  2.57433E+02  2.55074E+02  2.53184E+02  2.52550E+02  2.51697E+02  2.51644E+02  2.52095E+02  2.56548E+02  2.70051E+02  2.82365E+02  2.94972E+02  3.07384E+02  3.19264E+02  3.30188E+02  3.40362E+02  3.49241E+02  3.57461E+02  3.65015E+02  3.71870E+02  3.78068E+02  3.83596E+02  3.88435E+02  3.92587E+02  3.96032E+02  3.98789E+02  4.00840E+02  4.02065E+02 -9.99990E+02 -9.99990E+02
 -9.99990E+02 -9.99990E+02 -9.99990E+02 -9.99990E+02 -9.99990E+02 -9.99990E+02 -9.99990E+02 -9.99990E+02 -9.99990E+02 -9.99990E+02 -9.99990E+02 -9.99990E+02 -9.99990E+02 -9.99990E+02 -9.99990E+02 -9.99990E+02 -9.99990E+02 -9.99990E+02 -9.99990E+02 -9.99990E+02 -9.99990E+02 -9.99990E+02 -9.99990E+02 -9.99990E+02 -9.99990E+02 -9.99990E+02 -9.99990E+02 -9.99990E+02 -9.99990E+02 -9.99990E+02 -9.99990E+02 -9.99990E+02 -9.99990E+02 -9.99990E+02 -9.99990E+02 -9.99990E+02 -9.99990E+02  2.77947E+02  2.75984E+02  2.72622E+02  2.69604E+02  2.66452E+02  2.63013E+02  2.59804E+02  2.57301E+02  2.55146E+02  2.53456E+02  2.52324E+02  2.51405E+02  2.50802E+02  2.50269E+02  2.49218E+02  2.59550E+02  2.70445E+02  2.84408E+02  2.97776E+02  3.10024E+02  3.21183E+02  3.31570E+02  3.41060E+02  3.49609E+02  3.57406E+02  3.64469E+02  3.70966E+02  3.76778E+02  3.81846E+02  3.86185E+02  3.89836E+02  3.92869E+02  3.95379E+02  3.97224E+02 -9.99990E+02 -9.99990E+02
 -9.99990E+02 -9.99990E+02 -9.99990E+02 -9.99990E+02 -9.99990E+02 -9.99990E+02 -9.99990E+02 -9.99990E+02 -9.99990E+02 -9.99990E+02 -9.99990E+02 -9.99990E+02 -9.99990E+02 -9.99990E+02 -9.99990E+02 -9.99990E+02 -9.99990E+02 -9.99990E+02 -9.99990E+02 -9.99990E+02 -9.99990E+02 -9.99990E+02 -9.99990E+02 -9.99990E+02 -9.99990E+02 -9.99990E+02 -9.99990E+02 -9.99990E+02 -9.99990E+02 -9.99990E+02 -9.99990E+02 -9.99990E+02 -9.99990E+02 -9.99990E+02 -9.99990E+02 -9.99990E+02 -9.99990E+02 -9.99990E+02 -9.99990E+02  2.70063E+02  2.67426E+02  2.64681E+02  2.61836E+02  2.59145E+02  2.56827E+02  2.54825E+02  2.53173E+02  2.51849E+02  2.50729E+02  2.49770E+02  2.48824E+02  2.47668E+02  2.48382E+02  2.55537E+02  2.74169E+02  2.88551E+02  3.01029E+02  3.12456E+02  3.23067E+02  3.32753E+02  3.41563E+02  3.49682E+02  3.57170E+02  3.63986E+02  3.70071E+02  3.75422E+02  3.80057E+02  3.83988E+02  3.87371E+02  3.90397E+02  3.93935E+02 -9.99990E+02 -9.99990E+02
 -9.99990E+02 -9.99990E+02 -9.99990E+02 -9.99990E+02 -9.99990E+02 -9.99990E+02 -9.99990E+02 -9.99990E+02 -9.99990E+02 -9.99990E+02 -9.99990E+02 -9.99990E+02 -9.99990E+02 -9.99990E+02 -9.99990E+02 -9.99990E+02 -9.99990E+02 -9.99990E+02 -9.99990E+02 -9.99990E+02 -9.99990E+02 -9.99990E+02 -9.99990E+02 -9.99990E+02 -9.99990E+02 -9.99990E+02 -9.99990E+02 -9.99990E+02 -9.99990E+02 -9.99990E+02 -9.99990E+02 -9.99990E+02 -9.99990E+02 -9.99990E+02 -9.99990E+02 -9.99990E+02 -9.99990E+02 -9.99990E+02 -9.99990E+02 -9.99990E+02  2.65120E+02  2.62789E+02  2.60373E+02  2.58083E+02  2.56019E+02  2.54171E+02  2.52556E+02  2.51133E+02  2.49832E+02  2.48622E+02  2.47455E+02  2.46464E+02  2.46625E+02  2.51369E+02  2.66990E+02  2.80458E+02  2.92660E+02  3.04066E+02  3.14775E+02  3.24654E+02  3.33728E+02  3.42194E+02  3.50030E+02  3.57141E+02  3.63537E+02  3.69241E+02  3.74201E+02  3.78461E+02  3.82059E+02  3.84654E+02 -9.99990E+02 -9.99990E+02 -9.99990E+02
 -9.99990E+02 -9.99990E+02 -9.99990E+02 -9.99990E+02 -9.99990E+02 -9.99990E+02 -9.99990E+02 -9.99990E+02 -9.99990E+02 -9.99990E+02 -9.99990E+02 -9.99990E+02 -9.99990E+02 -9.99990E+02 -9.99990E+02 -9.99990E+02 -9.99990E+02 -9.99990E+02 -9.99990E+02 -9.99990E+02 -9.99990E+02 -9.99990E+02 -9.99990E+02 -9.99990E+02 -9.99990E+02 -9.99990E+02 -9.99990E+02 -9.99990E+02 -9.99990E+02 -9.99990E+02 -9.99990E+02 -9.99990E+02 -9.99990E+02 -9.99990E+02 -9.99990E+02 -9.99990E+02 -9.99990E+02 -9.99990E+02 -9.99990E+02 -9.99990E+02 -9.99990E+02  2.60783E+02  2.58745E+02  2.56763E+02  2.54953E+02  2.53279E+02  2.51727E+02  2.50246E+02  2.48793E+02  2.47355E+02  2.45810E+02  2.44038E+02  2.41680E+02  2.50303E+02  2.61637E+02  2.73237E+02  2.84732E+02  2.95829E+02  3.06582E+02  3.16656E+02  3.25991E+02  3.34813E+02  3.43020E+02  3.50577E+02  3.57369E+02  3.63348E+02  3.68678E+02  3.73388E+02  3.77527E+02  3.81209E+02 -9.99990E+02 -9.99990E+02 -9.99990E+02
 -9.99990E+02 -9.99990E+02 -9.99990E+02 -9.99990E+02 -9.99990E+02 -9.99990E+02 -9.99990E+02 -9.99990E+02 -9.99990E+02 -9.99990E+02 -9.99990E+02 -9.99990E+02 -9.99990E+02 -9.99990E+02 -9.99990E+02 -9.99990E+02 -9.99990E+02 -9.99990E+02 -9.99990E+02 -9.99990E+02 -9.99990E+02 -9.99990E+02 -9.99990E+02 -9.99990E+02 -9.99990E+02 -9.99990E+02 -9.99990E+02 -9.99990E+02 -9.99990E+02 -9.99990E+02 -9.99990E+02 -9.99990E+02 -9.99990E+02 -9.99990E+02 -9.99990E+02 -9.99990E+02 -9.99990E+02 -9.99990E+02 -9.99990E+02 -9.99990E+02 -9.99990E+02 -9.99990E+02  2.56978E+02  2.55210E+02  2.53724E+02  2.52250E+02  2.50778E+02  2.49261E+02  2.47696E+02  2.46087E+02  2.44223E+02  2.42009E+02  2.39342E+02  2.46697E+02  2.55739E+02  2.65921E+02  2.76799E+02  2.87738E+02  2.98434E+02  3.08628E+02  3.18332E+02  3.27523E+02  3.36229E+02  3.44311E+02  3.51530E+02  3.57823E+02  3.63371E+02  3.68383E+02  3.73079E+02 -9.99990E+02 -9.99990E+02 -9.99990E+02 -9.99990E+02
 -9.99990E+02 -9.99990E+02 -9.99990E+02 -9.99990E+02 -9.99990E+02 -9.99990E+02 -9.99990E+02 -9.99990E+02 -9.99990E+02 -9.99990E+02 -9.99990E+02 -9.99990E+02 -9.99990E+02 -9.99990E+02 -9.99990E+02 -9.99990E+02 -9.99990E+02 -9.99990E+02 -9.99990E+02 -9.99990E+02 -9.99990E+02 -9.99990E+02 -9.99990E+02 -9.99990E+02 -9.99990E+02 -9.99990E+02 -9.99990E+02 -9.99990E+02 -9.99990E+02 -9.99990E+02 -9.99990E+02 -9.99990E+02 -9.99990E+02 -9.99990E+02 -9.99990E+02 -9.99990E+02 -9.99990E+02 -9.99990E+02 -9.99990E+02 -9.99990E+02 -9.99990E+02 -9.99990E+02 -9.99990E+02  2.53334E+02  2.52403E+02  2.51184E+02  2.49799E+02  2.48237E+02  2.46558E+02  2.44781E+02  2.42733E+02  2.40299E+02  2.37066E+02  2.41643E+02  2.48354E+02  2.57581E+02  2.68423E+02  2.79498E+02  2.90250E+02  3.00650E+02  3.10667E+02  3.20291E+02  3.29577E+02  3.38305E+02  3.45948E+02  3.52406E+02  3.58121E+02  3.63385E+02 -9.99990E+02 -9.99990E+02 -9.99990E+02 -9.99990E+02 -9.99990E+02
 -9.99990E+02 -9.99990E+02 -9.99990E+02 -9.99990E+02 -9.99990E+02 -9.99990E+02 -9.99990E+02 -9.99990E+02 -9.99990E+02 -9.99990E+02 -9.99990E+02 -9.99990E+02 -9.99990E+02 -9.99990E+02 -9.99990E+02 -9.99990E+02 -9.99990E+02 -9.99990E+02 -9.99990E+02 -9.99990E+02 -9.99990E+02 -9.99990E+02 -9.99990E+02 -9.99990E+02 -9.99990E+02 -9.99990E+02 -9.99990E+02 -9.99990E+02 -9.99990E+02 -9.99990E+02 -9.99990E+02 -9.99990E+02 -9.99990E+02 -9.99990E+02 -9.99990E+02 -9.99990E+02 -9.99990E+02 -9.99990E+02 -9.99990E+02 -9.99990E+02 -9.99990E+02 -9.99990E+02 -9.99990E+02  2.52342E+02  2.51282E+02  2.50202E+02  2.48904E+02  2.47261E+02  2.45449E+02  2.43528E+02  2.41452E+02  2.39159E+02  2.36548E+02  2.34613E+02  2.38298E+02  2.47257E+02  2.59407E+02  2.71046E+02  2.82060E+02  2.92600E+02  3.02740E+02  3.12784E+02  3.22877E+02  3.32910E+02  3.41094E+02  3.47378E+02  3.52881E+02 -9.99990E+02 -9.99990E+02 -9.99990E+02 -9.99990E+02 -9.99990E+02 -9.99990E+02
 -9.99990E+02 -9.99990E+02 -9.99990E+02 -9.99990E+02 -9.99990E+02 -9.99990E+02 -9.99990E+02 -9.99990E+02 -9.99990E+02 -9.99990E+02 -9.99990E+02 -9.99990E+02 -9.99990E+02 -9.99990E+02 -9.99990E+02 -9.99990E+02 -9.99990E+02 -9.99990E+02 -9.99990E+02 -9.99990E+02 -9.99990E+02 -9.99990E+02 -9.99990E+02 -9.99990E+02 -9.99990E+02 -9.99990E+02 -9.99990E+02 -9.99990E+02 -9.99990E+02 -9.99990E+02 -9.99990E+02 -9.99990E+02 -9.99990E+02 -9.99990E+02 -9.99990E+02 -9.99990E+02 -9.99990E+02 -9.99990E+02 -9.99990E+02 -9.99990E+02 -9.99990E+02 -9.99990E+02 -9.99990E+02 -9.99990E+02  2.50062E+02  2.49319E+02  2.48018E+02  2.46254E+02  2.44331E+02  2.42370E+02  2.40348E+02  2.38289E+02  2.36393E+02  2.35277E+02  2.35960E+02  2.36868E+02  2.50403E+02  2.62611E+02  2.73810E+02  2.84287E+02  2.94352E+02  3.04670E+02  3.15725E+02  3.28947E+02  3.37723E+02  3.42691E+02 -9.99990E+02 -9.99990E+02 -9.99990E+02 -9.99990E+02 -9.99990E+02 -9.99990E+02 -9.99990E+02
 -9.99990E+02 -9.99990E+02 -9.99990E+02 -9.99990E+02 -9.99990E+02 -9.99990E+02 -9.99990E+02 -9.99990E+02 -9.99990E+02 -9.99990E+02 -9.99990E+02 -9.99990E+02 -9.99990E+02 -9.99990E+02 -9.99990E+02 -9.99990E+02 -9.99990E+02 -9.99990E+02 -9.99990E+02 -9.99990E+02 -9.99990E+02 -9.99990E+02 -9.99990E+02 -9.99990E+02 -9.99990E+02 -9.99990E+02 -9.99990E+02 -9.99990E+02 -9.99990E+02 -9.99990E+02 -9.99990E+02 -9.99990E+02 -9.99990E+02 -9.99990E+02 -9.99990E+02 -9.99990E+02 -9.99990E+02 -9.99990E+02 -9.99990E+02 -9.99990E+02 -9.99990E+02 -9.99990E+02 -9.99990E+02 -9.99990E+02  2.49333E+02  2.48645E+02  2.47191E+02  2.45120E+02  2.43148E+02  2.41176E+02  2.39160E+02  2.37151E+02  2.35377E+02  2.34036E+02  2.33226E+02  2.32300E+02  2.42136E+02  2.54685E+02  2.65452E+02  2.75401E+02  2.85144E+02  2.95365E+02  3.05682E+02 -9.99990E+02 -9.99990E+02 -9.99990E+02 -9.99990E+02 -9.99990E+02 -9.99990E+02 -9.99990E+02 -9.99990E+02 -9.99990E+02 -9.99990E+02
 -9.99990E+02 -9.99990E+02 -9.99990E+02 -9.99990E+02 -9.99990E+02 -9.99990E+02 -9.99990E+02 -9.99990E+02 -9.99990E+02 -9.99990E+02 -9.99990E+02 -9.99990E+02 -9.99990E+02 -9.99990E+02 -9.99990E+02 -9.99990E+02 -9.99990E+02 -9.99990E+02 -9.99990E+02 -9.99990E+02 -9.99990E+02 -9.99990E+02 -9.99990E+02 -9.99990E+02 -9.99990E+02 -9.99990E+02 -9.99990E+02 -9.99990E+02 -9.99990E+02 -9.99990E+02 -9.99990E+02 -9.99990E+02 -9.99990E+02 -9.99990E+02 -9.99990E+02 -9.99990E+02 -9.99990E+02 -9.99990E+02 -9.99990E+02 -9.99990E+02 -9.99990E+02 -9.99990E+02 -9.99990E+02 -9.99990E+02  2.48970E+02  2.48216E+02  2.46593E+02  2.43806E+02  2.41831E+02  2.39874E+02  2.37810E+02  2.35732E+02  2.33825E+02  2.32068E+02  2.30307E+02  2.27983E+02  2.37463E+02  2.47871E+02  2.57317E+02  2.66169E+02  2.74815E+02  2.85232E+02 -9.99990E+02 -9.99990E+02 -9.99990E+02 -9.99990E+02 -9.99990E+02 -9.99990E+02 -9.99990E+02 -9.99990E+02 -9.99990E+02 -9.99990E+02 -9.99990E+02
 -9.99990E+02 -9.99990E+02 -9.99990E+02 -9.99990E+02 -9.99990E+02 -9.99990E+02 -9.99990E+02 -9.99990E+02 -9.99990E+02 -9.99990E+02 -9.99990E+02 -9.99990E+02 -9.99990E+02 -9.99990E+02 -9.99990E+02 -9.99990E+02 -9.99990E+02 -9.99990E+02 -9.99990E+02 -9.99990E+02 -9.99990E+02 -9.99990E+02 -9.99990E+02 -9.99990E+02 -9.99990E+02 -9.99990E+02 -9.99990E+02 -9.99990E+02 -9.99990E+02 -9.99990E+02 -9.99990E+02 -9.99990E+02 -9.99990E+02 -9.99990E+02 -9.99990E+02 -9.99990E+02 -9.99990E+02 -9.99990E+02 -9.99990E+02 -9.99990E+02 -9.99990E+02 -9.99990E+02 -9.99990E+02 -9.99990E+02 -9.99990E+02 -9.99990E+02 -9.99990E+02  2.41111E+02  2.39976E+02  2.38294E+02  2.36209E+02  2.34152E+02  2.31978E+02  2.29873E+02  2.27679E+02  2.25273E+02  2.33443E+02  2.41603E+02  2.49304E+02  2.56359E+02  2.62085E+02 -9.99990E+02 -9.99990E+02 -9.99990E+02 -9.99990E+02 -9.99990E+02 -9.99990E+02 -9.99990E+02 -9.99990E+02 -9.99990E+02 -9.99990E+02 -9.99990E+02 -9.99990E+02
 -9.99990E+02 -9.99990E+02 -9.99990E+02 -9.99990E+02 -9.99990E+02 -9.99990E+02 -9.99990E+02 -9.99990E+02 -9.99990E+02 -9.99990E+02 -9.99990E+02 -9.99990E+02 -9.99990E+02 -9.99990E+02 -9.99990E+02 -9.99990E+02 -9.99990E+02 -9.99990E+02 -9.99990E+02 -9.99990E+02 -9.99990E+02 -9.99990E+02 -9.99990E+02 -9.99990E+02 -9.99990E+02 -9.99990E+02 -9.99990E+02 -9.99990E+02 -9.99990E+02 -9.99990E+02 -9.99990E+02 -9.99990E+02 -9.99990E+02 -9.99990E+02 -9.99990E+02 -9.99990E+02 -9.99990E+02 -9.99990E+02 -9.99990E+02 -9.99990E+02 -9.99990E+02 -9.99990E+02 -9.99990E+02 -9.99990E+02 -9.99990E+02 -9.99990E+02 -9.99990E+02  2.38788E+02  2.37909E+02  2.36392E+02  2.34457E+02  2.32308E+02  2.29937E+02  2.27605E+02  2.25152E+02  2.22484E+02  2.29132E+02  2.35504E+02  2.41588E+02  2.47450E+02  2.54828E+02 -9.99990E+02 -9.99990E+02 -9.99990E+02 -9.99990E+02 -9.99990E+02 -9.99990E+02 -9.99990E+02 -9.99990E+02 -9.99990E+02 -9.99990E+02 -9.99990E+02 -9.99990E+02
 -9.99990E+02 -9.99990E+02 -9.99990E+02 -9.99990E+02 -9.99990E+02 -9.99990E+02 -9.99990E+02 -9.99990E+02 -9.99990E+02 -9.99990E+02 -9.99990E+02 -9.99990E+02 -9.99990E+02 -9.99990E+02 -9.99990E+02 -9.99990E+02 -9.99990E+02 -9.99990E+02 -9.99990E+02 -9.99990E+02 -9.99990E+02 -9.99990E+02 -9.99990E+02 -9.99990E+02 -9.99990E+02 -9.99990E+02 -9.99990E+02 -9.99990E+02 -9.99990E+02 -9.99990E+02 -9.99990E+02 -9.99990E+02 -9.99990E+02 -9.99990E+02 -9.99990E+02 -9.99990E+02 -9.99990E+02 -9.99990E+02 -9.99990E+02 -9.99990E+02 -9.99990E+02 -9.99990E+02 -9.99990E+02 -9.99990E+02 -9.99990E+02 -9.99990E+02 -9.99990E+02  2.36589E+02  2.35801E+02  2.34369E+02  2.32575E+02  2.30285E+02  2.27871E+02  2.25355E+02  2.22780E+02  2.19943E+02  2.24731E+02  2.29480E+02  2.33788E+02  2.36782E+02 -9.99990E+02 -9.99990E+02 -9.99990E+02 -9.99990E+02 -9.99990E+02 -9.99990E+02 -9.99990E+02 -9.99990E+02 -9.99990E+02 -9.99990E+02 -9.99990E+02 -9.99990E+02 -9.99990E+02
 -9.99990E+02 -9.99990E+02 -9.99990E+02 -9.99990E+02 -9.99990E+02 -9.99990E+02 -9.99990E+02 -9.99990E+02 -9.99990E+02 -9.99990E+02 -9.99990E+02 -9.99990E+02 -9.99990E+02 -9.99990E+02 -9.99990E+02 -9.99990E+02 -9.99990E+02 -9.99990E+02 -9.99990E+02 -9.99990E+02 -9.99990E+02 -9.99990E+02 -9.99990E+02 -9.99990E+02 -9.99990E+02 -9.99990E+02 -9.99990E+02 -9.99990E+02 -9.99990E+02 -9.99990E+02 -9.99990E+02 -9.99990E+02 -9.99990E+02 -9.99990E+02 -9.99990E+02 -9.99990E+02 -9.99990E+02 -9.99990E+02 -9.99990E+02 -9.99990E+02 -9.99990E+02 -9.99990E+02 -9.99990E+02 -9.99990E+02 -9.99990E+02 -9.99990E+02 -9.99990E+02  2.34514E+02  2.33681E+02  2.32199E+02  2.30495E+02  2.28339E+02  2.25763E+02  2.23104E+02  2.20644E+02  2.18185E+02  2.20168E+02  2.23820E+02  2.26971E+02  2.28880E+02 -9.99990E+02 -9.99990E+02 -9.99990E+02 -9.99990E+02 -9.99990E+02 -9.99990E+02 -9.99990E+02 -9.99990E+02 -9.99990E+02 -9.99990E+02 -9.99990E+02 -9.99990E+02 -9.99990E+02
 -9.99990E+02 -9.99990E+02 -9.99990E+02 -9.99990E+02 -9.99990E+02 -9.99990E+02 -9.99990E+02 -9.99990E+02 -9.99990E+02 -9.99990E+02 -9.99990E+02 -9.99990E+02 -9.99990E+02 -9.99990E+02 -9.99990E+02 -9.99990E+02 -9.99990E+02 -9.99990E+02 -9.99990E+02 -9.99990E+02 -9.99990E+02 -9.99990E+02 -9.99990E+02 -9.99990E+02 -9.99990E+02 -9.99990E+02 -9.99990E+02 -9.99990E+02 -9.99990E+02 -9.99990E+02 -9.99990E+02 -9.99990E+02 -9.99990E+02 -9.99990E+02 -9.99990E+02 -9.99990E+02 -9.99990E+02 -9.99990E+02 -9.99990E+02 -9.99990E+02 -9.99990E+02 -9.99990E+02 -9.99990E+02 -9.99990E+02 -9.99990E+02 -9.99990E+02 -9.99990E+02  2.32724E+02  2.31679E+02  2.30046E+02  2.28113E+02  2.25927E+02  2.23287E+02  2.20754E+02  2.18594E+02  2.16751E+02  2.15428E+02  2.18529E+02  2.21155E+02  2.22659E+02 -9.99990E+02 -9.99990E+02 -9.99990E+02 -9.99990E+02 -9.99990E+02 -9.99990E+02 -9.99990E+02 -9.99990E+02 -9.99990E+02 -9.99990E+02 -9.99990E+02 -9.99990E+02 -9.99990E+02
 -9.99990E+02 -9.99990E+02 -9.99990E+02 -9.99990E+02 -9.99990E+02 -9.99990E+02 -9.99990E+02 -9.99990E+02 -9.99990E+02 -9.99990E+02 -9.99990E+02 -9.99990E+02 -9.99990E+02 -9.99990E+02 -9.99990E+02 -9.99990E+02 -9.99990E+02 -9.99990E+02 -9.99990E+02 -9.99990E+02 -9.99990E+02 -9.99990E+02 -9.99990E+02 -9.99990E+02 -9.99990E+02 -9.99990E+02 -9.99990E+02 -9.99990E+02 -9.99990E+02 -9.99990E+02 -9.99990E+02 -9.99990E+02 -9.99990E+02 -9.99990E+02 -9.99990E+02 -9.99990E+02 -9.99990E+02 -9.99990E+02 -9.99990E+02 -9.99990E+02 -9.99990E+02 -9.99990E+02 -9.99990E+02 -9.99990E+02 -9.99990E+02 -9.99990E+02 -9.99990E+02  2.31410E+02  2.29476E+02  2.27684E+02  2.25505E+02  2.23210E+02  2.20673E+02  2.18216E+02  2.16296E+02  2.14808E+02  2.13736E+02  2.13800E+02  2.16513E+02  2.17776E+02  2.16914E+02 -9.99990E+02 -9.99990E+02 -9.99990E+02 -9.99990E+02 -9.99990E+02 -9.99990E+02 -9.99990E+02 -9.99990E+02 -9.99990E+02 -9.99990E+02 -9.99990E+02 -9.99990E+02
 -9.99990E+02 -9.99990E+02 -9.99990E+02 -9.99990E+02 -9.99990E+02 -9.99990E+02 -9.99990E+02 -9.99990E+02 -9.99990E+02 -9.99990E+02 -9.99990E+02 -9.99990E+02 -9.99990E+02 -9.99990E+02 -9.99990E+02 -9.99990E+02 -9.99990E+02 -9.99990E+02 -9.99990E+02 -9.99990E+02 -9.99990E+02 -9.99990E+02 -9.99990E+02 -9.99990E+02 -9.99990E+02 -9.99990E+02 -9.99990E+02 -9.99990E+02 -9.99990E+02 -9.99990E+02 -9.99990E+02 -9.99990E+02 -9.99990E+02 -9.99990E+02 -9.99990E+02 -9.99990E+02 -9.99990E+02 -9.99990E+02 -9.99990E+02 -9.99990E+02 -9.99990E+02 -9.99990E+02 -9.99990E+02 -9.99990E+02 -9.99990E+02 -9.99990E+02 -9.99990E+02 -9.99990E+02  2.26365E+02  2.25053E+02  2.22801E+02  2.20281E+02  2.17804E+02  2.15409E+02  2.13654E+02  2.12479E+02  2.11687E+02  2.11050E+02  2.13392E+02  2.14829E+02  2.15958E+02 -9.99990E+02 -9.99990E+02 -9.99990E+02 -9.99990E+02 -9.99990E+02 -9.99990E+02 -9.99990E+02 -9.99990E+02 -9.99990E+02 -9.99990E+02 -9.99990E+02 -9.99990E+02
 -9.99990E+02 -9.99990E+02 -9.99990E+02 -9.99990E+02 -9.99990E+02 -9.99990E+02 -9.99990E+02 -9.99990E+02 -9.99990E+02 -9.99990E+02 -9.99990E+02 -9.99990E+02 -9.99990E+02 -9.99990E+02 -9.99990E+02 -9.99990E+02 -9.99990E+02 -9.99990E+02 -9.99990E+02 -9.99990E+02 -9.99990E+02 -9.99990E+02 -9.99990E+02 -9.99990E+02 -9.99990E+02 -9.99990E+02 -9.99990E+02 -9.99990E+02 -9.99990E+02 -9.99990E+02 -9.99990E+02 -9.99990E+02 -9.99990E+02 -9.99990E+02 -9.99990E+02 -9.99990E+02 -9.99990E+02 -9.99990E+02 -9.99990E+02 -9.99990E+02 -9.99990E+02 -9.99990E+02 -9.99990E+02 -9.99990E+02 -9.99990E+02 -9.99990E+02 -9.99990E+02  2.22900E+02  2.23466E+02  2.22263E+02  2.20133E+02  2.17516E+02  2.14762E+02  2.12191E+02  2.10605E+02  2.09876E+02  2.09549E+02  2.09259E+02  2.10992E+02  2.11997E+02 -9.99990E+02 -9.99990E+02 -9.99990E+02 -9.99990E+02 -9.99990E+02 -9.99990E+02 -9.99990E+02 -9.99990E+02 -9.99990E+02 -9.99990E+02 -9.99990E+02 -9.99990E+02 -9.99990E+02
 -9.99990E+02 -9.99990E+02 -9.99990E+02 -9.99990E+02 -9.99990E+02 -9.99990E+02 -9.99990E+02 -9.99990E+02 -9.99990E+02 -9.99990E+02 -9.99990E+02 -9.99990E+02 -9.99990E+02 -9.99990E+02 -9.99990E+02 -9.99990E+02 -9.99990E+02 -9.99990E+02 -9.99990E+02 -9.99990E+02 -9.99990E+02 -9.99990E+02 -9.99990E+02 -9.99990E+02 -9.99990E+02 -9.99990E+02 -9.99990E+02 -9.99990E+02 -9.99990E+02 -9.99990E+02 -9.99990E+02 -9.99990E+02 -9.99990E+02 -9.99990E+02 -9.99990E+02 -9.99990E+02 -9.99990E+02 -9.99990E+02 -9.99990E+02 -9.99990E+02 -9.99990E+02 -9.99990E+02 -9.99990E+02 -9.99990E+02 -9.99990E+02 -9.99990E+02 -9.99990E+02  2.21732E+02  2.21412E+02  2.20105E+02  2.17801E+02  2.14886E+02  2.11852E+02  2.08246E+02  2.06871E+02  2.06994E+02  2.07423E+02  2.08031E+02  2.09345E+02  2.10083E+02 -9.99990E+02 -9.99990E+02 -9.99990E+02 -9.99990E+02 -9.99990E+02 -9.99990E+02 -9.99990E+02 -9.99990E+02 -9.99990E+02 -9.99990E+02 -9.99990E+02 -9.99990E+02 -9.99990E+02
 -9.99990E+02 -9.99990E+02 -9.99990E+02 -9.99990E+02 -9.99990E+02 -9.99990E+02 -9.99990E+02 -9.99990E+02 -9.99990E+02 -9.99990E+02 -9.99990E+02 -9.99990E+02 -9.99990E+02 -9.99990E+02 -9.99990E+02 -9.99990E+02 -9.99990E+02 -9.99990E+02 -9.99990E+02 -9.99990E+02 -9.99990E+02 -9.99990E+02 -9.99990E+02 -9.99990E+02 -9.99990E+02 -9.99990E+02 -9.99990E+02 -9.99990E+02 -9.99990E+02 -9.99990E+02 -9.99990E+02 -9.99990E+02 -9.99990E+02 -9.99990E+02 -9.99990E+02 -9.99990E+02 -9.99990E+02 -9.99990E+02 -9.99990E+02 -9.99990E+02 -9.99990E+02 -9.99990E+02 -9.99990E+02 -9.99990E+02 -9.99990E+02 -9.99990E+02 -9.99990E+02  2.20082E+02  2.19462E+02  2.17952E+02  2.15532E+02  2.12624E+02  2.09766E+02  2.06796E+02  2.06312E+02  2.06474E+02  2.06908E+02  2.07506E+02  2.08281E+02  2.08699E+02  2.08400E+02  2.08325E+02  2.08311E+02 -9.99990E+02 -9.99990E+02 -9.99990E+02 -9.99990E+02 -9.99990E+02 -9.99990E+02 -9.99990E+02 -9.99990E+02 -9.99990E+02 -9.99990E+02
 -9.99990E+02 -9.99990E+02 -9.99990E+02 -9.99990E+02 -9.99990E+02 -9.99990E+02 -9.99990E+02 -9.99990E+02 -9.99990E+02 -9.99990E+02 -9.99990E+02 -9.99990E+02 -9.99990E+02 -9.99990E+02 -9.99990E+02 -9.99990E+02 -9.99990E+02 -9.99990E+02 -9.99990E+02 -9.99990E+02 -9.99990E+02 -9.99990E+02 -9.99990E+02 -9.99990E+02 -9.99990E+02 -9.99990E+02 -9.99990E+02 -9.99990E+02 -9.99990E+02 -9.99990E+02 -9.99990E+02 -9.99990E+02 -9.99990E+02 -9.99990E+02 -9.99990E+02 -9.99990E+02 -9.99990E+02 -9.99990E+02 -9.99990E+02 -9.99990E+02 -9.99990E+02 -9.99990E+02 -9.99990E+02 -9.99990E+02 -9.99990E+02 -9.99990E+02 -9.99990E+02  2.18528E+02  2.17677E+02  2.15960E+02  2.13471E+02  2.10687E+02  2.07994E+02  2.05693E+02  2.05098E+02  2.05636E+02  2.06188E+02  2.06792E+02  2.07414E+02  2.07857E+02  2.08007E+02  2.08095E+02  2.08129E+02  2.08082E+02 -9.99990E+02 -9.99990E+02 -9.99990E+02 -9.99990E+02 -9.99990E+02 -9.99990E+02 -9.99990E+02 -9.99990E+02 -9.99990E+02
 -9.99990E+02 -9.99990E+02 -9.99990E+02 -9.99990E+02 -9.99990E+02 -9.99990E+02 -9.99990E+02 -9.99990E+02 -9.99990E+02 -9.99990E+02 -9.99990E+02 -9.99990E+02 -9.99990E+02 -9.99990E+02 -9.99990E+02 -9.99990E+02 -9.99990E+02 -9.99990E+02 -9.99990E+02 -9.99990E+02 -9.99990E+02 -9.99990E+02 -9.99990E+02 -9.99990E+02 -9.99990E+02 -9.99990E+02 -9.99990E+02 -9.99990E+02 -9.99990E+02 -9.99990E+02 -9.99990E+02 -9.99990E+02 -9.99990E+02 -9.99990E+02 -9.99990E+02 -9.99990E+02 -9.99990E+02 -9.99990E+02 -9.99990E+02 -9.99990E+02 -9.99990E+02 -9.99990E+02 -9.99990E+02 -9.99990E+02 -9.99990E+02 -9.99990E+02  2.17844E+02  2.17218E+02  2.16074E+02  2.14292E+02  2.11694E+02  2.08798E+02  2.06025E+02  2.04119E+02  2.04187E+02  2.04748E+02  2.05366E+02  2.05990E+02  2.06635E+02  2.07154E+02  2.07493E+02  2.07710E+02  2.07836E+02  2.07874E+02 -9.99990E+02 -9.99990E+02 -9.99990E+02 -9.99990E+02 -9.99990E+02 -9.99990E+02 -9.99990E+02 -9.99990E+02 -9.99990E+02
 -9.99990E+02 -9.99990E+02 -9.99990E+02 -9.99990E+02 -9.99990E+02 -9.99990E+02 -9.99990E+02 -9.99990E+02 -9.99990E+02 -9.99990E+02 -9.99990E+02 -9.99990E+02 -9.99990E+02 -9.99990E+02 -9.99990E+02 -9.99990E+02 -9.99990E+02 -9.99990E+02 -9.99990E+02 -9.99990E+02 -9.99990E+02 -9.99990E+02 -9.99990E+02 -9.99990E+02 -9.99990E+02 -9.99990E+02 -9.99990E+02 -9.99990E+02 -9.99990E+02 -9.99990E+02 -9.99990E+02 -9.99990E+02 -9.99990E+02 -9.99990E+02 -9.99990E+02 -9.99990E+02 -9.99990E+02 -9.99990E+02 -9.99990E+02 -9.99990E+02 -9.99990E+02 -9.99990E+02 -9.99990E+02 -9.99990E+02 -9.99990E+02 -9.99990E+02 -9.99990E+02  2.15579E+02  2.14556E+02  2.12757E+02  2.10053E+02  2.07051E+02  2.03483E+02  2.03005E+02  2.03214E+02  2.03752E+02  2.04421E+02  2.05131E+02  2.05860E+02  2.06476E+02  2.06926E+02  2.07242E+02  2.07450E+02  2.07554E+02  2.07531E+02  2.07566E+02 -9.99990E+02 -9.99990E+02 -9.99990E+02 -9.99990E+02 -9.99990E+02 -9.99990E+02 -9.99990E+02
 -9.99990E+02 -9.99990E+02 -9.99990E+02 -9.99990E+02 -9.99990E+02 -9.99990E+02 -9.99990E+02 -9.99990E+02 -9.99990E+02 -9.99990E+02 -9.99990E+02 -9.99990E+02 -9.99990E+02 -9.99990E+02 -9.99990E+02 -9.99990E+02 -9.99990E+02 -9.99990E+02 -9.99990E+02 -9.99990E+02 -9.99990E+02 -9.99990E+02 -9.99990E+02 -9.99990E+02 -9.99990E+02 -9.99990E+02 -9.99990E+02 -9.99990E+02 -9.99990E+02 -9.99990E+02 -9.99990E+02 -9.99990E+02 -9.99990E+02 -9.99990E+02 -9.99990E+02 -9.99990E+02 -9.99990E+02 -9.99990E+02 -9.99990E+02 -9.99990E+02 -9.99990E+02 -9.99990E+02 -9.99990E+02 -9.99990E+02 -9.99990E+02 -9.99990E+02 -9.99990E+02  2.14209E+02  2.13220E+02  2.11406E+02  2.08822E+02  2.06156E+02  2.03545E+02  2.02017E+02  2.01875E+02  2.02583E+02  2.03390E+02  2.04227E+02  2.05071E+02  2.05787E+02  2.06324E+02  2.06724E+02  2.07010E+02  2.07200E+02  2.07322E+02  2.07494E+02 -9.99990E+02 -9.99990E+02 -9.99990E+02 -9.99990E+02 -9.99990E+02 -9.99990E+02 -9.99990E+02
 -9.99990E+02 -9.99990E+02 -9.99990E+02 -9.99990E+02 -9.99990E+02 -9.99990E+02 -9.99990E+02 -9.99990E+02 -9.99990E+02 -9.99990E+02 -9.99990E+02 -9.99990E+02 -9.99990E+02 -9.99990E+02 -9.99990E+02 -9.99990E+02 -9.99990E+02 -9.99990E+02 -9.99990E+02 -9.99990E+02 -9.99990E+02 -9.99990E+02 -9.99990E+02 -9.99990E+02 -9.99990E+02 -9.99990E+02 -9.99990E+02 -9.99990E+02 -9.99990E+02 -9.99990E+02 -9.99990E+02 -9.99990E+02 -9.99990E+02 -9.99990E+02 -9.99990E+02 -9.99990E+02 -9.99990E+02 -9.99990E+02 -9.99990E+02 -9.99990E+02 -9.99990E+02 -9.99990E+02 -9.99990E+02 -9.99990E+02 -9.99990E+02 -9.99990E+02  2.13316E+02  2.13081E+02  2.12011E+02  2.10230E+02  2.07814E+02  2.05461E+02  2.03483E+02  2.02037E+02  2.01145E+02  2.01236E+02  2.02283E+02  2.03295E+02  2.04252E+02  2.05054E+02  2.05686E+02  2.06165E+02  2.06517E+02  2.06765E+02  2.06900E+02 -9.99990E+02 -9.99990E+02 -9.99990E+02 -9.99990E+02 -9.99990E+02 -9.99990E+02 -9.99990E+02 -9.99990E+02
 -9.99990E+02 -9.99990E+02 -9.99990E+02 -9.99990E+02 -9.99990E+02 -9.99990E+02 -9.99990E+02 -9.99990E+02 -9.99990E+02 -9.99990E+02 -9.99990E+02 -9.99990E+02 -9.99990E+02 -9.99990E+02 -9.99990E+02 -9.99990E+02 -9.99990E+02 -9.99990E+02 -9.99990E+02 -9.99990E+02 -9.99990E+02 -9.99990E+02 -9.99990E+02 -9.99990E+02 -9.99990E+02 -9.99990E+02 -9.99990E+02 -9.99990E+02 -9.99990E+02 -9.99990E+02 -9.99990E+02 -9.99990E+02 -9.99990E+02 -9.99990E+02 -9.99990E+02 -9.99990E+02 -9.99990E+02 -9.99990E+02 -9.99990E+02 -9.99990E+02 -9.99990E+02 -9.99990E+02 -9.99990E+02 -9.99990E+02 -9.99990E+02  2.13095E+02  2.12838E+02  2.12163E+02  2.10987E+02  2.09067E+02  2.06812E+02  2.04697E+02  2.02970E+02  2.01568E+02  2.00567E+02  1.99906E+02  2.01183E+02  2.02368E+02  2.03404E+02  2.04295E+02  2.05031E+02  2.05611E+02  2.06049E+02  2.06358E+02  2.06528E+02 -9.99990E+02 -9.99990E+02 -9.99990E+02 -9.99990E+02 -9.99990E+02 -9.99990E+02 -9.99990E+02 -9.99990E+02
 -9.99990E+02 -9.99990E+02 -9.99990E+02 -9.99990E+02 -9.99990E+02 -9.99990E+02 -9.99990E+02 -9.99990E+02 -9.99990E+02 -9.99990E+02 -9.99990E+02 -9.99990E+02 -9.99990E+02 -9.99990E+02 -9.99990E+02 -9.99990E+02 -9.99990E+02 -9.99990E+02 -9.99990E+02 -9.99990E+02 -9.99990E+02 -9.99990E+02 -9.99990E+02 -9.99990E+02 -9.99990E+02 -9.99990E+02 -9.99990E+02 -9.99990E+02 -9.99990E+02 -9.99990E+02 -9.99990E+02 -9.99990E+02 -9.99990E+02 -9.99990E+02 -9.99990E+02 -9.99990E+02 -9.99990E+02 -9.99990E+02 -9.99990E+02 -9.99990E+02 -9.99990E+02 -9.99990E+02 -9.99990E+02 -9.99990E+02 -9.99990E+02  2.12736E+02  2.12227E+02  2.11350E+02  2.09987E+02  2.07956E+02  2.05752E+02  2.03795E+02  2.02152E+02  2.00772E+02  1.99669E+02  1.98697E+02  2.00171E+02  2.01446E+02  2.02545E+02  2.03513E+02  2.04358E+02  2.05072E+02  2.05602E+02  2.05983E+02  2.06233E+02  2.06340E+02 -9.99990E+02 -9.99990E+02 -9.99990E+02 -9.99990E+02 -9.99990E+02 -9.99990E+02 -9.99990E+02
 -9.99990E+02 -9.99990E+02 -9.99990E+02 -9.99990E+02 -9.99990E+02 -9.99990E+02 -9.99990E+02 -9.99990E+02 -9.99990E+02 -9.99990E+02 -9.99990E+02 -9.99990E+02 -9.99990E+02 -9.99990E+02 -9.99990E+02 -9.99990E+02 -9.99990E+02 -9.99990E+02 -9.99990E+02 -9.99990E+02 -9.99990E+02 -9.99990E+02 -9.99990E+02 -9.99990E+02 -9.99990E+02 -9.99990E+02 -9.99990E+02 -9.99990E+02 -9.99990E+02 -9.99990E+02 -9.99990E+02 -9.99990E+02 -9.99990E+02 -9.99990E+02 -9.99990E+02 -9.99990E+02 -9.99990E+02 -9.99990E+02 -9.99990E+02 -9.99990E+02 -9.99990E+02 -9.99990E+02 -9.99990E+02  2.12877E+02  2.12692E+02  2.12334E+02  2.11550E+02  2.10356E+02  2.08808E+02  2.06845E+02  2.04695E+02  2.02767E+02  2.01104E+02  1.99743E+02  1.98664E+02  1.97788E+02  1.99275E+02  2.00532E+02  2.01648E+02  2.02668E+02  2.03646E+02  2.04557E+02  2.05225E+02  2.05660E+02  2.05984E+02 -9.99990E+02 -9.99990E+02 -9.99990E+02 -9.99990E+02 -9.99990E+02 -9.99990E+02 -9.99990E+02 -9.99990E+02
 -9.99990E+02 -9.99990E+02 -9.99990E+02 -9.99990E+02 -9.99990E+02 -9.99990E+02 -9.99990E+02 -9.99990E+02 -9.99990E+02 -9.99990E+02 -9.99990E+02 -9.99990E+02 -9.99990E+02 -9.99990E+02 -9.99990E+02 -9.99990E+02 -9.99990E+02 -9.99990E+02 -9.99990E+02 -9.99990E+02 -9.99990E+02 -9.99990E+02 -9.99990E+02 -9.99990E+02 -9.99990E+02 -9.99990E+02 -9.99990E+02 -9.99990E+02 -9.99990E+02 -9.99990E+02 -9.99990E+02 -9.99990E+02 -9.99990E+02 -9.99990E+02 -9.99990E+02 -9.99990E+02 -9.99990E+02 -9.99990E+02 -9.99990E+02 -9.99990E+02 -9.99990E+02 -9.99990E+02 -9.99990E+02  2.12807E+02  2.12497E+02  2.11881E+02  2.10898E+02  2.09504E+02  2.07750E+02  2.05711E+02  2.03596E+02  2.01600E+02  1.99831E+02  1.98431E+02  1.97488E+02  1.97009E+02  1.98422E+02  1.99601E+02  2.00662E+02  2.01703E+02  2.02848E+02  2.04166E+02  2.04957E+02  2.05352E+02 -9.99990E+02 -9.99990E+02 -9.99990E+02 -9.99990E+02 -9.99990E+02 -9.99990E+02 -9.99990E+02 -9.99990E+02 -9.99990E+02
 -9.99990E+02 -9.99990E+02 -9.99990E+02 -9.99990E+02 -9.99990E+02 -9.99990E+02 -9.99990E+02 -9.99990E+02 -9.99990E+02 -9.99990E+02 -9.99990E+02 -9.99990E+02 -9.99990E+02 -9.99990E+02 -9.99990E+02 -9.99990E+02 -9.99990E+02 -9.99990E+02 -9.99990E+02 -9.99990E+02 -9.99990E+02 -9.99990E+02 -9.99990E+02 -9.99990E+02 -9.99990E+02 -9.99990E+02 -9.99990E+02 -9.99990E+02 -9.99990E+02 -9.99990E+02 -9.99990E+02 -9.99990E+02 -9.99990E+02 -9.99990E+02 -9.99990E+02 -9.99990E+02 -9.99990E+02 -9.99990E+02 -9.99990E+02 -9.99990E+02 -9.99990E+02 -9.99990E+02 -9.99990E+02  2.12708E+02  2.12251E+02  2.11449E+02  2.10296E+02  2.08758E+02  2.06850E+02  2.04701E+02  2.02474E+02  2.00320E+02  1.98225E+02  1.96669E+02  1.95843E+02  1.96566E+02  1.97617E+02  1.98596E+02  1.99507E+02  2.00428E+02  2.01686E+02 -9.99990E+02 -9.99990E+02 -9.99990E+02 -9.99990E+02 -9.99990E+02 -9.99990E+02 -9.99990E+02 -9.99990E+02 -9.99990E+02 -9.99990E+02 -9.99990E+02 -9.99990E+02
 -9.99990E+02 -9.99990E+02 -9.99990E+02 -9.99990E+02 -9.99990E+02 -9.99990E+02 -9.99990E+02 -9.99990E+02 -9.99990E+02 -9.99990E+02 -9.99990E+02 -9.99990E+02 -9.99990E+02 -9.99990E+02 -9.99990E+02 -9.99990E+02 -9.99990E+02 -9.99990E+02 -9.99990E+02 -9.99990E+02 -9.99990E+02 -9.99990E+02 -9.99990E+02 -9.99990E+02 -9.99990E+02 -9.99990E+02 -9.99990E+02 -9.99990E+02 -9.99990E+02 -9.99990E+02 -9.99990E+02 -9.99990E+02 -9.99990E+02 -9.99990E+02 -9.99990E+02 -9.99990E+02 -9.99990E+02 -9.99990E+02 -9.99990E+02 -9.99990E+02 -9.99990E+02 -9.99990E+02 -9.99990E+02  2.12547E+02  2.11885E+02  2.10974E+02  2.09690E+02  2.08036E+02  2.06033E+02  2.03787E+02  2.01430E+02  1.99073E+02  1.96218E+02  1.94680E+02  1.95280E+02  1.95933E+02  1.96691E+02  1.97462E+02  1.98142E+02  1.98624E+02 -9.99990E+02 -9.99990E+02 -9.99990E+02 -9.99990E+02 -9.99990E+02 -9.99990E+02 -9.99990E+02 -9.99990E+02 -9.99990E+02 -9.99990E+02 -9.99990E+02 -9.99990E+02 -9.99990E+02
 -9.99990E+02 -9.99990E+02 -9.99990E+02 -9.99990E+02 -9.99990E+02 -9.99990E+02 -9.99990E+02 -9.99990E+02 -9.99990E+02 -9.99990E+02 -9.99990E+02 -9.99990E+02 -9.99990E+02 -9.99990E+02 -9.99990E+02 -9.99990E+02 -9.99990E+02 -9.99990E+02 -9.99990E+02 -9.99990E+02 -9.99990E+02 -9.99990E+02 -9.99990E+02 -9.99990E+02 -9.99990E+02 -9.99990E+02 -9.99990E+02 -9.99990E+02 -9.99990E+02 -9.99990E+02 -9.99990E+02 -9.99990E+02 -9.99990E+02 -9.99990E+02 -9.99990E+02 -9.99990E+02 -9.99990E+02 -9.99990E+02 -9.99990E+02 -9.99990E+02 -9.99990E+02 -9.99990E+02 -9.99990E+02 -9.99990E+02  2.11137E+02  2.10328E+02  2.09045E+02  2.07316E+02  2.05231E+02  2.02905E+02  2.00580E+02  1.98382E+02  1.96157E+02  1.94861E+02  1.94763E+02  1.95057E+02  1.95584E+02  1.96228E+02  1.96808E+02  1.97175E+02 -9.99990E+02 -9.99990E+02 -9.99990E+02 -9.99990E+02 -9.99990E+02 -9.99990E+02 -9.99990E+02 -9.99990E+02 -9.99990E+02 -9.99990E+02 -9.99990E+02 -9.99990E+02 -9.99990E+02
 -9.99990E+02 -9.99990E+02 -9.99990E+02 -9.99990E+02 -9.99990E+02 -9.99990E+02 -9.99990E+02 -9.99990E+02 -9.99990E+02 -9.99990E+02 -9.99990E+02 -9.99990E+02 -9.99990E+02 -9.99990E+02 -9.99990E+02 -9.99990E+02 -9.99990E+02 -9.99990E+02 -9.99990E+02 -9.99990E+02 -9.99990E+02 -9.99990E+02 -9.99990E+02 -9.99990E+02 -9.99990E+02 -9.99990E+02 -9.99990E+02 -9.99990E+02 -9.99990E+02 -9.99990E+02 -9.99990E+02 -9.99990E+02 -9.99990E+02 -9.99990E+02 -9.99990E+02 -9.99990E+02 -9.99990E+02 -9.99990E+02 -9.99990E+02 -9.99990E+02 -9.99990E+02 -9.99990E+02 -9.99990E+02 -9.99990E+02  2.10599E+02  2.09552E+02  2.08249E+02  2.06447E+02  2.04330E+02  2.02001E+02  1.99765E+02  1.97735E+02  1.95836E+02  1.94169E+02  1.93837E+02  1.93875E+02  1.94189E+02  1.94877E+02  1.95493E+02  1.95967E+02 -9.99990E+02 -9.99990E+02 -9.99990E+02 -9.99990E+02 -9.99990E+02 -9.99990E+02 -9.99990E+02 -9.99990E+02 -9.99990E+02 -9.99990E+02 -9.99990E+02 -9.99990E+02 -9.99990E+02
 -9.99990E+02 -9.99990E+02 -9.99990E+02 -9.99990E+02 -9.99990E+02 -9.99990E+02 -9.99990E+02 -9.99990E+02 -9.99990E+02 -9.99990E+02 -9.99990E+02 -9.99990E+02 -9.99990E+02 -9.99990E+02 -9.99990E+02 -9.99990E+02 -9.99990E+02 -9.99990E+02 -9.99990E+02 -9.99990E+02 -9.99990E+02 -9.99990E+02 -9.99990E+02 -9.99990E+02 -9.99990E+02 -9.99990E+02 -9.99990E+02 -9.99990E+02 -9.99990E+02 -9.99990E+02 -9.99990E+02 -9.99990E+02 -9.99990E+02 -9.99990E+02 -9.99990E+02 -9.99990E+02 -9.99990E+02 -9.99990E+02 -9.99990E+02 -9.99990E+02 -9.99990E+02 -9.99990E+02 -9.99990E+02 -9.99990E+02 -9.99990E+02  2.08359E+02  2.07296E+02  2.05417E+02  2.03219E+02  2.00996E+02  1.98886E+02  1.96971E+02  1.95257E+02  1.93762E+02  1.92639E+02  1.92393E+02  1.92432E+02  1.93400E+02  1.94145E+02  1.95105E+02 -9.99990E+02 -9.99990E+02 -9.99990E+02 -9.99990E+02 -9.99990E+02 -9.99990E+02 -9.99990E+02 -9.99990E+02 -9.99990E+02 -9.99990E+02 -9.99990E+02 -9.99990E+02 -9.99990E+02
 -9.99990E+02 -9.99990E+02 -9.99990E+02 -9.99990E+02 -9.99990E+02 -9.99990E+02 -9.99990E+02 -9.99990E+02 -9.99990E+02 -9.99990E+02 -9.99990E+02 -9.99990E+02 -9.99990E+02 -9.99990E+02 -9.99990E+02 -9.99990E+02 -9.99990E+02 -9.99990E+02 -9.99990E+02 -9.99990E+02 -9.99990E+02 -9.99990E+02 -9.99990E+02 -9.99990E+02 -9.99990E+02 -9.99990E+02 -9.99990E+02 -9.99990E+02 -9.99990E+02 -9.99990E+02 -9.99990E+02 -9.99990E+02 -9.99990E+02 -9.99990E+02 -9.99990E+02 -9.99990E+02 -9.99990E+02 -9.99990E+02 -9.99990E+02 -9.99990E+02 -9.99990E+02 -9.99990E+02 -9.99990E+02 -9.99990E+02 -9.99990E+02  2.07716E+02  2.06540E+02  2.03990E+02  2.01906E+02  1.99929E+02  1.97921E+02  1.96006E+02  1.94386E+02  1.92969E+02  1.91949E+02  1.91479E+02  1.91437E+02  1.92019E+02  1.92393E+02 -9.99990E+02 -9.99990E+02 -9.99990E+02 -9.99990E+02 -9.99990E+02 -9.99990E+02 -9.99990E+02 -9.99990E+02 -9.99990E+02 -9.99990E+02 -9.99990E+02 -9.99990E+02 -9.99990E+02 -9.99990E+02
 -9.99990E+02 -9.99990E+02 -9.99990E+02 -9.99990E+02 -9.99990E+02 -9.99990E+02 -9.99990E+02 -9.99990E+02 -9.99990E+02 -9.99990E+02 -9.99990E+02 -9.99990E+02 -9.99990E+02 -9.99990E+02 -9.99990E+02 -9.99990E+02 -9.99990E+02 -9.99990E+02 -9.99990E+02 -9.99990E+02 -9.99990E+02 -9.99990E+02 -9.99990E+02 -9.99990E+02 -9.99990E+02 -9.99990E+02 -9.99990E+02 -9.99990E+02 -9.99990E+02 -9.99990E+02 -9.99990E+02 -9.99990E+02 -9.99990E+02 -9.99990E+02 -9.99990E+02 -9.99990E+02 -9.99990E+02 -9.99990E+02 -9.99990E+02 -9.99990E+02 -9.99990E+02 -9.99990E+02 -9.99990E+02 -9.99990E+02 -9.99990E+02 -9.99990E+02 -9.99990E+02  2.01434E+02  2.00265E+02  1.98653E+02  1.96757E+02  1.94816E+02  1.93190E+02  1.91746E+02  1.90708E+02  1.90115E+02  1.90436E+02  1.90704E+02  1.90897E+02 -9.99990E+02 -9.99990E+02 -9.99990E+02 -9.99990E+02 -9.99990E+02 -9.99990E+02 -9.99990E+02 -9.99990E+02 -9.99990E+02 -9.99990E+02 -9.99990E+02 -9.99990E+02 -9.99990E+02 -9.99990E+02
 -9.99990E+02 -9.99990E+02 -9.99990E+02 -9.99990E+02 -9.99990E+02 -9.99990E+02 -9.99990E+02 -9.99990E+02 -9.99990E+02 -9.99990E+02 -9.99990E+02 -9.99990E+02 -9.99990E+02 -9.99990E+02 -9.99990E+02 -9.99990E+02 -9.99990E+02 -9.99990E+02 -9.99990E+02 -9.99990E+02 -9.99990E+02 -9.99990E+02 -9.99990E+02 -9.99990E+02 -9.99990E+02 -9.99990E+02 -9.99990E+02 -9.99990E+02 -9.99990E+02 -9.99990E+02 -9.99990E+02 -9.99990E+02 -9.99990E+02 -9.99990E+02 -9.99990E+02 -9.99990E+02 -9.99990E+02 -9.99990E+02 -9.99990E+02 -9.99990E+02 -9.99990E+02 -9.99990E+02 -9.99990E+02 -9.99990E+02 -9.99990E+02 -9.99990E+02 -9.99990E+02  1.99542E+02  1.98501E+02  1.97016E+02  1.95275E+02  1.93509E+02  1.91836E+02  1.90077E+02  1.89069E+02  1.88663E+02  1.89047E+02  1.89341E+02  1.89499E+02 -9.99990E+02 -9.99990E+02 -9.99990E+02 -9.99990E+02 -9.99990E+02 -9.99990E+02 -9.99990E+02 -9.99990E+02 -9.99990E+02 -9.99990E+02 -9.99990E+02 -9.99990E+02 -9.99990E+02 -9.99990E+02
 -9.99990E+02 -9.99990E+02 -9.99990E+02 -9.99990E+02 -9.99990E+02 -9.99990E+02 -9.99990E+02 -9.99990E+02 -9.99990E+02 -9.99990E+02 -9.99990E+02 -9.99990E+02 -9.99990E+02 -9.99990E+02 -9.99990E+02 -9.99990E+02 -9.99990E+02 -9.99990E+02 -9.99990E+02 -9.99990E+02 -9.99990E+02 -9.99990E+02 -9.99990E+02 -9.99990E+02 -9.99990E+02 -9.99990E+02 -9.99990E+02 -9.99990E+02 -9.99990E+02 -9.99990E+02 -9.99990E+02 -9.99990E+02 -9.99990E+02 -9.99990E+02 -9.99990E+02 -9.99990E+02 -9.99990E+02 -9.99990E+02 -9.99990E+02 -9.99990E+02 -9.99990E+02 -9.99990E+02 -9.99990E+02 -9.99990E+02 -9.99990E+02 -9.99990E+02 -9.99990E+02  1.98285E+02  1.96705E+02  1.95309E+02  1.93826E+02  1.92193E+02  1.90648E+02  1.89100E+02  1.88079E+02  1.87569E+02  1.87667E+02  1.88003E+02  1.88203E+02 -9.99990E+02 -9.99990E+02 -9.99990E+02 -9.99990E+02 -9.99990E+02 -9.99990E+02 -9.99990E+02 -9.99990E+02 -9.99990E+02 -9.99990E+02 -9.99990E+02 -9.99990E+02 -9.99990E+02 -9.99990E+02
 -9.99990E+02 -9.99990E+02 -9.99990E+02 -9.99990E+02 -9.99990E+02 -9.99990E+02 -9.99990E+02 -9.99990E+02 -9.99990E+02 -9.99990E+02 -9.99990E+02 -9.99990E+02 -9.99990E+02 -9.99990E+02 -9.99990E+02 -9.99990E+02 -9.99990E+02 -9.99990E+02 -9.99990E+02 -9.99990E+02 -9.99990E+02 -9.99990E+02 -9.99990E+02 -9.99990E+02 -9.99990E+02 -9.99990E+02 -9.99990E+02 -9.99990E+02 -9.99990E+02 -9.99990E+02 -9.99990E+02 -9.99990E+02 -9.99990E+02 -9.99990E+02 -9.99990E+02 -9.99990E+02 -9.99990E+02 -9.99990E+02 -9.99990E+02 -9.99990E+02 -9.99990E+02 -9.99990E+02 -9.99990E+02 -9.99990E+02 -9.99990E+02 -9.99990E+02 -9.99990E+02 -9.99990E+02  1.94528E+02  1.93567E+02  1.92269E+02  1.90867E+02  1.89472E+02  1.88053E+02  1.86628E+02  1.85892E+02  1.86054E+02  1.86778E+02  1.87045E+02 -9.99990E+02 -9.99990E+02 -9.99990E+02 -9.99990E+02 -9.99990E+02 -9.99990E+02 -9.99990E+02 -9.99990E+02 -9.99990E+02 -9.99990E+02 -9.99990E+02 -9.99990E+02 -9.99990E+02 -9.99990E+02
 -9.99990E+02 -9.99990E+02 -9.99990E+02 -9.99990E+02 -9.99990E+02 -9.99990E+02 -9.99990E+02 -9.99990E+02 -9.99990E+02 -9.99990E+02 -9.99990E+02 -9.99990E+02 -9.99990E+02 -9.99990E+02 -9.99990E+02 -9.99990E+02 -9.99990E+02 -9.99990E+02 -9.99990E+02 -9.99990E+02 -9.99990E+02 -9.99990E+02 -9.99990E+02 -9.99990E+02 -9.99990E+02 -9.99990E+02 -9.99990E+02 -9.99990E+02 -9.99990E+02 -9.99990E+02 -9.99990E+02 -9.99990E+02 -9.99990E+02 -9.99990E+02 -9.99990E+02 -9.99990E+02 -9.99990E+02 -9.99990E+02 -9.99990E+02 -9.99990E+02 -9.99990E+02 -9.99990E+02 -9.99990E+02 -9.99990E+02 -9.99990E+02 -9.99990E+02 -9.99990E+02 -9.99990E+02  1.92897E+02  1.92032E+02  1.90913E+02  1.89608E+02  1.88329E+02  1.87150E+02  1.86129E+02  1.85519E+02  1.85367E+02  1.85970E+02  1.86101E+02 -9.99990E+02 -9.99990E+02 -9.99990E+02 -9.99990E+02 -9.99990E+02 -9.99990E+02 -9.99990E+02 -9.99990E+02 -9.99990E+02 -9.99990E+02 -9.99990E+02 -9.99990E+02 -9.99990E+02 -9.99990E+02
 -9.99990E+02 -9.99990E+02 -9.99990E+02 -9.99990E+02 -9.99990E+02 -9.99990E+02 -9.99990E+02 -9.99990E+02 -9.99990E+02 -9.99990E+02 -9.99990E+02 -9.99990E+02 -9.99990E+02 -9.99990E+02 -9.99990E+02 -9.99990E+02 -9.99990E+02 -9.99990E+02 -9.99990E+02 -9.99990E+02 -9.99990E+02 -9.99990E+02 -9.99990E+02 -9.99990E+02 -9.99990E+02 -9.99990E+02 -9.99990E+02 -9.99990E+02 -9.99990E+02 -9.99990E+02 -9.99990E+02 -9.99990E+02 -9.99990E+02 -9.99990E+02 -9.99990E+02 -9.99990E+02 -9.99990E+02 -9.99990E+02 -9.99990E+02 -9.99990E+02 -9.99990E+02 -9.99990E+02 -9.99990E+02 -9.99990E+02 -9.99990E+02 -9.99990E+02 -9.99990E+02 -9.99990E+02  1.91907E+02  1.90644E+02  1.89550E+02  1.88336E+02  1.87183E+02  1.86121E+02  1.85284E+02  1.84708E+02  1.84927E+02  1.85150E+02  1.85249E+02 -9.99990E+02 -9.99990E+02 -9.99990E+02 -9.99990E+02 -9.99990E+02 -9.99990E+02 -9.99990E+02 -9.99990E+02 -9.99990E+02 -9.99990E+02 -9.99990E+02 -9.99990E+02 -9.99990E+02 -9.99990E+02
 -9.99990E+02 -9.99990E+02 -9.99990E+02 -9.99990E+02 -9.99990E+02 -9.99990E+02 -9.99990E+02 -9.99990E+02 -9.99990E+02 -9.99990E+02 -9.99990E+02 -9.99990E+02 -9.99990E+02 -9.99990E+02 -9.99990E+02 -9.99990E+02 -9.99990E+02 -9.99990E+02 -9.99990E+02 -9.99990E+02 -9.99990E+02 -9.99990E+02 -9.99990E+02 -9.99990E+02 -9.99990E+02 -9.99990E+02 -9.99990E+02 -9.99990E+02 -9.99990E+02 -9.99990E+02 -9.99990E+02 -9.99990E+02 -9.99990E+02 -9.99990E+02 -9.99990E+02 -9.99990E+02 -9.99990E+02 -9.99990E+02 -9.99990E+02 -9.99990E+02 -9.99990E+02 -9.99990E+02 -9.99990E+02 -9.99990E+02 -9.99990E+02 -9.99990E+02 -9.99990E+02 -9.99990E+02 -9.99990E+02  1.88623E+02  1.88050E+02  1.87100E+02  1.85991E+02  1.84912E+02  1.84215E+02  1.83895E+02  1.84251E+02  1.84387E+02  1.84441E+02 -9.99990E+02 -9.99990E+02 -9.99990E+02 -9.99990E+02 -9.99990E+02 -9.99990E+02 -9.99990E+02 -9.99990E+02 -9.99990E+02 -9.99990E+02 -9.99990E+02 -9.99990E+02 -9.99990E+02 -9.99990E+02
 -9.99990E+02 -9.99990E+02 -9.99990E+02 -9.99990E+02 -9.99990E+02 -9.99990E+02 -9.99990E+02 -9.99990E+02 -9.99990E+02 -9.99990E+02 -9.99990E+02 -9.99990E+02 -9.99990E+02 -9.99990E+02 -9.99990E+02 -9.99990E+02 -9.99990E+02 -9.99990E+02 -9.99990E+02 -9.99990E+02 -9.99990E+02 -9.99990E+02 -9.99990E+02 -9.99990E+02 -9.99990E+02 -9.99990E+02 -9.99990E+02 -9.99990E+02 -9.99990E+02 -9.99990E+02 -9.99990E+02 -9.99990E+02 -9.99990E+02 -9.99990E+02 -9.99990E+02 -9.99990E+02 -9.99990E+02 -9.99990E+02 -9.99990E+02 -9.99990E+02 -9.99990E+02 -9.99990E+02 -9.99990E+02 -9.99990E+02 -9.99990E+02 -9.99990E+02 -9.99990E+02 -9.99990E+02 -9.99990E+02  1.87115E+02  1.86688E+02  1.85864E+02  1.84754E+02  1.83471E+02  1.82822E+02  1.83067E+02  1.83412E+02  1.83690E+02  1.83650E+02 -9.99990E+02 -9.99990E+02 -9.99990E+02 -9.99990E+02 -9.99990E+02 -9.99990E+02 -9.99990E+02 -9.99990E+02 -9.99990E+02 -9.99990E+02 -9.99990E+02 -9.99990E+02 -9.99990E+02 -9.99990E+02
 -9.99990E+02 -9.99990E+02 -9.99990E+02 -9.99990E+02 -9.99990E+02 -9.99990E+02 -9.99990E+02 -9.99990E+02 -9.99990E+02 -9.99990E+02 -9.99990E+02 -9.99990E+02 -9.99990E+02 -9.99990E+02 -9.99990E+02 -9.99990E+02 -9.99990E+02 -9.99990E+02 -9.99990E+02 -9.99990E+02 -9.99990E+02 -9.99990E+02 -9.99990E+02 -9.99990E+02 -9.99990E+02 -9.99990E+02 -9.99990E+02 -9.99990E+02 -9.99990E+02 -9.99990E+02 -9.99990E+02 -9.99990E+02 -9.99990E+02 -9.99990E+02 -9.99990E+02 -9.99990E+02 -9.99990E+02 -9.99990E+02 -9.99990E+02 -9.99990E+02 -9.99990E+02 -9.99990E+02 -9.99990E+02 -9.99990E+02 -9.99990E+02 -9.99990E+02 -9.99990E+02 -9.99990E+02 -9.99990E+02  1.85968E+02  1.85549E+02  1.84773E+02  1.83635E+02  1.82192E+02  1.81749E+02  1.82144E+02  1.82732E+02  1.82842E+02  1.82766E+02  1.82435E+02 -9.99990E+02 -9.99990E+02 -9.99990E+02 -9.99990E+02 -9.99990E+02 -9.99990E+02 -9.99990E+02 -9.99990E+02 -9.99990E+02 -9.99990E+02 -9.99990E+02 -9.99990E+02 -9.99990E+02
 -9.99990E+02 -9.99990E+02 -9.99990E+02 -9.99990E+02 -9.99990E+02 -9.99990E+02 -9.99990E+02 -9.99990E+02 -9.99990E+02 -9.99990E+02 -9.99990E+02 -9.99990E+02 -9.99990E+02 -9.99990E+02 -9.99990E+02 -9.99990E+02 -9.99990E+02 -9.99990E+02 -9.99990E+02 -9.99990E+02 -9.99990E+02 -9.99990E+02 -9.99990E+02 -9.99990E+02 -9.99990E+02 -9.99990E+02 -9.99990E+02 -9.99990E+02 -9.99990E+02 -9.99990E+02 -9.99990E+02 -9.99990E+02 -9.99990E+02 -9.99990E+02 -9.99990E+02 -9.99990E+02 -9.99990E+02 -9.99990E+02 -9.99990E+02 -9.99990E+02 -9.99990E+02 -9.99990E+02 -9.99990E+02 -9.99990E+02 -9.99990E+02 -9.99990E+02 -9.99990E+02 -9.99990E+02 -9.99990E+02  1.85156E+02  1.84777E+02  1.84030E+02  1.82895E+02  1.81417E+02  1.80919E+02  1.81399E+02  1.81780E+02  1.81980E+02  1.82057E+02  1.82032E+02  1.81945E+02 -9.99990E+02 -9.99990E+02 -9.99990E+02 -9.99990E+02 -9.99990E+02 -9.99990E+02 -9.99990E+02 -9.99990E+02 -9.99990E+02 -9.99990E+02 -9.99990E+02 -9.99990E+02
 -9.99990E+02 -9.99990E+02 -9.99990E+02 -9.99990E+02 -9.99990E+02 -9.99990E+02 -9.99990E+02 -9.99990E+02 -9.99990E+02 -9.99990E+02 -9.99990E+02 -9.99990E+02 -9.99990E+02 -9.99990E+02 -9.99990E+02 -9.99990E+02 -9.99990E+02 -9.99990E+02 -9.99990E+02 -9.99990E+02 -9.99990E+02 -9.99990E+02 -9.99990E+02 -9.99990E+02 -9.99990E+02 -9.99990E+02 -9.99990E+02 -9.99990E+02 -9.99990E+02 -9.99990E+02 -9.99990E+02 -9.99990E+02 -9.99990E+02 -9.99990E+02 -9.99990E+02 -9.99990E+02 -9.99990E+02 -9.99990E+02 -9.99990E+02 -9.99990E+02 -9.99990E+02 -9.99990E+02 -9.99990E+02 -9.99990E+02 -9.99990E+02 -9.99990E+02 -9.99990E+02 -9.99990E+02 -9.99990E+02  1.84661E+02  1.84311E+02  1.83656E+02  1.82672E+02  1.81444E+02  1.80125E+02  1.80715E+02  1.80954E+02  1.81168E+02  1.81388E+02  1.81613E+02  1.81805E+02 -9.99990E+02 -9.99990E+02 -9.99990E+02 -9.99990E+02 -9.99990E+02 -9.99990E+02 -9.99990E+02 -9.99990E+02 -9.99990E+02 -9.99990E+02 -9.99990E+02 -9.99990E+02
 -9.99990E+02 -9.99990E+02 -9.99990E+02 -9.99990E+02 -9.99990E+02 -9.99990E+02 -9.99990E+02 -9.99990E+02 -9.99990E+02 -9.99990E+02 -9.99990E+02 -9.99990E+02 -9.99990E+02 -9.99990E+02 -9.99990E+02 -9.99990E+02 -9.99990E+02 -9.99990E+02 -9.99990E+02 -9.99990E+02 -9.99990E+02 -9.99990E+02 -9.99990E+02 -9.99990E+02 -9.99990E+02 -9.99990E+02 -9.99990E+02 -9.99990E+02 -9.99990E+02 -9.99990E+02 -9.99990E+02 -9.99990E+02 -9.99990E+02 -9.99990E+02 -9.99990E+02 -9.99990E+02 -9.99990E+02 -9.99990E+02 -9.99990E+02 -9.99990E+02 -9.99990E+02 -9.99990E+02 -9.99990E+02 -9.99990E+02 -9.99990E+02 -9.99990E+02 -9.99990E+02 -9.99990E+02 -9.99990E+02  1.84418E+02  1.84064E+02  1.83557E+02  1.82813E+02  1.81691E+02  1.80721E+02  1.80392E+02  1.80130E+02  1.80296E+02  1.80654E+02  1.81158E+02 -9.99990E+02 -9.99990E+02 -9.99990E+02 -9.99990E+02 -9.99990E+02 -9.99990E+02 -9.99990E+02 -9.99990E+02 -9.99990E+02 -9.99990E+02 -9.99990E+02 -9.99990E+02 -9.99990E+02
 -9.99990E+02 -9.99990E+02 -9.99990E+02 -9.99990E+02 -9.99990E+02 -9.99990E+02 -9.99990E+02 -9.99990E+02 -9.99990E+02 -9.99990E+02 -9.99990E+02 -9.99990E+02 -9.99990E+02 -9.99990E+02 -9.99990E+02 -9.99990E+02 -9.99990E+02 -9.99990E+02 -9.99990E+02 -9.99990E+02 -9.99990E+02 -9.99990E+02 -9.99990E+02 -9.99990E+02 -9.99990E+02 -9.99990E+02 -9.99990E+02 -9.99990E+02 -9.99990E+02 -9.99990E+02 -9.99990E+02 -9.99990E+02 -9.99990E+02 -9.99990E+02 -9.99990E+02 -9.99990E+02 -9.99990E+02 -9.99990E+02 -9.99990E+02 -9.99990E+02 -9.99990E+02 -9.99990E+02 -9.99990E+02 -9.99990E+02 -9.99990E+02 -9.99990E+02 -9.99990E+02 -9.99990E+02 -9.99990E+02 -9.99990E+02  1.83890E+02  1.83629E+02  1.83262E+02 -9.99990E+02  1.80385E+02  1.79994E+02  1.79594E+02  1.79236E+02  1.79719E+02 -9.99990E+02 -9.99990E+02 -9.99990E+02 -9.99990E+02 -9.99990E+02 -9.99990E+02 -9.99990E+02 -9.99990E+02 -9.99990E+02 -9.99990E+02 -9.99990E+02 -9.99990E+02 -9.99990E+02 -9.99990E+02
 -9.99990E+02 -9.99990E+02 -9.99990E+02 -9.99990E+02 -9.99990E+02 -9.99990E+02 -9.99990E+02 -9.99990E+02 -9.99990E+02 -9.99990E+02 -9.99990E+02 -9.99990E+02 -9.99990E+02 -9.99990E+02 -9.99990E+02 -9.99990E+02 -9.99990E+02 -9.99990E+02 -9.99990E+02 -9.99990E+02 -9.99990E+02 -9.99990E+02 -9.99990E+02 -9.99990E+02 -9.99990E+02 -9.99990E+02 -9.99990E+02 -9.99990E+02 -9.99990E+02 -9.99990E+02 -9.99990E+02 -9.99990E+02 -9.99990E+02 -9.99990E+02 -9.99990E+02 -9.99990E+02 -9.99990E+02 -9.99990E+02 -9.99990E+02 -9.99990E+02 -9.99990E+02 -9.99990E+02 -9.99990E+02 -9.99990E+02 -9.99990E+02 -9.99990E+02 -9.99990E+02 -9.99990E+02 -9.99990E+02 -9.99990E+02 -9.99990E+02  1.83718E+02 -9.99990E+02 -9.99990E+02 -9.99990E+02  1.79593E+02  1.79385E+02  1.79181E+02  1.79296E+02 -9.99990E+02 -9.99990E+02 -9.99990E+02 -9.99990E+02 -9.99990E+02 -9.99990E+02 -9.99990E+02 -9.99990E+02 -9.99990E+02 -9.99990E+02 -9.99990E+02 -9.99990E+02 -9.99990E+02 -9.99990E+02
 -9.99990E+02 -9.99990E+02 -9.99990E+02 -9.99990E+02 -9.99990E+02 -9.99990E+02 -9.99990E+02 -9.99990E+02 -9.99990E+02 -9.99990E+02 -9.99990E+02 -9.99990E+02 -9.99990E+02 -9.99990E+02 -9.99990E+02 -9.99990E+02 -9.99990E+02 -9.99990E+02 -9.99990E+02 -9.99990E+02 -9.99990E+02 -9.99990E+02 -9.99990E+02 -9.99990E+02 -9.99990E+02 -9.99990E+02 -9.99990E+02 -9.99990E+02 -9.99990E+02 -9.99990E+02 -9.99990E+02 -9.99990E+02 -9.99990E+02 -9.99990E+02 -9.99990E+02 -9.99990E+02 -9.99990E+02 -9.99990E+02 -9.99990E+02 -9.99990E+02 -9.99990E+02 -9.99990E+02 -9.99990E+02 -9.99990E+02 -9.99990E+02 -9.99990E+02 -9.99990E+02 -9.99990E+02 -9.99990E+02 -9.99990E+02 -9.99990E+02 -9.99990E+02 -9.99990E+02 -9.99990E+02 -9.99990E+02  1.79374E+02  1.79131E+02  1.78654E+02  1.78979E+02 -9.99990E+02 -9.99990E+02 -9.99990E+02 -9.99990E+02 -9.99990E+02 -9.99990E+02 -9.99990E+02 -9.99990E+02 -9.99990E+02 -9.99990E+02 -9.99990E+02 -9.99990E+02 -9.99990E+02 -9.99990E+02
 
 month:           5 year:        2005
 layer:           1
 -9.99990E+02 -9.99990E+02 -9.99990E+02  7.99324E+02  7.98558E+02  7.96948E+02  7.95249E+02  7.93827E+02 -9.99990E+02 -9.99990E+02 -9.99990E+02 -9.99990E+02 -9.99990E+02 -9.99990E+02 -9.99990E+02 -9.99990E+02 -9.99990E+02 -9.99990E+02 -9.99990E+02 -9.99990E+02 -9.99990E+02 -9.99990E+02 -9.99990E+02 -9.99990E+02 -9.99990E+02 -9.99990E+02 -9.99990E+02 -9.99990E+02 -9.99990E+02 -9.99990E+02 -9.99990E+02 -9.99990E+02 -9.99990E+02 -9.99990E+02 -9.99990E+02 -9.99990E+02 -9.99990E+02 -9.99990E+02 -9.99990E+02 -9.99990E+02 -9.99990E+02 -9.99990E+02 -9.99990E+02 -9.99990E+02 -9.99990E+02 -9.99990E+02 -9.99990E+02 -9.99990E+02 -9.99990E+02 -9.99990E+02 -9.99990E+02 -9.99990E+02 -9.99990E+02 -9.99990E+02 -9.99990E+02 -9.99990E+02 -9.99990E+02 -9.99990E+02 -9.99990E+02 -9.99990E+02 -9.99990E+02 -9.99990E+02 -9.99990E+02 -9.99990E+02 -9.99990E+02 -9.99990E+02 -9.99990E+02 -9.99990E+02 -9.99990E+02 -9.99990E+02 -9.99990E+02 -9.99990E+02 -9.99990E+02
 -9.99990E+02  8.01553E+02  8.01165E+02  8.00153E+02  7.98902E+02  7.97091E+02  7.94767E+02  7.92728E+02  7.90779E+02 -9.99990E+02 -9.99990E+02 -9.99990E+02 -9.99990E+02 -9.99990E+02 -9.99990E+02 -9.99990E+02 -9.99990E+02 -9.99990E+02 -9.99990E+02 -9.99990E+02 -9.99990E+02 -9.99990E+02 -9.99990E+02 -9.99990E+02 -9.99990E+02 -9.99990E+02 -9.99990E+02 -9.99990E+02 -9.99990E+02 -9.99990E+02 -9.99990E+02 -9.99990E+02 -9.99990E+02 -9.99990E+02 -9.99990E+02 -9.99990E+02 -9.99990E+02 -9.99990E+02 -9.99990E+02 -9.99990E+02 -9.99990E+02 -9.99990E+02 -9.99990E+02 -9.99990E+02 -9.99990E+02 -9.99990E+02 -9.99990E+02 -9.99990E+02 -9.99990E+02 -9.99990E+02 -9.99990E+02 -9.99990E+02 -9.99990E+02 -9.99990E+02 -9.99990E+02 -9.99990E+02 -9.99990E+02 -9.99990E+02 -9.99990E+02 -9.99990E+02 -9.99990E+02 -9.99990E+02 -9.99990E+02 -9.99990E+02 -9.99990E+02 -9.99990E+02 -9.99990E+02 -9.99990E+02 -9.99990E+02 -9.99990E+02 -9.99990E+02 -9.99990E+02 -9.99990E+02
  8.01575E+02  8.01370E+02  8.00805E+02  7.99760E+02  7.98167E+02  7.96381E+02  7.93644E+02  7.91229E+02  7.89083E+02  7.86357E+02 -9.99990E+02 -9.99990E+02 -9.99990E+02 -9.99990E+02 -9.99990E+02 -9.99990E+02 -9.99990E+02 -9.99990E+02 -9.99990E+02 -9.99990E+02 -9.99990E+02 -9.99990E+02 -9.99990E+02 -9.99990E+02 -9.99990E+02 -9.99990E+02 -9.99990E+02 -9.99990E+02 -9.99990E+02 -9.99990E+02 -9.99990E+02 -9.99990E+02 -9.99990E+02 -9.99990E+02 -9.99990E+02 -9.99990E+02 -9.99990E+02 -9.99990E+02 -9.99990E+02 -9.99990E+02 -9.99990E+02 -9.99990E+02 -9.99990E+02 -9.99990E+02 -9.99990E+02 -9.99990E+02 -9.99990E+02 -9.99990E+02 -9.99990E+02 -9.99990E+02 -9.99990E+02 -9.99990E+02 -9.99990E+02 -9.99990E+02 -9.99990E+02 -9.99990E+02 -9.99990E+02 -9.99990E+02 -9.99990E+02 -9.99990E+02 -9.99990E+02 -9.99990E+02 -9.99990E+02 -9.99990E+02 -9.99990E+02 -9.99990E+02 -9.99990E+02 -9.99990E+02 -9.99990E+02 -9.99990E+02 -9.99990E+02 -9.99990E+02 -9.99990E+02
  8.01195E+02  8.00810E+02  7.99295E+02  7.97769E+02  7.96256E+02  7.94406E+02  7.91630E+02  7.89021E+02  7.86507E+02  7.82620E+02  7.76707E+02  7.72326E+02  7.69678E+02 -9.99990E+02 -9.99990E+02 -9.99990E+02 -9.99990E+02 -9.99990E+02 -9.99990E+02 -9.99990E+02 -9.99990E+02 -9.99990E+02 -9.99990E+02 -9.99990E+02 -9.99990E+02 -9.99990E+02 -9.99990E+02 -9.99990E+02 -9.99990E+02 -9.99990E+02 -9.99990E+02 -9.99990E+02 -9.99990E+02 -9.99990E+02 -9.99990E+02 -9.99990E+02 -9.99990E+02 -9.99990E+02 -9.99990E+02 -9.99990E+02 -9.99990E+02 -9.99990E+02 -9.99990E+02 -9.99990E+02 -9.99990E+02 -9.99990E+02 -9.99990E+02 -9.99990E+02 -9.99990E+02 -9.99990E+02 -9.99990E+02 -9.99990E+02 -9.99990E+02 -9.99990E+02 -9.99990E+02 -9.99990E+02 -9.99990E+02 -9.99990E+02 -9.99990E+02 -9.99990E+02 -9.99990E+02 -9.99990E+02 -9.99990E+02 -9.99990E+02 -9.99990E+02 -9.99990E+02 -9.99990E+02 -9.99990E+02 -9.99990E+02 -9.99990E+02 -9.99990E+02 -9.99990E+02 -9.99990E+02
  8.00564E+02  8.00037E+02  7.97245E+02  7.95139E+02  7.93315E+02  7.91395E+02  7.89042E+02  7.86017E+02  7.83314E+02  7.79836E+02  7.75355E+02  7.71009E+02  7.67084E+02  7.61874E+02  7.57193E+02  7.53337E+02  7.49636E+02  7.46220E+02  7.43558E+02  7.41744E+02 -9.99990E+02 -9.99990E+02 -9.99990E+02 -9.99990E+02 -9.99990E+02 -9.99990E+02 -9.99990E+02 -9.99990E+02 -9.99990E+02 -9.99990E+02 -9.99990E+02 -9.99990E+02 -9.99990E+02 -9.99990E+02 -9.99990E+02 -9.99990E+02 -9.99990E+02 -9.99990E+02 -9.99990E+02 -9.99990E+02 -9.99990E+02 -9.99990E+02 -9.99990E+02 -9.99990E+02 -9.99990E+02 -9.99990E+02 -9.99990E+02 -9.99990E+02 -9.99990E+02 -9.99990E+02 -9.99990E+02 -9.99990E+02 -9.99990E+02 -9.99990E+02 -9.99990E+02 -9.99990E+02 -9.99990E+02 -9.99990E+02 -9.99990E+02 -9.99990E+02 -9.99990E+02 -9.99990E+02 -9.99990E+02 -9.99990E+02 -9.99990E+02 -9.99990E+02 -9.99990E+02 -9.99990E+02 -9.99990E+02 -9.99990E+02 -9.99990E+02 -9.99990E+02 -9.99990E+02
 -9.99990E+02 -9.99990E+02  7.92897E+02  7.91573E+02  7.89864E+02  7.88007E+02  7.85708E+02  7.82648E+02  7.79940E+02  7.76741E+02  7.72844E+02  7.68774E+02  7.65002E+02  7.60629E+02  7.56306E+02  7.52639E+02  7.49050E+02  7.45557E+02  7.42732E+02  7.40372E+02  7.38070E+02 -9.99990E+02 -9.99990E+02 -9.99990E+02 -9.99990E+02 -9.99990E+02 -9.99990E+02 -9.99990E+02 -9.99990E+02 -9.99990E+02 -9.99990E+02 -9.99990E+02 -9.99990E+02 -9.99990E+02 -9.99990E+02 -9.99990E+02 -9.99990E+02 -9.99990E+02 -9.99990E+02 -9.99990E+02 -9.99990E+02 -9.99990E+02 -9.99990E+02 -9.99990E+02 -9.99990E+02 -9.99990E+02 -9.99990E+02 -9.99990E+02 -9.99990E+02 -9.99990E+02 -9.99990E+02 -9.99990E+02 -9.99990E+02 -9.99990E+02 -9.99990E+02 -9.99990E+02 -9.99990E+02 -9.99990E+02 -9.99990E+02 -9.99990E+02 -9.99990E+02 -9.99990E+02 -9.99990E+02 -9.99990E+02 -9.99990E+02 -9.99990E+02 -9.99990E+02 -9.99990E+02 -9.99990E+02 -9.99990E+02 -9.99990E+02 -9.99990E+02 -9.99990E+02
 -9.99990E+02 -9.99990E+02  7.89178E+02  7.88169E+02  7.86482E+02  7.84244E+02  7.81937E+02  7.79062E+02  7.76468E+02  7.73460E+02  7.69623E+02  7.65907E+02  7.62367E+02  7.58417E+02  7.54502E+02  7.50885E+02  7.47490E+02  7.44027E+02  7.41052E+02  7.38529E+02  7.35948E+02  7.33308E+02 -9.99990E+02 -9.99990E+02 -9.99990E+02 -9.99990E+02 -9.99990E+02 -9.99990E+02 -9.99990E+02 -9.99990E+02 -9.99990E+02 -9.99990E+02 -9.99990E+02 -9.99990E+02 -9.99990E+02 -9.99990E+02 -9.99990E+02 -9.99990E+02 -9.99990E+02  7.26416E+02  7.27442E+02 -9.99990E+02 -9.99990E+02  7.44166E+02  7.45971E+02  7.47625E+02 -9.99990E+02 -9.99990E+02 -9.99990E+02 -9.99990E+02  8.01869E+02  8.02098E+02 -9.99990E+02 -9.99990E+02 -9.99990E+02 -9.99990E+02 -9.99990E+02 -9.99990E+02 -9.99990E+02 -9.99990E+02 -9.99990E+02 -9.99990E+02 -9.99990E+02 -9.99990E+02 -9.99990E+02 -9.99990E+02 -9.99990E+02 -9.99990E+02 -9.99990E+02 -9.99990E+02 -9.99990E+02 -9.99990E+02 -9.99990E+02
 -9.99990E+02 -9.99990E+02  7.86604E+02  7.84503E+02  7.82666E+02  7.80405E+02  7.78064E+02  7.75189E+02  7.72465E+02  7.69510E+02  7.66026E+02  7.62388E+02  7.59071E+02  7.55474E+02  7.51964E+02  7.48558E+02  7.45031E+02  7.41450E+02  7.38175E+02  7.35381E+02  7.32813E+02  7.30679E+02 -9.99990E+02 -9.99990E+02 -9.99990E+02 -9.99990E+02 -9.99990E+02 -9.99990E+02 -9.99990E+02 -9.99990E+02 -9.99990E+02 -9.99990E+02 -9.99990E+02 -9.99990E+02 -9.99990E+02 -9.99990E+02  7.16952E+02  7.19152E+02  7.22251E+02  7.25811E+02  7.28865E+02  7.33324E+02  7.38152E+02  7.43091E+02  7.46750E+02  7.49958E+02  7.52979E+02 -9.99990E+02 -9.99990E+02  8.00419E+02  8.02703E+02  8.03560E+02 -9.99990E+02 -9.99990E+02 -9.99990E+02 -9.99990E+02 -9.99990E+02 -9.99990E+02 -9.99990E+02 -9.99990E+02 -9.99990E+02 -9.99990E+02 -9.99990E+02 -9.99990E+02 -9.99990E+02 -9.99990E+02 -9.99990E+02 -9.99990E+02 -9.99990E+02 -9.99990E+02 -9.99990E+02 -9.99990E+02 -9.99990E+02
 -9.99990E+02 -9.99990E+02 -9.99990E+02  7.80249E+02  7.78858E+02  7.76761E+02  7.74198E+02  7.71183E+02  7.68119E+02  7.65150E+02  7.61660E+02  7.58385E+02  7.55292E+02  7.52067E+02  7.48829E+02  7.45491E+02  7.41771E+02  7.37990E+02  7.34462E+02  7.31236E+02  7.28060E+02  7.25580E+02 -9.99990E+02 -9.99990E+02 -9.99990E+02 -9.99990E+02 -9.99990E+02  6.92138E+02  6.92149E+02 -9.99990E+02  6.96307E+02  6.97444E+02  6.99849E+02  7.03124E+02  7.06609E+02  7.10634E+02  7.15223E+02  7.18758E+02  7.22265E+02  7.25808E+02  7.29408E+02  7.33923E+02  7.38887E+02  7.43964E+02  7.48598E+02  7.52998E+02  7.56744E+02 -9.99990E+02  7.93221E+02  7.98812E+02  8.03193E+02  8.05718E+02  8.08799E+02 -9.99990E+02 -9.99990E+02 -9.99990E+02 -9.99990E+02 -9.99990E+02 -9.99990E+02 -9.99990E+02 -9.99990E+02 -9.99990E+02 -9.99990E+02 -9.99990E+02 -9.99990E+02 -9.99990E+02 -9.99990E+02 -9.99990E+02 -9.99990E+02 -9.99990E+02 -9.99990E+02 -9.99990E+02 -9.99990E+02
 -9.99990E+02 -9.99990E+02 -9.99990E+02  7.78020E+02  7.75919E+02  7.73630E+02  7.70416E+02  7.66994E+02  7.63550E+02  7.60480E+02  7.57160E+02  7.53990E+02  7.51289E+02  7.48128E+02  7.44869E+02  7.41396E+02  7.37522E+02  7.33737E+02  7.29790E+02  7.26163E+02  7.22198E+02  7.17251E+02  7.08741E+02  7.02656E+02  6.98398E+02  6.95436E+02  6.93482E+02  6.92457E+02  6.92485E+02  6.93484E+02  6.95378E+02  6.97042E+02  6.99166E+02  7.02796E+02  7.06538E+02  7.10384E+02  7.14527E+02  7.18264E+02  7.22016E+02  7.25774E+02  7.29866E+02  7.34798E+02  7.40337E+02  7.45973E+02  7.51129E+02  7.56664E+02  7.63781E+02  7.75541E+02  7.87705E+02  7.96065E+02  8.02510E+02  8.07485E+02  8.12160E+02 -9.99990E+02 -9.99990E+02 -9.99990E+02 -9.99990E+02 -9.99990E+02 -9.99990E+02 -9.99990E+02 -9.99990E+02 -9.99990E+02 -9.99990E+02 -9.99990E+02 -9.99990E+02 -9.99990E+02 -9.99990E+02 -9.99990E+02 -9.99990E+02 -9.99990E+02 -9.99990E+02 -9.99990E+02 -9.99990E+02
 -9.99990E+02 -9.99990E+02 -9.99990E+02 -9.99990E+02  7.72053E+02  7.70112E+02  7.66661E+02  7.62325E+02  7.58311E+02  7.54953E+02  7.51963E+02  7.49156E+02  7.46743E+02  7.43720E+02  7.40331E+02  7.36919E+02  7.33025E+02  7.28925E+02  7.24797E+02  7.20903E+02  7.16759E+02  7.11990E+02  7.06244E+02  7.01124E+02  6.97161E+02  6.94427E+02  6.92785E+02  6.91829E+02  6.91801E+02  6.92630E+02  6.94271E+02  6.96166E+02  6.98297E+02  7.01539E+02  7.05466E+02  7.09492E+02  7.13658E+02  7.17432E+02  7.21237E+02  7.25526E+02  7.30313E+02  7.35958E+02  7.42191E+02  7.48544E+02  7.53917E+02  7.59774E+02  7.67147E+02  7.76351E+02  7.85935E+02  7.94025E+02  8.01218E+02  8.08101E+02  8.13619E+02  8.12305E+02 -9.99990E+02 -9.99990E+02 -9.99990E+02 -9.99990E+02 -9.99990E+02 -9.99990E+02 -9.99990E+02 -9.99990E+02 -9.99990E+02 -9.99990E+02 -9.99990E+02 -9.99990E+02 -9.99990E+02 -9.99990E+02 -9.99990E+02 -9.99990E+02 -9.99990E+02 -9.99990E+02 -9.99990E+02
 -9.99990E+02 -9.99990E+02 -9.99990E+02 -9.99990E+02  7.69788E+02  7.67813E+02  7.63813E+02  7.56657E+02  7.52334E+02  7.48810E+02  7.45978E+02  7.43721E+02  7.41289E+02  7.38439E+02  7.35588E+02  7.32548E+02  7.28470E+02  7.24026E+02  7.19547E+02  7.15666E+02  7.11857E+02  7.07492E+02  7.02598E+02  6.98309E+02  6.94865E+02  6.92421E+02  6.90971E+02  6.90208E+02  6.90252E+02  6.91089E+02  6.92624E+02  6.94465E+02  6.96648E+02  6.99563E+02  7.03586E+02  7.08128E+02  7.12472E+02  7.16548E+02  7.20767E+02  7.25365E+02  7.30631E+02  7.36571E+02  7.43167E+02  7.49720E+02  7.55593E+02  7.61650E+02  7.68961E+02  7.76943E+02  7.85307E+02  7.92309E+02  7.99358E+02  8.06552E+02  8.11218E+02  8.09106E+02 -9.99990E+02 -9.99990E+02 -9.99990E+02 -9.99990E+02 -9.99990E+02 -9.99990E+02 -9.99990E+02 -9.99990E+02 -9.99990E+02 -9.99990E+02 -9.99990E+02 -9.99990E+02 -9.99990E+02 -9.99990E+02 -9.99990E+02 -9.99990E+02 -9.99990E+02 -9.99990E+02 -9.99990E+02
 -9.99990E+02 -9.99990E+02 -9.99990E+02 -9.99990E+02 -9.99990E+02 -9.99990E+02 -9.99990E+02  7.46849E+02  7.44924E+02  7.42159E+02  7.39469E+02  7.37477E+02  7.35249E+02  7.32682E+02  7.30410E+02  7.27678E+02  7.23395E+02  7.18527E+02  7.13972E+02  7.10114E+02  7.06600E+02  7.02824E+02  6.98536E+02  6.94748E+02  6.91781E+02  6.89589E+02  6.88215E+02  6.87702E+02  6.88065E+02  6.88924E+02  6.90432E+02  6.92311E+02  6.94531E+02  6.97160E+02  7.01340E+02  7.06230E+02  7.11198E+02  7.15672E+02  7.20233E+02  7.25059E+02  7.30460E+02  7.36319E+02  7.42819E+02  7.49611E+02  7.55606E+02  7.61903E+02  7.69156E+02  7.76412E+02  7.83208E+02  7.88777E+02  7.94027E+02  7.98969E+02  8.02356E+02  7.98600E+02  7.90674E+02  7.85437E+02 -9.99990E+02 -9.99990E+02 -9.99990E+02 -9.99990E+02 -9.99990E+02 -9.99990E+02 -9.99990E+02 -9.99990E+02 -9.99990E+02 -9.99990E+02 -9.99990E+02 -9.99990E+02 -9.99990E+02 -9.99990E+02 -9.99990E+02 -9.99990E+02 -9.99990E+02
 -9.99990E+02 -9.99990E+02 -9.99990E+02 -9.99990E+02 -9.99990E+02 -9.99990E+02 -9.99990E+02  7.38255E+02  7.37271E+02  7.35062E+02  7.32473E+02  7.30297E+02  7.28423E+02  7.26494E+02  7.24241E+02  7.21683E+02  7.17873E+02  7.12907E+02  7.08009E+02  7.04080E+02  7.00637E+02  6.97594E+02  6.94088E+02  6.90592E+02  6.87955E+02  6.85980E+02  6.84843E+02  6.84557E+02  6.85110E+02  6.86016E+02  6.87474E+02  6.89553E+02  6.92045E+02  6.94772E+02  6.98502E+02  7.03742E+02  7.09223E+02  7.14602E+02  7.19621E+02  7.24745E+02  7.29842E+02  7.35412E+02  7.41605E+02  7.47885E+02  7.53906E+02  7.60731E+02  7.67884E+02  7.74003E+02  7.79700E+02  7.84368E+02  7.88926E+02  7.92423E+02  7.93453E+02  7.91401E+02  7.86222E+02  7.78241E+02  7.68189E+02 -9.99990E+02 -9.99990E+02 -9.99990E+02 -9.99990E+02 -9.99990E+02 -9.99990E+02 -9.99990E+02 -9.99990E+02 -9.99990E+02 -9.99990E+02 -9.99990E+02 -9.99990E+02 -9.99990E+02 -9.99990E+02 -9.99990E+02 -9.99990E+02
 -9.99990E+02 -9.99990E+02 -9.99990E+02 -9.99990E+02 -9.99990E+02 -9.99990E+02 -9.99990E+02  7.30365E+02  7.29500E+02  7.27484E+02  7.25078E+02  7.22936E+02  7.21287E+02  7.19372E+02  7.17053E+02  7.14564E+02  7.11116E+02  7.06109E+02  7.01176E+02  6.97231E+02  6.93966E+02  6.91339E+02  6.88313E+02  6.85270E+02  6.83048E+02  6.81594E+02  6.80777E+02  6.80696E+02  6.81204E+02  6.82263E+02  6.84017E+02  6.86384E+02  6.89185E+02  6.92130E+02  6.95570E+02  7.00803E+02  7.06670E+02  7.12706E+02  7.18713E+02  7.24086E+02  7.28986E+02  7.34053E+02  7.39786E+02  7.45643E+02  7.51573E+02  7.58078E+02  7.64907E+02  7.70485E+02  7.75127E+02  7.78843E+02  7.81820E+02  7.83369E+02  7.83604E+02  7.81112E+02  7.75491E+02  7.67385E+02  7.57661E+02  7.48824E+02 -9.99990E+02 -9.99990E+02 -9.99990E+02 -9.99990E+02 -9.99990E+02 -9.99990E+02 -9.99990E+02 -9.99990E+02 -9.99990E+02 -9.99990E+02 -9.99990E+02 -9.99990E+02 -9.99990E+02 -9.99990E+02 -9.99990E+02
 -9.99990E+02 -9.99990E+02 -9.99990E+02 -9.99990E+02 -9.99990E+02 -9.99990E+02  7.21623E+02  7.23460E+02  7.22073E+02  7.19669E+02  7.17350E+02  7.15202E+02  7.13441E+02  7.11588E+02  7.09358E+02  7.06642E+02  7.03045E+02  6.98036E+02  6.93236E+02  6.89549E+02  6.86611E+02  6.84000E+02  6.81497E+02  6.79001E+02  6.77194E+02  6.76222E+02  6.75894E+02  6.76021E+02  6.76622E+02  6.77940E+02  6.80010E+02  6.82710E+02  6.85947E+02  6.89258E+02  6.92773E+02  6.97516E+02  7.03933E+02  7.10551E+02  7.17081E+02  7.22723E+02  7.27532E+02  7.32150E+02  7.37282E+02  7.42700E+02  7.48662E+02  7.54525E+02  7.60151E+02  7.64901E+02  7.68433E+02  7.71443E+02  7.73713E+02  7.74327E+02  7.72869E+02  7.69173E+02  7.64273E+02  7.56631E+02  7.47322E+02  7.39058E+02  7.30155E+02 -9.99990E+02 -9.99990E+02 -9.99990E+02 -9.99990E+02 -9.99990E+02 -9.99990E+02 -9.99990E+02 -9.99990E+02 -9.99990E+02 -9.99990E+02 -9.99990E+02 -9.99990E+02 -9.99990E+02 -9.99990E+02
 -9.99990E+02 -9.99990E+02 -9.99990E+02 -9.99990E+02 -9.99990E+02 -9.99990E+02  7.20244E+02  7.19290E+02  7.14368E+02  7.11504E+02  7.09102E+02  7.06831E+02  7.04744E+02  7.02289E+02  6.99574E+02  6.96117E+02  6.92550E+02  6.88113E+02  6.84000E+02  6.81034E+02  6.78307E+02  6.75884E+02  6.73608E+02  6.71630E+02  6.70306E+02  6.69718E+02  6.69943E+02  6.70583E+02  6.71604E+02  6.73186E+02  6.75589E+02  6.78666E+02  6.82312E+02  6.86106E+02  6.89937E+02  6.94330E+02  7.00258E+02  7.06989E+02  7.13734E+02  7.19039E+02  7.24302E+02  7.29438E+02  7.33795E+02  7.38590E+02  7.44214E+02  7.49278E+02  7.53960E+02  7.57842E+02  7.60503E+02  7.62329E+02  7.63751E+02  7.64122E+02  7.62213E+02  7.58322E+02  7.53698E+02  7.46408E+02  7.37669E+02  7.29770E+02  7.21558E+02  7.12469E+02 -9.99990E+02 -9.99990E+02 -9.99990E+02 -9.99990E+02 -9.99990E+02 -9.99990E+02 -9.99990E+02 -9.99990E+02 -9.99990E+02 -9.99990E+02 -9.99990E+02 -9.99990E+02 -9.99990E+02
 -9.99990E+02 -9.99990E+02 -9.99990E+02 -9.99990E+02 -9.99990E+02 -9.99990E+02 -9.99990E+02 -9.99990E+02  7.03828E+02  7.02683E+02  7.00517E+02  6.97949E+02  6.95677E+02  6.92880E+02  6.89274E+02  6.85246E+02  6.80596E+02  6.76679E+02  6.73663E+02  6.70826E+02  6.68414E+02  6.66173E+02  6.64406E+02  6.63098E+02  6.62387E+02  6.62281E+02  6.63016E+02  6.64095E+02  6.65755E+02  6.67793E+02  6.70521E+02  6.73959E+02  6.77867E+02  6.81929E+02  6.86293E+02  6.90800E+02  6.95700E+02  7.02162E+02  7.08905E+02  7.14313E+02  7.19395E+02  7.24371E+02  7.29113E+02  7.33298E+02  7.38529E+02  7.43174E+02  7.46925E+02  7.50056E+02  7.52147E+02  7.53310E+02  7.53979E+02  7.53789E+02  7.51404E+02  7.47855E+02  7.43260E+02  7.36454E+02  7.28574E+02  7.20354E+02  7.12610E+02  7.04226E+02  6.94415E+02  6.89979E+02 -9.99990E+02 -9.99990E+02 -9.99990E+02 -9.99990E+02 -9.99990E+02 -9.99990E+02 -9.99990E+02 -9.99990E+02 -9.99990E+02 -9.99990E+02 -9.99990E+02
 -9.99990E+02 -9.99990E+02 -9.99990E+02 -9.99990E+02 -9.99990E+02 -9.99990E+02 -9.99990E+02 -9.99990E+02  6.94952E+02  6.93888E+02  6.91727E+02  6.88696E+02  6.85658E+02  6.81910E+02  6.77736E+02  6.73454E+02  6.68759E+02  6.65067E+02  6.62070E+02  6.59188E+02  6.56957E+02  6.55311E+02  6.54096E+02  6.53632E+02  6.53585E+02  6.54087E+02  6.55161E+02  6.56732E+02  6.58976E+02  6.61540E+02  6.64631E+02  6.68475E+02  6.72599E+02  6.77182E+02  6.81816E+02  6.86256E+02  6.90949E+02  6.96383E+02  7.02566E+02  7.08248E+02  7.13046E+02  7.17564E+02  7.21953E+02  7.26869E+02  7.31925E+02  7.35668E+02  7.38545E+02  7.41196E+02  7.42784E+02  7.43884E+02  7.43821E+02  7.42441E+02  7.40346E+02  7.36817E+02  7.32399E+02  7.26075E+02  7.18703E+02  7.10578E+02  7.03540E+02  6.96530E+02  6.89608E+02  6.86026E+02 -9.99990E+02 -9.99990E+02 -9.99990E+02 -9.99990E+02 -9.99990E+02 -9.99990E+02 -9.99990E+02 -9.99990E+02 -9.99990E+02 -9.99990E+02 -9.99990E+02
 -9.99990E+02 -9.99990E+02 -9.99990E+02 -9.99990E+02 -9.99990E+02 -9.99990E+02 -9.99990E+02 -9.99990E+02  6.87937E+02  6.85913E+02  6.83027E+02  6.79374E+02  6.75267E+02  6.70579E+02  6.65647E+02  6.60972E+02  6.56266E+02  6.52827E+02  6.49484E+02  6.46788E+02  6.44386E+02  6.43334E+02  6.43077E+02  6.43384E+02  6.44081E+02  6.45194E+02  6.46619E+02  6.48761E+02  6.51454E+02  6.54529E+02  6.57983E+02  6.62168E+02  6.66737E+02  6.71601E+02  6.76284E+02  6.80797E+02  6.85462E+02  6.89892E+02  6.95330E+02  7.00771E+02  7.05443E+02  7.09579E+02  7.13761E+02  7.18555E+02  7.23092E+02  7.26588E+02  7.29369E+02  7.31626E+02  7.32736E+02  7.33287E+02  7.32874E+02  7.31388E+02  7.29124E+02  7.25498E+02  7.20566E+02  7.14598E+02  7.07830E+02  7.00496E+02  6.93910E+02  6.87305E+02  6.81228E+02  6.77200E+02 -9.99990E+02 -9.99990E+02 -9.99990E+02  6.33324E+02  6.32798E+02 -9.99990E+02 -9.99990E+02 -9.99990E+02 -9.99990E+02 -9.99990E+02 -9.99990E+02
 -9.99990E+02 -9.99990E+02 -9.99990E+02 -9.99990E+02 -9.99990E+02 -9.99990E+02 -9.99990E+02 -9.99990E+02  6.83142E+02  6.78592E+02  6.74789E+02  6.70341E+02  6.64923E+02  6.59233E+02  6.53427E+02  6.47714E+02  6.42688E+02  6.38666E+02  6.35146E+02  6.32606E+02  6.30737E+02  6.30422E+02  6.30879E+02  6.32091E+02  6.33811E+02  6.35554E+02  6.37487E+02  6.40115E+02  6.43306E+02  6.46747E+02  6.50679E+02  6.55289E+02  6.60363E+02  6.65327E+02  6.69984E+02  6.74547E+02  6.78985E+02  6.83208E+02  6.87332E+02  6.91890E+02  6.96466E+02  7.00287E+02  7.04338E+02  7.08878E+02  7.13082E+02  7.16226E+02  7.18941E+02  7.20410E+02  7.21015E+02  7.21547E+02  7.20710E+02  7.19020E+02  7.16548E+02  7.12691E+02  7.07658E+02  7.01912E+02  6.95847E+02  6.88739E+02  6.82442E+02  6.76590E+02  6.70248E+02  6.62980E+02  6.50782E+02  6.42743E+02  6.37539E+02  6.34276E+02  6.32663E+02  6.31400E+02 -9.99990E+02 -9.99990E+02 -9.99990E+02 -9.99990E+02 -9.99990E+02
 -9.99990E+02 -9.99990E+02 -9.99990E+02 -9.99990E+02 -9.99990E+02 -9.99990E+02 -9.99990E+02 -9.99990E+02 -9.99990E+02  6.70329E+02  6.67015E+02  6.61764E+02  6.55009E+02  6.47923E+02  6.40965E+02  6.33949E+02  6.27543E+02  6.22571E+02  6.18857E+02  6.16805E+02  6.15964E+02  6.16429E+02  6.17666E+02  6.19859E+02  6.22191E+02  6.24643E+02  6.27438E+02  6.30556E+02  6.34149E+02  6.38113E+02  6.42620E+02  6.47595E+02  6.53049E+02  6.57889E+02  6.62549E+02  6.67358E+02  6.71996E+02  6.76116E+02  6.79365E+02  6.82249E+02  6.86284E+02  6.90191E+02  6.94206E+02  6.97921E+02  7.01640E+02  7.04620E+02  7.06635E+02  7.07684E+02  7.08013E+02  7.08215E+02  7.07459E+02  7.05571E+02  7.03304E+02  6.99288E+02  6.94185E+02  6.88635E+02  6.82884E+02  6.76680E+02  6.70977E+02  6.65530E+02  6.59876E+02  6.53667E+02  6.46387E+02  6.40434E+02  6.36029E+02  6.32974E+02  6.31447E+02  6.30381E+02  6.29409E+02 -9.99990E+02 -9.99990E+02 -9.99990E+02 -9.99990E+02
 -9.99990E+02 -9.99990E+02 -9.99990E+02 -9.99990E+02 -9.99990E+02 -9.99990E+02 -9.99990E+02 -9.99990E+02 -9.99990E+02  6.65388E+02  6.60281E+02  6.53911E+02  6.45082E+02  6.36412E+02  6.27972E+02  6.19261E+02  6.11131E+02  6.04486E+02  6.00765E+02  5.99456E+02  5.99786E+02  6.01179E+02  6.03378E+02  6.06295E+02  6.09349E+02  6.12777E+02  6.16394E+02  6.20181E+02  6.24272E+02  6.28724E+02  6.33513E+02  6.38760E+02  6.44141E+02  6.49248E+02  6.54222E+02  6.59388E+02  6.64016E+02  6.67890E+02  6.71057E+02  6.73515E+02  6.75892E+02  6.78937E+02  6.82582E+02  6.86215E+02  6.89666E+02  6.92332E+02  6.93992E+02  6.94775E+02  6.94846E+02  6.94917E+02  6.94000E+02  6.91824E+02  6.89395E+02  6.85238E+02  6.80606E+02  6.75603E+02  6.70223E+02  6.64866E+02  6.59888E+02  6.54959E+02  6.50084E+02  6.45186E+02  6.40183E+02  6.35795E+02  6.32498E+02  6.29953E+02  6.28471E+02  6.28060E+02  6.28669E+02 -9.99990E+02 -9.99990E+02 -9.99990E+02 -9.99990E+02
 -9.99990E+02 -9.99990E+02 -9.99990E+02 -9.99990E+02 -9.99990E+02 -9.99990E+02 -9.99990E+02 -9.99990E+02 -9.99990E+02 -9.99990E+02  6.53931E+02  6.47706E+02  6.34343E+02  6.24402E+02  6.14701E+02  6.04117E+02  5.93118E+02  5.84040E+02  5.81046E+02  5.80711E+02  5.82313E+02  5.84750E+02  5.88087E+02  5.91928E+02  5.95602E+02  5.99796E+02  6.04169E+02  6.08962E+02  6.13818E+02  6.18619E+02  6.23682E+02  6.29077E+02  6.34361E+02  6.39788E+02  6.45528E+02  6.50580E+02  6.55172E+02  6.58862E+02  6.62008E+02  6.64424E+02  6.66275E+02  6.68085E+02  6.71240E+02  6.74650E+02  6.77471E+02  6.79334E+02  6.80647E+02  6.81572E+02  6.81503E+02  6.81276E+02  6.80022E+02  6.77761E+02  6.74810E+02  6.71102E+02  6.66896E+02  6.62518E+02  6.57712E+02  6.53121E+02  6.48764E+02  6.44519E+02  6.40420E+02  6.36440E+02  6.32780E+02  6.29681E+02  6.27217E+02  6.25425E+02  6.24359E+02  6.24088E+02 -9.99990E+02 -9.99990E+02 -9.99990E+02 -9.99990E+02 -9.99990E+02
 -9.99990E+02 -9.99990E+02 -9.99990E+02 -9.99990E+02 -9.99990E+02 -9.99990E+02 -9.99990E+02 -9.99990E+02 -9.99990E+02 -9.99990E+02 -9.99990E+02 -9.99990E+02  6.17873E+02  6.10914E+02  6.00976E+02  5.88131E+02  5.73529E+02  5.57442E+02  5.57884E+02  5.60087E+02  5.63236E+02  5.67023E+02  5.71961E+02  5.76800E+02  5.81448E+02  5.86558E+02  5.91989E+02  5.97459E+02  6.02714E+02  6.08003E+02  6.13440E+02  6.18890E+02  6.24309E+02  6.29977E+02  6.35967E+02  6.41021E+02  6.45510E+02  6.49183E+02  6.52443E+02  6.54984E+02  6.56711E+02  6.58479E+02  6.60491E+02  6.62815E+02  6.64967E+02  6.66267E+02  6.67227E+02  6.68197E+02  6.67919E+02  6.67220E+02  6.65727E+02  6.63721E+02  6.60681E+02  6.57012E+02  6.53060E+02  6.49172E+02  6.45172E+02  6.41227E+02  6.37434E+02  6.33904E+02  6.30672E+02  6.27692E+02  6.25011E+02  6.22558E+02  6.20590E+02  6.19532E+02  6.19199E+02  6.19732E+02 -9.99990E+02 -9.99990E+02 -9.99990E+02 -9.99990E+02 -9.99990E+02
 -9.99990E+02 -9.99990E+02 -9.99990E+02 -9.99990E+02 -9.99990E+02 -9.99990E+02 -9.99990E+02 -9.99990E+02 -9.99990E+02 -9.99990E+02 -9.99990E+02 -9.99990E+02  6.08524E+02  5.99690E+02  5.88357E+02  5.73502E+02  5.57776E+02  5.39283E+02  5.33059E+02  5.38463E+02  5.43115E+02  5.48546E+02  5.55083E+02  5.61309E+02  5.67213E+02  5.73361E+02  5.79589E+02  5.85533E+02  5.91183E+02  5.96783E+02  6.02394E+02  6.08159E+02  6.14068E+02  6.20228E+02  6.26115E+02  6.31132E+02  6.35398E+02  6.39167E+02  6.42454E+02  6.44997E+02  6.47142E+02  6.48836E+02  6.50352E+02  6.51299E+02  6.52295E+02  6.53220E+02  6.53774E+02  6.54347E+02  6.54263E+02  6.53470E+02  6.51965E+02  6.49506E+02  6.46539E+02  6.43161E+02  6.39508E+02  6.35918E+02  6.32463E+02  6.29169E+02  6.26117E+02  6.23266E+02  6.20775E+02  6.18532E+02  6.16125E+02  6.14387E+02  6.12938E+02  6.12264E+02  6.12469E+02  6.15836E+02 -9.99990E+02 -9.99990E+02 -9.99990E+02 -9.99990E+02 -9.99990E+02
 -9.99990E+02 -9.99990E+02 -9.99990E+02 -9.99990E+02 -9.99990E+02 -9.99990E+02 -9.99990E+02 -9.99990E+02 -9.99990E+02 -9.99990E+02 -9.99990E+02 -9.99990E+02 -9.99990E+02  5.89736E+02  5.79195E+02  5.59085E+02  5.44347E+02  5.29726E+02  5.14336E+02  5.17877E+02  5.22486E+02  5.29609E+02  5.37785E+02  5.45535E+02  5.52756E+02  5.60158E+02  5.66960E+02  5.73356E+02  5.79462E+02  5.85386E+02  5.91365E+02  5.97546E+02  6.04010E+02  6.10417E+02  6.15955E+02  6.20702E+02  6.24911E+02  6.28576E+02  6.31982E+02  6.34863E+02  6.36869E+02  6.38520E+02  6.39771E+02  6.40380E+02  6.40608E+02  6.40600E+02  6.40397E+02  6.40382E+02  6.40359E+02  6.39369E+02  6.37815E+02  6.35085E+02  6.32166E+02  6.29178E+02  6.26173E+02  6.23083E+02  6.20149E+02  6.17472E+02  6.14944E+02  6.12399E+02  6.10276E+02  6.08584E+02  6.06855E+02  6.05552E+02  6.04464E+02  6.03558E+02  6.02753E+02 -9.99990E+02 -9.99990E+02 -9.99990E+02 -9.99990E+02 -9.99990E+02 -9.99990E+02
 -9.99990E+02 -9.99990E+02 -9.99990E+02 -9.99990E+02 -9.99990E+02 -9.99990E+02 -9.99990E+02 -9.99990E+02 -9.99990E+02 -9.99990E+02 -9.99990E+02 -9.99990E+02 -9.99990E+02 -9.99990E+02 -9.99990E+02  5.37637E+02  5.30706E+02  5.20787E+02  5.10311E+02  5.00594E+02  5.00459E+02  5.09654E+02  5.20161E+02  5.29444E+02  5.38029E+02  5.46419E+02  5.53951E+02  5.60960E+02  5.67639E+02  5.74012E+02  5.80349E+02  5.86953E+02  5.93750E+02  5.99936E+02  6.05329E+02  6.09939E+02  6.13997E+02  6.17523E+02  6.20755E+02  6.23561E+02  6.25579E+02  6.27116E+02  6.28178E+02  6.28734E+02  6.28930E+02  6.28856E+02  6.28229E+02  6.27145E+02  6.26049E+02  6.24601E+02  6.22766E+02  6.20450E+02  6.17839E+02  6.15317E+02  6.12759E+02  6.10163E+02  6.07676E+02  6.05543E+02  6.03476E+02  6.01361E+02  5.99604E+02  5.98416E+02  5.97259E+02  5.96459E+02  5.95460E+02  5.94270E+02  5.92244E+02  5.87224E+02 -9.99990E+02 -9.99990E+02 -9.99990E+02 -9.99990E+02 -9.99990E+02
 -9.99990E+02 -9.99990E+02 -9.99990E+02 -9.99990E+02 -9.99990E+02 -9.99990E+02 -9.99990E+02 -9.99990E+02 -9.99990E+02 -9.99990E+02 -9.99990E+02 -9.99990E+02 -9.99990E+02 -9.99990E+02 -9.99990E+02  5.23568E+02  5.19326E+02  5.12454E+02  5.04525E+02  4.96776E+02  4.90030E+02  4.88692E+02  5.02768E+02  5.13886E+02  5.23796E+02  5.32730E+02  5.40720E+02  5.48266E+02  5.55669E+02  5.62766E+02  5.69368E+02  5.76187E+02  5.82970E+02  5.89015E+02  5.94203E+02  5.98539E+02  6.02360E+02  6.05778E+02  6.08913E+02  6.11382E+02  6.13424E+02  6.15010E+02  6.16084E+02  6.16536E+02  6.16735E+02  6.17126E+02  6.16282E+02  6.14960E+02  6.13419E+02  6.11264E+02  6.08802E+02  6.06410E+02  6.03751E+02  6.01509E+02  5.99204E+02  5.97086E+02  5.95104E+02  5.93395E+02  5.91726E+02  5.90195E+02  5.88974E+02  5.88247E+02  5.87493E+02  5.86905E+02  5.86151E+02  5.85141E+02  5.83883E+02  5.82131E+02 -9.99990E+02 -9.99990E+02 -9.99990E+02 -9.99990E+02 -9.99990E+02
 -9.99990E+02 -9.99990E+02 -9.99990E+02 -9.99990E+02 -9.99990E+02 -9.99990E+02 -9.99990E+02 -9.99990E+02 -9.99990E+02 -9.99990E+02 -9.99990E+02 -9.99990E+02 -9.99990E+02 -9.99990E+02 -9.99990E+02  5.13349E+02  5.10449E+02  5.04900E+02  4.98367E+02  4.91499E+02  4.84521E+02  4.78041E+02  4.87922E+02  4.99138E+02  5.09402E+02  5.18599E+02  5.27557E+02  5.35787E+02  5.43918E+02  5.51553E+02  5.58255E+02  5.65079E+02  5.71631E+02  5.77489E+02  5.82574E+02  5.86560E+02  5.90216E+02  5.93714E+02  5.96921E+02  5.99327E+02  6.01491E+02  6.03184E+02  6.04137E+02  6.04422E+02  6.04640E+02  6.04815E+02  6.03770E+02  6.02322E+02  6.00709E+02  5.98640E+02  5.96233E+02  5.93693E+02  5.91133E+02  5.88828E+02  5.86502E+02  5.84283E+02  5.82346E+02  5.80953E+02  5.79711E+02  5.78762E+02  5.78027E+02  5.77642E+02  5.77216E+02  5.76849E+02  5.76324E+02  5.75792E+02  5.75351E+02  5.75043E+02 -9.99990E+02 -9.99990E+02 -9.99990E+02 -9.99990E+02 -9.99990E+02
 -9.99990E+02 -9.99990E+02 -9.99990E+02 -9.99990E+02 -9.99990E+02 -9.99990E+02 -9.99990E+02 -9.99990E+02 -9.99990E+02 -9.99990E+02 -9.99990E+02 -9.99990E+02 -9.99990E+02 -9.99990E+02 -9.99990E+02  5.06118E+02  5.03320E+02  4.98266E+02  4.92356E+02  4.85802E+02  4.78612E+02  4.72521E+02  4.71651E+02  4.84258E+02  4.94776E+02  5.04560E+02  5.14024E+02  5.23011E+02  5.31801E+02  5.39481E+02  5.46741E+02  5.53650E+02  5.59660E+02  5.65194E+02  5.70100E+02  5.74238E+02  5.78055E+02  5.81494E+02  5.84345E+02  5.86740E+02  5.89004E+02  5.90789E+02  5.91888E+02  5.92011E+02  5.92020E+02  5.91852E+02  5.90883E+02  5.89304E+02  5.87523E+02  5.85608E+02  5.83491E+02  5.81236E+02  5.78844E+02  5.76410E+02  5.74071E+02  5.71916E+02  5.69945E+02  5.68299E+02  5.67118E+02  5.66495E+02  5.66349E+02  5.66391E+02  5.66218E+02  5.65983E+02  5.65802E+02  5.65890E+02  5.66571E+02  5.67948E+02 -9.99990E+02 -9.99990E+02 -9.99990E+02 -9.99990E+02 -9.99990E+02
 -9.99990E+02 -9.99990E+02 -9.99990E+02 -9.99990E+02 -9.99990E+02 -9.99990E+02 -9.99990E+02 -9.99990E+02 -9.99990E+02 -9.99990E+02 -9.99990E+02 -9.99990E+02 -9.99990E+02 -9.99990E+02 -9.99990E+02  5.01846E+02  4.97836E+02  4.92614E+02  4.86717E+02  4.79623E+02  4.71550E+02  4.63831E+02  4.60535E+02  4.71049E+02  4.80842E+02  4.90363E+02  4.99763E+02  5.09636E+02  5.18482E+02  5.26559E+02  5.34211E+02  5.41183E+02  5.47253E+02  5.52663E+02  5.57438E+02  5.61674E+02  5.65642E+02  5.69017E+02  5.71873E+02  5.74240E+02  5.76258E+02  5.78013E+02  5.79032E+02  5.79248E+02  5.78985E+02  5.78669E+02  5.77981E+02  5.76262E+02  5.74398E+02  5.72541E+02  5.70573E+02  5.68203E+02  5.65716E+02  5.63243E+02  5.60953E+02  5.58877E+02  5.57109E+02  5.55580E+02  5.54724E+02  5.54457E+02  5.54787E+02  5.55086E+02  5.55102E+02  5.54977E+02  5.55080E+02  5.55449E+02  5.57023E+02  5.62344E+02 -9.99990E+02 -9.99990E+02 -9.99990E+02 -9.99990E+02 -9.99990E+02
 -9.99990E+02 -9.99990E+02 -9.99990E+02 -9.99990E+02 -9.99990E+02 -9.99990E+02 -9.99990E+02 -9.99990E+02 -9.99990E+02 -9.99990E+02 -9.99990E+02 -9.99990E+02 -9.99990E+02 -9.99990E+02 -9.99990E+02 -9.99990E+02  4.92968E+02  4.87602E+02  4.81783E+02  4.74049E+02  4.63845E+02  4.51976E+02  4.52253E+02  4.58220E+02  4.66375E+02  4.75018E+02  4.84128E+02  4.94222E+02  5.03803E+02  5.12550E+02  5.20319E+02  5.27407E+02  5.33743E+02  5.39380E+02  5.44392E+02  5.48771E+02  5.52790E+02  5.56225E+02  5.59128E+02  5.61431E+02  5.63289E+02  5.64791E+02  5.65834E+02  5.66297E+02  5.65940E+02  5.65097E+02  5.64294E+02  5.63034E+02  5.61138E+02  5.59272E+02  5.57184E+02  5.54531E+02  5.51830E+02  5.48953E+02  5.46647E+02  5.44694E+02  5.43288E+02  5.42427E+02  5.42153E+02  5.42549E+02  5.43306E+02  5.44068E+02  5.44251E+02  5.44142E+02  5.44274E+02  5.44142E+02  5.44213E+02 -9.99990E+02 -9.99990E+02 -9.99990E+02 -9.99990E+02 -9.99990E+02 -9.99990E+02
 -9.99990E+02 -9.99990E+02 -9.99990E+02 -9.99990E+02 -9.99990E+02 -9.99990E+02 -9.99990E+02 -9.99990E+02 -9.99990E+02 -9.99990E+02 -9.99990E+02 -9.99990E+02 -9.99990E+02 -9.99990E+02 -9.99990E+02 -9.99990E+02 -9.99990E+02  4.82878E+02  4.78297E+02  4.69907E+02  4.56503E+02  4.44444E+02  4.37871E+02  4.42894E+02  4.50456E+02  4.58447E+02  4.67358E+02  4.77583E+02  4.87656E+02  4.97154E+02  5.05499E+02  5.12911E+02  5.19526E+02  5.25387E+02  5.30739E+02  5.35339E+02  5.39398E+02  5.43102E+02  5.46132E+02  5.48374E+02  5.50089E+02  5.51281E+02  5.52083E+02  5.52516E+02  5.52475E+02  5.51607E+02  5.50225E+02  5.48819E+02  5.47316E+02  5.45526E+02  5.43061E+02  5.40110E+02  5.36907E+02  5.33658E+02  5.31118E+02  5.29262E+02  5.28309E+02  5.28375E+02  5.28993E+02  5.30110E+02  5.31427E+02  5.32783E+02  5.33588E+02  5.33709E+02  5.33604E+02  5.32869E+02  5.31602E+02  5.28124E+02 -9.99990E+02 -9.99990E+02 -9.99990E+02 -9.99990E+02 -9.99990E+02
 -9.99990E+02 -9.99990E+02 -9.99990E+02 -9.99990E+02 -9.99990E+02 -9.99990E+02 -9.99990E+02 -9.99990E+02 -9.99990E+02 -9.99990E+02 -9.99990E+02 -9.99990E+02 -9.99990E+02 -9.99990E+02 -9.99990E+02 -9.99990E+02 -9.99990E+02 -9.99990E+02 -9.99990E+02 -9.99990E+02  4.46771E+02  4.36642E+02  4.27460E+02  4.24632E+02  4.32181E+02  4.39681E+02  4.49118E+02  4.60081E+02  4.71047E+02  4.81124E+02  4.90150E+02  4.98080E+02  5.04898E+02  5.10961E+02  5.16496E+02  5.21291E+02  5.25575E+02  5.29465E+02  5.32583E+02  5.34758E+02  5.36353E+02  5.37338E+02  5.37986E+02  5.38270E+02  5.38234E+02  5.37602E+02  5.36258E+02  5.34294E+02  5.32419E+02  5.30281E+02  5.27302E+02  5.23636E+02  5.19905E+02  5.16452E+02  5.13432E+02  5.11838E+02  5.11892E+02  5.13361E+02  5.15140E+02  5.17240E+02  5.19106E+02  5.20934E+02  5.22208E+02  5.22658E+02  5.22241E+02  5.21674E+02  5.21804E+02  5.24858E+02 -9.99990E+02 -9.99990E+02 -9.99990E+02 -9.99990E+02 -9.99990E+02
 -9.99990E+02 -9.99990E+02 -9.99990E+02 -9.99990E+02 -9.99990E+02 -9.99990E+02 -9.99990E+02 -9.99990E+02 -9.99990E+02 -9.99990E+02 -9.99990E+02 -9.99990E+02 -9.99990E+02 -9.99990E+02 -9.99990E+02 -9.99990E+02 -9.99990E+02 -9.99990E+02 -9.99990E+02 -9.99990E+02 -9.99990E+02  4.26860E+02  4.16888E+02  4.11872E+02  4.13835E+02  4.18425E+02  4.28860E+02  4.42368E+02  4.54552E+02  4.65229E+02  4.74653E+02  4.82834E+02  4.89784E+02  4.95907E+02  5.01637E+02  5.06586E+02  5.11082E+02  5.15078E+02  5.18201E+02  5.20406E+02  5.21927E+02  5.22939E+02  5.23603E+02  5.23754E+02  5.23598E+02  5.22912E+02  5.21661E+02  5.19363E+02  5.16998E+02  5.14062E+02  5.10195E+02  5.05710E+02  5.01048E+02  4.96646E+02  4.92882E+02  4.91550E+02  4.92977E+02  4.96944E+02  5.00641E+02  5.03858E+02  5.06442E+02  5.08792E+02  5.10408E+02  5.11016E+02  5.10564E+02  5.09841E+02  5.09552E+02 -9.99990E+02 -9.99990E+02 -9.99990E+02 -9.99990E+02 -9.99990E+02 -9.99990E+02
 -9.99990E+02 -9.99990E+02 -9.99990E+02 -9.99990E+02 -9.99990E+02 -9.99990E+02 -9.99990E+02 -9.99990E+02 -9.99990E+02 -9.99990E+02 -9.99990E+02 -9.99990E+02 -9.99990E+02 -9.99990E+02 -9.99990E+02 -9.99990E+02 -9.99990E+02 -9.99990E+02 -9.99990E+02 -9.99990E+02 -9.99990E+02 -9.99990E+02  4.08720E+02  4.07075E+02  4.06946E+02  4.08348E+02  4.10396E+02  4.25678E+02  4.38484E+02  4.49434E+02  4.58910E+02  4.66820E+02  4.73659E+02  4.79809E+02  4.85554E+02  4.90896E+02  4.95780E+02  4.99907E+02  5.02939E+02  5.05218E+02  5.06747E+02  5.07812E+02  5.08521E+02  5.08692E+02  5.08314E+02  5.07312E+02  5.06107E+02  5.03596E+02  5.00751E+02  4.96909E+02  4.92209E+02  4.86562E+02  4.80751E+02  4.74435E+02  4.68284E+02  4.67347E+02  4.70046E+02  4.79862E+02  4.86192E+02  4.90588E+02  4.93978E+02  4.96570E+02  4.98313E+02  4.98793E+02  4.98124E+02  4.97177E+02  4.96803E+02 -9.99990E+02 -9.99990E+02 -9.99990E+02 -9.99990E+02 -9.99990E+02 -9.99990E+02
 -9.99990E+02 -9.99990E+02 -9.99990E+02 -9.99990E+02 -9.99990E+02 -9.99990E+02 -9.99990E+02 -9.99990E+02 -9.99990E+02 -9.99990E+02 -9.99990E+02 -9.99990E+02 -9.99990E+02 -9.99990E+02 -9.99990E+02 -9.99990E+02 -9.99990E+02 -9.99990E+02 -9.99990E+02 -9.99990E+02 -9.99990E+02 -9.99990E+02  4.02062E+02  3.99895E+02  3.97894E+02  3.97207E+02  3.97076E+02  4.11185E+02  4.23462E+02  4.34033E+02  4.42905E+02  4.50501E+02  4.57007E+02  4.63165E+02  4.68995E+02  4.74655E+02  4.79699E+02  4.83747E+02  4.86806E+02  4.89205E+02  4.91009E+02  4.92117E+02  4.92820E+02  4.92906E+02  4.92325E+02  4.91117E+02  4.89509E+02  4.86906E+02  4.83132E+02  4.78523E+02  4.73210E+02  4.66637E+02  4.59455E+02  4.50688E+02  4.37450E+02  4.40649E+02  4.55034E+02  4.65503E+02  4.73079E+02  4.78265E+02  4.81727E+02  4.84483E+02  4.86107E+02  4.86436E+02  4.85935E+02  4.84810E+02  4.83690E+02 -9.99990E+02 -9.99990E+02 -9.99990E+02 -9.99990E+02 -9.99990E+02 -9.99990E+02
 -9.99990E+02 -9.99990E+02 -9.99990E+02 -9.99990E+02 -9.99990E+02 -9.99990E+02 -9.99990E+02 -9.99990E+02 -9.99990E+02 -9.99990E+02 -9.99990E+02 -9.99990E+02 -9.99990E+02 -9.99990E+02 -9.99990E+02 -9.99990E+02 -9.99990E+02 -9.99990E+02 -9.99990E+02 -9.99990E+02 -9.99990E+02 -9.99990E+02  3.97052E+02  3.91893E+02  3.87305E+02  3.85192E+02  3.85583E+02  3.98058E+02  4.09260E+02  4.18840E+02  4.26938E+02  4.33719E+02  4.39716E+02  4.45708E+02  4.51849E+02  4.57631E+02  4.62505E+02  4.66723E+02  4.69968E+02  4.72640E+02  4.74736E+02  4.76038E+02  4.76657E+02  4.76555E+02  4.75678E+02  4.74238E+02  4.72151E+02  4.69182E+02  4.64878E+02  4.59465E+02  4.52958E+02  4.46011E+02  4.38132E+02  4.30102E+02  4.19518E+02  4.30903E+02  4.42841E+02  4.52980E+02  4.60815E+02  4.66065E+02  4.69632E+02  4.72272E+02  4.73829E+02  4.74349E+02  4.74092E+02  4.72851E+02  4.71078E+02 -9.99990E+02 -9.99990E+02 -9.99990E+02 -9.99990E+02 -9.99990E+02 -9.99990E+02
 -9.99990E+02 -9.99990E+02 -9.99990E+02 -9.99990E+02 -9.99990E+02 -9.99990E+02 -9.99990E+02 -9.99990E+02 -9.99990E+02 -9.99990E+02 -9.99990E+02 -9.99990E+02 -9.99990E+02 -9.99990E+02 -9.99990E+02 -9.99990E+02 -9.99990E+02 -9.99990E+02 -9.99990E+02 -9.99990E+02 -9.99990E+02 -9.99990E+02 -9.99990E+02  3.82926E+02  3.73853E+02  3.70613E+02  3.76364E+02  3.85675E+02  3.95125E+02  4.03871E+02  4.10769E+02  4.16152E+02  4.20743E+02  4.26839E+02  4.33521E+02  4.39702E+02  4.44783E+02  4.49030E+02  4.52804E+02  4.55818E+02  4.58197E+02  4.59704E+02  4.60323E+02  4.60097E+02  4.58842E+02  4.56755E+02  4.54146E+02  4.50705E+02  4.45970E+02  4.40019E+02  4.32569E+02  4.24152E+02  4.16391E+02  4.10834E+02  4.05710E+02  4.20047E+02  4.31898E+02  4.41600E+02  4.48783E+02  4.53760E+02  4.57510E+02  4.60375E+02  4.62248E+02  4.63136E+02  4.62810E+02  4.60735E+02  4.56311E+02  4.46524E+02  4.42179E+02 -9.99990E+02 -9.99990E+02 -9.99990E+02 -9.99990E+02
 -9.99990E+02 -9.99990E+02 -9.99990E+02 -9.99990E+02 -9.99990E+02 -9.99990E+02 -9.99990E+02 -9.99990E+02 -9.99990E+02 -9.99990E+02 -9.99990E+02 -9.99990E+02 -9.99990E+02 -9.99990E+02 -9.99990E+02 -9.99990E+02 -9.99990E+02 -9.99990E+02 -9.99990E+02 -9.99990E+02 -9.99990E+02 -9.99990E+02 -9.99990E+02 -9.99990E+02  3.62298E+02  3.59791E+02  3.63576E+02  3.72629E+02  3.80684E+02  3.88583E+02  3.94684E+02  3.98090E+02  3.98478E+02  4.06147E+02  4.13729E+02  4.20647E+02  4.26312E+02  4.31087E+02  4.35369E+02  4.38723E+02  4.41368E+02  4.43076E+02  4.43604E+02  4.43092E+02  4.41625E+02  4.39604E+02  4.36669E+02  4.32477E+02  4.27148E+02  4.20873E+02  4.12173E+02  4.01297E+02  3.90521E+02  3.90131E+02  3.99116E+02  4.11518E+02  4.22064E+02  4.30604E+02  4.37185E+02  4.42211E+02  4.46178E+02  4.49327E+02  4.51456E+02  4.52336E+02  4.52044E+02  4.50076E+02  4.46464E+02  4.41363E+02  4.38014E+02 -9.99990E+02 -9.99990E+02 -9.99990E+02 -9.99990E+02
 -9.99990E+02 -9.99990E+02 -9.99990E+02 -9.99990E+02 -9.99990E+02 -9.99990E+02 -9.99990E+02 -9.99990E+02 -9.99990E+02 -9.99990E+02 -9.99990E+02 -9.99990E+02 -9.99990E+02 -9.99990E+02 -9.99990E+02 -9.99990E+02 -9.99990E+02 -9.99990E+02 -9.99990E+02 -9.99990E+02 -9.99990E+02 -9.99990E+02 -9.99990E+02 -9.99990E+02  3.58708E+02  3.55175E+02  3.53470E+02  3.60072E+02  3.66775E+02  3.73696E+02  3.79468E+02  3.81914E+02  3.79129E+02  3.83951E+02  3.93429E+02  4.01230E+02  4.07797E+02  4.13331E+02  4.17681E+02  4.21342E+02  4.24403E+02  4.26407E+02  4.26817E+02  4.26039E+02  4.24690E+02  4.22517E+02  4.19444E+02  4.14845E+02  4.08998E+02  4.01981E+02  3.92394E+02  3.78367E+02  3.79721E+02  3.85319E+02  3.93925E+02  4.02957E+02  4.11782E+02  4.19455E+02  4.25959E+02  4.31286E+02  4.35622E+02  4.39050E+02  4.41232E+02  4.42220E+02  4.42033E+02  4.40568E+02  4.37941E+02  4.34308E+02  4.30571E+02  4.25658E+02 -9.99990E+02 -9.99990E+02 -9.99990E+02
 -9.99990E+02 -9.99990E+02 -9.99990E+02 -9.99990E+02 -9.99990E+02 -9.99990E+02 -9.99990E+02 -9.99990E+02 -9.99990E+02 -9.99990E+02 -9.99990E+02 -9.99990E+02 -9.99990E+02 -9.99990E+02 -9.99990E+02 -9.99990E+02 -9.99990E+02 -9.99990E+02 -9.99990E+02 -9.99990E+02 -9.99990E+02 -9.99990E+02 -9.99990E+02 -9.99990E+02 -9.99990E+02  3.48438E+02  3.47020E+02  3.47131E+02  3.52974E+02  3.58898E+02  3.64435E+02  3.67544E+02  3.66838E+02  3.64791E+02  3.73815E+02  3.82625E+02  3.90147E+02  3.96067E+02  4.00360E+02  4.04157E+02  4.07314E+02  4.09428E+02  4.09939E+02  4.09189E+02  4.07823E+02  4.05408E+02  4.02174E+02  3.97635E+02  3.91729E+02  3.84299E+02  3.75015E+02  3.63084E+02  3.67849E+02  3.75572E+02  3.84633E+02  3.93299E+02  4.01517E+02  4.09036E+02  4.15492E+02  4.20940E+02  4.25529E+02  4.29127E+02  4.31436E+02  4.32557E+02  4.32749E+02  4.31959E+02  4.30201E+02  4.27551E+02  4.24440E+02  4.20896E+02  4.17233E+02 -9.99990E+02 -9.99990E+02
 -9.99990E+02 -9.99990E+02 -9.99990E+02 -9.99990E+02 -9.99990E+02 -9.99990E+02 -9.99990E+02 -9.99990E+02 -9.99990E+02 -9.99990E+02 -9.99990E+02 -9.99990E+02 -9.99990E+02 -9.99990E+02 -9.99990E+02 -9.99990E+02 -9.99990E+02 -9.99990E+02 -9.99990E+02 -9.99990E+02 -9.99990E+02 -9.99990E+02 -9.99990E+02 -9.99990E+02 -9.99990E+02  3.43067E+02  3.41762E+02  3.39428E+02  3.38884E+02  3.42831E+02  3.49990E+02  3.54135E+02  3.54928E+02  3.52933E+02  3.54521E+02  3.65145E+02  3.73406E+02  3.79477E+02  3.83860E+02  3.87504E+02  3.90538E+02  3.92628E+02  3.93150E+02  3.92664E+02  3.91165E+02  3.88671E+02  3.84985E+02  3.80559E+02  3.74826E+02  3.67881E+02  3.59952E+02  3.51524E+02  3.53066E+02  3.64259E+02  3.74413E+02  3.83680E+02  3.91991E+02  3.99321E+02  4.05723E+02  4.11285E+02  4.15945E+02  4.19662E+02  4.22297E+02  4.23696E+02  4.24275E+02  4.24066E+02  4.23050E+02  4.21244E+02  4.18869E+02  4.16329E+02  4.13760E+02  4.11311E+02 -9.99990E+02
 -9.99990E+02 -9.99990E+02 -9.99990E+02 -9.99990E+02 -9.99990E+02 -9.99990E+02 -9.99990E+02 -9.99990E+02 -9.99990E+02 -9.99990E+02 -9.99990E+02 -9.99990E+02 -9.99990E+02 -9.99990E+02 -9.99990E+02 -9.99990E+02 -9.99990E+02 -9.99990E+02 -9.99990E+02 -9.99990E+02 -9.99990E+02 -9.99990E+02 -9.99990E+02 -9.99990E+02 -9.99990E+02  3.38762E+02  3.37214E+02  3.34905E+02  3.32781E+02  3.30415E+02  3.37411E+02  3.41241E+02  3.43057E+02  3.42281E+02  3.40020E+02  3.49595E+02  3.57732E+02  3.63530E+02  3.67640E+02  3.70864E+02  3.73695E+02  3.75361E+02  3.76043E+02  3.75717E+02  3.74554E+02  3.72513E+02  3.68564E+02  3.63523E+02  3.57964E+02  3.51372E+02  3.44923E+02  3.40849E+02  3.40700E+02  3.54012E+02  3.65100E+02  3.74211E+02  3.82320E+02  3.89816E+02  3.96605E+02  4.02303E+02  4.07101E+02  4.10889E+02  4.13712E+02  4.15513E+02  4.16547E+02  4.16768E+02  4.16369E+02  4.15283E+02  4.13576E+02  4.11792E+02  4.10162E+02  4.08926E+02 -9.99990E+02
 -9.99990E+02 -9.99990E+02 -9.99990E+02 -9.99990E+02 -9.99990E+02 -9.99990E+02 -9.99990E+02 -9.99990E+02 -9.99990E+02 -9.99990E+02 -9.99990E+02 -9.99990E+02 -9.99990E+02 -9.99990E+02 -9.99990E+02 -9.99990E+02 -9.99990E+02 -9.99990E+02 -9.99990E+02 -9.99990E+02 -9.99990E+02 -9.99990E+02 -9.99990E+02 -9.99990E+02 -9.99990E+02  3.35953E+02  3.33186E+02  3.30065E+02  3.26711E+02  3.22303E+02  3.26080E+02  3.28799E+02  3.30757E+02  3.30172E+02  3.26782E+02  3.34984E+02  3.42094E+02  3.47325E+02  3.51241E+02  3.54086E+02  3.56593E+02  3.58318E+02  3.59317E+02  3.59441E+02  3.58486E+02  3.56238E+02  3.52195E+02  3.46741E+02  3.40986E+02  3.34257E+02  3.27693E+02  3.26378E+02  3.34724E+02  3.45833E+02  3.56008E+02  3.64963E+02  3.73005E+02  3.80625E+02  3.87551E+02  3.93464E+02  3.98487E+02  4.02441E+02  4.05457E+02  4.07330E+02  4.08518E+02  4.09189E+02  4.09281E+02  4.08796E+02  4.08067E+02  4.07188E+02  4.06327E+02  4.05498E+02  4.04237E+02
 -9.99990E+02 -9.99990E+02 -9.99990E+02 -9.99990E+02 -9.99990E+02 -9.99990E+02 -9.99990E+02 -9.99990E+02 -9.99990E+02 -9.99990E+02 -9.99990E+02 -9.99990E+02 -9.99990E+02 -9.99990E+02 -9.99990E+02 -9.99990E+02 -9.99990E+02 -9.99990E+02 -9.99990E+02 -9.99990E+02 -9.99990E+02 -9.99990E+02 -9.99990E+02 -9.99990E+02 -9.99990E+02 -9.99990E+02  3.29284E+02  3.25259E+02  3.21421E+02  3.15976E+02  3.14812E+02  3.15229E+02  3.18787E+02  3.18505E+02  3.15166E+02  3.20554E+02  3.26316E+02  3.30710E+02  3.34220E+02  3.37117E+02  3.39551E+02  3.41513E+02  3.43052E+02  3.43548E+02  3.42530E+02  3.40062E+02  3.35806E+02  3.30277E+02  3.24120E+02  3.16976E+02  3.18008E+02  3.22430E+02  3.29616E+02  3.38567E+02  3.47664E+02  3.56198E+02  3.64184E+02  3.71712E+02  3.78518E+02  3.84540E+02  3.89721E+02  3.93951E+02  3.97192E+02  3.99421E+02  4.00846E+02  4.01751E+02  4.02256E+02  4.02327E+02  4.02258E+02  4.02116E+02  4.02030E+02  4.02155E+02  4.03155E+02
 -9.99990E+02 -9.99990E+02 -9.99990E+02 -9.99990E+02 -9.99990E+02 -9.99990E+02 -9.99990E+02 -9.99990E+02 -9.99990E+02 -9.99990E+02 -9.99990E+02 -9.99990E+02 -9.99990E+02 -9.99990E+02 -9.99990E+02 -9.99990E+02 -9.99990E+02 -9.99990E+02 -9.99990E+02 -9.99990E+02 -9.99990E+02 -9.99990E+02 -9.99990E+02 -9.99990E+02 -9.99990E+02 -9.99990E+02 -9.99990E+02  3.19492E+02  3.17462E+02  3.14157E+02  3.11577E+02  3.08984E+02  3.07293E+02  3.07246E+02  3.04110E+02  3.04743E+02  3.09420E+02  3.13546E+02  3.17053E+02  3.20151E+02  3.22463E+02  3.24630E+02  3.26530E+02  3.27518E+02  3.26717E+02  3.23919E+02  3.19623E+02  3.14253E+02  3.07739E+02  3.04555E+02  3.10026E+02  3.15766E+02  3.22950E+02  3.31077E+02  3.39433E+02  3.47721E+02  3.55796E+02  3.63096E+02  3.69743E+02  3.75802E+02  3.81131E+02  3.85498E+02  3.88977E+02  3.91695E+02  3.93469E+02  3.94677E+02  3.95614E+02  3.96259E+02  3.96739E+02  3.97082E+02  3.97456E+02  3.97815E+02 -9.99990E+02
 -9.99990E+02 -9.99990E+02 -9.99990E+02 -9.99990E+02 -9.99990E+02 -9.99990E+02 -9.99990E+02 -9.99990E+02 -9.99990E+02 -9.99990E+02 -9.99990E+02 -9.99990E+02 -9.99990E+02 -9.99990E+02 -9.99990E+02 -9.99990E+02 -9.99990E+02 -9.99990E+02 -9.99990E+02 -9.99990E+02 -9.99990E+02 -9.99990E+02 -9.99990E+02 -9.99990E+02 -9.99990E+02 -9.99990E+02 -9.99990E+02  3.15566E+02  3.13989E+02  3.11464E+02  3.08331E+02  3.04589E+02  2.99053E+02  2.97693E+02  2.93830E+02  2.88872E+02  2.92975E+02  2.96313E+02  3.00316E+02  3.03114E+02  3.04400E+02  3.06394E+02  3.09761E+02  3.11330E+02  3.10850E+02  3.08348E+02  3.04320E+02  2.98930E+02  2.91809E+02  2.95460E+02  3.00982E+02  3.07565E+02  3.15032E+02  3.22946E+02  3.31057E+02  3.39303E+02  3.47454E+02  3.54874E+02  3.61595E+02  3.67672E+02  3.73004E+02  3.77359E+02  3.81010E+02  3.84083E+02  3.86491E+02  3.88049E+02  3.89403E+02  3.90522E+02  3.91448E+02  3.92161E+02  3.92952E+02  3.93968E+02 -9.99990E+02
 -9.99990E+02 -9.99990E+02 -9.99990E+02 -9.99990E+02 -9.99990E+02 -9.99990E+02 -9.99990E+02 -9.99990E+02 -9.99990E+02 -9.99990E+02 -9.99990E+02 -9.99990E+02 -9.99990E+02 -9.99990E+02 -9.99990E+02 -9.99990E+02 -9.99990E+02 -9.99990E+02 -9.99990E+02 -9.99990E+02 -9.99990E+02 -9.99990E+02 -9.99990E+02 -9.99990E+02 -9.99990E+02 -9.99990E+02 -9.99990E+02  3.13139E+02  3.10795E+02  3.08634E+02  3.05873E+02  3.02227E+02  2.97770E+02  2.92598E+02  2.90359E+02  2.87198E+02  2.84340E+02  2.79068E+02  2.84421E+02  2.86567E+02  2.88174E+02  2.88841E+02  2.93238E+02  2.96079E+02  2.96304E+02  2.94214E+02  2.90313E+02  2.84950E+02  2.79058E+02  2.84295E+02  2.90667E+02  2.98006E+02  3.06074E+02  3.14305E+02  3.22483E+02  3.30968E+02  3.39283E+02  3.46918E+02  3.53797E+02  3.59975E+02  3.65467E+02  3.69904E+02  3.73645E+02  3.76946E+02  3.79740E+02  3.81790E+02  3.83544E+02  3.84998E+02  3.86215E+02  3.87254E+02  3.88425E+02  3.91119E+02 -9.99990E+02
 -9.99990E+02 -9.99990E+02 -9.99990E+02 -9.99990E+02 -9.99990E+02 -9.99990E+02 -9.99990E+02 -9.99990E+02 -9.99990E+02 -9.99990E+02 -9.99990E+02 -9.99990E+02 -9.99990E+02 -9.99990E+02 -9.99990E+02 -9.99990E+02 -9.99990E+02 -9.99990E+02 -9.99990E+02 -9.99990E+02 -9.99990E+02 -9.99990E+02 -9.99990E+02 -9.99990E+02 -9.99990E+02 -9.99990E+02 -9.99990E+02 -9.99990E+02  3.07340E+02  3.05836E+02  3.03496E+02  3.00482E+02  2.97050E+02  2.93437E+02  2.90580E+02  2.87744E+02  2.85191E+02  2.82923E+02  2.83284E+02  2.83477E+02  2.83087E+02  2.81696E+02  2.79042E+02  2.82989E+02  2.83565E+02  2.81664E+02  2.77475E+02  2.71139E+02  2.65729E+02  2.71554E+02  2.79121E+02  2.87512E+02  2.96352E+02  3.05113E+02  3.14037E+02  3.23123E+02  3.31645E+02  3.39475E+02  3.46348E+02  3.52554E+02  3.58124E+02  3.62820E+02  3.66790E+02  3.70372E+02  3.73474E+02  3.75853E+02  3.77861E+02  3.79524E+02  3.80747E+02  3.81692E+02  3.82289E+02 -9.99990E+02 -9.99990E+02
 -9.99990E+02 -9.99990E+02 -9.99990E+02 -9.99990E+02 -9.99990E+02 -9.99990E+02 -9.99990E+02 -9.99990E+02 -9.99990E+02 -9.99990E+02 -9.99990E+02 -9.99990E+02 -9.99990E+02 -9.99990E+02 -9.99990E+02 -9.99990E+02 -9.99990E+02 -9.99990E+02 -9.99990E+02 -9.99990E+02 -9.99990E+02 -9.99990E+02 -9.99990E+02 -9.99990E+02 -9.99990E+02 -9.99990E+02 -9.99990E+02 -9.99990E+02  3.05486E+02  3.03715E+02  3.01658E+02  2.99313E+02  2.96532E+02  2.93596E+02  2.90842E+02  2.88138E+02  2.85806E+02  2.83374E+02  2.81976E+02  2.80596E+02  2.78639E+02  2.75468E+02  2.69992E+02  2.73008E+02  2.73198E+02  2.70925E+02  2.66311E+02  2.58919E+02  2.46972E+02  2.56882E+02  2.67046E+02  2.76550E+02  2.86169E+02  2.95868E+02  3.05473E+02  3.14936E+02  3.23713E+02  3.31876E+02  3.39120E+02  3.45307E+02  3.50878E+02  3.55846E+02  3.60264E+02  3.64190E+02  3.67582E+02  3.70266E+02  3.72481E+02  3.74212E+02  3.75388E+02  3.76230E+02  3.76638E+02 -9.99990E+02 -9.99990E+02
 -9.99990E+02 -9.99990E+02 -9.99990E+02 -9.99990E+02 -9.99990E+02 -9.99990E+02 -9.99990E+02 -9.99990E+02 -9.99990E+02 -9.99990E+02 -9.99990E+02 -9.99990E+02 -9.99990E+02 -9.99990E+02 -9.99990E+02 -9.99990E+02 -9.99990E+02 -9.99990E+02 -9.99990E+02 -9.99990E+02 -9.99990E+02 -9.99990E+02 -9.99990E+02 -9.99990E+02 -9.99990E+02 -9.99990E+02 -9.99990E+02 -9.99990E+02 -9.99990E+02  3.01920E+02  3.00235E+02  2.98462E+02  2.96159E+02  2.93632E+02  2.90998E+02  2.88115E+02  2.85333E+02  2.82576E+02  2.80299E+02  2.77949E+02  2.75171E+02  2.71226E+02  2.65023E+02  2.65397E+02  2.64694E+02  2.62111E+02  2.57536E+02  2.52148E+02  2.49937E+02  2.50166E+02  2.55284E+02  2.65329E+02  2.75769E+02  2.86232E+02  2.96284E+02  3.06225E+02  3.15581E+02  3.24127E+02  3.31795E+02  3.38052E+02  3.43681E+02  3.48930E+02  3.53741E+02  3.58166E+02  3.61791E+02  3.64824E+02  3.67254E+02  3.69031E+02  3.70187E+02  3.71020E+02  3.71424E+02 -9.99990E+02 -9.99990E+02
 -9.99990E+02 -9.99990E+02 -9.99990E+02 -9.99990E+02 -9.99990E+02 -9.99990E+02 -9.99990E+02 -9.99990E+02 -9.99990E+02 -9.99990E+02 -9.99990E+02 -9.99990E+02 -9.99990E+02 -9.99990E+02 -9.99990E+02 -9.99990E+02 -9.99990E+02 -9.99990E+02 -9.99990E+02 -9.99990E+02 -9.99990E+02 -9.99990E+02 -9.99990E+02 -9.99990E+02 -9.99990E+02 -9.99990E+02 -9.99990E+02 -9.99990E+02 -9.99990E+02 -9.99990E+02  2.98947E+02  2.97745E+02  2.95800E+02  2.93496E+02  2.90937E+02  2.88008E+02  2.84797E+02  2.81217E+02  2.78491E+02  2.75544E+02  2.72455E+02  2.68853E+02  2.64373E+02  2.60023E+02  2.57392E+02  2.54765E+02  2.52620E+02  2.51728E+02  2.50568E+02  2.50034E+02  2.49964E+02  2.53584E+02  2.65452E+02  2.76210E+02  2.87031E+02  2.97702E+02  3.07430E+02  3.16197E+02  3.24137E+02  3.30650E+02  3.36734E+02  3.42400E+02  3.47622E+02  3.52399E+02  3.56230E+02  3.59503E+02  3.62202E+02  3.64148E+02  3.65285E+02  3.66278E+02  3.66822E+02 -9.99990E+02 -9.99990E+02
 -9.99990E+02 -9.99990E+02 -9.99990E+02 -9.99990E+02 -9.99990E+02 -9.99990E+02 -9.99990E+02 -9.99990E+02 -9.99990E+02 -9.99990E+02 -9.99990E+02 -9.99990E+02 -9.99990E+02 -9.99990E+02 -9.99990E+02 -9.99990E+02 -9.99990E+02 -9.99990E+02 -9.99990E+02 -9.99990E+02 -9.99990E+02 -9.99990E+02 -9.99990E+02 -9.99990E+02 -9.99990E+02 -9.99990E+02 -9.99990E+02 -9.99990E+02 -9.99990E+02 -9.99990E+02 -9.99990E+02 -9.99990E+02 -9.99990E+02 -9.99990E+02 -9.99990E+02 -9.99990E+02 -9.99990E+02  2.79018E+02  2.76888E+02  2.73220E+02  2.70002E+02  2.66695E+02  2.63080E+02  2.59702E+02  2.56922E+02  2.54558E+02  2.52719E+02  2.51425E+02  2.50291E+02  2.49364E+02  2.48464E+02  2.47065E+02  2.56137E+02  2.65696E+02  2.77969E+02  2.89407E+02  2.99567E+02  3.08480E+02  3.16581E+02  3.23834E+02  3.30325E+02  3.36323E+02  3.41855E+02  3.46735E+02  3.50711E+02  3.53993E+02  3.56651E+02  3.58834E+02  3.60384E+02  3.61899E+02  3.63034E+02 -9.99990E+02 -9.99990E+02
 -9.99990E+02 -9.99990E+02 -9.99990E+02 -9.99990E+02 -9.99990E+02 -9.99990E+02 -9.99990E+02 -9.99990E+02 -9.99990E+02 -9.99990E+02 -9.99990E+02 -9.99990E+02 -9.99990E+02 -9.99990E+02 -9.99990E+02 -9.99990E+02 -9.99990E+02 -9.99990E+02 -9.99990E+02 -9.99990E+02 -9.99990E+02 -9.99990E+02 -9.99990E+02 -9.99990E+02 -9.99990E+02 -9.99990E+02 -9.99990E+02 -9.99990E+02 -9.99990E+02 -9.99990E+02 -9.99990E+02 -9.99990E+02 -9.99990E+02 -9.99990E+02 -9.99990E+02 -9.99990E+02 -9.99990E+02 -9.99990E+02 -9.99990E+02  2.70321E+02  2.67477E+02  2.64546E+02  2.61512E+02  2.58641E+02  2.56137E+02  2.54005E+02  2.52278E+02  2.50887E+02  2.49674E+02  2.48557E+02  2.47384E+02  2.45952E+02  2.46251E+02  2.52561E+02  2.69144E+02  2.81516E+02  2.92021E+02  3.01194E+02  3.09683E+02  3.17225E+02  3.24001E+02  3.30401E+02  3.36291E+02  3.41199E+02  3.45061E+02  3.48425E+02  3.51300E+02  3.53697E+02  3.55759E+02  3.57733E+02  3.60306E+02 -9.99990E+02 -9.99990E+02
 -9.99990E+02 -9.99990E+02 -9.99990E+02 -9.99990E+02 -9.99990E+02 -9.99990E+02 -9.99990E+02 -9.99990E+02 -9.99990E+02 -9.99990E+02 -9.99990E+02 -9.99990E+02 -9.99990E+02 -9.99990E+02 -9.99990E+02 -9.99990E+02 -9.99990E+02 -9.99990E+02 -9.99990E+02 -9.99990E+02 -9.99990E+02 -9.99990E+02 -9.99990E+02 -9.99990E+02 -9.99990E+02 -9.99990E+02 -9.99990E+02 -9.99990E+02 -9.99990E+02 -9.99990E+02 -9.99990E+02 -9.99990E+02 -9.99990E+02 -9.99990E+02 -9.99990E+02 -9.99990E+02 -9.99990E+02 -9.99990E+02 -9.99990E+02 -9.99990E+02  2.64876E+02  2.62371E+02  2.59726E+02  2.57271E+02  2.55076E+02  2.53169E+02  2.51561E+02  2.50201E+02  2.48928E+02  2.47695E+02  2.46401E+02  2.45179E+02  2.45004E+02  2.49234E+02  2.62987E+02  2.74436E+02  2.84669E+02  2.94025E+02  3.02737E+02  3.10675E+02  3.17840E+02  3.24636E+02  3.30826E+02  3.35699E+02  3.39738E+02  3.43375E+02  3.46473E+02  3.49100E+02  3.51384E+02  3.53104E+02 -9.99990E+02 -9.99990E+02 -9.99990E+02
 -9.99990E+02 -9.99990E+02 -9.99990E+02 -9.99990E+02 -9.99990E+02 -9.99990E+02 -9.99990E+02 -9.99990E+02 -9.99990E+02 -9.99990E+02 -9.99990E+02 -9.99990E+02 -9.99990E+02 -9.99990E+02 -9.99990E+02 -9.99990E+02 -9.99990E+02 -9.99990E+02 -9.99990E+02 -9.99990E+02 -9.99990E+02 -9.99990E+02 -9.99990E+02 -9.99990E+02 -9.99990E+02 -9.99990E+02 -9.99990E+02 -9.99990E+02 -9.99990E+02 -9.99990E+02 -9.99990E+02 -9.99990E+02 -9.99990E+02 -9.99990E+02 -9.99990E+02 -9.99990E+02 -9.99990E+02 -9.99990E+02 -9.99990E+02 -9.99990E+02 -9.99990E+02  2.60184E+02  2.57840E+02  2.55689E+02  2.53805E+02  2.52150E+02  2.50701E+02  2.49389E+02  2.48119E+02  2.46858E+02  2.45278E+02  2.43345E+02  2.40597E+02  2.48408E+02  2.58254E+02  2.67885E+02  2.77597E+02  2.86701E+02  2.95721E+02  3.03941E+02  3.11539E+02  3.18817E+02  3.25218E+02  3.30486E+02  3.34945E+02  3.38869E+02  3.42158E+02  3.45056E+02  3.47769E+02  3.50341E+02 -9.99990E+02 -9.99990E+02 -9.99990E+02
 -9.99990E+02 -9.99990E+02 -9.99990E+02 -9.99990E+02 -9.99990E+02 -9.99990E+02 -9.99990E+02 -9.99990E+02 -9.99990E+02 -9.99990E+02 -9.99990E+02 -9.99990E+02 -9.99990E+02 -9.99990E+02 -9.99990E+02 -9.99990E+02 -9.99990E+02 -9.99990E+02 -9.99990E+02 -9.99990E+02 -9.99990E+02 -9.99990E+02 -9.99990E+02 -9.99990E+02 -9.99990E+02 -9.99990E+02 -9.99990E+02 -9.99990E+02 -9.99990E+02 -9.99990E+02 -9.99990E+02 -9.99990E+02 -9.99990E+02 -9.99990E+02 -9.99990E+02 -9.99990E+02 -9.99990E+02 -9.99990E+02 -9.99990E+02 -9.99990E+02 -9.99990E+02 -9.99990E+02  2.55807E+02  2.53908E+02  2.52407E+02  2.51040E+02  2.49775E+02  2.48526E+02  2.47302E+02  2.46086E+02  2.44137E+02  2.41719E+02  2.38548E+02  2.45046E+02  2.52840E+02  2.61201E+02  2.70318E+02  2.79446E+02  2.88518E+02  2.96994E+02  3.05146E+02  3.12633E+02  3.19333E+02  3.25216E+02  3.30403E+02  3.34513E+02  3.37947E+02  3.41153E+02  3.44374E+02 -9.99990E+02 -9.99990E+02 -9.99990E+02 -9.99990E+02
 -9.99990E+02 -9.99990E+02 -9.99990E+02 -9.99990E+02 -9.99990E+02 -9.99990E+02 -9.99990E+02 -9.99990E+02 -9.99990E+02 -9.99990E+02 -9.99990E+02 -9.99990E+02 -9.99990E+02 -9.99990E+02 -9.99990E+02 -9.99990E+02 -9.99990E+02 -9.99990E+02 -9.99990E+02 -9.99990E+02 -9.99990E+02 -9.99990E+02 -9.99990E+02 -9.99990E+02 -9.99990E+02 -9.99990E+02 -9.99990E+02 -9.99990E+02 -9.99990E+02 -9.99990E+02 -9.99990E+02 -9.99990E+02 -9.99990E+02 -9.99990E+02 -9.99990E+02 -9.99990E+02 -9.99990E+02 -9.99990E+02 -9.99990E+02 -9.99990E+02 -9.99990E+02 -9.99990E+02 -9.99990E+02  2.51813E+02  2.50925E+02  2.49912E+02  2.48855E+02  2.47595E+02  2.46285E+02  2.44944E+02  2.42889E+02  2.40218E+02  2.36478E+02  2.40156E+02  2.45755E+02  2.53483E+02  2.62650E+02  2.72080E+02  2.81369E+02  2.90185E+02  2.98398E+02  3.05895E+02  3.12932E+02  3.19605E+02  3.25533E+02  3.29850E+02  3.33683E+02  3.37344E+02 -9.99990E+02 -9.99990E+02 -9.99990E+02 -9.99990E+02 -9.99990E+02
 -9.99990E+02 -9.99990E+02 -9.99990E+02 -9.99990E+02 -9.99990E+02 -9.99990E+02 -9.99990E+02 -9.99990E+02 -9.99990E+02 -9.99990E+02 -9.99990E+02 -9.99990E+02 -9.99990E+02 -9.99990E+02 -9.99990E+02 -9.99990E+02 -9.99990E+02 -9.99990E+02 -9.99990E+02 -9.99990E+02 -9.99990E+02 -9.99990E+02 -9.99990E+02 -9.99990E+02 -9.99990E+02 -9.99990E+02 -9.99990E+02 -9.99990E+02 -9.99990E+02 -9.99990E+02 -9.99990E+02 -9.99990E+02 -9.99990E+02 -9.99990E+02 -9.99990E+02 -9.99990E+02 -9.99990E+02 -9.99990E+02 -9.99990E+02 -9.99990E+02 -9.99990E+02 -9.99990E+02 -9.99990E+02  2.50686E+02  2.49611E+02  2.48880E+02  2.48149E+02  2.46717E+02  2.45205E+02  2.43498E+02  2.41419E+02  2.38881E+02  2.35891E+02  2.33527E+02  2.36448E+02  2.44088E+02  2.54541E+02  2.64607E+02  2.74210E+02  2.83141E+02  2.91172E+02  2.98894E+02  3.06723E+02  3.14566E+02  3.20933E+02  3.25665E+02  3.29604E+02 -9.99990E+02 -9.99990E+02 -9.99990E+02 -9.99990E+02 -9.99990E+02 -9.99990E+02
 -9.99990E+02 -9.99990E+02 -9.99990E+02 -9.99990E+02 -9.99990E+02 -9.99990E+02 -9.99990E+02 -9.99990E+02 -9.99990E+02 -9.99990E+02 -9.99990E+02 -9.99990E+02 -9.99990E+02 -9.99990E+02 -9.99990E+02 -9.99990E+02 -9.99990E+02 -9.99990E+02 -9.99990E+02 -9.99990E+02 -9.99990E+02 -9.99990E+02 -9.99990E+02 -9.99990E+02 -9.99990E+02 -9.99990E+02 -9.99990E+02 -9.99990E+02 -9.99990E+02 -9.99990E+02 -9.99990E+02 -9.99990E+02 -9.99990E+02 -9.99990E+02 -9.99990E+02 -9.99990E+02 -9.99990E+02 -9.99990E+02 -9.99990E+02 -9.99990E+02 -9.99990E+02 -9.99990E+02 -9.99990E+02 -9.99990E+02  2.47915E+02  2.47585E+02  2.46571E+02  2.45124E+02  2.43758E+02  2.42322E+02  2.40390E+02  2.37934E+02  2.35633E+02  2.34136E+02  2.34275E+02  2.34641E+02  2.46477E+02  2.57237E+02  2.67041E+02  2.75679E+02  2.83573E+02  2.91620E+02  3.00395E+02  3.10992E+02  3.17932E+02  3.21824E+02 -9.99990E+02 -9.99990E+02 -9.99990E+02 -9.99990E+02 -9.99990E+02 -9.99990E+02 -9.99990E+02
 -9.99990E+02 -9.99990E+02 -9.99990E+02 -9.99990E+02 -9.99990E+02 -9.99990E+02 -9.99990E+02 -9.99990E+02 -9.99990E+02 -9.99990E+02 -9.99990E+02 -9.99990E+02 -9.99990E+02 -9.99990E+02 -9.99990E+02 -9.99990E+02 -9.99990E+02 -9.99990E+02 -9.99990E+02 -9.99990E+02 -9.99990E+02 -9.99990E+02 -9.99990E+02 -9.99990E+02 -9.99990E+02 -9.99990E+02 -9.99990E+02 -9.99990E+02 -9.99990E+02 -9.99990E+02 -9.99990E+02 -9.99990E+02 -9.99990E+02 -9.99990E+02 -9.99990E+02 -9.99990E+02 -9.99990E+02 -9.99990E+02 -9.99990E+02 -9.99990E+02 -9.99990E+02 -9.99990E+02 -9.99990E+02 -9.99990E+02  2.46432E+02  2.45939E+02  2.44726E+02  2.42930E+02  2.41526E+02  2.40438E+02  2.38725E+02  2.36418E+02  2.34430E+02  2.32880E+02  2.31744E+02  2.30464E+02  2.39059E+02  2.50288E+02  2.59484E+02  2.67574E+02  2.75298E+02  2.83515E+02  2.91938E+02 -9.99990E+02 -9.99990E+02 -9.99990E+02 -9.99990E+02 -9.99990E+02 -9.99990E+02 -9.99990E+02 -9.99990E+02 -9.99990E+02 -9.99990E+02
 -9.99990E+02 -9.99990E+02 -9.99990E+02 -9.99990E+02 -9.99990E+02 -9.99990E+02 -9.99990E+02 -9.99990E+02 -9.99990E+02 -9.99990E+02 -9.99990E+02 -9.99990E+02 -9.99990E+02 -9.99990E+02 -9.99990E+02 -9.99990E+02 -9.99990E+02 -9.99990E+02 -9.99990E+02 -9.99990E+02 -9.99990E+02 -9.99990E+02 -9.99990E+02 -9.99990E+02 -9.99990E+02 -9.99990E+02 -9.99990E+02 -9.99990E+02 -9.99990E+02 -9.99990E+02 -9.99990E+02 -9.99990E+02 -9.99990E+02 -9.99990E+02 -9.99990E+02 -9.99990E+02 -9.99990E+02 -9.99990E+02 -9.99990E+02 -9.99990E+02 -9.99990E+02 -9.99990E+02 -9.99990E+02 -9.99990E+02  2.45560E+02  2.44957E+02  2.43637E+02  2.40622E+02  2.39027E+02  2.37770E+02  2.36270E+02  2.34495E+02  2.32735E+02  2.30940E+02  2.28999E+02  2.26506E+02  2.34741E+02  2.43840E+02  2.51766E+02  2.59057E+02  2.66137E+02  2.74837E+02 -9.99990E+02 -9.99990E+02 -9.99990E+02 -9.99990E+02 -9.99990E+02 -9.99990E+02 -9.99990E+02 -9.99990E+02 -9.99990E+02 -9.99990E+02 -9.99990E+02
 -9.99990E+02 -9.99990E+02 -9.99990E+02 -9.99990E+02 -9.99990E+02 -9.99990E+02 -9.99990E+02 -9.99990E+02 -9.99990E+02 -9.99990E+02 -9.99990E+02 -9.99990E+02 -9.99990E+02 -9.99990E+02 -9.99990E+02 -9.99990E+02 -9.99990E+02 -9.99990E+02 -9.99990E+02 -9.99990E+02 -9.99990E+02 -9.99990E+02 -9.99990E+02 -9.99990E+02 -9.99990E+02 -9.99990E+02 -9.99990E+02 -9.99990E+02 -9.99990E+02 -9.99990E+02 -9.99990E+02 -9.99990E+02 -9.99990E+02 -9.99990E+02 -9.99990E+02 -9.99990E+02 -9.99990E+02 -9.99990E+02 -9.99990E+02 -9.99990E+02 -9.99990E+02 -9.99990E+02 -9.99990E+02 -9.99990E+02 -9.99990E+02 -9.99990E+02 -9.99990E+02  2.36921E+02  2.36153E+02  2.35146E+02  2.33907E+02  2.32610E+02  2.30974E+02  2.28856E+02  2.26524E+02  2.23936E+02  2.30954E+02  2.37936E+02  2.44373E+02  2.50230E+02  2.55013E+02 -9.99990E+02 -9.99990E+02 -9.99990E+02 -9.99990E+02 -9.99990E+02 -9.99990E+02 -9.99990E+02 -9.99990E+02 -9.99990E+02 -9.99990E+02 -9.99990E+02 -9.99990E+02
 -9.99990E+02 -9.99990E+02 -9.99990E+02 -9.99990E+02 -9.99990E+02 -9.99990E+02 -9.99990E+02 -9.99990E+02 -9.99990E+02 -9.99990E+02 -9.99990E+02 -9.99990E+02 -9.99990E+02 -9.99990E+02 -9.99990E+02 -9.99990E+02 -9.99990E+02 -9.99990E+02 -9.99990E+02 -9.99990E+02 -9.99990E+02 -9.99990E+02 -9.99990E+02 -9.99990E+02 -9.99990E+02 -9.99990E+02 -9.99990E+02 -9.99990E+02 -9.99990E+02 -9.99990E+02 -9.99990E+02 -9.99990E+02 -9.99990E+02 -9.99990E+02 -9.99990E+02 -9.99990E+02 -9.99990E+02 -9.99990E+02 -9.99990E+02 -9.99990E+02 -9.99990E+02 -9.99990E+02 -9.99990E+02 -9.99990E+02 -9.99990E+02 -9.99990E+02 -9.99990E+02  2.33926E+02  2.33443E+02  2.32674E+02  2.31819E+02  2.30947E+02  2.29180E+02  2.26756E+02  2.24135E+02  2.21298E+02  2.26950E+02  2.32339E+02  2.37374E+02  2.42265E+02  2.48618E+02 -9.99990E+02 -9.99990E+02 -9.99990E+02 -9.99990E+02 -9.99990E+02 -9.99990E+02 -9.99990E+02 -9.99990E+02 -9.99990E+02 -9.99990E+02 -9.99990E+02 -9.99990E+02
 -9.99990E+02 -9.99990E+02 -9.99990E+02 -9.99990E+02 -9.99990E+02 -9.99990E+02 -9.99990E+02 -9.99990E+02 -9.99990E+02 -9.99990E+02 -9.99990E+02 -9.99990E+02 -9.99990E+02 -9.99990E+02 -9.99990E+02 -9.99990E+02 -9.99990E+02 -9.99990E+02 -9.99990E+02 -9.99990E+02 -9.99990E+02 -9.99990E+02 -9.99990E+02 -9.99990E+02 -9.99990E+02 -9.99990E+02 -9.99990E+02 -9.99990E+02 -9.99990E+02 -9.99990E+02 -9.99990E+02 -9.99990E+02 -9.99990E+02 -9.99990E+02 -9.99990E+02 -9.99990E+02 -9.99990E+02 -9.99990E+02 -9.99990E+02 -9.99990E+02 -9.99990E+02 -9.99990E+02 -9.99990E+02 -9.99990E+02 -9.99990E+02 -9.99990E+02 -9.99990E+02  2.31439E+02  2.31118E+02  2.30542E+02  2.29977E+02  2.29078E+02  2.27256E+02  2.24567E+02  2.21798E+02  2.18855E+02  2.22845E+02  2.26778E+02  2.30303E+02  2.32759E+02 -9.99990E+02 -9.99990E+02 -9.99990E+02 -9.99990E+02 -9.99990E+02 -9.99990E+02 -9.99990E+02 -9.99990E+02 -9.99990E+02 -9.99990E+02 -9.99990E+02 -9.99990E+02 -9.99990E+02
 -9.99990E+02 -9.99990E+02 -9.99990E+02 -9.99990E+02 -9.99990E+02 -9.99990E+02 -9.99990E+02 -9.99990E+02 -9.99990E+02 -9.99990E+02 -9.99990E+02 -9.99990E+02 -9.99990E+02 -9.99990E+02 -9.99990E+02 -9.99990E+02 -9.99990E+02 -9.99990E+02 -9.99990E+02 -9.99990E+02 -9.99990E+02 -9.99990E+02 -9.99990E+02 -9.99990E+02 -9.99990E+02 -9.99990E+02 -9.99990E+02 -9.99990E+02 -9.99990E+02 -9.99990E+02 -9.99990E+02 -9.99990E+02 -9.99990E+02 -9.99990E+02 -9.99990E+02 -9.99990E+02 -9.99990E+02 -9.99990E+02 -9.99990E+02 -9.99990E+02 -9.99990E+02 -9.99990E+02 -9.99990E+02 -9.99990E+02 -9.99990E+02 -9.99990E+02 -9.99990E+02  2.29462E+02  2.29224E+02  2.28707E+02  2.28304E+02  2.27294E+02  2.24723E+02  2.22025E+02  2.19559E+02  2.17127E+02  2.18612E+02  2.21567E+02  2.24089E+02  2.25611E+02 -9.99990E+02 -9.99990E+02 -9.99990E+02 -9.99990E+02 -9.99990E+02 -9.99990E+02 -9.99990E+02 -9.99990E+02 -9.99990E+02 -9.99990E+02 -9.99990E+02 -9.99990E+02 -9.99990E+02
 -9.99990E+02 -9.99990E+02 -9.99990E+02 -9.99990E+02 -9.99990E+02 -9.99990E+02 -9.99990E+02 -9.99990E+02 -9.99990E+02 -9.99990E+02 -9.99990E+02 -9.99990E+02 -9.99990E+02 -9.99990E+02 -9.99990E+02 -9.99990E+02 -9.99990E+02 -9.99990E+02 -9.99990E+02 -9.99990E+02 -9.99990E+02 -9.99990E+02 -9.99990E+02 -9.99990E+02 -9.99990E+02 -9.99990E+02 -9.99990E+02 -9.99990E+02 -9.99990E+02 -9.99990E+02 -9.99990E+02 -9.99990E+02 -9.99990E+02 -9.99990E+02 -9.99990E+02 -9.99990E+02 -9.99990E+02 -9.99990E+02 -9.99990E+02 -9.99990E+02 -9.99990E+02 -9.99990E+02 -9.99990E+02 -9.99990E+02 -9.99990E+02 -9.99990E+02 -9.99990E+02  2.28057E+02  2.27872E+02  2.27244E+02  2.26364E+02  2.24473E+02  2.21834E+02  2.19474E+02  2.17389E+02  2.15577E+02  2.14227E+02  2.16707E+02  2.18733E+02  2.19853E+02 -9.99990E+02 -9.99990E+02 -9.99990E+02 -9.99990E+02 -9.99990E+02 -9.99990E+02 -9.99990E+02 -9.99990E+02 -9.99990E+02 -9.99990E+02 -9.99990E+02 -9.99990E+02 -9.99990E+02
 -9.99990E+02 -9.99990E+02 -9.99990E+02 -9.99990E+02 -9.99990E+02 -9.99990E+02 -9.99990E+02 -9.99990E+02 -9.99990E+02 -9.99990E+02 -9.99990E+02 -9.99990E+02 -9.99990E+02 -9.99990E+02 -9.99990E+02 -9.99990E+02 -9.99990E+02 -9.99990E+02 -9.99990E+02 -9.99990E+02 -9.99990E+02 -9.99990E+02 -9.99990E+02 -9.99990E+02 -9.99990E+02 -9.99990E+02 -9.99990E+02 -9.99990E+02 -9.99990E+02 -9.99990E+02 -9.99990E+02 -9.99990E+02 -9.99990E+02 -9.99990E+02 -9.99990E+02 -9.99990E+02 -9.99990E+02 -9.99990E+02 -9.99990E+02 -9.99990E+02 -9.99990E+02 -9.99990E+02 -9.99990E+02 -9.99990E+02 -9.99990E+02 -9.99990E+02 -9.99990E+02  2.27103E+02  2.26170E+02  2.25422E+02  2.24098E+02  2.21831E+02  2.19182E+02  2.16902E+02  2.15061E+02  2.13587E+02  2.12508E+02  2.12427E+02  2.14396E+02  2.15178E+02  2.14151E+02 -9.99990E+02 -9.99990E+02 -9.99990E+02 -9.99990E+02 -9.99990E+02 -9.99990E+02 -9.99990E+02 -9.99990E+02 -9.99990E+02 -9.99990E+02 -9.99990E+02 -9.99990E+02
 -9.99990E+02 -9.99990E+02 -9.99990E+02 -9.99990E+02 -9.99990E+02 -9.99990E+02 -9.99990E+02 -9.99990E+02 -9.99990E+02 -9.99990E+02 -9.99990E+02 -9.99990E+02 -9.99990E+02 -9.99990E+02 -9.99990E+02 -9.99990E+02 -9.99990E+02 -9.99990E+02 -9.99990E+02 -9.99990E+02 -9.99990E+02 -9.99990E+02 -9.99990E+02 -9.99990E+02 -9.99990E+02 -9.99990E+02 -9.99990E+02 -9.99990E+02 -9.99990E+02 -9.99990E+02 -9.99990E+02 -9.99990E+02 -9.99990E+02 -9.99990E+02 -9.99990E+02 -9.99990E+02 -9.99990E+02 -9.99990E+02 -9.99990E+02 -9.99990E+02 -9.99990E+02 -9.99990E+02 -9.99990E+02 -9.99990E+02 -9.99990E+02 -9.99990E+02 -9.99990E+02 -9.99990E+02  2.23372E+02  2.22909E+02  2.21313E+02  2.19081E+02  2.16421E+02  2.14129E+02  2.12446E+02  2.11270E+02  2.10448E+02  2.09770E+02  2.11356E+02  2.12305E+02  2.13211E+02 -9.99990E+02 -9.99990E+02 -9.99990E+02 -9.99990E+02 -9.99990E+02 -9.99990E+02 -9.99990E+02 -9.99990E+02 -9.99990E+02 -9.99990E+02 -9.99990E+02 -9.99990E+02
 -9.99990E+02 -9.99990E+02 -9.99990E+02 -9.99990E+02 -9.99990E+02 -9.99990E+02 -9.99990E+02 -9.99990E+02 -9.99990E+02 -9.99990E+02 -9.99990E+02 -9.99990E+02 -9.99990E+02 -9.99990E+02 -9.99990E+02 -9.99990E+02 -9.99990E+02 -9.99990E+02 -9.99990E+02 -9.99990E+02 -9.99990E+02 -9.99990E+02 -9.99990E+02 -9.99990E+02 -9.99990E+02 -9.99990E+02 -9.99990E+02 -9.99990E+02 -9.99990E+02 -9.99990E+02 -9.99990E+02 -9.99990E+02 -9.99990E+02 -9.99990E+02 -9.99990E+02 -9.99990E+02 -9.99990E+02 -9.99990E+02 -9.99990E+02 -9.99990E+02 -9.99990E+02 -9.99990E+02 -9.99990E+02 -9.99990E+02 -9.99990E+02 -9.99990E+02 -9.99990E+02  2.18074E+02  2.20025E+02  2.20048E+02  2.18548E+02  2.16180E+02  2.13393E+02  2.11016E+02  2.09502E+02  2.08752E+02  2.08346E+02  2.07960E+02  2.08930E+02  2.09492E+02 -9.99990E+02 -9.99990E+02 -9.99990E+02 -9.99990E+02 -9.99990E+02 -9.99990E+02 -9.99990E+02 -9.99990E+02 -9.99990E+02 -9.99990E+02 -9.99990E+02 -9.99990E+02 -9.99990E+02
 -9.99990E+02 -9.99990E+02 -9.99990E+02 -9.99990E+02 -9.99990E+02 -9.99990E+02 -9.99990E+02 -9.99990E+02 -9.99990E+02 -9.99990E+02 -9.99990E+02 -9.99990E+02 -9.99990E+02 -9.99990E+02 -9.99990E+02 -9.99990E+02 -9.99990E+02 -9.99990E+02 -9.99990E+02 -9.99990E+02 -9.99990E+02 -9.99990E+02 -9.99990E+02 -9.99990E+02 -9.99990E+02 -9.99990E+02 -9.99990E+02 -9.99990E+02 -9.99990E+02 -9.99990E+02 -9.99990E+02 -9.99990E+02 -9.99990E+02 -9.99990E+02 -9.99990E+02 -9.99990E+02 -9.99990E+02 -9.99990E+02 -9.99990E+02 -9.99990E+02 -9.99990E+02 -9.99990E+02 -9.99990E+02 -9.99990E+02 -9.99990E+02 -9.99990E+02 -9.99990E+02  2.16453E+02  2.17290E+02  2.17471E+02  2.15853E+02  2.13087E+02  2.10402E+02  2.07299E+02  2.05993E+02  2.06048E+02  2.06301E+02  2.06486E+02  2.07063E+02  2.07324E+02 -9.99990E+02 -9.99990E+02 -9.99990E+02 -9.99990E+02 -9.99990E+02 -9.99990E+02 -9.99990E+02 -9.99990E+02 -9.99990E+02 -9.99990E+02 -9.99990E+02 -9.99990E+02 -9.99990E+02
 -9.99990E+02 -9.99990E+02 -9.99990E+02 -9.99990E+02 -9.99990E+02 -9.99990E+02 -9.99990E+02 -9.99990E+02 -9.99990E+02 -9.99990E+02 -9.99990E+02 -9.99990E+02 -9.99990E+02 -9.99990E+02 -9.99990E+02 -9.99990E+02 -9.99990E+02 -9.99990E+02 -9.99990E+02 -9.99990E+02 -9.99990E+02 -9.99990E+02 -9.99990E+02 -9.99990E+02 -9.99990E+02 -9.99990E+02 -9.99990E+02 -9.99990E+02 -9.99990E+02 -9.99990E+02 -9.99990E+02 -9.99990E+02 -9.99990E+02 -9.99990E+02 -9.99990E+02 -9.99990E+02 -9.99990E+02 -9.99990E+02 -9.99990E+02 -9.99990E+02 -9.99990E+02 -9.99990E+02 -9.99990E+02 -9.99990E+02 -9.99990E+02 -9.99990E+02 -9.99990E+02  2.14036E+02  2.14335E+02  2.14465E+02  2.12904E+02  2.10345E+02  2.08080E+02  2.05735E+02  2.05243E+02  2.05247E+02  2.05395E+02  2.05495E+02  2.05593E+02  2.05369E+02  2.04297E+02  2.03724E+02  2.03454E+02 -9.99990E+02 -9.99990E+02 -9.99990E+02 -9.99990E+02 -9.99990E+02 -9.99990E+02 -9.99990E+02 -9.99990E+02 -9.99990E+02 -9.99990E+02
 -9.99990E+02 -9.99990E+02 -9.99990E+02 -9.99990E+02 -9.99990E+02 -9.99990E+02 -9.99990E+02 -9.99990E+02 -9.99990E+02 -9.99990E+02 -9.99990E+02 -9.99990E+02 -9.99990E+02 -9.99990E+02 -9.99990E+02 -9.99990E+02 -9.99990E+02 -9.99990E+02 -9.99990E+02 -9.99990E+02 -9.99990E+02 -9.99990E+02 -9.99990E+02 -9.99990E+02 -9.99990E+02 -9.99990E+02 -9.99990E+02 -9.99990E+02 -9.99990E+02 -9.99990E+02 -9.99990E+02 -9.99990E+02 -9.99990E+02 -9.99990E+02 -9.99990E+02 -9.99990E+02 -9.99990E+02 -9.99990E+02 -9.99990E+02 -9.99990E+02 -9.99990E+02 -9.99990E+02 -9.99990E+02 -9.99990E+02 -9.99990E+02 -9.99990E+02 -9.99990E+02  2.11658E+02  2.11561E+02  2.11166E+02  2.09803E+02  2.07882E+02  2.06037E+02  2.04399E+02  2.03993E+02  2.04223E+02  2.04397E+02  2.04441E+02  2.04410E+02  2.04227E+02  2.03782E+02  2.03422E+02  2.03167E+02  2.02940E+02 -9.99990E+02 -9.99990E+02 -9.99990E+02 -9.99990E+02 -9.99990E+02 -9.99990E+02 -9.99990E+02 -9.99990E+02 -9.99990E+02
 -9.99990E+02 -9.99990E+02 -9.99990E+02 -9.99990E+02 -9.99990E+02 -9.99990E+02 -9.99990E+02 -9.99990E+02 -9.99990E+02 -9.99990E+02 -9.99990E+02 -9.99990E+02 -9.99990E+02 -9.99990E+02 -9.99990E+02 -9.99990E+02 -9.99990E+02 -9.99990E+02 -9.99990E+02 -9.99990E+02 -9.99990E+02 -9.99990E+02 -9.99990E+02 -9.99990E+02 -9.99990E+02 -9.99990E+02 -9.99990E+02 -9.99990E+02 -9.99990E+02 -9.99990E+02 -9.99990E+02 -9.99990E+02 -9.99990E+02 -9.99990E+02 -9.99990E+02 -9.99990E+02 -9.99990E+02 -9.99990E+02 -9.99990E+02 -9.99990E+02 -9.99990E+02 -9.99990E+02 -9.99990E+02 -9.99990E+02 -9.99990E+02 -9.99990E+02  2.09434E+02  2.09475E+02  2.09145E+02  2.08538E+02  2.07265E+02  2.05620E+02  2.03976E+02  2.02809E+02  2.02972E+02  2.03205E+02  2.03360E+02  2.03435E+02  2.03434E+02  2.03361E+02  2.03168E+02  2.02973E+02  2.02814E+02  2.02694E+02 -9.99990E+02 -9.99990E+02 -9.99990E+02 -9.99990E+02 -9.99990E+02 -9.99990E+02 -9.99990E+02 -9.99990E+02 -9.99990E+02
 -9.99990E+02 -9.99990E+02 -9.99990E+02 -9.99990E+02 -9.99990E+02 -9.99990E+02 -9.99990E+02 -9.99990E+02 -9.99990E+02 -9.99990E+02 -9.99990E+02 -9.99990E+02 -9.99990E+02 -9.99990E+02 -9.99990E+02 -9.99990E+02 -9.99990E+02 -9.99990E+02 -9.99990E+02 -9.99990E+02 -9.99990E+02 -9.99990E+02 -9.99990E+02 -9.99990E+02 -9.99990E+02 -9.99990E+02 -9.99990E+02 -9.99990E+02 -9.99990E+02 -9.99990E+02 -9.99990E+02 -9.99990E+02 -9.99990E+02 -9.99990E+02 -9.99990E+02 -9.99990E+02 -9.99990E+02 -9.99990E+02 -9.99990E+02 -9.99990E+02 -9.99990E+02 -9.99990E+02 -9.99990E+02 -9.99990E+02 -9.99990E+02 -9.99990E+02 -9.99990E+02  2.07403E+02  2.07062E+02  2.06389E+02  2.05161E+02  2.03671E+02  2.01679E+02  2.01560E+02  2.01805E+02  2.02104E+02  2.02333E+02  2.02484E+02  2.02579E+02  2.02638E+02  2.02554E+02  2.02473E+02  2.02395E+02  2.02304E+02  2.02134E+02  2.02111E+02 -9.99990E+02 -9.99990E+02 -9.99990E+02 -9.99990E+02 -9.99990E+02 -9.99990E+02 -9.99990E+02
 -9.99990E+02 -9.99990E+02 -9.99990E+02 -9.99990E+02 -9.99990E+02 -9.99990E+02 -9.99990E+02 -9.99990E+02 -9.99990E+02 -9.99990E+02 -9.99990E+02 -9.99990E+02 -9.99990E+02 -9.99990E+02 -9.99990E+02 -9.99990E+02 -9.99990E+02 -9.99990E+02 -9.99990E+02 -9.99990E+02 -9.99990E+02 -9.99990E+02 -9.99990E+02 -9.99990E+02 -9.99990E+02 -9.99990E+02 -9.99990E+02 -9.99990E+02 -9.99990E+02 -9.99990E+02 -9.99990E+02 -9.99990E+02 -9.99990E+02 -9.99990E+02 -9.99990E+02 -9.99990E+02 -9.99990E+02 -9.99990E+02 -9.99990E+02 -9.99990E+02 -9.99990E+02 -9.99990E+02 -9.99990E+02 -9.99990E+02 -9.99990E+02 -9.99990E+02 -9.99990E+02  2.05530E+02  2.05254E+02  2.04605E+02  2.03578E+02  2.02468E+02  2.01366E+02  2.00517E+02  2.00512E+02  2.00938E+02  2.01272E+02  2.01510E+02  2.01764E+02  2.01941E+02  2.01955E+02  2.01966E+02  2.01969E+02  2.01963E+02  2.01956E+02  2.02050E+02 -9.99990E+02 -9.99990E+02 -9.99990E+02 -9.99990E+02 -9.99990E+02 -9.99990E+02 -9.99990E+02
 -9.99990E+02 -9.99990E+02 -9.99990E+02 -9.99990E+02 -9.99990E+02 -9.99990E+02 -9.99990E+02 -9.99990E+02 -9.99990E+02 -9.99990E+02 -9.99990E+02 -9.99990E+02 -9.99990E+02 -9.99990E+02 -9.99990E+02 -9.99990E+02 -9.99990E+02 -9.99990E+02 -9.99990E+02 -9.99990E+02 -9.99990E+02 -9.99990E+02 -9.99990E+02 -9.99990E+02 -9.99990E+02 -9.99990E+02 -9.99990E+02 -9.99990E+02 -9.99990E+02 -9.99990E+02 -9.99990E+02 -9.99990E+02 -9.99990E+02 -9.99990E+02 -9.99990E+02 -9.99990E+02 -9.99990E+02 -9.99990E+02 -9.99990E+02 -9.99990E+02 -9.99990E+02 -9.99990E+02 -9.99990E+02 -9.99990E+02 -9.99990E+02 -9.99990E+02  2.03233E+02  2.03763E+02  2.03627E+02  2.03104E+02  2.02277E+02  2.01434E+02  2.00649E+02  1.99967E+02  1.99551E+02  1.99681E+02  2.00141E+02  2.00534E+02  2.00912E+02  2.01210E+02  2.01365E+02  2.01476E+02  2.01545E+02  2.01600E+02  2.01632E+02 -9.99990E+02 -9.99990E+02 -9.99990E+02 -9.99990E+02 -9.99990E+02 -9.99990E+02 -9.99990E+02 -9.99990E+02
 -9.99990E+02 -9.99990E+02 -9.99990E+02 -9.99990E+02 -9.99990E+02 -9.99990E+02 -9.99990E+02 -9.99990E+02 -9.99990E+02 -9.99990E+02 -9.99990E+02 -9.99990E+02 -9.99990E+02 -9.99990E+02 -9.99990E+02 -9.99990E+02 -9.99990E+02 -9.99990E+02 -9.99990E+02 -9.99990E+02 -9.99990E+02 -9.99990E+02 -9.99990E+02 -9.99990E+02 -9.99990E+02 -9.99990E+02 -9.99990E+02 -9.99990E+02 -9.99990E+02 -9.99990E+02 -9.99990E+02 -9.99990E+02 -9.99990E+02 -9.99990E+02 -9.99990E+02 -9.99990E+02 -9.99990E+02 -9.99990E+02 -9.99990E+02 -9.99990E+02 -9.99990E+02 -9.99990E+02 -9.99990E+02 -9.99990E+02 -9.99990E+02  2.02269E+02  2.02489E+02  2.02569E+02  2.02364E+02  2.01804E+02  2.01114E+02  2.00438E+02  1.99844E+02  1.99194E+02  1.98713E+02  1.98391E+02  1.99033E+02  1.99597E+02  2.00085E+02  2.00480E+02  2.00779E+02  2.01000E+02  2.01142E+02  2.01257E+02  2.01326E+02 -9.99990E+02 -9.99990E+02 -9.99990E+02 -9.99990E+02 -9.99990E+02 -9.99990E+02 -9.99990E+02 -9.99990E+02
 -9.99990E+02 -9.99990E+02 -9.99990E+02 -9.99990E+02 -9.99990E+02 -9.99990E+02 -9.99990E+02 -9.99990E+02 -9.99990E+02 -9.99990E+02 -9.99990E+02 -9.99990E+02 -9.99990E+02 -9.99990E+02 -9.99990E+02 -9.99990E+02 -9.99990E+02 -9.99990E+02 -9.99990E+02 -9.99990E+02 -9.99990E+02 -9.99990E+02 -9.99990E+02 -9.99990E+02 -9.99990E+02 -9.99990E+02 -9.99990E+02 -9.99990E+02 -9.99990E+02 -9.99990E+02 -9.99990E+02 -9.99990E+02 -9.99990E+02 -9.99990E+02 -9.99990E+02 -9.99990E+02 -9.99990E+02 -9.99990E+02 -9.99990E+02 -9.99990E+02 -9.99990E+02 -9.99990E+02 -9.99990E+02 -9.99990E+02 -9.99990E+02  2.01861E+02  2.01818E+02  2.01679E+02  2.01320E+02  2.00714E+02  2.00073E+02  1.99493E+02  1.98945E+02  1.98300E+02  1.97731E+02  1.97172E+02  1.98006E+02  1.98699E+02  1.99286E+02  1.99766E+02  2.00167E+02  2.00501E+02  2.00757E+02  2.00945E+02  2.01070E+02  2.01100E+02 -9.99990E+02 -9.99990E+02 -9.99990E+02 -9.99990E+02 -9.99990E+02 -9.99990E+02 -9.99990E+02
 -9.99990E+02 -9.99990E+02 -9.99990E+02 -9.99990E+02 -9.99990E+02 -9.99990E+02 -9.99990E+02 -9.99990E+02 -9.99990E+02 -9.99990E+02 -9.99990E+02 -9.99990E+02 -9.99990E+02 -9.99990E+02 -9.99990E+02 -9.99990E+02 -9.99990E+02 -9.99990E+02 -9.99990E+02 -9.99990E+02 -9.99990E+02 -9.99990E+02 -9.99990E+02 -9.99990E+02 -9.99990E+02 -9.99990E+02 -9.99990E+02 -9.99990E+02 -9.99990E+02 -9.99990E+02 -9.99990E+02 -9.99990E+02 -9.99990E+02 -9.99990E+02 -9.99990E+02 -9.99990E+02 -9.99990E+02 -9.99990E+02 -9.99990E+02 -9.99990E+02 -9.99990E+02 -9.99990E+02 -9.99990E+02  2.01331E+02  2.01314E+02  2.01351E+02  2.01184E+02  2.00828E+02  2.00315E+02  1.99702E+02  1.99068E+02  1.98491E+02  1.97887E+02  1.97316E+02  1.96762E+02  1.96265E+02  1.97137E+02  1.97842E+02  1.98462E+02  1.99032E+02  1.99553E+02  2.00056E+02  2.00434E+02  2.00685E+02  2.00886E+02 -9.99990E+02 -9.99990E+02 -9.99990E+02 -9.99990E+02 -9.99990E+02 -9.99990E+02 -9.99990E+02 -9.99990E+02
 -9.99990E+02 -9.99990E+02 -9.99990E+02 -9.99990E+02 -9.99990E+02 -9.99990E+02 -9.99990E+02 -9.99990E+02 -9.99990E+02 -9.99990E+02 -9.99990E+02 -9.99990E+02 -9.99990E+02 -9.99990E+02 -9.99990E+02 -9.99990E+02 -9.99990E+02 -9.99990E+02 -9.99990E+02 -9.99990E+02 -9.99990E+02 -9.99990E+02 -9.99990E+02 -9.99990E+02 -9.99990E+02 -9.99990E+02 -9.99990E+02 -9.99990E+02 -9.99990E+02 -9.99990E+02 -9.99990E+02 -9.99990E+02 -9.99990E+02 -9.99990E+02 -9.99990E+02 -9.99990E+02 -9.99990E+02 -9.99990E+02 -9.99990E+02 -9.99990E+02 -9.99990E+02 -9.99990E+02 -9.99990E+02  2.01222E+02  2.01121E+02  2.00937E+02  2.00621E+02  2.00141E+02  1.99504E+02  1.98782E+02  1.98082E+02  1.97429E+02  1.96785E+02  1.96190E+02  1.95745E+02  1.95561E+02  1.96371E+02  1.97035E+02  1.97636E+02  1.98241E+02  1.98918E+02  1.99734E+02  2.00214E+02  2.00456E+02 -9.99990E+02 -9.99990E+02 -9.99990E+02 -9.99990E+02 -9.99990E+02 -9.99990E+02 -9.99990E+02 -9.99990E+02 -9.99990E+02
 -9.99990E+02 -9.99990E+02 -9.99990E+02 -9.99990E+02 -9.99990E+02 -9.99990E+02 -9.99990E+02 -9.99990E+02 -9.99990E+02 -9.99990E+02 -9.99990E+02 -9.99990E+02 -9.99990E+02 -9.99990E+02 -9.99990E+02 -9.99990E+02 -9.99990E+02 -9.99990E+02 -9.99990E+02 -9.99990E+02 -9.99990E+02 -9.99990E+02 -9.99990E+02 -9.99990E+02 -9.99990E+02 -9.99990E+02 -9.99990E+02 -9.99990E+02 -9.99990E+02 -9.99990E+02 -9.99990E+02 -9.99990E+02 -9.99990E+02 -9.99990E+02 -9.99990E+02 -9.99990E+02 -9.99990E+02 -9.99990E+02 -9.99990E+02 -9.99990E+02 -9.99990E+02 -9.99990E+02 -9.99990E+02  2.01065E+02  2.00860E+02  2.00533E+02  2.00086E+02  1.99502E+02  1.98772E+02  1.97965E+02  1.97145E+02  1.96358E+02  1.95521E+02  1.94796E+02  1.94441E+02  1.95044E+02  1.95656E+02  1.96219E+02  1.96723E+02  1.97252E+02  1.98077E+02 -9.99990E+02 -9.99990E+02 -9.99990E+02 -9.99990E+02 -9.99990E+02 -9.99990E+02 -9.99990E+02 -9.99990E+02 -9.99990E+02 -9.99990E+02 -9.99990E+02 -9.99990E+02
 -9.99990E+02 -9.99990E+02 -9.99990E+02 -9.99990E+02 -9.99990E+02 -9.99990E+02 -9.99990E+02 -9.99990E+02 -9.99990E+02 -9.99990E+02 -9.99990E+02 -9.99990E+02 -9.99990E+02 -9.99990E+02 -9.99990E+02 -9.99990E+02 -9.99990E+02 -9.99990E+02 -9.99990E+02 -9.99990E+02 -9.99990E+02 -9.99990E+02 -9.99990E+02 -9.99990E+02 -9.99990E+02 -9.99990E+02 -9.99990E+02 -9.99990E+02 -9.99990E+02 -9.99990E+02 -9.99990E+02 -9.99990E+02 -9.99990E+02 -9.99990E+02 -9.99990E+02 -9.99990E+02 -9.99990E+02 -9.99990E+02 -9.99990E+02 -9.99990E+02 -9.99990E+02 -9.99990E+02 -9.99990E+02  2.00872E+02  2.00496E+02  2.00070E+02  1.99522E+02  1.98852E+02  1.98059E+02  1.97189E+02  1.96285E+02  1.95390E+02  1.94164E+02  1.93296E+02  1.93922E+02  1.94339E+02  1.94826E+02  1.95269E+02  1.95648E+02  1.95892E+02 -9.99990E+02 -9.99990E+02 -9.99990E+02 -9.99990E+02 -9.99990E+02 -9.99990E+02 -9.99990E+02 -9.99990E+02 -9.99990E+02 -9.99990E+02 -9.99990E+02 -9.99990E+02 -9.99990E+02
 -9.99990E+02 -9.99990E+02 -9.99990E+02 -9.99990E+02 -9.99990E+02 -9.99990E+02 -9.99990E+02 -9.99990E+02 -9.99990E+02 -9.99990E+02 -9.99990E+02 -9.99990E+02 -9.99990E+02 -9.99990E+02 -9.99990E+02 -9.99990E+02 -9.99990E+02 -9.99990E+02 -9.99990E+02 -9.99990E+02 -9.99990E+02 -9.99990E+02 -9.99990E+02 -9.99990E+02 -9.99990E+02 -9.99990E+02 -9.99990E+02 -9.99990E+02 -9.99990E+02 -9.99990E+02 -9.99990E+02 -9.99990E+02 -9.99990E+02 -9.99990E+02 -9.99990E+02 -9.99990E+02 -9.99990E+02 -9.99990E+02 -9.99990E+02 -9.99990E+02 -9.99990E+02 -9.99990E+02 -9.99990E+02 -9.99990E+02  1.99896E+02  1.99497E+02  1.98918E+02  1.98173E+02  1.97305E+02  1.96392E+02  1.95533E+02  1.94792E+02  1.94108E+02  1.93356E+02  1.93359E+02  1.93546E+02  1.93908E+02  1.94281E+02  1.94607E+02  1.94766E+02 -9.99990E+02 -9.99990E+02 -9.99990E+02 -9.99990E+02 -9.99990E+02 -9.99990E+02 -9.99990E+02 -9.99990E+02 -9.99990E+02 -9.99990E+02 -9.99990E+02 -9.99990E+02 -9.99990E+02
 -9.99990E+02 -9.99990E+02 -9.99990E+02 -9.99990E+02 -9.99990E+02 -9.99990E+02 -9.99990E+02 -9.99990E+02 -9.99990E+02 -9.99990E+02 -9.99990E+02 -9.99990E+02 -9.99990E+02 -9.99990E+02 -9.99990E+02 -9.99990E+02 -9.99990E+02 -9.99990E+02 -9.99990E+02 -9.99990E+02 -9.99990E+02 -9.99990E+02 -9.99990E+02 -9.99990E+02 -9.99990E+02 -9.99990E+02 -9.99990E+02 -9.99990E+02 -9.99990E+02 -9.99990E+02 -9.99990E+02 -9.99990E+02 -9.99990E+02 -9.99990E+02 -9.99990E+02 -9.99990E+02 -9.99990E+02 -9.99990E+02 -9.99990E+02 -9.99990E+02 -9.99990E+02 -9.99990E+02 -9.99990E+02 -9.99990E+02  1.99455E+02  1.98864E+02  1.98233E+02  1.97404E+02  1.96487E+02  1.95567E+02  1.94753E+02  1.94078E+02  1.93456E+02  1.92843E+02  1.92614E+02  1.92629E+02  1.92831E+02  1.93242E+02  1.93579E+02  1.93826E+02 -9.99990E+02 -9.99990E+02 -9.99990E+02 -9.99990E+02 -9.99990E+02 -9.99990E+02 -9.99990E+02 -9.99990E+02 -9.99990E+02 -9.99990E+02 -9.99990E+02 -9.99990E+02 -9.99990E+02
 -9.99990E+02 -9.99990E+02 -9.99990E+02 -9.99990E+02 -9.99990E+02 -9.99990E+02 -9.99990E+02 -9.99990E+02 -9.99990E+02 -9.99990E+02 -9.99990E+02 -9.99990E+02 -9.99990E+02 -9.99990E+02 -9.99990E+02 -9.99990E+02 -9.99990E+02 -9.99990E+02 -9.99990E+02 -9.99990E+02 -9.99990E+02 -9.99990E+02 -9.99990E+02 -9.99990E+02 -9.99990E+02 -9.99990E+02 -9.99990E+02 -9.99990E+02 -9.99990E+02 -9.99990E+02 -9.99990E+02 -9.99990E+02 -9.99990E+02 -9.99990E+02 -9.99990E+02 -9.99990E+02 -9.99990E+02 -9.99990E+02 -9.99990E+02 -9.99990E+02 -9.99990E+02 -9.99990E+02 -9.99990E+02 -9.99990E+02 -9.99990E+02  1.98007E+02  1.97476E+02  1.96543E+02  1.95548E+02  1.94668E+02  1.93901E+02  1.93264E+02  1.92704E+02  1.92151E+02  1.91632E+02  1.91543E+02  1.91595E+02  1.92098E+02  1.92515E+02  1.93153E+02 -9.99990E+02 -9.99990E+02 -9.99990E+02 -9.99990E+02 -9.99990E+02 -9.99990E+02 -9.99990E+02 -9.99990E+02 -9.99990E+02 -9.99990E+02 -9.99990E+02 -9.99990E+02 -9.99990E+02
 -9.99990E+02 -9.99990E+02 -9.99990E+02 -9.99990E+02 -9.99990E+02 -9.99990E+02 -9.99990E+02 -9.99990E+02 -9.99990E+02 -9.99990E+02 -9.99990E+02 -9.99990E+02 -9.99990E+02 -9.99990E+02 -9.99990E+02 -9.99990E+02 -9.99990E+02 -9.99990E+02 -9.99990E+02 -9.99990E+02 -9.99990E+02 -9.99990E+02 -9.99990E+02 -9.99990E+02 -9.99990E+02 -9.99990E+02 -9.99990E+02 -9.99990E+02 -9.99990E+02 -9.99990E+02 -9.99990E+02 -9.99990E+02 -9.99990E+02 -9.99990E+02 -9.99990E+02 -9.99990E+02 -9.99990E+02 -9.99990E+02 -9.99990E+02 -9.99990E+02 -9.99990E+02 -9.99990E+02 -9.99990E+02 -9.99990E+02 -9.99990E+02  1.97536E+02  1.96899E+02  1.95481E+02  1.94498E+02  1.93706E+02  1.92973E+02  1.92317E+02  1.91798E+02  1.91263E+02  1.90799E+02  1.90613E+02  1.90679E+02  1.90927E+02  1.91082E+02 -9.99990E+02 -9.99990E+02 -9.99990E+02 -9.99990E+02 -9.99990E+02 -9.99990E+02 -9.99990E+02 -9.99990E+02 -9.99990E+02 -9.99990E+02 -9.99990E+02 -9.99990E+02 -9.99990E+02 -9.99990E+02
 -9.99990E+02 -9.99990E+02 -9.99990E+02 -9.99990E+02 -9.99990E+02 -9.99990E+02 -9.99990E+02 -9.99990E+02 -9.99990E+02 -9.99990E+02 -9.99990E+02 -9.99990E+02 -9.99990E+02 -9.99990E+02 -9.99990E+02 -9.99990E+02 -9.99990E+02 -9.99990E+02 -9.99990E+02 -9.99990E+02 -9.99990E+02 -9.99990E+02 -9.99990E+02 -9.99990E+02 -9.99990E+02 -9.99990E+02 -9.99990E+02 -9.99990E+02 -9.99990E+02 -9.99990E+02 -9.99990E+02 -9.99990E+02 -9.99990E+02 -9.99990E+02 -9.99990E+02 -9.99990E+02 -9.99990E+02 -9.99990E+02 -9.99990E+02 -9.99990E+02 -9.99990E+02 -9.99990E+02 -9.99990E+02 -9.99990E+02 -9.99990E+02 -9.99990E+02 -9.99990E+02  1.93772E+02  1.93262E+02  1.92623E+02  1.91913E+02  1.91219E+02  1.90696E+02  1.90150E+02  1.89640E+02  1.89349E+02  1.89587E+02  1.89722E+02  1.89771E+02 -9.99990E+02 -9.99990E+02 -9.99990E+02 -9.99990E+02 -9.99990E+02 -9.99990E+02 -9.99990E+02 -9.99990E+02 -9.99990E+02 -9.99990E+02 -9.99990E+02 -9.99990E+02 -9.99990E+02 -9.99990E+02
 -9.99990E+02 -9.99990E+02 -9.99990E+02 -9.99990E+02 -9.99990E+02 -9.99990E+02 -9.99990E+02 -9.99990E+02 -9.99990E+02 -9.99990E+02 -9.99990E+02 -9.99990E+02 -9.99990E+02 -9.99990E+02 -9.99990E+02 -9.99990E+02 -9.99990E+02 -9.99990E+02 -9.99990E+02 -9.99990E+02 -9.99990E+02 -9.99990E+02 -9.99990E+02 -9.99990E+02 -9.99990E+02 -9.99990E+02 -9.99990E+02 -9.99990E+02 -9.99990E+02 -9.99990E+02 -9.99990E+02 -9.99990E+02 -9.99990E+02 -9.99990E+02 -9.99990E+02 -9.99990E+02 -9.99990E+02 -9.99990E+02 -9.99990E+02 -9.99990E+02 -9.99990E+02 -9.99990E+02 -9.99990E+02 -9.99990E+02 -9.99990E+02 -9.99990E+02 -9.99990E+02  1.92455E+02  1.91956E+02  1.91329E+02  1.90667E+02  1.90052E+02  1.89504E+02  1.88831E+02  1.88277E+02  1.87997E+02  1.88234E+02  1.88438E+02  1.88507E+02 -9.99990E+02 -9.99990E+02 -9.99990E+02 -9.99990E+02 -9.99990E+02 -9.99990E+02 -9.99990E+02 -9.99990E+02 -9.99990E+02 -9.99990E+02 -9.99990E+02 -9.99990E+02 -9.99990E+02 -9.99990E+02
 -9.99990E+02 -9.99990E+02 -9.99990E+02 -9.99990E+02 -9.99990E+02 -9.99990E+02 -9.99990E+02 -9.99990E+02 -9.99990E+02 -9.99990E+02 -9.99990E+02 -9.99990E+02 -9.99990E+02 -9.99990E+02 -9.99990E+02 -9.99990E+02 -9.99990E+02 -9.99990E+02 -9.99990E+02 -9.99990E+02 -9.99990E+02 -9.99990E+02 -9.99990E+02 -9.99990E+02 -9.99990E+02 -9.99990E+02 -9.99990E+02 -9.99990E+02 -9.99990E+02 -9.99990E+02 -9.99990E+02 -9.99990E+02 -9.99990E+02 -9.99990E+02 -9.99990E+02 -9.99990E+02 -9.99990E+02 -9.99990E+02 -9.99990E+02 -9.99990E+02 -9.99990E+02 -9.99990E+02 -9.99990E+02 -9.99990E+02 -9.99990E+02 -9.99990E+02 -9.99990E+02  1.91574E+02  1.90670E+02  1.90029E+02  1.89469E+02  1.88897E+02  1.88399E+02  1.87938E+02  1.87222E+02  1.86858E+02  1.86921E+02  1.87178E+02  1.87325E+02 -9.99990E+02 -9.99990E+02 -9.99990E+02 -9.99990E+02 -9.99990E+02 -9.99990E+02 -9.99990E+02 -9.99990E+02 -9.99990E+02 -9.99990E+02 -9.99990E+02 -9.99990E+02 -9.99990E+02 -9.99990E+02
 -9.99990E+02 -9.99990E+02 -9.99990E+02 -9.99990E+02 -9.99990E+02 -9.99990E+02 -9.99990E+02 -9.99990E+02 -9.99990E+02 -9.99990E+02 -9.99990E+02 -9.99990E+02 -9.99990E+02 -9.99990E+02 -9.99990E+02 -9.99990E+02 -9.99990E+02 -9.99990E+02 -9.99990E+02 -9.99990E+02 -9.99990E+02 -9.99990E+02 -9.99990E+02 -9.99990E+02 -9.99990E+02 -9.99990E+02 -9.99990E+02 -9.99990E+02 -9.99990E+02 -9.99990E+02 -9.99990E+02 -9.99990E+02 -9.99990E+02 -9.99990E+02 -9.99990E+02 -9.99990E+02 -9.99990E+02 -9.99990E+02 -9.99990E+02 -9.99990E+02 -9.99990E+02 -9.99990E+02 -9.99990E+02 -9.99990E+02 -9.99990E+02 -9.99990E+02 -9.99990E+02 -9.99990E+02  1.89191E+02  1.88759E+02  1.88241E+02  1.87735E+02  1.87257E+02  1.86761E+02  1.85866E+02  1.85326E+02  1.85495E+02  1.86064E+02  1.86252E+02 -9.99990E+02 -9.99990E+02 -9.99990E+02 -9.99990E+02 -9.99990E+02 -9.99990E+02 -9.99990E+02 -9.99990E+02 -9.99990E+02 -9.99990E+02 -9.99990E+02 -9.99990E+02 -9.99990E+02 -9.99990E+02
 -9.99990E+02 -9.99990E+02 -9.99990E+02 -9.99990E+02 -9.99990E+02 -9.99990E+02 -9.99990E+02 -9.99990E+02 -9.99990E+02 -9.99990E+02 -9.99990E+02 -9.99990E+02 -9.99990E+02 -9.99990E+02 -9.99990E+02 -9.99990E+02 -9.99990E+02 -9.99990E+02 -9.99990E+02 -9.99990E+02 -9.99990E+02 -9.99990E+02 -9.99990E+02 -9.99990E+02 -9.99990E+02 -9.99990E+02 -9.99990E+02 -9.99990E+02 -9.99990E+02 -9.99990E+02 -9.99990E+02 -9.99990E+02 -9.99990E+02 -9.99990E+02 -9.99990E+02 -9.99990E+02 -9.99990E+02 -9.99990E+02 -9.99990E+02 -9.99990E+02 -9.99990E+02 -9.99990E+02 -9.99990E+02 -9.99990E+02 -9.99990E+02 -9.99990E+02 -9.99990E+02 -9.99990E+02  1.88049E+02  1.87631E+02  1.87162E+02  1.86641E+02  1.86149E+02  1.85680E+02  1.85158E+02  1.84832E+02  1.84802E+02  1.85302E+02  1.85363E+02 -9.99990E+02 -9.99990E+02 -9.99990E+02 -9.99990E+02 -9.99990E+02 -9.99990E+02 -9.99990E+02 -9.99990E+02 -9.99990E+02 -9.99990E+02 -9.99990E+02 -9.99990E+02 -9.99990E+02 -9.99990E+02
 -9.99990E+02 -9.99990E+02 -9.99990E+02 -9.99990E+02 -9.99990E+02 -9.99990E+02 -9.99990E+02 -9.99990E+02 -9.99990E+02 -9.99990E+02 -9.99990E+02 -9.99990E+02 -9.99990E+02 -9.99990E+02 -9.99990E+02 -9.99990E+02 -9.99990E+02 -9.99990E+02 -9.99990E+02 -9.99990E+02 -9.99990E+02 -9.99990E+02 -9.99990E+02 -9.99990E+02 -9.99990E+02 -9.99990E+02 -9.99990E+02 -9.99990E+02 -9.99990E+02 -9.99990E+02 -9.99990E+02 -9.99990E+02 -9.99990E+02 -9.99990E+02 -9.99990E+02 -9.99990E+02 -9.99990E+02 -9.99990E+02 -9.99990E+02 -9.99990E+02 -9.99990E+02 -9.99990E+02 -9.99990E+02 -9.99990E+02 -9.99990E+02 -9.99990E+02 -9.99990E+02 -9.99990E+02  1.87342E+02  1.86603E+02  1.86091E+02  1.85576E+02  1.85111E+02  1.84677E+02  1.84309E+02  1.84067E+02  1.84428E+02  1.84539E+02  1.84571E+02 -9.99990E+02 -9.99990E+02 -9.99990E+02 -9.99990E+02 -9.99990E+02 -9.99990E+02 -9.99990E+02 -9.99990E+02 -9.99990E+02 -9.99990E+02 -9.99990E+02 -9.99990E+02 -9.99990E+02 -9.99990E+02
 -9.99990E+02 -9.99990E+02 -9.99990E+02 -9.99990E+02 -9.99990E+02 -9.99990E+02 -9.99990E+02 -9.99990E+02 -9.99990E+02 -9.99990E+02 -9.99990E+02 -9.99990E+02 -9.99990E+02 -9.99990E+02 -9.99990E+02 -9.99990E+02 -9.99990E+02 -9.99990E+02 -9.99990E+02 -9.99990E+02 -9.99990E+02 -9.99990E+02 -9.99990E+02 -9.99990E+02 -9.99990E+02 -9.99990E+02 -9.99990E+02 -9.99990E+02 -9.99990E+02 -9.99990E+02 -9.99990E+02 -9.99990E+02 -9.99990E+02 -9.99990E+02 -9.99990E+02 -9.99990E+02 -9.99990E+02 -9.99990E+02 -9.99990E+02 -9.99990E+02 -9.99990E+02 -9.99990E+02 -9.99990E+02 -9.99990E+02 -9.99990E+02 -9.99990E+02 -9.99990E+02 -9.99990E+02 -9.99990E+02  1.85164E+02  1.84934E+02  1.84557E+02  1.84098E+02  1.83651E+02  1.83358E+02  1.83305E+02  1.83774E+02  1.83787E+02  1.83790E+02 -9.99990E+02 -9.99990E+02 -9.99990E+02 -9.99990E+02 -9.99990E+02 -9.99990E+02 -9.99990E+02 -9.99990E+02 -9.99990E+02 -9.99990E+02 -9.99990E+02 -9.99990E+02 -9.99990E+02 -9.99990E+02
 -9.99990E+02 -9.99990E+02 -9.99990E+02 -9.99990E+02 -9.99990E+02 -9.99990E+02 -9.99990E+02 -9.99990E+02 -9.99990E+02 -9.99990E+02 -9.99990E+02 -9.99990E+02 -9.99990E+02 -9.99990E+02 -9.99990E+02 -9.99990E+02 -9.99990E+02 -9.99990E+02 -9.99990E+02 -9.99990E+02 -9.99990E+02 -9.99990E+02 -9.99990E+02 -9.99990E+02 -9.99990E+02 -9.99990E+02 -9.99990E+02 -9.99990E+02 -9.99990E+02 -9.99990E+02 -9.99990E+02 -9.99990E+02 -9.99990E+02 -9.99990E+02 -9.99990E+02 -9.99990E+02 -9.99990E+02 -9.99990E+02 -9.99990E+02 -9.99990E+02 -9.99990E+02 -9.99990E+02 -9.99990E+02 -9.99990E+02 -9.99990E+02 -9.99990E+02 -9.99990E+02 -9.99990E+02 -9.99990E+02  1.84048E+02  1.83877E+02  1.83546E+02  1.83079E+02  1.82567E+02  1.82211E+02  1.82514E+02  1.82868E+02  1.83069E+02  1.82998E+02 -9.99990E+02 -9.99990E+02 -9.99990E+02 -9.99990E+02 -9.99990E+02 -9.99990E+02 -9.99990E+02 -9.99990E+02 -9.99990E+02 -9.99990E+02 -9.99990E+02 -9.99990E+02 -9.99990E+02 -9.99990E+02
 -9.99990E+02 -9.99990E+02 -9.99990E+02 -9.99990E+02 -9.99990E+02 -9.99990E+02 -9.99990E+02 -9.99990E+02 -9.99990E+02 -9.99990E+02 -9.99990E+02 -9.99990E+02 -9.99990E+02 -9.99990E+02 -9.99990E+02 -9.99990E+02 -9.99990E+02 -9.99990E+02 -9.99990E+02 -9.99990E+02 -9.99990E+02 -9.99990E+02 -9.99990E+02 -9.99990E+02 -9.99990E+02 -9.99990E+02 -9.99990E+02 -9.99990E+02 -9.99990E+02 -9.99990E+02 -9.99990E+02 -9.99990E+02 -9.99990E+02 -9.99990E+02 -9.99990E+02 -9.99990E+02 -9.99990E+02 -9.99990E+02 -9.99990E+02 -9.99990E+02 -9.99990E+02 -9.99990E+02 -9.99990E+02 -9.99990E+02 -9.99990E+02 -9.99990E+02 -9.99990E+02 -9.99990E+02 -9.99990E+02  1.83173E+02  1.82979E+02  1.82629E+02  1.82088E+02  1.81380E+02  1.81188E+02  1.81683E+02  1.82166E+02  1.82240E+02  1.82129E+02  1.81727E+02 -9.99990E+02 -9.99990E+02 -9.99990E+02 -9.99990E+02 -9.99990E+02 -9.99990E+02 -9.99990E+02 -9.99990E+02 -9.99990E+02 -9.99990E+02 -9.99990E+02 -9.99990E+02 -9.99990E+02
 -9.99990E+02 -9.99990E+02 -9.99990E+02 -9.99990E+02 -9.99990E+02 -9.99990E+02 -9.99990E+02 -9.99990E+02 -9.99990E+02 -9.99990E+02 -9.99990E+02 -9.99990E+02 -9.99990E+02 -9.99990E+02 -9.99990E+02 -9.99990E+02 -9.99990E+02 -9.99990E+02 -9.99990E+02 -9.99990E+02 -9.99990E+02 -9.99990E+02 -9.99990E+02 -9.99990E+02 -9.99990E+02 -9.99990E+02 -9.99990E+02 -9.99990E+02 -9.99990E+02 -9.99990E+02 -9.99990E+02 -9.99990E+02 -9.99990E+02 -9.99990E+02 -9.99990E+02 -9.99990E+02 -9.99990E+02 -9.99990E+02 -9.99990E+02 -9.99990E+02 -9.99990E+02 -9.99990E+02 -9.99990E+02 -9.99990E+02 -9.99990E+02 -9.99990E+02 -9.99990E+02 -9.99990E+02 -9.99990E+02  1.82535E+02  1.82349E+02  1.81972E+02  1.81368E+02  1.80521E+02  1.80293E+02  1.80858E+02  1.81201E+02  1.81385E+02  1.81422E+02  1.81313E+02  1.81114E+02 -9.99990E+02 -9.99990E+02 -9.99990E+02 -9.99990E+02 -9.99990E+02 -9.99990E+02 -9.99990E+02 -9.99990E+02 -9.99990E+02 -9.99990E+02 -9.99990E+02 -9.99990E+02
 -9.99990E+02 -9.99990E+02 -9.99990E+02 -9.99990E+02 -9.99990E+02 -9.99990E+02 -9.99990E+02 -9.99990E+02 -9.99990E+02 -9.99990E+02 -9.99990E+02 -9.99990E+02 -9.99990E+02 -9.99990E+02 -9.99990E+02 -9.99990E+02 -9.99990E+02 -9.99990E+02 -9.99990E+02 -9.99990E+02 -9.99990E+02 -9.99990E+02 -9.99990E+02 -9.99990E+02 -9.99990E+02 -9.99990E+02 -9.99990E+02 -9.99990E+02 -9.99990E+02 -9.99990E+02 -9.99990E+02 -9.99990E+02 -9.99990E+02 -9.99990E+02 -9.99990E+02 -9.99990E+02 -9.99990E+02 -9.99990E+02 -9.99990E+02 -9.99990E+02 -9.99990E+02 -9.99990E+02 -9.99990E+02 -9.99990E+02 -9.99990E+02 -9.99990E+02 -9.99990E+02 -9.99990E+02 -9.99990E+02  1.82133E+02  1.81949E+02  1.81603E+02  1.81078E+02  1.80382E+02  1.79501E+02  1.80159E+02  1.80400E+02  1.80591E+02  1.80769E+02  1.80889E+02  1.80975E+02 -9.99990E+02 -9.99990E+02 -9.99990E+02 -9.99990E+02 -9.99990E+02 -9.99990E+02 -9.99990E+02 -9.99990E+02 -9.99990E+02 -9.99990E+02 -9.99990E+02 -9.99990E+02
 -9.99990E+02 -9.99990E+02 -9.99990E+02 -9.99990E+02 -9.99990E+02 -9.99990E+02 -9.99990E+02 -9.99990E+02 -9.99990E+02 -9.99990E+02 -9.99990E+02 -9.99990E+02 -9.99990E+02 -9.99990E+02 -9.99990E+02 -9.99990E+02 -9.99990E+02 -9.99990E+02 -9.99990E+02 -9.99990E+02 -9.99990E+02 -9.99990E+02 -9.99990E+02 -9.99990E+02 -9.99990E+02 -9.99990E+02 -9.99990E+02 -9.99990E+02 -9.99990E+02 -9.99990E+02 -9.99990E+02 -9.99990E+02 -9.99990E+02 -9.99990E+02 -9.99990E+02 -9.99990E+02 -9.99990E+02 -9.99990E+02 -9.99990E+02 -9.99990E+02 -9.99990E+02 -9.99990E+02 -9.99990E+02 -9.99990E+02 -9.99990E+02 -9.99990E+02 -9.99990E+02 -9.99990E+02 -9.99990E+02  1.81929E+02  1.81721E+02  1.81446E+02  1.81058E+02  1.80470E+02  1.79959E+02  1.79894E+02  1.79672E+02  1.79800E+02  1.80086E+02  1.80476E+02 -9.99990E+02 -9.99990E+02 -9.99990E+02 -9.99990E+02 -9.99990E+02 -9.99990E+02 -9.99990E+02 -9.99990E+02 -9.99990E+02 -9.99990E+02 -9.99990E+02 -9.99990E+02 -9.99990E+02
 -9.99990E+02 -9.99990E+02 -9.99990E+02 -9.99990E+02 -9.99990E+02 -9.99990E+02 -9.99990E+02 -9.99990E+02 -9.99990E+02 -9.99990E+02 -9.99990E+02 -9.99990E+02 -9.99990E+02 -9.99990E+02 -9.99990E+02 -9.99990E+02 -9.99990E+02 -9.99990E+02 -9.99990E+02 -9.99990E+02 -9.99990E+02 -9.99990E+02 -9.99990E+02 -9.99990E+02 -9.99990E+02 -9.99990E+02 -9.99990E+02 -9.99990E+02 -9.99990E+02 -9.99990E+02 -9.99990E+02 -9.99990E+02 -9.99990E+02 -9.99990E+02 -9.99990E+02 -9.99990E+02 -9.99990E+02 -9.99990E+02 -9.99990E+02 -9.99990E+02 -9.99990E+02 -9.99990E+02 -9.99990E+02 -9.99990E+02 -9.99990E+02 -9.99990E+02 -9.99990E+02 -9.99990E+02 -9.99990E+02 -9.99990E+02  1.81571E+02  1.81423E+02  1.81242E+02 -9.99990E+02  1.79715E+02  1.79470E+02  1.79180E+02  1.78863E+02  1.79288E+02 -9.99990E+02 -9.99990E+02 -9.99990E+02 -9.99990E+02 -9.99990E+02 -9.99990E+02 -9.99990E+02 -9.99990E+02 -9.99990E+02 -9.99990E+02 -9.99990E+02 -9.99990E+02 -9.99990E+02 -9.99990E+02
 -9.99990E+02 -9.99990E+02 -9.99990E+02 -9.99990E+02 -9.99990E+02 -9.99990E+02 -9.99990E+02 -9.99990E+02 -9.99990E+02 -9.99990E+02 -9.99990E+02 -9.99990E+02 -9.99990E+02 -9.99990E+02 -9.99990E+02 -9.99990E+02 -9.99990E+02 -9.99990E+02 -9.99990E+02 -9.99990E+02 -9.99990E+02 -9.99990E+02 -9.99990E+02 -9.99990E+02 -9.99990E+02 -9.99990E+02 -9.99990E+02 -9.99990E+02 -9.99990E+02 -9.99990E+02 -9.99990E+02 -9.99990E+02 -9.99990E+02 -9.99990E+02 -9.99990E+02 -9.99990E+02 -9.99990E+02 -9.99990E+02 -9.99990E+02 -9.99990E+02 -9.99990E+02 -9.99990E+02 -9.99990E+02 -9.99990E+02 -9.99990E+02 -9.99990E+02 -9.99990E+02 -9.99990E+02 -9.99990E+02 -9.99990E+02 -9.99990E+02  1.81431E+02 -9.99990E+02 -9.99990E+02 -9.99990E+02  1.79110E+02  1.78966E+02  1.78854E+02  1.78931E+02 -9.99990E+02 -9.99990E+02 -9.99990E+02 -9.99990E+02 -9.99990E+02 -9.99990E+02 -9.99990E+02 -9.99990E+02 -9.99990E+02 -9.99990E+02 -9.99990E+02 -9.99990E+02 -9.99990E+02 -9.99990E+02
 -9.99990E+02 -9.99990E+02 -9.99990E+02 -9.99990E+02 -9.99990E+02 -9.99990E+02 -9.99990E+02 -9.99990E+02 -9.99990E+02 -9.99990E+02 -9.99990E+02 -9.99990E+02 -9.99990E+02 -9.99990E+02 -9.99990E+02 -9.99990E+02 -9.99990E+02 -9.99990E+02 -9.99990E+02 -9.99990E+02 -9.99990E+02 -9.99990E+02 -9.99990E+02 -9.99990E+02 -9.99990E+02 -9.99990E+02 -9.99990E+02 -9.99990E+02 -9.99990E+02 -9.99990E+02 -9.99990E+02 -9.99990E+02 -9.99990E+02 -9.99990E+02 -9.99990E+02 -9.99990E+02 -9.99990E+02 -9.99990E+02 -9.99990E+02 -9.99990E+02 -9.99990E+02 -9.99990E+02 -9.99990E+02 -9.99990E+02 -9.99990E+02 -9.99990E+02 -9.99990E+02 -9.99990E+02 -9.99990E+02 -9.99990E+02 -9.99990E+02 -9.99990E+02 -9.99990E+02 -9.99990E+02 -9.99990E+02  1.78907E+02  1.78717E+02  1.78329E+02  1.78632E+02 -9.99990E+02 -9.99990E+02 -9.99990E+02 -9.99990E+02 -9.99990E+02 -9.99990E+02 -9.99990E+02 -9.99990E+02 -9.99990E+02 -9.99990E+02 -9.99990E+02 -9.99990E+02 -9.99990E+02 -9.99990E+02
 
 month:           6 year:        2005
 layer:           1
 -9.99990E+02 -9.99990E+02 -9.99990E+02  1.01344E+03  1.01242E+03  1.01045E+03  1.00833E+03  1.00657E+03 -9.99990E+02 -9.99990E+02 -9.99990E+02 -9.99990E+02 -9.99990E+02 -9.99990E+02 -9.99990E+02 -9.99990E+02 -9.99990E+02 -9.99990E+02 -9.99990E+02 -9.99990E+02 -9.99990E+02 -9.99990E+02 -9.99990E+02 -9.99990E+02 -9.99990E+02 -9.99990E+02 -9.99990E+02 -9.99990E+02 -9.99990E+02 -9.99990E+02 -9.99990E+02 -9.99990E+02 -9.99990E+02 -9.99990E+02 -9.99990E+02 -9.99990E+02 -9.99990E+02 -9.99990E+02 -9.99990E+02 -9.99990E+02 -9.99990E+02 -9.99990E+02 -9.99990E+02 -9.99990E+02 -9.99990E+02 -9.99990E+02 -9.99990E+02 -9.99990E+02 -9.99990E+02 -9.99990E+02 -9.99990E+02 -9.99990E+02 -9.99990E+02 -9.99990E+02 -9.99990E+02 -9.99990E+02 -9.99990E+02 -9.99990E+02 -9.99990E+02 -9.99990E+02 -9.99990E+02 -9.99990E+02 -9.99990E+02 -9.99990E+02 -9.99990E+02 -9.99990E+02 -9.99990E+02 -9.99990E+02 -9.99990E+02 -9.99990E+02 -9.99990E+02 -9.99990E+02 -9.99990E+02
 -9.99990E+02  1.01622E+03  1.01555E+03  1.01416E+03  1.01253E+03  1.01025E+03  1.00746E+03  1.00481E+03  1.00208E+03 -9.99990E+02 -9.99990E+02 -9.99990E+02 -9.99990E+02 -9.99990E+02 -9.99990E+02 -9.99990E+02 -9.99990E+02 -9.99990E+02 -9.99990E+02 -9.99990E+02 -9.99990E+02 -9.99990E+02 -9.99990E+02 -9.99990E+02 -9.99990E+02 -9.99990E+02 -9.99990E+02 -9.99990E+02 -9.99990E+02 -9.99990E+02 -9.99990E+02 -9.99990E+02 -9.99990E+02 -9.99990E+02 -9.99990E+02 -9.99990E+02 -9.99990E+02 -9.99990E+02 -9.99990E+02 -9.99990E+02 -9.99990E+02 -9.99990E+02 -9.99990E+02 -9.99990E+02 -9.99990E+02 -9.99990E+02 -9.99990E+02 -9.99990E+02 -9.99990E+02 -9.99990E+02 -9.99990E+02 -9.99990E+02 -9.99990E+02 -9.99990E+02 -9.99990E+02 -9.99990E+02 -9.99990E+02 -9.99990E+02 -9.99990E+02 -9.99990E+02 -9.99990E+02 -9.99990E+02 -9.99990E+02 -9.99990E+02 -9.99990E+02 -9.99990E+02 -9.99990E+02 -9.99990E+02 -9.99990E+02 -9.99990E+02 -9.99990E+02 -9.99990E+02 -9.99990E+02
  1.01635E+03  1.01598E+03  1.01500E+03  1.01346E+03  1.01135E+03  1.00897E+03  1.00569E+03  1.00246E+03  9.99264E+02  9.95343E+02 -9.99990E+02 -9.99990E+02 -9.99990E+02 -9.99990E+02 -9.99990E+02 -9.99990E+02 -9.99990E+02 -9.99990E+02 -9.99990E+02 -9.99990E+02 -9.99990E+02 -9.99990E+02 -9.99990E+02 -9.99990E+02 -9.99990E+02 -9.99990E+02 -9.99990E+02 -9.99990E+02 -9.99990E+02 -9.99990E+02 -9.99990E+02 -9.99990E+02 -9.99990E+02 -9.99990E+02 -9.99990E+02 -9.99990E+02 -9.99990E+02 -9.99990E+02 -9.99990E+02 -9.99990E+02 -9.99990E+02 -9.99990E+02 -9.99990E+02 -9.99990E+02 -9.99990E+02 -9.99990E+02 -9.99990E+02 -9.99990E+02 -9.99990E+02 -9.99990E+02 -9.99990E+02 -9.99990E+02 -9.99990E+02 -9.99990E+02 -9.99990E+02 -9.99990E+02 -9.99990E+02 -9.99990E+02 -9.99990E+02 -9.99990E+02 -9.99990E+02 -9.99990E+02 -9.99990E+02 -9.99990E+02 -9.99990E+02 -9.99990E+02 -9.99990E+02 -9.99990E+02 -9.99990E+02 -9.99990E+02 -9.99990E+02 -9.99990E+02 -9.99990E+02
  1.01588E+03  1.01522E+03  1.01315E+03  1.01103E+03  1.00884E+03  1.00629E+03  1.00285E+03  9.99270E+02  9.95516E+02  9.90271E+02  9.82603E+02  9.76946E+02  9.73442E+02 -9.99990E+02 -9.99990E+02 -9.99990E+02 -9.99990E+02 -9.99990E+02 -9.99990E+02 -9.99990E+02 -9.99990E+02 -9.99990E+02 -9.99990E+02 -9.99990E+02 -9.99990E+02 -9.99990E+02 -9.99990E+02 -9.99990E+02 -9.99990E+02 -9.99990E+02 -9.99990E+02 -9.99990E+02 -9.99990E+02 -9.99990E+02 -9.99990E+02 -9.99990E+02 -9.99990E+02 -9.99990E+02 -9.99990E+02 -9.99990E+02 -9.99990E+02 -9.99990E+02 -9.99990E+02 -9.99990E+02 -9.99990E+02 -9.99990E+02 -9.99990E+02 -9.99990E+02 -9.99990E+02 -9.99990E+02 -9.99990E+02 -9.99990E+02 -9.99990E+02 -9.99990E+02 -9.99990E+02 -9.99990E+02 -9.99990E+02 -9.99990E+02 -9.99990E+02 -9.99990E+02 -9.99990E+02 -9.99990E+02 -9.99990E+02 -9.99990E+02 -9.99990E+02 -9.99990E+02 -9.99990E+02 -9.99990E+02 -9.99990E+02 -9.99990E+02 -9.99990E+02 -9.99990E+02 -9.99990E+02
  1.01513E+03  1.01413E+03  1.01039E+03  1.00766E+03  1.00512E+03  1.00241E+03  9.99227E+02  9.95202E+02  9.91230E+02  9.86411E+02  9.80513E+02  9.74896E+02  9.69772E+02  9.62942E+02  9.56906E+02  9.51883E+02  9.47181E+02  9.42910E+02  9.39565E+02  9.37320E+02 -9.99990E+02 -9.99990E+02 -9.99990E+02 -9.99990E+02 -9.99990E+02 -9.99990E+02 -9.99990E+02 -9.99990E+02 -9.99990E+02 -9.99990E+02 -9.99990E+02 -9.99990E+02 -9.99990E+02 -9.99990E+02 -9.99990E+02 -9.99990E+02 -9.99990E+02 -9.99990E+02 -9.99990E+02 -9.99990E+02 -9.99990E+02 -9.99990E+02 -9.99990E+02 -9.99990E+02 -9.99990E+02 -9.99990E+02 -9.99990E+02 -9.99990E+02 -9.99990E+02 -9.99990E+02 -9.99990E+02 -9.99990E+02 -9.99990E+02 -9.99990E+02 -9.99990E+02 -9.99990E+02 -9.99990E+02 -9.99990E+02 -9.99990E+02 -9.99990E+02 -9.99990E+02 -9.99990E+02 -9.99990E+02 -9.99990E+02 -9.99990E+02 -9.99990E+02 -9.99990E+02 -9.99990E+02 -9.99990E+02 -9.99990E+02 -9.99990E+02 -9.99990E+02 -9.99990E+02
 -9.99990E+02 -9.99990E+02  1.00479E+03  1.00302E+03  1.00066E+03  9.97937E+02  9.94685E+02  9.90609E+02  9.86664E+02  9.82195E+02  9.77013E+02  9.71775E+02  9.66812E+02  9.61124E+02  9.55596E+02  9.50799E+02  9.46195E+02  9.41824E+02  9.38247E+02  9.35236E+02  9.32249E+02 -9.99990E+02 -9.99990E+02 -9.99990E+02 -9.99990E+02 -9.99990E+02 -9.99990E+02 -9.99990E+02 -9.99990E+02 -9.99990E+02 -9.99990E+02 -9.99990E+02 -9.99990E+02 -9.99990E+02 -9.99990E+02 -9.99990E+02 -9.99990E+02 -9.99990E+02 -9.99990E+02 -9.99990E+02 -9.99990E+02 -9.99990E+02 -9.99990E+02 -9.99990E+02 -9.99990E+02 -9.99990E+02 -9.99990E+02 -9.99990E+02 -9.99990E+02 -9.99990E+02 -9.99990E+02 -9.99990E+02 -9.99990E+02 -9.99990E+02 -9.99990E+02 -9.99990E+02 -9.99990E+02 -9.99990E+02 -9.99990E+02 -9.99990E+02 -9.99990E+02 -9.99990E+02 -9.99990E+02 -9.99990E+02 -9.99990E+02 -9.99990E+02 -9.99990E+02 -9.99990E+02 -9.99990E+02 -9.99990E+02 -9.99990E+02 -9.99990E+02 -9.99990E+02
 -9.99990E+02 -9.99990E+02  1.00005E+03  9.98495E+02  9.96072E+02  9.93001E+02  9.89633E+02  9.85706E+02  9.81891E+02  9.77631E+02  9.72607E+02  9.67796E+02  9.63132E+02  9.58041E+02  9.53022E+02  9.48324E+02  9.43909E+02  9.39538E+02  9.35755E+02  9.32459E+02  9.29161E+02  9.25818E+02 -9.99990E+02 -9.99990E+02 -9.99990E+02 -9.99990E+02 -9.99990E+02 -9.99990E+02 -9.99990E+02 -9.99990E+02 -9.99990E+02 -9.99990E+02 -9.99990E+02 -9.99990E+02 -9.99990E+02 -9.99990E+02 -9.99990E+02 -9.99990E+02 -9.99990E+02  9.38160E+02  9.39820E+02 -9.99990E+02 -9.99990E+02  9.65086E+02  9.67598E+02  9.69821E+02 -9.99990E+02 -9.99990E+02 -9.99990E+02 -9.99990E+02  1.03598E+03  1.03642E+03 -9.99990E+02 -9.99990E+02 -9.99990E+02 -9.99990E+02 -9.99990E+02 -9.99990E+02 -9.99990E+02 -9.99990E+02 -9.99990E+02 -9.99990E+02 -9.99990E+02 -9.99990E+02 -9.99990E+02 -9.99990E+02 -9.99990E+02 -9.99990E+02 -9.99990E+02 -9.99990E+02 -9.99990E+02 -9.99990E+02 -9.99990E+02
 -9.99990E+02 -9.99990E+02  9.96787E+02  9.93729E+02  9.91031E+02  9.87851E+02  9.84401E+02  9.80385E+02  9.76455E+02  9.72247E+02  9.67607E+02  9.62961E+02  9.58581E+02  9.53936E+02  9.49395E+02  9.44931E+02  9.40384E+02  9.35885E+02  9.31779E+02  9.28174E+02  9.24888E+02  9.22242E+02 -9.99990E+02 -9.99990E+02 -9.99990E+02 -9.99990E+02 -9.99990E+02 -9.99990E+02 -9.99990E+02 -9.99990E+02 -9.99990E+02 -9.99990E+02 -9.99990E+02 -9.99990E+02 -9.99990E+02 -9.99990E+02  9.21519E+02  9.25240E+02  9.30485E+02  9.36540E+02  9.41479E+02  9.48195E+02  9.55383E+02  9.62786E+02  9.67913E+02  9.72104E+02  9.75712E+02 -9.99990E+02 -9.99990E+02  1.03195E+03  1.03520E+03  1.03662E+03 -9.99990E+02 -9.99990E+02 -9.99990E+02 -9.99990E+02 -9.99990E+02 -9.99990E+02 -9.99990E+02 -9.99990E+02 -9.99990E+02 -9.99990E+02 -9.99990E+02 -9.99990E+02 -9.99990E+02 -9.99990E+02 -9.99990E+02 -9.99990E+02 -9.99990E+02 -9.99990E+02 -9.99990E+02 -9.99990E+02 -9.99990E+02
 -9.99990E+02 -9.99990E+02 -9.99990E+02  9.88067E+02  9.85953E+02  9.82868E+02  9.79109E+02  9.74825E+02  9.70490E+02  9.66255E+02  9.61656E+02  9.57383E+02  9.53279E+02  9.49061E+02  9.44827E+02  9.40478E+02  9.35760E+02  9.31036E+02  9.26649E+02  9.22552E+02  9.18567E+02  9.15436E+02 -9.99990E+02 -9.99990E+02 -9.99990E+02 -9.99990E+02 -9.99990E+02  8.77241E+02  8.77513E+02 -9.99990E+02  8.85765E+02  8.87834E+02  8.92066E+02  8.97563E+02  9.03364E+02  9.10084E+02  9.17944E+02  9.23897E+02  9.29783E+02  9.35749E+02  9.41598E+02  9.48403E+02  9.55622E+02  9.62828E+02  9.69148E+02  9.74798E+02  9.79371E+02 -9.99990E+02  1.02157E+03  1.02833E+03  1.03356E+03  1.03662E+03  1.03886E+03 -9.99990E+02 -9.99990E+02 -9.99990E+02 -9.99990E+02 -9.99990E+02 -9.99990E+02 -9.99990E+02 -9.99990E+02 -9.99990E+02 -9.99990E+02 -9.99990E+02 -9.99990E+02 -9.99990E+02 -9.99990E+02 -9.99990E+02 -9.99990E+02 -9.99990E+02 -9.99990E+02 -9.99990E+02 -9.99990E+02
 -9.99990E+02 -9.99990E+02 -9.99990E+02  9.84946E+02  9.81739E+02  9.78378E+02  9.73879E+02  9.68964E+02  9.64115E+02  9.59722E+02  9.55313E+02  9.51193E+02  9.47503E+02  9.43411E+02  9.39198E+02  9.34727E+02  9.29855E+02  9.25119E+02  9.20271E+02  9.15680E+02  9.10713E+02  9.04569E+02  8.94062E+02  8.86864E+02  8.82060E+02  8.79026E+02  8.77419E+02  8.77142E+02  8.77956E+02  8.80209E+02  8.83768E+02  8.86796E+02  8.90630E+02  8.96621E+02  9.02742E+02  9.09138E+02  9.15999E+02  9.22305E+02  9.28553E+02  9.34809E+02  9.41285E+02  9.48487E+02  9.56213E+02  9.63863E+02  9.70878E+02  9.78035E+02  9.86539E+02  9.99962E+02  1.01414E+03  1.02357E+03  1.03057E+03  1.03570E+03  1.03965E+03 -9.99990E+02 -9.99990E+02 -9.99990E+02 -9.99990E+02 -9.99990E+02 -9.99990E+02 -9.99990E+02 -9.99990E+02 -9.99990E+02 -9.99990E+02 -9.99990E+02 -9.99990E+02 -9.99990E+02 -9.99990E+02 -9.99990E+02 -9.99990E+02 -9.99990E+02 -9.99990E+02 -9.99990E+02 -9.99990E+02
 -9.99990E+02 -9.99990E+02 -9.99990E+02 -9.99990E+02  9.76470E+02  9.73657E+02  9.68701E+02  9.62376E+02  9.56764E+02  9.52116E+02  9.48045E+02  9.44293E+02  9.40891E+02  9.36966E+02  9.32653E+02  9.28286E+02  9.23423E+02  9.18379E+02  9.13324E+02  9.08427E+02  9.03273E+02  8.97454E+02  8.90554E+02  8.84631E+02  8.80259E+02  8.77511E+02  8.76172E+02  8.75910E+02  8.76782E+02  8.78782E+02  8.81775E+02  8.85072E+02  8.88804E+02  8.94283E+02  9.00755E+02  9.07298E+02  9.13984E+02  9.20334E+02  9.26700E+02  9.33535E+02  9.40707E+02  9.48528E+02  9.56817E+02  9.65126E+02  9.72524E+02  9.80181E+02  9.89130E+02  9.99832E+02  1.01069E+03  1.01955E+03  1.02685E+03  1.03312E+03  1.03744E+03  1.03522E+03 -9.99990E+02 -9.99990E+02 -9.99990E+02 -9.99990E+02 -9.99990E+02 -9.99990E+02 -9.99990E+02 -9.99990E+02 -9.99990E+02 -9.99990E+02 -9.99990E+02 -9.99990E+02 -9.99990E+02 -9.99990E+02 -9.99990E+02 -9.99990E+02 -9.99990E+02 -9.99990E+02 -9.99990E+02
 -9.99990E+02 -9.99990E+02 -9.99990E+02 -9.99990E+02  9.73528E+02  9.70638E+02  9.64718E+02  9.54226E+02  9.48193E+02  9.43503E+02  9.39679E+02  9.36437E+02  9.33068E+02  9.29369E+02  9.25622E+02  9.21646E+02  9.16642E+02  9.11267E+02  9.05851E+02  9.01018E+02  8.96280E+02  8.91095E+02  8.85457E+02  8.80613E+02  8.76920E+02  8.74545E+02  8.73443E+02  8.73363E+02  8.74333E+02  8.76290E+02  8.79103E+02  8.82378E+02  8.86094E+02  8.90858E+02  8.97426E+02  9.04651E+02  9.11532E+02  9.18156E+02  9.24909E+02  9.32034E+02  9.39721E+02  9.47870E+02  9.56444E+02  9.64912E+02  9.72758E+02  9.80616E+02  9.89448E+02  9.98784E+02  1.00817E+03  1.01581E+03  1.02255E+03  1.02865E+03  1.03203E+03  1.02971E+03 -9.99990E+02 -9.99990E+02 -9.99990E+02 -9.99990E+02 -9.99990E+02 -9.99990E+02 -9.99990E+02 -9.99990E+02 -9.99990E+02 -9.99990E+02 -9.99990E+02 -9.99990E+02 -9.99990E+02 -9.99990E+02 -9.99990E+02 -9.99990E+02 -9.99990E+02 -9.99990E+02 -9.99990E+02
 -9.99990E+02 -9.99990E+02 -9.99990E+02 -9.99990E+02 -9.99990E+02 -9.99990E+02 -9.99990E+02  9.40222E+02  9.37508E+02  9.33935E+02  9.30389E+02  9.27423E+02  9.24306E+02  9.20968E+02  9.17845E+02  9.14162E+02  9.08962E+02  9.03207E+02  8.97796E+02  8.93104E+02  8.88782E+02  8.84330E+02  8.79525E+02  8.75405E+02  8.72331E+02  8.70317E+02  8.69379E+02  8.69561E+02  8.70851E+02  8.72840E+02  8.75588E+02  8.78890E+02  8.82689E+02  8.86946E+02  8.93496E+02  9.00928E+02  9.08553E+02  9.15646E+02  9.22742E+02  9.30077E+02  9.37913E+02  9.46085E+02  9.54626E+02  9.63201E+02  9.71090E+02  9.79023E+02  9.87664E+02  9.96154E+02  1.00397E+03  1.01016E+03  1.01516E+03  1.01915E+03  1.02118E+03  1.01687E+03  1.00818E+03  1.00263E+03 -9.99990E+02 -9.99990E+02 -9.99990E+02 -9.99990E+02 -9.99990E+02 -9.99990E+02 -9.99990E+02 -9.99990E+02 -9.99990E+02 -9.99990E+02 -9.99990E+02 -9.99990E+02 -9.99990E+02 -9.99990E+02 -9.99990E+02 -9.99990E+02 -9.99990E+02
 -9.99990E+02 -9.99990E+02 -9.99990E+02 -9.99990E+02 -9.99990E+02 -9.99990E+02 -9.99990E+02  9.28137E+02  9.26575E+02  9.23652E+02  9.20345E+02  9.17305E+02  9.14577E+02  9.11808E+02  9.08694E+02  9.05143E+02  9.00442E+02  8.94725E+02  8.89048E+02  8.84390E+02  8.80256E+02  8.76607E+02  8.72765E+02  8.69135E+02  8.66536E+02  8.64897E+02  8.64289E+02  8.64748E+02  8.66265E+02  8.68346E+02  8.71057E+02  8.74548E+02  8.78582E+02  8.82893E+02  8.88563E+02  8.96280E+02  9.04379E+02  9.12512E+02  9.20146E+02  9.27744E+02  9.35310E+02  9.43266E+02  9.51601E+02  9.59706E+02  9.67464E+02  9.75689E+02  9.84062E+02  9.91469E+02  9.98090E+02  1.00335E+03  1.00764E+03  1.01037E+03  1.01062E+03  1.00794E+03  1.00226E+03  9.94186E+02  9.84336E+02 -9.99990E+02 -9.99990E+02 -9.99990E+02 -9.99990E+02 -9.99990E+02 -9.99990E+02 -9.99990E+02 -9.99990E+02 -9.99990E+02 -9.99990E+02 -9.99990E+02 -9.99990E+02 -9.99990E+02 -9.99990E+02 -9.99990E+02 -9.99990E+02
 -9.99990E+02 -9.99990E+02 -9.99990E+02 -9.99990E+02 -9.99990E+02 -9.99990E+02 -9.99990E+02  9.17097E+02  9.15626E+02  9.12856E+02  9.09701E+02  9.06689E+02  9.04113E+02  9.01256E+02  8.98058E+02  8.94660E+02  8.90323E+02  8.84550E+02  8.78987E+02  8.74464E+02  8.70653E+02  8.67584E+02  8.64341E+02  8.61295E+02  8.59279E+02  8.58260E+02  8.58080E+02  8.58836E+02  8.60386E+02  8.62670E+02  8.65696E+02  8.69480E+02  8.73792E+02  8.78288E+02  8.83392E+02  8.90921E+02  8.99264E+02  9.07907E+02  9.16691E+02  9.24707E+02  9.32084E+02  9.39598E+02  9.47539E+02  9.55218E+02  9.62737E+02  9.70621E+02  9.78641E+02  9.85387E+02  9.91016E+02  9.95307E+02  9.98357E+02  9.99636E+02  9.99375E+02  9.96482E+02  9.90576E+02  9.82571E+02  9.72980E+02  9.63837E+02 -9.99990E+02 -9.99990E+02 -9.99990E+02 -9.99990E+02 -9.99990E+02 -9.99990E+02 -9.99990E+02 -9.99990E+02 -9.99990E+02 -9.99990E+02 -9.99990E+02 -9.99990E+02 -9.99990E+02 -9.99990E+02 -9.99990E+02
 -9.99990E+02 -9.99990E+02 -9.99990E+02 -9.99990E+02 -9.99990E+02 -9.99990E+02  9.05485E+02  9.07590E+02  9.05229E+02  9.01784E+02  8.98497E+02  8.95359E+02  8.92559E+02  8.89692E+02  8.86472E+02  8.82865E+02  8.78363E+02  8.72527E+02  8.67238E+02  8.63154E+02  8.59871E+02  8.57017E+02  8.54446E+02  8.52104E+02  8.50659E+02  8.50237E+02  8.50653E+02  8.51754E+02  8.53511E+02  8.56093E+02  8.59487E+02  8.63593E+02  8.68310E+02  8.73164E+02  8.78237E+02  8.84779E+02  8.93471E+02  9.02594E+02  9.11776E+02  9.20294E+02  9.27896E+02  9.35077E+02  9.42400E+02  9.49571E+02  9.57093E+02  9.64367E+02  9.71265E+02  9.77166E+02  9.81736E+02  9.85462E+02  9.88016E+02  9.88604E+02  9.86985E+02  9.83216E+02  9.78161E+02  9.70626E+02  9.61419E+02  9.52783E+02  9.43381E+02 -9.99990E+02 -9.99990E+02 -9.99990E+02 -9.99990E+02 -9.99990E+02 -9.99990E+02 -9.99990E+02 -9.99990E+02 -9.99990E+02 -9.99990E+02 -9.99990E+02 -9.99990E+02 -9.99990E+02 -9.99990E+02
 -9.99990E+02 -9.99990E+02 -9.99990E+02 -9.99990E+02 -9.99990E+02 -9.99990E+02  9.03591E+02  9.01888E+02  8.94459E+02  8.90162E+02  8.86619E+02  8.83195E+02  8.79887E+02  8.76224E+02  8.72319E+02  8.67715E+02  8.63172E+02  8.57979E+02  8.53593E+02  8.50459E+02  8.47594E+02  8.45151E+02  8.42967E+02  8.41318E+02  8.40535E+02  8.40636E+02  8.41760E+02  8.43552E+02  8.45865E+02  8.48783E+02  8.52512E+02  8.57019E+02  8.62116E+02  8.67469E+02  8.72833E+02  8.78676E+02  8.86577E+02  8.95808E+02  9.05115E+02  9.13276E+02  9.21424E+02  9.29372E+02  9.35995E+02  9.42622E+02  9.49796E+02  9.56360E+02  9.62348E+02  9.67426E+02  9.71190E+02  9.73862E+02  9.75762E+02  9.76227E+02  9.74348E+02  9.70554E+02  9.65876E+02  9.58687E+02  9.50114E+02  9.41855E+02  9.33196E+02  9.23458E+02 -9.99990E+02 -9.99990E+02 -9.99990E+02 -9.99990E+02 -9.99990E+02 -9.99990E+02 -9.99990E+02 -9.99990E+02 -9.99990E+02 -9.99990E+02 -9.99990E+02 -9.99990E+02 -9.99990E+02
 -9.99990E+02 -9.99990E+02 -9.99990E+02 -9.99990E+02 -9.99990E+02 -9.99990E+02 -9.99990E+02 -9.99990E+02  8.79499E+02  8.77527E+02  8.74223E+02  8.70378E+02  8.66640E+02  8.62402E+02  8.57272E+02  8.51670E+02  8.45848E+02  8.41415E+02  8.38195E+02  8.35344E+02  8.32972E+02  8.30939E+02  8.29539E+02  8.28843E+02  8.28911E+02  8.29700E+02  8.31536E+02  8.33938E+02  8.37012E+02  8.40470E+02  8.44601E+02  8.49450E+02  8.54878E+02  8.60534E+02  8.66438E+02  8.72485E+02  8.78920E+02  8.87728E+02  8.97063E+02  9.05273E+02  9.13172E+02  9.20836E+02  9.28138E+02  9.34322E+02  9.41138E+02  9.47242E+02  9.52360E+02  9.56773E+02  9.60090E+02  9.62131E+02  9.63285E+02  9.63395E+02  9.61284E+02  9.57858E+02  9.53286E+02  9.46630E+02  9.38866E+02  9.30632E+02  9.22438E+02  9.13574E+02  9.03055E+02  8.98299E+02 -9.99990E+02 -9.99990E+02 -9.99990E+02 -9.99990E+02 -9.99990E+02 -9.99990E+02 -9.99990E+02 -9.99990E+02 -9.99990E+02 -9.99990E+02 -9.99990E+02
 -9.99990E+02 -9.99990E+02 -9.99990E+02 -9.99990E+02 -9.99990E+02 -9.99990E+02 -9.99990E+02 -9.99990E+02  8.66916E+02  8.65083E+02  8.61623E+02  8.57109E+02  8.52363E+02  8.46868E+02  8.40807E+02  8.34687E+02  8.28780E+02  8.24380E+02  8.21023E+02  8.18051E+02  8.16161E+02  8.14993E+02  8.14445E+02  8.14892E+02  8.15947E+02  8.17626E+02  8.20016E+02  8.23051E+02  8.26863E+02  8.30962E+02  8.35599E+02  8.40922E+02  8.46653E+02  8.52772E+02  8.59058E+02  8.65193E+02  8.71518E+02  8.78842E+02  8.87539E+02  8.96002E+02  9.03631E+02  9.10797E+02  9.17603E+02  9.24714E+02  9.31437E+02  9.36754E+02  9.41077E+02  9.45014E+02  9.47742E+02  9.49676E+02  9.50256E+02  9.49354E+02  9.47612E+02  9.44315E+02  9.39966E+02  9.33910E+02  9.26763E+02  9.18797E+02  9.11521E+02  9.04121E+02  8.96959E+02  8.93091E+02 -9.99990E+02 -9.99990E+02 -9.99990E+02 -9.99990E+02 -9.99990E+02 -9.99990E+02 -9.99990E+02 -9.99990E+02 -9.99990E+02 -9.99990E+02 -9.99990E+02
 -9.99990E+02 -9.99990E+02 -9.99990E+02 -9.99990E+02 -9.99990E+02 -9.99990E+02 -9.99990E+02 -9.99990E+02  8.56886E+02  8.53655E+02  8.49213E+02  8.43759E+02  8.37591E+02  8.30695E+02  8.23571E+02  8.16893E+02  8.10770E+02  8.06330E+02  8.02448E+02  7.99708E+02  7.97651E+02  7.97334E+02  7.98135E+02  7.99717E+02  8.01776E+02  8.04367E+02  8.07298E+02  8.11116E+02  8.15516E+02  8.20347E+02  8.25530E+02  8.31337E+02  8.37526E+02  8.44040E+02  8.50492E+02  8.56842E+02  8.63234E+02  8.69387E+02  8.77067E+02  8.85247E+02  8.92729E+02  8.99541E+02  9.06052E+02  9.12935E+02  9.19248E+02  9.24451E+02  9.28707E+02  9.32178E+02  9.34432E+02  9.35945E+02  9.36305E+02  9.35354E+02  9.33457E+02  9.30213E+02  9.25573E+02  9.19969E+02  9.13532E+02  9.06495E+02  8.99762E+02  8.92995E+02  8.86722E+02  8.82310E+02 -9.99990E+02 -9.99990E+02 -9.99990E+02  8.33774E+02  8.33220E+02 -9.99990E+02 -9.99990E+02 -9.99990E+02 -9.99990E+02 -9.99990E+02 -9.99990E+02
 -9.99990E+02 -9.99990E+02 -9.99990E+02 -9.99990E+02 -9.99990E+02 -9.99990E+02 -9.99990E+02 -9.99990E+02  8.50023E+02  8.43131E+02  8.37363E+02  8.30744E+02  8.22898E+02  8.14580E+02  8.06148E+02  7.98128E+02  7.91213E+02  7.85780E+02  7.81543E+02  7.78943E+02  7.77631E+02  7.78335E+02  7.80105E+02  7.82850E+02  7.86346E+02  7.89880E+02  7.93592E+02  7.98056E+02  8.03207E+02  8.08635E+02  8.14435E+02  8.20804E+02  8.27608E+02  8.34388E+02  8.40967E+02  8.47455E+02  8.53795E+02  8.59930E+02  8.65946E+02  8.72977E+02  8.80411E+02  8.86929E+02  8.93271E+02  8.99755E+02  9.05719E+02  9.10571E+02  9.14840E+02  9.17659E+02  9.19417E+02  9.20843E+02  9.20886E+02  9.19973E+02  9.17996E+02  9.14608E+02  9.10061E+02  9.04772E+02  8.99089E+02  8.92529E+02  8.86309E+02  8.80259E+02  8.73613E+02  8.65653E+02  8.52012E+02  8.43170E+02  8.37569E+02  8.34209E+02  8.32516E+02  8.31139E+02 -9.99990E+02 -9.99990E+02 -9.99990E+02 -9.99990E+02 -9.99990E+02
 -9.99990E+02 -9.99990E+02 -9.99990E+02 -9.99990E+02 -9.99990E+02 -9.99990E+02 -9.99990E+02 -9.99990E+02 -9.99990E+02  8.31130E+02  8.26110E+02  8.18368E+02  8.08623E+02  7.98393E+02  7.88269E+02  7.78364E+02  7.69457E+02  7.62575E+02  7.57914E+02  7.55882E+02  7.55872E+02  7.57660E+02  7.60482E+02  7.64572E+02  7.68884E+02  7.73514E+02  7.78547E+02  7.83843E+02  7.89593E+02  7.95740E+02  8.02327E+02  8.09182E+02  8.16468E+02  8.23344E+02  8.30096E+02  8.36954E+02  8.43676E+02  8.49906E+02  8.55221E+02  8.60194E+02  8.66794E+02  8.73373E+02  8.79704E+02  8.85213E+02  8.90658E+02  8.95334E+02  8.98876E+02  9.01299E+02  9.02861E+02  9.04130E+02  9.04317E+02  9.03333E+02  9.01704E+02  8.98326E+02  8.93861E+02  8.88855E+02  8.83645E+02  8.78003E+02  8.72499E+02  8.66974E+02  8.61045E+02  8.54324E+02  8.46318E+02  8.39827E+02  8.35129E+02  8.31988E+02  8.30459E+02  8.29488E+02  8.28698E+02 -9.99990E+02 -9.99990E+02 -9.99990E+02 -9.99990E+02
 -9.99990E+02 -9.99990E+02 -9.99990E+02 -9.99990E+02 -9.99990E+02 -9.99990E+02 -9.99990E+02 -9.99990E+02 -9.99990E+02  8.23946E+02  8.16354E+02  8.07022E+02  7.94296E+02  7.81770E+02  7.69534E+02  7.57186E+02  7.45649E+02  7.36383E+02  7.31576E+02  7.30528E+02  7.32098E+02  7.35162E+02  7.39256E+02  7.44358E+02  7.49789E+02  7.55769E+02  7.62050E+02  7.68367E+02  7.74874E+02  7.81766E+02  7.88926E+02  7.96264E+02  8.03722E+02  8.11033E+02  8.18225E+02  8.25561E+02  8.32423E+02  8.38621E+02  8.44020E+02  8.48606E+02  8.52967E+02  8.58381E+02  8.64355E+02  8.69879E+02  8.75031E+02  8.79278E+02  8.82449E+02  8.84659E+02  8.86044E+02  8.87213E+02  8.87327E+02  8.86128E+02  8.84526E+02  8.81256E+02  8.77359E+02  8.73013E+02  8.68270E+02  8.63430E+02  8.58705E+02  8.53794E+02  8.48732E+02  8.43501E+02  8.38110E+02  8.33421E+02  8.29985E+02  8.27481E+02  8.26182E+02  8.26136E+02  8.27607E+02 -9.99990E+02 -9.99990E+02 -9.99990E+02 -9.99990E+02
 -9.99990E+02 -9.99990E+02 -9.99990E+02 -9.99990E+02 -9.99990E+02 -9.99990E+02 -9.99990E+02 -9.99990E+02 -9.99990E+02 -9.99990E+02  8.07334E+02  7.98210E+02  7.78829E+02  7.64292E+02  7.50195E+02  7.35052E+02  7.19425E+02  7.06495E+02  7.02621E+02  7.02987E+02  7.06257E+02  7.10796E+02  7.16562E+02  7.23047E+02  7.29540E+02  7.36707E+02  7.43987E+02  7.51683E+02  7.59316E+02  7.66809E+02  7.74546E+02  7.82397E+02  7.90029E+02  7.97811E+02  8.05794E+02  8.13165E+02  8.20120E+02  8.26242E+02  8.31693E+02  8.36333E+02  8.40259E+02  8.44019E+02  8.49221E+02  8.54477E+02  8.59027E+02  8.62549E+02  8.65384E+02  8.67706E+02  8.69000E+02  8.69951E+02  8.69757E+02  8.68528E+02  8.66500E+02  8.63753E+02  8.60414E+02  8.56761E+02  8.52642E+02  8.48577E+02  8.44509E+02  8.40371E+02  8.36190E+02  8.32022E+02  8.28173E+02  8.24952E+02  8.22516E+02  8.20907E+02  8.20162E+02  8.20263E+02 -9.99990E+02 -9.99990E+02 -9.99990E+02 -9.99990E+02 -9.99990E+02
 -9.99990E+02 -9.99990E+02 -9.99990E+02 -9.99990E+02 -9.99990E+02 -9.99990E+02 -9.99990E+02 -9.99990E+02 -9.99990E+02 -9.99990E+02 -9.99990E+02 -9.99990E+02  7.55069E+02  7.44858E+02  7.30465E+02  7.11942E+02  6.90892E+02  6.67636E+02  6.68762E+02  6.72706E+02  6.78074E+02  6.84537E+02  6.92593E+02  7.00490E+02  7.08497E+02  7.16985E+02  7.25757E+02  7.34449E+02  7.42838E+02  7.51143E+02  7.59504E+02  7.67721E+02  7.75747E+02  7.83853E+02  7.92192E+02  7.99718E+02  8.06686E+02  8.12831E+02  8.18555E+02  8.23438E+02  8.27376E+02  8.31120E+02  8.34836E+02  8.38862E+02  8.42727E+02  8.45790E+02  8.48256E+02  8.50539E+02  8.51610E+02  8.52129E+02  8.51831E+02  8.50883E+02  8.48803E+02  8.46098E+02  8.43044E+02  8.39942E+02  8.36646E+02  8.33230E+02  8.29771E+02  8.26411E+02  8.23208E+02  8.20133E+02  8.17374E+02  8.14961E+02  8.13200E+02  8.12478E+02  8.12690E+02  8.13992E+02 -9.99990E+02 -9.99990E+02 -9.99990E+02 -9.99990E+02 -9.99990E+02
 -9.99990E+02 -9.99990E+02 -9.99990E+02 -9.99990E+02 -9.99990E+02 -9.99990E+02 -9.99990E+02 -9.99990E+02 -9.99990E+02 -9.99990E+02 -9.99990E+02 -9.99990E+02  7.41670E+02  7.28665E+02  7.12248E+02  6.90740E+02  6.68075E+02  6.41229E+02  6.32599E+02  6.41082E+02  6.48479E+02  6.57163E+02  6.67296E+02  6.77276E+02  6.87147E+02  6.97119E+02  7.07053E+02  7.16637E+02  7.25735E+02  7.34614E+02  7.43379E+02  7.52189E+02  7.60881E+02  7.69623E+02  7.78033E+02  7.85654E+02  7.92464E+02  7.98748E+02  8.04596E+02  8.09648E+02  8.14154E+02  8.17954E+02  8.21275E+02  8.23819E+02  8.26314E+02  8.28806E+02  8.30929E+02  8.32856E+02  8.34004E+02  8.34403E+02  8.34125E+02  8.32842E+02  8.30855E+02  8.28439E+02  8.25680E+02  8.22899E+02  8.20154E+02  8.17405E+02  8.14738E+02  8.12115E+02  8.09692E+02  8.07462E+02  8.05159E+02  8.03523E+02  8.02359E+02  8.02091E+02  8.03081E+02  8.08505E+02 -9.99990E+02 -9.99990E+02 -9.99990E+02 -9.99990E+02 -9.99990E+02
 -9.99990E+02 -9.99990E+02 -9.99990E+02 -9.99990E+02 -9.99990E+02 -9.99990E+02 -9.99990E+02 -9.99990E+02 -9.99990E+02 -9.99990E+02 -9.99990E+02 -9.99990E+02 -9.99990E+02  7.14396E+02  6.99166E+02  6.70125E+02  6.48822E+02  6.27628E+02  6.05255E+02  6.10939E+02  6.18222E+02  6.29139E+02  6.41510E+02  6.53791E+02  6.65509E+02  6.77203E+02  6.88168E+02  6.98481E+02  7.08324E+02  7.17785E+02  7.27189E+02  7.36567E+02  7.45938E+02  7.55135E+02  7.63432E+02  7.70920E+02  7.77806E+02  7.84103E+02  7.90030E+02  7.95506E+02  8.00032E+02  8.03941E+02  8.07131E+02  8.09506E+02  8.11190E+02  8.12513E+02  8.13641E+02  8.14855E+02  8.15991E+02  8.16180E+02  8.15800E+02  8.14364E+02  8.12480E+02  8.10399E+02  8.08212E+02  8.05898E+02  8.03670E+02  8.01577E+02  7.99504E+02  7.97279E+02  7.95342E+02  7.93787E+02  7.92212E+02  7.91070E+02  7.90227E+02  7.89594E+02  7.88973E+02 -9.99990E+02 -9.99990E+02 -9.99990E+02 -9.99990E+02 -9.99990E+02 -9.99990E+02
 -9.99990E+02 -9.99990E+02 -9.99990E+02 -9.99990E+02 -9.99990E+02 -9.99990E+02 -9.99990E+02 -9.99990E+02 -9.99990E+02 -9.99990E+02 -9.99990E+02 -9.99990E+02 -9.99990E+02 -9.99990E+02 -9.99990E+02  6.39444E+02  6.29340E+02  6.14883E+02  5.99422E+02  5.85352E+02  5.85696E+02  5.99571E+02  6.15463E+02  6.29966E+02  6.43561E+02  6.56748E+02  6.68839E+02  6.80057E+02  6.90727E+02  7.00911E+02  7.10841E+02  7.20773E+02  7.30633E+02  7.39862E+02  7.48195E+02  7.55669E+02  7.62595E+02  7.68902E+02  7.74797E+02  7.80266E+02  7.84826E+02  7.88699E+02  7.91843E+02  7.94268E+02  7.96076E+02  7.97322E+02  7.97891E+02  7.97839E+02  7.97696E+02  7.97271E+02  7.96545E+02  7.95333E+02  7.93678E+02  7.91985E+02  7.90224E+02  7.88386E+02  7.86617E+02  7.85108E+02  7.83580E+02  7.81925E+02  7.80516E+02  7.79557E+02  7.78641E+02  7.78042E+02  7.77295E+02  7.76253E+02  7.73906E+02  7.67231E+02 -9.99990E+02 -9.99990E+02 -9.99990E+02 -9.99990E+02 -9.99990E+02
 -9.99990E+02 -9.99990E+02 -9.99990E+02 -9.99990E+02 -9.99990E+02 -9.99990E+02 -9.99990E+02 -9.99990E+02 -9.99990E+02 -9.99990E+02 -9.99990E+02 -9.99990E+02 -9.99990E+02 -9.99990E+02 -9.99990E+02  6.19261E+02  6.13011E+02  6.02948E+02  5.91249E+02  5.79893E+02  5.70238E+02  5.68623E+02  5.89790E+02  6.06889E+02  6.22291E+02  6.36317E+02  6.49078E+02  6.61130E+02  6.72853E+02  6.83969E+02  6.94363E+02  7.04686E+02  7.14774E+02  7.24083E+02  7.32402E+02  7.39810E+02  7.46625E+02  7.52949E+02  7.58933E+02  7.64197E+02  7.68827E+02  7.72769E+02  7.75936E+02  7.78255E+02  7.80090E+02  7.81783E+02  7.82218E+02  7.81925E+02  7.81162E+02  7.79830E+02  7.78186E+02  7.76586E+02  7.74705E+02  7.73200E+02  7.71632E+02  7.70282E+02  7.69072E+02  7.68095E+02  7.67101E+02  7.66169E+02  7.65443E+02  7.65039E+02  7.64599E+02  7.64383E+02  7.64007E+02  7.63251E+02  7.62021E+02  7.59955E+02 -9.99990E+02 -9.99990E+02 -9.99990E+02 -9.99990E+02 -9.99990E+02
 -9.99990E+02 -9.99990E+02 -9.99990E+02 -9.99990E+02 -9.99990E+02 -9.99990E+02 -9.99990E+02 -9.99990E+02 -9.99990E+02 -9.99990E+02 -9.99990E+02 -9.99990E+02 -9.99990E+02 -9.99990E+02 -9.99990E+02  6.04493E+02  6.00077E+02  5.91984E+02  5.82350E+02  5.72308E+02  5.62390E+02  5.53050E+02  5.67996E+02  5.85168E+02  6.00974E+02  6.15333E+02  6.29319E+02  6.42347E+02  6.54909E+02  6.66847E+02  6.77642E+02  6.88218E+02  6.98326E+02  7.07631E+02  7.16072E+02  7.23401E+02  7.30196E+02  7.36674E+02  7.42760E+02  7.48007E+02  7.52739E+02  7.56750E+02  7.59776E+02  7.61951E+02  7.63831E+02  7.65340E+02  7.65544E+02  7.65099E+02  7.64235E+02  7.62872E+02  7.61134E+02  7.59169E+02  7.57217E+02  7.55519E+02  7.53850E+02  7.52265E+02  7.51030E+02  7.50438E+02  7.50016E+02  7.49830E+02  7.49783E+02  7.49938E+02  7.49981E+02  7.50106E+02  7.50087E+02  7.50037E+02  7.49994E+02  7.49968E+02 -9.99990E+02 -9.99990E+02 -9.99990E+02 -9.99990E+02 -9.99990E+02
 -9.99990E+02 -9.99990E+02 -9.99990E+02 -9.99990E+02 -9.99990E+02 -9.99990E+02 -9.99990E+02 -9.99990E+02 -9.99990E+02 -9.99990E+02 -9.99990E+02 -9.99990E+02 -9.99990E+02 -9.99990E+02 -9.99990E+02  5.94031E+02  5.89699E+02  5.82381E+02  5.73702E+02  5.64107E+02  5.53931E+02  5.45240E+02  5.44328E+02  5.63540E+02  5.79639E+02  5.94697E+02  6.09205E+02  6.23051E+02  6.36524E+02  6.48765E+02  6.60415E+02  6.71415E+02  6.81245E+02  6.90471E+02  6.98980E+02  7.06588E+02  7.13617E+02  7.20071E+02  7.25868E+02  7.31019E+02  7.35803E+02  7.39851E+02  7.42953E+02  7.44982E+02  7.46649E+02  7.47886E+02  7.48080E+02  7.47414E+02  7.46336E+02  7.44974E+02  7.43328E+02  7.41524E+02  7.39626E+02  7.37732E+02  7.36013E+02  7.34527E+02  7.33255E+02  7.32376E+02  7.32064E+02  7.32365E+02  7.33082E+02  7.33869E+02  7.34365E+02  7.34750E+02  7.35249E+02  7.36057E+02  7.37588E+02  7.39936E+02 -9.99990E+02 -9.99990E+02 -9.99990E+02 -9.99990E+02 -9.99990E+02
 -9.99990E+02 -9.99990E+02 -9.99990E+02 -9.99990E+02 -9.99990E+02 -9.99990E+02 -9.99990E+02 -9.99990E+02 -9.99990E+02 -9.99990E+02 -9.99990E+02 -9.99990E+02 -9.99990E+02 -9.99990E+02 -9.99990E+02  5.87873E+02  5.81793E+02  5.74279E+02  5.65621E+02  5.55287E+02  5.43741E+02  5.32703E+02  5.28354E+02  5.44433E+02  5.59442E+02  5.73941E+02  5.88277E+02  6.03091E+02  6.16854E+02  6.29754E+02  6.42035E+02  6.53367E+02  6.63658E+02  6.73044E+02  6.81558E+02  6.89316E+02  6.96558E+02  7.02991E+02  7.08748E+02  7.13817E+02  7.18299E+02  7.22268E+02  7.25267E+02  7.27273E+02  7.28586E+02  7.29596E+02  7.30066E+02  7.29162E+02  7.27856E+02  7.26373E+02  7.24666E+02  7.22627E+02  7.20513E+02  7.18500E+02  7.16812E+02  7.15468E+02  7.14556E+02  7.14010E+02  7.14215E+02  7.14981E+02  7.16310E+02  7.17485E+02  7.18294E+02  7.18940E+02  7.19869E+02  7.21150E+02  7.23963E+02  7.32009E+02 -9.99990E+02 -9.99990E+02 -9.99990E+02 -9.99990E+02 -9.99990E+02
 -9.99990E+02 -9.99990E+02 -9.99990E+02 -9.99990E+02 -9.99990E+02 -9.99990E+02 -9.99990E+02 -9.99990E+02 -9.99990E+02 -9.99990E+02 -9.99990E+02 -9.99990E+02 -9.99990E+02 -9.99990E+02 -9.99990E+02 -9.99990E+02  5.74738E+02  5.67098E+02  5.58588E+02  5.47295E+02  5.32652E+02  5.15639E+02  5.16710E+02  5.26197E+02  5.38770E+02  5.52012E+02  5.66097E+02  5.81165E+02  5.95736E+02  6.09569E+02  6.22206E+02  6.33917E+02  6.44768E+02  6.54683E+02  6.63513E+02  6.71464E+02  6.78843E+02  6.85341E+02  6.91086E+02  6.96042E+02  7.00265E+02  7.03932E+02  7.06901E+02  7.08978E+02  7.10036E+02  7.10424E+02  7.10663E+02  7.10185E+02  7.08661E+02  7.06925E+02  7.04862E+02  7.02338E+02  6.99837E+02  6.97341E+02  6.95611E+02  6.94525E+02  6.94244E+02  6.94686E+02  6.95785E+02  6.97526E+02  6.99509E+02  7.01302E+02  7.02343E+02  7.03047E+02  7.04033E+02  7.04701E+02  7.05371E+02 -9.99990E+02 -9.99990E+02 -9.99990E+02 -9.99990E+02 -9.99990E+02 -9.99990E+02
 -9.99990E+02 -9.99990E+02 -9.99990E+02 -9.99990E+02 -9.99990E+02 -9.99990E+02 -9.99990E+02 -9.99990E+02 -9.99990E+02 -9.99990E+02 -9.99990E+02 -9.99990E+02 -9.99990E+02 -9.99990E+02 -9.99990E+02 -9.99990E+02 -9.99990E+02  5.60437E+02  5.53711E+02  5.41483E+02  5.22176E+02  5.05125E+02  4.96254E+02  5.04234E+02  5.16046E+02  5.28568E+02  5.42363E+02  5.57854E+02  5.73256E+02  5.88062E+02  6.01505E+02  6.13701E+02  6.24901E+02  6.35213E+02  6.44483E+02  6.52781E+02  6.60254E+02  6.67040E+02  6.72875E+02  6.77680E+02  6.81659E+02  6.84912E+02  6.87519E+02  6.89498E+02  6.90716E+02  6.90866E+02  6.90326E+02  6.89546E+02  6.88375E+02  6.86409E+02  6.83694E+02  6.80519E+02  6.77301E+02  6.74268E+02  6.72263E+02  6.71468E+02  6.71921E+02  6.73788E+02  6.76287E+02  6.79153E+02  6.81996E+02  6.84637E+02  6.86468E+02  6.87437E+02  6.88107E+02  6.88140E+02  6.87156E+02  6.82555E+02 -9.99990E+02 -9.99990E+02 -9.99990E+02 -9.99990E+02 -9.99990E+02
 -9.99990E+02 -9.99990E+02 -9.99990E+02 -9.99990E+02 -9.99990E+02 -9.99990E+02 -9.99990E+02 -9.99990E+02 -9.99990E+02 -9.99990E+02 -9.99990E+02 -9.99990E+02 -9.99990E+02 -9.99990E+02 -9.99990E+02 -9.99990E+02 -9.99990E+02 -9.99990E+02 -9.99990E+02 -9.99990E+02  5.08622E+02  4.94404E+02  4.81670E+02  4.78265E+02  4.90233E+02  5.02102E+02  5.16739E+02  5.33540E+02  5.50299E+02  5.65925E+02  5.80202E+02  5.92917E+02  6.04400E+02  6.14925E+02  6.24494E+02  6.33043E+02  6.40754E+02  6.47791E+02  6.53755E+02  6.58422E+02  6.62169E+02  6.65060E+02  6.67377E+02  6.69067E+02  6.70159E+02  6.70441E+02  6.69690E+02  6.68113E+02  6.66447E+02  6.64122E+02  6.60535E+02  6.56228E+02  6.52041E+02  6.48457E+02  6.45828E+02  6.45369E+02  6.47244E+02  6.51243E+02  6.55610E+02  6.60040E+02  6.63901E+02  6.67297E+02  6.69810E+02  6.71224E+02  6.71677E+02  6.72009E+02  6.73005E+02  6.77839E+02 -9.99990E+02 -9.99990E+02 -9.99990E+02 -9.99990E+02 -9.99990E+02
 -9.99990E+02 -9.99990E+02 -9.99990E+02 -9.99990E+02 -9.99990E+02 -9.99990E+02 -9.99990E+02 -9.99990E+02 -9.99990E+02 -9.99990E+02 -9.99990E+02 -9.99990E+02 -9.99990E+02 -9.99990E+02 -9.99990E+02 -9.99990E+02 -9.99990E+02 -9.99990E+02 -9.99990E+02 -9.99990E+02 -9.99990E+02  4.81016E+02  4.67186E+02  4.60649E+02  4.64493E+02  4.72151E+02  4.88281E+02  5.08775E+02  5.27270E+02  5.43734E+02  5.58480E+02  5.71453E+02  5.82957E+02  5.93556E+02  6.03497E+02  6.12242E+02  6.20203E+02  6.27359E+02  6.33329E+02  6.37995E+02  6.41569E+02  6.44357E+02  6.46525E+02  6.47946E+02  6.48759E+02  6.48802E+02  6.48011E+02  6.45874E+02  6.43448E+02  6.40197E+02  6.35469E+02  6.30027E+02  6.24409E+02  6.19209E+02  6.15213E+02  6.14938E+02  6.18834E+02  6.26695E+02  6.34014E+02  6.40284E+02  6.45347E+02  6.49639E+02  6.52740E+02  6.54491E+02  6.54963E+02  6.55074E+02  6.55297E+02 -9.99990E+02 -9.99990E+02 -9.99990E+02 -9.99990E+02 -9.99990E+02 -9.99990E+02
 -9.99990E+02 -9.99990E+02 -9.99990E+02 -9.99990E+02 -9.99990E+02 -9.99990E+02 -9.99990E+02 -9.99990E+02 -9.99990E+02 -9.99990E+02 -9.99990E+02 -9.99990E+02 -9.99990E+02 -9.99990E+02 -9.99990E+02 -9.99990E+02 -9.99990E+02 -9.99990E+02 -9.99990E+02 -9.99990E+02 -9.99990E+02 -9.99990E+02  4.57078E+02  4.55063E+02  4.55707E+02  4.58647E+02  4.62448E+02  4.85371E+02  5.04712E+02  5.21494E+02  5.36275E+02  5.48971E+02  5.60259E+02  5.70746E+02  5.80603E+02  5.89847E+02  5.98311E+02  6.05643E+02  6.11461E+02  6.16170E+02  6.19747E+02  6.22503E+02  6.24619E+02  6.25966E+02  6.26413E+02  6.25966E+02  6.25031E+02  6.22503E+02  6.19240E+02  6.14772E+02  6.09115E+02  6.01982E+02  5.94499E+02  5.86331E+02  5.78558E+02  5.78786E+02  5.84451E+02  6.01200E+02  6.12494E+02  6.20684E+02  6.27071E+02  6.31959E+02  6.35414E+02  6.37212E+02  6.37507E+02  6.37124E+02  6.37106E+02 -9.99990E+02 -9.99990E+02 -9.99990E+02 -9.99990E+02 -9.99990E+02 -9.99990E+02
 -9.99990E+02 -9.99990E+02 -9.99990E+02 -9.99990E+02 -9.99990E+02 -9.99990E+02 -9.99990E+02 -9.99990E+02 -9.99990E+02 -9.99990E+02 -9.99990E+02 -9.99990E+02 -9.99990E+02 -9.99990E+02 -9.99990E+02 -9.99990E+02 -9.99990E+02 -9.99990E+02 -9.99990E+02 -9.99990E+02 -9.99990E+02 -9.99990E+02  4.48574E+02  4.45877E+02  4.43754E+02  4.43491E+02  4.43894E+02  4.64889E+02  4.83380E+02  4.99493E+02  5.13464E+02  5.25707E+02  5.36529E+02  5.46909E+02  5.56851E+02  5.66503E+02  5.75178E+02  5.82379E+02  5.88222E+02  5.93057E+02  5.96916E+02  5.99685E+02  6.01697E+02  6.02832E+02  6.02984E+02  6.02196E+02  6.00713E+02  5.97912E+02  5.93505E+02  5.87845E+02  5.81151E+02  5.72631E+02  5.62999E+02  5.51080E+02  5.32451E+02  5.38898E+02  5.62294E+02  5.79782E+02  5.92822E+02  6.02302E+02  6.09150E+02  6.14497E+02  6.18073E+02  6.19879E+02  6.20349E+02  6.19641E+02  6.18539E+02 -9.99990E+02 -9.99990E+02 -9.99990E+02 -9.99990E+02 -9.99990E+02 -9.99990E+02
 -9.99990E+02 -9.99990E+02 -9.99990E+02 -9.99990E+02 -9.99990E+02 -9.99990E+02 -9.99990E+02 -9.99990E+02 -9.99990E+02 -9.99990E+02 -9.99990E+02 -9.99990E+02 -9.99990E+02 -9.99990E+02 -9.99990E+02 -9.99990E+02 -9.99990E+02 -9.99990E+02 -9.99990E+02 -9.99990E+02 -9.99990E+02 -9.99990E+02  4.42139E+02  4.35348E+02  4.29411E+02  4.26974E+02  4.27892E+02  4.46413E+02  4.63097E+02  4.77760E+02  4.90563E+02  5.01634E+02  5.11672E+02  5.21807E+02  5.32037E+02  5.41819E+02  5.50357E+02  5.57852E+02  5.63963E+02  5.69080E+02  5.73216E+02  5.76235E+02  5.78141E+02  5.78966E+02  5.78627E+02  5.77445E+02  5.75199E+02  5.71734E+02  5.66546E+02  5.59736E+02  5.51323E+02  5.42191E+02  5.31612E+02  5.20712E+02  5.06142E+02  5.24949E+02  5.44484E+02  5.61191E+02  5.74554E+02  5.84428E+02  5.91686E+02  5.97167E+02  6.00880E+02  6.02949E+02  6.03652E+02  6.02756E+02  6.00835E+02 -9.99990E+02 -9.99990E+02 -9.99990E+02 -9.99990E+02 -9.99990E+02 -9.99990E+02
 -9.99990E+02 -9.99990E+02 -9.99990E+02 -9.99990E+02 -9.99990E+02 -9.99990E+02 -9.99990E+02 -9.99990E+02 -9.99990E+02 -9.99990E+02 -9.99990E+02 -9.99990E+02 -9.99990E+02 -9.99990E+02 -9.99990E+02 -9.99990E+02 -9.99990E+02 -9.99990E+02 -9.99990E+02 -9.99990E+02 -9.99990E+02 -9.99990E+02 -9.99990E+02  4.23303E+02  4.10886E+02  4.06752E+02  4.15274E+02  4.29133E+02  4.43146E+02  4.56299E+02  4.67326E+02  4.76344E+02  4.84315E+02  4.94473E+02  5.05368E+02  5.15662E+02  5.24579E+02  5.32238E+02  5.39036E+02  5.44619E+02  5.49027E+02  5.52234E+02  5.54169E+02  5.54808E+02  5.54010E+02  5.51900E+02  5.48854E+02  5.44669E+02  5.38752E+02  5.30979E+02  5.21237E+02  5.10064E+02  4.99587E+02  4.92421E+02  4.86017E+02  5.09262E+02  5.28540E+02  5.44608E+02  5.57332E+02  5.67055E+02  5.74660E+02  5.80511E+02  5.84657E+02  5.87143E+02  5.87747E+02  5.85831E+02  5.80503E+02  5.67647E+02  5.61975E+02 -9.99990E+02 -9.99990E+02 -9.99990E+02 -9.99990E+02
 -9.99990E+02 -9.99990E+02 -9.99990E+02 -9.99990E+02 -9.99990E+02 -9.99990E+02 -9.99990E+02 -9.99990E+02 -9.99990E+02 -9.99990E+02 -9.99990E+02 -9.99990E+02 -9.99990E+02 -9.99990E+02 -9.99990E+02 -9.99990E+02 -9.99990E+02 -9.99990E+02 -9.99990E+02 -9.99990E+02 -9.99990E+02 -9.99990E+02 -9.99990E+02 -9.99990E+02  3.95364E+02  3.92195E+02  3.97815E+02  4.11133E+02  4.23115E+02  4.34613E+02  4.44033E+02  4.50130E+02  4.52284E+02  4.64520E+02  4.76732E+02  4.87945E+02  4.97702E+02  5.06123E+02  5.13552E+02  5.19651E+02  5.24481E+02  5.27867E+02  5.29653E+02  5.29891E+02  5.28819E+02  5.26718E+02  5.23181E+02  5.18019E+02  5.11165E+02  5.02685E+02  4.91155E+02  4.76567E+02  4.61655E+02  4.62070E+02  4.76762E+02  4.97030E+02  5.14511E+02  5.29208E+02  5.41224E+02  5.50944E+02  5.58824E+02  5.65035E+02  5.69510E+02  5.72050E+02  5.72743E+02  5.71038E+02  5.66887E+02  5.60530E+02  5.56310E+02 -9.99990E+02 -9.99990E+02 -9.99990E+02 -9.99990E+02
 -9.99990E+02 -9.99990E+02 -9.99990E+02 -9.99990E+02 -9.99990E+02 -9.99990E+02 -9.99990E+02 -9.99990E+02 -9.99990E+02 -9.99990E+02 -9.99990E+02 -9.99990E+02 -9.99990E+02 -9.99990E+02 -9.99990E+02 -9.99990E+02 -9.99990E+02 -9.99990E+02 -9.99990E+02 -9.99990E+02 -9.99990E+02 -9.99990E+02 -9.99990E+02 -9.99990E+02  3.91052E+02  3.86607E+02  3.84429E+02  3.94057E+02  4.03868E+02  4.13649E+02  4.21916E+02  4.26310E+02  4.24413E+02  4.32669E+02  4.47543E+02  4.60010E+02  4.70884E+02  4.80286E+02  4.87872E+02  4.94420E+02  4.99786E+02  5.03480E+02  5.05145E+02  5.05138E+02  5.04062E+02  5.01652E+02  4.97861E+02  4.92168E+02  4.84605E+02  4.75159E+02  4.62312E+02  4.43185E+02  4.46679E+02  4.55961E+02  4.69953E+02  4.85557E+02  5.00705E+02  5.14222E+02  5.25974E+02  5.35820E+02  5.43982E+02  5.50508E+02  5.55101E+02  5.57854E+02  5.58808E+02  5.57845E+02  5.55123E+02  5.50880E+02  5.46301E+02  5.39953E+02 -9.99990E+02 -9.99990E+02 -9.99990E+02
 -9.99990E+02 -9.99990E+02 -9.99990E+02 -9.99990E+02 -9.99990E+02 -9.99990E+02 -9.99990E+02 -9.99990E+02 -9.99990E+02 -9.99990E+02 -9.99990E+02 -9.99990E+02 -9.99990E+02 -9.99990E+02 -9.99990E+02 -9.99990E+02 -9.99990E+02 -9.99990E+02 -9.99990E+02 -9.99990E+02 -9.99990E+02 -9.99990E+02 -9.99990E+02 -9.99990E+02 -9.99990E+02  3.78218E+02  3.76277E+02  3.76574E+02  3.84900E+02  3.93062E+02  4.00966E+02  4.05893E+02  4.06546E+02  4.05470E+02  4.19680E+02  4.33325E+02  4.45303E+02  4.55236E+02  4.62833E+02  4.69491E+02  4.74983E+02  4.78882E+02  4.80689E+02  4.80741E+02  4.79598E+02  4.76862E+02  4.72830E+02  4.67093E+02  4.59501E+02  4.49895E+02  4.37704E+02  4.21489E+02  4.30308E+02  4.43166E+02  4.58065E+02  4.73002E+02  4.87216E+02  5.00344E+02  5.11801E+02  5.21609E+02  5.29941E+02  5.36629E+02  5.41409E+02  5.44407E+02  5.45928E+02  5.45897E+02  5.44418E+02  5.41616E+02  5.38044E+02  5.33625E+02  5.28907E+02 -9.99990E+02 -9.99990E+02
 -9.99990E+02 -9.99990E+02 -9.99990E+02 -9.99990E+02 -9.99990E+02 -9.99990E+02 -9.99990E+02 -9.99990E+02 -9.99990E+02 -9.99990E+02 -9.99990E+02 -9.99990E+02 -9.99990E+02 -9.99990E+02 -9.99990E+02 -9.99990E+02 -9.99990E+02 -9.99990E+02 -9.99990E+02 -9.99990E+02 -9.99990E+02 -9.99990E+02 -9.99990E+02 -9.99990E+02 -9.99990E+02  3.71528E+02  3.69752E+02  3.66546E+02  3.65842E+02  3.71170E+02  3.81080E+02  3.87063E+02  3.89166E+02  3.88208E+02  3.92270E+02  4.08338E+02  4.20981E+02  4.31045E+02  4.38843E+02  4.45295E+02  4.50561E+02  4.54512E+02  4.56382E+02  4.56703E+02  4.55457E+02  4.52679E+02  4.48259E+02  4.42610E+02  4.35340E+02  4.26552E+02  4.16550E+02  4.05680E+02  4.09630E+02  4.27906E+02  4.44591E+02  4.60210E+02  4.74518E+02  4.87248E+02  4.98458E+02  5.08271E+02  5.16627E+02  5.23466E+02  5.28655E+02  5.32043E+02  5.34131E+02  5.34939E+02  5.34512E+02  5.32918E+02  5.30437E+02  5.27476E+02  5.24287E+02  5.21124E+02 -9.99990E+02
 -9.99990E+02 -9.99990E+02 -9.99990E+02 -9.99990E+02 -9.99990E+02 -9.99990E+02 -9.99990E+02 -9.99990E+02 -9.99990E+02 -9.99990E+02 -9.99990E+02 -9.99990E+02 -9.99990E+02 -9.99990E+02 -9.99990E+02 -9.99990E+02 -9.99990E+02 -9.99990E+02 -9.99990E+02 -9.99990E+02 -9.99990E+02 -9.99990E+02 -9.99990E+02 -9.99990E+02 -9.99990E+02  3.66207E+02  3.64127E+02  3.61015E+02  3.58075E+02  3.54615E+02  3.63996E+02  3.69416E+02  3.72392E+02  3.72715E+02  3.71745E+02  3.86275E+02  3.98447E+02  4.07907E+02  4.15306E+02  4.21312E+02  4.26324E+02  4.29830E+02  4.31907E+02  4.32431E+02  4.31556E+02  4.29256E+02  4.24683E+02  4.18596E+02  4.11612E+02  4.03477E+02  3.95646E+02  3.91204E+02  3.92514E+02  4.13983E+02  4.32001E+02  4.47531E+02  4.61475E+02  4.74281E+02  4.85786E+02  4.95725E+02  5.04246E+02  5.11217E+02  5.16670E+02  5.20586E+02  5.23326E+02  5.24783E+02  5.25259E+02  5.24686E+02  5.23167E+02  5.21280E+02  5.19399E+02  5.17866E+02 -9.99990E+02
 -9.99990E+02 -9.99990E+02 -9.99990E+02 -9.99990E+02 -9.99990E+02 -9.99990E+02 -9.99990E+02 -9.99990E+02 -9.99990E+02 -9.99990E+02 -9.99990E+02 -9.99990E+02 -9.99990E+02 -9.99990E+02 -9.99990E+02 -9.99990E+02 -9.99990E+02 -9.99990E+02 -9.99990E+02 -9.99990E+02 -9.99990E+02 -9.99990E+02 -9.99990E+02 -9.99990E+02 -9.99990E+02  3.62720E+02  3.59091E+02  3.54939E+02  3.50334E+02  3.44079E+02  3.49078E+02  3.52705E+02  3.55644E+02  3.55997E+02  3.53340E+02  3.65858E+02  3.76550E+02  3.85081E+02  3.92007E+02  3.97460E+02  4.02095E+02  4.05583E+02  4.07952E+02  4.08942E+02  4.08374E+02  4.05972E+02  4.01403E+02  3.95060E+02  3.87915E+02  3.79588E+02  3.71386E+02  3.70912E+02  3.85037E+02  4.03289E+02  4.20089E+02  4.35187E+02  4.48785E+02  4.61527E+02  4.73138E+02  4.83325E+02  4.92137E+02  4.99336E+02  5.05061E+02  5.09157E+02  5.12146E+02  5.14281E+02  5.15494E+02  5.15773E+02  5.15539E+02  5.14867E+02  5.14013E+02  5.13094E+02  5.11430E+02
 -9.99990E+02 -9.99990E+02 -9.99990E+02 -9.99990E+02 -9.99990E+02 -9.99990E+02 -9.99990E+02 -9.99990E+02 -9.99990E+02 -9.99990E+02 -9.99990E+02 -9.99990E+02 -9.99990E+02 -9.99990E+02 -9.99990E+02 -9.99990E+02 -9.99990E+02 -9.99990E+02 -9.99990E+02 -9.99990E+02 -9.99990E+02 -9.99990E+02 -9.99990E+02 -9.99990E+02 -9.99990E+02 -9.99990E+02  3.54127E+02  3.48858E+02  3.43678E+02  3.36132E+02  3.34490E+02  3.34915E+02  3.39724E+02  3.40362E+02  3.37514E+02  3.46077E+02  3.54881E+02  3.62210E+02  3.68486E+02  3.73685E+02  3.78027E+02  3.81685E+02  3.84648E+02  3.86107E+02  3.85594E+02  3.83141E+02  3.78500E+02  3.72103E+02  3.64473E+02  3.55324E+02  3.58188E+02  3.66410E+02  3.78814E+02  3.93858E+02  4.09085E+02  4.23386E+02  4.36674E+02  4.49198E+02  4.60617E+02  4.70876E+02  4.79854E+02  4.87423E+02  4.93508E+02  4.98093E+02  5.01442E+02  5.04001E+02  5.05809E+02  5.06847E+02  5.07434E+02  5.07707E+02  5.07888E+02  5.08274E+02  5.09860E+02
 -9.99990E+02 -9.99990E+02 -9.99990E+02 -9.99990E+02 -9.99990E+02 -9.99990E+02 -9.99990E+02 -9.99990E+02 -9.99990E+02 -9.99990E+02 -9.99990E+02 -9.99990E+02 -9.99990E+02 -9.99990E+02 -9.99990E+02 -9.99990E+02 -9.99990E+02 -9.99990E+02 -9.99990E+02 -9.99990E+02 -9.99990E+02 -9.99990E+02 -9.99990E+02 -9.99990E+02 -9.99990E+02 -9.99990E+02 -9.99990E+02  3.41651E+02  3.38839E+02  3.34406E+02  3.30984E+02  3.27471E+02  3.25118E+02  3.25937E+02  3.22910E+02  3.24907E+02  3.32310E+02  3.38989E+02  3.44956E+02  3.50075E+02  3.53958E+02  3.57618E+02  3.61282E+02  3.63539E+02  3.63470E+02  3.60870E+02  3.56219E+02  3.49840E+02  3.41615E+02  3.38159E+02  3.47664E+02  3.57815E+02  3.70127E+02  3.83940E+02  3.98000E+02  4.11739E+02  4.25009E+02  4.37233E+02  4.48443E+02  4.58740E+02  4.67905E+02  4.75701E+02  4.82121E+02  4.87315E+02  4.91146E+02  4.94149E+02  4.96552E+02  4.98300E+02  4.99594E+02  5.00473E+02  5.01260E+02  5.01917E+02 -9.99990E+02
 -9.99990E+02 -9.99990E+02 -9.99990E+02 -9.99990E+02 -9.99990E+02 -9.99990E+02 -9.99990E+02 -9.99990E+02 -9.99990E+02 -9.99990E+02 -9.99990E+02 -9.99990E+02 -9.99990E+02 -9.99990E+02 -9.99990E+02 -9.99990E+02 -9.99990E+02 -9.99990E+02 -9.99990E+02 -9.99990E+02 -9.99990E+02 -9.99990E+02 -9.99990E+02 -9.99990E+02 -9.99990E+02 -9.99990E+02 -9.99990E+02  3.36882E+02  3.34731E+02  3.31374E+02  3.27370E+02  3.22506E+02  3.15235E+02  3.14016E+02  3.09576E+02  3.03609E+02  3.10159E+02  3.15639E+02  3.22098E+02  3.26664E+02  3.29054E+02  3.32173E+02  3.37915E+02  3.41338E+02  3.41939E+02  3.39730E+02  3.35215E+02  3.28590E+02  3.19317E+02  3.26033E+02  3.35593E+02  3.46818E+02  3.59433E+02  3.72855E+02  3.86386E+02  3.99974E+02  4.13357E+02  4.25699E+02  4.37012E+02  4.47347E+02  4.56575E+02  4.64460E+02  4.71112E+02  4.76721E+02  4.81264E+02  4.84708E+02  4.87628E+02  4.90046E+02  4.91925E+02  4.93291E+02  4.94645E+02  4.96261E+02 -9.99990E+02
 -9.99990E+02 -9.99990E+02 -9.99990E+02 -9.99990E+02 -9.99990E+02 -9.99990E+02 -9.99990E+02 -9.99990E+02 -9.99990E+02 -9.99990E+02 -9.99990E+02 -9.99990E+02 -9.99990E+02 -9.99990E+02 -9.99990E+02 -9.99990E+02 -9.99990E+02 -9.99990E+02 -9.99990E+02 -9.99990E+02 -9.99990E+02 -9.99990E+02 -9.99990E+02 -9.99990E+02 -9.99990E+02 -9.99990E+02 -9.99990E+02  3.34015E+02  3.31077E+02  3.28216E+02  3.24662E+02  3.20069E+02  3.14368E+02  3.07790E+02  3.05452E+02  3.01881E+02  2.98692E+02  2.92096E+02  3.00487E+02  3.04189E+02  3.07020E+02  3.08513E+02  3.15562E+02  3.20776E+02  3.22289E+02  3.20480E+02  3.15970E+02  3.09242E+02  3.01639E+02  3.10690E+02  3.21460E+02  3.33692E+02  3.47087E+02  3.60820E+02  3.74292E+02  3.88170E+02  4.01789E+02  4.14424E+02  4.25939E+02  4.36436E+02  4.45883E+02  4.53887E+02  4.60749E+02  4.66625E+02  4.71620E+02  4.75648E+02  4.79096E+02  4.81903E+02  4.84110E+02  4.85905E+02  4.87886E+02  4.92038E+02 -9.99990E+02
 -9.99990E+02 -9.99990E+02 -9.99990E+02 -9.99990E+02 -9.99990E+02 -9.99990E+02 -9.99990E+02 -9.99990E+02 -9.99990E+02 -9.99990E+02 -9.99990E+02 -9.99990E+02 -9.99990E+02 -9.99990E+02 -9.99990E+02 -9.99990E+02 -9.99990E+02 -9.99990E+02 -9.99990E+02 -9.99990E+02 -9.99990E+02 -9.99990E+02 -9.99990E+02 -9.99990E+02 -9.99990E+02 -9.99990E+02 -9.99990E+02 -9.99990E+02  3.27112E+02  3.25184E+02  3.22224E+02  3.18482E+02  3.14199E+02  3.09763E+02  3.06476E+02  3.03281E+02  3.00461E+02  2.98063E+02  2.99570E+02  3.00727E+02  3.00970E+02  2.99724E+02  2.96721E+02  3.03321E+02  3.05128E+02  3.03395E+02  2.98332E+02  2.90099E+02  2.83213E+02  2.93040E+02  3.05434E+02  3.19062E+02  3.33468E+02  3.47752E+02  3.62196E+02  3.76882E+02  3.90777E+02  4.03647E+02  4.15233E+02  4.25843E+02  4.35421E+02  4.43691E+02  4.50843E+02  4.57075E+02  4.62468E+02  4.66902E+02  4.70604E+02  4.73648E+02  4.75923E+02  4.77637E+02  4.78736E+02 -9.99990E+02 -9.99990E+02
 -9.99990E+02 -9.99990E+02 -9.99990E+02 -9.99990E+02 -9.99990E+02 -9.99990E+02 -9.99990E+02 -9.99990E+02 -9.99990E+02 -9.99990E+02 -9.99990E+02 -9.99990E+02 -9.99990E+02 -9.99990E+02 -9.99990E+02 -9.99990E+02 -9.99990E+02 -9.99990E+02 -9.99990E+02 -9.99990E+02 -9.99990E+02 -9.99990E+02 -9.99990E+02 -9.99990E+02 -9.99990E+02 -9.99990E+02 -9.99990E+02 -9.99990E+02  3.25032E+02  3.22897E+02  3.20369E+02  3.17474E+02  3.14084E+02  3.10562E+02  3.07381E+02  3.04354E+02  3.01804E+02  2.99505E+02  2.98615E+02  2.97674E+02  2.95828E+02  2.92079E+02  2.84969E+02  2.90099E+02  2.91223E+02  2.88829E+02  2.83082E+02  2.73257E+02  2.56787E+02  2.72387E+02  2.88452E+02  3.03588E+02  3.18922E+02  3.34446E+02  3.49829E+02  3.65007E+02  3.79286E+02  3.92646E+02  4.04759E+02  4.15442E+02  4.25076E+02  4.33646E+02  4.41263E+02  4.47930E+02  4.53736E+02  4.58529E+02  4.62485E+02  4.65642E+02  4.67912E+02  4.69519E+02  4.70343E+02 -9.99990E+02 -9.99990E+02
 -9.99990E+02 -9.99990E+02 -9.99990E+02 -9.99990E+02 -9.99990E+02 -9.99990E+02 -9.99990E+02 -9.99990E+02 -9.99990E+02 -9.99990E+02 -9.99990E+02 -9.99990E+02 -9.99990E+02 -9.99990E+02 -9.99990E+02 -9.99990E+02 -9.99990E+02 -9.99990E+02 -9.99990E+02 -9.99990E+02 -9.99990E+02 -9.99990E+02 -9.99990E+02 -9.99990E+02 -9.99990E+02 -9.99990E+02 -9.99990E+02 -9.99990E+02 -9.99990E+02  3.20901E+02  3.18887E+02  3.16718E+02  3.13959E+02  3.10966E+02  3.07964E+02  3.04848E+02  3.01948E+02  2.99275E+02  2.97263E+02  2.95048E+02  2.92005E+02  2.87116E+02  2.78829E+02  2.80065E+02  2.79847E+02  2.76965E+02  2.71295E+02  2.64378E+02  2.62136E+02  2.63259E+02  2.71591E+02  2.87424E+02  3.03927E+02  3.20419E+02  3.36470E+02  3.52358E+02  3.67486E+02  3.81451E+02  3.94196E+02  4.05025E+02  4.14711E+02  4.23629E+02  4.31726E+02  4.39020E+02  4.45177E+02  4.50404E+02  4.54668E+02  4.57931E+02  4.60224E+02  4.61831E+02  4.62629E+02 -9.99990E+02 -9.99990E+02
 -9.99990E+02 -9.99990E+02 -9.99990E+02 -9.99990E+02 -9.99990E+02 -9.99990E+02 -9.99990E+02 -9.99990E+02 -9.99990E+02 -9.99990E+02 -9.99990E+02 -9.99990E+02 -9.99990E+02 -9.99990E+02 -9.99990E+02 -9.99990E+02 -9.99990E+02 -9.99990E+02 -9.99990E+02 -9.99990E+02 -9.99990E+02 -9.99990E+02 -9.99990E+02 -9.99990E+02 -9.99990E+02 -9.99990E+02 -9.99990E+02 -9.99990E+02 -9.99990E+02 -9.99990E+02  3.17476E+02  3.16025E+02  3.13723E+02  3.11036E+02  3.08149E+02  3.05030E+02  3.01743E+02  2.98222E+02  2.95593E+02  2.92693E+02  2.89372E+02  2.84948E+02  2.79049E+02  2.73130E+02  2.70137E+02  2.67165E+02  2.65199E+02  2.65006E+02  2.64206E+02  2.64101E+02  2.64430E+02  2.70255E+02  2.88867E+02  3.05694E+02  3.22833E+02  3.39823E+02  3.55648E+02  3.70045E+02  3.83247E+02  3.94342E+02  4.04603E+02  4.14058E+02  4.22684E+02  4.30466E+02  4.36950E+02  4.42521E+02  4.47156E+02  4.50664E+02  4.53001E+02  4.54809E+02  4.55828E+02 -9.99990E+02 -9.99990E+02
 -9.99990E+02 -9.99990E+02 -9.99990E+02 -9.99990E+02 -9.99990E+02 -9.99990E+02 -9.99990E+02 -9.99990E+02 -9.99990E+02 -9.99990E+02 -9.99990E+02 -9.99990E+02 -9.99990E+02 -9.99990E+02 -9.99990E+02 -9.99990E+02 -9.99990E+02 -9.99990E+02 -9.99990E+02 -9.99990E+02 -9.99990E+02 -9.99990E+02 -9.99990E+02 -9.99990E+02 -9.99990E+02 -9.99990E+02 -9.99990E+02 -9.99990E+02 -9.99990E+02 -9.99990E+02 -9.99990E+02 -9.99990E+02 -9.99990E+02 -9.99990E+02 -9.99990E+02 -9.99990E+02 -9.99990E+02  2.96171E+02  2.94071E+02  2.90397E+02  2.87046E+02  2.83300E+02  2.78820E+02  2.74545E+02  2.71298E+02  2.68714E+02  2.66990E+02  2.65854E+02  2.64886E+02  2.64113E+02  2.63034E+02  2.60899E+02  2.75070E+02  2.89918E+02  3.09219E+02  3.27538E+02  3.44066E+02  3.58836E+02  3.72327E+02  3.84400E+02  3.95184E+02  4.05051E+02  4.14047E+02  4.22071E+02  4.28844E+02  4.34550E+02  4.39274E+02  4.43117E+02  4.45947E+02  4.48419E+02  4.50246E+02 -9.99990E+02 -9.99990E+02
 -9.99990E+02 -9.99990E+02 -9.99990E+02 -9.99990E+02 -9.99990E+02 -9.99990E+02 -9.99990E+02 -9.99990E+02 -9.99990E+02 -9.99990E+02 -9.99990E+02 -9.99990E+02 -9.99990E+02 -9.99990E+02 -9.99990E+02 -9.99990E+02 -9.99990E+02 -9.99990E+02 -9.99990E+02 -9.99990E+02 -9.99990E+02 -9.99990E+02 -9.99990E+02 -9.99990E+02 -9.99990E+02 -9.99990E+02 -9.99990E+02 -9.99990E+02 -9.99990E+02 -9.99990E+02 -9.99990E+02 -9.99990E+02 -9.99990E+02 -9.99990E+02 -9.99990E+02 -9.99990E+02 -9.99990E+02 -9.99990E+02 -9.99990E+02  2.87539E+02  2.84622E+02  2.81509E+02  2.78128E+02  2.74808E+02  2.71880E+02  2.69538E+02  2.67778E+02  2.66368E+02  2.65092E+02  2.63795E+02  2.62165E+02  2.59792E+02  2.60133E+02  2.69513E+02  2.95842E+02  3.15833E+02  3.32950E+02  3.48258E+02  3.62235E+02  3.74634E+02  3.85777E+02  3.96149E+02  4.05666E+02  4.13869E+02  4.20675E+02  4.26609E+02  4.31719E+02  4.35865E+02  4.39269E+02  4.42401E+02  4.46299E+02 -9.99990E+02 -9.99990E+02
 -9.99990E+02 -9.99990E+02 -9.99990E+02 -9.99990E+02 -9.99990E+02 -9.99990E+02 -9.99990E+02 -9.99990E+02 -9.99990E+02 -9.99990E+02 -9.99990E+02 -9.99990E+02 -9.99990E+02 -9.99990E+02 -9.99990E+02 -9.99990E+02 -9.99990E+02 -9.99990E+02 -9.99990E+02 -9.99990E+02 -9.99990E+02 -9.99990E+02 -9.99990E+02 -9.99990E+02 -9.99990E+02 -9.99990E+02 -9.99990E+02 -9.99990E+02 -9.99990E+02 -9.99990E+02 -9.99990E+02 -9.99990E+02 -9.99990E+02 -9.99990E+02 -9.99990E+02 -9.99990E+02 -9.99990E+02 -9.99990E+02 -9.99990E+02 -9.99990E+02  2.82114E+02  2.79590E+02  2.76858E+02  2.74316E+02  2.71862E+02  2.69723E+02  2.67996E+02  2.66534E+02  2.64951E+02  2.63224E+02  2.61200E+02  2.59130E+02  2.58582E+02  2.64261E+02  2.86808E+02  3.05641E+02  3.22468E+02  3.37953E+02  3.52221E+02  3.65009E+02  3.76604E+02  3.87481E+02  3.97438E+02  4.05748E+02  4.12883E+02  4.19216E+02  4.24662E+02  4.29158E+02  4.32891E+02  4.35615E+02 -9.99990E+02 -9.99990E+02 -9.99990E+02
 -9.99990E+02 -9.99990E+02 -9.99990E+02 -9.99990E+02 -9.99990E+02 -9.99990E+02 -9.99990E+02 -9.99990E+02 -9.99990E+02 -9.99990E+02 -9.99990E+02 -9.99990E+02 -9.99990E+02 -9.99990E+02 -9.99990E+02 -9.99990E+02 -9.99990E+02 -9.99990E+02 -9.99990E+02 -9.99990E+02 -9.99990E+02 -9.99990E+02 -9.99990E+02 -9.99990E+02 -9.99990E+02 -9.99990E+02 -9.99990E+02 -9.99990E+02 -9.99990E+02 -9.99990E+02 -9.99990E+02 -9.99990E+02 -9.99990E+02 -9.99990E+02 -9.99990E+02 -9.99990E+02 -9.99990E+02 -9.99990E+02 -9.99990E+02 -9.99990E+02 -9.99990E+02  2.77624E+02  2.75367E+02  2.73273E+02  2.71303E+02  2.69482E+02  2.67884E+02  2.66363E+02  2.64613E+02  2.62582E+02  2.59922E+02  2.56680E+02  2.52248E+02  2.64515E+02  2.80558E+02  2.96616E+02  3.12488E+02  3.27438E+02  3.41933E+02  3.55172E+02  3.67269E+02  3.78755E+02  3.89076E+02  3.97950E+02  4.05641E+02  4.12385E+02  4.18175E+02  4.23171E+02  4.27538E+02  4.31540E+02 -9.99990E+02 -9.99990E+02 -9.99990E+02
 -9.99990E+02 -9.99990E+02 -9.99990E+02 -9.99990E+02 -9.99990E+02 -9.99990E+02 -9.99990E+02 -9.99990E+02 -9.99990E+02 -9.99990E+02 -9.99990E+02 -9.99990E+02 -9.99990E+02 -9.99990E+02 -9.99990E+02 -9.99990E+02 -9.99990E+02 -9.99990E+02 -9.99990E+02 -9.99990E+02 -9.99990E+02 -9.99990E+02 -9.99990E+02 -9.99990E+02 -9.99990E+02 -9.99990E+02 -9.99990E+02 -9.99990E+02 -9.99990E+02 -9.99990E+02 -9.99990E+02 -9.99990E+02 -9.99990E+02 -9.99990E+02 -9.99990E+02 -9.99990E+02 -9.99990E+02 -9.99990E+02 -9.99990E+02 -9.99990E+02 -9.99990E+02 -9.99990E+02  2.73637E+02  2.71927E+02  2.70435E+02  2.68969E+02  2.67563E+02  2.66019E+02  2.64186E+02  2.61966E+02  2.58794E+02  2.54816E+02  2.49706E+02  2.60406E+02  2.73208E+02  2.87249E+02  3.02125E+02  3.16913E+02  3.31400E+02  3.44940E+02  3.57759E+02  3.69641E+02  3.80481E+02  3.90172E+02  3.98737E+02  4.05804E+02  4.11803E+02  4.17232E+02  4.22374E+02 -9.99990E+02 -9.99990E+02 -9.99990E+02 -9.99990E+02
 -9.99990E+02 -9.99990E+02 -9.99990E+02 -9.99990E+02 -9.99990E+02 -9.99990E+02 -9.99990E+02 -9.99990E+02 -9.99990E+02 -9.99990E+02 -9.99990E+02 -9.99990E+02 -9.99990E+02 -9.99990E+02 -9.99990E+02 -9.99990E+02 -9.99990E+02 -9.99990E+02 -9.99990E+02 -9.99990E+02 -9.99990E+02 -9.99990E+02 -9.99990E+02 -9.99990E+02 -9.99990E+02 -9.99990E+02 -9.99990E+02 -9.99990E+02 -9.99990E+02 -9.99990E+02 -9.99990E+02 -9.99990E+02 -9.99990E+02 -9.99990E+02 -9.99990E+02 -9.99990E+02 -9.99990E+02 -9.99990E+02 -9.99990E+02 -9.99990E+02 -9.99990E+02 -9.99990E+02 -9.99990E+02  2.70266E+02  2.69411E+02  2.68323E+02  2.67089E+02  2.65490E+02  2.63556E+02  2.61213E+02  2.57851E+02  2.53507E+02  2.47437E+02  2.53908E+02  2.63307E+02  2.76107E+02  2.90999E+02  3.06125E+02  3.20818E+02  3.34761E+02  3.47827E+02  3.59940E+02  3.71360E+02  3.82110E+02  3.91586E+02  3.98906E+02  4.05308E+02  4.11290E+02 -9.99990E+02 -9.99990E+02 -9.99990E+02 -9.99990E+02 -9.99990E+02
 -9.99990E+02 -9.99990E+02 -9.99990E+02 -9.99990E+02 -9.99990E+02 -9.99990E+02 -9.99990E+02 -9.99990E+02 -9.99990E+02 -9.99990E+02 -9.99990E+02 -9.99990E+02 -9.99990E+02 -9.99990E+02 -9.99990E+02 -9.99990E+02 -9.99990E+02 -9.99990E+02 -9.99990E+02 -9.99990E+02 -9.99990E+02 -9.99990E+02 -9.99990E+02 -9.99990E+02 -9.99990E+02 -9.99990E+02 -9.99990E+02 -9.99990E+02 -9.99990E+02 -9.99990E+02 -9.99990E+02 -9.99990E+02 -9.99990E+02 -9.99990E+02 -9.99990E+02 -9.99990E+02 -9.99990E+02 -9.99990E+02 -9.99990E+02 -9.99990E+02 -9.99990E+02 -9.99990E+02 -9.99990E+02  2.69434E+02  2.68555E+02  2.67758E+02  2.66740E+02  2.64938E+02  2.62841E+02  2.60285E+02  2.57048E+02  2.53071E+02  2.48338E+02  2.44531E+02  2.49333E+02  2.61940E+02  2.79021E+02  2.95094E+02  3.10185E+02  3.24294E+02  3.37235E+02  3.49737E+02  3.62283E+02  3.74765E+02  3.84901E+02  3.92507E+02  3.98926E+02 -9.99990E+02 -9.99990E+02 -9.99990E+02 -9.99990E+02 -9.99990E+02 -9.99990E+02
 -9.99990E+02 -9.99990E+02 -9.99990E+02 -9.99990E+02 -9.99990E+02 -9.99990E+02 -9.99990E+02 -9.99990E+02 -9.99990E+02 -9.99990E+02 -9.99990E+02 -9.99990E+02 -9.99990E+02 -9.99990E+02 -9.99990E+02 -9.99990E+02 -9.99990E+02 -9.99990E+02 -9.99990E+02 -9.99990E+02 -9.99990E+02 -9.99990E+02 -9.99990E+02 -9.99990E+02 -9.99990E+02 -9.99990E+02 -9.99990E+02 -9.99990E+02 -9.99990E+02 -9.99990E+02 -9.99990E+02 -9.99990E+02 -9.99990E+02 -9.99990E+02 -9.99990E+02 -9.99990E+02 -9.99990E+02 -9.99990E+02 -9.99990E+02 -9.99990E+02 -9.99990E+02 -9.99990E+02 -9.99990E+02 -9.99990E+02  2.67451E+02  2.66984E+02  2.65679E+02  2.63785E+02  2.61771E+02  2.59518E+02  2.56560E+02  2.52997E+02  2.49595E+02  2.47242E+02  2.47346E+02  2.47839E+02  2.66959E+02  2.84071E+02  2.99512E+02  3.13299E+02  3.26025E+02  3.38911E+02  3.52797E+02  3.69452E+02  3.80416E+02  3.86582E+02 -9.99990E+02 -9.99990E+02 -9.99990E+02 -9.99990E+02 -9.99990E+02 -9.99990E+02 -9.99990E+02
 -9.99990E+02 -9.99990E+02 -9.99990E+02 -9.99990E+02 -9.99990E+02 -9.99990E+02 -9.99990E+02 -9.99990E+02 -9.99990E+02 -9.99990E+02 -9.99990E+02 -9.99990E+02 -9.99990E+02 -9.99990E+02 -9.99990E+02 -9.99990E+02 -9.99990E+02 -9.99990E+02 -9.99990E+02 -9.99990E+02 -9.99990E+02 -9.99990E+02 -9.99990E+02 -9.99990E+02 -9.99990E+02 -9.99990E+02 -9.99990E+02 -9.99990E+02 -9.99990E+02 -9.99990E+02 -9.99990E+02 -9.99990E+02 -9.99990E+02 -9.99990E+02 -9.99990E+02 -9.99990E+02 -9.99990E+02 -9.99990E+02 -9.99990E+02 -9.99990E+02 -9.99990E+02 -9.99990E+02 -9.99990E+02 -9.99990E+02  2.66543E+02  2.65953E+02  2.64427E+02  2.62157E+02  2.60090E+02  2.58148E+02  2.55434E+02  2.52124E+02  2.49076E+02  2.46595E+02  2.44562E+02  2.42228E+02  2.55857E+02  2.73729E+02  2.88431E+02  3.01431E+02  3.13752E+02  3.26688E+02  3.39827E+02 -9.99990E+02 -9.99990E+02 -9.99990E+02 -9.99990E+02 -9.99990E+02 -9.99990E+02 -9.99990E+02 -9.99990E+02 -9.99990E+02 -9.99990E+02
 -9.99990E+02 -9.99990E+02 -9.99990E+02 -9.99990E+02 -9.99990E+02 -9.99990E+02 -9.99990E+02 -9.99990E+02 -9.99990E+02 -9.99990E+02 -9.99990E+02 -9.99990E+02 -9.99990E+02 -9.99990E+02 -9.99990E+02 -9.99990E+02 -9.99990E+02 -9.99990E+02 -9.99990E+02 -9.99990E+02 -9.99990E+02 -9.99990E+02 -9.99990E+02 -9.99990E+02 -9.99990E+02 -9.99990E+02 -9.99990E+02 -9.99990E+02 -9.99990E+02 -9.99990E+02 -9.99990E+02 -9.99990E+02 -9.99990E+02 -9.99990E+02 -9.99990E+02 -9.99990E+02 -9.99990E+02 -9.99990E+02 -9.99990E+02 -9.99990E+02 -9.99990E+02 -9.99990E+02 -9.99990E+02 -9.99990E+02  2.66039E+02  2.65326E+02  2.63680E+02  2.60352E+02  2.58178E+02  2.56059E+02  2.53458E+02  2.50548E+02  2.47642E+02  2.44670E+02  2.41166E+02  2.36470E+02  2.49914E+02  2.64609E+02  2.77383E+02  2.88959E+02  3.00047E+02  3.13482E+02 -9.99990E+02 -9.99990E+02 -9.99990E+02 -9.99990E+02 -9.99990E+02 -9.99990E+02 -9.99990E+02 -9.99990E+02 -9.99990E+02 -9.99990E+02 -9.99990E+02
 -9.99990E+02 -9.99990E+02 -9.99990E+02 -9.99990E+02 -9.99990E+02 -9.99990E+02 -9.99990E+02 -9.99990E+02 -9.99990E+02 -9.99990E+02 -9.99990E+02 -9.99990E+02 -9.99990E+02 -9.99990E+02 -9.99990E+02 -9.99990E+02 -9.99990E+02 -9.99990E+02 -9.99990E+02 -9.99990E+02 -9.99990E+02 -9.99990E+02 -9.99990E+02 -9.99990E+02 -9.99990E+02 -9.99990E+02 -9.99990E+02 -9.99990E+02 -9.99990E+02 -9.99990E+02 -9.99990E+02 -9.99990E+02 -9.99990E+02 -9.99990E+02 -9.99990E+02 -9.99990E+02 -9.99990E+02 -9.99990E+02 -9.99990E+02 -9.99990E+02 -9.99990E+02 -9.99990E+02 -9.99990E+02 -9.99990E+02 -9.99990E+02 -9.99990E+02 -9.99990E+02  2.56859E+02  2.55715E+02  2.53903E+02  2.51452E+02  2.48861E+02  2.45884E+02  2.42380E+02  2.38239E+02  2.33357E+02  2.44909E+02  2.56323E+02  2.66582E+02  2.75801E+02  2.83245E+02 -9.99990E+02 -9.99990E+02 -9.99990E+02 -9.99990E+02 -9.99990E+02 -9.99990E+02 -9.99990E+02 -9.99990E+02 -9.99990E+02 -9.99990E+02 -9.99990E+02 -9.99990E+02
 -9.99990E+02 -9.99990E+02 -9.99990E+02 -9.99990E+02 -9.99990E+02 -9.99990E+02 -9.99990E+02 -9.99990E+02 -9.99990E+02 -9.99990E+02 -9.99990E+02 -9.99990E+02 -9.99990E+02 -9.99990E+02 -9.99990E+02 -9.99990E+02 -9.99990E+02 -9.99990E+02 -9.99990E+02 -9.99990E+02 -9.99990E+02 -9.99990E+02 -9.99990E+02 -9.99990E+02 -9.99990E+02 -9.99990E+02 -9.99990E+02 -9.99990E+02 -9.99990E+02 -9.99990E+02 -9.99990E+02 -9.99990E+02 -9.99990E+02 -9.99990E+02 -9.99990E+02 -9.99990E+02 -9.99990E+02 -9.99990E+02 -9.99990E+02 -9.99990E+02 -9.99990E+02 -9.99990E+02 -9.99990E+02 -9.99990E+02 -9.99990E+02 -9.99990E+02 -9.99990E+02  2.54071E+02  2.53324E+02  2.51726E+02  2.49564E+02  2.47249E+02  2.43973E+02  2.40048E+02  2.35402E+02  2.29973E+02  2.39371E+02  2.48265E+02  2.56265E+02  2.63869E+02  2.73607E+02 -9.99990E+02 -9.99990E+02 -9.99990E+02 -9.99990E+02 -9.99990E+02 -9.99990E+02 -9.99990E+02 -9.99990E+02 -9.99990E+02 -9.99990E+02 -9.99990E+02 -9.99990E+02
 -9.99990E+02 -9.99990E+02 -9.99990E+02 -9.99990E+02 -9.99990E+02 -9.99990E+02 -9.99990E+02 -9.99990E+02 -9.99990E+02 -9.99990E+02 -9.99990E+02 -9.99990E+02 -9.99990E+02 -9.99990E+02 -9.99990E+02 -9.99990E+02 -9.99990E+02 -9.99990E+02 -9.99990E+02 -9.99990E+02 -9.99990E+02 -9.99990E+02 -9.99990E+02 -9.99990E+02 -9.99990E+02 -9.99990E+02 -9.99990E+02 -9.99990E+02 -9.99990E+02 -9.99990E+02 -9.99990E+02 -9.99990E+02 -9.99990E+02 -9.99990E+02 -9.99990E+02 -9.99990E+02 -9.99990E+02 -9.99990E+02 -9.99990E+02 -9.99990E+02 -9.99990E+02 -9.99990E+02 -9.99990E+02 -9.99990E+02 -9.99990E+02 -9.99990E+02 -9.99990E+02  2.51493E+02  2.50912E+02  2.49527E+02  2.47669E+02  2.45197E+02  2.41781E+02  2.37462E+02  2.32545E+02  2.26878E+02  2.33466E+02  2.39929E+02  2.45589E+02  2.49471E+02 -9.99990E+02 -9.99990E+02 -9.99990E+02 -9.99990E+02 -9.99990E+02 -9.99990E+02 -9.99990E+02 -9.99990E+02 -9.99990E+02 -9.99990E+02 -9.99990E+02 -9.99990E+02 -9.99990E+02
 -9.99990E+02 -9.99990E+02 -9.99990E+02 -9.99990E+02 -9.99990E+02 -9.99990E+02 -9.99990E+02 -9.99990E+02 -9.99990E+02 -9.99990E+02 -9.99990E+02 -9.99990E+02 -9.99990E+02 -9.99990E+02 -9.99990E+02 -9.99990E+02 -9.99990E+02 -9.99990E+02 -9.99990E+02 -9.99990E+02 -9.99990E+02 -9.99990E+02 -9.99990E+02 -9.99990E+02 -9.99990E+02 -9.99990E+02 -9.99990E+02 -9.99990E+02 -9.99990E+02 -9.99990E+02 -9.99990E+02 -9.99990E+02 -9.99990E+02 -9.99990E+02 -9.99990E+02 -9.99990E+02 -9.99990E+02 -9.99990E+02 -9.99990E+02 -9.99990E+02 -9.99990E+02 -9.99990E+02 -9.99990E+02 -9.99990E+02 -9.99990E+02 -9.99990E+02 -9.99990E+02  2.49050E+02  2.48425E+02  2.47082E+02  2.45447E+02  2.43013E+02  2.38989E+02  2.34491E+02  2.29802E+02  2.24583E+02  2.27074E+02  2.31992E+02  2.36166E+02  2.38659E+02 -9.99990E+02 -9.99990E+02 -9.99990E+02 -9.99990E+02 -9.99990E+02 -9.99990E+02 -9.99990E+02 -9.99990E+02 -9.99990E+02 -9.99990E+02 -9.99990E+02 -9.99990E+02 -9.99990E+02
 -9.99990E+02 -9.99990E+02 -9.99990E+02 -9.99990E+02 -9.99990E+02 -9.99990E+02 -9.99990E+02 -9.99990E+02 -9.99990E+02 -9.99990E+02 -9.99990E+02 -9.99990E+02 -9.99990E+02 -9.99990E+02 -9.99990E+02 -9.99990E+02 -9.99990E+02 -9.99990E+02 -9.99990E+02 -9.99990E+02 -9.99990E+02 -9.99990E+02 -9.99990E+02 -9.99990E+02 -9.99990E+02 -9.99990E+02 -9.99990E+02 -9.99990E+02 -9.99990E+02 -9.99990E+02 -9.99990E+02 -9.99990E+02 -9.99990E+02 -9.99990E+02 -9.99990E+02 -9.99990E+02 -9.99990E+02 -9.99990E+02 -9.99990E+02 -9.99990E+02 -9.99990E+02 -9.99990E+02 -9.99990E+02 -9.99990E+02 -9.99990E+02 -9.99990E+02 -9.99990E+02  2.47007E+02  2.46206E+02  2.44653E+02  2.42606E+02  2.39592E+02  2.35546E+02  2.31427E+02  2.27315E+02  2.23463E+02  2.20463E+02  2.24547E+02  2.28038E+02  2.29988E+02 -9.99990E+02 -9.99990E+02 -9.99990E+02 -9.99990E+02 -9.99990E+02 -9.99990E+02 -9.99990E+02 -9.99990E+02 -9.99990E+02 -9.99990E+02 -9.99990E+02 -9.99990E+02 -9.99990E+02
 -9.99990E+02 -9.99990E+02 -9.99990E+02 -9.99990E+02 -9.99990E+02 -9.99990E+02 -9.99990E+02 -9.99990E+02 -9.99990E+02 -9.99990E+02 -9.99990E+02 -9.99990E+02 -9.99990E+02 -9.99990E+02 -9.99990E+02 -9.99990E+02 -9.99990E+02 -9.99990E+02 -9.99990E+02 -9.99990E+02 -9.99990E+02 -9.99990E+02 -9.99990E+02 -9.99990E+02 -9.99990E+02 -9.99990E+02 -9.99990E+02 -9.99990E+02 -9.99990E+02 -9.99990E+02 -9.99990E+02 -9.99990E+02 -9.99990E+02 -9.99990E+02 -9.99990E+02 -9.99990E+02 -9.99990E+02 -9.99990E+02 -9.99990E+02 -9.99990E+02 -9.99990E+02 -9.99990E+02 -9.99990E+02 -9.99990E+02 -9.99990E+02 -9.99990E+02 -9.99990E+02  2.45434E+02  2.43479E+02  2.41724E+02  2.39222E+02  2.35868E+02  2.31930E+02  2.27952E+02  2.24327E+02  2.21089E+02  2.18455E+02  2.17837E+02  2.21553E+02  2.23126E+02  2.21773E+02 -9.99990E+02 -9.99990E+02 -9.99990E+02 -9.99990E+02 -9.99990E+02 -9.99990E+02 -9.99990E+02 -9.99990E+02 -9.99990E+02 -9.99990E+02 -9.99990E+02 -9.99990E+02
 -9.99990E+02 -9.99990E+02 -9.99990E+02 -9.99990E+02 -9.99990E+02 -9.99990E+02 -9.99990E+02 -9.99990E+02 -9.99990E+02 -9.99990E+02 -9.99990E+02 -9.99990E+02 -9.99990E+02 -9.99990E+02 -9.99990E+02 -9.99990E+02 -9.99990E+02 -9.99990E+02 -9.99990E+02 -9.99990E+02 -9.99990E+02 -9.99990E+02 -9.99990E+02 -9.99990E+02 -9.99990E+02 -9.99990E+02 -9.99990E+02 -9.99990E+02 -9.99990E+02 -9.99990E+02 -9.99990E+02 -9.99990E+02 -9.99990E+02 -9.99990E+02 -9.99990E+02 -9.99990E+02 -9.99990E+02 -9.99990E+02 -9.99990E+02 -9.99990E+02 -9.99990E+02 -9.99990E+02 -9.99990E+02 -9.99990E+02 -9.99990E+02 -9.99990E+02 -9.99990E+02 -9.99990E+02  2.39255E+02  2.38001E+02  2.35242E+02  2.31694E+02  2.27658E+02  2.23713E+02  2.20455E+02  2.17852E+02  2.15869E+02  2.14265E+02  2.17319E+02  2.19139E+02  2.20460E+02 -9.99990E+02 -9.99990E+02 -9.99990E+02 -9.99990E+02 -9.99990E+02 -9.99990E+02 -9.99990E+02 -9.99990E+02 -9.99990E+02 -9.99990E+02 -9.99990E+02 -9.99990E+02
 -9.99990E+02 -9.99990E+02 -9.99990E+02 -9.99990E+02 -9.99990E+02 -9.99990E+02 -9.99990E+02 -9.99990E+02 -9.99990E+02 -9.99990E+02 -9.99990E+02 -9.99990E+02 -9.99990E+02 -9.99990E+02 -9.99990E+02 -9.99990E+02 -9.99990E+02 -9.99990E+02 -9.99990E+02 -9.99990E+02 -9.99990E+02 -9.99990E+02 -9.99990E+02 -9.99990E+02 -9.99990E+02 -9.99990E+02 -9.99990E+02 -9.99990E+02 -9.99990E+02 -9.99990E+02 -9.99990E+02 -9.99990E+02 -9.99990E+02 -9.99990E+02 -9.99990E+02 -9.99990E+02 -9.99990E+02 -9.99990E+02 -9.99990E+02 -9.99990E+02 -9.99990E+02 -9.99990E+02 -9.99990E+02 -9.99990E+02 -9.99990E+02 -9.99990E+02 -9.99990E+02  2.32833E+02  2.34743E+02  2.33951E+02  2.31258E+02  2.27418E+02  2.22976E+02  2.18670E+02  2.15796E+02  2.14103E+02  2.13011E+02  2.11991E+02  2.14281E+02  2.15536E+02 -9.99990E+02 -9.99990E+02 -9.99990E+02 -9.99990E+02 -9.99990E+02 -9.99990E+02 -9.99990E+02 -9.99990E+02 -9.99990E+02 -9.99990E+02 -9.99990E+02 -9.99990E+02 -9.99990E+02
 -9.99990E+02 -9.99990E+02 -9.99990E+02 -9.99990E+02 -9.99990E+02 -9.99990E+02 -9.99990E+02 -9.99990E+02 -9.99990E+02 -9.99990E+02 -9.99990E+02 -9.99990E+02 -9.99990E+02 -9.99990E+02 -9.99990E+02 -9.99990E+02 -9.99990E+02 -9.99990E+02 -9.99990E+02 -9.99990E+02 -9.99990E+02 -9.99990E+02 -9.99990E+02 -9.99990E+02 -9.99990E+02 -9.99990E+02 -9.99990E+02 -9.99990E+02 -9.99990E+02 -9.99990E+02 -9.99990E+02 -9.99990E+02 -9.99990E+02 -9.99990E+02 -9.99990E+02 -9.99990E+02 -9.99990E+02 -9.99990E+02 -9.99990E+02 -9.99990E+02 -9.99990E+02 -9.99990E+02 -9.99990E+02 -9.99990E+02 -9.99990E+02 -9.99990E+02 -9.99990E+02  2.30791E+02  2.31283E+02  2.30415E+02  2.27550E+02  2.23156E+02  2.18385E+02  2.12372E+02  2.10198E+02  2.09963E+02  2.10156E+02  2.10763E+02  2.12371E+02  2.13170E+02 -9.99990E+02 -9.99990E+02 -9.99990E+02 -9.99990E+02 -9.99990E+02 -9.99990E+02 -9.99990E+02 -9.99990E+02 -9.99990E+02 -9.99990E+02 -9.99990E+02 -9.99990E+02 -9.99990E+02
 -9.99990E+02 -9.99990E+02 -9.99990E+02 -9.99990E+02 -9.99990E+02 -9.99990E+02 -9.99990E+02 -9.99990E+02 -9.99990E+02 -9.99990E+02 -9.99990E+02 -9.99990E+02 -9.99990E+02 -9.99990E+02 -9.99990E+02 -9.99990E+02 -9.99990E+02 -9.99990E+02 -9.99990E+02 -9.99990E+02 -9.99990E+02 -9.99990E+02 -9.99990E+02 -9.99990E+02 -9.99990E+02 -9.99990E+02 -9.99990E+02 -9.99990E+02 -9.99990E+02 -9.99990E+02 -9.99990E+02 -9.99990E+02 -9.99990E+02 -9.99990E+02 -9.99990E+02 -9.99990E+02 -9.99990E+02 -9.99990E+02 -9.99990E+02 -9.99990E+02 -9.99990E+02 -9.99990E+02 -9.99990E+02 -9.99990E+02 -9.99990E+02 -9.99990E+02 -9.99990E+02  2.27717E+02  2.27696E+02  2.26738E+02  2.23821E+02  2.19512E+02  2.15113E+02  2.10192E+02  2.09570E+02  2.09760E+02  2.10219E+02  2.10701E+02  2.11291E+02  2.11462E+02  2.10672E+02  2.10217E+02  2.09961E+02 -9.99990E+02 -9.99990E+02 -9.99990E+02 -9.99990E+02 -9.99990E+02 -9.99990E+02 -9.99990E+02 -9.99990E+02 -9.99990E+02 -9.99990E+02
 -9.99990E+02 -9.99990E+02 -9.99990E+02 -9.99990E+02 -9.99990E+02 -9.99990E+02 -9.99990E+02 -9.99990E+02 -9.99990E+02 -9.99990E+02 -9.99990E+02 -9.99990E+02 -9.99990E+02 -9.99990E+02 -9.99990E+02 -9.99990E+02 -9.99990E+02 -9.99990E+02 -9.99990E+02 -9.99990E+02 -9.99990E+02 -9.99990E+02 -9.99990E+02 -9.99990E+02 -9.99990E+02 -9.99990E+02 -9.99990E+02 -9.99990E+02 -9.99990E+02 -9.99990E+02 -9.99990E+02 -9.99990E+02 -9.99990E+02 -9.99990E+02 -9.99990E+02 -9.99990E+02 -9.99990E+02 -9.99990E+02 -9.99990E+02 -9.99990E+02 -9.99990E+02 -9.99990E+02 -9.99990E+02 -9.99990E+02 -9.99990E+02 -9.99990E+02 -9.99990E+02  2.24666E+02  2.24321E+02  2.23064E+02  2.20282E+02  2.16459E+02  2.12477E+02  2.08879E+02  2.08011E+02  2.09044E+02  2.09831E+02  2.10257E+02  2.10553E+02  2.10655E+02  2.10383E+02  2.10099E+02  2.09793E+02  2.09535E+02 -9.99990E+02 -9.99990E+02 -9.99990E+02 -9.99990E+02 -9.99990E+02 -9.99990E+02 -9.99990E+02 -9.99990E+02 -9.99990E+02
 -9.99990E+02 -9.99990E+02 -9.99990E+02 -9.99990E+02 -9.99990E+02 -9.99990E+02 -9.99990E+02 -9.99990E+02 -9.99990E+02 -9.99990E+02 -9.99990E+02 -9.99990E+02 -9.99990E+02 -9.99990E+02 -9.99990E+02 -9.99990E+02 -9.99990E+02 -9.99990E+02 -9.99990E+02 -9.99990E+02 -9.99990E+02 -9.99990E+02 -9.99990E+02 -9.99990E+02 -9.99990E+02 -9.99990E+02 -9.99990E+02 -9.99990E+02 -9.99990E+02 -9.99990E+02 -9.99990E+02 -9.99990E+02 -9.99990E+02 -9.99990E+02 -9.99990E+02 -9.99990E+02 -9.99990E+02 -9.99990E+02 -9.99990E+02 -9.99990E+02 -9.99990E+02 -9.99990E+02 -9.99990E+02 -9.99990E+02 -9.99990E+02 -9.99990E+02  2.21702E+02  2.21779E+02  2.21187E+02  2.19875E+02  2.17112E+02  2.13526E+02  2.09622E+02  2.06756E+02  2.06990E+02  2.08254E+02  2.09110E+02  2.09646E+02  2.09949E+02  2.10144E+02  2.10032E+02  2.09807E+02  2.09564E+02  2.09361E+02 -9.99990E+02 -9.99990E+02 -9.99990E+02 -9.99990E+02 -9.99990E+02 -9.99990E+02 -9.99990E+02 -9.99990E+02 -9.99990E+02
 -9.99990E+02 -9.99990E+02 -9.99990E+02 -9.99990E+02 -9.99990E+02 -9.99990E+02 -9.99990E+02 -9.99990E+02 -9.99990E+02 -9.99990E+02 -9.99990E+02 -9.99990E+02 -9.99990E+02 -9.99990E+02 -9.99990E+02 -9.99990E+02 -9.99990E+02 -9.99990E+02 -9.99990E+02 -9.99990E+02 -9.99990E+02 -9.99990E+02 -9.99990E+02 -9.99990E+02 -9.99990E+02 -9.99990E+02 -9.99990E+02 -9.99990E+02 -9.99990E+02 -9.99990E+02 -9.99990E+02 -9.99990E+02 -9.99990E+02 -9.99990E+02 -9.99990E+02 -9.99990E+02 -9.99990E+02 -9.99990E+02 -9.99990E+02 -9.99990E+02 -9.99990E+02 -9.99990E+02 -9.99990E+02 -9.99990E+02 -9.99990E+02 -9.99990E+02 -9.99990E+02  2.18945E+02  2.18442E+02  2.17202E+02  2.14518E+02  2.10983E+02  2.06044E+02  2.05452E+02  2.06040E+02  2.07172E+02  2.08190E+02  2.08908E+02  2.09447E+02  2.09802E+02  2.09680E+02  2.09483E+02  2.09273E+02  2.09025E+02  2.08715E+02  2.08586E+02 -9.99990E+02 -9.99990E+02 -9.99990E+02 -9.99990E+02 -9.99990E+02 -9.99990E+02 -9.99990E+02
 -9.99990E+02 -9.99990E+02 -9.99990E+02 -9.99990E+02 -9.99990E+02 -9.99990E+02 -9.99990E+02 -9.99990E+02 -9.99990E+02 -9.99990E+02 -9.99990E+02 -9.99990E+02 -9.99990E+02 -9.99990E+02 -9.99990E+02 -9.99990E+02 -9.99990E+02 -9.99990E+02 -9.99990E+02 -9.99990E+02 -9.99990E+02 -9.99990E+02 -9.99990E+02 -9.99990E+02 -9.99990E+02 -9.99990E+02 -9.99990E+02 -9.99990E+02 -9.99990E+02 -9.99990E+02 -9.99990E+02 -9.99990E+02 -9.99990E+02 -9.99990E+02 -9.99990E+02 -9.99990E+02 -9.99990E+02 -9.99990E+02 -9.99990E+02 -9.99990E+02 -9.99990E+02 -9.99990E+02 -9.99990E+02 -9.99990E+02 -9.99990E+02 -9.99990E+02 -9.99990E+02  2.16293E+02  2.15948E+02  2.14836E+02  2.12609E+02  2.09729E+02  2.06113E+02  2.04167E+02  2.04221E+02  2.05705E+02  2.07018E+02  2.07944E+02  2.08895E+02  2.09395E+02  2.09303E+02  2.09128E+02  2.08925E+02  2.08750E+02  2.08598E+02  2.08547E+02 -9.99990E+02 -9.99990E+02 -9.99990E+02 -9.99990E+02 -9.99990E+02 -9.99990E+02 -9.99990E+02
 -9.99990E+02 -9.99990E+02 -9.99990E+02 -9.99990E+02 -9.99990E+02 -9.99990E+02 -9.99990E+02 -9.99990E+02 -9.99990E+02 -9.99990E+02 -9.99990E+02 -9.99990E+02 -9.99990E+02 -9.99990E+02 -9.99990E+02 -9.99990E+02 -9.99990E+02 -9.99990E+02 -9.99990E+02 -9.99990E+02 -9.99990E+02 -9.99990E+02 -9.99990E+02 -9.99990E+02 -9.99990E+02 -9.99990E+02 -9.99990E+02 -9.99990E+02 -9.99990E+02 -9.99990E+02 -9.99990E+02 -9.99990E+02 -9.99990E+02 -9.99990E+02 -9.99990E+02 -9.99990E+02 -9.99990E+02 -9.99990E+02 -9.99990E+02 -9.99990E+02 -9.99990E+02 -9.99990E+02 -9.99990E+02 -9.99990E+02 -9.99990E+02 -9.99990E+02  2.12896E+02  2.13784E+02  2.13660E+02  2.12920E+02  2.11221E+02  2.09070E+02  2.06611E+02  2.04660E+02  2.03468E+02  2.03755E+02  2.05476E+02  2.06868E+02  2.08026E+02  2.08742E+02  2.08845E+02  2.08771E+02  2.08591E+02  2.08452E+02  2.08377E+02 -9.99990E+02 -9.99990E+02 -9.99990E+02 -9.99990E+02 -9.99990E+02 -9.99990E+02 -9.99990E+02 -9.99990E+02
 -9.99990E+02 -9.99990E+02 -9.99990E+02 -9.99990E+02 -9.99990E+02 -9.99990E+02 -9.99990E+02 -9.99990E+02 -9.99990E+02 -9.99990E+02 -9.99990E+02 -9.99990E+02 -9.99990E+02 -9.99990E+02 -9.99990E+02 -9.99990E+02 -9.99990E+02 -9.99990E+02 -9.99990E+02 -9.99990E+02 -9.99990E+02 -9.99990E+02 -9.99990E+02 -9.99990E+02 -9.99990E+02 -9.99990E+02 -9.99990E+02 -9.99990E+02 -9.99990E+02 -9.99990E+02 -9.99990E+02 -9.99990E+02 -9.99990E+02 -9.99990E+02 -9.99990E+02 -9.99990E+02 -9.99990E+02 -9.99990E+02 -9.99990E+02 -9.99990E+02 -9.99990E+02 -9.99990E+02 -9.99990E+02 -9.99990E+02 -9.99990E+02  2.11399E+02  2.11867E+02  2.12223E+02  2.12040E+02  2.11375E+02  2.10008E+02  2.08188E+02  2.06417E+02  2.04447E+02  2.03018E+02  2.02089E+02  2.04102E+02  2.05823E+02  2.07118E+02  2.07924E+02  2.08289E+02  2.08375E+02  2.08261E+02  2.08186E+02  2.08135E+02 -9.99990E+02 -9.99990E+02 -9.99990E+02 -9.99990E+02 -9.99990E+02 -9.99990E+02 -9.99990E+02 -9.99990E+02
 -9.99990E+02 -9.99990E+02 -9.99990E+02 -9.99990E+02 -9.99990E+02 -9.99990E+02 -9.99990E+02 -9.99990E+02 -9.99990E+02 -9.99990E+02 -9.99990E+02 -9.99990E+02 -9.99990E+02 -9.99990E+02 -9.99990E+02 -9.99990E+02 -9.99990E+02 -9.99990E+02 -9.99990E+02 -9.99990E+02 -9.99990E+02 -9.99990E+02 -9.99990E+02 -9.99990E+02 -9.99990E+02 -9.99990E+02 -9.99990E+02 -9.99990E+02 -9.99990E+02 -9.99990E+02 -9.99990E+02 -9.99990E+02 -9.99990E+02 -9.99990E+02 -9.99990E+02 -9.99990E+02 -9.99990E+02 -9.99990E+02 -9.99990E+02 -9.99990E+02 -9.99990E+02 -9.99990E+02 -9.99990E+02 -9.99990E+02 -9.99990E+02  2.10916E+02  2.11102E+02  2.11169E+02  2.10806E+02  2.10101E+02  2.08857E+02  2.07279E+02  2.05653E+02  2.03723E+02  2.02115E+02  2.00730E+02  2.02938E+02  2.04819E+02  2.06239E+02  2.07123E+02  2.07607E+02  2.07820E+02  2.07897E+02  2.07921E+02  2.07911E+02  2.07829E+02 -9.99990E+02 -9.99990E+02 -9.99990E+02 -9.99990E+02 -9.99990E+02 -9.99990E+02 -9.99990E+02
 -9.99990E+02 -9.99990E+02 -9.99990E+02 -9.99990E+02 -9.99990E+02 -9.99990E+02 -9.99990E+02 -9.99990E+02 -9.99990E+02 -9.99990E+02 -9.99990E+02 -9.99990E+02 -9.99990E+02 -9.99990E+02 -9.99990E+02 -9.99990E+02 -9.99990E+02 -9.99990E+02 -9.99990E+02 -9.99990E+02 -9.99990E+02 -9.99990E+02 -9.99990E+02 -9.99990E+02 -9.99990E+02 -9.99990E+02 -9.99990E+02 -9.99990E+02 -9.99990E+02 -9.99990E+02 -9.99990E+02 -9.99990E+02 -9.99990E+02 -9.99990E+02 -9.99990E+02 -9.99990E+02 -9.99990E+02 -9.99990E+02 -9.99990E+02 -9.99990E+02 -9.99990E+02 -9.99990E+02 -9.99990E+02  2.10102E+02  2.10191E+02  2.10469E+02  2.10574E+02  2.10384E+02  2.09835E+02  2.08920E+02  2.07548E+02  2.05995E+02  2.04256E+02  2.02603E+02  2.01047E+02  1.99797E+02  2.02050E+02  2.03870E+02  2.05262E+02  2.06277E+02  2.06896E+02  2.07308E+02  2.07548E+02  2.07665E+02  2.07754E+02 -9.99990E+02 -9.99990E+02 -9.99990E+02 -9.99990E+02 -9.99990E+02 -9.99990E+02 -9.99990E+02 -9.99990E+02
 -9.99990E+02 -9.99990E+02 -9.99990E+02 -9.99990E+02 -9.99990E+02 -9.99990E+02 -9.99990E+02 -9.99990E+02 -9.99990E+02 -9.99990E+02 -9.99990E+02 -9.99990E+02 -9.99990E+02 -9.99990E+02 -9.99990E+02 -9.99990E+02 -9.99990E+02 -9.99990E+02 -9.99990E+02 -9.99990E+02 -9.99990E+02 -9.99990E+02 -9.99990E+02 -9.99990E+02 -9.99990E+02 -9.99990E+02 -9.99990E+02 -9.99990E+02 -9.99990E+02 -9.99990E+02 -9.99990E+02 -9.99990E+02 -9.99990E+02 -9.99990E+02 -9.99990E+02 -9.99990E+02 -9.99990E+02 -9.99990E+02 -9.99990E+02 -9.99990E+02 -9.99990E+02 -9.99990E+02 -9.99990E+02  2.10229E+02  2.10178E+02  2.10110E+02  2.10005E+02  2.09686E+02  2.08903E+02  2.07626E+02  2.06056E+02  2.04342E+02  2.02599E+02  2.00963E+02  1.99655E+02  1.98978E+02  2.01315E+02  2.03054E+02  2.04349E+02  2.05349E+02  2.06161E+02  2.06931E+02  2.07292E+02  2.07443E+02 -9.99990E+02 -9.99990E+02 -9.99990E+02 -9.99990E+02 -9.99990E+02 -9.99990E+02 -9.99990E+02 -9.99990E+02 -9.99990E+02
 -9.99990E+02 -9.99990E+02 -9.99990E+02 -9.99990E+02 -9.99990E+02 -9.99990E+02 -9.99990E+02 -9.99990E+02 -9.99990E+02 -9.99990E+02 -9.99990E+02 -9.99990E+02 -9.99990E+02 -9.99990E+02 -9.99990E+02 -9.99990E+02 -9.99990E+02 -9.99990E+02 -9.99990E+02 -9.99990E+02 -9.99990E+02 -9.99990E+02 -9.99990E+02 -9.99990E+02 -9.99990E+02 -9.99990E+02 -9.99990E+02 -9.99990E+02 -9.99990E+02 -9.99990E+02 -9.99990E+02 -9.99990E+02 -9.99990E+02 -9.99990E+02 -9.99990E+02 -9.99990E+02 -9.99990E+02 -9.99990E+02 -9.99990E+02 -9.99990E+02 -9.99990E+02 -9.99990E+02 -9.99990E+02  2.10410E+02  2.10165E+02  2.09797E+02  2.09423E+02  2.08910E+02  2.07938E+02  2.06489E+02  2.04541E+02  2.02510E+02  2.00347E+02  1.98563E+02  1.97555E+02  1.98693E+02  2.00678E+02  2.02228E+02  2.03304E+02  2.04121E+02  2.05192E+02 -9.99990E+02 -9.99990E+02 -9.99990E+02 -9.99990E+02 -9.99990E+02 -9.99990E+02 -9.99990E+02 -9.99990E+02 -9.99990E+02 -9.99990E+02 -9.99990E+02 -9.99990E+02
 -9.99990E+02 -9.99990E+02 -9.99990E+02 -9.99990E+02 -9.99990E+02 -9.99990E+02 -9.99990E+02 -9.99990E+02 -9.99990E+02 -9.99990E+02 -9.99990E+02 -9.99990E+02 -9.99990E+02 -9.99990E+02 -9.99990E+02 -9.99990E+02 -9.99990E+02 -9.99990E+02 -9.99990E+02 -9.99990E+02 -9.99990E+02 -9.99990E+02 -9.99990E+02 -9.99990E+02 -9.99990E+02 -9.99990E+02 -9.99990E+02 -9.99990E+02 -9.99990E+02 -9.99990E+02 -9.99990E+02 -9.99990E+02 -9.99990E+02 -9.99990E+02 -9.99990E+02 -9.99990E+02 -9.99990E+02 -9.99990E+02 -9.99990E+02 -9.99990E+02 -9.99990E+02 -9.99990E+02 -9.99990E+02  2.10242E+02  2.09762E+02  2.09240E+02  2.08682E+02  2.08014E+02  2.06901E+02  2.05270E+02  2.03139E+02  2.00850E+02  1.97711E+02  1.96039E+02  1.96929E+02  1.98178E+02  1.99734E+02  2.00985E+02  2.01870E+02  2.02296E+02 -9.99990E+02 -9.99990E+02 -9.99990E+02 -9.99990E+02 -9.99990E+02 -9.99990E+02 -9.99990E+02 -9.99990E+02 -9.99990E+02 -9.99990E+02 -9.99990E+02 -9.99990E+02 -9.99990E+02
 -9.99990E+02 -9.99990E+02 -9.99990E+02 -9.99990E+02 -9.99990E+02 -9.99990E+02 -9.99990E+02 -9.99990E+02 -9.99990E+02 -9.99990E+02 -9.99990E+02 -9.99990E+02 -9.99990E+02 -9.99990E+02 -9.99990E+02 -9.99990E+02 -9.99990E+02 -9.99990E+02 -9.99990E+02 -9.99990E+02 -9.99990E+02 -9.99990E+02 -9.99990E+02 -9.99990E+02 -9.99990E+02 -9.99990E+02 -9.99990E+02 -9.99990E+02 -9.99990E+02 -9.99990E+02 -9.99990E+02 -9.99990E+02 -9.99990E+02 -9.99990E+02 -9.99990E+02 -9.99990E+02 -9.99990E+02 -9.99990E+02 -9.99990E+02 -9.99990E+02 -9.99990E+02 -9.99990E+02 -9.99990E+02 -9.99990E+02  2.08717E+02  2.08251E+02  2.07688E+02  2.06859E+02  2.05567E+02  2.03899E+02  2.02005E+02  2.00053E+02  1.97606E+02  1.96342E+02  1.96511E+02  1.97253E+02  1.98459E+02  1.99595E+02  2.00408E+02  2.00671E+02 -9.99990E+02 -9.99990E+02 -9.99990E+02 -9.99990E+02 -9.99990E+02 -9.99990E+02 -9.99990E+02 -9.99990E+02 -9.99990E+02 -9.99990E+02 -9.99990E+02 -9.99990E+02 -9.99990E+02
 -9.99990E+02 -9.99990E+02 -9.99990E+02 -9.99990E+02 -9.99990E+02 -9.99990E+02 -9.99990E+02 -9.99990E+02 -9.99990E+02 -9.99990E+02 -9.99990E+02 -9.99990E+02 -9.99990E+02 -9.99990E+02 -9.99990E+02 -9.99990E+02 -9.99990E+02 -9.99990E+02 -9.99990E+02 -9.99990E+02 -9.99990E+02 -9.99990E+02 -9.99990E+02 -9.99990E+02 -9.99990E+02 -9.99990E+02 -9.99990E+02 -9.99990E+02 -9.99990E+02 -9.99990E+02 -9.99990E+02 -9.99990E+02 -9.99990E+02 -9.99990E+02 -9.99990E+02 -9.99990E+02 -9.99990E+02 -9.99990E+02 -9.99990E+02 -9.99990E+02 -9.99990E+02 -9.99990E+02 -9.99990E+02 -9.99990E+02  2.07782E+02  2.06981E+02  2.06347E+02  2.05406E+02  2.04091E+02  2.02578E+02  2.00977E+02  1.99405E+02  1.97636E+02  1.95655E+02  1.95498E+02  1.95822E+02  1.96605E+02  1.97962E+02  1.98829E+02  1.99260E+02 -9.99990E+02 -9.99990E+02 -9.99990E+02 -9.99990E+02 -9.99990E+02 -9.99990E+02 -9.99990E+02 -9.99990E+02 -9.99990E+02 -9.99990E+02 -9.99990E+02 -9.99990E+02 -9.99990E+02
 -9.99990E+02 -9.99990E+02 -9.99990E+02 -9.99990E+02 -9.99990E+02 -9.99990E+02 -9.99990E+02 -9.99990E+02 -9.99990E+02 -9.99990E+02 -9.99990E+02 -9.99990E+02 -9.99990E+02 -9.99990E+02 -9.99990E+02 -9.99990E+02 -9.99990E+02 -9.99990E+02 -9.99990E+02 -9.99990E+02 -9.99990E+02 -9.99990E+02 -9.99990E+02 -9.99990E+02 -9.99990E+02 -9.99990E+02 -9.99990E+02 -9.99990E+02 -9.99990E+02 -9.99990E+02 -9.99990E+02 -9.99990E+02 -9.99990E+02 -9.99990E+02 -9.99990E+02 -9.99990E+02 -9.99990E+02 -9.99990E+02 -9.99990E+02 -9.99990E+02 -9.99990E+02 -9.99990E+02 -9.99990E+02 -9.99990E+02 -9.99990E+02  2.05311E+02  2.04767E+02  2.03607E+02  2.02369E+02  2.01221E+02  1.99918E+02  1.98659E+02  1.97374E+02  1.95804E+02  1.94224E+02  1.93891E+02  1.94068E+02  1.96054E+02  1.97172E+02  1.98229E+02 -9.99990E+02 -9.99990E+02 -9.99990E+02 -9.99990E+02 -9.99990E+02 -9.99990E+02 -9.99990E+02 -9.99990E+02 -9.99990E+02 -9.99990E+02 -9.99990E+02 -9.99990E+02 -9.99990E+02
 -9.99990E+02 -9.99990E+02 -9.99990E+02 -9.99990E+02 -9.99990E+02 -9.99990E+02 -9.99990E+02 -9.99990E+02 -9.99990E+02 -9.99990E+02 -9.99990E+02 -9.99990E+02 -9.99990E+02 -9.99990E+02 -9.99990E+02 -9.99990E+02 -9.99990E+02 -9.99990E+02 -9.99990E+02 -9.99990E+02 -9.99990E+02 -9.99990E+02 -9.99990E+02 -9.99990E+02 -9.99990E+02 -9.99990E+02 -9.99990E+02 -9.99990E+02 -9.99990E+02 -9.99990E+02 -9.99990E+02 -9.99990E+02 -9.99990E+02 -9.99990E+02 -9.99990E+02 -9.99990E+02 -9.99990E+02 -9.99990E+02 -9.99990E+02 -9.99990E+02 -9.99990E+02 -9.99990E+02 -9.99990E+02 -9.99990E+02 -9.99990E+02  2.04344E+02  2.03575E+02  2.01741E+02  2.00643E+02  1.99764E+02  1.98721E+02  1.97617E+02  1.96615E+02  1.95183E+02  1.93809E+02  1.93192E+02  1.93039E+02  1.94396E+02  1.95018E+02 -9.99990E+02 -9.99990E+02 -9.99990E+02 -9.99990E+02 -9.99990E+02 -9.99990E+02 -9.99990E+02 -9.99990E+02 -9.99990E+02 -9.99990E+02 -9.99990E+02 -9.99990E+02 -9.99990E+02 -9.99990E+02
 -9.99990E+02 -9.99990E+02 -9.99990E+02 -9.99990E+02 -9.99990E+02 -9.99990E+02 -9.99990E+02 -9.99990E+02 -9.99990E+02 -9.99990E+02 -9.99990E+02 -9.99990E+02 -9.99990E+02 -9.99990E+02 -9.99990E+02 -9.99990E+02 -9.99990E+02 -9.99990E+02 -9.99990E+02 -9.99990E+02 -9.99990E+02 -9.99990E+02 -9.99990E+02 -9.99990E+02 -9.99990E+02 -9.99990E+02 -9.99990E+02 -9.99990E+02 -9.99990E+02 -9.99990E+02 -9.99990E+02 -9.99990E+02 -9.99990E+02 -9.99990E+02 -9.99990E+02 -9.99990E+02 -9.99990E+02 -9.99990E+02 -9.99990E+02 -9.99990E+02 -9.99990E+02 -9.99990E+02 -9.99990E+02 -9.99990E+02 -9.99990E+02 -9.99990E+02 -9.99990E+02  1.99171E+02  1.98686E+02  1.98076E+02  1.97251E+02  1.96147E+02  1.95134E+02  1.93719E+02  1.92349E+02  1.91632E+02  1.92190E+02  1.92939E+02  1.93247E+02 -9.99990E+02 -9.99990E+02 -9.99990E+02 -9.99990E+02 -9.99990E+02 -9.99990E+02 -9.99990E+02 -9.99990E+02 -9.99990E+02 -9.99990E+02 -9.99990E+02 -9.99990E+02 -9.99990E+02 -9.99990E+02
 -9.99990E+02 -9.99990E+02 -9.99990E+02 -9.99990E+02 -9.99990E+02 -9.99990E+02 -9.99990E+02 -9.99990E+02 -9.99990E+02 -9.99990E+02 -9.99990E+02 -9.99990E+02 -9.99990E+02 -9.99990E+02 -9.99990E+02 -9.99990E+02 -9.99990E+02 -9.99990E+02 -9.99990E+02 -9.99990E+02 -9.99990E+02 -9.99990E+02 -9.99990E+02 -9.99990E+02 -9.99990E+02 -9.99990E+02 -9.99990E+02 -9.99990E+02 -9.99990E+02 -9.99990E+02 -9.99990E+02 -9.99990E+02 -9.99990E+02 -9.99990E+02 -9.99990E+02 -9.99990E+02 -9.99990E+02 -9.99990E+02 -9.99990E+02 -9.99990E+02 -9.99990E+02 -9.99990E+02 -9.99990E+02 -9.99990E+02 -9.99990E+02 -9.99990E+02 -9.99990E+02  1.97223E+02  1.96741E+02  1.96225E+02  1.95540E+02  1.94462E+02  1.93209E+02  1.91275E+02  1.90139E+02  1.89821E+02  1.90615E+02  1.91356E+02  1.91641E+02 -9.99990E+02 -9.99990E+02 -9.99990E+02 -9.99990E+02 -9.99990E+02 -9.99990E+02 -9.99990E+02 -9.99990E+02 -9.99990E+02 -9.99990E+02 -9.99990E+02 -9.99990E+02 -9.99990E+02 -9.99990E+02
 -9.99990E+02 -9.99990E+02 -9.99990E+02 -9.99990E+02 -9.99990E+02 -9.99990E+02 -9.99990E+02 -9.99990E+02 -9.99990E+02 -9.99990E+02 -9.99990E+02 -9.99990E+02 -9.99990E+02 -9.99990E+02 -9.99990E+02 -9.99990E+02 -9.99990E+02 -9.99990E+02 -9.99990E+02 -9.99990E+02 -9.99990E+02 -9.99990E+02 -9.99990E+02 -9.99990E+02 -9.99990E+02 -9.99990E+02 -9.99990E+02 -9.99990E+02 -9.99990E+02 -9.99990E+02 -9.99990E+02 -9.99990E+02 -9.99990E+02 -9.99990E+02 -9.99990E+02 -9.99990E+02 -9.99990E+02 -9.99990E+02 -9.99990E+02 -9.99990E+02 -9.99990E+02 -9.99990E+02 -9.99990E+02 -9.99990E+02 -9.99990E+02 -9.99990E+02 -9.99990E+02  1.95949E+02  1.94894E+02  1.94268E+02  1.93701E+02  1.92750E+02  1.91553E+02  1.89948E+02  1.88985E+02  1.88614E+02  1.89007E+02  1.89757E+02  1.90177E+02 -9.99990E+02 -9.99990E+02 -9.99990E+02 -9.99990E+02 -9.99990E+02 -9.99990E+02 -9.99990E+02 -9.99990E+02 -9.99990E+02 -9.99990E+02 -9.99990E+02 -9.99990E+02 -9.99990E+02 -9.99990E+02
 -9.99990E+02 -9.99990E+02 -9.99990E+02 -9.99990E+02 -9.99990E+02 -9.99990E+02 -9.99990E+02 -9.99990E+02 -9.99990E+02 -9.99990E+02 -9.99990E+02 -9.99990E+02 -9.99990E+02 -9.99990E+02 -9.99990E+02 -9.99990E+02 -9.99990E+02 -9.99990E+02 -9.99990E+02 -9.99990E+02 -9.99990E+02 -9.99990E+02 -9.99990E+02 -9.99990E+02 -9.99990E+02 -9.99990E+02 -9.99990E+02 -9.99990E+02 -9.99990E+02 -9.99990E+02 -9.99990E+02 -9.99990E+02 -9.99990E+02 -9.99990E+02 -9.99990E+02 -9.99990E+02 -9.99990E+02 -9.99990E+02 -9.99990E+02 -9.99990E+02 -9.99990E+02 -9.99990E+02 -9.99990E+02 -9.99990E+02 -9.99990E+02 -9.99990E+02 -9.99990E+02 -9.99990E+02  1.92896E+02  1.92481E+02  1.91910E+02  1.91067E+02  1.90073E+02  1.88797E+02  1.87295E+02  1.86657E+02  1.87080E+02  1.88357E+02  1.88823E+02 -9.99990E+02 -9.99990E+02 -9.99990E+02 -9.99990E+02 -9.99990E+02 -9.99990E+02 -9.99990E+02 -9.99990E+02 -9.99990E+02 -9.99990E+02 -9.99990E+02 -9.99990E+02 -9.99990E+02 -9.99990E+02
 -9.99990E+02 -9.99990E+02 -9.99990E+02 -9.99990E+02 -9.99990E+02 -9.99990E+02 -9.99990E+02 -9.99990E+02 -9.99990E+02 -9.99990E+02 -9.99990E+02 -9.99990E+02 -9.99990E+02 -9.99990E+02 -9.99990E+02 -9.99990E+02 -9.99990E+02 -9.99990E+02 -9.99990E+02 -9.99990E+02 -9.99990E+02 -9.99990E+02 -9.99990E+02 -9.99990E+02 -9.99990E+02 -9.99990E+02 -9.99990E+02 -9.99990E+02 -9.99990E+02 -9.99990E+02 -9.99990E+02 -9.99990E+02 -9.99990E+02 -9.99990E+02 -9.99990E+02 -9.99990E+02 -9.99990E+02 -9.99990E+02 -9.99990E+02 -9.99990E+02 -9.99990E+02 -9.99990E+02 -9.99990E+02 -9.99990E+02 -9.99990E+02 -9.99990E+02 -9.99990E+02 -9.99990E+02  1.91338E+02  1.90915E+02  1.90343E+02  1.89518E+02  1.88611E+02  1.87700E+02  1.86781E+02  1.86311E+02  1.86376E+02  1.87481E+02  1.87787E+02 -9.99990E+02 -9.99990E+02 -9.99990E+02 -9.99990E+02 -9.99990E+02 -9.99990E+02 -9.99990E+02 -9.99990E+02 -9.99990E+02 -9.99990E+02 -9.99990E+02 -9.99990E+02 -9.99990E+02 -9.99990E+02
 -9.99990E+02 -9.99990E+02 -9.99990E+02 -9.99990E+02 -9.99990E+02 -9.99990E+02 -9.99990E+02 -9.99990E+02 -9.99990E+02 -9.99990E+02 -9.99990E+02 -9.99990E+02 -9.99990E+02 -9.99990E+02 -9.99990E+02 -9.99990E+02 -9.99990E+02 -9.99990E+02 -9.99990E+02 -9.99990E+02 -9.99990E+02 -9.99990E+02 -9.99990E+02 -9.99990E+02 -9.99990E+02 -9.99990E+02 -9.99990E+02 -9.99990E+02 -9.99990E+02 -9.99990E+02 -9.99990E+02 -9.99990E+02 -9.99990E+02 -9.99990E+02 -9.99990E+02 -9.99990E+02 -9.99990E+02 -9.99990E+02 -9.99990E+02 -9.99990E+02 -9.99990E+02 -9.99990E+02 -9.99990E+02 -9.99990E+02 -9.99990E+02 -9.99990E+02 -9.99990E+02 -9.99990E+02  1.90361E+02  1.89472E+02  1.88831E+02  1.88053E+02  1.87271E+02  1.86524E+02  1.85883E+02  1.85450E+02  1.85873E+02  1.86688E+02  1.87035E+02 -9.99990E+02 -9.99990E+02 -9.99990E+02 -9.99990E+02 -9.99990E+02 -9.99990E+02 -9.99990E+02 -9.99990E+02 -9.99990E+02 -9.99990E+02 -9.99990E+02 -9.99990E+02 -9.99990E+02 -9.99990E+02
 -9.99990E+02 -9.99990E+02 -9.99990E+02 -9.99990E+02 -9.99990E+02 -9.99990E+02 -9.99990E+02 -9.99990E+02 -9.99990E+02 -9.99990E+02 -9.99990E+02 -9.99990E+02 -9.99990E+02 -9.99990E+02 -9.99990E+02 -9.99990E+02 -9.99990E+02 -9.99990E+02 -9.99990E+02 -9.99990E+02 -9.99990E+02 -9.99990E+02 -9.99990E+02 -9.99990E+02 -9.99990E+02 -9.99990E+02 -9.99990E+02 -9.99990E+02 -9.99990E+02 -9.99990E+02 -9.99990E+02 -9.99990E+02 -9.99990E+02 -9.99990E+02 -9.99990E+02 -9.99990E+02 -9.99990E+02 -9.99990E+02 -9.99990E+02 -9.99990E+02 -9.99990E+02 -9.99990E+02 -9.99990E+02 -9.99990E+02 -9.99990E+02 -9.99990E+02 -9.99990E+02 -9.99990E+02 -9.99990E+02  1.87617E+02  1.87312E+02  1.86749E+02  1.85995E+02  1.85232E+02  1.84773E+02  1.84669E+02  1.85269E+02  1.86072E+02  1.86474E+02 -9.99990E+02 -9.99990E+02 -9.99990E+02 -9.99990E+02 -9.99990E+02 -9.99990E+02 -9.99990E+02 -9.99990E+02 -9.99990E+02 -9.99990E+02 -9.99990E+02 -9.99990E+02 -9.99990E+02 -9.99990E+02
 -9.99990E+02 -9.99990E+02 -9.99990E+02 -9.99990E+02 -9.99990E+02 -9.99990E+02 -9.99990E+02 -9.99990E+02 -9.99990E+02 -9.99990E+02 -9.99990E+02 -9.99990E+02 -9.99990E+02 -9.99990E+02 -9.99990E+02 -9.99990E+02 -9.99990E+02 -9.99990E+02 -9.99990E+02 -9.99990E+02 -9.99990E+02 -9.99990E+02 -9.99990E+02 -9.99990E+02 -9.99990E+02 -9.99990E+02 -9.99990E+02 -9.99990E+02 -9.99990E+02 -9.99990E+02 -9.99990E+02 -9.99990E+02 -9.99990E+02 -9.99990E+02 -9.99990E+02 -9.99990E+02 -9.99990E+02 -9.99990E+02 -9.99990E+02 -9.99990E+02 -9.99990E+02 -9.99990E+02 -9.99990E+02 -9.99990E+02 -9.99990E+02 -9.99990E+02 -9.99990E+02 -9.99990E+02 -9.99990E+02  1.86262E+02  1.86051E+02  1.85587E+02  1.84772E+02  1.83765E+02  1.83361E+02  1.83998E+02  1.84804E+02  1.85712E+02  1.86111E+02 -9.99990E+02 -9.99990E+02 -9.99990E+02 -9.99990E+02 -9.99990E+02 -9.99990E+02 -9.99990E+02 -9.99990E+02 -9.99990E+02 -9.99990E+02 -9.99990E+02 -9.99990E+02 -9.99990E+02 -9.99990E+02
 -9.99990E+02 -9.99990E+02 -9.99990E+02 -9.99990E+02 -9.99990E+02 -9.99990E+02 -9.99990E+02 -9.99990E+02 -9.99990E+02 -9.99990E+02 -9.99990E+02 -9.99990E+02 -9.99990E+02 -9.99990E+02 -9.99990E+02 -9.99990E+02 -9.99990E+02 -9.99990E+02 -9.99990E+02 -9.99990E+02 -9.99990E+02 -9.99990E+02 -9.99990E+02 -9.99990E+02 -9.99990E+02 -9.99990E+02 -9.99990E+02 -9.99990E+02 -9.99990E+02 -9.99990E+02 -9.99990E+02 -9.99990E+02 -9.99990E+02 -9.99990E+02 -9.99990E+02 -9.99990E+02 -9.99990E+02 -9.99990E+02 -9.99990E+02 -9.99990E+02 -9.99990E+02 -9.99990E+02 -9.99990E+02 -9.99990E+02 -9.99990E+02 -9.99990E+02 -9.99990E+02 -9.99990E+02 -9.99990E+02  1.85260E+02  1.85035E+02  1.84563E+02  1.83664E+02  1.82497E+02  1.82346E+02  1.83148E+02  1.84439E+02  1.85384E+02  1.85860E+02  1.85850E+02 -9.99990E+02 -9.99990E+02 -9.99990E+02 -9.99990E+02 -9.99990E+02 -9.99990E+02 -9.99990E+02 -9.99990E+02 -9.99990E+02 -9.99990E+02 -9.99990E+02 -9.99990E+02 -9.99990E+02
 -9.99990E+02 -9.99990E+02 -9.99990E+02 -9.99990E+02 -9.99990E+02 -9.99990E+02 -9.99990E+02 -9.99990E+02 -9.99990E+02 -9.99990E+02 -9.99990E+02 -9.99990E+02 -9.99990E+02 -9.99990E+02 -9.99990E+02 -9.99990E+02 -9.99990E+02 -9.99990E+02 -9.99990E+02 -9.99990E+02 -9.99990E+02 -9.99990E+02 -9.99990E+02 -9.99990E+02 -9.99990E+02 -9.99990E+02 -9.99990E+02 -9.99990E+02 -9.99990E+02 -9.99990E+02 -9.99990E+02 -9.99990E+02 -9.99990E+02 -9.99990E+02 -9.99990E+02 -9.99990E+02 -9.99990E+02 -9.99990E+02 -9.99990E+02 -9.99990E+02 -9.99990E+02 -9.99990E+02 -9.99990E+02 -9.99990E+02 -9.99990E+02 -9.99990E+02 -9.99990E+02 -9.99990E+02 -9.99990E+02  1.84577E+02  1.84375E+02  1.83831E+02  1.82910E+02  1.81740E+02  1.81629E+02  1.82779E+02  1.83775E+02  1.84702E+02  1.85296E+02  1.85502E+02  1.85345E+02 -9.99990E+02 -9.99990E+02 -9.99990E+02 -9.99990E+02 -9.99990E+02 -9.99990E+02 -9.99990E+02 -9.99990E+02 -9.99990E+02 -9.99990E+02 -9.99990E+02 -9.99990E+02
 -9.99990E+02 -9.99990E+02 -9.99990E+02 -9.99990E+02 -9.99990E+02 -9.99990E+02 -9.99990E+02 -9.99990E+02 -9.99990E+02 -9.99990E+02 -9.99990E+02 -9.99990E+02 -9.99990E+02 -9.99990E+02 -9.99990E+02 -9.99990E+02 -9.99990E+02 -9.99990E+02 -9.99990E+02 -9.99990E+02 -9.99990E+02 -9.99990E+02 -9.99990E+02 -9.99990E+02 -9.99990E+02 -9.99990E+02 -9.99990E+02 -9.99990E+02 -9.99990E+02 -9.99990E+02 -9.99990E+02 -9.99990E+02 -9.99990E+02 -9.99990E+02 -9.99990E+02 -9.99990E+02 -9.99990E+02 -9.99990E+02 -9.99990E+02 -9.99990E+02 -9.99990E+02 -9.99990E+02 -9.99990E+02 -9.99990E+02 -9.99990E+02 -9.99990E+02 -9.99990E+02 -9.99990E+02 -9.99990E+02  1.84121E+02  1.83897E+02  1.83370E+02  1.82635E+02  1.81737E+02  1.80759E+02  1.81926E+02  1.82765E+02  1.83650E+02  1.84429E+02  1.84929E+02  1.85154E+02 -9.99990E+02 -9.99990E+02 -9.99990E+02 -9.99990E+02 -9.99990E+02 -9.99990E+02 -9.99990E+02 -9.99990E+02 -9.99990E+02 -9.99990E+02 -9.99990E+02 -9.99990E+02
 -9.99990E+02 -9.99990E+02 -9.99990E+02 -9.99990E+02 -9.99990E+02 -9.99990E+02 -9.99990E+02 -9.99990E+02 -9.99990E+02 -9.99990E+02 -9.99990E+02 -9.99990E+02 -9.99990E+02 -9.99990E+02 -9.99990E+02 -9.99990E+02 -9.99990E+02 -9.99990E+02 -9.99990E+02 -9.99990E+02 -9.99990E+02 -9.99990E+02 -9.99990E+02 -9.99990E+02 -9.99990E+02 -9.99990E+02 -9.99990E+02 -9.99990E+02 -9.99990E+02 -9.99990E+02 -9.99990E+02 -9.99990E+02 -9.99990E+02 -9.99990E+02 -9.99990E+02 -9.99990E+02 -9.99990E+02 -9.99990E+02 -9.99990E+02 -9.99990E+02 -9.99990E+02 -9.99990E+02 -9.99990E+02 -9.99990E+02 -9.99990E+02 -9.99990E+02 -9.99990E+02 -9.99990E+02 -9.99990E+02  1.83861E+02  1.83574E+02  1.83161E+02  1.82646E+02  1.81931E+02  1.81392E+02  1.81335E+02  1.81499E+02  1.82275E+02  1.83207E+02  1.84203E+02 -9.99990E+02 -9.99990E+02 -9.99990E+02 -9.99990E+02 -9.99990E+02 -9.99990E+02 -9.99990E+02 -9.99990E+02 -9.99990E+02 -9.99990E+02 -9.99990E+02 -9.99990E+02 -9.99990E+02
 -9.99990E+02 -9.99990E+02 -9.99990E+02 -9.99990E+02 -9.99990E+02 -9.99990E+02 -9.99990E+02 -9.99990E+02 -9.99990E+02 -9.99990E+02 -9.99990E+02 -9.99990E+02 -9.99990E+02 -9.99990E+02 -9.99990E+02 -9.99990E+02 -9.99990E+02 -9.99990E+02 -9.99990E+02 -9.99990E+02 -9.99990E+02 -9.99990E+02 -9.99990E+02 -9.99990E+02 -9.99990E+02 -9.99990E+02 -9.99990E+02 -9.99990E+02 -9.99990E+02 -9.99990E+02 -9.99990E+02 -9.99990E+02 -9.99990E+02 -9.99990E+02 -9.99990E+02 -9.99990E+02 -9.99990E+02 -9.99990E+02 -9.99990E+02 -9.99990E+02 -9.99990E+02 -9.99990E+02 -9.99990E+02 -9.99990E+02 -9.99990E+02 -9.99990E+02 -9.99990E+02 -9.99990E+02 -9.99990E+02 -9.99990E+02  1.83328E+02  1.83104E+02  1.82867E+02 -9.99990E+02  1.81176E+02  1.80942E+02  1.80692E+02  1.80551E+02  1.81479E+02 -9.99990E+02 -9.99990E+02 -9.99990E+02 -9.99990E+02 -9.99990E+02 -9.99990E+02 -9.99990E+02 -9.99990E+02 -9.99990E+02 -9.99990E+02 -9.99990E+02 -9.99990E+02 -9.99990E+02 -9.99990E+02
 -9.99990E+02 -9.99990E+02 -9.99990E+02 -9.99990E+02 -9.99990E+02 -9.99990E+02 -9.99990E+02 -9.99990E+02 -9.99990E+02 -9.99990E+02 -9.99990E+02 -9.99990E+02 -9.99990E+02 -9.99990E+02 -9.99990E+02 -9.99990E+02 -9.99990E+02 -9.99990E+02 -9.99990E+02 -9.99990E+02 -9.99990E+02 -9.99990E+02 -9.99990E+02 -9.99990E+02 -9.99990E+02 -9.99990E+02 -9.99990E+02 -9.99990E+02 -9.99990E+02 -9.99990E+02 -9.99990E+02 -9.99990E+02 -9.99990E+02 -9.99990E+02 -9.99990E+02 -9.99990E+02 -9.99990E+02 -9.99990E+02 -9.99990E+02 -9.99990E+02 -9.99990E+02 -9.99990E+02 -9.99990E+02 -9.99990E+02 -9.99990E+02 -9.99990E+02 -9.99990E+02 -9.99990E+02 -9.99990E+02 -9.99990E+02 -9.99990E+02  1.83083E+02 -9.99990E+02 -9.99990E+02 -9.99990E+02  1.80559E+02  1.80400E+02  1.80210E+02  1.80611E+02 -9.99990E+02 -9.99990E+02 -9.99990E+02 -9.99990E+02 -9.99990E+02 -9.99990E+02 -9.99990E+02 -9.99990E+02 -9.99990E+02 -9.99990E+02 -9.99990E+02 -9.99990E+02 -9.99990E+02 -9.99990E+02
 -9.99990E+02 -9.99990E+02 -9.99990E+02 -9.99990E+02 -9.99990E+02 -9.99990E+02 -9.99990E+02 -9.99990E+02 -9.99990E+02 -9.99990E+02 -9.99990E+02 -9.99990E+02 -9.99990E+02 -9.99990E+02 -9.99990E+02 -9.99990E+02 -9.99990E+02 -9.99990E+02 -9.99990E+02 -9.99990E+02 -9.99990E+02 -9.99990E+02 -9.99990E+02 -9.99990E+02 -9.99990E+02 -9.99990E+02 -9.99990E+02 -9.99990E+02 -9.99990E+02 -9.99990E+02 -9.99990E+02 -9.99990E+02 -9.99990E+02 -9.99990E+02 -9.99990E+02 -9.99990E+02 -9.99990E+02 -9.99990E+02 -9.99990E+02 -9.99990E+02 -9.99990E+02 -9.99990E+02 -9.99990E+02 -9.99990E+02 -9.99990E+02 -9.99990E+02 -9.99990E+02 -9.99990E+02 -9.99990E+02 -9.99990E+02 -9.99990E+02 -9.99990E+02 -9.99990E+02 -9.99990E+02 -9.99990E+02  1.80332E+02  1.80101E+02  1.79611E+02  1.80150E+02 -9.99990E+02 -9.99990E+02 -9.99990E+02 -9.99990E+02 -9.99990E+02 -9.99990E+02 -9.99990E+02 -9.99990E+02 -9.99990E+02 -9.99990E+02 -9.99990E+02 -9.99990E+02 -9.99990E+02 -9.99990E+02
 
 month:           7 year:        2005
 layer:           1
 -9.99990E+02 -9.99990E+02 -9.99990E+02  8.64948E+02  8.64063E+02  8.62488E+02  8.60859E+02  8.59558E+02 -9.99990E+02 -9.99990E+02 -9.99990E+02 -9.99990E+02 -9.99990E+02 -9.99990E+02 -9.99990E+02 -9.99990E+02 -9.99990E+02 -9.99990E+02 -9.99990E+02 -9.99990E+02 -9.99990E+02 -9.99990E+02 -9.99990E+02 -9.99990E+02 -9.99990E+02 -9.99990E+02 -9.99990E+02 -9.99990E+02 -9.99990E+02 -9.99990E+02 -9.99990E+02 -9.99990E+02 -9.99990E+02 -9.99990E+02 -9.99990E+02 -9.99990E+02 -9.99990E+02 -9.99990E+02 -9.99990E+02 -9.99990E+02 -9.99990E+02 -9.99990E+02 -9.99990E+02 -9.99990E+02 -9.99990E+02 -9.99990E+02 -9.99990E+02 -9.99990E+02 -9.99990E+02 -9.99990E+02 -9.99990E+02 -9.99990E+02 -9.99990E+02 -9.99990E+02 -9.99990E+02 -9.99990E+02 -9.99990E+02 -9.99990E+02 -9.99990E+02 -9.99990E+02 -9.99990E+02 -9.99990E+02 -9.99990E+02 -9.99990E+02 -9.99990E+02 -9.99990E+02 -9.99990E+02 -9.99990E+02 -9.99990E+02 -9.99990E+02 -9.99990E+02 -9.99990E+02 -9.99990E+02
 -9.99990E+02  8.67117E+02  8.66611E+02  8.65487E+02  8.64092E+02  8.62261E+02  8.60065E+02  8.58109E+02  8.56117E+02 -9.99990E+02 -9.99990E+02 -9.99990E+02 -9.99990E+02 -9.99990E+02 -9.99990E+02 -9.99990E+02 -9.99990E+02 -9.99990E+02 -9.99990E+02 -9.99990E+02 -9.99990E+02 -9.99990E+02 -9.99990E+02 -9.99990E+02 -9.99990E+02 -9.99990E+02 -9.99990E+02 -9.99990E+02 -9.99990E+02 -9.99990E+02 -9.99990E+02 -9.99990E+02 -9.99990E+02 -9.99990E+02 -9.99990E+02 -9.99990E+02 -9.99990E+02 -9.99990E+02 -9.99990E+02 -9.99990E+02 -9.99990E+02 -9.99990E+02 -9.99990E+02 -9.99990E+02 -9.99990E+02 -9.99990E+02 -9.99990E+02 -9.99990E+02 -9.99990E+02 -9.99990E+02 -9.99990E+02 -9.99990E+02 -9.99990E+02 -9.99990E+02 -9.99990E+02 -9.99990E+02 -9.99990E+02 -9.99990E+02 -9.99990E+02 -9.99990E+02 -9.99990E+02 -9.99990E+02 -9.99990E+02 -9.99990E+02 -9.99990E+02 -9.99990E+02 -9.99990E+02 -9.99990E+02 -9.99990E+02 -9.99990E+02 -9.99990E+02 -9.99990E+02 -9.99990E+02
  8.67228E+02  8.66868E+02  8.66144E+02  8.64967E+02  8.63276E+02  8.61325E+02  8.58634E+02  8.56236E+02  8.53925E+02  8.51068E+02 -9.99990E+02 -9.99990E+02 -9.99990E+02 -9.99990E+02 -9.99990E+02 -9.99990E+02 -9.99990E+02 -9.99990E+02 -9.99990E+02 -9.99990E+02 -9.99990E+02 -9.99990E+02 -9.99990E+02 -9.99990E+02 -9.99990E+02 -9.99990E+02 -9.99990E+02 -9.99990E+02 -9.99990E+02 -9.99990E+02 -9.99990E+02 -9.99990E+02 -9.99990E+02 -9.99990E+02 -9.99990E+02 -9.99990E+02 -9.99990E+02 -9.99990E+02 -9.99990E+02 -9.99990E+02 -9.99990E+02 -9.99990E+02 -9.99990E+02 -9.99990E+02 -9.99990E+02 -9.99990E+02 -9.99990E+02 -9.99990E+02 -9.99990E+02 -9.99990E+02 -9.99990E+02 -9.99990E+02 -9.99990E+02 -9.99990E+02 -9.99990E+02 -9.99990E+02 -9.99990E+02 -9.99990E+02 -9.99990E+02 -9.99990E+02 -9.99990E+02 -9.99990E+02 -9.99990E+02 -9.99990E+02 -9.99990E+02 -9.99990E+02 -9.99990E+02 -9.99990E+02 -9.99990E+02 -9.99990E+02 -9.99990E+02 -9.99990E+02 -9.99990E+02
  8.66881E+02  8.66263E+02  8.64709E+02  8.63094E+02  8.61393E+02  8.59330E+02  8.56476E+02  8.53746E+02  8.51038E+02  8.47233E+02  8.41567E+02  8.37429E+02  8.34863E+02 -9.99990E+02 -9.99990E+02 -9.99990E+02 -9.99990E+02 -9.99990E+02 -9.99990E+02 -9.99990E+02 -9.99990E+02 -9.99990E+02 -9.99990E+02 -9.99990E+02 -9.99990E+02 -9.99990E+02 -9.99990E+02 -9.99990E+02 -9.99990E+02 -9.99990E+02 -9.99990E+02 -9.99990E+02 -9.99990E+02 -9.99990E+02 -9.99990E+02 -9.99990E+02 -9.99990E+02 -9.99990E+02 -9.99990E+02 -9.99990E+02 -9.99990E+02 -9.99990E+02 -9.99990E+02 -9.99990E+02 -9.99990E+02 -9.99990E+02 -9.99990E+02 -9.99990E+02 -9.99990E+02 -9.99990E+02 -9.99990E+02 -9.99990E+02 -9.99990E+02 -9.99990E+02 -9.99990E+02 -9.99990E+02 -9.99990E+02 -9.99990E+02 -9.99990E+02 -9.99990E+02 -9.99990E+02 -9.99990E+02 -9.99990E+02 -9.99990E+02 -9.99990E+02 -9.99990E+02 -9.99990E+02 -9.99990E+02 -9.99990E+02 -9.99990E+02 -9.99990E+02 -9.99990E+02 -9.99990E+02
  8.66373E+02  8.65547E+02  8.62660E+02  8.60499E+02  8.58553E+02  8.56421E+02  8.53817E+02  8.50667E+02  8.47771E+02  8.44267E+02  8.39958E+02  8.35819E+02  8.32051E+02  8.27087E+02  8.22717E+02  8.19132E+02  8.15818E+02  8.12812E+02  8.10452E+02  8.08867E+02 -9.99990E+02 -9.99990E+02 -9.99990E+02 -9.99990E+02 -9.99990E+02 -9.99990E+02 -9.99990E+02 -9.99990E+02 -9.99990E+02 -9.99990E+02 -9.99990E+02 -9.99990E+02 -9.99990E+02 -9.99990E+02 -9.99990E+02 -9.99990E+02 -9.99990E+02 -9.99990E+02 -9.99990E+02 -9.99990E+02 -9.99990E+02 -9.99990E+02 -9.99990E+02 -9.99990E+02 -9.99990E+02 -9.99990E+02 -9.99990E+02 -9.99990E+02 -9.99990E+02 -9.99990E+02 -9.99990E+02 -9.99990E+02 -9.99990E+02 -9.99990E+02 -9.99990E+02 -9.99990E+02 -9.99990E+02 -9.99990E+02 -9.99990E+02 -9.99990E+02 -9.99990E+02 -9.99990E+02 -9.99990E+02 -9.99990E+02 -9.99990E+02 -9.99990E+02 -9.99990E+02 -9.99990E+02 -9.99990E+02 -9.99990E+02 -9.99990E+02 -9.99990E+02 -9.99990E+02
 -9.99990E+02 -9.99990E+02  8.58563E+02  8.57133E+02  8.55196E+02  8.53032E+02  8.50448E+02  8.47212E+02  8.44304E+02  8.41053E+02  8.37248E+02  8.33335E+02  8.29753E+02  8.25627E+02  8.21613E+02  8.18208E+02  8.14992E+02  8.11928E+02  8.09395E+02  8.07285E+02  8.05145E+02 -9.99990E+02 -9.99990E+02 -9.99990E+02 -9.99990E+02 -9.99990E+02 -9.99990E+02 -9.99990E+02 -9.99990E+02 -9.99990E+02 -9.99990E+02 -9.99990E+02 -9.99990E+02 -9.99990E+02 -9.99990E+02 -9.99990E+02 -9.99990E+02 -9.99990E+02 -9.99990E+02 -9.99990E+02 -9.99990E+02 -9.99990E+02 -9.99990E+02 -9.99990E+02 -9.99990E+02 -9.99990E+02 -9.99990E+02 -9.99990E+02 -9.99990E+02 -9.99990E+02 -9.99990E+02 -9.99990E+02 -9.99990E+02 -9.99990E+02 -9.99990E+02 -9.99990E+02 -9.99990E+02 -9.99990E+02 -9.99990E+02 -9.99990E+02 -9.99990E+02 -9.99990E+02 -9.99990E+02 -9.99990E+02 -9.99990E+02 -9.99990E+02 -9.99990E+02 -9.99990E+02 -9.99990E+02 -9.99990E+02 -9.99990E+02 -9.99990E+02 -9.99990E+02
 -9.99990E+02 -9.99990E+02  8.55088E+02  8.53795E+02  8.51842E+02  8.49320E+02  8.46640E+02  8.43522E+02  8.40659E+02  8.37572E+02  8.33836E+02  8.30202E+02  8.26853E+02  8.23144E+02  8.19506E+02  8.16225E+02  8.13167E+02  8.10097E+02  8.07400E+02  8.05130E+02  8.02821E+02  8.00431E+02 -9.99990E+02 -9.99990E+02 -9.99990E+02 -9.99990E+02 -9.99990E+02 -9.99990E+02 -9.99990E+02 -9.99990E+02 -9.99990E+02 -9.99990E+02 -9.99990E+02 -9.99990E+02 -9.99990E+02 -9.99990E+02 -9.99990E+02 -9.99990E+02 -9.99990E+02  7.92547E+02  7.93284E+02 -9.99990E+02 -9.99990E+02  8.05182E+02  8.06454E+02  8.07604E+02 -9.99990E+02 -9.99990E+02 -9.99990E+02 -9.99990E+02  8.45356E+02  8.45514E+02 -9.99990E+02 -9.99990E+02 -9.99990E+02 -9.99990E+02 -9.99990E+02 -9.99990E+02 -9.99990E+02 -9.99990E+02 -9.99990E+02 -9.99990E+02 -9.99990E+02 -9.99990E+02 -9.99990E+02 -9.99990E+02 -9.99990E+02 -9.99990E+02 -9.99990E+02 -9.99990E+02 -9.99990E+02 -9.99990E+02 -9.99990E+02
 -9.99990E+02 -9.99990E+02  8.52686E+02  8.50288E+02  8.48152E+02  8.45598E+02  8.42818E+02  8.39601E+02  8.36534E+02  8.33437E+02  8.29924E+02  8.26409E+02  8.23284E+02  8.19893E+02  8.16638E+02  8.13595E+02  8.10435E+02  8.07257E+02  8.04286E+02  8.01809E+02  7.99576E+02  7.97775E+02 -9.99990E+02 -9.99990E+02 -9.99990E+02 -9.99990E+02 -9.99990E+02 -9.99990E+02 -9.99990E+02 -9.99990E+02 -9.99990E+02 -9.99990E+02 -9.99990E+02 -9.99990E+02 -9.99990E+02 -9.99990E+02  7.85202E+02  7.86863E+02  7.89205E+02  7.91921E+02  7.94121E+02  7.97244E+02  8.00681E+02  8.04249E+02  8.06838E+02  8.09057E+02  8.11081E+02 -9.99990E+02 -9.99990E+02  8.43957E+02  8.45696E+02  8.46304E+02 -9.99990E+02 -9.99990E+02 -9.99990E+02 -9.99990E+02 -9.99990E+02 -9.99990E+02 -9.99990E+02 -9.99990E+02 -9.99990E+02 -9.99990E+02 -9.99990E+02 -9.99990E+02 -9.99990E+02 -9.99990E+02 -9.99990E+02 -9.99990E+02 -9.99990E+02 -9.99990E+02 -9.99990E+02 -9.99990E+02 -9.99990E+02
 -9.99990E+02 -9.99990E+02 -9.99990E+02  8.46075E+02  8.44335E+02  8.41870E+02  8.38864E+02  8.35443E+02  8.31997E+02  8.28828E+02  8.25336E+02  8.22090E+02  8.19128E+02  8.16107E+02  8.13147E+02  8.10146E+02  8.06856E+02  8.03500E+02  8.00343E+02  7.97576E+02  7.94880E+02  7.92808E+02 -9.99990E+02 -9.99990E+02 -9.99990E+02 -9.99990E+02 -9.99990E+02  7.66244E+02  7.66308E+02 -9.99990E+02  7.69606E+02  7.70403E+02  7.72157E+02  7.74557E+02  7.77141E+02  7.80168E+02  7.83689E+02  7.86356E+02  7.88980E+02  7.91613E+02  7.94219E+02  7.97441E+02  8.00967E+02  8.04568E+02  8.07817E+02  8.10867E+02  8.13441E+02 -9.99990E+02  8.38380E+02  8.42443E+02  8.45533E+02  8.47208E+02  8.49107E+02 -9.99990E+02 -9.99990E+02 -9.99990E+02 -9.99990E+02 -9.99990E+02 -9.99990E+02 -9.99990E+02 -9.99990E+02 -9.99990E+02 -9.99990E+02 -9.99990E+02 -9.99990E+02 -9.99990E+02 -9.99990E+02 -9.99990E+02 -9.99990E+02 -9.99990E+02 -9.99990E+02 -9.99990E+02 -9.99990E+02
 -9.99990E+02 -9.99990E+02 -9.99990E+02  8.43776E+02  8.41259E+02  8.38552E+02  8.34922E+02  8.30960E+02  8.27098E+02  8.23752E+02  8.20378E+02  8.17244E+02  8.14602E+02  8.11752E+02  8.08816E+02  8.05706E+02  8.02283E+02  7.98934E+02  7.95506E+02  7.92437E+02  7.89132E+02  7.85069E+02  7.77995E+02  7.73192E+02  7.69996E+02  7.67902E+02  7.66644E+02  7.66194E+02  7.66386E+02  7.67204E+02  7.68702E+02  7.69879E+02  7.71398E+02  7.74079E+02  7.76845E+02  7.79708E+02  7.82811E+02  7.85600E+02  7.88381E+02  7.91143E+02  7.94106E+02  7.97638E+02  8.01564E+02  8.05514E+02  8.09096E+02  8.12908E+02  8.17731E+02  8.25643E+02  8.34084E+02  8.39848E+02  8.44203E+02  8.47483E+02  8.50615E+02 -9.99990E+02 -9.99990E+02 -9.99990E+02 -9.99990E+02 -9.99990E+02 -9.99990E+02 -9.99990E+02 -9.99990E+02 -9.99990E+02 -9.99990E+02 -9.99990E+02 -9.99990E+02 -9.99990E+02 -9.99990E+02 -9.99990E+02 -9.99990E+02 -9.99990E+02 -9.99990E+02 -9.99990E+02 -9.99990E+02
 -9.99990E+02 -9.99990E+02 -9.99990E+02 -9.99990E+02  8.37304E+02  8.35036E+02  8.31034E+02  8.25987E+02  8.21474E+02  8.17819E+02  8.14670E+02  8.11845E+02  8.09457E+02  8.06713E+02  8.03690E+02  8.00658E+02  7.97257E+02  7.93713E+02  7.90191E+02  7.86968E+02  7.83591E+02  7.79786E+02  7.75338E+02  7.71487E+02  7.68594E+02  7.66724E+02  7.65725E+02  7.65241E+02  7.65408E+02  7.66154E+02  7.67449E+02  7.68807E+02  7.70290E+02  7.72662E+02  7.75582E+02  7.78560E+02  7.81637E+02  7.84425E+02  7.87228E+02  7.90362E+02  7.93814E+02  7.97852E+02  8.02250E+02  8.06687E+02  8.10385E+02  8.14401E+02  8.19399E+02  8.25625E+02  8.32060E+02  8.37408E+02  8.42039E+02  8.46395E+02  8.49630E+02  8.47314E+02 -9.99990E+02 -9.99990E+02 -9.99990E+02 -9.99990E+02 -9.99990E+02 -9.99990E+02 -9.99990E+02 -9.99990E+02 -9.99990E+02 -9.99990E+02 -9.99990E+02 -9.99990E+02 -9.99990E+02 -9.99990E+02 -9.99990E+02 -9.99990E+02 -9.99990E+02 -9.99990E+02 -9.99990E+02
 -9.99990E+02 -9.99990E+02 -9.99990E+02 -9.99990E+02  8.35098E+02  8.32773E+02  8.28036E+02  8.19718E+02  8.14859E+02  8.11122E+02  8.08156E+02  8.05741E+02  8.03335E+02  8.00717E+02  7.98099E+02  7.95376E+02  7.91904E+02  7.88173E+02  7.84448E+02  7.81271E+02  7.78239E+02  7.74926E+02  7.71375E+02  7.68333E+02  7.65937E+02  7.64336E+02  7.63510E+02  7.63193E+02  7.63464E+02  7.64279E+02  7.65513E+02  7.66859E+02  7.68382E+02  7.70468E+02  7.73466E+02  7.76854E+02  7.80045E+02  7.83027E+02  7.86116E+02  7.89437E+02  7.93236E+02  7.97483E+02  8.02113E+02  8.06624E+02  8.10639E+02  8.14747E+02  8.19625E+02  8.24908E+02  8.30443E+02  8.34883E+02  8.39123E+02  8.43391E+02  8.45596E+02  8.42929E+02 -9.99990E+02 -9.99990E+02 -9.99990E+02 -9.99990E+02 -9.99990E+02 -9.99990E+02 -9.99990E+02 -9.99990E+02 -9.99990E+02 -9.99990E+02 -9.99990E+02 -9.99990E+02 -9.99990E+02 -9.99990E+02 -9.99990E+02 -9.99990E+02 -9.99990E+02 -9.99990E+02 -9.99990E+02
 -9.99990E+02 -9.99990E+02 -9.99990E+02 -9.99990E+02 -9.99990E+02 -9.99990E+02 -9.99990E+02  8.08852E+02  8.06636E+02  8.03687E+02  8.00914E+02  7.98722E+02  7.96421E+02  7.94030E+02  7.91861E+02  7.89361E+02  7.85764E+02  7.81783E+02  7.78112E+02  7.75050E+02  7.72351E+02  7.69618E+02  7.66696E+02  7.64210E+02  7.62293E+02  7.60940E+02  7.60183E+02  7.60111E+02  7.60736E+02  7.61623E+02  7.62873E+02  7.64316E+02  7.65926E+02  7.67781E+02  7.70872E+02  7.74483E+02  7.78158E+02  7.81414E+02  7.84711E+02  7.88172E+02  7.92035E+02  7.96183E+02  8.00731E+02  8.05342E+02  8.09394E+02  8.13536E+02  8.18256E+02  8.22921E+02  8.27225E+02  8.30515E+02  8.33261E+02  8.35570E+02  8.36504E+02  8.31884E+02  8.23731E+02  8.18584E+02 -9.99990E+02 -9.99990E+02 -9.99990E+02 -9.99990E+02 -9.99990E+02 -9.99990E+02 -9.99990E+02 -9.99990E+02 -9.99990E+02 -9.99990E+02 -9.99990E+02 -9.99990E+02 -9.99990E+02 -9.99990E+02 -9.99990E+02 -9.99990E+02 -9.99990E+02
 -9.99990E+02 -9.99990E+02 -9.99990E+02 -9.99990E+02 -9.99990E+02 -9.99990E+02 -9.99990E+02  7.99490E+02  7.98182E+02  7.95773E+02  7.93067E+02  7.90742E+02  7.88671E+02  7.86715E+02  7.84516E+02  7.82082E+02  7.78868E+02  7.74944E+02  7.71094E+02  7.68078E+02  7.65526E+02  7.63393E+02  7.61216E+02  7.59155E+02  7.57647E+02  7.56570E+02  7.56088E+02  7.56265E+02  7.57095E+02  7.58050E+02  7.59310E+02  7.61008E+02  7.62931E+02  7.64909E+02  7.67589E+02  7.71447E+02  7.75481E+02  7.79429E+02  7.83032E+02  7.86670E+02  7.90226E+02  7.94102E+02  7.98396E+02  8.02603E+02  8.06537E+02  8.10938E+02  8.15479E+02  8.19235E+02  8.22589E+02  8.25136E+02  8.27305E+02  8.28467E+02  8.27690E+02  8.24565E+02  8.19101E+02  8.11663E+02  8.02843E+02 -9.99990E+02 -9.99990E+02 -9.99990E+02 -9.99990E+02 -9.99990E+02 -9.99990E+02 -9.99990E+02 -9.99990E+02 -9.99990E+02 -9.99990E+02 -9.99990E+02 -9.99990E+02 -9.99990E+02 -9.99990E+02 -9.99990E+02 -9.99990E+02
 -9.99990E+02 -9.99990E+02 -9.99990E+02 -9.99990E+02 -9.99990E+02 -9.99990E+02 -9.99990E+02  7.90934E+02  7.89670E+02  7.87350E+02  7.84713E+02  7.82337E+02  7.80359E+02  7.78271E+02  7.75948E+02  7.73592E+02  7.70630E+02  7.66657E+02  7.62908E+02  7.60022E+02  7.57732E+02  7.56057E+02  7.54344E+02  7.52768E+02  7.51730E+02  7.51215E+02  7.51097E+02  7.51533E+02  7.52327E+02  7.53481E+02  7.55114E+02  7.57136E+02  7.59383E+02  7.61603E+02  7.64083E+02  7.67878E+02  7.72135E+02  7.76510E+02  7.80881E+02  7.84670E+02  7.88010E+02  7.91446E+02  7.95313E+02  7.99121E+02  8.02870E+02  8.06972E+02  8.11230E+02  8.14493E+02  8.17024E+02  8.18754E+02  8.19798E+02  8.19615E+02  8.18379E+02  8.15102E+02  8.09406E+02  8.02023E+02  7.93485E+02  7.85695E+02 -9.99990E+02 -9.99990E+02 -9.99990E+02 -9.99990E+02 -9.99990E+02 -9.99990E+02 -9.99990E+02 -9.99990E+02 -9.99990E+02 -9.99990E+02 -9.99990E+02 -9.99990E+02 -9.99990E+02 -9.99990E+02 -9.99990E+02
 -9.99990E+02 -9.99990E+02 -9.99990E+02 -9.99990E+02 -9.99990E+02 -9.99990E+02  7.82081E+02  7.83581E+02  7.81552E+02  7.78675E+02  7.75911E+02  7.73396E+02  7.71216E+02  7.69035E+02  7.66632E+02  7.64019E+02  7.60857E+02  7.56790E+02  7.53284E+02  7.50745E+02  7.48889E+02  7.47436E+02  7.46245E+02  7.45227E+02  7.44685E+02  7.44674E+02  7.45097E+02  7.45794E+02  7.46743E+02  7.48201E+02  7.50203E+02  7.52590E+02  7.55301E+02  7.57917E+02  7.60473E+02  7.63803E+02  7.68431E+02  7.73186E+02  7.77857E+02  7.81837E+02  7.85126E+02  7.88161E+02  7.91434E+02  7.94809E+02  7.98546E+02  8.02120E+02  8.05438E+02  8.08049E+02  8.09732E+02  8.10978E+02  8.11545E+02  8.10735E+02  8.08310E+02  8.04260E+02  7.99319E+02  7.92405E+02  7.84242E+02  7.76917E+02  7.69132E+02 -9.99990E+02 -9.99990E+02 -9.99990E+02 -9.99990E+02 -9.99990E+02 -9.99990E+02 -9.99990E+02 -9.99990E+02 -9.99990E+02 -9.99990E+02 -9.99990E+02 -9.99990E+02 -9.99990E+02 -9.99990E+02
 -9.99990E+02 -9.99990E+02 -9.99990E+02 -9.99990E+02 -9.99990E+02 -9.99990E+02  7.80602E+02  7.79130E+02  7.73057E+02  7.69490E+02  7.66514E+02  7.63716E+02  7.61112E+02  7.58254E+02  7.55246E+02  7.51774E+02  7.48490E+02  7.44858E+02  7.42067E+02  7.40317E+02  7.38853E+02  7.37752E+02  7.36880E+02  7.36421E+02  7.36397E+02  7.36790E+02  7.37827E+02  7.39121E+02  7.40594E+02  7.42385E+02  7.44740E+02  7.47526E+02  7.50669E+02  7.53758E+02  7.56636E+02  7.59727E+02  7.63927E+02  7.68647E+02  7.73335E+02  7.76949E+02  7.80555E+02  7.83992E+02  7.86581E+02  7.89461E+02  7.92914E+02  7.95882E+02  7.98486E+02  8.00466E+02  8.01508E+02  8.01870E+02  8.01866E+02  8.00947E+02  7.98297E+02  7.94250E+02  7.89684E+02  7.83101E+02  7.75486E+02  7.68491E+02  7.61327E+02  7.53450E+02 -9.99990E+02 -9.99990E+02 -9.99990E+02 -9.99990E+02 -9.99990E+02 -9.99990E+02 -9.99990E+02 -9.99990E+02 -9.99990E+02 -9.99990E+02 -9.99990E+02 -9.99990E+02 -9.99990E+02
 -9.99990E+02 -9.99990E+02 -9.99990E+02 -9.99990E+02 -9.99990E+02 -9.99990E+02 -9.99990E+02 -9.99990E+02  7.61121E+02  7.59441E+02  7.56663E+02  7.53464E+02  7.50495E+02  7.47141E+02  7.43115E+02  7.38751E+02  7.34336E+02  7.31252E+02  7.29413E+02  7.27932E+02  7.26870E+02  7.26102E+02  7.25869E+02  7.26149E+02  7.26802E+02  7.27780E+02  7.29406E+02  7.31204E+02  7.33395E+02  7.35719E+02  7.38492E+02  7.41661E+02  7.45100E+02  7.48481E+02  7.51943E+02  7.55262E+02  7.58633E+02  7.63040E+02  7.67586E+02  7.71157E+02  7.74480E+02  7.77680E+02  7.80675E+02  7.83099E+02  7.86245E+02  7.88883E+02  7.90823E+02  7.92311E+02  7.92986E+02  7.92828E+02  7.92252E+02  7.91043E+02  7.88170E+02  7.84481E+02  7.80048E+02  7.73938E+02  7.67044E+02  7.59964E+02  7.53213E+02  7.46009E+02  7.37583E+02  7.33773E+02 -9.99990E+02 -9.99990E+02 -9.99990E+02 -9.99990E+02 -9.99990E+02 -9.99990E+02 -9.99990E+02 -9.99990E+02 -9.99990E+02 -9.99990E+02 -9.99990E+02
 -9.99990E+02 -9.99990E+02 -9.99990E+02 -9.99990E+02 -9.99990E+02 -9.99990E+02 -9.99990E+02 -9.99990E+02  7.51089E+02  7.49534E+02  7.46616E+02  7.42827E+02  7.39037E+02  7.34690E+02  7.29890E+02  7.25052E+02  7.20442E+02  7.17406E+02  7.15400E+02  7.13738E+02  7.13050E+02  7.12956E+02  7.13337E+02  7.14601E+02  7.16080E+02  7.17817E+02  7.19869E+02  7.22230E+02  7.25088E+02  7.28027E+02  7.31286E+02  7.34927E+02  7.38625E+02  7.42581E+02  7.46380E+02  7.49741E+02  7.53016E+02  7.56547E+02  7.60543E+02  7.64229E+02  7.67240E+02  7.70022E+02  7.72707E+02  7.75813E+02  7.78849E+02  7.80837E+02  7.82163E+02  7.83312E+02  7.83576E+02  7.83401E+02  7.82348E+02  7.80300E+02  7.77785E+02  7.74202E+02  7.69983E+02  7.64379E+02  7.57998E+02  7.51091E+02  7.45031E+02  7.39014E+02  7.33174E+02  7.30081E+02 -9.99990E+02 -9.99990E+02 -9.99990E+02 -9.99990E+02 -9.99990E+02 -9.99990E+02 -9.99990E+02 -9.99990E+02 -9.99990E+02 -9.99990E+02 -9.99990E+02
 -9.99990E+02 -9.99990E+02 -9.99990E+02 -9.99990E+02 -9.99990E+02 -9.99990E+02 -9.99990E+02 -9.99990E+02  7.43082E+02  7.40410E+02  7.36716E+02  7.32174E+02  7.27207E+02  7.21727E+02  7.16055E+02  7.10712E+02  7.05964E+02  7.02880E+02  7.00330E+02  6.98779E+02  6.97858E+02  6.98382E+02  6.99799E+02  7.01992E+02  7.04402E+02  7.06959E+02  7.09460E+02  7.12493E+02  7.15877E+02  7.19441E+02  7.23177E+02  7.27244E+02  7.31461E+02  7.35792E+02  7.39722E+02  7.43218E+02  7.46522E+02  7.49278E+02  7.52642E+02  7.56051E+02  7.58922E+02  7.61402E+02  7.63916E+02  7.66878E+02  7.69576E+02  7.71473E+02  7.72775E+02  7.73613E+02  7.73560E+02  7.73065E+02  7.71834E+02  7.69769E+02  7.67182E+02  7.63644E+02  7.59121E+02  7.53897E+02  7.48107E+02  7.41942E+02  7.36309E+02  7.30733E+02  7.25628E+02  7.22143E+02 -9.99990E+02 -9.99990E+02 -9.99990E+02  6.84721E+02  6.84293E+02 -9.99990E+02 -9.99990E+02 -9.99990E+02 -9.99990E+02 -9.99990E+02 -9.99990E+02
 -9.99990E+02 -9.99990E+02 -9.99990E+02 -9.99990E+02 -9.99990E+02 -9.99990E+02 -9.99990E+02 -9.99990E+02  7.37598E+02  7.31996E+02  7.27261E+02  7.21819E+02  7.15445E+02  7.08810E+02  7.02098E+02  6.95673E+02  6.90353E+02  6.86410E+02  6.83465E+02  6.81950E+02  6.81553E+02  6.82847E+02  6.84994E+02  6.88064E+02  6.91674E+02  6.95052E+02  6.98273E+02  7.01918E+02  7.05918E+02  7.09949E+02  7.14250E+02  7.18868E+02  7.23717E+02  7.28253E+02  7.32236E+02  7.35844E+02  7.39018E+02  7.41660E+02  7.43951E+02  7.46647E+02  7.49476E+02  7.51724E+02  7.54130E+02  7.56856E+02  7.59325E+02  7.60997E+02  7.62319E+02  7.62613E+02  7.62199E+02  7.61721E+02  7.60245E+02  7.58191E+02  7.55524E+02  7.51869E+02  7.47375E+02  7.42408E+02  7.37261E+02  7.31430E+02  7.26146E+02  7.21197E+02  7.15846E+02  7.09621E+02  6.99109E+02  6.92268E+02  6.87915E+02  6.85271E+02  6.83959E+02  6.82906E+02 -9.99990E+02 -9.99990E+02 -9.99990E+02 -9.99990E+02 -9.99990E+02
 -9.99990E+02 -9.99990E+02 -9.99990E+02 -9.99990E+02 -9.99990E+02 -9.99990E+02 -9.99990E+02 -9.99990E+02 -9.99990E+02  7.22368E+02  7.18271E+02  7.11968E+02  7.04043E+02  6.95846E+02  6.87823E+02  6.79976E+02  6.73091E+02  6.67902E+02  6.64535E+02  6.63341E+02  6.63902E+02  6.66036E+02  6.68973E+02  6.73124E+02  6.77424E+02  6.81657E+02  6.85981E+02  6.90307E+02  6.94808E+02  6.99473E+02  7.04456E+02  7.09596E+02  7.14948E+02  7.19480E+02  7.23588E+02  7.27556E+02  7.31013E+02  7.33584E+02  7.35267E+02  7.36638E+02  7.39017E+02  7.41357E+02  7.43728E+02  7.45781E+02  7.47913E+02  7.49491E+02  7.50263E+02  7.50264E+02  7.49733E+02  7.49122E+02  7.47802E+02  7.45703E+02  7.43304E+02  7.39602E+02  7.35130E+02  7.30386E+02  7.25601E+02  7.20557E+02  7.15836E+02  7.11278E+02  7.06507E+02  7.01234E+02  6.95012E+02  6.89976E+02  6.86315E+02  6.83839E+02  6.82638E+02  6.81835E+02  6.81132E+02 -9.99990E+02 -9.99990E+02 -9.99990E+02 -9.99990E+02
 -9.99990E+02 -9.99990E+02 -9.99990E+02 -9.99990E+02 -9.99990E+02 -9.99990E+02 -9.99990E+02 -9.99990E+02 -9.99990E+02  7.16613E+02  7.10477E+02  7.02944E+02  6.92702E+02  6.82640E+02  6.72884E+02  6.63124E+02  6.54149E+02  6.47042E+02  6.43466E+02  6.42928E+02  6.44703E+02  6.47802E+02  6.51714E+02  6.56636E+02  6.61804E+02  6.67154E+02  6.72483E+02  6.77669E+02  6.82857E+02  6.88148E+02  6.93542E+02  6.99106E+02  7.04548E+02  7.09499E+02  7.14070E+02  7.18532E+02  7.22118E+02  7.24594E+02  7.26324E+02  7.27395E+02  7.28313E+02  7.29924E+02  7.32043E+02  7.34154E+02  7.36099E+02  7.37413E+02  7.37937E+02  7.37797E+02  7.37146E+02  7.36508E+02  7.35149E+02  7.32877E+02  7.30458E+02  7.26750E+02  7.22724E+02  7.18497E+02  7.14082E+02  7.09744E+02  7.05666E+02  7.01576E+02  6.97487E+02  6.93354E+02  6.89127E+02  6.85465E+02  6.82778E+02  6.80768E+02  6.79675E+02  6.79524E+02  6.80388E+02 -9.99990E+02 -9.99990E+02 -9.99990E+02 -9.99990E+02
 -9.99990E+02 -9.99990E+02 -9.99990E+02 -9.99990E+02 -9.99990E+02 -9.99990E+02 -9.99990E+02 -9.99990E+02 -9.99990E+02 -9.99990E+02  7.03274E+02  6.95943E+02  6.80431E+02  6.68806E+02  6.57593E+02  6.45625E+02  6.33358E+02  6.23309E+02  6.20389E+02  6.20864E+02  6.23927E+02  6.28086E+02  6.33263E+02  6.39313E+02  6.45195E+02  6.51467E+02  6.57673E+02  6.64092E+02  6.70309E+02  6.76048E+02  6.81866E+02  6.87762E+02  6.93284E+02  6.98721E+02  7.04204E+02  7.08699E+02  7.12404E+02  7.14855E+02  7.16679E+02  7.17797E+02  7.18388E+02  7.18944E+02  7.20654E+02  7.22606E+02  7.24084E+02  7.24809E+02  7.25106E+02  7.25130E+02  7.24429E+02  7.23632E+02  7.22042E+02  7.19761E+02  7.16971E+02  7.13681E+02  7.10076E+02  7.06406E+02  7.02501E+02  6.98811E+02  6.95272E+02  6.91798E+02  6.88395E+02  6.85057E+02  6.82014E+02  6.79488E+02  6.77559E+02  6.76233E+02  6.75533E+02  6.75489E+02 -9.99990E+02 -9.99990E+02 -9.99990E+02 -9.99990E+02 -9.99990E+02
 -9.99990E+02 -9.99990E+02 -9.99990E+02 -9.99990E+02 -9.99990E+02 -9.99990E+02 -9.99990E+02 -9.99990E+02 -9.99990E+02 -9.99990E+02 -9.99990E+02 -9.99990E+02  6.61514E+02  6.53378E+02  6.41962E+02  6.27333E+02  6.10787E+02  5.92567E+02  5.93486E+02  5.96698E+02  6.01338E+02  6.06903E+02  6.13946E+02  6.21014E+02  6.28052E+02  6.35410E+02  6.42897E+02  6.50176E+02  6.56954E+02  6.63393E+02  6.69751E+02  6.75880E+02  6.81721E+02  6.87556E+02  6.93451E+02  6.98120E+02  7.01914E+02  7.04604E+02  7.06658E+02  7.07936E+02  7.08528E+02  7.09117E+02  7.09841E+02  7.10903E+02  7.11876E+02  7.12214E+02  7.12260E+02  7.12329E+02  7.11481E+02  7.10352E+02  7.08661E+02  7.06634E+02  7.03797E+02  7.00559E+02  6.97189E+02  6.93966E+02  6.90740E+02  6.87580E+02  6.84534E+02  6.81689E+02  6.79046E+02  6.76576E+02  6.74377E+02  6.72445E+02  6.71005E+02  6.70363E+02  6.70362E+02  6.71134E+02 -9.99990E+02 -9.99990E+02 -9.99990E+02 -9.99990E+02 -9.99990E+02
 -9.99990E+02 -9.99990E+02 -9.99990E+02 -9.99990E+02 -9.99990E+02 -9.99990E+02 -9.99990E+02 -9.99990E+02 -9.99990E+02 -9.99990E+02 -9.99990E+02 -9.99990E+02  6.50859E+02  6.40511E+02  6.27498E+02  6.10493E+02  5.92654E+02  5.71595E+02  5.64798E+02  5.71510E+02  5.77670E+02  5.84955E+02  5.93563E+02  6.02200E+02  6.10753E+02  6.19361E+02  6.27849E+02  6.35845E+02  6.43178E+02  6.50092E+02  6.56786E+02  6.63420E+02  6.69934E+02  6.76443E+02  6.82405E+02  6.87212E+02  6.90983E+02  6.93996E+02  6.96256E+02  6.97617E+02  6.98625E+02  6.99225E+02  6.99617E+02  6.99552E+02  6.99563E+02  6.99578E+02  6.99354E+02  6.99132E+02  6.98421E+02  6.97234E+02  6.95580E+02  6.93237E+02  6.90487E+02  6.87512E+02  6.84398E+02  6.81443E+02  6.78670E+02  6.76051E+02  6.73642E+02  6.71385E+02  6.69374E+02  6.67551E+02  6.65659E+02  6.64344E+02  6.63366E+02  6.63071E+02  6.63610E+02  6.67254E+02 -9.99990E+02 -9.99990E+02 -9.99990E+02 -9.99990E+02 -9.99990E+02
 -9.99990E+02 -9.99990E+02 -9.99990E+02 -9.99990E+02 -9.99990E+02 -9.99990E+02 -9.99990E+02 -9.99990E+02 -9.99990E+02 -9.99990E+02 -9.99990E+02 -9.99990E+02 -9.99990E+02  6.29178E+02  6.17102E+02  5.94081E+02  5.77281E+02  5.60632E+02  5.43103E+02  5.47562E+02  5.53546E+02  5.62547E+02  5.72906E+02  5.83279E+02  5.93265E+02  6.03297E+02  6.12585E+02  6.21172E+02  6.29171E+02  6.36634E+02  6.43876E+02  6.51094E+02  6.58341E+02  6.65282E+02  6.71072E+02  6.75792E+02  6.79708E+02  6.82815E+02  6.85386E+02  6.87159E+02  6.88124E+02  6.88777E+02  6.89045E+02  6.88801E+02  6.88185E+02  6.87386E+02  6.86484E+02  6.85765E+02  6.85095E+02  6.83752E+02  6.82041E+02  6.79527E+02  6.76850E+02  6.74189E+02  6.71609E+02  6.69070E+02  6.66739E+02  6.64652E+02  6.62708E+02  6.60730E+02  6.59068E+02  6.57768E+02  6.56471E+02  6.55545E+02  6.54844E+02  6.54302E+02  6.53768E+02 -9.99990E+02 -9.99990E+02 -9.99990E+02 -9.99990E+02 -9.99990E+02 -9.99990E+02
 -9.99990E+02 -9.99990E+02 -9.99990E+02 -9.99990E+02 -9.99990E+02 -9.99990E+02 -9.99990E+02 -9.99990E+02 -9.99990E+02 -9.99990E+02 -9.99990E+02 -9.99990E+02 -9.99990E+02 -9.99990E+02 -9.99990E+02  5.69647E+02  5.61693E+02  5.50329E+02  5.38233E+02  5.27315E+02  5.27751E+02  5.39028E+02  5.52092E+02  5.64142E+02  5.75548E+02  5.86707E+02  5.96936E+02  6.06295E+02  6.15037E+02  6.23201E+02  6.30977E+02  6.38794E+02  6.46557E+02  6.53457E+02  6.59287E+02  6.64066E+02  6.68034E+02  6.71200E+02  6.73785E+02  6.75637E+02  6.76753E+02  6.77428E+02  6.77659E+02  6.77447E+02  6.76892E+02  6.76042E+02  6.74740E+02  6.73061E+02  6.71440E+02  6.69672E+02  6.67711E+02  6.65447E+02  6.62983E+02  6.60694E+02  6.58506E+02  6.56385E+02  6.54433E+02  6.52822E+02  6.51299E+02  6.49750E+02  6.48475E+02  6.47654E+02  6.46885E+02  6.46402E+02  6.45784E+02  6.44960E+02  6.43233E+02  6.38440E+02 -9.99990E+02 -9.99990E+02 -9.99990E+02 -9.99990E+02 -9.99990E+02
 -9.99990E+02 -9.99990E+02 -9.99990E+02 -9.99990E+02 -9.99990E+02 -9.99990E+02 -9.99990E+02 -9.99990E+02 -9.99990E+02 -9.99990E+02 -9.99990E+02 -9.99990E+02 -9.99990E+02 -9.99990E+02 -9.99990E+02  5.53524E+02  5.48605E+02  5.40707E+02  5.31609E+02  5.22840E+02  5.15502E+02  5.14558E+02  5.31639E+02  5.45648E+02  5.58436E+02  5.70247E+02  5.81049E+02  5.91116E+02  6.00791E+02  6.09855E+02  6.18109E+02  6.26330E+02  6.34272E+02  6.41217E+02  6.47033E+02  6.51737E+02  6.55674E+02  6.58946E+02  6.61651E+02  6.63455E+02  6.64765E+02  6.65586E+02  6.65885E+02  6.65613E+02  6.65085E+02  6.64612E+02  6.63166E+02  6.61280E+02  6.59190E+02  6.56730E+02  6.54113E+02  6.51653E+02  6.49077E+02  6.46994E+02  6.45007E+02  6.43302E+02  6.41808E+02  6.40608E+02  6.39493E+02  6.38518E+02  6.37790E+02  6.37419E+02  6.37033E+02  6.36816E+02  6.36465E+02  6.35838E+02  6.34893E+02  6.33355E+02 -9.99990E+02 -9.99990E+02 -9.99990E+02 -9.99990E+02 -9.99990E+02
 -9.99990E+02 -9.99990E+02 -9.99990E+02 -9.99990E+02 -9.99990E+02 -9.99990E+02 -9.99990E+02 -9.99990E+02 -9.99990E+02 -9.99990E+02 -9.99990E+02 -9.99990E+02 -9.99990E+02 -9.99990E+02 -9.99990E+02  5.41698E+02  5.38231E+02  5.31902E+02  5.24419E+02  5.16681E+02  5.09128E+02  5.02126E+02  5.14242E+02  5.28255E+02  5.41318E+02  5.53374E+02  5.65263E+02  5.76210E+02  5.86769E+02  5.96576E+02  6.05138E+02  6.13555E+02  6.21448E+02  6.28387E+02  6.34298E+02  6.38865E+02  6.42857E+02  6.46445E+02  6.49465E+02  6.51420E+02  6.52940E+02  6.53906E+02  6.54141E+02  6.53762E+02  6.53261E+02  6.52604E+02  6.50940E+02  6.48924E+02  6.46734E+02  6.44264E+02  6.41606E+02  6.38906E+02  6.36340E+02  6.34150E+02  6.32118E+02  6.30281E+02  6.28821E+02  6.27945E+02  6.27288E+02  6.26916E+02  6.26726E+02  6.26772E+02  6.26752E+02  6.26786E+02  6.26688E+02  6.26549E+02  6.26424E+02  6.26325E+02 -9.99990E+02 -9.99990E+02 -9.99990E+02 -9.99990E+02 -9.99990E+02
 -9.99990E+02 -9.99990E+02 -9.99990E+02 -9.99990E+02 -9.99990E+02 -9.99990E+02 -9.99990E+02 -9.99990E+02 -9.99990E+02 -9.99990E+02 -9.99990E+02 -9.99990E+02 -9.99990E+02 -9.99990E+02 -9.99990E+02  5.33311E+02  5.29903E+02  5.24181E+02  5.17442E+02  5.10046E+02  5.02270E+02  4.95742E+02  4.95415E+02  5.10943E+02  5.24183E+02  5.36781E+02  5.49144E+02  5.60980E+02  5.72412E+02  5.82445E+02  5.91785E+02  6.00497E+02  6.08013E+02  6.14812E+02  6.20740E+02  6.25670E+02  6.30057E+02  6.33844E+02  6.36813E+02  6.38984E+02  6.40695E+02  6.41745E+02  6.42075E+02  6.41569E+02  6.40888E+02  6.39948E+02  6.38247E+02  6.36027E+02  6.33639E+02  6.31185E+02  6.28648E+02  6.26110E+02  6.23622E+02  6.21288E+02  6.19226E+02  6.17476E+02  6.16017E+02  6.14958E+02  6.14430E+02  6.14459E+02  6.14903E+02  6.15454E+02  6.15770E+02  6.15994E+02  6.16270E+02  6.16747E+02  6.17731E+02  6.19293E+02 -9.99990E+02 -9.99990E+02 -9.99990E+02 -9.99990E+02 -9.99990E+02
 -9.99990E+02 -9.99990E+02 -9.99990E+02 -9.99990E+02 -9.99990E+02 -9.99990E+02 -9.99990E+02 -9.99990E+02 -9.99990E+02 -9.99990E+02 -9.99990E+02 -9.99990E+02 -9.99990E+02 -9.99990E+02 -9.99990E+02  5.28374E+02  5.23566E+02  5.17674E+02  5.10942E+02  5.02943E+02  4.94062E+02  4.85656E+02  4.82562E+02  4.95589E+02  5.07942E+02  5.20070E+02  5.32282E+02  5.45134E+02  5.56855E+02  5.67482E+02  5.77401E+02  5.86357E+02  5.94155E+02  6.01034E+02  6.06999E+02  6.12219E+02  6.17007E+02  6.21002E+02  6.24231E+02  6.26583E+02  6.28207E+02  6.29284E+02  6.29471E+02  6.28967E+02  6.27988E+02  6.26857E+02  6.25352E+02  6.22879E+02  6.20293E+02  6.17748E+02  6.15192E+02  6.12471E+02  6.09822E+02  6.07403E+02  6.05377E+02  6.03736E+02  6.02555E+02  6.01755E+02  6.01656E+02  6.02106E+02  6.03085E+02  6.03981E+02  6.04561E+02  6.04980E+02  6.05582E+02  6.06396E+02  6.08278E+02  6.13758E+02 -9.99990E+02 -9.99990E+02 -9.99990E+02 -9.99990E+02 -9.99990E+02
 -9.99990E+02 -9.99990E+02 -9.99990E+02 -9.99990E+02 -9.99990E+02 -9.99990E+02 -9.99990E+02 -9.99990E+02 -9.99990E+02 -9.99990E+02 -9.99990E+02 -9.99990E+02 -9.99990E+02 -9.99990E+02 -9.99990E+02 -9.99990E+02  5.17942E+02  5.11938E+02  5.05299E+02  4.96527E+02  4.85182E+02  4.72072E+02  4.73107E+02  4.80910E+02  4.91304E+02  5.02397E+02  5.14396E+02  5.27481E+02  5.39991E+02  5.51461E+02  5.61643E+02  5.70869E+02  5.79146E+02  5.86469E+02  5.92828E+02  5.98361E+02  6.03452E+02  6.07755E+02  6.11194E+02  6.13623E+02  6.15283E+02  6.16253E+02  6.16493E+02  6.16114E+02  6.14944E+02  6.13256E+02  6.11549E+02  6.09369E+02  6.06564E+02  6.03817E+02  6.00978E+02  5.97879E+02  5.94933E+02  5.92120E+02  5.90071E+02  5.88616E+02  5.87915E+02  5.87900E+02  5.88519E+02  5.89754E+02  5.91273E+02  5.92706E+02  5.93521E+02  5.94038E+02  5.94721E+02  5.95121E+02  5.95535E+02 -9.99990E+02 -9.99990E+02 -9.99990E+02 -9.99990E+02 -9.99990E+02 -9.99990E+02
 -9.99990E+02 -9.99990E+02 -9.99990E+02 -9.99990E+02 -9.99990E+02 -9.99990E+02 -9.99990E+02 -9.99990E+02 -9.99990E+02 -9.99990E+02 -9.99990E+02 -9.99990E+02 -9.99990E+02 -9.99990E+02 -9.99990E+02 -9.99990E+02 -9.99990E+02  5.06655E+02  5.01407E+02  4.91872E+02  4.76789E+02  4.63539E+02  4.56718E+02  4.63265E+02  4.72998E+02  4.83467E+02  4.95163E+02  5.08498E+02  5.21678E+02  5.34079E+02  5.44970E+02  5.54629E+02  5.63295E+02  5.71005E+02  5.77874E+02  5.83821E+02  5.89113E+02  5.93896E+02  5.97667E+02  6.00208E+02  6.01898E+02  6.02697E+02  6.02870E+02  6.02512E+02  6.01530E+02  5.99589E+02  5.97188E+02  5.94714E+02  5.92121E+02  5.89176E+02  5.85797E+02  5.82214E+02  5.78697E+02  5.75458E+02  5.73184E+02  5.71942E+02  5.71819E+02  5.72922E+02  5.74642E+02  5.76779E+02  5.79004E+02  5.81136E+02  5.82642E+02  5.83453E+02  5.83982E+02  5.83916E+02  5.83133E+02  5.79914E+02 -9.99990E+02 -9.99990E+02 -9.99990E+02 -9.99990E+02 -9.99990E+02
 -9.99990E+02 -9.99990E+02 -9.99990E+02 -9.99990E+02 -9.99990E+02 -9.99990E+02 -9.99990E+02 -9.99990E+02 -9.99990E+02 -9.99990E+02 -9.99990E+02 -9.99990E+02 -9.99990E+02 -9.99990E+02 -9.99990E+02 -9.99990E+02 -9.99990E+02 -9.99990E+02 -9.99990E+02 -9.99990E+02  4.66039E+02  4.54888E+02  4.44960E+02  4.42453E+02  4.52189E+02  4.62052E+02  4.74339E+02  4.88594E+02  5.02911E+02  5.16038E+02  5.27742E+02  5.37992E+02  5.46962E+02  5.54979E+02  5.62171E+02  5.68444E+02  5.74082E+02  5.79245E+02  5.83278E+02  5.85913E+02  5.87644E+02  5.88404E+02  5.88580E+02  5.88179E+02  5.87271E+02  5.85447E+02  5.82777E+02  5.79565E+02  5.76494E+02  5.73126E+02  5.69006E+02  5.64514E+02  5.60281E+02  5.56652E+02  5.53878E+02  5.52936E+02  5.53964E+02  5.56752E+02  5.59937E+02  5.63313E+02  5.66341E+02  5.69111E+02  5.71227E+02  5.72461E+02  5.72843E+02  5.73005E+02  5.73587E+02  5.76732E+02 -9.99990E+02 -9.99990E+02 -9.99990E+02 -9.99990E+02 -9.99990E+02
 -9.99990E+02 -9.99990E+02 -9.99990E+02 -9.99990E+02 -9.99990E+02 -9.99990E+02 -9.99990E+02 -9.99990E+02 -9.99990E+02 -9.99990E+02 -9.99990E+02 -9.99990E+02 -9.99990E+02 -9.99990E+02 -9.99990E+02 -9.99990E+02 -9.99990E+02 -9.99990E+02 -9.99990E+02 -9.99990E+02 -9.99990E+02  4.44200E+02  4.33283E+02  4.28183E+02  4.31377E+02  4.37790E+02  4.51207E+02  4.68414E+02  4.84123E+02  4.97977E+02  5.10235E+02  5.20828E+02  5.29951E+02  5.38104E+02  5.45671E+02  5.52196E+02  5.58177E+02  5.63588E+02  5.67748E+02  5.70564E+02  5.72372E+02  5.73362E+02  5.73767E+02  5.73339E+02  5.72396E+02  5.70550E+02  5.67706E+02  5.63879E+02  5.60129E+02  5.55891E+02  5.50745E+02  5.45289E+02  5.39923E+02  5.35083E+02  5.31320E+02  5.30597E+02  5.33247E+02  5.39056E+02  5.44563E+02  5.49398E+02  5.53410E+02  5.56930E+02  5.59569E+02  5.61126E+02  5.61593E+02  5.61658E+02  5.61779E+02 -9.99990E+02 -9.99990E+02 -9.99990E+02 -9.99990E+02 -9.99990E+02 -9.99990E+02
 -9.99990E+02 -9.99990E+02 -9.99990E+02 -9.99990E+02 -9.99990E+02 -9.99990E+02 -9.99990E+02 -9.99990E+02 -9.99990E+02 -9.99990E+02 -9.99990E+02 -9.99990E+02 -9.99990E+02 -9.99990E+02 -9.99990E+02 -9.99990E+02 -9.99990E+02 -9.99990E+02 -9.99990E+02 -9.99990E+02 -9.99990E+02 -9.99990E+02  4.24882E+02  4.23352E+02  4.24009E+02  4.26643E+02  4.30129E+02  4.49231E+02  4.65602E+02  4.79841E+02  4.92278E+02  5.02698E+02  5.11773E+02  5.19954E+02  5.27568E+02  5.34667E+02  5.41247E+02  5.46916E+02  5.51068E+02  5.54103E+02  5.56024E+02  5.57239E+02  5.57854E+02  5.57587E+02  5.56470E+02  5.54296E+02  5.51554E+02  5.47298E+02  5.42819E+02  5.37517E+02  5.31479E+02  5.24622E+02  5.17809E+02  5.10690E+02  5.04065E+02  5.03806E+02  5.07934E+02  5.20643E+02  5.29296E+02  5.35674E+02  5.40778E+02  5.44831E+02  5.47824E+02  5.49476E+02  5.49908E+02  5.49766E+02  5.49742E+02 -9.99990E+02 -9.99990E+02 -9.99990E+02 -9.99990E+02 -9.99990E+02 -9.99990E+02
 -9.99990E+02 -9.99990E+02 -9.99990E+02 -9.99990E+02 -9.99990E+02 -9.99990E+02 -9.99990E+02 -9.99990E+02 -9.99990E+02 -9.99990E+02 -9.99990E+02 -9.99990E+02 -9.99990E+02 -9.99990E+02 -9.99990E+02 -9.99990E+02 -9.99990E+02 -9.99990E+02 -9.99990E+02 -9.99990E+02 -9.99990E+02 -9.99990E+02  4.17804E+02  4.15690E+02  4.14120E+02  4.14171E+02  4.14908E+02  4.32441E+02  4.48190E+02  4.61998E+02  4.73822E+02  4.83982E+02  4.92710E+02  5.00951E+02  5.08701E+02  5.16327E+02  5.23226E+02  5.28893E+02  5.33162E+02  5.36456E+02  5.38859E+02  5.40252E+02  5.41015E+02  5.40795E+02  5.39532E+02  5.37240E+02  5.34170E+02  5.29768E+02  5.24244E+02  5.17899E+02  5.10982E+02  5.02938E+02  4.94430E+02  4.84411E+02  4.69448E+02  4.74065E+02  4.91944E+02  5.05388E+02  5.15526E+02  5.22995E+02  5.28518E+02  5.33039E+02  5.36212E+02  5.37923E+02  5.38597E+02  5.38272E+02  5.37541E+02 -9.99990E+02 -9.99990E+02 -9.99990E+02 -9.99990E+02 -9.99990E+02 -9.99990E+02
 -9.99990E+02 -9.99990E+02 -9.99990E+02 -9.99990E+02 -9.99990E+02 -9.99990E+02 -9.99990E+02 -9.99990E+02 -9.99990E+02 -9.99990E+02 -9.99990E+02 -9.99990E+02 -9.99990E+02 -9.99990E+02 -9.99990E+02 -9.99990E+02 -9.99990E+02 -9.99990E+02 -9.99990E+02 -9.99990E+02 -9.99990E+02 -9.99990E+02  4.12484E+02  4.07023E+02  4.02336E+02  4.00587E+02  4.01714E+02  4.17242E+02  4.31590E+02  4.44240E+02  4.55200E+02  4.64448E+02  4.72643E+02  4.80722E+02  4.88945E+02  4.96845E+02  5.03601E+02  5.09543E+02  5.14126E+02  5.17903E+02  5.20822E+02  5.22564E+02  5.23329E+02  5.23024E+02  5.21583E+02  5.19201E+02  5.15804E+02  5.11164E+02  5.04865E+02  4.97409E+02  4.89005E+02  4.80382E+02  4.71027E+02  4.61797E+02  4.49948E+02  4.64264E+02  4.79311E+02  4.92327E+02  5.02858E+02  5.10712E+02  5.16645E+02  5.21367E+02  5.24646E+02  5.26598E+02  5.27607E+02  5.27242E+02  5.25961E+02 -9.99990E+02 -9.99990E+02 -9.99990E+02 -9.99990E+02 -9.99990E+02 -9.99990E+02
 -9.99990E+02 -9.99990E+02 -9.99990E+02 -9.99990E+02 -9.99990E+02 -9.99990E+02 -9.99990E+02 -9.99990E+02 -9.99990E+02 -9.99990E+02 -9.99990E+02 -9.99990E+02 -9.99990E+02 -9.99990E+02 -9.99990E+02 -9.99990E+02 -9.99990E+02 -9.99990E+02 -9.99990E+02 -9.99990E+02 -9.99990E+02 -9.99990E+02 -9.99990E+02  3.97210E+02  3.87229E+02  3.83985E+02  3.91176E+02  4.02896E+02  4.15024E+02  4.26539E+02  4.36085E+02  4.43712E+02  4.50324E+02  4.58616E+02  4.67618E+02  4.76029E+02  4.83104E+02  4.89163E+02  4.94488E+02  4.98822E+02  5.02223E+02  5.04408E+02  5.05272E+02  5.04927E+02  5.03124E+02  5.00197E+02  4.96414E+02  4.91392E+02  4.84643E+02  4.76319E+02  4.66718E+02  4.56353E+02  4.46999E+02  4.40672E+02  4.35209E+02  4.53121E+02  4.68126E+02  4.80785E+02  4.90913E+02  4.98749E+02  5.05059E+02  5.10071E+02  5.13725E+02  5.16173E+02  5.17163E+02  5.16056E+02  5.12457E+02  5.03816E+02  4.99965E+02 -9.99990E+02 -9.99990E+02 -9.99990E+02 -9.99990E+02
 -9.99990E+02 -9.99990E+02 -9.99990E+02 -9.99990E+02 -9.99990E+02 -9.99990E+02 -9.99990E+02 -9.99990E+02 -9.99990E+02 -9.99990E+02 -9.99990E+02 -9.99990E+02 -9.99990E+02 -9.99990E+02 -9.99990E+02 -9.99990E+02 -9.99990E+02 -9.99990E+02 -9.99990E+02 -9.99990E+02 -9.99990E+02 -9.99990E+02 -9.99990E+02 -9.99990E+02  3.74482E+02  3.71912E+02  3.76657E+02  3.87861E+02  3.98201E+02  4.08351E+02  4.16844E+02  4.22148E+02  4.23831E+02  4.34115E+02  4.44289E+02  4.53647E+02  4.61579E+02  4.68408E+02  4.74442E+02  4.79296E+02  4.83096E+02  4.85653E+02  4.86530E+02  4.85946E+02  4.84030E+02  4.81299E+02  4.77292E+02  4.71463E+02  4.64123E+02  4.55454E+02  4.44268E+02  4.31001E+02  4.18063E+02  4.17744E+02  4.28969E+02  4.44670E+02  4.58381E+02  4.70050E+02  4.79767E+02  4.87750E+02  4.94327E+02  4.99614E+02  5.03578E+02  5.05967E+02  5.07021E+02  5.06088E+02  5.03402E+02  4.99091E+02  4.96199E+02 -9.99990E+02 -9.99990E+02 -9.99990E+02 -9.99990E+02
 -9.99990E+02 -9.99990E+02 -9.99990E+02 -9.99990E+02 -9.99990E+02 -9.99990E+02 -9.99990E+02 -9.99990E+02 -9.99990E+02 -9.99990E+02 -9.99990E+02 -9.99990E+02 -9.99990E+02 -9.99990E+02 -9.99990E+02 -9.99990E+02 -9.99990E+02 -9.99990E+02 -9.99990E+02 -9.99990E+02 -9.99990E+02 -9.99990E+02 -9.99990E+02 -9.99990E+02  3.70765E+02  3.67057E+02  3.65398E+02  3.73528E+02  3.82030E+02  3.90768E+02  3.98518E+02  4.02588E+02  4.00711E+02  4.07690E+02  4.20297E+02  4.30886E+02  4.40005E+02  4.47841E+02  4.54042E+02  4.59294E+02  4.63668E+02  4.66663E+02  4.67524E+02  4.66697E+02  4.65066E+02  4.62221E+02  4.58123E+02  4.51951E+02  4.44173E+02  4.34958E+02  4.22560E+02  4.05399E+02  4.07096E+02  4.13855E+02  4.24599E+02  4.36678E+02  4.48635E+02  4.59474E+02  4.69087E+02  4.77262E+02  4.84133E+02  4.89792E+02  4.93833E+02  4.96388E+02  4.97540E+02  4.97187E+02  4.95513E+02  4.92645E+02  4.89554E+02  4.85299E+02 -9.99990E+02 -9.99990E+02 -9.99990E+02
 -9.99990E+02 -9.99990E+02 -9.99990E+02 -9.99990E+02 -9.99990E+02 -9.99990E+02 -9.99990E+02 -9.99990E+02 -9.99990E+02 -9.99990E+02 -9.99990E+02 -9.99990E+02 -9.99990E+02 -9.99990E+02 -9.99990E+02 -9.99990E+02 -9.99990E+02 -9.99990E+02 -9.99990E+02 -9.99990E+02 -9.99990E+02 -9.99990E+02 -9.99990E+02 -9.99990E+02 -9.99990E+02  3.59854E+02  3.58376E+02  3.58825E+02  3.66037E+02  3.73351E+02  3.80674E+02  3.85418E+02  3.86012E+02  3.85008E+02  3.97189E+02  4.09003E+02  4.19278E+02  4.27670E+02  4.33959E+02  4.39419E+02  4.43963E+02  4.47119E+02  4.48277E+02  4.47527E+02  4.45873E+02  4.42750E+02  4.38531E+02  4.32670E+02  4.25088E+02  4.15522E+02  4.03610E+02  3.88815E+02  3.94778E+02  4.04426E+02  4.15969E+02  4.27669E+02  4.39018E+02  4.49704E+02  4.59162E+02  4.67317E+02  4.74411E+02  4.80229E+02  4.84418E+02  4.87101E+02  4.88675E+02  4.89108E+02  4.88354E+02  4.86504E+02  4.84152E+02  4.81144E+02  4.77954E+02 -9.99990E+02 -9.99990E+02
 -9.99990E+02 -9.99990E+02 -9.99990E+02 -9.99990E+02 -9.99990E+02 -9.99990E+02 -9.99990E+02 -9.99990E+02 -9.99990E+02 -9.99990E+02 -9.99990E+02 -9.99990E+02 -9.99990E+02 -9.99990E+02 -9.99990E+02 -9.99990E+02 -9.99990E+02 -9.99990E+02 -9.99990E+02 -9.99990E+02 -9.99990E+02 -9.99990E+02 -9.99990E+02 -9.99990E+02 -9.99990E+02  3.54073E+02  3.52697E+02  3.50246E+02  3.49919E+02  3.54769E+02  3.63641E+02  3.69397E+02  3.71704E+02  3.70876E+02  3.74329E+02  3.88400E+02  3.99557E+02  4.08214E+02  4.14741E+02  4.20105E+02  4.24558E+02  4.27666E+02  4.28785E+02  4.28386E+02  4.26601E+02  4.23458E+02  4.18806E+02  4.13286E+02  4.06134E+02  3.97307E+02  3.87157E+02  3.76658E+02  3.78737E+02  3.92888E+02  4.06003E+02  4.18441E+02  4.30016E+02  4.40536E+02  4.49870E+02  4.58060E+02  4.65145E+02  4.71047E+02  4.75623E+02  4.78619E+02  4.80618E+02  4.81668E+02  4.81704E+02  4.80726E+02  4.79102E+02  4.77096E+02  4.74910E+02  4.72752E+02 -9.99990E+02
 -9.99990E+02 -9.99990E+02 -9.99990E+02 -9.99990E+02 -9.99990E+02 -9.99990E+02 -9.99990E+02 -9.99990E+02 -9.99990E+02 -9.99990E+02 -9.99990E+02 -9.99990E+02 -9.99990E+02 -9.99990E+02 -9.99990E+02 -9.99990E+02 -9.99990E+02 -9.99990E+02 -9.99990E+02 -9.99990E+02 -9.99990E+02 -9.99990E+02 -9.99990E+02 -9.99990E+02 -9.99990E+02  3.49483E+02  3.47816E+02  3.45375E+02  3.43158E+02  3.40613E+02  3.49026E+02  3.54343E+02  3.57682E+02  3.58181E+02  3.57167E+02  3.70080E+02  3.81189E+02  3.89573E+02  3.95805E+02  4.00746E+02  4.04981E+02  4.07525E+02  4.08733E+02  4.08522E+02  4.07212E+02  4.04678E+02  3.99797E+02  3.93646E+02  3.86786E+02  3.78463E+02  3.70288E+02  3.65286E+02  3.65388E+02  3.82349E+02  3.96735E+02  4.09288E+02  4.20685E+02  4.31360E+02  4.41007E+02  4.49322E+02  4.56570E+02  4.62556E+02  4.67334E+02  4.70793E+02  4.73296E+02  4.74779E+02  4.75436E+02  4.75217E+02  4.74243E+02  4.72938E+02  4.71629E+02  4.70540E+02 -9.99990E+02
 -9.99990E+02 -9.99990E+02 -9.99990E+02 -9.99990E+02 -9.99990E+02 -9.99990E+02 -9.99990E+02 -9.99990E+02 -9.99990E+02 -9.99990E+02 -9.99990E+02 -9.99990E+02 -9.99990E+02 -9.99990E+02 -9.99990E+02 -9.99990E+02 -9.99990E+02 -9.99990E+02 -9.99990E+02 -9.99990E+02 -9.99990E+02 -9.99990E+02 -9.99990E+02 -9.99990E+02 -9.99990E+02  3.46472E+02  3.43460E+02  3.40089E+02  3.36438E+02  3.31522E+02  3.36216E+02  3.40028E+02  3.43342E+02  3.43962E+02  3.41577E+02  3.52882E+02  3.62851E+02  3.70528E+02  3.76516E+02  3.81028E+02  3.84880E+02  3.87502E+02  3.89049E+02  3.89378E+02  3.88300E+02  3.85565E+02  3.80607E+02  3.73953E+02  3.66929E+02  3.58511E+02  3.50278E+02  3.48875E+02  3.59808E+02  3.74328E+02  3.87873E+02  4.00219E+02  4.11483E+02  4.22189E+02  4.32047E+02  4.40689E+02  4.48247E+02  4.54461E+02  4.59442E+02  4.62928E+02  4.65559E+02  4.67504E+02  4.68717E+02  4.69145E+02  4.69060E+02  4.68521E+02  4.67839E+02  4.67178E+02  4.65911E+02
 -9.99990E+02 -9.99990E+02 -9.99990E+02 -9.99990E+02 -9.99990E+02 -9.99990E+02 -9.99990E+02 -9.99990E+02 -9.99990E+02 -9.99990E+02 -9.99990E+02 -9.99990E+02 -9.99990E+02 -9.99990E+02 -9.99990E+02 -9.99990E+02 -9.99990E+02 -9.99990E+02 -9.99990E+02 -9.99990E+02 -9.99990E+02 -9.99990E+02 -9.99990E+02 -9.99990E+02 -9.99990E+02 -9.99990E+02  3.39207E+02  3.34817E+02  3.30629E+02  3.24575E+02  3.23586E+02  3.24517E+02  3.29409E+02  3.30329E+02  3.27933E+02  3.35843E+02  3.44219E+02  3.50878E+02  3.56429E+02  3.61004E+02  3.64722E+02  3.67495E+02  3.69676E+02  3.70481E+02  3.69363E+02  3.66403E+02  3.61200E+02  3.54425E+02  3.46871E+02  3.37930E+02  3.39388E+02  3.45481E+02  3.55208E+02  3.67286E+02  3.79707E+02  3.91504E+02  4.02576E+02  4.13113E+02  4.22871E+02  4.31722E+02  4.39540E+02  4.46135E+02  4.51379E+02  4.55251E+02  4.58085E+02  4.60281E+02  4.61933E+02  4.62870E+02  4.63352E+02  4.63478E+02  4.63477E+02  4.63672E+02  4.64758E+02
 -9.99990E+02 -9.99990E+02 -9.99990E+02 -9.99990E+02 -9.99990E+02 -9.99990E+02 -9.99990E+02 -9.99990E+02 -9.99990E+02 -9.99990E+02 -9.99990E+02 -9.99990E+02 -9.99990E+02 -9.99990E+02 -9.99990E+02 -9.99990E+02 -9.99990E+02 -9.99990E+02 -9.99990E+02 -9.99990E+02 -9.99990E+02 -9.99990E+02 -9.99990E+02 -9.99990E+02 -9.99990E+02 -9.99990E+02 -9.99990E+02  3.28595E+02  3.26338E+02  3.22832E+02  3.20268E+02  3.17702E+02  3.16180E+02  3.17308E+02  3.14970E+02  3.17074E+02  3.24151E+02  3.30418E+02  3.35934E+02  3.40778E+02  3.44236E+02  3.47159E+02  3.49822E+02  3.51311E+02  3.50513E+02  3.47174E+02  3.41934E+02  3.35318E+02  3.27226E+02  3.23366E+02  3.30674E+02  3.38625E+02  3.48542E+02  3.59812E+02  3.71372E+02  3.82746E+02  3.93880E+02  4.04154E+02  4.13712E+02  4.22628E+02  4.30688E+02  4.37548E+02  4.43078E+02  4.47498E+02  4.50690E+02  4.53230E+02  4.55316E+02  4.56781E+02  4.57774E+02  4.58300E+02  4.58713E+02  4.59086E+02 -9.99990E+02
 -9.99990E+02 -9.99990E+02 -9.99990E+02 -9.99990E+02 -9.99990E+02 -9.99990E+02 -9.99990E+02 -9.99990E+02 -9.99990E+02 -9.99990E+02 -9.99990E+02 -9.99990E+02 -9.99990E+02 -9.99990E+02 -9.99990E+02 -9.99990E+02 -9.99990E+02 -9.99990E+02 -9.99990E+02 -9.99990E+02 -9.99990E+02 -9.99990E+02 -9.99990E+02 -9.99990E+02 -9.99990E+02 -9.99990E+02 -9.99990E+02  3.24435E+02  3.22689E+02  3.20018E+02  3.16892E+02  3.13071E+02  3.07182E+02  3.06491E+02  3.02931E+02  2.97970E+02  3.04237E+02  3.09530E+02  3.15605E+02  3.20116E+02  3.22312E+02  3.24912E+02  3.29602E+02  3.31917E+02  3.31560E+02  3.28585E+02  3.23648E+02  3.16949E+02  3.08028E+02  3.13068E+02  3.20630E+02  3.29733E+02  3.40105E+02  3.51121E+02  3.62299E+02  3.73641E+02  3.84964E+02  3.95447E+02  4.05119E+02  4.14075E+02  4.22158E+02  4.29068E+02  4.34803E+02  4.39586E+02  4.43485E+02  4.46359E+02  4.48783E+02  4.50820E+02  4.52314E+02  4.53159E+02  4.53929E+02  4.54993E+02 -9.99990E+02
 -9.99990E+02 -9.99990E+02 -9.99990E+02 -9.99990E+02 -9.99990E+02 -9.99990E+02 -9.99990E+02 -9.99990E+02 -9.99990E+02 -9.99990E+02 -9.99990E+02 -9.99990E+02 -9.99990E+02 -9.99990E+02 -9.99990E+02 -9.99990E+02 -9.99990E+02 -9.99990E+02 -9.99990E+02 -9.99990E+02 -9.99990E+02 -9.99990E+02 -9.99990E+02 -9.99990E+02 -9.99990E+02 -9.99990E+02 -9.99990E+02  3.21928E+02  3.19477E+02  3.17168E+02  3.14359E+02  3.10722E+02  3.06151E+02  3.00823E+02  2.99138E+02  2.96360E+02  2.93903E+02  2.88283E+02  2.96244E+02  2.99929E+02  3.02607E+02  3.03743E+02  3.09729E+02  3.13732E+02  3.14279E+02  3.11781E+02  3.06954E+02  3.00212E+02  2.92797E+02  3.00017E+02  3.08816E+02  3.18954E+02  3.30145E+02  3.41515E+02  3.52758E+02  3.64476E+02  3.76076E+02  3.86873E+02  3.96771E+02  4.05844E+02  4.14110E+02  4.21075E+02  4.27017E+02  4.31990E+02  4.36269E+02  4.39673E+02  4.42567E+02  4.44888E+02  4.46587E+02  4.47790E+02  4.49004E+02  4.51924E+02 -9.99990E+02
 -9.99990E+02 -9.99990E+02 -9.99990E+02 -9.99990E+02 -9.99990E+02 -9.99990E+02 -9.99990E+02 -9.99990E+02 -9.99990E+02 -9.99990E+02 -9.99990E+02 -9.99990E+02 -9.99990E+02 -9.99990E+02 -9.99990E+02 -9.99990E+02 -9.99990E+02 -9.99990E+02 -9.99990E+02 -9.99990E+02 -9.99990E+02 -9.99990E+02 -9.99990E+02 -9.99990E+02 -9.99990E+02 -9.99990E+02 -9.99990E+02 -9.99990E+02  3.16051E+02  3.14502E+02  3.12155E+02  3.09205E+02  3.05835E+02  3.02373E+02  2.99938E+02  2.97634E+02  2.95726E+02  2.94227E+02  2.96000E+02  2.97370E+02  2.97706E+02  2.96283E+02  2.92891E+02  2.98375E+02  2.99355E+02  2.96976E+02  2.91704E+02  2.83648E+02  2.76838E+02  2.84914E+02  2.95292E+02  3.06783E+02  3.18938E+02  3.30944E+02  3.43191E+02  3.55773E+02  3.67708E+02  3.78797E+02  3.88661E+02  3.97731E+02  4.06047E+02  4.13251E+02  4.19473E+02  4.24809E+02  4.29462E+02  4.33167E+02  4.36221E+02  4.38694E+02  4.40362E+02  4.41532E+02  4.42195E+02 -9.99990E+02 -9.99990E+02
 -9.99990E+02 -9.99990E+02 -9.99990E+02 -9.99990E+02 -9.99990E+02 -9.99990E+02 -9.99990E+02 -9.99990E+02 -9.99990E+02 -9.99990E+02 -9.99990E+02 -9.99990E+02 -9.99990E+02 -9.99990E+02 -9.99990E+02 -9.99990E+02 -9.99990E+02 -9.99990E+02 -9.99990E+02 -9.99990E+02 -9.99990E+02 -9.99990E+02 -9.99990E+02 -9.99990E+02 -9.99990E+02 -9.99990E+02 -9.99990E+02 -9.99990E+02  3.14249E+02  3.12513E+02  3.10505E+02  3.08243E+02  3.05630E+02  3.02971E+02  3.00682E+02  2.98650E+02  2.97255E+02  2.95847E+02  2.95604E+02  2.95065E+02  2.93640E+02  2.89896E+02  2.82547E+02  2.86861E+02  2.87442E+02  2.84461E+02  2.78603E+02  2.69171E+02  2.53714E+02  2.67147E+02  2.80925E+02  2.93864E+02  3.06940E+02  3.20167E+02  3.33334E+02  3.46487E+02  3.58805E+02  3.70317E+02  3.80664E+02  3.89674E+02  3.97916E+02  4.05380E+02  4.12099E+02  4.17932E+02  4.22970E+02  4.26978E+02  4.30229E+02  4.32721E+02  4.34334E+02  4.35411E+02  4.35887E+02 -9.99990E+02 -9.99990E+02
 -9.99990E+02 -9.99990E+02 -9.99990E+02 -9.99990E+02 -9.99990E+02 -9.99990E+02 -9.99990E+02 -9.99990E+02 -9.99990E+02 -9.99990E+02 -9.99990E+02 -9.99990E+02 -9.99990E+02 -9.99990E+02 -9.99990E+02 -9.99990E+02 -9.99990E+02 -9.99990E+02 -9.99990E+02 -9.99990E+02 -9.99990E+02 -9.99990E+02 -9.99990E+02 -9.99990E+02 -9.99990E+02 -9.99990E+02 -9.99990E+02 -9.99990E+02 -9.99990E+02  3.10820E+02  3.09220E+02  3.07544E+02  3.05459E+02  3.03258E+02  3.01140E+02  2.99042E+02  2.97247E+02  2.95678E+02  2.94515E+02  2.92893E+02  2.90429E+02  2.85712E+02  2.77393E+02  2.78140E+02  2.77503E+02  2.74240E+02  2.68541E+02  2.61799E+02  2.59242E+02  2.59646E+02  2.66553E+02  2.80156E+02  2.94432E+02  3.08667E+02  3.22477E+02  3.36300E+02  3.49406E+02  3.61457E+02  3.72397E+02  3.81511E+02  3.89780E+02  3.97523E+02  4.04669E+02  4.11152E+02  4.16437E+02  4.20878E+02  4.24405E+02  4.26934E+02  4.28505E+02  4.29570E+02  4.30061E+02 -9.99990E+02 -9.99990E+02
 -9.99990E+02 -9.99990E+02 -9.99990E+02 -9.99990E+02 -9.99990E+02 -9.99990E+02 -9.99990E+02 -9.99990E+02 -9.99990E+02 -9.99990E+02 -9.99990E+02 -9.99990E+02 -9.99990E+02 -9.99990E+02 -9.99990E+02 -9.99990E+02 -9.99990E+02 -9.99990E+02 -9.99990E+02 -9.99990E+02 -9.99990E+02 -9.99990E+02 -9.99990E+02 -9.99990E+02 -9.99990E+02 -9.99990E+02 -9.99990E+02 -9.99990E+02 -9.99990E+02 -9.99990E+02  3.08048E+02  3.06949E+02  3.05237E+02  3.03293E+02  3.01275E+02  2.99162E+02  2.96987E+02  2.94636E+02  2.92838E+02  2.90707E+02  2.88140E+02  2.83999E+02  2.78139E+02  2.72063E+02  2.68799E+02  2.65660E+02  2.63703E+02  2.63152E+02  2.61969E+02  2.61276E+02  2.60898E+02  2.65511E+02  2.81806E+02  2.96425E+02  3.11314E+02  3.26194E+02  3.39877E+02  3.52324E+02  3.63697E+02  3.73102E+02  3.81889E+02  3.90101E+02  3.97722E+02  4.04629E+02  4.10156E+02  4.14905E+02  4.18811E+02  4.21583E+02  4.23112E+02  4.24322E+02  4.24938E+02 -9.99990E+02 -9.99990E+02
 -9.99990E+02 -9.99990E+02 -9.99990E+02 -9.99990E+02 -9.99990E+02 -9.99990E+02 -9.99990E+02 -9.99990E+02 -9.99990E+02 -9.99990E+02 -9.99990E+02 -9.99990E+02 -9.99990E+02 -9.99990E+02 -9.99990E+02 -9.99990E+02 -9.99990E+02 -9.99990E+02 -9.99990E+02 -9.99990E+02 -9.99990E+02 -9.99990E+02 -9.99990E+02 -9.99990E+02 -9.99990E+02 -9.99990E+02 -9.99990E+02 -9.99990E+02 -9.99990E+02 -9.99990E+02 -9.99990E+02 -9.99990E+02 -9.99990E+02 -9.99990E+02 -9.99990E+02 -9.99990E+02 -9.99990E+02  2.92998E+02  2.91424E+02  2.88492E+02  2.85792E+02  2.82476E+02  2.78102E+02  2.73776E+02  2.70314E+02  2.67601E+02  2.65829E+02  2.64430E+02  2.63180E+02  2.62063E+02  2.60479E+02  2.57772E+02  2.70147E+02  2.83137E+02  3.00129E+02  3.16218E+02  3.30666E+02  3.43462E+02  3.55053E+02  3.65364E+02  3.74623E+02  3.83209E+02  3.91159E+02  3.98156E+02  4.03882E+02  4.08646E+02  4.12542E+02  4.15641E+02  4.17641E+02  4.19422E+02  4.20712E+02 -9.99990E+02 -9.99990E+02
 -9.99990E+02 -9.99990E+02 -9.99990E+02 -9.99990E+02 -9.99990E+02 -9.99990E+02 -9.99990E+02 -9.99990E+02 -9.99990E+02 -9.99990E+02 -9.99990E+02 -9.99990E+02 -9.99990E+02 -9.99990E+02 -9.99990E+02 -9.99990E+02 -9.99990E+02 -9.99990E+02 -9.99990E+02 -9.99990E+02 -9.99990E+02 -9.99990E+02 -9.99990E+02 -9.99990E+02 -9.99990E+02 -9.99990E+02 -9.99990E+02 -9.99990E+02 -9.99990E+02 -9.99990E+02 -9.99990E+02 -9.99990E+02 -9.99990E+02 -9.99990E+02 -9.99990E+02 -9.99990E+02 -9.99990E+02 -9.99990E+02 -9.99990E+02  2.85938E+02  2.83437E+02  2.80711E+02  2.77601E+02  2.74346E+02  2.71263E+02  2.68829E+02  2.66980E+02  2.65410E+02  2.63940E+02  2.62389E+02  2.60419E+02  2.57560E+02  2.57242E+02  2.65406E+02  2.88977E+02  3.06715E+02  3.21864E+02  3.35248E+02  3.47328E+02  3.57914E+02  3.67463E+02  3.76492E+02  3.84826E+02  3.91814E+02  3.97382E+02  4.02249E+02  4.06477E+02  4.09783E+02  4.12292E+02  4.14608E+02  4.17588E+02 -9.99990E+02 -9.99990E+02
 -9.99990E+02 -9.99990E+02 -9.99990E+02 -9.99990E+02 -9.99990E+02 -9.99990E+02 -9.99990E+02 -9.99990E+02 -9.99990E+02 -9.99990E+02 -9.99990E+02 -9.99990E+02 -9.99990E+02 -9.99990E+02 -9.99990E+02 -9.99990E+02 -9.99990E+02 -9.99990E+02 -9.99990E+02 -9.99990E+02 -9.99990E+02 -9.99990E+02 -9.99990E+02 -9.99990E+02 -9.99990E+02 -9.99990E+02 -9.99990E+02 -9.99990E+02 -9.99990E+02 -9.99990E+02 -9.99990E+02 -9.99990E+02 -9.99990E+02 -9.99990E+02 -9.99990E+02 -9.99990E+02 -9.99990E+02 -9.99990E+02 -9.99990E+02 -9.99990E+02  2.81114E+02  2.78874E+02  2.76362E+02  2.74028E+02  2.71536E+02  2.69321E+02  2.67568E+02  2.66062E+02  2.64308E+02  2.62360E+02  2.60019E+02  2.57544E+02  2.56532E+02  2.61404E+02  2.81652E+02  2.98396E+02  3.13343E+02  3.27027E+02  3.39460E+02  3.50426E+02  3.60391E+02  3.69837E+02  3.78519E+02  3.85430E+02  3.91222E+02  3.96362E+02  4.00818E+02  4.04351E+02  4.07170E+02  4.09204E+02 -9.99990E+02 -9.99990E+02 -9.99990E+02
 -9.99990E+02 -9.99990E+02 -9.99990E+02 -9.99990E+02 -9.99990E+02 -9.99990E+02 -9.99990E+02 -9.99990E+02 -9.99990E+02 -9.99990E+02 -9.99990E+02 -9.99990E+02 -9.99990E+02 -9.99990E+02 -9.99990E+02 -9.99990E+02 -9.99990E+02 -9.99990E+02 -9.99990E+02 -9.99990E+02 -9.99990E+02 -9.99990E+02 -9.99990E+02 -9.99990E+02 -9.99990E+02 -9.99990E+02 -9.99990E+02 -9.99990E+02 -9.99990E+02 -9.99990E+02 -9.99990E+02 -9.99990E+02 -9.99990E+02 -9.99990E+02 -9.99990E+02 -9.99990E+02 -9.99990E+02 -9.99990E+02 -9.99990E+02 -9.99990E+02 -9.99990E+02  2.77115E+02  2.74976E+02  2.73058E+02  2.71152E+02  2.69351E+02  2.67808E+02  2.66320E+02  2.64469E+02  2.62287E+02  2.59323E+02  2.55755E+02  2.50954E+02  2.62238E+02  2.76673E+02  2.90932E+02  3.05070E+02  3.18177E+02  3.30905E+02  3.42410E+02  3.52892E+02  3.62947E+02  3.71852E+02  3.79203E+02  3.85458E+02  3.90982E+02  3.95624E+02  3.99534E+02  4.02866E+02  4.05937E+02 -9.99990E+02 -9.99990E+02 -9.99990E+02
 -9.99990E+02 -9.99990E+02 -9.99990E+02 -9.99990E+02 -9.99990E+02 -9.99990E+02 -9.99990E+02 -9.99990E+02 -9.99990E+02 -9.99990E+02 -9.99990E+02 -9.99990E+02 -9.99990E+02 -9.99990E+02 -9.99990E+02 -9.99990E+02 -9.99990E+02 -9.99990E+02 -9.99990E+02 -9.99990E+02 -9.99990E+02 -9.99990E+02 -9.99990E+02 -9.99990E+02 -9.99990E+02 -9.99990E+02 -9.99990E+02 -9.99990E+02 -9.99990E+02 -9.99990E+02 -9.99990E+02 -9.99990E+02 -9.99990E+02 -9.99990E+02 -9.99990E+02 -9.99990E+02 -9.99990E+02 -9.99990E+02 -9.99990E+02 -9.99990E+02 -9.99990E+02 -9.99990E+02  2.73320E+02  2.71767E+02  2.70412E+02  2.69054E+02  2.67800E+02  2.66357E+02  2.64512E+02  2.62225E+02  2.58760E+02  2.54449E+02  2.48904E+02  2.58771E+02  2.70378E+02  2.82891E+02  2.96044E+02  3.09040E+02  3.21861E+02  3.33740E+02  3.44986E+02  3.55357E+02  3.64639E+02  3.72745E+02  3.79893E+02  3.85602E+02  3.90344E+02  3.94642E+02  3.98691E+02 -9.99990E+02 -9.99990E+02 -9.99990E+02 -9.99990E+02
 -9.99990E+02 -9.99990E+02 -9.99990E+02 -9.99990E+02 -9.99990E+02 -9.99990E+02 -9.99990E+02 -9.99990E+02 -9.99990E+02 -9.99990E+02 -9.99990E+02 -9.99990E+02 -9.99990E+02 -9.99990E+02 -9.99990E+02 -9.99990E+02 -9.99990E+02 -9.99990E+02 -9.99990E+02 -9.99990E+02 -9.99990E+02 -9.99990E+02 -9.99990E+02 -9.99990E+02 -9.99990E+02 -9.99990E+02 -9.99990E+02 -9.99990E+02 -9.99990E+02 -9.99990E+02 -9.99990E+02 -9.99990E+02 -9.99990E+02 -9.99990E+02 -9.99990E+02 -9.99990E+02 -9.99990E+02 -9.99990E+02 -9.99990E+02 -9.99990E+02 -9.99990E+02 -9.99990E+02 -9.99990E+02  2.70212E+02  2.69502E+02  2.68610E+02  2.67582E+02  2.66124E+02  2.64229E+02  2.61899E+02  2.58295E+02  2.53626E+02  2.47117E+02  2.52857E+02  2.61356E+02  2.72858E+02  2.86130E+02  2.99568E+02  3.12661E+02  3.24988E+02  3.36399E+02  3.46816E+02  3.56501E+02  3.65635E+02  3.73741E+02  3.79644E+02  3.84791E+02  3.89664E+02 -9.99990E+02 -9.99990E+02 -9.99990E+02 -9.99990E+02 -9.99990E+02
 -9.99990E+02 -9.99990E+02 -9.99990E+02 -9.99990E+02 -9.99990E+02 -9.99990E+02 -9.99990E+02 -9.99990E+02 -9.99990E+02 -9.99990E+02 -9.99990E+02 -9.99990E+02 -9.99990E+02 -9.99990E+02 -9.99990E+02 -9.99990E+02 -9.99990E+02 -9.99990E+02 -9.99990E+02 -9.99990E+02 -9.99990E+02 -9.99990E+02 -9.99990E+02 -9.99990E+02 -9.99990E+02 -9.99990E+02 -9.99990E+02 -9.99990E+02 -9.99990E+02 -9.99990E+02 -9.99990E+02 -9.99990E+02 -9.99990E+02 -9.99990E+02 -9.99990E+02 -9.99990E+02 -9.99990E+02 -9.99990E+02 -9.99990E+02 -9.99990E+02 -9.99990E+02 -9.99990E+02 -9.99990E+02  2.69447E+02  2.68742E+02  2.68213E+02  2.67498E+02  2.65786E+02  2.63745E+02  2.61181E+02  2.57778E+02  2.53529E+02  2.48447E+02  2.44121E+02  2.48261E+02  2.59776E+02  2.75359E+02  2.89835E+02  3.03319E+02  3.15813E+02  3.26980E+02  3.37636E+02  3.48327E+02  3.58995E+02  3.67654E+02  3.74079E+02  3.79369E+02 -9.99990E+02 -9.99990E+02 -9.99990E+02 -9.99990E+02 -9.99990E+02 -9.99990E+02
 -9.99990E+02 -9.99990E+02 -9.99990E+02 -9.99990E+02 -9.99990E+02 -9.99990E+02 -9.99990E+02 -9.99990E+02 -9.99990E+02 -9.99990E+02 -9.99990E+02 -9.99990E+02 -9.99990E+02 -9.99990E+02 -9.99990E+02 -9.99990E+02 -9.99990E+02 -9.99990E+02 -9.99990E+02 -9.99990E+02 -9.99990E+02 -9.99990E+02 -9.99990E+02 -9.99990E+02 -9.99990E+02 -9.99990E+02 -9.99990E+02 -9.99990E+02 -9.99990E+02 -9.99990E+02 -9.99990E+02 -9.99990E+02 -9.99990E+02 -9.99990E+02 -9.99990E+02 -9.99990E+02 -9.99990E+02 -9.99990E+02 -9.99990E+02 -9.99990E+02 -9.99990E+02 -9.99990E+02 -9.99990E+02 -9.99990E+02  2.67712E+02  2.67476E+02  2.66335E+02  2.64559E+02  2.62696E+02  2.60580E+02  2.57559E+02  2.53737E+02  2.50073E+02  2.47314E+02  2.46767E+02  2.46544E+02  2.64291E+02  2.79965E+02  2.93922E+02  3.06046E+02  3.16963E+02  3.27939E+02  3.39859E+02  3.54221E+02  3.63641E+02  3.68929E+02 -9.99990E+02 -9.99990E+02 -9.99990E+02 -9.99990E+02 -9.99990E+02 -9.99990E+02 -9.99990E+02
 -9.99990E+02 -9.99990E+02 -9.99990E+02 -9.99990E+02 -9.99990E+02 -9.99990E+02 -9.99990E+02 -9.99990E+02 -9.99990E+02 -9.99990E+02 -9.99990E+02 -9.99990E+02 -9.99990E+02 -9.99990E+02 -9.99990E+02 -9.99990E+02 -9.99990E+02 -9.99990E+02 -9.99990E+02 -9.99990E+02 -9.99990E+02 -9.99990E+02 -9.99990E+02 -9.99990E+02 -9.99990E+02 -9.99990E+02 -9.99990E+02 -9.99990E+02 -9.99990E+02 -9.99990E+02 -9.99990E+02 -9.99990E+02 -9.99990E+02 -9.99990E+02 -9.99990E+02 -9.99990E+02 -9.99990E+02 -9.99990E+02 -9.99990E+02 -9.99990E+02 -9.99990E+02 -9.99990E+02 -9.99990E+02 -9.99990E+02  2.66674E+02  2.66202E+02  2.64799E+02  2.62672E+02  2.60797E+02  2.59148E+02  2.56480E+02  2.52998E+02  2.49761E+02  2.47008E+02  2.44441E+02  2.41432E+02  2.54019E+02  2.70656E+02  2.83954E+02  2.95390E+02  3.05978E+02  3.17100E+02  3.28481E+02 -9.99990E+02 -9.99990E+02 -9.99990E+02 -9.99990E+02 -9.99990E+02 -9.99990E+02 -9.99990E+02 -9.99990E+02 -9.99990E+02 -9.99990E+02
 -9.99990E+02 -9.99990E+02 -9.99990E+02 -9.99990E+02 -9.99990E+02 -9.99990E+02 -9.99990E+02 -9.99990E+02 -9.99990E+02 -9.99990E+02 -9.99990E+02 -9.99990E+02 -9.99990E+02 -9.99990E+02 -9.99990E+02 -9.99990E+02 -9.99990E+02 -9.99990E+02 -9.99990E+02 -9.99990E+02 -9.99990E+02 -9.99990E+02 -9.99990E+02 -9.99990E+02 -9.99990E+02 -9.99990E+02 -9.99990E+02 -9.99990E+02 -9.99990E+02 -9.99990E+02 -9.99990E+02 -9.99990E+02 -9.99990E+02 -9.99990E+02 -9.99990E+02 -9.99990E+02 -9.99990E+02 -9.99990E+02 -9.99990E+02 -9.99990E+02 -9.99990E+02 -9.99990E+02 -9.99990E+02 -9.99990E+02  2.66018E+02  2.65419E+02  2.63954E+02  2.60667E+02  2.58652E+02  2.56776E+02  2.54315E+02  2.51442E+02  2.48522E+02  2.45396E+02  2.41414E+02  2.36107E+02  2.48673E+02  2.62327E+02  2.73887E+02  2.84102E+02  2.93718E+02  3.05445E+02 -9.99990E+02 -9.99990E+02 -9.99990E+02 -9.99990E+02 -9.99990E+02 -9.99990E+02 -9.99990E+02 -9.99990E+02 -9.99990E+02 -9.99990E+02 -9.99990E+02
 -9.99990E+02 -9.99990E+02 -9.99990E+02 -9.99990E+02 -9.99990E+02 -9.99990E+02 -9.99990E+02 -9.99990E+02 -9.99990E+02 -9.99990E+02 -9.99990E+02 -9.99990E+02 -9.99990E+02 -9.99990E+02 -9.99990E+02 -9.99990E+02 -9.99990E+02 -9.99990E+02 -9.99990E+02 -9.99990E+02 -9.99990E+02 -9.99990E+02 -9.99990E+02 -9.99990E+02 -9.99990E+02 -9.99990E+02 -9.99990E+02 -9.99990E+02 -9.99990E+02 -9.99990E+02 -9.99990E+02 -9.99990E+02 -9.99990E+02 -9.99990E+02 -9.99990E+02 -9.99990E+02 -9.99990E+02 -9.99990E+02 -9.99990E+02 -9.99990E+02 -9.99990E+02 -9.99990E+02 -9.99990E+02 -9.99990E+02 -9.99990E+02 -9.99990E+02 -9.99990E+02  2.57024E+02  2.56043E+02  2.54439E+02  2.52240E+02  2.49882E+02  2.47028E+02  2.43416E+02  2.38870E+02  2.33325E+02  2.44165E+02  2.54812E+02  2.64013E+02  2.72184E+02  2.78725E+02 -9.99990E+02 -9.99990E+02 -9.99990E+02 -9.99990E+02 -9.99990E+02 -9.99990E+02 -9.99990E+02 -9.99990E+02 -9.99990E+02 -9.99990E+02 -9.99990E+02 -9.99990E+02
 -9.99990E+02 -9.99990E+02 -9.99990E+02 -9.99990E+02 -9.99990E+02 -9.99990E+02 -9.99990E+02 -9.99990E+02 -9.99990E+02 -9.99990E+02 -9.99990E+02 -9.99990E+02 -9.99990E+02 -9.99990E+02 -9.99990E+02 -9.99990E+02 -9.99990E+02 -9.99990E+02 -9.99990E+02 -9.99990E+02 -9.99990E+02 -9.99990E+02 -9.99990E+02 -9.99990E+02 -9.99990E+02 -9.99990E+02 -9.99990E+02 -9.99990E+02 -9.99990E+02 -9.99990E+02 -9.99990E+02 -9.99990E+02 -9.99990E+02 -9.99990E+02 -9.99990E+02 -9.99990E+02 -9.99990E+02 -9.99990E+02 -9.99990E+02 -9.99990E+02 -9.99990E+02 -9.99990E+02 -9.99990E+02 -9.99990E+02 -9.99990E+02 -9.99990E+02 -9.99990E+02  2.54268E+02  2.53737E+02  2.52347E+02  2.50464E+02  2.48607E+02  2.45504E+02  2.41478E+02  2.36394E+02  2.30247E+02  2.39112E+02  2.47448E+02  2.54615E+02  2.61354E+02  2.70051E+02 -9.99990E+02 -9.99990E+02 -9.99990E+02 -9.99990E+02 -9.99990E+02 -9.99990E+02 -9.99990E+02 -9.99990E+02 -9.99990E+02 -9.99990E+02 -9.99990E+02 -9.99990E+02
 -9.99990E+02 -9.99990E+02 -9.99990E+02 -9.99990E+02 -9.99990E+02 -9.99990E+02 -9.99990E+02 -9.99990E+02 -9.99990E+02 -9.99990E+02 -9.99990E+02 -9.99990E+02 -9.99990E+02 -9.99990E+02 -9.99990E+02 -9.99990E+02 -9.99990E+02 -9.99990E+02 -9.99990E+02 -9.99990E+02 -9.99990E+02 -9.99990E+02 -9.99990E+02 -9.99990E+02 -9.99990E+02 -9.99990E+02 -9.99990E+02 -9.99990E+02 -9.99990E+02 -9.99990E+02 -9.99990E+02 -9.99990E+02 -9.99990E+02 -9.99990E+02 -9.99990E+02 -9.99990E+02 -9.99990E+02 -9.99990E+02 -9.99990E+02 -9.99990E+02 -9.99990E+02 -9.99990E+02 -9.99990E+02 -9.99990E+02 -9.99990E+02 -9.99990E+02 -9.99990E+02  2.51744E+02  2.51442E+02  2.50358E+02  2.48819E+02  2.46877E+02  2.43680E+02  2.39221E+02  2.33829E+02  2.27434E+02  2.33581E+02  2.39569E+02  2.44693E+02  2.48168E+02 -9.99990E+02 -9.99990E+02 -9.99990E+02 -9.99990E+02 -9.99990E+02 -9.99990E+02 -9.99990E+02 -9.99990E+02 -9.99990E+02 -9.99990E+02 -9.99990E+02 -9.99990E+02 -9.99990E+02
 -9.99990E+02 -9.99990E+02 -9.99990E+02 -9.99990E+02 -9.99990E+02 -9.99990E+02 -9.99990E+02 -9.99990E+02 -9.99990E+02 -9.99990E+02 -9.99990E+02 -9.99990E+02 -9.99990E+02 -9.99990E+02 -9.99990E+02 -9.99990E+02 -9.99990E+02 -9.99990E+02 -9.99990E+02 -9.99990E+02 -9.99990E+02 -9.99990E+02 -9.99990E+02 -9.99990E+02 -9.99990E+02 -9.99990E+02 -9.99990E+02 -9.99990E+02 -9.99990E+02 -9.99990E+02 -9.99990E+02 -9.99990E+02 -9.99990E+02 -9.99990E+02 -9.99990E+02 -9.99990E+02 -9.99990E+02 -9.99990E+02 -9.99990E+02 -9.99990E+02 -9.99990E+02 -9.99990E+02 -9.99990E+02 -9.99990E+02 -9.99990E+02 -9.99990E+02 -9.99990E+02  2.49359E+02  2.49043E+02  2.48091E+02  2.46888E+02  2.44975E+02  2.41052E+02  2.36412E+02  2.31309E+02  2.25379E+02  2.27466E+02  2.32003E+02  2.35856E+02  2.38142E+02 -9.99990E+02 -9.99990E+02 -9.99990E+02 -9.99990E+02 -9.99990E+02 -9.99990E+02 -9.99990E+02 -9.99990E+02 -9.99990E+02 -9.99990E+02 -9.99990E+02 -9.99990E+02 -9.99990E+02
 -9.99990E+02 -9.99990E+02 -9.99990E+02 -9.99990E+02 -9.99990E+02 -9.99990E+02 -9.99990E+02 -9.99990E+02 -9.99990E+02 -9.99990E+02 -9.99990E+02 -9.99990E+02 -9.99990E+02 -9.99990E+02 -9.99990E+02 -9.99990E+02 -9.99990E+02 -9.99990E+02 -9.99990E+02 -9.99990E+02 -9.99990E+02 -9.99990E+02 -9.99990E+02 -9.99990E+02 -9.99990E+02 -9.99990E+02 -9.99990E+02 -9.99990E+02 -9.99990E+02 -9.99990E+02 -9.99990E+02 -9.99990E+02 -9.99990E+02 -9.99990E+02 -9.99990E+02 -9.99990E+02 -9.99990E+02 -9.99990E+02 -9.99990E+02 -9.99990E+02 -9.99990E+02 -9.99990E+02 -9.99990E+02 -9.99990E+02 -9.99990E+02 -9.99990E+02 -9.99990E+02  2.47400E+02  2.46967E+02  2.45855E+02  2.44289E+02  2.41527E+02  2.37654E+02  2.33529E+02  2.29055E+02  2.24646E+02  2.21006E+02  2.24811E+02  2.28124E+02  2.30003E+02 -9.99990E+02 -9.99990E+02 -9.99990E+02 -9.99990E+02 -9.99990E+02 -9.99990E+02 -9.99990E+02 -9.99990E+02 -9.99990E+02 -9.99990E+02 -9.99990E+02 -9.99990E+02 -9.99990E+02
 -9.99990E+02 -9.99990E+02 -9.99990E+02 -9.99990E+02 -9.99990E+02 -9.99990E+02 -9.99990E+02 -9.99990E+02 -9.99990E+02 -9.99990E+02 -9.99990E+02 -9.99990E+02 -9.99990E+02 -9.99990E+02 -9.99990E+02 -9.99990E+02 -9.99990E+02 -9.99990E+02 -9.99990E+02 -9.99990E+02 -9.99990E+02 -9.99990E+02 -9.99990E+02 -9.99990E+02 -9.99990E+02 -9.99990E+02 -9.99990E+02 -9.99990E+02 -9.99990E+02 -9.99990E+02 -9.99990E+02 -9.99990E+02 -9.99990E+02 -9.99990E+02 -9.99990E+02 -9.99990E+02 -9.99990E+02 -9.99990E+02 -9.99990E+02 -9.99990E+02 -9.99990E+02 -9.99990E+02 -9.99990E+02 -9.99990E+02 -9.99990E+02 -9.99990E+02 -9.99990E+02  2.45838E+02  2.44278E+02  2.43027E+02  2.41059E+02  2.37884E+02  2.34099E+02  2.30093E+02  2.26194E+02  2.22436E+02  2.19232E+02  2.18270E+02  2.21966E+02  2.23550E+02  2.22258E+02 -9.99990E+02 -9.99990E+02 -9.99990E+02 -9.99990E+02 -9.99990E+02 -9.99990E+02 -9.99990E+02 -9.99990E+02 -9.99990E+02 -9.99990E+02 -9.99990E+02 -9.99990E+02
 -9.99990E+02 -9.99990E+02 -9.99990E+02 -9.99990E+02 -9.99990E+02 -9.99990E+02 -9.99990E+02 -9.99990E+02 -9.99990E+02 -9.99990E+02 -9.99990E+02 -9.99990E+02 -9.99990E+02 -9.99990E+02 -9.99990E+02 -9.99990E+02 -9.99990E+02 -9.99990E+02 -9.99990E+02 -9.99990E+02 -9.99990E+02 -9.99990E+02 -9.99990E+02 -9.99990E+02 -9.99990E+02 -9.99990E+02 -9.99990E+02 -9.99990E+02 -9.99990E+02 -9.99990E+02 -9.99990E+02 -9.99990E+02 -9.99990E+02 -9.99990E+02 -9.99990E+02 -9.99990E+02 -9.99990E+02 -9.99990E+02 -9.99990E+02 -9.99990E+02 -9.99990E+02 -9.99990E+02 -9.99990E+02 -9.99990E+02 -9.99990E+02 -9.99990E+02 -9.99990E+02 -9.99990E+02  2.40012E+02  2.39234E+02  2.37001E+02  2.33744E+02  2.29689E+02  2.25663E+02  2.22154E+02  2.19139E+02  2.16783E+02  2.14883E+02  2.18064E+02  2.19916E+02  2.21047E+02 -9.99990E+02 -9.99990E+02 -9.99990E+02 -9.99990E+02 -9.99990E+02 -9.99990E+02 -9.99990E+02 -9.99990E+02 -9.99990E+02 -9.99990E+02 -9.99990E+02 -9.99990E+02
 -9.99990E+02 -9.99990E+02 -9.99990E+02 -9.99990E+02 -9.99990E+02 -9.99990E+02 -9.99990E+02 -9.99990E+02 -9.99990E+02 -9.99990E+02 -9.99990E+02 -9.99990E+02 -9.99990E+02 -9.99990E+02 -9.99990E+02 -9.99990E+02 -9.99990E+02 -9.99990E+02 -9.99990E+02 -9.99990E+02 -9.99990E+02 -9.99990E+02 -9.99990E+02 -9.99990E+02 -9.99990E+02 -9.99990E+02 -9.99990E+02 -9.99990E+02 -9.99990E+02 -9.99990E+02 -9.99990E+02 -9.99990E+02 -9.99990E+02 -9.99990E+02 -9.99990E+02 -9.99990E+02 -9.99990E+02 -9.99990E+02 -9.99990E+02 -9.99990E+02 -9.99990E+02 -9.99990E+02 -9.99990E+02 -9.99990E+02 -9.99990E+02 -9.99990E+02 -9.99990E+02  2.32727E+02  2.35300E+02  2.35209E+02  2.33007E+02  2.29411E+02  2.24829E+02  2.20274E+02  2.17151E+02  2.15257E+02  2.14016E+02  2.12857E+02  2.15446E+02  2.16854E+02 -9.99990E+02 -9.99990E+02 -9.99990E+02 -9.99990E+02 -9.99990E+02 -9.99990E+02 -9.99990E+02 -9.99990E+02 -9.99990E+02 -9.99990E+02 -9.99990E+02 -9.99990E+02 -9.99990E+02
 -9.99990E+02 -9.99990E+02 -9.99990E+02 -9.99990E+02 -9.99990E+02 -9.99990E+02 -9.99990E+02 -9.99990E+02 -9.99990E+02 -9.99990E+02 -9.99990E+02 -9.99990E+02 -9.99990E+02 -9.99990E+02 -9.99990E+02 -9.99990E+02 -9.99990E+02 -9.99990E+02 -9.99990E+02 -9.99990E+02 -9.99990E+02 -9.99990E+02 -9.99990E+02 -9.99990E+02 -9.99990E+02 -9.99990E+02 -9.99990E+02 -9.99990E+02 -9.99990E+02 -9.99990E+02 -9.99990E+02 -9.99990E+02 -9.99990E+02 -9.99990E+02 -9.99990E+02 -9.99990E+02 -9.99990E+02 -9.99990E+02 -9.99990E+02 -9.99990E+02 -9.99990E+02 -9.99990E+02 -9.99990E+02 -9.99990E+02 -9.99990E+02 -9.99990E+02 -9.99990E+02  2.30726E+02  2.31782E+02  2.31637E+02  2.29252E+02  2.24982E+02  2.20037E+02  2.13499E+02  2.11196E+02  2.10987E+02  2.11266E+02  2.12095E+02  2.14083E+02  2.15115E+02 -9.99990E+02 -9.99990E+02 -9.99990E+02 -9.99990E+02 -9.99990E+02 -9.99990E+02 -9.99990E+02 -9.99990E+02 -9.99990E+02 -9.99990E+02 -9.99990E+02 -9.99990E+02 -9.99990E+02
 -9.99990E+02 -9.99990E+02 -9.99990E+02 -9.99990E+02 -9.99990E+02 -9.99990E+02 -9.99990E+02 -9.99990E+02 -9.99990E+02 -9.99990E+02 -9.99990E+02 -9.99990E+02 -9.99990E+02 -9.99990E+02 -9.99990E+02 -9.99990E+02 -9.99990E+02 -9.99990E+02 -9.99990E+02 -9.99990E+02 -9.99990E+02 -9.99990E+02 -9.99990E+02 -9.99990E+02 -9.99990E+02 -9.99990E+02 -9.99990E+02 -9.99990E+02 -9.99990E+02 -9.99990E+02 -9.99990E+02 -9.99990E+02 -9.99990E+02 -9.99990E+02 -9.99990E+02 -9.99990E+02 -9.99990E+02 -9.99990E+02 -9.99990E+02 -9.99990E+02 -9.99990E+02 -9.99990E+02 -9.99990E+02 -9.99990E+02 -9.99990E+02 -9.99990E+02 -9.99990E+02  2.27809E+02  2.28260E+02  2.28023E+02  2.25563E+02  2.21319E+02  2.16729E+02  2.11341E+02  2.10856E+02  2.11308E+02  2.12061E+02  2.12809E+02  2.13689E+02  2.14272E+02  2.14250E+02  2.14326E+02  2.14334E+02 -9.99990E+02 -9.99990E+02 -9.99990E+02 -9.99990E+02 -9.99990E+02 -9.99990E+02 -9.99990E+02 -9.99990E+02 -9.99990E+02 -9.99990E+02
 -9.99990E+02 -9.99990E+02 -9.99990E+02 -9.99990E+02 -9.99990E+02 -9.99990E+02 -9.99990E+02 -9.99990E+02 -9.99990E+02 -9.99990E+02 -9.99990E+02 -9.99990E+02 -9.99990E+02 -9.99990E+02 -9.99990E+02 -9.99990E+02 -9.99990E+02 -9.99990E+02 -9.99990E+02 -9.99990E+02 -9.99990E+02 -9.99990E+02 -9.99990E+02 -9.99990E+02 -9.99990E+02 -9.99990E+02 -9.99990E+02 -9.99990E+02 -9.99990E+02 -9.99990E+02 -9.99990E+02 -9.99990E+02 -9.99990E+02 -9.99990E+02 -9.99990E+02 -9.99990E+02 -9.99990E+02 -9.99990E+02 -9.99990E+02 -9.99990E+02 -9.99990E+02 -9.99990E+02 -9.99990E+02 -9.99990E+02 -9.99990E+02 -9.99990E+02 -9.99990E+02  2.24958E+02  2.25054E+02  2.24460E+02  2.22123E+02  2.18335E+02  2.14098E+02  2.10189E+02  2.09404E+02  2.10985E+02  2.12232E+02  2.12953E+02  2.13520E+02  2.14050E+02  2.14304E+02  2.14494E+02  2.14475E+02  2.14441E+02 -9.99990E+02 -9.99990E+02 -9.99990E+02 -9.99990E+02 -9.99990E+02 -9.99990E+02 -9.99990E+02 -9.99990E+02 -9.99990E+02
 -9.99990E+02 -9.99990E+02 -9.99990E+02 -9.99990E+02 -9.99990E+02 -9.99990E+02 -9.99990E+02 -9.99990E+02 -9.99990E+02 -9.99990E+02 -9.99990E+02 -9.99990E+02 -9.99990E+02 -9.99990E+02 -9.99990E+02 -9.99990E+02 -9.99990E+02 -9.99990E+02 -9.99990E+02 -9.99990E+02 -9.99990E+02 -9.99990E+02 -9.99990E+02 -9.99990E+02 -9.99990E+02 -9.99990E+02 -9.99990E+02 -9.99990E+02 -9.99990E+02 -9.99990E+02 -9.99990E+02 -9.99990E+02 -9.99990E+02 -9.99990E+02 -9.99990E+02 -9.99990E+02 -9.99990E+02 -9.99990E+02 -9.99990E+02 -9.99990E+02 -9.99990E+02 -9.99990E+02 -9.99990E+02 -9.99990E+02 -9.99990E+02 -9.99990E+02  2.21753E+02  2.22273E+02  2.22179E+02  2.21394E+02  2.19006E+02  2.15478E+02  2.11209E+02  2.08028E+02  2.08545E+02  2.10509E+02  2.11875E+02  2.12773E+02  2.13340E+02  2.13981E+02  2.14293E+02  2.14453E+02  2.14506E+02  2.14463E+02 -9.99990E+02 -9.99990E+02 -9.99990E+02 -9.99990E+02 -9.99990E+02 -9.99990E+02 -9.99990E+02 -9.99990E+02 -9.99990E+02
 -9.99990E+02 -9.99990E+02 -9.99990E+02 -9.99990E+02 -9.99990E+02 -9.99990E+02 -9.99990E+02 -9.99990E+02 -9.99990E+02 -9.99990E+02 -9.99990E+02 -9.99990E+02 -9.99990E+02 -9.99990E+02 -9.99990E+02 -9.99990E+02 -9.99990E+02 -9.99990E+02 -9.99990E+02 -9.99990E+02 -9.99990E+02 -9.99990E+02 -9.99990E+02 -9.99990E+02 -9.99990E+02 -9.99990E+02 -9.99990E+02 -9.99990E+02 -9.99990E+02 -9.99990E+02 -9.99990E+02 -9.99990E+02 -9.99990E+02 -9.99990E+02 -9.99990E+02 -9.99990E+02 -9.99990E+02 -9.99990E+02 -9.99990E+02 -9.99990E+02 -9.99990E+02 -9.99990E+02 -9.99990E+02 -9.99990E+02 -9.99990E+02 -9.99990E+02 -9.99990E+02  2.20068E+02  2.19944E+02  2.19142E+02  2.16756E+02  2.13106E+02  2.07405E+02  2.06826E+02  2.07789E+02  2.09526E+02  2.11103E+02  2.12253E+02  2.13160E+02  2.13974E+02  2.14212E+02  2.14344E+02  2.14454E+02  2.14377E+02  2.14251E+02  2.14179E+02 -9.99990E+02 -9.99990E+02 -9.99990E+02 -9.99990E+02 -9.99990E+02 -9.99990E+02 -9.99990E+02
 -9.99990E+02 -9.99990E+02 -9.99990E+02 -9.99990E+02 -9.99990E+02 -9.99990E+02 -9.99990E+02 -9.99990E+02 -9.99990E+02 -9.99990E+02 -9.99990E+02 -9.99990E+02 -9.99990E+02 -9.99990E+02 -9.99990E+02 -9.99990E+02 -9.99990E+02 -9.99990E+02 -9.99990E+02 -9.99990E+02 -9.99990E+02 -9.99990E+02 -9.99990E+02 -9.99990E+02 -9.99990E+02 -9.99990E+02 -9.99990E+02 -9.99990E+02 -9.99990E+02 -9.99990E+02 -9.99990E+02 -9.99990E+02 -9.99990E+02 -9.99990E+02 -9.99990E+02 -9.99990E+02 -9.99990E+02 -9.99990E+02 -9.99990E+02 -9.99990E+02 -9.99990E+02 -9.99990E+02 -9.99990E+02 -9.99990E+02 -9.99990E+02 -9.99990E+02 -9.99990E+02  2.18129E+02  2.18037E+02  2.17218E+02  2.15224E+02  2.12180E+02  2.07797E+02  2.05545E+02  2.05790E+02  2.07965E+02  2.09916E+02  2.11317E+02  2.12815E+02  2.13751E+02  2.13983E+02  2.14095E+02  2.14160E+02  2.14190E+02  2.14166E+02  2.14146E+02 -9.99990E+02 -9.99990E+02 -9.99990E+02 -9.99990E+02 -9.99990E+02 -9.99990E+02 -9.99990E+02
 -9.99990E+02 -9.99990E+02 -9.99990E+02 -9.99990E+02 -9.99990E+02 -9.99990E+02 -9.99990E+02 -9.99990E+02 -9.99990E+02 -9.99990E+02 -9.99990E+02 -9.99990E+02 -9.99990E+02 -9.99990E+02 -9.99990E+02 -9.99990E+02 -9.99990E+02 -9.99990E+02 -9.99990E+02 -9.99990E+02 -9.99990E+02 -9.99990E+02 -9.99990E+02 -9.99990E+02 -9.99990E+02 -9.99990E+02 -9.99990E+02 -9.99990E+02 -9.99990E+02 -9.99990E+02 -9.99990E+02 -9.99990E+02 -9.99990E+02 -9.99990E+02 -9.99990E+02 -9.99990E+02 -9.99990E+02 -9.99990E+02 -9.99990E+02 -9.99990E+02 -9.99990E+02 -9.99990E+02 -9.99990E+02 -9.99990E+02 -9.99990E+02 -9.99990E+02  2.15925E+02  2.16491E+02  2.16372E+02  2.15827E+02  2.14285E+02  2.12032E+02  2.09069E+02  2.06639E+02  2.05175E+02  2.05657E+02  2.08131E+02  2.10173E+02  2.11910E+02  2.13108E+02  2.13560E+02  2.13792E+02  2.13839E+02  2.13861E+02  2.13887E+02 -9.99990E+02 -9.99990E+02 -9.99990E+02 -9.99990E+02 -9.99990E+02 -9.99990E+02 -9.99990E+02 -9.99990E+02
 -9.99990E+02 -9.99990E+02 -9.99990E+02 -9.99990E+02 -9.99990E+02 -9.99990E+02 -9.99990E+02 -9.99990E+02 -9.99990E+02 -9.99990E+02 -9.99990E+02 -9.99990E+02 -9.99990E+02 -9.99990E+02 -9.99990E+02 -9.99990E+02 -9.99990E+02 -9.99990E+02 -9.99990E+02 -9.99990E+02 -9.99990E+02 -9.99990E+02 -9.99990E+02 -9.99990E+02 -9.99990E+02 -9.99990E+02 -9.99990E+02 -9.99990E+02 -9.99990E+02 -9.99990E+02 -9.99990E+02 -9.99990E+02 -9.99990E+02 -9.99990E+02 -9.99990E+02 -9.99990E+02 -9.99990E+02 -9.99990E+02 -9.99990E+02 -9.99990E+02 -9.99990E+02 -9.99990E+02 -9.99990E+02 -9.99990E+02 -9.99990E+02  2.15233E+02  2.15477E+02  2.15724E+02  2.15370E+02  2.14857E+02  2.13523E+02  2.11444E+02  2.09344E+02  2.06780E+02  2.04931E+02  2.03780E+02  2.06580E+02  2.09009E+02  2.10899E+02  2.12197E+02  2.12980E+02  2.13415E+02  2.13534E+02  2.13602E+02  2.13619E+02 -9.99990E+02 -9.99990E+02 -9.99990E+02 -9.99990E+02 -9.99990E+02 -9.99990E+02 -9.99990E+02 -9.99990E+02
 -9.99990E+02 -9.99990E+02 -9.99990E+02 -9.99990E+02 -9.99990E+02 -9.99990E+02 -9.99990E+02 -9.99990E+02 -9.99990E+02 -9.99990E+02 -9.99990E+02 -9.99990E+02 -9.99990E+02 -9.99990E+02 -9.99990E+02 -9.99990E+02 -9.99990E+02 -9.99990E+02 -9.99990E+02 -9.99990E+02 -9.99990E+02 -9.99990E+02 -9.99990E+02 -9.99990E+02 -9.99990E+02 -9.99990E+02 -9.99990E+02 -9.99990E+02 -9.99990E+02 -9.99990E+02 -9.99990E+02 -9.99990E+02 -9.99990E+02 -9.99990E+02 -9.99990E+02 -9.99990E+02 -9.99990E+02 -9.99990E+02 -9.99990E+02 -9.99990E+02 -9.99990E+02 -9.99990E+02 -9.99990E+02 -9.99990E+02 -9.99990E+02  2.15183E+02  2.15354E+02  2.15332E+02  2.14736E+02  2.14058E+02  2.12740E+02  2.10807E+02  2.08768E+02  2.06201E+02  2.04084E+02  2.02323E+02  2.05263E+02  2.07847E+02  2.09896E+02  2.11278E+02  2.12199E+02  2.12780E+02  2.13131E+02  2.13318E+02  2.13387E+02  2.13314E+02 -9.99990E+02 -9.99990E+02 -9.99990E+02 -9.99990E+02 -9.99990E+02 -9.99990E+02 -9.99990E+02
 -9.99990E+02 -9.99990E+02 -9.99990E+02 -9.99990E+02 -9.99990E+02 -9.99990E+02 -9.99990E+02 -9.99990E+02 -9.99990E+02 -9.99990E+02 -9.99990E+02 -9.99990E+02 -9.99990E+02 -9.99990E+02 -9.99990E+02 -9.99990E+02 -9.99990E+02 -9.99990E+02 -9.99990E+02 -9.99990E+02 -9.99990E+02 -9.99990E+02 -9.99990E+02 -9.99990E+02 -9.99990E+02 -9.99990E+02 -9.99990E+02 -9.99990E+02 -9.99990E+02 -9.99990E+02 -9.99990E+02 -9.99990E+02 -9.99990E+02 -9.99990E+02 -9.99990E+02 -9.99990E+02 -9.99990E+02 -9.99990E+02 -9.99990E+02 -9.99990E+02 -9.99990E+02 -9.99990E+02 -9.99990E+02  2.15433E+02  2.15423E+02  2.15438E+02  2.15512E+02  2.15264E+02  2.14474E+02  2.13349E+02  2.11620E+02  2.09596E+02  2.07295E+02  2.05088E+02  2.02990E+02  2.01355E+02  2.04262E+02  2.06718E+02  2.08689E+02  2.10247E+02  2.11317E+02  2.12127E+02  2.12668E+02  2.12953E+02  2.13156E+02 -9.99990E+02 -9.99990E+02 -9.99990E+02 -9.99990E+02 -9.99990E+02 -9.99990E+02 -9.99990E+02 -9.99990E+02
 -9.99990E+02 -9.99990E+02 -9.99990E+02 -9.99990E+02 -9.99990E+02 -9.99990E+02 -9.99990E+02 -9.99990E+02 -9.99990E+02 -9.99990E+02 -9.99990E+02 -9.99990E+02 -9.99990E+02 -9.99990E+02 -9.99990E+02 -9.99990E+02 -9.99990E+02 -9.99990E+02 -9.99990E+02 -9.99990E+02 -9.99990E+02 -9.99990E+02 -9.99990E+02 -9.99990E+02 -9.99990E+02 -9.99990E+02 -9.99990E+02 -9.99990E+02 -9.99990E+02 -9.99990E+02 -9.99990E+02 -9.99990E+02 -9.99990E+02 -9.99990E+02 -9.99990E+02 -9.99990E+02 -9.99990E+02 -9.99990E+02 -9.99990E+02 -9.99990E+02 -9.99990E+02 -9.99990E+02 -9.99990E+02  2.15651E+02  2.15532E+02  2.15327E+02  2.15206E+02  2.14879E+02  2.13899E+02  2.12227E+02  2.10095E+02  2.07796E+02  2.05474E+02  2.03244E+02  2.01421E+02  2.00450E+02  2.03446E+02  2.05760E+02  2.07560E+02  2.09045E+02  2.10335E+02  2.11620E+02  2.12280E+02  2.12580E+02 -9.99990E+02 -9.99990E+02 -9.99990E+02 -9.99990E+02 -9.99990E+02 -9.99990E+02 -9.99990E+02 -9.99990E+02 -9.99990E+02
 -9.99990E+02 -9.99990E+02 -9.99990E+02 -9.99990E+02 -9.99990E+02 -9.99990E+02 -9.99990E+02 -9.99990E+02 -9.99990E+02 -9.99990E+02 -9.99990E+02 -9.99990E+02 -9.99990E+02 -9.99990E+02 -9.99990E+02 -9.99990E+02 -9.99990E+02 -9.99990E+02 -9.99990E+02 -9.99990E+02 -9.99990E+02 -9.99990E+02 -9.99990E+02 -9.99990E+02 -9.99990E+02 -9.99990E+02 -9.99990E+02 -9.99990E+02 -9.99990E+02 -9.99990E+02 -9.99990E+02 -9.99990E+02 -9.99990E+02 -9.99990E+02 -9.99990E+02 -9.99990E+02 -9.99990E+02 -9.99990E+02 -9.99990E+02 -9.99990E+02 -9.99990E+02 -9.99990E+02 -9.99990E+02  2.15873E+02  2.15562E+02  2.15047E+02  2.14633E+02  2.14117E+02  2.12970E+02  2.11134E+02  2.08419E+02  2.05680E+02  2.02805E+02  2.00361E+02  1.98912E+02  2.00200E+02  2.02761E+02  2.04797E+02  2.06243E+02  2.07394E+02  2.08928E+02 -9.99990E+02 -9.99990E+02 -9.99990E+02 -9.99990E+02 -9.99990E+02 -9.99990E+02 -9.99990E+02 -9.99990E+02 -9.99990E+02 -9.99990E+02 -9.99990E+02 -9.99990E+02
 -9.99990E+02 -9.99990E+02 -9.99990E+02 -9.99990E+02 -9.99990E+02 -9.99990E+02 -9.99990E+02 -9.99990E+02 -9.99990E+02 -9.99990E+02 -9.99990E+02 -9.99990E+02 -9.99990E+02 -9.99990E+02 -9.99990E+02 -9.99990E+02 -9.99990E+02 -9.99990E+02 -9.99990E+02 -9.99990E+02 -9.99990E+02 -9.99990E+02 -9.99990E+02 -9.99990E+02 -9.99990E+02 -9.99990E+02 -9.99990E+02 -9.99990E+02 -9.99990E+02 -9.99990E+02 -9.99990E+02 -9.99990E+02 -9.99990E+02 -9.99990E+02 -9.99990E+02 -9.99990E+02 -9.99990E+02 -9.99990E+02 -9.99990E+02 -9.99990E+02 -9.99990E+02 -9.99990E+02 -9.99990E+02  2.15581E+02  2.14933E+02  2.14265E+02  2.13674E+02  2.13028E+02  2.11725E+02  2.09650E+02  2.06754E+02  2.03708E+02  1.99531E+02  1.97328E+02  1.98188E+02  1.99680E+02  2.01650E+02  2.03230E+02  2.04375E+02  2.04928E+02 -9.99990E+02 -9.99990E+02 -9.99990E+02 -9.99990E+02 -9.99990E+02 -9.99990E+02 -9.99990E+02 -9.99990E+02 -9.99990E+02 -9.99990E+02 -9.99990E+02 -9.99990E+02 -9.99990E+02
 -9.99990E+02 -9.99990E+02 -9.99990E+02 -9.99990E+02 -9.99990E+02 -9.99990E+02 -9.99990E+02 -9.99990E+02 -9.99990E+02 -9.99990E+02 -9.99990E+02 -9.99990E+02 -9.99990E+02 -9.99990E+02 -9.99990E+02 -9.99990E+02 -9.99990E+02 -9.99990E+02 -9.99990E+02 -9.99990E+02 -9.99990E+02 -9.99990E+02 -9.99990E+02 -9.99990E+02 -9.99990E+02 -9.99990E+02 -9.99990E+02 -9.99990E+02 -9.99990E+02 -9.99990E+02 -9.99990E+02 -9.99990E+02 -9.99990E+02 -9.99990E+02 -9.99990E+02 -9.99990E+02 -9.99990E+02 -9.99990E+02 -9.99990E+02 -9.99990E+02 -9.99990E+02 -9.99990E+02 -9.99990E+02 -9.99990E+02  2.13303E+02  2.12772E+02  2.12199E+02  2.11357E+02  2.09888E+02  2.07884E+02  2.05395E+02  2.02834E+02  1.99386E+02  1.97746E+02  1.97842E+02  1.98681E+02  2.00137E+02  2.01512E+02  2.02508E+02  2.02788E+02 -9.99990E+02 -9.99990E+02 -9.99990E+02 -9.99990E+02 -9.99990E+02 -9.99990E+02 -9.99990E+02 -9.99990E+02 -9.99990E+02 -9.99990E+02 -9.99990E+02 -9.99990E+02 -9.99990E+02
 -9.99990E+02 -9.99990E+02 -9.99990E+02 -9.99990E+02 -9.99990E+02 -9.99990E+02 -9.99990E+02 -9.99990E+02 -9.99990E+02 -9.99990E+02 -9.99990E+02 -9.99990E+02 -9.99990E+02 -9.99990E+02 -9.99990E+02 -9.99990E+02 -9.99990E+02 -9.99990E+02 -9.99990E+02 -9.99990E+02 -9.99990E+02 -9.99990E+02 -9.99990E+02 -9.99990E+02 -9.99990E+02 -9.99990E+02 -9.99990E+02 -9.99990E+02 -9.99990E+02 -9.99990E+02 -9.99990E+02 -9.99990E+02 -9.99990E+02 -9.99990E+02 -9.99990E+02 -9.99990E+02 -9.99990E+02 -9.99990E+02 -9.99990E+02 -9.99990E+02 -9.99990E+02 -9.99990E+02 -9.99990E+02 -9.99990E+02  2.11906E+02  2.10910E+02  2.10246E+02  2.09303E+02  2.07824E+02  2.06159E+02  2.04175E+02  2.02216E+02  1.99860E+02  1.97013E+02  1.96742E+02  1.97037E+02  1.97937E+02  1.99537E+02  2.00537E+02  2.00991E+02 -9.99990E+02 -9.99990E+02 -9.99990E+02 -9.99990E+02 -9.99990E+02 -9.99990E+02 -9.99990E+02 -9.99990E+02 -9.99990E+02 -9.99990E+02 -9.99990E+02 -9.99990E+02 -9.99990E+02
 -9.99990E+02 -9.99990E+02 -9.99990E+02 -9.99990E+02 -9.99990E+02 -9.99990E+02 -9.99990E+02 -9.99990E+02 -9.99990E+02 -9.99990E+02 -9.99990E+02 -9.99990E+02 -9.99990E+02 -9.99990E+02 -9.99990E+02 -9.99990E+02 -9.99990E+02 -9.99990E+02 -9.99990E+02 -9.99990E+02 -9.99990E+02 -9.99990E+02 -9.99990E+02 -9.99990E+02 -9.99990E+02 -9.99990E+02 -9.99990E+02 -9.99990E+02 -9.99990E+02 -9.99990E+02 -9.99990E+02 -9.99990E+02 -9.99990E+02 -9.99990E+02 -9.99990E+02 -9.99990E+02 -9.99990E+02 -9.99990E+02 -9.99990E+02 -9.99990E+02 -9.99990E+02 -9.99990E+02 -9.99990E+02 -9.99990E+02 -9.99990E+02  2.08617E+02  2.08062E+02  2.06779E+02  2.05472E+02  2.04384E+02  2.02916E+02  2.01469E+02  1.99909E+02  1.97726E+02  1.95401E+02  1.94759E+02  1.94836E+02  1.97254E+02  1.98545E+02  1.99724E+02 -9.99990E+02 -9.99990E+02 -9.99990E+02 -9.99990E+02 -9.99990E+02 -9.99990E+02 -9.99990E+02 -9.99990E+02 -9.99990E+02 -9.99990E+02 -9.99990E+02 -9.99990E+02 -9.99990E+02
 -9.99990E+02 -9.99990E+02 -9.99990E+02 -9.99990E+02 -9.99990E+02 -9.99990E+02 -9.99990E+02 -9.99990E+02 -9.99990E+02 -9.99990E+02 -9.99990E+02 -9.99990E+02 -9.99990E+02 -9.99990E+02 -9.99990E+02 -9.99990E+02 -9.99990E+02 -9.99990E+02 -9.99990E+02 -9.99990E+02 -9.99990E+02 -9.99990E+02 -9.99990E+02 -9.99990E+02 -9.99990E+02 -9.99990E+02 -9.99990E+02 -9.99990E+02 -9.99990E+02 -9.99990E+02 -9.99990E+02 -9.99990E+02 -9.99990E+02 -9.99990E+02 -9.99990E+02 -9.99990E+02 -9.99990E+02 -9.99990E+02 -9.99990E+02 -9.99990E+02 -9.99990E+02 -9.99990E+02 -9.99990E+02 -9.99990E+02 -9.99990E+02  2.07286E+02  2.06431E+02  2.04344E+02  2.03223E+02  2.02453E+02  2.01439E+02  2.00302E+02  1.99226E+02  1.97273E+02  1.95236E+02  1.94211E+02  1.93729E+02  1.95338E+02  1.96032E+02 -9.99990E+02 -9.99990E+02 -9.99990E+02 -9.99990E+02 -9.99990E+02 -9.99990E+02 -9.99990E+02 -9.99990E+02 -9.99990E+02 -9.99990E+02 -9.99990E+02 -9.99990E+02 -9.99990E+02 -9.99990E+02
 -9.99990E+02 -9.99990E+02 -9.99990E+02 -9.99990E+02 -9.99990E+02 -9.99990E+02 -9.99990E+02 -9.99990E+02 -9.99990E+02 -9.99990E+02 -9.99990E+02 -9.99990E+02 -9.99990E+02 -9.99990E+02 -9.99990E+02 -9.99990E+02 -9.99990E+02 -9.99990E+02 -9.99990E+02 -9.99990E+02 -9.99990E+02 -9.99990E+02 -9.99990E+02 -9.99990E+02 -9.99990E+02 -9.99990E+02 -9.99990E+02 -9.99990E+02 -9.99990E+02 -9.99990E+02 -9.99990E+02 -9.99990E+02 -9.99990E+02 -9.99990E+02 -9.99990E+02 -9.99990E+02 -9.99990E+02 -9.99990E+02 -9.99990E+02 -9.99990E+02 -9.99990E+02 -9.99990E+02 -9.99990E+02 -9.99990E+02 -9.99990E+02 -9.99990E+02 -9.99990E+02  2.01197E+02  2.00763E+02  2.00277E+02  1.99555E+02  1.98493E+02  1.97429E+02  1.95575E+02  1.93579E+02  1.92462E+02  1.92797E+02  1.93717E+02  1.94033E+02 -9.99990E+02 -9.99990E+02 -9.99990E+02 -9.99990E+02 -9.99990E+02 -9.99990E+02 -9.99990E+02 -9.99990E+02 -9.99990E+02 -9.99990E+02 -9.99990E+02 -9.99990E+02 -9.99990E+02 -9.99990E+02
 -9.99990E+02 -9.99990E+02 -9.99990E+02 -9.99990E+02 -9.99990E+02 -9.99990E+02 -9.99990E+02 -9.99990E+02 -9.99990E+02 -9.99990E+02 -9.99990E+02 -9.99990E+02 -9.99990E+02 -9.99990E+02 -9.99990E+02 -9.99990E+02 -9.99990E+02 -9.99990E+02 -9.99990E+02 -9.99990E+02 -9.99990E+02 -9.99990E+02 -9.99990E+02 -9.99990E+02 -9.99990E+02 -9.99990E+02 -9.99990E+02 -9.99990E+02 -9.99990E+02 -9.99990E+02 -9.99990E+02 -9.99990E+02 -9.99990E+02 -9.99990E+02 -9.99990E+02 -9.99990E+02 -9.99990E+02 -9.99990E+02 -9.99990E+02 -9.99990E+02 -9.99990E+02 -9.99990E+02 -9.99990E+02 -9.99990E+02 -9.99990E+02 -9.99990E+02 -9.99990E+02  1.98837E+02  1.98403E+02  1.98058E+02  1.97518E+02  1.96400E+02  1.94963E+02  1.92411E+02  1.90877E+02  1.90419E+02  1.91202E+02  1.92016E+02  1.92291E+02 -9.99990E+02 -9.99990E+02 -9.99990E+02 -9.99990E+02 -9.99990E+02 -9.99990E+02 -9.99990E+02 -9.99990E+02 -9.99990E+02 -9.99990E+02 -9.99990E+02 -9.99990E+02 -9.99990E+02 -9.99990E+02
 -9.99990E+02 -9.99990E+02 -9.99990E+02 -9.99990E+02 -9.99990E+02 -9.99990E+02 -9.99990E+02 -9.99990E+02 -9.99990E+02 -9.99990E+02 -9.99990E+02 -9.99990E+02 -9.99990E+02 -9.99990E+02 -9.99990E+02 -9.99990E+02 -9.99990E+02 -9.99990E+02 -9.99990E+02 -9.99990E+02 -9.99990E+02 -9.99990E+02 -9.99990E+02 -9.99990E+02 -9.99990E+02 -9.99990E+02 -9.99990E+02 -9.99990E+02 -9.99990E+02 -9.99990E+02 -9.99990E+02 -9.99990E+02 -9.99990E+02 -9.99990E+02 -9.99990E+02 -9.99990E+02 -9.99990E+02 -9.99990E+02 -9.99990E+02 -9.99990E+02 -9.99990E+02 -9.99990E+02 -9.99990E+02 -9.99990E+02 -9.99990E+02 -9.99990E+02 -9.99990E+02  1.97315E+02  1.96211E+02  1.95682E+02  1.95254E+02  1.94277E+02  1.92877E+02  1.90761E+02  1.89624E+02  1.89149E+02  1.89525E+02  1.90297E+02  1.90734E+02 -9.99990E+02 -9.99990E+02 -9.99990E+02 -9.99990E+02 -9.99990E+02 -9.99990E+02 -9.99990E+02 -9.99990E+02 -9.99990E+02 -9.99990E+02 -9.99990E+02 -9.99990E+02 -9.99990E+02 -9.99990E+02
 -9.99990E+02 -9.99990E+02 -9.99990E+02 -9.99990E+02 -9.99990E+02 -9.99990E+02 -9.99990E+02 -9.99990E+02 -9.99990E+02 -9.99990E+02 -9.99990E+02 -9.99990E+02 -9.99990E+02 -9.99990E+02 -9.99990E+02 -9.99990E+02 -9.99990E+02 -9.99990E+02 -9.99990E+02 -9.99990E+02 -9.99990E+02 -9.99990E+02 -9.99990E+02 -9.99990E+02 -9.99990E+02 -9.99990E+02 -9.99990E+02 -9.99990E+02 -9.99990E+02 -9.99990E+02 -9.99990E+02 -9.99990E+02 -9.99990E+02 -9.99990E+02 -9.99990E+02 -9.99990E+02 -9.99990E+02 -9.99990E+02 -9.99990E+02 -9.99990E+02 -9.99990E+02 -9.99990E+02 -9.99990E+02 -9.99990E+02 -9.99990E+02 -9.99990E+02 -9.99990E+02 -9.99990E+02  1.93916E+02  1.93577E+02  1.93097E+02  1.92244E+02  1.91131E+02  1.89562E+02  1.87734E+02  1.87010E+02  1.87444E+02  1.88799E+02  1.89263E+02 -9.99990E+02 -9.99990E+02 -9.99990E+02 -9.99990E+02 -9.99990E+02 -9.99990E+02 -9.99990E+02 -9.99990E+02 -9.99990E+02 -9.99990E+02 -9.99990E+02 -9.99990E+02 -9.99990E+02 -9.99990E+02
 -9.99990E+02 -9.99990E+02 -9.99990E+02 -9.99990E+02 -9.99990E+02 -9.99990E+02 -9.99990E+02 -9.99990E+02 -9.99990E+02 -9.99990E+02 -9.99990E+02 -9.99990E+02 -9.99990E+02 -9.99990E+02 -9.99990E+02 -9.99990E+02 -9.99990E+02 -9.99990E+02 -9.99990E+02 -9.99990E+02 -9.99990E+02 -9.99990E+02 -9.99990E+02 -9.99990E+02 -9.99990E+02 -9.99990E+02 -9.99990E+02 -9.99990E+02 -9.99990E+02 -9.99990E+02 -9.99990E+02 -9.99990E+02 -9.99990E+02 -9.99990E+02 -9.99990E+02 -9.99990E+02 -9.99990E+02 -9.99990E+02 -9.99990E+02 -9.99990E+02 -9.99990E+02 -9.99990E+02 -9.99990E+02 -9.99990E+02 -9.99990E+02 -9.99990E+02 -9.99990E+02 -9.99990E+02  1.92125E+02  1.91748E+02  1.91209E+02  1.90356E+02  1.89384E+02  1.88345E+02  1.87232E+02  1.86658E+02  1.86666E+02  1.87810E+02  1.88125E+02 -9.99990E+02 -9.99990E+02 -9.99990E+02 -9.99990E+02 -9.99990E+02 -9.99990E+02 -9.99990E+02 -9.99990E+02 -9.99990E+02 -9.99990E+02 -9.99990E+02 -9.99990E+02 -9.99990E+02 -9.99990E+02
 -9.99990E+02 -9.99990E+02 -9.99990E+02 -9.99990E+02 -9.99990E+02 -9.99990E+02 -9.99990E+02 -9.99990E+02 -9.99990E+02 -9.99990E+02 -9.99990E+02 -9.99990E+02 -9.99990E+02 -9.99990E+02 -9.99990E+02 -9.99990E+02 -9.99990E+02 -9.99990E+02 -9.99990E+02 -9.99990E+02 -9.99990E+02 -9.99990E+02 -9.99990E+02 -9.99990E+02 -9.99990E+02 -9.99990E+02 -9.99990E+02 -9.99990E+02 -9.99990E+02 -9.99990E+02 -9.99990E+02 -9.99990E+02 -9.99990E+02 -9.99990E+02 -9.99990E+02 -9.99990E+02 -9.99990E+02 -9.99990E+02 -9.99990E+02 -9.99990E+02 -9.99990E+02 -9.99990E+02 -9.99990E+02 -9.99990E+02 -9.99990E+02 -9.99990E+02 -9.99990E+02 -9.99990E+02  1.91002E+02  1.90089E+02  1.89457E+02  1.88651E+02  1.87828E+02  1.87022E+02  1.86277E+02  1.85719E+02  1.86084E+02  1.86983E+02  1.87358E+02 -9.99990E+02 -9.99990E+02 -9.99990E+02 -9.99990E+02 -9.99990E+02 -9.99990E+02 -9.99990E+02 -9.99990E+02 -9.99990E+02 -9.99990E+02 -9.99990E+02 -9.99990E+02 -9.99990E+02 -9.99990E+02
 -9.99990E+02 -9.99990E+02 -9.99990E+02 -9.99990E+02 -9.99990E+02 -9.99990E+02 -9.99990E+02 -9.99990E+02 -9.99990E+02 -9.99990E+02 -9.99990E+02 -9.99990E+02 -9.99990E+02 -9.99990E+02 -9.99990E+02 -9.99990E+02 -9.99990E+02 -9.99990E+02 -9.99990E+02 -9.99990E+02 -9.99990E+02 -9.99990E+02 -9.99990E+02 -9.99990E+02 -9.99990E+02 -9.99990E+02 -9.99990E+02 -9.99990E+02 -9.99990E+02 -9.99990E+02 -9.99990E+02 -9.99990E+02 -9.99990E+02 -9.99990E+02 -9.99990E+02 -9.99990E+02 -9.99990E+02 -9.99990E+02 -9.99990E+02 -9.99990E+02 -9.99990E+02 -9.99990E+02 -9.99990E+02 -9.99990E+02 -9.99990E+02 -9.99990E+02 -9.99990E+02 -9.99990E+02 -9.99990E+02  1.88060E+02  1.87765E+02  1.87196E+02  1.86402E+02  1.85588E+02  1.85072E+02  1.84881E+02  1.85434E+02  1.86340E+02  1.86828E+02 -9.99990E+02 -9.99990E+02 -9.99990E+02 -9.99990E+02 -9.99990E+02 -9.99990E+02 -9.99990E+02 -9.99990E+02 -9.99990E+02 -9.99990E+02 -9.99990E+02 -9.99990E+02 -9.99990E+02 -9.99990E+02
 -9.99990E+02 -9.99990E+02 -9.99990E+02 -9.99990E+02 -9.99990E+02 -9.99990E+02 -9.99990E+02 -9.99990E+02 -9.99990E+02 -9.99990E+02 -9.99990E+02 -9.99990E+02 -9.99990E+02 -9.99990E+02 -9.99990E+02 -9.99990E+02 -9.99990E+02 -9.99990E+02 -9.99990E+02 -9.99990E+02 -9.99990E+02 -9.99990E+02 -9.99990E+02 -9.99990E+02 -9.99990E+02 -9.99990E+02 -9.99990E+02 -9.99990E+02 -9.99990E+02 -9.99990E+02 -9.99990E+02 -9.99990E+02 -9.99990E+02 -9.99990E+02 -9.99990E+02 -9.99990E+02 -9.99990E+02 -9.99990E+02 -9.99990E+02 -9.99990E+02 -9.99990E+02 -9.99990E+02 -9.99990E+02 -9.99990E+02 -9.99990E+02 -9.99990E+02 -9.99990E+02 -9.99990E+02 -9.99990E+02  1.86621E+02  1.86431E+02  1.85977E+02  1.85102E+02  1.83998E+02  1.83562E+02  1.84220E+02  1.85023E+02  1.85974E+02  1.86580E+02 -9.99990E+02 -9.99990E+02 -9.99990E+02 -9.99990E+02 -9.99990E+02 -9.99990E+02 -9.99990E+02 -9.99990E+02 -9.99990E+02 -9.99990E+02 -9.99990E+02 -9.99990E+02 -9.99990E+02 -9.99990E+02
 -9.99990E+02 -9.99990E+02 -9.99990E+02 -9.99990E+02 -9.99990E+02 -9.99990E+02 -9.99990E+02 -9.99990E+02 -9.99990E+02 -9.99990E+02 -9.99990E+02 -9.99990E+02 -9.99990E+02 -9.99990E+02 -9.99990E+02 -9.99990E+02 -9.99990E+02 -9.99990E+02 -9.99990E+02 -9.99990E+02 -9.99990E+02 -9.99990E+02 -9.99990E+02 -9.99990E+02 -9.99990E+02 -9.99990E+02 -9.99990E+02 -9.99990E+02 -9.99990E+02 -9.99990E+02 -9.99990E+02 -9.99990E+02 -9.99990E+02 -9.99990E+02 -9.99990E+02 -9.99990E+02 -9.99990E+02 -9.99990E+02 -9.99990E+02 -9.99990E+02 -9.99990E+02 -9.99990E+02 -9.99990E+02 -9.99990E+02 -9.99990E+02 -9.99990E+02 -9.99990E+02 -9.99990E+02 -9.99990E+02  1.85596E+02  1.85398E+02  1.84936E+02  1.83973E+02  1.82728E+02  1.82583E+02  1.83411E+02  1.84716E+02  1.85970E+02  1.86633E+02  1.86689E+02 -9.99990E+02 -9.99990E+02 -9.99990E+02 -9.99990E+02 -9.99990E+02 -9.99990E+02 -9.99990E+02 -9.99990E+02 -9.99990E+02 -9.99990E+02 -9.99990E+02 -9.99990E+02 -9.99990E+02
 -9.99990E+02 -9.99990E+02 -9.99990E+02 -9.99990E+02 -9.99990E+02 -9.99990E+02 -9.99990E+02 -9.99990E+02 -9.99990E+02 -9.99990E+02 -9.99990E+02 -9.99990E+02 -9.99990E+02 -9.99990E+02 -9.99990E+02 -9.99990E+02 -9.99990E+02 -9.99990E+02 -9.99990E+02 -9.99990E+02 -9.99990E+02 -9.99990E+02 -9.99990E+02 -9.99990E+02 -9.99990E+02 -9.99990E+02 -9.99990E+02 -9.99990E+02 -9.99990E+02 -9.99990E+02 -9.99990E+02 -9.99990E+02 -9.99990E+02 -9.99990E+02 -9.99990E+02 -9.99990E+02 -9.99990E+02 -9.99990E+02 -9.99990E+02 -9.99990E+02 -9.99990E+02 -9.99990E+02 -9.99990E+02 -9.99990E+02 -9.99990E+02 -9.99990E+02 -9.99990E+02 -9.99990E+02 -9.99990E+02  1.84932E+02  1.84779E+02  1.84208E+02  1.83226E+02  1.82030E+02  1.82004E+02  1.83361E+02  1.84412E+02  1.85527E+02  1.86210E+02  1.86395E+02  1.86117E+02 -9.99990E+02 -9.99990E+02 -9.99990E+02 -9.99990E+02 -9.99990E+02 -9.99990E+02 -9.99990E+02 -9.99990E+02 -9.99990E+02 -9.99990E+02 -9.99990E+02 -9.99990E+02
 -9.99990E+02 -9.99990E+02 -9.99990E+02 -9.99990E+02 -9.99990E+02 -9.99990E+02 -9.99990E+02 -9.99990E+02 -9.99990E+02 -9.99990E+02 -9.99990E+02 -9.99990E+02 -9.99990E+02 -9.99990E+02 -9.99990E+02 -9.99990E+02 -9.99990E+02 -9.99990E+02 -9.99990E+02 -9.99990E+02 -9.99990E+02 -9.99990E+02 -9.99990E+02 -9.99990E+02 -9.99990E+02 -9.99990E+02 -9.99990E+02 -9.99990E+02 -9.99990E+02 -9.99990E+02 -9.99990E+02 -9.99990E+02 -9.99990E+02 -9.99990E+02 -9.99990E+02 -9.99990E+02 -9.99990E+02 -9.99990E+02 -9.99990E+02 -9.99990E+02 -9.99990E+02 -9.99990E+02 -9.99990E+02 -9.99990E+02 -9.99990E+02 -9.99990E+02 -9.99990E+02 -9.99990E+02 -9.99990E+02  1.84478E+02  1.84273E+02  1.83706E+02  1.82974E+02  1.82077E+02  1.81110E+02  1.82420E+02  1.83392E+02  1.84471E+02  1.85375E+02  1.85840E+02  1.85934E+02 -9.99990E+02 -9.99990E+02 -9.99990E+02 -9.99990E+02 -9.99990E+02 -9.99990E+02 -9.99990E+02 -9.99990E+02 -9.99990E+02 -9.99990E+02 -9.99990E+02 -9.99990E+02
 -9.99990E+02 -9.99990E+02 -9.99990E+02 -9.99990E+02 -9.99990E+02 -9.99990E+02 -9.99990E+02 -9.99990E+02 -9.99990E+02 -9.99990E+02 -9.99990E+02 -9.99990E+02 -9.99990E+02 -9.99990E+02 -9.99990E+02 -9.99990E+02 -9.99990E+02 -9.99990E+02 -9.99990E+02 -9.99990E+02 -9.99990E+02 -9.99990E+02 -9.99990E+02 -9.99990E+02 -9.99990E+02 -9.99990E+02 -9.99990E+02 -9.99990E+02 -9.99990E+02 -9.99990E+02 -9.99990E+02 -9.99990E+02 -9.99990E+02 -9.99990E+02 -9.99990E+02 -9.99990E+02 -9.99990E+02 -9.99990E+02 -9.99990E+02 -9.99990E+02 -9.99990E+02 -9.99990E+02 -9.99990E+02 -9.99990E+02 -9.99990E+02 -9.99990E+02 -9.99990E+02 -9.99990E+02 -9.99990E+02  1.84199E+02  1.83908E+02  1.83464E+02  1.82953E+02  1.82233E+02  1.81686E+02  1.81636E+02  1.81924E+02  1.82916E+02  1.84026E+02  1.85107E+02 -9.99990E+02 -9.99990E+02 -9.99990E+02 -9.99990E+02 -9.99990E+02 -9.99990E+02 -9.99990E+02 -9.99990E+02 -9.99990E+02 -9.99990E+02 -9.99990E+02 -9.99990E+02 -9.99990E+02
 -9.99990E+02 -9.99990E+02 -9.99990E+02 -9.99990E+02 -9.99990E+02 -9.99990E+02 -9.99990E+02 -9.99990E+02 -9.99990E+02 -9.99990E+02 -9.99990E+02 -9.99990E+02 -9.99990E+02 -9.99990E+02 -9.99990E+02 -9.99990E+02 -9.99990E+02 -9.99990E+02 -9.99990E+02 -9.99990E+02 -9.99990E+02 -9.99990E+02 -9.99990E+02 -9.99990E+02 -9.99990E+02 -9.99990E+02 -9.99990E+02 -9.99990E+02 -9.99990E+02 -9.99990E+02 -9.99990E+02 -9.99990E+02 -9.99990E+02 -9.99990E+02 -9.99990E+02 -9.99990E+02 -9.99990E+02 -9.99990E+02 -9.99990E+02 -9.99990E+02 -9.99990E+02 -9.99990E+02 -9.99990E+02 -9.99990E+02 -9.99990E+02 -9.99990E+02 -9.99990E+02 -9.99990E+02 -9.99990E+02 -9.99990E+02  1.83609E+02  1.83370E+02  1.83134E+02 -9.99990E+02  1.81430E+02  1.81197E+02  1.80980E+02  1.80912E+02  1.82020E+02 -9.99990E+02 -9.99990E+02 -9.99990E+02 -9.99990E+02 -9.99990E+02 -9.99990E+02 -9.99990E+02 -9.99990E+02 -9.99990E+02 -9.99990E+02 -9.99990E+02 -9.99990E+02 -9.99990E+02 -9.99990E+02
 -9.99990E+02 -9.99990E+02 -9.99990E+02 -9.99990E+02 -9.99990E+02 -9.99990E+02 -9.99990E+02 -9.99990E+02 -9.99990E+02 -9.99990E+02 -9.99990E+02 -9.99990E+02 -9.99990E+02 -9.99990E+02 -9.99990E+02 -9.99990E+02 -9.99990E+02 -9.99990E+02 -9.99990E+02 -9.99990E+02 -9.99990E+02 -9.99990E+02 -9.99990E+02 -9.99990E+02 -9.99990E+02 -9.99990E+02 -9.99990E+02 -9.99990E+02 -9.99990E+02 -9.99990E+02 -9.99990E+02 -9.99990E+02 -9.99990E+02 -9.99990E+02 -9.99990E+02 -9.99990E+02 -9.99990E+02 -9.99990E+02 -9.99990E+02 -9.99990E+02 -9.99990E+02 -9.99990E+02 -9.99990E+02 -9.99990E+02 -9.99990E+02 -9.99990E+02 -9.99990E+02 -9.99990E+02 -9.99990E+02 -9.99990E+02 -9.99990E+02  1.83313E+02 -9.99990E+02 -9.99990E+02 -9.99990E+02  1.80773E+02  1.80630E+02  1.80457E+02  1.80991E+02 -9.99990E+02 -9.99990E+02 -9.99990E+02 -9.99990E+02 -9.99990E+02 -9.99990E+02 -9.99990E+02 -9.99990E+02 -9.99990E+02 -9.99990E+02 -9.99990E+02 -9.99990E+02 -9.99990E+02 -9.99990E+02
 -9.99990E+02 -9.99990E+02 -9.99990E+02 -9.99990E+02 -9.99990E+02 -9.99990E+02 -9.99990E+02 -9.99990E+02 -9.99990E+02 -9.99990E+02 -9.99990E+02 -9.99990E+02 -9.99990E+02 -9.99990E+02 -9.99990E+02 -9.99990E+02 -9.99990E+02 -9.99990E+02 -9.99990E+02 -9.99990E+02 -9.99990E+02 -9.99990E+02 -9.99990E+02 -9.99990E+02 -9.99990E+02 -9.99990E+02 -9.99990E+02 -9.99990E+02 -9.99990E+02 -9.99990E+02 -9.99990E+02 -9.99990E+02 -9.99990E+02 -9.99990E+02 -9.99990E+02 -9.99990E+02 -9.99990E+02 -9.99990E+02 -9.99990E+02 -9.99990E+02 -9.99990E+02 -9.99990E+02 -9.99990E+02 -9.99990E+02 -9.99990E+02 -9.99990E+02 -9.99990E+02 -9.99990E+02 -9.99990E+02 -9.99990E+02 -9.99990E+02 -9.99990E+02 -9.99990E+02 -9.99990E+02 -9.99990E+02  1.80524E+02  1.80309E+02  1.79846E+02  1.80502E+02 -9.99990E+02 -9.99990E+02 -9.99990E+02 -9.99990E+02 -9.99990E+02 -9.99990E+02 -9.99990E+02 -9.99990E+02 -9.99990E+02 -9.99990E+02 -9.99990E+02 -9.99990E+02 -9.99990E+02 -9.99990E+02
