 Yearly Averaged GW/SW Rates for MODFLOW
 
 year:        2005
 Layer, Row, Column, Rate
           1          25          17  -193.4385    
           1          25          18  -3970.699    
           1          26          18  -310.6246    
           1          26          19  -2460.387    
           1          27          19   361.9475    
           1          27          20  -1229.266    
           1          28          20   218.6894    
           1          28          21  -1285.210    
           1          29          21   136.5644    
           1          29          22   146.5473    
           1          30          22   289.9655    
           1          31          22   32.42624    
           1          31          23   256.9158    
           1          32          22   28.68469    
           1          32          23   245.0672    
           1          33          22   258.1620    
           1          34          22   88.54847    
           1          34          23   251.3029    
           1          35          23   118.4802    
           1          35          24   288.0939    
           1          36          23   165.8725    
           1          36          24   299.9424    
           1          36          25   257.5392    
           1          36          26   291.2124    
           1          36          27   71.71191    
           1          37          27   301.1893    
           1          37          56   20.86155    
           1          37          57   177.7095    
           1          38          27   286.8477    
           1          38          55   365.4635    
           1          38          56   348.4650    
           1          39          27   280.6121    
           1          39          55   339.9527    
           1          40          25   185.2036    
           1          40          26   283.1060    
           1          40          27   19.33104    
           1          40          55   367.7664    
           1          41          25   152.7776    
           1          41          26   299.9424    
           1          41          27   182.7091    
           1          41          33   127.5239    
           1          41          53   355.4048    
           1          41          54   379.3561    
           1          41          55   83.44312    
           1          42          27   288.0939    
           1          42          33   195.0965    
           1          42          34   107.2013    
           1          42          52   326.8180    
           1          42          53   42.49409    
           1          43          27   79.19475    
           1          43          28   257.5392    
           1          43          34   267.7491    
           1          43          52   332.9993    
           1          44          28   137.8117    
           1          44          29   290.5889    
           1          44          30   153.4010    
           1          44          34   96.53215    
           1          44          35   219.9914    
           1          44          52   182.3382    
           1          44          53   192.3824    
           1          45          30   323.6392    
           1          45          35   242.3459    
           1          45          53   339.1795    
           1          46          30   265.0224    
           1          46          35   280.4392    
           1          46          51   256.5092    
           1          46          52   406.3977    
           1          46          53   57.94647    
           1          47          30   241.9495    
           1          47          31   257.5392    
           1          47          32   295.5770    
           1          47          35   228.6195    
           1          47          50   295.9138    
           1          47          51   129.8003    
           1          48          32   77.32414    
           1          48          33   212.6409    
           1          48          35   153.9369    
           1          48          36   118.8819    
           1          48          49   93.48700    
           1          48          50   313.6840    
           1          49          33   337.9813    
           1          49          34   53.62579    
           1          49          35   194.5496    
           1          49          36   815.9876    
           1          49          37   247.9248    
           1          49          38   38.61121    
           1          49          41   81.47943    
           1          49          42   133.5141    
           1          49          49   415.6698    
           1          50          34   324.8755    
           1          50          35   111.6210    
           1          50          36   97.89835    
           1          50          37   280.6008    
           1          50          38   1094.805    
           1          50          39   430.9570    
           1          50          40   456.4809    
           1          50          41   371.0751    
           1          50          42   475.1339    
           1          50          43   56.93738    
           1          50          49   390.9457    
           1          51          43   431.9398    
           1          51          48   112.8024    
           1          51          49   277.3706    
           1          52          43   505.5650    
           1          52          48   58.90088    
           1          52          49   2057.647    
           1          52          50   387.0108    
           1          53          43   476.1157    
           1          53          44   71.66277    
           1          53          47   160.9955    
           1          53          48   570.3571    
           1          53          50   656.9012    
           1          53          51   532.9886    
           1          54          44   407.3970    
           1          54          45   405.4337    
           1          54          46   506.5479    
           1          54          47   393.6540    
           1          54          51   398.8925    
           1          54          52   609.3720    
           1          55          52   872.4726    
           1          56          52   144.2800    
           1          56          53   767.2311    
           1          56          54   877.5633    
           1          57          53   64.50180    
           1          57          54   833.4308    
           1          58          53   853.8014    
           1          59          53   740.0735    
           1          60          53   792.6942    
           1          61          53   78.08120    
           1          61          54   925.0902    
           1          61          55   753.6524    
           1          61          56   169.7416    
           1          62          56   918.3025    
           1          63          56   568.6337    
           1          63          57   263.0997    
           1          64          56   957.3423    
           1          64          57   100.1476    
           1          65          56   767.2311    
           1          66          56   797.7850    
           1          67          56   733.2830    
           1          68          56   699.3348    
           1          68          57   129.0036    
           1          69          57   925.0902    
           1          70          57   147.6754    
           1          70          58   790.9944    
           1          71          58   745.1654    
           1          72          58   802.8768    
           1          73          54   886.0513    
           1          73          55   789.2976    
           1          73          56   745.1654    
           1          73          57   768.9290    
           1          73          58   392.1027    
           1          74          54   796.0884    
           1          75          54   224.0590    
           1          75          55   560.1477    
           1          76          54   660.2956    
           1          76          55   458.3029    
           1          77          53   1018.448    
           1          77          54   193.5054    
           1          78          53   476.9738    
           1          78          54   763.8371    
           1          78          55   611.0682    
           1          79          55   336.0884    
           1          79          56   504.1330    
           1          80          56   774.0217    
           1          81          56   806.2726    
           1          82          56   697.6373    
           1          83          56   828.3395    
           1          84          53   32.25090    
           1          84          54   120.5165    
           1          84          55   697.6373    
           1          84          56   278.3766    
           1          85          53   751.9553    
           1          85          54   952.2505    
           1          85          55   346.2730    
           1          86          53   767.2311    
           1          86          54   95.05531    
           1          87          54   1001.475    
           1          87          55   95.05531    
           1          88          55   755.3495    
           1          88          56   723.0978    
           1          88          57   1262.876    
           1          89          57   880.9595    
           1          90          56   463.3937    
           1          90          57   395.4972    
           1          91          54   638.2287    
           1          91          55   838.5226    
           1          91          56   694.2438    
           1          92          54   777.4165    
           1          93          54   303.8380    
           1          93          55   858.8914    
           1          93          56   913.2090    
           1          93          57   790.9944    
           1          94          57   332.6933    
           1          94          58   527.8960    
           1          95          56   315.7191    
           1          95          57   794.3910    
           1          96          56   330.9962    
           1          96          57   1052.399    
           1          97          54   719.7041    
           1          97          55   814.7592    
           1          97          57   130.7012    
           1          97          58   592.3975    
           1          98          54   774.0217    
           1          98          55   568.6337    
           1          98          56   1028.635    
           1          98          57   936.9744    
           1          98          58   166.3467    
           1          99          54   560.1477    
           1          99          55   268.1920    
           1         100          54   91.66037    
           1         100          55   1081.253    
           1         101          55   414.1697    
           1         101          56   801.1808    
           1         101          57   432.8407    
           1         102          57   402.2881    
           1         102          58   733.2830    
           1         103          58   828.3395    
           1         103          59   61.10707    
           1         104          58   575.4237    
 
 year:        2006
 Layer, Row, Column, Rate
           1          25          17  -971.1456    
           1          25          18  -9816.455    
           1          26          18  -1821.653    
           1          26          19  -5775.523    
           1          27          19   106.2387    
           1          27          20  -2791.310    
           1          28          20   64.43652    
           1          28          21  -2960.465    
           1          29          21   136.6236    
           1          29          22   71.04267    
           1          30          22   257.9548    
           1          31          22   33.38972    
           1          31          23   264.5491    
           1          32          22   29.53699    
           1          32          23   252.3488    
           1          33          22   265.8328    
           1          34          22   91.17948    
           1          34          23   258.7701    
           1          35          23   122.0007    
           1          35          24   296.6542    
           1          36          23   170.8011    
           1          36          24   308.8547    
           1          36          25   265.1913    
           1          36          26   299.8650    
           1          36          27   73.84267    
           1          37          27   310.1386    
           1          37          56   21.48141    
           1          37          57   182.9899    
           1          38          27   295.3707    
           1          38          55   376.3224    
           1          38          56   358.8190    
           1          39          27   288.9496    
           1          39          55   350.0771    
           1          40          25   190.7066    
           1          40          26   291.5178    
           1          40          27   19.90540    
           1          40          55   378.7191    
           1          41          25   157.3170    
           1          41          26   308.8547    
           1          41          27   188.1379    
           1          41          33   131.3130    
           1          41          53   365.9894    
           1          41          54   390.6538    
           1          41          55   85.92793    
           1          42          27   296.6542    
           1          42          33   200.8935    
           1          42          34   110.3866    
           1          42          52   336.5511    
           1          42          53   43.75964    
           1          43          27   81.54787    
           1          43          28   265.1913    
           1          43          34   275.7048    
           1          43          52   342.9164    
           1          44          28   141.9064    
           1          44          29   299.2230    
           1          44          30   157.9590    
           1          44          34   99.40038    
           1          44          35   226.5281    
           1          44          52   187.7685    
           1          44          53   198.1116    
           1          45          30   333.2552    
           1          45          35   249.5469    
           1          45          53   349.2811    
           1          46          30   272.8967    
           1          46          35   288.7917    
           1          46          51   264.1487    
           1          46          52   418.5013    
           1          46          53   59.67221    
           1          47          30   249.1385    
           1          47          31   265.1913    
           1          47          32   304.3597    
           1          47          35   235.4283    
           1          47          50   304.7264    
           1          47          51   133.6659    
           1          48          32   79.62160    
           1          48          33   218.9591    
           1          48          35   158.5214    
           1          48          36   122.4225    
           1          48          49   96.27110    
           1          48          50   323.0257    
           1          49          33   348.0236    
           1          49          34   55.22287    
           1          49          35   200.3436    
           1          49          36   910.4702    
           1          49          37   255.3085    
           1          49          38   39.76113    
           1          49          41   83.90606    
           1          49          42   137.4811    
           1          49          49   428.0492    
           1          50          34   334.5503    
           1          50          35   114.9377    
           1          50          36   100.8138    
           1          50          37   288.9572    
           1          50          38   1106.394    
           1          50          39   443.7919    
           1          50          40   470.0761    
           1          50          41   382.1261    
           1          50          42   489.2841    
           1          50          43   58.63312    
           1          50          49   402.5885    
           1          51          43   444.8038    
           1          51          48   116.1617    
           1          51          49   285.6310    
           1          52          43   520.6221    
           1          52          48   60.65504    
           1          52          49   2040.504    
           1          52          50   398.5367    
           1          53          43   490.2953    
           1          53          44   73.79699    
           1          53          47   165.7903    
           1          53          48   587.3433    
           1          53          50   676.4644    
           1          53          51   548.8622    
           1          54          44   419.5304    
           1          54          45   417.5086    
           1          54          46   521.6337    
           1          54          47   405.3780    
           1          54          51   410.7720    
           1          54          52   627.5202    
           1          55          52   898.4560    
           1          56          52   148.5771    
           1          56          53   790.0802    
           1          56          54   903.6981    
           1          57          53   66.42276    
           1          57          54   858.2518    
           1          58          53   879.2285    
           1          59          53   762.1140    
           1          60          53   816.3017    
           1          61          53   80.40652    
           1          61          54   952.6404    
           1          61          55   776.0974    
           1          61          56   174.7968    
           1          62          56   945.6514    
           1          63          56   585.5683    
           1          63          57   270.9352    
           1          64          56   985.8531    
           1          64          57   103.1300    
           1          65          56   790.0802    
           1          66          56   821.5441    
           1          67          56   755.1210    
           1          68          56   720.1620    
           1          68          57   132.8455    
           1          69          57   952.6404    
           1          70          57   152.0732    
           1          70          58   814.5515    
           1          71          58   767.3567    
           1          72          58   826.7883    
           1          73          54   912.4394    
           1          73          55   812.8038    
           1          73          56   767.3567    
           1          73          57   791.8279    
           1          73          58   403.7798    
           1          74          54   819.7968    
           1          75          54   230.7319    
           1          75          55   576.8298    
           1          76          54   679.9598    
           1          76          55   471.9518    
           1          77          53   1048.780    
           1          77          54   199.2683    
           1          78          53   491.1789    
           1          78          54   786.5851    
           1          78          55   629.2675    
           1          79          55   346.0976    
           1          79          56   519.1467    
           1          80          56   797.0733    
           1          81          56   830.2840    
           1          82          56   718.4142    
           1          83          56   853.0087    
           1          84          53   33.21138    
           1          84          54   124.1057    
           1          84          55   718.4142    
           1          84          56   286.6668    
           1          85          53   774.3497    
           1          85          54   980.6102    
           1          85          55   356.5856    
           1          86          53   790.0802    
           1          86          54   97.88626    
           1          87          54   1031.300    
           1          87          55   97.88626    
           1          88          55   777.8445    
           1          88          56   744.6329    
           1          88          57   1300.486    
           1          89          57   907.1948    
           1          90          56   477.1948    
           1          90          57   407.2758    
           1          91          54   657.2359    
           1          91          55   863.4956    
           1          91          56   714.9191    
           1          92          54   800.5699    
           1          93          54   312.8865    
           1          93          55   884.4711    
           1          93          56   940.4058    
           1          93          57   814.5515    
           1          94          57   342.6015    
           1          94          58   543.6176    
           1          95          56   325.1216    
           1          95          57   818.0497    
           1          96          56   340.8538    
           1          96          57   1083.741    
           1          97          54   741.1379    
           1          97          55   839.0247    
           1          97          57   134.5936    
           1          97          58   610.0402    
           1          98          54   797.0733    
           1          98          55   585.5683    
           1          98          56   1059.269    
           1          98          57   964.8778    
           1          98          58   171.3008    
           1          99          54   576.8298    
           1          99          55   276.1790    
           1         100          54   94.39013    
           1         100          55   1113.454    
           1         101          55   426.5043    
           1         101          56   825.0400    
           1         101          57   445.7312    
           1         102          57   414.2689    
           1         102          58   755.1210    
           1         103          58   853.0087    
           1         103          59   62.92687    
           1         104          58   592.5609    
 
 year:        2007
 Layer, Row, Column, Rate
           1          25          17  -88728.63    
           1          25          18  -211559.6    
           1          26          18  -90386.22    
           1          26          19  -92224.35    
           1          27          19  -53838.35    
           1          27          20  -40607.41    
           1          28          20  -40731.47    
           1          28          21  -70529.44    
           1          29          21  -19562.72    
           1          29          22  -68860.35    
           1          30          22  -38616.08    
           1          31          22  -6726.430    
           1          31          23  -39611.86    
           1          32          22  -8681.866    
           1          32          23  -25048.52    
           1          33          22  -14586.99    
           1          34          22  -7523.451    
           1          34          23  -9337.481    
           1          35          23   17.00364    
           1          35          24   1397.860    
           1          36          23   1138.875    
           1          36          24   2059.385    
           1          36          25   1768.245    
           1          36          26   1999.448    
           1          36          27   492.3693    
           1          37          27   2067.949    
           1          37          56   143.2342    
           1          37          57   1220.144    
           1          38          27   1969.477    
           1          38          55   2509.254    
           1          38          56   2392.542    
           1          39          27   1926.662    
           1          39          55   2334.191    
           1          40          25   1271.596    
           1          40          26   1943.786    
           1          40          27   132.7257    
           1          40          55   2525.171    
           1          41          25   1048.958    
           1          41          26   2059.385    
           1          41          27   1254.470    
           1          41          33   875.5724    
           1          41          53   2440.291    
           1          41          54   2604.747    
           1          41          55   572.9385    
           1          42          27   1978.043    
           1          42          33   1339.521    
           1          42          34   736.0389    
           1          42          52   2244.012    
           1          42          53   291.7738    
           1          43          27   543.7472    
           1          43          28   1768.245    
           1          43          34   1838.351    
           1          43          52   2286.446    
           1          44          28   946.2030    
           1          44          29   1995.166    
           1          44          30   1053.242    
           1          44          34   662.7836    
           1          44          35   1510.450    
           1          44          52   1251.976    
           1          44          53   1320.940    
           1          45          30   2222.083    
           1          45          35   1663.936    
           1          45          53   2328.887    
           1          46          30   1819.625    
           1          46          35   1925.570    
           1          46          51   1761.254    
           1          46          52   2790.419    
           1          46          53   397.8731    
           1          47          30   1661.213    
           1          47          31   1768.245    
           1          47          32   2029.417    
           1          47          35   1569.751    
           1          47          50   2031.806    
           1          47          51   891.2377    
           1          48          32   530.9026    
           1          48          33   1459.983    
           1          48          35   1056.966    
           1          48          36   816.2708    
           1          48          49   641.9030    
           1          48          50   2153.823    
           1          49          33   2320.562    
           1          49          34   368.2069    
           1          49          35   1335.821    
           1          49          36   6522.532    
           1          49          37   1702.311    
           1          49          38   265.1138    
           1          49          41   559.4568    
           1          49          42   916.7001    
           1          49          49   2854.079    
           1          50          34   2230.644    
           1          50          35   766.3837    
           1          50          36   672.1920    
           1          50          37   1926.665    
           1          50          38   6234.562    
           1          50          39   2959.059    
           1          50          40   3134.306    
           1          50          41   2547.887    
           1          50          42   3262.368    
           1          50          43   390.9457    
           1          50          49   2684.320    
           1          51          43   2965.797    
           1          51          48   774.5266    
           1          51          49   1904.490    
           1          52          43   3471.326    
           1          52          48   404.4265    
           1          52          49   2268.880    
           1          52          50   2657.301    
           1          53          43   3269.112    
           1          53          44   492.0517    
           1          53          47   1105.432    
           1          53          48   3627.268    
           1          53          50   2594.075    
           1          53          51   2657.095    
           1          54          44   2797.283    
           1          54          45   2783.802    
           1          54          46   3478.072    
           1          54          47   2702.917    
           1          54          51   2009.488    
           1          54          52   2026.738    
           1          55          52   1210.110    
           1          56          52   990.6622    
           1          56          53   555.9443    
           1          56          54   1030.334    
           1          57          53   255.3158    
           1          57          54   3231.976    
           1          58          53  -91.26219    
           1          59          53  -86.82893    
           1          60          53  -889.1837    
           1          61          53   536.1215    
           1          61          54   472.3082    
           1          61          55   2854.159    
           1          61          56   1165.482    
           1          62          56   879.1461    
           1          63          56   391.1251    
           1          63          57   1755.966    
           1          64          56   1113.710    
           1          64          57   687.6349    
           1          65          56   1202.037    
           1          66          56   1496.566    
           1          67          56   1283.166    
           1          68          56   2176.725    
           1          68          57   885.7687    
           1          69          57   2246.875    
           1          70          57   1013.973    
           1          70          58   2799.557    
           1          71          58   2543.330    
           1          72          58   2960.230    
           1          73          54   2119.381    
           1          73          55   2217.687    
           1          73          56   2748.514    
           1          73          57   3135.208    
           1          73          58   2692.268    
           1          74          54   2817.140    
           1          75          54   1538.438    
           1          75          55   3147.418    
           1          76          54   2796.788    
           1          76          55   3146.810    
           1          77          53   6992.901    
           1          77          54   1328.650    
           1          78          53   3236.578    
           1          78          54   2943.901    
           1          78          55   3340.413    
           1          79          55   2307.660    
           1          79          56   3461.499    
           1          80          56   3143.058    
           1          81          56   3049.780    
           1          82          56   3173.352    
           1          83          56   3435.892    
           1          84          53   221.4422    
           1          84          54   827.4942    
           1          84          55   3689.524    
           1          84          56   1911.396    
           1          85          53   3493.530    
           1          85          54   3288.123    
           1          85          55   2377.586    
           1          86          53   4180.624    
           1          86          54   652.6711    
           1          87          54   3583.990    
           1          87          55   652.6711    
           1          88          55   3546.135    
           1          88          56   3925.098    
           1          88          57   3213.369    
           1          89          57   3684.534    
           1          90          56   3181.770    
           1          90          57   2715.573    
           1          91          54   3764.434    
           1          91          55   4078.788    
           1          91          56   4139.498    
           1          92          54   4311.980    
           1          93          54   2086.218    
           1          93          55   4450.454    
           1          93          56   4183.330    
           1          93          57   4436.786    
           1          94          57   2284.349    
           1          94          58   3624.659    
           1          95          56   2167.799    
           1          95          57   4993.377    
           1          96          56   2272.688    
           1          96          57   5108.662    
           1          97          54   4941.658    
           1          97          55   4193.471    
           1          97          57   897.4229    
           1          97          58   4067.534    
           1          98          54   5314.601    
           1          98          55   3528.596    
           1          98          56   4567.178    
           1          98          57   5066.541    
           1          98          58   1142.175    
           1          99          54   3042.513    
           1          99          55   1841.463    
           1         100          54   629.3616    
           1         100          55   3821.880    
           1         101          55   2843.782    
           1         101          56   5239.212    
           1         101          57   2971.982    
           1         102          57   2762.197    
           1         102          58   5034.893    
           1         103          58   5687.565    
           1         103          59   419.5744    
           1         104          58   3950.986    
 
 year:        2008
 Layer, Row, Column, Rate
           1          25          17  -63344.49    
           1          25          18  -151419.2    
           1          26          18  -60791.16    
           1          26          19  -64904.19    
           1          27          19  -33147.64    
           1          27          20  -29037.60    
           1          28          20  -19797.94    
           1          28          21  -49362.00    
           1          29          21  -6231.299    
           1          29          22  -45939.67    
           1          30          22  -21596.69    
           1          31          22  -1787.906    
           1          31          23  -26251.24    
           1          32          22  -3644.210    
           1          32          23  -18907.97    
           1          33          22  -2950.609    
           1          34          22  -1473.604    
           1          34          23  -12082.64    
           1          35          23   626.0536    
           1          35          24  -1406.453    
           1          36          23   876.4732    
           1          36          24   1584.902    
           1          36          25   1360.845    
           1          36          26  -325.1160    
           1          36          27  -1511.459    
           1          37          27   1591.496    
           1          37          56   110.2329    
           1          37          57   939.0228    
           1          38          27   1515.707    
           1          38          55   1931.122    
           1          38          56   1841.304    
           1          39          27   1482.756    
           1          39          55   1776.417    
           1          40          25   978.6199    
           1          40          26   1495.938    
           1          40          27   102.1458    
           1          40          55   1943.327    
           1          41          25   807.2797    
           1          41          26   1584.902    
           1          41          27   965.4414    
           1          41          33   673.8397    
           1          41          53   1878.008    
           1          41          54   2004.563    
           1          41          55   440.9230    
           1          42          27   1522.297    
           1          42          33   1030.895    
           1          42          34   566.4552    
           1          42          52   1726.945    
           1          42          53   224.5435    
           1          43          27   418.4679    
           1          43          28   1360.845    
           1          43          34   1414.793    
           1          43          52   1759.608    
           1          44          28   728.1975    
           1          44          29   1535.482    
           1          44          30   810.5741    
           1          44          34   510.0779    
           1          44          35   1162.441    
           1          44          52   963.4934    
           1          44          53   1016.572    
           1          45          30   1710.119    
           1          45          35   1280.565    
           1          45          53   1792.269    
           1          46          30   1400.382    
           1          46          35   1481.897    
           1          46          51   1355.428    
           1          46          52   2147.453    
           1          46          53   306.1956    
           1          47          30   1278.469    
           1          47          31   1360.845    
           1          47          32   1561.839    
           1          47          35   1208.050    
           1          47          50   1563.646    
           1          47          51   685.8807    
           1          48          32   408.5834    
           1          48          33   1123.602    
           1          48          35   813.4218    
           1          48          36   628.1876    
           1          48          49   493.9965    
           1          48          50   1657.542    
           1          49          33   1785.903    
           1          49          34   283.3654    
           1          49          35   1028.022    
           1          49          36   2239.186    
           1          49          37   1310.062    
           1          49          38   204.0269    
           1          49          41   430.5483    
           1          49          42   705.4905    
           1          49          49   2196.451    
           1          50          34   1716.704    
           1          50          35   589.8077    
           1          50          36   517.3059    
           1          50          37   1482.724    
           1          50          38   1992.166    
           1          50          39   2277.238    
           1          50          40   2412.101    
           1          50          41   1960.802    
           1          50          42   2510.661    
           1          50          43   300.8648    
           1          50          49   2065.802    
           1          51          43   2282.426    
           1          51          48   596.0607    
           1          51          49   1465.660    
           1          52          43   2671.467    
           1          52          48   311.2393    
           1          52          49   671.6277    
           1          52          50   2045.010    
           1          53          43   2481.813    
           1          53          44   378.6750    
           1          53          47   850.7217    
           1          53          48   928.9597    
           1          53          50   393.9646    
           1          53          51   489.3868    
           1          54          44   2152.744    
           1          54          45   2142.363    
           1          54          46   2200.545    
           1          54          47   1454.659    
           1          54          51   196.1230    
           1          54          52   352.0253    
           1          55          52   124.7862    
           1          56          52   762.3932    
           1          56          53  -100.8937    
           1          56          54  -582.2673    
           1          57          53  -242.6812    
           1          57          54   3963.851    
           1          58          53  -140.6227    
           1          59          53  -45.40500    
           1          60          53  -63.44218    
           1          61          53   133.8145    
           1          61          54  -58.16366    
           1          61          55   2245.402    
           1          61          56   896.9375    
           1          62          56  -3322.442    
           1          63          56  -166.2236    
           1          63          57   889.3234    
           1          64          56   233.7377    
           1          64          57   529.1915    
           1          65          56   188.6263    
           1          66          56   260.0308    
           1          67          56   191.7576    
           1          68          56   514.7748    
           1          68          57   681.6700    
           1          69          57   526.5518    
           1          70          57   780.3325    
           1          70          58   589.7811    
           1          71          58   416.9283    
           1          72          58   542.6927    
           1          73          54   378.1682    
           1          73          55   317.3328    
           1          73          56   559.2910    
           1          73          57   596.2110    
           1          73          58   777.9263    
           1          74          54   486.5671    
           1          75          54   916.8495    
           1          75          55   565.6134    
           1          76          54   271.3977    
           1          76          55   919.1855    
           1          77          53   5381.611    
           1          77          54   1022.505    
           1          78          53   820.7733    
           1          78          54   285.5986    
           1          78          55   549.7883    
           1          79          55   1424.415    
           1          79          56   725.9908    
           1          80          56   577.3290    
           1          81          56   539.7626    
           1          82          56   523.4901    
           1          83          56   626.8472    
           1          84          53   170.4175    
           1          84          54   636.8237    
           1          84          55   551.7079    
           1          84          56   1470.976    
           1          85          53   537.1420    
           1          85          54   340.8670    
           1          85          55   1829.751    
           1          86          53   896.3923    
           1          86          54   502.2831    
           1          87          54   946.7562    
           1          87          55   502.2831    
           1          88          55   741.7601    
           1          88          56   595.0912    
           1          88          57   546.7898    
           1          89          57   563.6735    
           1          90          56   940.9302    
           1          90          57   2089.855    
           1          91          54   437.5099    
           1          91          55   593.4400    
           1          91          56   608.1718    
           1          92          54   701.9785    
           1          93          54   1605.513    
           1          93          55   769.6526    
           1          93          56   651.6339    
           1          93          57   749.4802    
           1          94          57   1757.994    
           1          94          58   2789.470    
           1          95          56   1668.300    
           1          95          57   721.2546    
           1          96          56   1749.025    
           1          96          57   899.0792    
           1          97          54   3803.006    
           1          97          55   865.2022    
           1          97          57   690.6384    
           1          97          58   3130.297    
           1          98          54   4090.021    
           1          98          55   110.3418    
           1          98          56   740.7500    
           1          98          57   1143.001    
           1          98          58   878.9969    
           1          99          54   405.5087    
           1          99          55   1417.156    
           1         100          54   484.3449    
           1         100          55   538.2082    
           1         101          55   2188.518    
           1         101          56   1444.501    
           1         101          57   2287.187    
           1         102          57   2125.737    
           1         102          58   1338.147    
           1         103          58   1852.729    
           1         103          59   322.8965    
           1         104          58   2258.494    
 
 year:        2009
 Layer, Row, Column, Rate
           1          25          17  -46096.61    
           1          25          18  -115720.8    
           1          26          18  -47253.64    
           1          26          19  -53465.09    
           1          27          19  -28069.47    
           1          27          20  -25122.31    
           1          28          20  -20344.26    
           1          28          21  -46047.74    
           1          29          21  -8631.045    
           1          29          22  -48242.20    
           1          30          22  -26843.75    
           1          31          22  -3269.727    
           1          31          23  -34896.27    
           1          32          22  -5363.957    
           1          32          23  -27681.22    
           1          33          22  -8414.775    
           1          34          22  -4548.290    
           1          34          23  -18409.27    
           1          35          23  -1817.536    
           1          35          24  -12495.11    
           1          36          23   1034.743    
           1          36          24   904.0259    
           1          36          25  -5818.877    
           1          36          26  -15983.75    
           1          36          27  -20646.68    
           1          37          27  -5051.391    
           1          37          56  -9718.725    
           1          37          57  -21256.47    
           1          38          27   1789.403    
           1          38          55  -24440.55    
           1          38          56  -7409.383    
           1          39          27   1750.502    
           1          39          55  -9742.025    
           1          40          25   1155.332    
           1          40          26   1766.062    
           1          40          27   120.5901    
           1          40          55  -4535.193    
           1          41          25   953.0522    
           1          41          26   1871.094    
           1          41          27   1139.772    
           1          41          33  -547.0487    
           1          41          53  -9844.215    
           1          41          54  -4449.059    
           1          41          55   242.0055    
           1          42          27   1797.181    
           1          42          33   1140.038    
           1          42          34   668.7405    
           1          42          52  -503.6783    
           1          42          53   265.0975    
           1          43          27   494.0310    
           1          43          28   1606.574    
           1          43          34   1670.266    
           1          43          52   1554.629    
           1          44          28   859.6896    
           1          44          29   1812.744    
           1          44          30   956.9417    
           1          44          34   602.1835    
           1          44          35   1372.343    
           1          44          52   1137.511    
           1          44          53   1200.170    
           1          45          30   2018.912    
           1          45          35   1022.374    
           1          45          53   2115.964    
           1          46          30   1653.253    
           1          46          35   1151.109    
           1          46          51   1600.225    
           1          46          52   2535.301    
           1          46          53   361.4978    
           1          47          30   1509.322    
           1          47          31   1606.574    
           1          47          32   1843.865    
           1          47          35   180.0222    
           1          47          50   1846.045    
           1          47          51   809.7544    
           1          48          32   482.3603    
           1          48          33   1326.490    
           1          48          35   960.3305    
           1          48          36   741.6416    
           1          48          49   583.2155    
           1          48          50   1956.906    
           1          49          33   2108.388    
           1          49          34   334.5424    
           1          49          35   1213.689    
           1          49          36   1373.434    
           1          49          37   1546.671    
           1          49          38   240.8751    
           1          49          41   508.3069    
           1          49          42   832.8826    
           1          49          49   2217.352    
           1          50          34   2026.694    
           1          50          35   696.3107    
           1          50          36   610.7349    
           1          50          37   1750.514    
           1          50          38   1451.828    
           1          50          39   1383.303    
           1          50          40   1326.695    
           1          50          41   1221.567    
           1          50          42   2316.492    
           1          50          43   355.2027    
           1          50          49   2438.900    
           1          51          43   2664.350    
           1          51          48   703.7133    
           1          51          49   1730.365    
           1          52          43   1724.940    
           1          52          48   367.4508    
           1          52          49   385.1031    
           1          52          50   1187.887    
           1          53          43   1208.952    
           1          53          44   447.0653    
           1          53          47   1004.365    
           1          53          48   654.6064    
           1          53          50   237.7135    
           1          53          51   351.6135    
           1          54          44   2541.537    
           1          54          45   2529.288    
           1          54          46   1356.460    
           1          54          47   674.6865    
           1          54          51   111.8786    
           1          54          52   262.5023    
           1          55          52   36.27795    
           1          56          52   586.6801    
           1          56          53  -173.8682    
           1          56          54  -748.3547    
           1          57          53  -340.6869    
           1          57          54   2762.820    
           1          58          53  -217.8861    
           1          59          53  -189.7896    
           1          60          53  -554.1800    
           1          61          53  -44.61451    
           1          61          54  -113.3367    
           1          61          55   1905.188    
           1          61          56   1058.925    
           1          62          56  -4038.572    
           1          63          56  -223.1984    
           1          63          57   354.2571    
           1          64          56   176.1025    
           1          64          57   624.7667    
           1          65          56   89.62615    
           1          66          56   186.6295    
           1          67          56   58.33016    
           1          68          56   330.9841    
           1          68          57   804.7844    
           1          69          57   349.0594    
           1          70          57   921.2664    
           1          70          58   491.1950    
           1          71          58   371.0031    
           1          72          58   482.5847    
           1          73          54   316.3973    
           1          73          55   246.8003    
           1          73          56   496.2724    
           1          73          57   534.2124    
           1          73          58   436.5977    
           1          74          54   385.3195    
           1          75          54   121.9182    
           1          75          55   404.5513    
           1          76          54   173.8065    
           1          76          55   567.8840    
           1          77          53   5837.793    
           1          77          54   339.5002    
           1          78          53   791.0847    
           1          78          54   193.3769    
           1          78          55   423.7614    
           1          79          55   436.4158    
           1          79          56   547.1636    
           1          80          56   483.6505    
           1          81          56   491.7255    
           1          82          56   477.1734    
           1          83          56   488.2992    
           1          84          53   201.1961    
           1          84          54   751.8380    
           1          84          55   295.7064    
           1          84          56   1302.193    
           1          85          53   435.6769    
           1          85          54   135.4599    
           1          85          55   1122.021    
           1          86          53   708.3659    
           1          86          54   592.9992    
           1          87          54   627.1311    
           1          87          55   592.9992    
           1          88          55   489.1851    
           1          88          56   511.0099    
           1          88          57   505.2395    
           1          89          57   388.2619    
           1          90          56   215.8183    
           1          90          57   1163.543    
           1          91          54   319.3340    
           1          91          55   475.2993    
           1          91          56   512.5884    
           1          92          54   488.7578    
           1          93          54   1078.219    
           1          93          55   598.5083    
           1          93          56   531.9877    
           1          93          57   586.4512    
           1          94          57   164.4744    
           1          94          58   2228.620    
           1          95          56   1676.485    
           1          95          57   474.8253    
           1          96          56   1496.981    
           1          96          57   607.6685    
           1          97          54   4489.855    
           1          97          55   703.7024    
           1          97          57   815.3735    
           1          97          58   1306.553    
           1          98          54   3613.767    
           1          98          55   14.63439    
           1          98          56   573.4412    
           1          98          57   791.1233    
           1          98          58   1037.750    
           1          99          54   206.1841    
           1          99          55   433.3991    
           1         100          54   571.8204    
           1         100          55   218.0108    
           1         101          55   2583.781    
           1         101          56   1043.358    
           1         101          57   1225.637    
           1         102          57   1861.670    
           1         102          58   783.2082    
           1         103          58   1391.169    
           1         103          59   381.2133    
           1         104          58   1038.074    
 
 year:        2010
 Layer, Row, Column, Rate
           1          25          17  -111498.2    
           1          25          18  -276769.1    
           1          26          18  -110135.4    
           1          26          19  -130519.8    
           1          27          19  -67949.70    
           1          27          20  -62470.08    
           1          28          20  -48059.03    
           1          28          21  -115879.5    
           1          29          21  -21731.98    
           1          29          22  -129002.9    
           1          30          22  -62203.98    
           1          31          22  -7910.861    
           1          31          23  -104599.3    
           1          32          22  -9029.219    
           1          32          23  -70839.64    
           1          33          22  -22210.04    
           1          34          22  -10622.08    
           1          34          23  -41813.20    
           1          35          23  -7460.944    
           1          35          24  -45841.05    
           1          36          23   2415.912    
           1          36          24  -3151.701    
           1          36          25  -27943.16    
           1          36          26  -60629.09    
           1          36          27  -87742.50    
           1          37          27  -61886.70    
           1          37          56  -64772.53    
           1          37          57  -210748.6    
           1          38          27  -30597.45    
           1          38          55  -167089.0    
           1          38          56  -80309.59    
           1          39          27  -16511.65    
           1          39          55  -68280.34    
           1          40          25   2697.466    
           1          40          26   1686.192    
           1          40          27  -1398.940    
           1          40          55  -42306.21    
           1          41          25   2225.187    
           1          41          26   4368.630    
           1          41          27  -3459.547    
           1          41          33  -103995.5    
           1          41          53  -113594.7    
           1          41          54  -38466.13    
           1          41          55  -5026.811    
           1          42          27   4196.063    
           1          42          33  -18264.50    
           1          42          34  -58157.84    
           1          42          52  -23861.80    
           1          42          53  -62.76022    
           1          43          27   1153.464    
           1          43          28   3751.024    
           1          43          34  -17938.52    
           1          43          52  -13443.77    
           1          44          28   2007.201    
           1          44          29   4232.385    
           1          44          30   2234.268    
           1          44          34  -2723.310    
           1          44          35  -33187.25    
           1          44          52  -16762.84    
           1          44          53   1008.818    
           1          45          30   4713.755    
           1          45          35  -5800.562    
           1          45          53   1047.996    
           1          46          30   3860.010    
           1          46          35  -2751.688    
           1          46          51  -5372.203    
           1          46          52   1383.249    
           1          46          53   844.0144    
           1          47          30   3523.962    
           1          47          31   3751.024    
           1          47          32   4305.050    
           1          47          35  -3031.311    
           1          47          50  -3187.021    
           1          47          51   1890.595    
           1          48          32   1126.216    
           1          48          33   3097.092    
           1          48          35  -401.3018    
           1          48          36  -1127.991    
           1          48          49  -1506.981    
           1          48          50   4008.264    
           1          49          33   2232.224    
           1          49          34   781.0821    
           1          49          35   2032.207    
           1          49          36   480.9648    
           1          49          37  -1193.011    
           1          49          38  -1468.834    
           1          49          41  -19164.01    
           1          49          42  -16838.42    
           1          49          49   234.1914    
           1          50          34   4731.922    
           1          50          35   1625.745    
           1          50          36   1425.933    
           1          50          37   4087.061    
           1          50          38   627.2839    
           1          50          39   258.4277    
           1          50          40  -348.4286    
           1          50          41  -488.6669    
           1          50          42  -5738.812    
           1          50          43  -9637.012    
           1          50          49   3567.389    
           1          51          43  -7811.937    
           1          51          48   659.1606    
           1          51          49   887.2581    
           1          52          43  -1151.686    
           1          52          48   433.9936    
           1          52          49  -25.38197    
           1          52          50  -333.3852    
           1          53          43   315.9477    
           1          53          44   925.1359    
           1          53          47   371.0462    
           1          53          48  -141.9651    
           1          53          50   24.69044    
           1          53          51   193.4363    
           1          54          44   5933.920    
           1          54          45   5905.308    
           1          54          46   726.9161    
           1          54          47  -694.8760    
           1          54          51  -408.9631    
           1          54          52   57.79681    
           1          55          52  -363.6754    
           1          56          52  -509.5009    
           1          56          53  -595.3943    
           1          56          54  -2706.317    
           1          57          53  -1184.036    
           1          57          54  -386.0503    
           1          58          53  -808.9466    
           1          59          53  -678.7111    
           1          60          53  -1373.748    
           1          61          53  -913.7245    
           1          61          54  -598.9778    
           1          61          55  -2574.437    
           1          61          56   2472.356    
           1          62          56  -10978.03    
           1          63          56  -632.1539    
           1          63          57  -2506.927    
           1          64          56  -191.8787    
           1          64          57   457.6603    
           1          65          56  -327.7231    
           1          66          56  -171.5425    
           1          67          56  -487.1566    
           1          68          56  -277.7621    
           1          68          57   70.30085    
           1          69          57   6.670046    
           1          70          57   992.3046    
           1          70          58   382.6798    
           1          71          58   333.1584    
           1          72          58   432.2856    
           1          73          54  -17.36708    
           1          73          55   182.1082    
           1          73          56   354.7809    
           1          73          57   339.9153    
           1          73          58   265.3166    
           1          74          54   222.0784    
           1          75          54   50.34710    
           1          75          55  -29.59799    
           1          76          54   106.8829    
           1          76          55   101.2796    
           1          77          53   5130.161    
           1          77          54   80.97393    
           1          78          53   509.5959    
           1          78          54   155.9339    
           1          78          55   214.4554    
           1          79          55   371.9196    
           1          79          56   211.7208    
           1          80          56   269.7724    
           1          81          56   432.9331    
           1          82          56   420.2025    
           1          83          56   373.9398    
           1          84          53   469.7473    
           1          84          54   1614.105    
           1          84          55   110.8792    
           1          84          56   564.2740    
           1          85          53  -54.41676    
           1          85          54  -66.03818    
           1          85          55   664.1999    
           1          86          53  -56.64445    
           1          86          54   1241.786    
           1          87          54  -292.6861    
           1          87          55   1384.519    
           1          88          55  -421.8794    
           1          88          56   383.4462    
           1          88          57   417.2292    
           1          89          57   138.0328    
           1          90          56  -651.5244    
           1          90          57   612.2233    
           1          91          54  -282.8591    
           1          91          55   179.3325    
           1          91          56   324.2741    
           1          92          54   84.17966    
           1          93          54  -390.8419    
           1          93          55   498.3731    
           1          93          56   435.4364    
           1          93          57   500.0080    
           1          94          57  -38.09790    
           1          94          58   1162.562    
           1          95          56   547.1609    
           1          95          57   329.3746    
           1          96          56   440.3536    
           1          96          57   364.1937    
           1          97          54   7589.325    
           1          97          55   468.6385    
           1          97          57   990.2379    
           1          97          58   729.0555    
           1          98          54   1534.104    
           1          98          55  -33.39743    
           1          98          56   203.4165    
           1          98          57  -145.9142    
           1          98          58   347.5164    
           1          99          54   24.25407    
           1          99          55   2.614101    
           1         100          54   1128.608    
           1         100          55  -78.63438    
           1         101          55   2365.654    
           1         101          56   714.5600    
           1         101          57   511.7510    
           1         102          57   1080.927    
           1         102          58   526.6776    
           1         103          58   1159.879    
           1         103          59   890.0483    
           1         104          58   830.6694    
 
 year:        2011
 Layer, Row, Column, Rate
           1          25          17  -78596.95    
           1          25          18  -196736.6    
           1          26          18  -76810.58    
           1          26          19  -92237.57    
           1          27          19  -45860.99    
           1          27          20  -43976.64    
           1          28          20  -30838.22    
           1          28          21  -80579.90    
           1          29          21  -12530.69    
           1          29          22  -87329.65    
           1          30          22  -41558.09    
           1          31          22  -4416.684    
           1          31          23  -67491.93    
           1          32          22  -5880.722    
           1          32          23  -46772.99    
           1          33          22  -11699.54    
           1          34          22  -5350.034    
           1          34          23  -28747.45    
           1          35          23  -4090.953    
           1          35          24  -28999.48    
           1          36          23   1995.671    
           1          36          24  -1762.299    
           1          36          25  -19407.32    
           1          36          26  -40794.14    
           1          36          27  -57915.70    
           1          37          27  -43315.65    
           1          37          56  -46479.08    
           1          37          57  -173361.0    
           1          38          27  -24313.54    
           1          38          55  -112572.5    
           1          38          56  -67213.80    
           1          39          27  -18361.18    
           1          39          55  -50392.25    
           1          40          25   2228.248    
           1          40          26  -4940.408    
           1          40          27  -1608.002    
           1          40          55  -34770.88    
           1          41          25   1838.121    
           1          41          26  -16.11893    
           1          41          27  -10947.99    
           1          41          33  -81107.60    
           1          41          53  -78394.09    
           1          41          54  -27596.52    
           1          41          55  -6380.630    
           1          42          27   2461.026    
           1          42          33  -16644.13    
           1          42          34  -52257.17    
           1          42          52  -16884.16    
           1          42          53  -813.9955    
           1          43          27   952.8223    
           1          43          28   3023.356    
           1          43          34  -19316.27    
           1          43          52  -9721.006    
           1          44          28   1658.054    
           1          44          29   2401.306    
           1          44          30  -2619.476    
           1          44          34  -2134.559    
           1          44          35  -40415.62    
           1          44          52  -14643.99    
           1          44          53  -424.4214    
           1          45          30  -1731.884    
           1          45          35  -6957.177    
           1          45          53  -496.7438    
           1          46          30   919.9922    
           1          46          35  -3339.320    
           1          46          51  -6213.779    
           1          46          52  -59.65927    
           1          46          53   697.2027    
           1          47          30   2438.834    
           1          47          31  -62.00036    
           1          47          32   3097.682    
           1          47          35  -3140.041    
           1          47          50  -5026.427    
           1          47          51   1561.736    
           1          48          32  -861.2938    
           1          48          33   2558.360    
           1          48          35  -841.0740    
           1          48          36  -5582.141    
           1          48          49  -4965.534    
           1          48          50   2313.552    
           1          49          33  -6385.355    
           1          49          34   196.8490    
           1          49          35   190.9490    
           1          49          36   122.5547    
           1          49          37  -4144.457    
           1          49          38  -5935.602    
           1          49          41  -31235.03    
           1          49          42  -27851.06    
           1          49          49  -1552.842    
           1          50          34   3908.818    
           1          50          35   1342.951    
           1          50          36   1177.900    
           1          50          37   2935.595    
           1          50          38   363.9274    
           1          50          39  -1184.244    
           1          50          40  -979.3596    
           1          50          41  -217.6446    
           1          50          42  -9429.807    
           1          50          43  -18190.45    
           1          50          49   604.5917    
           1          51          43  -17566.97    
           1          51          48  -3465.115    
           1          51          49  -12.69313    
           1          52          43  -3420.575    
           1          52          48  -1822.840    
           1          52          49  -149.0672    
           1          52          50  -716.3256    
           1          53          43   608.5715    
           1          53          44  -635.8641    
           1          53          47  -2059.136    
           1          53          48   89.27229    
           1          53          50   44.39237    
           1          53          51   115.5177    
           1          54          44   4901.750    
           1          54          45   4878.121    
           1          54          46   416.7450    
           1          54          47   289.2036    
           1          54          51  -64.67238    
           1          54          52   80.23395    
           1          55          52  -146.3869    
           1          56          52   287.8099    
           1          56          53  -254.8491    
           1          56          54  -2321.258    
           1          57          53  -434.8765    
           1          57          54   2367.702    
           1          58          53  -395.6725    
           1          59          53  -345.9487    
           1          60          53  -510.5877    
           1          61          53  -197.8142    
           1          61          54  -234.6716    
           1          61          55  -218.9210    
           1          61          56   2042.305    
           1          62          56  -8725.938    
           1          63          56  -258.1369    
           1          63          57  -1919.090    
           1          64          56   79.06617    
           1          64          57   631.2369    
           1          65          56  -22.01054    
           1          66          56   62.61267    
           1          67          56  -14.19630    
           1          68          56   209.0281    
           1          68          57   180.6213    
           1          69          57   125.2374    
           1          70          57   421.5160    
           1          70          58   337.5820    
           1          71          58   287.7259    
           1          72          58   397.9816    
           1          73          54   248.6160    
           1          73          55   128.3825    
           1          73          56   385.1279    
           1          73          57   398.3553    
           1          73          58   356.7663    
           1          74          54   282.8371    
           1          75          54   47.78618    
           1          75          55   314.4967    
           1          76          54   100.3995    
           1          76          55   415.4737    
           1          77          53   5198.772    
           1          77          54   52.85826    
           1          78          53   603.6722    
           1          78          54   126.8867    
           1          78          55   247.8466    
           1          79          55   313.7083    
           1          79          56   403.8735    
           1          80          56   402.1962    
           1          81          56   406.0153    
           1          82          56   377.4756    
           1          83          56   328.7238    
           1          84          53   388.0385    
           1          84          54   403.1375    
           1          84          55   26.64663    
           1          84          56   514.8757    
           1          85          53   318.7653    
           1          85          54  -169.2079    
           1          85          55   583.6328    
           1          86          53   472.2638    
           1          86          54   162.1859    
           1          87          54   225.7647    
           1          87          55   1066.290    
           1          88          55   211.6232    
           1          88          56   326.8727    
           1          88          57   379.8588    
           1          89          57   201.7665    
           1          90          56   125.8460    
           1          90          57   682.3199    
           1          91          54   164.3118    
           1          91          55   307.8795    
           1          91          56   369.6825    
           1          92          54   365.2733    
           1          93          54   528.6952    
           1          93          55   424.8473    
           1          93          56   347.9265    
           1          93          57   438.0256    
           1          94          57  -89.94167    
           1          94          58   1279.197    
           1          95          56   458.6459    
           1          95          57   302.2419    
           1          96          56   329.6150    
           1          96          57   293.5319    
           1          97          54   6394.964    
           1          97          55   354.6157    
           1          97          57   13.78415    
           1          97          58   722.0844    
           1          98          54   658.8124    
           1          98          55  -34.71354    
           1          98          56   280.8612    
           1          98          57   384.3611    
           1          98          58   713.8153    
           1          99          54  -59.03936    
           1          99          55  -14.63935    
           1         100          54   366.0735    
           1         100          55  -174.4167    
           1         101          55   1782.592    
           1         101          56   547.5051    
           1         101          57   481.7415    
           1         102          57   858.6275    
           1         102          58   427.9114    
           1         103          58   934.9078    
           1         103          59   735.2307    
           1         104          58   638.1948    
 
 year:        2012
 Layer, Row, Column, Rate
           1          25          17  -103866.5    
           1          25          18  -256754.4    
           1          26          18  -103052.9    
           1          26          19  -120318.7    
           1          27          19  -63415.67    
           1          27          20  -57401.60    
           1          28          20  -45220.05    
           1          28          21  -106756.3    
           1          29          21  -20971.84    
           1          29          22  -120314.1    
           1          30          22  -59487.17    
           1          31          22  -7776.053    
           1          31          23  -98669.30    
           1          32          22  -9045.646    
           1          32          23  -67768.62    
           1          33          22  -22077.76    
           1          34          22  -11082.83    
           1          34          23  -40585.07    
           1          35          23  -8491.884    
           1          35          24  -44194.16    
           1          36          23   2687.899    
           1          36          24  -6421.243    
           1          36          25  -29221.87    
           1          36          26  -59782.88    
           1          36          27  -85070.01    
           1          37          27  -63535.32    
           1          37          56  -75560.84    
           1          37          57  -292481.4    
           1          38          27  -37189.73    
           1          38          55  -184099.4    
           1          38          56  -116175.1    
           1          39          27  -29894.89    
           1          39          55  -83167.26    
           1          40          25   2882.590    
           1          40          26  -9274.979    
           1          40          27  -4386.932    
           1          40          55  -61219.46    
           1          41          25   2475.699    
           1          41          26  -3968.966    
           1          41          27  -18581.22    
           1          41          33  -122564.0    
           1          41          53  -126158.2    
           1          41          54  -49661.32    
           1          41          55  -22518.23    
           1          42          27  -3167.903    
           1          42          33  -25453.51    
           1          42          34  -81544.70    
           1          42          52  -27554.43    
           1          42          53  -2058.101    
           1          43          27   1283.321    
           1          43          28  -2775.858    
           1          43          34  -29638.05    
           1          43          52  -16873.80    
           1          44          28   2233.174    
           1          44          29  -10884.78    
           1          44          30  -12025.15    
           1          44          34  -4234.466    
           1          44          35  -63574.42    
           1          44          52  -24169.30    
           1          44          53  -1659.118    
           1          45          30  -11080.41    
           1          45          35  -11269.76    
           1          45          53  -1821.638    
           1          46          30  -8239.001    
           1          46          35  -5667.425    
           1          46          51  -10564.26    
           1          46          52  -953.7585    
           1          46          53   939.0383    
           1          47          30  -3387.276    
           1          47          31  -8608.555    
           1          47          32  -5386.499    
           1          47          35  -5223.274    
           1          47          50  -8683.242    
           1          47          51   1742.813    
           1          48          32  -4668.184    
           1          48          33   1585.367    
           1          48          35  -1401.283    
           1          48          36  -9439.985    
           1          48          49  -8161.683    
           1          48          50   1354.263    
           1          49          33  -12429.00    
           1          49          34  -770.6777    
           1          49          35   9.333968    
           1          49          36  -36.66438    
           1          49          37  -6932.972    
           1          49          38  -9809.209    
           1          49          41  -48901.04    
           1          49          42  -55547.33    
           1          49          49  -2826.861    
           1          50          34   3853.266    
           1          50          35   1808.771    
           1          50          36   1586.471    
           1          50          37   1787.533    
           1          50          38   105.2432    
           1          50          39  -2148.469    
           1          50          40  -1907.523    
           1          50          41  -736.0352    
           1          50          42  -13350.25    
           1          50          43  -33121.47    
           1          50          49  -1211.066    
           1          51          43  -27788.44    
           1          51          48  -5785.990    
           1          51          49  -360.5326    
           1          52          43  -5456.625    
           1          52          48  -3052.779    
           1          52          49  -207.3006    
           1          52          50  -1114.794    
           1          53          43   488.9738    
           1          53          44  -1886.576    
           1          53          47  -3900.659    
           1          53          48   18.31973    
           1          53          50  -7.458143    
           1          53          51   47.28334    
           1          54          44   6601.995    
           1          54          45   6381.671    
           1          54          46  -489.1787    
           1          54          47   167.0402    
           1          54          51  -94.78056    
           1          54          52   32.69664    
           1          55          52  -184.2204    
           1          56          52   83.79239    
           1          56          53  -293.4851    
           1          56          54  -3149.802    
           1          57          53  -553.9205    
           1          57          54   347.2634    
           1          58          53  -589.2583    
           1          59          53  -648.8472    
           1          60          53  -1129.202    
           1          61          53  -335.3789    
           1          61          54  -302.0188    
           1          61          55  -799.6612    
           1          61          56   2750.710    
           1          62          56  -9370.877    
           1          63          56  -290.2287    
           1          63          57  -2164.251    
           1          64          56   53.24258    
           1          64          57   444.8742    
           1          65          56  -79.96738    
           1          66          56   21.15414    
           1          67          56  -99.94096    
           1          68          56   118.4607    
           1          68          57   129.6802    
           1          69          57   86.13953    
           1          70          57   382.2630    
           1          70          58   315.2753    
           1          71          58   256.6889    
           1          72          58   367.2839    
           1          73          54   183.1907    
           1          73          55   93.54939    
           1          73          56   341.7064    
           1          73          57   368.3253    
           1          73          58   333.6719    
           1          74          54   249.5612    
           1          75          54   49.25842    
           1          75          55   249.0758    
           1          76          54   101.4953    
           1          76          55   375.0981    
           1          77          53   5249.420    
           1          77          54   36.14415    
           1          78          53   597.7181    
           1          78          54   107.6536    
           1          78          55   215.4178    
           1          79          55   273.8582    
           1          79          56   373.5451    
           1          80          56   350.2909    
           1          81          56   371.6031    
           1          82          56   347.5252    
           1          83          56   299.1129    
           1          84          53   522.6350    
           1          84          54   349.5497    
           1          84          55   6.812520    
           1          84          56   483.7704    
           1          85          53   238.4289    
           1          85          54  -169.7873    
           1          85          55   522.4434    
           1          86          53   403.1709    
           1          86          54   125.2007    
           1          87          54   89.43156    
           1          87          55   397.4008    
           1          88          55   62.49270    
           1          88          56   282.6012    
           1          88          57   357.5386    
           1          89          57   166.4862    
           1          90          56  -8.260253    
           1          90          57   642.0546    
           1          91          54   96.16781    
           1          91          55   244.9375    
           1          91          56   318.4821    
           1          92          54   287.2601    
           1          93          54   386.1999    
           1          93          55   366.8019    
           1          93          56   284.3471    
           1          93          57   392.8516    
           1          94          57  -126.4035    
           1          94          58   1188.438    
           1          95          56   392.1304    
           1          95          57   275.2586    
           1          96          56   252.6370    
           1          96          57   263.4104    
           1          97          54   5751.524    
           1          97          55   277.3235    
           1          97          57  -30.08162    
           1          97          58   658.3803    
           1          98          54   173.8853    
           1          98          55  -35.52280    
           1          98          56   204.6782    
           1          98          57   281.3048    
           1          98          58   467.4057    
           1          99          54  -87.76516    
           1          99          55  -28.49179    
           1         100          54   299.4590    
           1         100          55  -212.1497    
           1         101          55   1671.806    
           1         101          56   430.0788    
           1         101          57   414.1048    
           1         102          57   692.7854    
           1         102          58   352.4475    
           1         103          58   759.4163    
           1         103          59   990.2556    
           1         104          58   485.8005    
 
 year:        2013
 Layer, Row, Column, Rate
           1          25          17  -95770.21    
           1          25          18  -237662.2    
           1          26          18  -94297.99    
           1          26          19  -111383.3    
           1          27          19  -57386.02    
           1          27          20  -53188.76    
           1          28          20  -40064.85    
           1          28          21  -98463.33    
           1          29          21  -17810.17    
           1          29          22  -109530.6    
           1          30          22  -53171.63    
           1          31          22  -6490.721    
           1          31          23  -87942.09    
           1          32          22  -7797.934    
           1          32          23  -60269.92    
           1          33          22  -18030.56    
           1          34          22  -8803.801    
           1          34          23  -36276.89    
           1          35          23  -7120.251    
           1          35          24  -38723.18    
           1          36          23   2476.257    
           1          36          24  -5885.280    
           1          36          25  -26184.16    
           1          36          26  -52976.39    
           1          36          27  -74749.08    
           1          37          27  -55852.88    
           1          37          56  -64875.72    
           1          37          57  -255683.2    
           1          38          27  -32463.57    
           1          38          55  -155824.4    
           1          38          56  -102712.9    
           1          39          27  -25671.33    
           1          39          55  -72062.06    
           1          40          25   2079.105    
           1          40          26  -9089.033    
           1          40          27  -3295.561    
           1          40          55  -55019.06    
           1          41          25   2280.765    
           1          41          26  -4584.938    
           1          41          27  -15895.68    
           1          41          33  -104613.7    
           1          41          53  -104851.3    
           1          41          54  -44684.05    
           1          41          55  -22883.97    
           1          42          27  -2939.900    
           1          42          33  -21864.65    
           1          42          34  -68621.52    
           1          42          52  -22392.21    
           1          42          53  -2118.461    
           1          43          27   1182.273    
           1          43          28  -2341.213    
           1          43          34  -25096.65    
           1          43          52  -13435.88    
           1          44          28   2057.336    
           1          44          29  -10619.92    
           1          44          30  -9224.325    
           1          44          34  -3461.248    
           1          44          35  -52999.32    
           1          44          52  -19311.99    
           1          44          53  -2150.597    
           1          45          30  -9865.941    
           1          45          35  -9354.050    
           1          45          53  -2371.308    
           1          46          30  -7918.996    
           1          46          35  -4664.132    
           1          46          51  -8411.788    
           1          46          52  -1041.795    
           1          46          53  -1711.724    
           1          47          30  -4182.592    
           1          47          31  -7706.974    
           1          47          32  -2348.109    
           1          47          35  -4365.068    
           1          47          50  -6865.863    
           1          47          51   816.9182    
           1          48          32  -4397.911    
           1          48          33   2365.652    
           1          48          35  -1205.620    
           1          48          36  -7606.749    
           1          48          49  -6491.331    
           1          48          50   999.1639    
           1          49          33  -12216.96    
           1          49          34  -696.3920    
           1          49          35  -70.46064    
           1          49          36  -81.73879    
           1          49          37  -5589.742    
           1          49          38  -7862.636    
           1          49          41  -40290.64    
           1          49          42  -42002.49    
           1          49          49  -2268.053    
           1          50          34   2598.256    
           1          50          35   1666.352    
           1          50          36   1461.546    
           1          50          37   1132.802    
           1          50          38   143.6596    
           1          50          39  -1731.151    
           1          50          40  -1496.812    
           1          50          41  -457.8607    
           1          50          42  -11530.75    
           1          50          43  -25811.71    
           1          50          49  -784.8619    
           1          51          43  -22918.68    
           1          51          48  -4646.928    
           1          51          49  -448.8004    
           1          52          43  -4556.057    
           1          52          48  -2413.876    
           1          52          49  -242.3725    
           1          52          50  -1426.140    
           1          53          43   408.7130    
           1          53          44  -1549.350    
           1          53          47  -3143.173    
           1          53          48  -27.63492    
           1          53          50  -61.55645    
           1          53          51  -19.58619    
           1          54          44   6082.126    
           1          54          45   5047.517    
           1          54          46  -349.6046    
           1          54          47   132.2929    
           1          54          51  -96.80540    
           1          54          52   3.884678    
           1          55          52  -166.5768    
           1          56          52   76.41074    
           1          56          53  -272.7281    
           1          56          54  -3109.544    
           1          57          53  -539.6442    
           1          57          54   1444.757    
           1          58          53  -544.3979    
           1          59          53  -535.8651    
           1          60          53  -802.0589    
           1          61          53  -306.1743    
           1          61          54  -257.9343    
           1          61          55  -543.0677    
           1          61          56   2534.108    
           1          62          56  -9300.173    
           1          63          56  -268.1881    
           1          63          57  -2182.908    
           1          64          56   60.29973    
           1          64          57   390.5383    
           1          65          56  -62.60300    
           1          66          56   22.09433    
           1          67          56  -75.25208    
           1          68          56   124.0068    
           1          68          57   120.6676    
           1          69          57   81.75228    
           1          70          57   344.5103    
           1          70          58   291.2852    
           1          71          58   225.4045    
           1          72          58   336.0109    
           1          73          54   124.2137    
           1          73          55   60.23100    
           1          73          56   308.8150    
           1          73          57   339.8419    
           1          73          58   319.3760    
           1          74          54   222.6223    
           1          75          54   36.06071    
           1          75          55   248.4648    
           1          76          54   93.67751    
           1          76          55   368.2416    
           1          77          53   4841.147    
           1          77          54   21.70826    
           1          78          53   588.5222    
           1          78          54   89.72057    
           1          78          55   197.4957    
           1          79          55   236.0842    
           1          79          56   355.4337    
           1          80          56   330.2699    
           1          81          56   336.0665    
           1          82          56   316.6167    
           1          83          56   270.3420    
           1          84          53   481.4804    
           1          84          54   300.1446    
           1          84          55  -11.66662    
           1          84          56   456.0537    
           1          85          53   214.3730    
           1          85          54  -170.2207    
           1          85          55   469.4955    
           1          86          53   429.9474    
           1          86          54   94.34731    
           1          87          54   170.5107    
           1          87          55   340.8851    
           1          88          55   133.9604    
           1          88          56   245.4668    
           1          88          57   335.8982    
           1          89          57   157.8592    
           1          90          56   51.01074    
           1          90          57   626.4142    
           1          91          54   144.6883    
           1          91          55   208.6936    
           1          91          56   271.4902    
           1          92          54   287.2831    
           1          93          54   461.8904    
           1          93          55   312.8884    
           1          93          56   228.4696    
           1          93          57   349.8840    
           1          94          57  -156.9372    
           1          94          58   1145.645    
           1          95          56   331.8676    
           1          95          57   252.2723    
           1          96          56   189.6488    
           1          96          57   237.2636    
           1          97          54   5097.960    
           1          97          55   213.9123    
           1          97          57  -63.08494    
           1          97          58   612.2905    
           1          98          54  -303.9097    
           1          98          55  -36.21913    
           1          98          56   180.8196    
           1          98          57   328.9519    
           1          98          58   650.7303    
           1          99          54  -113.0162    
           1          99          55  -37.38818    
           1         100          54   238.2278    
           1         100          55  -243.4439    
           1         101          55   1572.780    
           1         101          56   328.0958    
           1         101          57   358.4745    
           1         102          57   545.5844    
           1         102          58   286.7911    
           1         103          58   599.3603    
           1         103          59   912.2784    
           1         104          58   343.9254    
 
 year:        2014
 Layer, Row, Column, Rate
           1          25          17  -83826.24    
           1          25          18  -208499.8    
           1          26          18  -81963.63    
           1          26          19  -97384.11    
           1          27          19  -49017.80    
           1          27          20  -46385.53    
           1          28          20  -33040.15    
           1          28          21  -85054.38    
           1          29          21  -13685.18    
           1          29          22  -92341.22    
           1          30          22  -44028.05    
           1          31          22  -4893.291    
           1          31          23  -72024.14    
           1          32          22  -6312.381    
           1          32          23  -49731.96    
           1          33          22  -13270.43    
           1          34          22  -6480.558    
           1          34          23  -30497.76    
           1          35          23  -5536.460    
           1          35          24  -31264.85    
           1          36          23   2248.298    
           1          36          24  -4562.643    
           1          36          25  -21730.29    
           1          36          26  -44050.91    
           1          36          27  -62149.77    
           1          37          27  -46896.40    
           1          37          56  -55462.82    
           1          37          57  -220637.9    
           1          38          27  -27026.25    
           1          38          55  -131486.4    
           1          38          56  -88671.67    
           1          39          27  -20797.81    
           1          39          55  -61594.05    
           1          40          25   1942.334    
           1          40          26  -8164.573    
           1          40          27  -2076.667    
           1          40          55  -47650.00    
           1          41          25   2070.803    
           1          41          26  -4411.521    
           1          41          27  -12859.98    
           1          41          33  -87031.79    
           1          41          53  -87888.20    
           1          41          54  -38428.12    
           1          41          55  -19770.24    
           1          42          27  -2126.714    
           1          42          33  -17953.39    
           1          42          34  -56445.17    
           1          42          52  -18577.00    
           1          42          53  -1931.448    
           1          43          27   1073.435    
           1          43          28  -564.4415    
           1          43          34  -20841.65    
           1          43          52  -10994.84    
           1          44          28   1867.942    
           1          44          29  -9210.479    
           1          44          30  -6012.168    
           1          44          34  -2474.526    
           1          44          35  -43633.68    
           1          44          52  -15962.05    
           1          44          53  -2177.460    
           1          45          30  -8478.499    
           1          45          35  -7577.432    
           1          45          53  -2418.841    
           1          46          30  -7290.211    
           1          46          35  -3705.469    
           1          46          51  -6993.046    
           1          46          52  -1024.335    
           1          46          53  -3981.479    
           1          47          30  -4316.660    
           1          47          31  -7101.921    
           1          47          32  -580.4617    
           1          47          35  -3457.432    
           1          47          50  -5694.102    
           1          47          51   335.5460    
           1          48          32  -4302.729    
           1          48          33   2882.216    
           1          48          35  -937.5498    
           1          48          36  -6032.184    
           1          48          49  -5391.466    
           1          48          50   776.0447    
           1          49          33  -12244.93    
           1          49          34  -619.3342    
           1          49          35  -100.3056    
           1          49          36  -101.7834    
           1          49          37  -4483.363    
           1          49          38  -6390.349    
           1          49          41  -33314.66    
           1          49          42  -31045.35    
           1          49          49  -1871.917    
           1          50          34   2018.368    
           1          50          35   1512.952    
           1          50          36   1326.999    
           1          50          37   764.7023    
           1          50          38   137.2149    
           1          50          39  -1415.129    
           1          50          40  -1187.665    
           1          50          41  -371.8643    
           1          50          42  -10037.97    
           1          50          43  -20015.02    
           1          50          49  -535.3226    
           1          51          43  -19186.91    
           1          51          48  -3824.191    
           1          51          49  -561.3226    
           1          52          43  -3887.076    
           1          52          48  -2023.759    
           1          52          49  -245.6491    
           1          52          50  -1721.202    
           1          53          43   342.5307    
           1          53          44  -1329.684    
           1          53          47  -2629.234    
           1          53          48  -43.32869    
           1          53          50  -86.54655    
           1          53          51  -140.5105    
           1          54          44   5522.205    
           1          54          45   3898.951    
           1          54          46  -282.5349    
           1          54          47   74.05045    
           1          54          51  -121.9910    
           1          54          52  -112.3921    
           1          55          52  -185.7916    
           1          56          52   11.75062    
           1          56          53  -282.9009    
           1          56          54  -2992.707    
           1          57          53  -565.9984    
           1          57          54   2230.112    
           1          58          53  -522.9367    
           1          59          53  -463.6902    
           1          60          53  -639.2135    
           1          61          53  -320.6866    
           1          61          54  -235.0192    
           1          61          55  -247.1357    
           1          61          56   2300.819    
           1          62          56  -8998.263    
           1          63          56  -271.0416    
           1          63          57  -2197.445    
           1          64          56   52.62629    
           1          64          57   299.1049    
           1          65          56  -79.08026    
           1          66          56  0.6054904    
           1          67          56  -108.0960    
           1          68          56   20.45690    
           1          68          57   95.15300    
           1          69          57   60.24527    
           1          70          57   312.3459    
           1          70          58   270.4967    
           1          71          58   198.6777    
           1          72          58   309.2339    
           1          73          54   65.25072    
           1          73          55   32.83752    
           1          73          56   275.4487    
           1          73          57   315.3318    
           1          73          58   302.4537    
           1          74          54   178.7702    
           1          75          54   21.80840    
           1          75          55   223.0159    
           1          76          54   85.24751    
           1          76          55   349.9248    
           1          77          53   4362.916    
           1          77          54   10.72263    
           1          78          53   577.5064    
           1          78          54   75.13625    
           1          78          55   179.6091    
           1          79          55   204.7462    
           1          79          56   335.9933    
           1          80          56   300.0975    
           1          81          56   304.8924    
           1          82          56   289.2232    
           1          83          56   246.0428    
           1          84          53   437.1552    
           1          84          54   261.6885    
           1          84          55  -27.11576    
           1          84          56   433.4391    
           1          85          53   174.3210    
           1          85          54  -170.6259    
           1          85          55   427.4671    
           1          86          53   413.5875    
           1          86          54   70.32891    
           1          87          54   165.1479    
           1          87          55   295.7178    
           1          88          55   120.0521    
           1          88          56   215.9321    
           1          88          57   317.7280    
           1          89          57   143.4900    
           1          90          56   26.41766    
           1          90          57   604.6328    
           1          91          54   142.3650    
           1          91          55   173.0150    
           1          91          56   232.1263    
           1          92          54   258.0235    
           1          93          54   431.4373    
           1          93          55   266.6959    
           1          93          56   183.0643    
           1          93          57   312.7014    
           1          94          57  -180.8883    
           1          94          58   1091.803    
           1          95          56   280.9190    
           1          95          57   233.2687    
           1          96          56   141.5011    
           1          96          57   215.9595    
           1          97          54   4561.424    
           1          97          55   165.3911    
           1          97          57  -86.28835    
           1          97          58   568.9322    
           1          98          54  -690.1730    
           1          98          55  -36.83928    
           1          98          56   150.2147    
           1          98          57   308.6186    
           1          98          58   628.9839    
           1          99          54  -132.7967    
           1          99          55  -44.70504    
           1         100          54   189.7406    
           1         100          55  -267.3661    
           1         101          55   1492.836    
           1         101          56   246.5625    
           1         101          57   314.6628    
           1         102          57   425.4475    
           1         102          58   231.6160    
           1         103          58   474.1033    
           1         103          59   828.2943    
           1         104          58   221.7798    
 
 year:        2015
 Layer, Row, Column, Rate
           1          25          17  -131233.8    
           1          25          18  -323406.2    
           1          26          18  -130730.7    
           1          26          19  -151878.1    
           1          27          19  -81655.08    
           1          27          20  -72341.39    
           1          28          20  -59324.14    
           1          28          21  -134020.3    
           1          29          21  -28067.72    
           1          29          22  -149305.1    
           1          30          22  -73715.14    
           1          31          22  -10326.99    
           1          31          23  -122658.4    
           1          32          22  -11380.06    
           1          32          23  -83330.06    
           1          33          22  -29367.16    
           1          34          22  -14577.61    
           1          34          23  -49112.37    
           1          35          23  -11059.44    
           1          35          24  -55280.36    
           1          36          23   2844.364    
           1          36          24  -9802.137    
           1          36          25  -36457.22    
           1          36          26  -73596.69    
           1          36          27  -104373.2    
           1          37          27  -77950.97    
           1          37          56  -98884.28    
           1          37          57  -399991.3    
           1          38          27  -46447.50    
           1          38          55  -238347.4    
           1          38          56  -163097.7    
           1          39          27  -38237.70    
           1          39          55  -111386.7    
           1          40          25   524.4019    
           1          40          26  -11899.14    
           1          40          27  -6433.823    
           1          40          55  -89044.83    
           1          41          25   2924.882    
           1          41          26  -5791.771    
           1          41          27  -23774.10    
           1          41          33  -151027.9    
           1          41          53  -158943.4    
           1          41          54  -74048.86    
           1          41          55  -46526.54    
           1          42          27  -5576.587    
           1          42          33  -31571.54    
           1          42          34  -100633.6    
           1          42          52  -34748.17    
           1          42          53  -3849.820    
           1          43          27   1516.164    
           1          43          28  -8513.004    
           1          43          34  -36093.75    
           1          43          52  -21929.77    
           1          44          28   2638.357    
           1          44          29  -15802.83    
           1          44          30  -17276.22    
           1          44          34  -5796.675    
           1          44          35  -77298.06    
           1          44          52  -29881.12    
           1          44          53  -4459.042    
           1          45          30  -14347.40    
           1          45          35  -13801.61    
           1          45          53  -5101.778    
           1          46          30  -11482.30    
           1          46          35  -7005.553    
           1          46          51  -12901.54    
           1          46          52  -2251.973    
           1          46          53  -13014.74    
           1          47          30  -6746.190    
           1          47          31  -11586.18    
           1          47          32  -9067.146    
           1          47          35  -6553.605    
           1          47          50  -10553.55    
           1          47          51  -2238.812    
           1          48          32  -6082.025    
           1          48          33  -426.0845    
           1          48          35  -1882.551    
           1          48          36  -11425.95    
           1          48          49  -9717.389    
           1          48          50  -94.95708    
           1          49          33  -15091.67    
           1          49          34  -930.5269    
           1          49          35  -153.7736    
           1          49          36  -207.4271    
           1          49          37  -8347.629    
           1          49          38  -11772.57    
           1          49          41  -57893.90    
           1          49          42  -69532.48    
           1          49          49  -3509.331    
           1          50          34   1412.331    
           1          50          35   2087.323    
           1          50          36   1624.399    
           1          50          37   216.9551    
           1          50          38  -166.0000    
           1          50          39  -2699.671    
           1          50          40  -2463.702    
           1          50          41  -1105.953    
           1          50          42  -15402.81    
           1          50          43  -40386.36    
           1          50          49  -2902.074    
           1          51          43  -32708.22    
           1          51          48  -6837.436    
           1          51          49  -1175.618    
           1          52          43  -6456.321    
           1          52          48  -3615.819    
           1          52          49  -309.5592    
           1          52          50  -2726.883    
           1          53          43   236.8296    
           1          53          44  -2474.459    
           1          53          47  -4601.328    
           1          53          48  -195.1544    
           1          53          50  -239.3924    
           1          53          51  -374.0325    
           1          54          44   7799.835    
           1          54          45   1172.852    
           1          54          46  -913.4247    
           1          54          47  -214.6351    
           1          54          51  -417.5787    
           1          54          52  -467.1523    
           1          55          52  -512.6958    
           1          56          52  -638.2720    
           1          56          53  -513.8493    
           1          56          54  -4923.703    
           1          57          53  -1009.173    
           1          57          54  -895.3061    
           1          58          53  -932.4158    
           1          59          53  -988.3632    
           1          60          53  -1652.361    
           1          61          53  -940.2827    
           1          61          54  -547.2047    
           1          61          55  -2212.110    
           1          61          56   3249.787    
           1          62          56  -11548.54    
           1          63          56  -437.0386    
           1          63          57  -2991.762    
           1          64          56  -52.52862    
           1          64          57  -189.6789    
           1          65          56  -355.0633    
           1          66          56  -445.8414    
           1          67          56  -890.6895    
           1          68          56  -862.4327    
           1          68          57  -46.61822    
           1          69          57  -67.61153    
           1          70          57   287.8356    
           1          70          58   259.4529    
           1          71          58   183.1177    
           1          72          58   293.7195    
           1          73          54  -961.2415    
           1          73          55   14.35081    
           1          73          56   217.2254    
           1          73          57   285.2669    
           1          73          58   258.3478    
           1          74          54   68.91763    
           1          75          54   9.921804    
           1          75          55   29.09795    
           1          76          54   77.42556    
           1          76          55   234.9653    
           1          77          53   3675.787    
           1          77          54 -9.6101932E-02
           1          78          53   550.2183    
           1          78          54   66.47834    
           1          78          55   124.7706    
           1          79          55   185.3955    
           1          79          56   280.2994    
           1          80          56   192.6600    
           1          81          56   284.6565    
           1          82          56   266.3665    
           1          83          56   223.7459    
           1          84          53   617.4596    
           1          84          54   222.1748    
           1          84          55  -39.51223    
           1          84          56   407.5278    
           1          85          53   17.01612    
           1          85          54  -170.8337    
           1          85          55   399.9950    
           1          86          53   166.5658    
           1          86          54   54.24117    
           1          87          54  -414.8159    
           1          87          55   264.8922    
           1          88          55  -468.6949    
           1          88          56   136.7748    
           1          88          57   294.5981    
           1          89          57   5.924356    
           1          90          56  -478.5620    
           1          90          57   514.2650    
           1          91          54  -169.3045    
           1          91          55   98.86913    
           1          91          56   204.9746    
           1          92          54   61.23771    
           1          93          54  -107.8309    
           1          93          55   232.9330    
           1          93          56   152.6951    
           1          93          57   282.1300    
           1          94          57  -196.3794    
           1          94          58   924.4671    
           1          95          56   242.5785    
           1          95          57   211.4496    
           1          96          56   111.2277    
           1          96          57   197.6248    
           1          97          54   4292.504    
           1          97          55   134.9959    
           1          97          57  -99.19985    
           1          97          58   497.2694    
           1          98          54  -880.9926    
           1          98          55  -37.07754    
           1          98          56   13.62360    
           1          98          57  -59.33778    
           1          98          58  -420.2544    
           1          99          54  -142.7437    
           1          99          55  -84.59716    
           1         100          54   164.9505    
           1         100          55  -287.4174    
           1         101          55   1442.952    
           1         101          56   187.2301    
           1         101          57   255.5491    
           1         102          57   344.0048    
           1         102          58   157.9135    
           1         103          58   376.2186    
           1         103          59   799.7749    
           1         104          58   128.2533    
 
 year:        2016
 Layer, Row, Column, Rate
           1          25          17  -181214.0    
           1          25          18  -441537.5    
           1          26          18  -178051.0    
           1          26          19  -204592.4    
           1          27          19  -109842.8    
           1          27          20  -96631.84    
           1          28          20  -77996.05    
           1          28          21  -177759.2    
           1          29          21  -36591.19    
           1          29          22  -198660.2    
           1          30          22  -95055.32    
           1          31          22  -13198.24    
           1          31          23  -163077.0    
           1          32          22  -13655.38    
           1          32          23  -107582.4    
           1          33          22  -37452.41    
           1          34          22  -17916.21    
           1          34          23  -61543.00    
           1          35          23  -13759.01    
           1          35          24  -71776.28    
           1          36          23   2104.256    
           1          36          24  -12826.56    
           1          36          25  -46354.11    
           1          36          26  -95126.54    
           1          36          27  -136430.0    
           1          37          27  -101039.5    
           1          37          56  -126472.7    
           1          37          57  -518524.7    
           1          38          27  -60193.18    
           1          38          55  -303997.6    
           1          38          56  -212364.0    
           1          39          27  -49478.22    
           1          39          55  -142285.9    
           1          40          25  -1059.413    
           1          40          26  -13995.50    
           1          40          27  -8948.078    
           1          40          55  -115640.7    
           1          41          25   3440.173    
           1          41          26  -6757.086    
           1          41          27  -29774.32    
           1          41          33  -193968.1    
           1          41          53  -200010.0    
           1          41          54  -96261.17    
           1          41          55  -65425.38    
           1          42          27  -7502.000    
           1          42          33  -39163.94    
           1          42          34  -129522.8    
           1          42          52  -43337.71    
           1          42          53  -5254.720    
           1          43          27   1783.274    
           1          43          28  -13294.15    
           1          43          34  -45385.59    
           1          43          52  -27381.53    
           1          44          28   3103.171    
           1          44          29  -19779.21    
           1          44          30  -22189.19    
           1          44          34  -6983.985    
           1          44          35  -97881.30    
           1          44          52  -37207.50    
           1          44          53  -6559.706    
           1          45          30  -16809.08    
           1          45          35  -17172.48    
           1          45          53  -7724.940    
           1          46          30  -13441.73    
           1          46          35  -8704.244    
           1          46          51  -16096.94    
           1          46          52  -3968.129    
           1          46          53  -27954.74    
           1          47          30  -8247.492    
           1          47          31  -13549.80    
           1          47          32  -12221.81    
           1          47          35  -7968.268    
           1          47          50  -13156.26    
           1          47          51  -9833.199    
           1          48          32  -6888.586    
           1          48          33  -1884.022    
           1          48          35  -2320.764    
           1          48          36  -14207.45    
           1          48          49  -11935.08    
           1          48          50  -3774.750    
           1          49          33  -16412.20    
           1          49          34  -1025.509    
           1          49          35  -239.9357    
           1          49          36  -257.3916    
           1          49          37  -10284.80    
           1          49          38  -14466.24    
           1          49          41  -70535.95    
           1          49          42  -88417.47    
           1          49          49  -4726.337    
           1          50          34   828.0401    
           1          50          35   1823.820    
           1          50          36   1180.739    
           1          50          37  -267.4998    
           1          50          38  -324.9024    
           1          50          39  -3384.684    
           1          50          40  -3105.940    
           1          50          41  -1403.388    
           1          50          42  -17870.72    
           1          50          43  -50115.49    
           1          50          49  -6652.489    
           1          51          43  -39450.08    
           1          51          48  -8372.073    
           1          51          49  -3349.094    
           1          52          43  -7794.523    
           1          52          48  -4363.669    
           1          52          49  -433.9825    
           1          52          50  -7259.561    
           1          53          43   52.12016    
           1          53          44  -3080.156    
           1          53          47  -5576.775    
           1          53          48  -557.2726    
           1          53          50  -567.1563    
           1          53          51  -1315.924    
           1          54          44   6486.908    
           1          54          45  -3277.260    
           1          54          46  -1393.046    
           1          54          47  -892.9242    
           1          54          51  -1033.841    
           1          54          52  -1451.242    
           1          55          52  -1276.758    
           1          56          52  -2027.292    
           1          56          53  -921.4073    
           1          56          54  -13499.12    
           1          57          53  -1700.635    
           1          57          54  -5770.499    
           1          58          53  -1664.949    
           1          59          53  -1753.022    
           1          60          53  -2543.684    
           1          61          53  -2368.257    
           1          61          54  -1369.956    
           1          61          55  -6994.181    
           1          61          56   465.3412    
           1          62          56  -19407.68    
           1          63          56  -1029.870    
           1          63          57  -5722.527    
           1          64          56  -767.6681    
           1          64          57  -1110.656    
           1          65          56  -1516.811    
           1          66          56  -1607.736    
           1          67          56  -2228.708    
           1          68          56  -3101.024    
           1          68          57  -206.5622    
           1          69          57  -913.9735    
           1          70          57  -87.35679    
           1          70          58   245.6195    
           1          71          58   166.0246    
           1          72          58   277.8068    
           1          73          54  -2398.473    
           1          73          55  -29.95049    
           1          73          56   151.7595    
           1          73          57   233.3642    
           1          73          58   201.0797    
           1          74          54  -663.4831    
           1          75          54  -66.28124    
           1          75          55  -152.4541    
           1          76          54   33.74307    
           1          76          55   101.7259    
           1          77          53   699.0430    
           1          77          54  -21.28407    
           1          78          53   403.8299    
           1          78          54   54.03833    
           1          78          55   48.98429    
           1          79          55   162.4325    
           1          79          56   204.1133    
           1          80          56   95.42455    
           1          81          56   261.9154    
           1          82          56   233.7905    
           1          83          56   187.8334    
           1          84          53   570.6544    
           1          84          54   157.5658    
           1          84          55  -56.18093    
           1          84          56   361.0797    
           1          85          53  -322.2743    
           1          85          54  -171.4580    
           1          85          55   373.9169    
           1          86          53  -397.0143    
           1          86          54   39.64006    
           1          87          54  -1909.666    
           1          87          55   235.8566    
           1          88          55  -2363.852    
           1          88          56  -230.0156    
           1          88          57   247.3906    
           1          89          57  -428.4343    
           1          90          56  -1832.575    
           1          90          57   405.8589    
           1          91          54  -1846.207    
           1          91          55  -439.4037    
           1          91          56   113.7105    
           1          92          54  -239.7124    
           1          93          54  -878.1978    
           1          93          55   200.6599    
           1          93          56   125.3877    
           1          93          57   245.1855    
           1          94          57  -210.2002    
           1          94          58   756.7384    
           1          95          56   202.8206    
           1          95          57   178.3315    
           1          96          56   83.04452    
           1          96          57   173.3194    
           1          97          54   3931.483    
           1          97          55   106.5328    
           1          97          57  -111.6507    
           1          97          58   413.1324    
           1          98          54  -1128.537    
           1          98          55  -38.45871    
           1          98          56  -470.3457    
           1          98          57  -599.5804    
           1          98          58  -1800.799    
           1          99          54  -155.4752    
           1          99          55  -438.5943    
           1         100          54   138.3927    
           1         100          55  -346.0511    
           1         101          55   1397.040    
           1         101          56   93.68133    
           1         101          57   87.85090    
           1         102          57   272.0691    
           1         102          58   15.48838    
           1         103          58   320.7922    
           1         103          59   324.4794    
           1         104          58   35.70362    
 
 year:        2017
 Layer, Row, Column, Rate
           1          25          17  -157401.0    
           1          25          18  -381928.9    
           1          26          18  -151687.3    
           1          26          19  -174490.8    
           1          27          19  -90400.73    
           1          27          20  -81895.41    
           1          28          20  -60407.49    
           1          28          21  -148971.1    
           1          29          21  -26433.01    
           1          29          22  -164547.4    
           1          30          22  -75594.91    
           1          31          22  -9196.792    
           1          31          23  -131420.6    
           1          32          22  -9752.550    
           1          32          23  -85494.91    
           1          33          22  -25319.07    
           1          34          22  -11425.18    
           1          34          23  -48915.98    
           1          35          23  -9710.992    
           1          35          24  -55685.72    
           1          36          23   3119.497    
           1          36          24  -9161.615    
           1          36          25  -36219.97    
           1          36          26  -75604.38    
           1          36          27  -109068.0    
           1          37          27  -80702.12    
           1          37          56  -100609.0    
           1          37          57  -416706.4    
           1          38          27  -47073.85    
           1          38          55  -237933.8    
           1          38          56  -169371.7    
           1          39          27  -37192.39    
           1          39          55  -111615.3    
           1          40          25   23.09381    
           1          40          26  -11125.64    
           1          40          27  -5782.948    
           1          40          55  -90456.56    
           1          41          25   2947.566    
           1          41          26  -5892.143    
           1          41          27  -21718.01    
           1          41          33  -151588.7    
           1          41          53  -155181.6    
           1          41          54  -73560.12    
           1          41          55  -49319.00    
           1          42          27  -5013.325    
           1          42          33  -28066.61    
           1          42          34  -101049.3    
           1          42          52  -32941.93    
           1          42          53  -4139.143    
           1          43          27   1527.920    
           1          43          28  -7321.047    
           1          43          34  -34669.18    
           1          43          52  -20224.21    
           1          44          28   2658.812    
           1          44          29  -14625.35    
           1          44          30  -12254.78    
           1          44          34  -3350.760    
           1          44          35  -75794.34    
           1          44          52  -28549.08    
           1          44          53  -5495.387    
           1          45          30  -11376.15    
           1          45          35  -12413.10    
           1          45          53  -6545.709    
           1          46          30  -9716.451    
           1          46          35  -5741.164    
           1          46          51  -12551.17    
           1          46          52  -3491.033    
           1          46          53  -25567.02    
           1          47          30  -6715.934    
           1          47          31  -9486.795    
           1          47          32  -3299.214    
           1          47          35  -4885.456    
           1          47          50  -10248.83    
           1          47          51  -9942.113    
           1          48          32  -5645.979    
           1          48          33   3543.248    
           1          48          35  -1111.177    
           1          48          36  -10363.10    
           1          48          49  -9327.095    
           1          48          50  -4863.339    
           1          49          33  -14930.20    
           1          49          34  -697.2382    
           1          49          35  -185.0072    
           1          49          36  -201.6742    
           1          49          37  -7697.781    
           1          49          38  -10847.09    
           1          49          41  -54821.55    
           1          49          42  -63561.70    
           1          49          49  -3985.946    
           1          50          34   502.0619    
           1          50          35   1564.307    
           1          50          36   934.0670    
           1          50          37  -488.8997    
           1          50          38  -180.4028    
           1          50          39  -2622.811    
           1          50          40  -2280.624    
           1          50          41  -813.0755    
           1          50          42  -14263.51    
           1          50          43  -36954.89    
           1          50          49  -6380.509    
           1          51          43  -30966.21    
           1          51          48  -6560.007    
           1          51          49  -3598.924    
           1          52          43  -6233.232    
           1          52          48  -3314.451    
           1          52          49  -421.4922    
           1          52          50  -7816.255    
           1          53          43  -25.17999    
           1          53          44  -2330.577    
           1          53          47  -4341.118    
           1          53          48  -417.3491    
           1          53          50  -481.3866    
           1          53          51  -1411.679    
           1          54          44   370.4918    
           1          54          45  -6494.573    
           1          54          46  -1156.334    
           1          54          47  -726.5868    
           1          54          51  -683.6843    
           1          54          52  -1314.948    
           1          55          52  -885.7267    
           1          56          52  -1459.210    
           1          56          53  -718.6113    
           1          56          54  -16132.98    
           1          57          53  -1292.796    
           1          57          54  -4254.503    
           1          58          53  -1449.694    
           1          59          53  -1501.750    
           1          60          53  -1845.015    
           1          61          53  -1735.465    
           1          61          54  -843.3177    
           1          61          55  -6813.623    
           1          61          56   405.1945    
           1          62          56  -23189.99    
           1          63          56  -714.8062    
           1          63          57  -7375.168    
           1          64          56  -499.0505    
           1          64          57  -881.8812    
           1          65          56  -868.3549    
           1          66          56  -883.2344    
           1          67          56  -1185.614    
           1          68          56  -1564.776    
           1          68          57  -88.29769    
           1          69          57  -476.5483    
           1          70          57  -212.0981    
           1          70          58   226.2479    
           1          71          58   137.5626    
           1          72          58   255.9289    
           1          73          54  -2132.917    
           1          73          55  -190.8821    
           1          73          56   144.9882    
           1          73          57   192.7936    
           1          73          58   217.8852    
           1          74          54  -457.9396    
           1          75          54  -97.29489    
           1          75          55   82.42162    
           1          76          54   11.66021    
           1          76          55   193.5588    
           1          77          53  -349.2462    
           1          77          54  -37.69897    
           1          78          53   419.5559    
           1          78          54   38.72829    
           1          78          55   56.15584    
           1          79          55   133.9373    
           1          79          56   207.2403    
           1          80          56   200.2631    
           1          81          56   231.4366    
           1          82          56   199.9109    
           1          83          56   153.4158    
           1          84          53   340.3778    
           1          84          54   119.7248    
           1          84          55  -72.66434    
           1          84          56   321.2114    
           1          85          53   9.903301    
           1          85          54  -171.7330    
           1          85          55   344.1053    
           1          86          53   26.56822    
           1          86          54   26.41798    
           1          87          54  -546.5380    
           1          87          55   208.2281    
           1          88          55  -710.6514    
           1          88          56   15.45494    
           1          88          57   205.1124    
           1          89          57  -102.3823    
           1          90          56  -567.5797    
           1          90          57   454.8089    
           1          91          54  -585.7344    
           1          91          55  -142.1588    
           1          91          56   149.4015    
           1          92          54   54.33561    
           1          93          54   65.77451    
           1          93          55   168.1638    
           1          93          56   96.20411    
           1          93          57   209.6539    
           1          94          57  -224.7276    
           1          94          58   875.1962    
           1          95          56   163.6316    
           1          95          57   154.3045    
           1          96          56   39.65318    
           1          96          57   150.5752    
           1          97          54   3439.689    
           1          97          55   62.52280    
           1          97          57  -137.9533    
           1          97          58   408.3935    
           1          98          54  -1426.779    
           1          98          55  -38.53663    
           1          98          56  -128.6780    
           1          98          57  -10.80658    
           1          98          58  -138.0879    
           1          99          54  -171.1521    
           1          99          55  -239.0053    
           1         100          54   102.2400    
           1         100          55  -414.4677    
           1         101          55   1343.820    
           1         101          56  -11.36994    
           1         101          57   15.98104    
           1         102          57   197.7350    
           1         102          58  -88.21376    
           1         103          58   281.1169    
           1         103          59   275.8573    
           1         104          58  -46.51257    
 
 year:        2018
 Layer, Row, Column, Rate
           1          25          17  -148043.2    
           1          25          18  -361377.2    
           1          26          18  -147617.8    
           1          26          19  -167929.5    
           1          27          19  -92183.04    
           1          27          20  -79451.30    
           1          28          20  -67119.73    
           1          28          21  -146464.2    
           1          29          21  -32035.30    
           1          29          22  -162908.9    
           1          30          22  -80770.49    
           1          31          22  -11755.31    
           1          31          23  -133822.2    
           1          32          22  -12729.03    
           1          32          23  -90638.31    
           1          33          22  -33537.86    
           1          34          22  -16916.08    
           1          34          23  -53205.39    
           1          35          23  -12375.71    
           1          35          24  -60492.36    
           1          36          23   909.7448    
           1          36          24  -11322.59    
           1          36          25  -39992.17    
           1          36          26  -80099.83    
           1          36          27  -113276.0    
           1          37          27  -84737.95    
           1          37          56  -100088.4    
           1          37          57  -408278.6    
           1          38          27  -50902.52    
           1          38          55  -243743.8    
           1          38          56  -170706.5    
           1          39          27  -42297.28    
           1          39          55  -117431.0    
           1          40          25  -795.5214    
           1          40          26  -13101.71    
           1          40          27  -7447.870    
           1          40          55  -97968.08    
           1          41          25   3076.514    
           1          41          26  -6373.224    
           1          41          27  -26353.42    
           1          41          33  -164131.7    
           1          41          53  -166950.6    
           1          41          54  -83656.90    
           1          41          55  -57694.46    
           1          42          27  -6539.022    
           1          42          33  -34497.65    
           1          42          34  -109519.2    
           1          42          52  -37162.46    
           1          42          53  -4801.694    
           1          43          27   1594.763    
           1          43          28  -10797.04    
           1          43          34  -39449.22    
           1          43          52  -24037.63    
           1          44          28   2774.174    
           1          44          29  -17760.76    
           1          44          30  -19929.38    
           1          44          34  -6554.614    
           1          44          35  -84859.70    
           1          44          52  -32429.00    
           1          44          53  -6223.039    
           1          45          30  -16021.33    
           1          45          35  -15343.83    
           1          45          53  -7415.757    
           1          46          30  -12960.38    
           1          46          35  -8097.570    
           1          46          51  -14289.16    
           1          46          52  -4037.455    
           1          46          53  -29725.09    
           1          47          30  -8001.553    
           1          47          31  -13273.63    
           1          47          32  -11608.91    
           1          47          35  -7596.148    
           1          47          50  -11934.18    
           1          47          51  -13446.01    
           1          48          32  -6762.553    
           1          48          33  -3005.605    
           1          48          35  -2396.621    
           1          48          36  -13141.19    
           1          48          49  -10907.55    
           1          48          50  -6688.402    
           1          49          33  -16408.49    
           1          49          34  -1006.751    
           1          49          35  -270.9428    
           1          49          36  -300.9167    
           1          49          37  -9539.673    
           1          49          38  -13719.15    
           1          49          41  -64558.02    
           1          49          42  -78546.12    
           1          49          49  -4663.647    
           1          50          34   254.8561    
           1          50          35   1437.941    
           1          50          36   822.2286    
           1          50          37  -652.8329    
           1          50          38  -534.7894    
           1          50          39  -3265.282    
           1          50          40  -3283.974    
           1          50          41  -1920.320    
           1          50          42  -16982.22    
           1          50          43  -44957.93    
           1          50          49  -8632.175    
           1          51          43  -36349.12    
           1          51          48  -7565.726    
           1          51          49  -4789.780    
           1          52          43  -7472.743    
           1          52          48  -4246.743    
           1          52          49  -572.8071    
           1          52          50  -9630.583    
           1          53          43  -617.3040    
           1          53          44  -3440.226    
           1          53          47  -5276.085    
           1          53          48  -1032.099    
           1          53          50  -904.1633    
           1          53          51  -1777.736    
           1          54          44  -13633.73    
           1          54          45  -14316.08    
           1          54          46  -2238.709    
           1          54          47  -2236.678    
           1          54          51  -1302.057    
           1          54          52  -1747.693    
           1          55          52  -1410.265    
           1          56          52  -3089.899    
           1          56          53  -1005.992    
           1          56          54  -22666.12    
           1          57          53  -2255.679    
           1          57          54  -10316.84    
           1          58          53  -2523.481    
           1          59          53  -2743.961    
           1          60          53  -3513.065    
           1          61          53  -3377.273    
           1          61          54  -1473.963    
           1          61          55  -11088.51    
           1          61          56  -10439.14    
           1          62          56  -32573.53    
           1          63          56  -1160.558    
           1          63          57  -12093.38    
           1          64          56  -942.9330    
           1          64          57  -1822.597    
           1          65          56  -1532.042    
           1          66          56  -1579.484    
           1          67          56  -2011.065    
           1          68          56  -2649.055    
           1          68          57  -253.0691    
           1          69          57  -777.5984    
           1          70          57  -499.7893    
           1          70          58   212.8751    
           1          71          58   103.9954    
           1          72          58   238.8820    
           1          73          54  -2232.877    
           1          73          55  -611.1202    
           1          73          56   17.20207    
           1          73          57   180.1904    
           1          73          58   186.4904    
           1          74          54  -413.9448    
           1          75          54  -67.32020    
           1          75          55  -78.16477    
           1          76          54   29.38042    
           1          76          55   115.2870    
           1          77          53   432.7280    
           1          77          54  -39.50856    
           1          78          53   431.2658    
           1          78          54   30.34766    
           1          78          55   28.15488    
           1          79          55   116.0827    
           1          79          56   172.7313    
           1          80          56   107.4271    
           1          81          56   208.7571    
           1          82          56   181.6363    
           1          83          56   139.0730    
           1          84          53   283.2795    
           1          84          54   111.1629    
           1          84          55  -80.61924    
           1          84          56   308.3603    
           1          85          53  -67.49861    
           1          85          54  -171.5851    
           1          85          55   323.5909    
           1          86          53  -122.8600    
           1          86          54   16.96466    
           1          87          54  -1024.385    
           1          87          55   187.1775    
           1          88          55  -1277.875    
           1          88          56  -82.68332    
           1          88          57   190.3745    
           1          89          57  -240.5989    
           1          90          56  -977.1639    
           1          90          57   397.7118    
           1          91          54  -998.7930    
           1          91          55  -280.2470    
           1          91          56   128.3099    
           1          92          54  -38.10245    
           1          93          54  -201.4526    
           1          93          55   143.3865    
           1          93          56   76.58135    
           1          93          57   189.5425    
           1          94          57  -234.0720    
           1          94          58   749.3077    
           1          95          56   138.2230    
           1          95          57   148.2474    
           1          96          56   27.21661    
           1          96          57   139.7683    
           1          97          54   3190.513    
           1          97          55   49.86153    
           1          97          57  -137.7064    
           1          97          58   351.9899    
           1          98          54  -1567.142    
           1          98          55  -38.58898    
           1          98          56  -241.0289    
           1          98          57  -185.6542    
           1          98          58  -645.9579    
           1          99          54  -179.5939    
           1          99          55  -307.7410    
           1         100          54   83.35704    
           1         100          55  -445.9266    
           1         101          55   1311.010    
           1         101          56  -66.12824    
           1         101          57  -7.496927    
           1         102          57   148.4333    
           1         102          58  -106.4331    
           1         103          58   255.0222    
           1         103          59   238.2173    
           1         104          58  -96.78886    
 
 year:        2019
 Layer, Row, Column, Rate
           1          25          17  -177495.8    
           1          25          18  -428139.7    
           1          26          18  -170622.8    
           1          26          19  -194211.9    
           1          27          19  -101560.8    
           1          27          20  -90650.94    
           1          28          20  -67761.30    
           1          28          21  -163954.5    
           1          29          21  -29637.08    
           1          29          22  -179855.6    
           1          30          22  -82202.06    
           1          31          22  -10225.95    
           1          31          23  -142714.1    
           1          32          22  -10611.08    
           1          32          23  -91949.37    
           1          33          22  -28055.01    
           1          34          22  -12743.69    
           1          34          23  -52083.68    
           1          35          23  -10596.34    
           1          35          24  -59639.64    
           1          36          23   3057.125    
           1          36          24  -9987.147    
           1          36          25  -38607.21    
           1          36          26  -80454.89    
           1          36          27  -116084.0    
           1          37          27  -85640.69    
           1          37          56  -110538.8    
           1          37          57  -463170.6    
           1          38          27  -49866.11    
           1          38          55  -259448.7    
           1          38          56  -188086.1    
           1          39          27  -39243.14    
           1          39          55  -121733.3    
           1          40          25  -593.7839    
           1          40          26  -11583.96    
           1          40          27  -6169.061    
           1          40          55  -99512.62    
           1          41          25   3095.926    
           1          41          26  -6236.114    
           1          41          27  -22552.60    
           1          41          33  -159807.5    
           1          41          53  -166540.2    
           1          41          54  -80309.20    
           1          41          55  -56032.79    
           1          42          27  -5427.537    
           1          42          33  -28551.61    
           1          42          34  -106478.8    
           1          42          52  -34959.55    
           1          42          53  -4634.247    
           1          43          27   1604.827    
           1          43          28  -8409.245    
           1          43          34  -36050.77    
           1          43          52  -21336.30    
           1          44          28   2792.644    
           1          44          29  -15467.96    
           1          44          30  -12287.55    
           1          44          34  -2826.155    
           1          44          35  -79244.55    
           1          44          52  -30212.03    
           1          44          53  -6352.859    
           1          45          30  -11524.69    
           1          45          35  -12633.55    
           1          45          53  -7554.840    
           1          46          30  -10058.37    
           1          46          35  -5667.635    
           1          46          51  -13314.10    
           1          46          52  -4021.451    
           1          46          53  -31186.44    
           1          47          30  -7356.088    
           1          47          31  -9845.819    
           1          47          32  -3109.918    
           1          47          35  -4594.016    
           1          47          50  -10858.53    
           1          47          51  -12072.52    
           1          48          32  -5914.988    
           1          48          33   3685.628    
           1          48          35  -929.2960    
           1          48          36  -10523.44    
           1          48          49  -9813.308    
           1          48          50  -6045.305    
           1          49          33  -15529.62    
           1          49          34  -655.4513    
           1          49          35  -194.2613    
           1          49          36  -209.9698    
           1          49          37  -7870.458    
           1          49          38  -11167.82    
           1          49          41  -56346.88    
           1          49          42  -65357.34    
           1          49          49  -4300.104    
           1          50          34   2.575939    
           1          50          35   1213.280    
           1          50          36   543.4492    
           1          50          37  -1026.398    
           1          50          38  -324.1126    
           1          50          39  -2820.415    
           1          50          40  -2450.787    
           1          50          41  -944.2672    
           1          50          42  -14465.83    
           1          50          43  -37878.76    
           1          50          49  -7473.556    
           1          51          43  -32022.75    
           1          51          48  -6850.272    
           1          51          49  -4288.473    
           1          52          43  -6618.268    
           1          52          48  -3458.588    
           1          52          49  -466.0454    
           1          52          50  -9185.274    
           1          53          43  -376.2014    
           1          53          44  -2472.475    
           1          53          47  -4534.854    
           1          53          48  -519.3043    
           1          53          50  -563.9604    
           1          53          51  -1716.186    
           1          54          44  -10643.12    
           1          54          45  -10288.51    
           1          54          46  -1411.884    
           1          54          47  -991.7740    
           1          54          51  -744.6728    
           1          54          52  -1577.202    
           1          55          52  -980.8299    
           1          56          52  -1662.079    
           1          56          53  -789.9037    
           1          56          54  -20324.76    
           1          57          53  -1377.432    
           1          57          54  -5697.481    
           1          58          53  -1618.520    
           1          59          53  -1637.264    
           1          60          53  -1771.509    
           1          61          53  -1834.227    
           1          61          54  -873.6281    
           1          61          55  -9927.013    
           1          61          56  -10923.57    
           1          62          56  -34286.14    
           1          63          56  -689.5670    
           1          63          57  -14454.64    
           1          64          56  -484.9307    
           1          64          57  -4050.094    
           1          65          56  -1060.146    
           1          66          56  -965.1392    
           1          67          56  -1110.331    
           1          68          56  -1446.063    
           1          68          57  -154.0204    
           1          69          57  -494.3626    
           1          70          57  -544.8919    
           1          70          58   198.8793    
           1          71          58  -55.35225    
           1          72          58   194.9436    
           1          73          54  -2322.885    
           1          73          55  -679.9128    
           1          73          56  -229.1901    
           1          73          57   119.8969    
           1          73          58   199.9671    
           1          74          54  -474.2118    
           1          75          54  -94.95956    
           1          75          55   90.24060    
           1          76          54   11.51077    
           1          76          55   180.2336    
           1          77          53  -569.0505    
           1          77          54  -51.16602    
           1          78          53   406.5791    
           1          78          54   21.63178    
           1          78          55   32.13733    
           1          79          55   98.11958    
           1          79          56   172.3777    
           1          80          56   180.8597    
           1          81          56   185.5362    
           1          82          56   155.6352    
           1          83          56   113.5668    
           1          84          53   265.2305    
           1          84          54   91.57313    
           1          84          55  -92.52180    
           1          84          56   278.0141    
           1          85          53   28.75658    
           1          85          54  -172.0886    
           1          85          55   303.4246    
           1          86          53   159.3075    
           1          86          54   8.585914    
           1          87          54  -98.96455    
           1          87          55   168.6024    
           1          88          55  -176.9259    
           1          88          56   77.24419    
           1          88          57   158.0070    
           1          89          57  -25.20934    
           1          90          56  -203.4160    
           1          90          57   429.2936    
           1          91          54  -147.1328    
           1          91          55  -11.39081    
           1          91          56   109.2807    
           1          92          54   84.05456    
           1          93          54   205.4082    
           1          93          55   121.1745    
           1          93          56   57.92873    
           1          93          57   162.8574    
           1          94          57  -243.2632    
           1          94          58   828.7517    
           1          95          56   111.7438    
           1          95          57   130.0103    
           1          96          56   14.97897    
           1          96          57   123.4457    
           1          97          54   2830.232    
           1          97          55   37.24250    
           1          97          57  -138.1240    
           1          97          58   345.6972    
           1          98          54  -1761.607    
           1          98          55  -38.92225    
           1          98          56  -29.03693    
           1          98          57   79.81416    
           1          98          58   141.6205    
           1          99          54  -190.2782    
           1          99          55  -169.9023    
           1         100          54   62.22288    
           1         100          55  -401.8884    
           1         101          55   1279.511    
           1         101          56  -43.40884    
           1         101          57  -65.30515    
           1         102          57   103.8658    
           1         102          58  -159.7634    
           1         103          58   230.8426    
           1         103          59   188.1063    
           1         104          58  -143.6575    
 
 year:        2020
 Layer, Row, Column, Rate
           1          25          17  -122755.1    
           1          25          18  -295382.0    
           1          26          18  -119196.1    
           1          26          19  -132363.9    
           1          27          19  -70067.77    
           1          27          20  -61100.80    
           1          28          20  -47064.67    
           1          28          21  -109789.6    
           1          29          21  -20529.37    
           1          29          22  -118490.3    
           1          30          22  -56523.09    
           1          31          22  -7179.402    
           1          31          23  -91730.01    
           1          32          22  -8369.899    
           1          32          23  -61627.61    
           1          33          22  -19543.14    
           1          34          22  -9864.812    
           1          34          23  -36779.42    
           1          35          23  -7916.123    
           1          35          24  -38952.66    
           1          36          23   2593.375    
           1          36          24  -6991.940    
           1          36          25  -26406.53    
           1          36          26  -52557.62    
           1          36          27  -73203.78    
           1          37          27  -54389.38    
           1          37          56  -63318.39    
           1          37          57  -260999.8    
           1          38          27  -31382.85    
           1          38          55  -148946.1    
           1          38          56  -107523.9    
           1          39          27  -24513.95    
           1          39          55  -72029.76    
           1          40          25   986.4080    
           1          40          26  -9082.836    
           1          40          27  -2970.091    
           1          40          55  -59533.05    
           1          41          25   2388.637    
           1          41          26  -4954.049    
           1          41          27  -15082.09    
           1          41          33  -98389.45    
           1          41          53  -98135.42    
           1          41          54  -48840.96    
           1          41          55  -32105.31    
           1          42          27  -3024.129    
           1          42          33  -19564.92    
           1          42          34  -63665.61    
           1          42          52  -20545.83    
           1          42          53  -2907.171    
           1          43          27   1238.190    
           1          43          28  -2690.179    
           1          43          34  -22970.66    
           1          43          52  -12300.92    
           1          44          28   2154.640    
           1          44          29  -11016.43    
           1          44          30  -7758.998    
           1          44          34  -2445.454    
           1          44          35  -48411.63    
           1          44          52  -17667.10    
           1          44          53  -3957.509    
           1          45          30  -9731.391    
           1          45          35  -8191.083    
           1          45          53  -4587.440    
           1          46          30  -8661.368    
           1          46          35  -3902.073    
           1          46          51  -7819.839    
           1          46          52  -2373.413    
           1          46          53  -18510.78    
           1          47          30  -6220.308    
           1          47          31  -8739.578    
           1          47          32  -1764.399    
           1          47          35  -3505.626    
           1          47          50  -6392.839    
           1          47          51  -7254.810    
           1          48          32  -5422.990    
           1          48          33   3059.395    
           1          48          35  -945.0281    
           1          48          36  -6580.134    
           1          48          49  -5947.697    
           1          48          50  -3490.237    
           1          49          33  -14850.49    
           1          49          34  -646.9789    
           1          49          35  -188.5566    
           1          49          36  -176.7768    
           1          49          37  -4918.049    
           1          49          38  -7002.236    
           1          49          41  -36298.47    
           1          49          42  -35438.89    
           1          49          49  -2582.123    
           1          50          34  -158.2356    
           1          50          35   1089.698    
           1          50          36   461.9817    
           1          50          37  -1011.056    
           1          50          38  -220.0170    
           1          50          39  -1799.053    
           1          50          40  -1552.950    
           1          50          41  -598.8630    
           1          50          42  -10753.17    
           1          50          43  -22267.82    
           1          50          49  -4120.780    
           1          51          43  -20976.81    
           1          51          48  -4214.660    
           1          51          49  -2894.396    
           1          52          43  -4434.969    
           1          52          48  -2203.170    
           1          52          49  -390.9785    
           1          52          50  -6498.328    
           1          53          43  -254.8747    
           1          53          44  -1639.717    
           1          53          47  -2870.688    
           1          53          48  -379.1505    
           1          53          50  -445.9557    
           1          53          51  -1146.685    
           1          54          44  -5968.320    
           1          54          45  -7685.116    
           1          54          46  -872.8637    
           1          54          47  -711.5626    
           1          54          51  -590.8399    
           1          54          52  -1049.057    
           1          55          52  -729.9927    
           1          56          52  -1239.766    
           1          56          53  -609.1807    
           1          56          54  -14567.28    
           1          57          53  -1168.484    
           1          57          54  -3569.522    
           1          58          53  -1351.699    
           1          59          53  -1354.705    
           1          60          53  -1496.029    
           1          61          53  -1349.303    
           1          61          54  -666.1332    
           1          61          55  -8477.415    
           1          61          56  -7027.103    
           1          62          56  -31082.80    
           1          63          56  -531.8225    
           1          63          57  -13488.94    
           1          64          56  -281.5890    
           1          64          57  -4492.720    
           1          65          56  -845.5146    
           1          66          56  -693.0180    
           1          67          56  -768.9941    
           1          68          56  -771.8340    
           1          68          57  -195.4573    
           1          69          57  -281.2202    
           1          70          57  -227.3266    
           1          70          58   182.8148    
           1          71          58  -11.49058    
           1          72          58   150.6578    
           1          73          54  -1053.343    
           1          73          55  -389.1117    
           1          73          56  -95.57684    
           1          73          57   87.21030    
           1          73          58   192.3721    
           1          74          54  -175.2377    
           1          75          54  -60.77341    
           1          75          55   84.28955    
           1          76          54   27.86113    
           1          76          55   183.8591    
           1          77          53   79.00262    
           1          77          54  -51.80917    
           1          78          53   413.3284    
           1          78          54   12.93737    
           1          78          55   34.71850    
           1          79          55   78.73786    
           1          79          56   167.8873    
           1          80          56   163.7539    
           1          81          56   160.3268    
           1          82          56   136.8103    
           1          83          56   100.3765    
           1          84          53   263.2429    
           1          84          54   86.79900    
           1          84          55  -100.0868    
           1          84          56   268.5188    
           1          85          53   23.18389    
           1          85          54  -172.0194    
           1          85          55   282.7081    
           1          86          53   190.9330    
           1          86          54 -0.1974204    
           1          87          54  -3.384360    
           1          87          55   148.4039    
           1          88          55  -57.77560    
           1          88          56   85.52375    
           1          88          57   147.0375    
           1          89          57  -1.673510    
           1          90          56  -124.7474    
           1          90          57   429.7525    
           1          91          54  -47.68782    
           1          91          55   18.55145    
           1          91          56   88.72756    
           1          92          54   93.12170    
           1          93          54   224.2322    
           1          93          55   98.22446    
           1          93          56   38.70809    
           1          93          57   143.2326    
           1          94          57  -252.4890    
           1          94          58   808.5807    
           1          95          56   87.39896    
           1          95          57   127.1814    
           1          96          56   3.020590    
           1          96          57   114.4369    
           1          97          54   2489.119    
           1          97          55   24.92199    
           1          97          57  -137.9049    
           1          97          58   322.0978    
           1          98          54  -1958.892    
           1          98          55  -38.96749    
           1          98          56  -10.70666    
           1          98          57   105.7644    
           1          98          58   220.4798    
           1          99          54  -201.9462    
           1          99          55  -156.3264    
           1         100          54   36.45419    
           1         100          55  -398.6144    
           1         101          55   1244.614    
           1         101          56  -61.68853    
           1         101          57  -71.11178    
           1         102          57   59.40776    
           1         102          58  -163.5187    
           1         103          58   206.8865    
           1         103          59   165.8770    
           1         104          58  -185.1283    
 
 year:        2021
 Layer, Row, Column, Rate
           1          25          17  -116351.9    
           1          25          18  -282200.8    
           1          26          18  -114820.0    
           1          26          19  -128689.2    
           1          27          19  -69415.24    
           1          27          20  -60208.40    
           1          28          20  -48961.39    
           1          28          21  -109989.6    
           1          29          21  -22516.94    
           1          29          22  -120450.0    
           1          30          22  -59714.78    
           1          31          22  -8182.090    
           1          31          23  -96106.04    
           1          32          22  -9488.370    
           1          32          23  -65886.30    
           1          33          22  -22862.05    
           1          34          22  -11803.19    
           1          34          23  -39580.52    
           1          35          23  -9092.557    
           1          35          24  -42433.45    
           1          36          23   2735.774    
           1          36          24  -7862.437    
           1          36          25  -28648.85    
           1          36          26  -56484.79    
           1          36          27  -78482.27    
           1          37          27  -58362.48    
           1          37          56  -67848.34    
           1          37          57  -276718.6    
           1          38          27  -34146.57    
           1          38          55  -161773.5    
           1          38          56  -114647.0    
           1          39          27  -27480.19    
           1          39          55  -78147.86    
           1          40          25   1130.146    
           1          40          26  -9776.104    
           1          40          27  -3806.440    
           1          40          55  -64583.36    
           1          41          25   2519.798    
           1          41          26  -4979.092    
           1          41          27  -17274.25    
           1          41          33  -107979.5    
           1          41          53  -108118.5    
           1          41          54  -53945.05    
           1          41          55  -35472.18    
           1          42          27  -3604.305    
           1          42          33  -23341.30    
           1          42          34  -70740.27    
           1          42          52  -23105.65    
           1          42          53  -3129.806    
           1          43          27   1306.180    
           1          43          28  -4117.501    
           1          43          34  -26152.73    
           1          43          52  -14198.70    
           1          44          28   2272.951    
           1          44          29  -12313.31    
           1          44          30  -11179.27    
           1          44          34  -4180.083    
           1          44          35  -54866.23    
           1          44          52  -19892.79    
           1          44          53  -4081.160    
           1          45          30  -11431.33    
           1          45          35  -9931.197    
           1          45          53  -4731.285    
           1          46          30  -9778.980    
           1          46          35  -5087.198    
           1          46          51  -8734.588    
           1          46          52  -2461.048    
           1          46          53  -18293.59    
           1          47          30  -6709.262    
           1          47          31  -10175.75    
           1          47          32  -5294.692    
           1          47          35  -4899.189    
           1          47          50  -7170.973    
           1          47          51  -7497.756    
           1          48          32  -5997.364    
           1          48          33   1309.635    
           1          48          35  -1459.843    
           1          48          36  -8041.375    
           1          48          49  -6706.562    
           1          48          50  -3495.995    
           1          49          33  -15733.37    
           1          49          34  -802.7084    
           1          49          35  -193.1448    
           1          49          36  -188.8743    
           1          49          37  -5884.835    
           1          49          38  -8212.259    
           1          49          41  -41906.92    
           1          49          42  -44802.62    
           1          49          49  -2870.615    
           1          50          34  -279.6240    
           1          50          35   1017.333    
           1          50          36   387.3118    
           1          50          37  -1121.403    
           1          50          38  -275.6326    
           1          50          39  -2075.314    
           1          50          40  -1850.834    
           1          50          41  -696.1486    
           1          50          42  -12224.74    
           1          50          43  -27354.99    
           1          50          49  -4521.760    
           1          51          43  -24077.70    
           1          51          48  -4831.894    
           1          51          49  -2851.294    
           1          52          43  -4994.710    
           1          52          48  -2495.174    
           1          52          49  -423.3558    
           1          52          50  -6338.609    
           1          53          43  -266.4599    
           1          53          44  -1838.176    
           1          53          47  -3253.653    
           1          53          48  -466.6122    
           1          53          50  -528.9036    
           1          53          51  -1107.192    
           1          54          44  -7698.758    
           1          54          45  -9166.969    
           1          54          46  -1061.735    
           1          54          47  -895.7293    
           1          54          51  -707.4861    
           1          54          52  -1011.006    
           1          55          52  -784.3829    
           1          56          52  -1624.824    
           1          56          53  -603.5295    
           1          56          54  -14835.34    
           1          57          53  -1361.178    
           1          57          54  -4993.225    
           1          58          53  -1635.247    
           1          59          53  -1753.712    
           1          60          53  -2131.468    
           1          61          53  -1722.281    
           1          61          54  -745.4222    
           1          61          55  -8436.042    
           1          61          56  -6001.243    
           1          62          56  -29918.88    
           1          63          56  -569.3055    
           1          63          57  -12585.87    
           1          64          56  -347.5097    
           1          64          57  -4000.195    
           1          65          56  -906.6288    
           1          66          56  -801.6074    
           1          67          56  -933.5538    
           1          68          56  -1091.624    
           1          68          57  -196.7426    
           1          69          57  -363.4715    
           1          70          57  -314.0870    
           1          70          58   171.2695    
           1          71          58  -37.15493    
           1          72          58   102.8290    
           1          73          54  -1118.969    
           1          73          55  -428.2354    
           1          73          56  -127.9738    
           1          73          57   48.82433    
           1          73          58   189.3184    
           1          74          54  -181.0609    
           1          75          54  -41.19275    
           1          75          55   79.68851    
           1          76          54   39.50647    
           1          76          55   188.1941    
           1          77          53   637.1767    
           1          77          54  -49.42889    
           1          78          53   423.7911    
           1          78          54   8.661720    
           1          78          55   40.69418    
           1          79          55   67.73078    
           1          79          56   167.5126    
           1          80          56   151.0973    
           1          81          56   144.0876    
           1          82          56   125.3791    
           1          83          56   94.39665    
           1          84          53   250.3309    
           1          84          54   84.25459    
           1          84          55  -104.0177    
           1          84          56   265.3339    
           1          85          53   14.47769    
           1          85          54  -171.9672    
           1          85          55   270.3351    
           1          86          53   197.1328    
           1          86          54  -5.335108    
           1          87          54   2.953088    
           1          87          55   135.7401    
           1          88          55  -52.95499    
           1          88          56   78.57581    
           1          88          57   143.5159    
           1          89          57   2.367365    
           1          90          56  -122.4292    
           1          90          57   431.1495    
           1          91          54  -37.07211    
           1          91          55   16.48936    
           1          91          56   76.27066    
           1          92          54   96.28298    
           1          93          54   217.7218    
           1          93          55   83.56107    
           1          93          56   27.51462    
           1          93          57   130.4646    
           1          94          57  -257.5762    
           1          94          58   792.1902    
           1          95          56   71.13532    
           1          95          57   126.3004    
           1          96          56  -4.527223    
           1          96          57   109.6090    
           1          97          54   2331.432    
           1          97          55   17.23189    
           1          97          57  -137.7588    
           1          97          58   307.5446    
           1          98          54  -2047.756    
           1          98          55  -38.95567    
           1          98          56  -6.186487    
           1          98          57   113.7830    
           1          98          58   240.7768    
           1          99          54  -207.2397    
           1          99          55  -151.6630    
           1         100          54   24.65248    
           1         100          55  -397.7044    
           1         101          55   1226.970    
           1         101          56  -72.43395    
           1         101          57  -67.87626    
           1         102          57   36.85056    
           1         102          58  -160.0608    
           1         103          58   193.9462    
           1         103          59   154.6724    
           1         104          58  -208.9247    
 
 year:        2022
 Layer, Row, Column, Rate
           1          25          17  -79007.14    
           1          25          18  -194317.3    
           1          26          18  -76135.84    
           1          26          19  -88663.40    
           1          27          19  -44027.08    
           1          27          20  -41707.48    
           1          28          20  -28059.30    
           1          28          21  -75134.55    
           1          29          21  -10490.37    
           1          29          22  -79152.60    
           1          30          22  -36666.85    
           1          31          22  -3535.031    
           1          31          23  -58917.83    
           1          32          22  -5016.759    
           1          32          23  -40707.39    
           1          33          22  -8997.458    
           1          34          22  -4361.241    
           1          34          23  -25461.22    
           1          35          23  -4169.833    
           1          35          24  -24757.38    
           1          36          23   2073.805    
           1          36          24  -3540.438    
           1          36          25  -17874.09    
           1          36          26  -36088.81    
           1          36          27  -50689.51    
           1          37          27  -38712.30    
           1          37          56  -46539.61    
           1          37          57  -192784.1    
           1          38          27  -22037.52    
           1          38          55  -107760.4    
           1          38          56  -79217.62    
           1          39          27  -16327.37    
           1          39          55  -53254.06    
           1          40          25   1682.806    
           1          40          26  -7354.709    
           1          40          27  -964.2451    
           1          40          55  -44262.32    
           1          41          25   1910.092    
           1          41          26  -4279.857    
           1          41          27  -10073.30    
           1          41          33  -70956.83    
           1          41          53  -71948.66    
           1          41          54  -35945.42    
           1          41          55  -22167.31    
           1          42          27  -1395.024    
           1          42          33  -13985.97    
           1          42          34  -45208.54    
           1          42          52  -15110.48    
           1          42          53  -2196.596    
           1          43          27   990.1284    
           1          43          28   1067.503    
           1          43          34  -16777.95    
           1          43          52  -8958.331    
           1          44          28   1722.973    
           1          44          29  -7909.979    
           1          44          30  -2926.283    
           1          44          34  -1258.318    
           1          44          35  -34967.09    
           1          44          52  -13037.92    
           1          44          53  -3089.986    
           1          45          30  -7207.294    
           1          45          35  -5806.166    
           1          45          53  -3567.670    
           1          46          30  -6867.497    
           1          46          35  -2682.274    
           1          46          51  -5849.413    
           1          46          52  -1838.667    
           1          46          53  -14465.91    
           1          47          30  -5129.799    
           1          47          31  -6900.772    
           1          47          32   1520.624    
           1          47          35  -2396.043    
           1          47          50  -4785.822    
           1          47          51  -5648.732    
           1          48          32  -4503.868    
           1          48          33   2658.524    
           1          48          35  -592.1848    
           1          48          36  -4589.963    
           1          48          49  -4476.300    
           1          48          50  -2781.742    
           1          49          33  -13298.74    
           1          49          34  -517.0778    
           1          49          35  -187.2773    
           1          49          36  -163.3469    
           1          49          37  -3492.854    
           1          49          38  -5086.259    
           1          49          41  -27195.37    
           1          49          42  -21252.00    
           1          49          49  -1942.991    
           1          50          34  -342.3918    
           1          50          35   918.5537    
           1          50          36   296.2967    
           1          50          37  -1160.936    
           1          50          38  -207.1653    
           1          50          39  -1360.576    
           1          50          40  -1149.717    
           1          50          41  -456.4139    
           1          50          42  -8813.505    
           1          50          43  -14805.88    
           1          50          49  -3007.226    
           1          51          43  -16062.60    
           1          51          48  -3126.091    
           1          51          49  -2515.578    
           1          52          43  -3516.966    
           1          52          48  -1688.940    
           1          52          49  -368.9793    
           1          52          50  -5753.665    
           1          53          43  -250.0830    
           1          53          44  -1306.916    
           1          53          47  -2191.783    
           1          53          48  -350.3337    
           1          53          50  -422.0688    
           1          53          51  -983.2392    
           1          54          44  -5534.534    
           1          54          45  -7171.303    
           1          54          46  -691.0674    
           1          54          47  -662.0048    
           1          54          51  -560.0850    
           1          54          52  -887.5531    
           1          55          52  -658.1999    
           1          56          52  -1137.318    
           1          56          53  -550.5003    
           1          56          54  -12232.06    
           1          57          53  -1115.583    
           1          57          54  -1972.149    
           1          58          53  -1228.848    
           1          59          53  -1191.039    
           1          60          53  -1279.570    
           1          61          53  -1246.901    
           1          61          54  -599.8471    
           1          61          55  -7320.102    
           1          61          56  -3582.766    
           1          62          56  -27993.26    
           1          63          56  -508.9176    
           1          63          57  -11716.81    
           1          64          56  -254.4084    
           1          64          57  -3810.534    
           1          65          56  -759.0180    
           1          66          56  -618.5194    
           1          67          56  -699.9045    
           1          68          56  -677.9014    
           1          68          57  -212.3081    
           1          69          57  -275.8821    
           1          70          57  -222.0031    
           1          70          58   155.1179    
           1          71          58  -29.86414    
           1          72          58   104.6134    
           1          73          54  -1038.692    
           1          73          55  -390.7423    
           1          73          56  -108.6354    
           1          73          57   57.96302    
           1          73          58   180.4891    
           1          74          54  -174.3816    
           1          75          54  -49.22057    
           1          75          55   71.84203    
           1          76          54   34.37091    
           1          76          55   185.7072    
           1          77          53   350.7945    
           1          77          54  -50.99961    
           1          78          53   420.6700    
           1          78          54   2.536691    
           1          78          55   39.67411    
           1          79          55   52.94596    
           1          79          56   160.9125    
           1          80          56   134.6373    
           1          81          56   124.6438    
           1          82          56   109.6126    
           1          83          56   83.83044    
           1          84          53   234.4341    
           1          84          54   78.85011    
           1          84          55  -110.1690    
           1          84          56   257.1731    
           1          85          53   4.479406    
           1          85          54  -172.2102    
           1          85          55   255.0025    
           1          86          53   196.6340    
           1          86          54  -12.14923    
           1          87          54   5.009902    
           1          87          55   120.1473    
           1          88          55  -52.09682    
           1          88          56   69.35856    
           1          88          57   135.5662    
           1          89          57   2.358193    
           1          90          56  -122.3309    
           1          90          57   425.9991    
           1          91          54  -32.89184    
           1          91          55   11.35274    
           1          91          56   60.84881    
           1          92          54   93.64331    
           1          93          54   205.6141    
           1          93          55   66.19814    
           1          93          56   12.90752    
           1          93          57   113.2499    
           1          94          57  -264.7357    
           1          94          58   767.9103    
           1          95          56   51.40603    
           1          95          57   121.7642    
           1          96          56  -13.90819    
           1          96          57   102.4961    
           1          97          54   2045.770    
           1          97          55   7.535282    
           1          97          57  -137.9980    
           1          97          58   289.7538    
           1          98          54  -2210.817    
           1          98          55  -39.34890    
           1          98          56  -5.430539    
           1          98          57   117.2941    
           1          98          58   248.7249    
           1          99          54  -216.7995    
           1          99          55  -150.7701    
           1         100          54   4.668250    
           1         100          55  -398.4277    
           1         101          55   1201.338    
           1         101          56  -88.28520    
           1         101          57  -69.97320    
           1         102          57   7.657266    
           1         102          58  -163.4361    
           1         103          58   176.7950    
           1         103          59   139.4794    
           1         104          58  -237.6227    
 
 year:        2023
 Layer, Row, Column, Rate
           1          25          17  -58202.66    
           1          25          18  -145192.3    
           1          26          18  -57635.45    
           1          26          19  -67071.98    
           1          27          19  -33912.95    
           1          27          20  -31709.02    
           1          28          20  -22896.11    
           1          28          21  -57690.76    
           1          29          21  -9027.859    
           1          29          22  -60610.41    
           1          30          22  -30512.02    
           1          31          22  -3278.273    
           1          31          23  -44854.55    
           1          32          22  -5103.428    
           1          32          23  -33221.84    
           1          33          22  -8602.960    
           1          34          22  -4842.392    
           1          34          23  -21986.32    
           1          35          23  -3956.951    
           1          35          24  -19714.59    
           1          36          23   1801.291    
           1          36          24  -2903.591    
           1          36          25  -15018.17    
           1          36          26  -28614.57    
           1          36          27  -38640.18    
           1          37          27  -29959.38    
           1          37          56  -33829.71    
           1          37          57  -136806.7    
           1          38          27  -17007.29    
           1          38          55  -78429.24    
           1          38          56  -56570.91    
           1          39          27  -12581.78    
           1          39          55  -39673.08    
           1          40          25   1983.190    
           1          40          26  -6754.718    
           1          40          27  -294.4370    
           1          40          55  -32848.26    
           1          41          25   1659.087    
           1          41          26  -3851.046    
           1          41          27  -8403.823    
           1          41          33  -54677.32    
           1          41          53  -54494.61    
           1          41          54  -26973.54    
           1          41          55  -14670.52    
           1          42          27  -837.4158    
           1          42          33  -12118.49    
           1          42          34  -34054.82    
           1          42          52  -11577.60    
           1          42          53  -1646.981    
           1          43          27   860.0159    
           1          43          28   2131.147    
           1          43          34  -13669.35    
           1          43          52  -6790.813    
           1          44          28   1496.560    
           1          44          29  -6904.098    
           1          44          30  -2610.056    
           1          44          34  -1419.911    
           1          44          35  -27636.07    
           1          44          52  -10095.44    
           1          44          53  -2276.788    
           1          45          30  -7033.301    
           1          45          35  -4928.864    
           1          45          53  -2605.099    
           1          46          30  -6594.101    
           1          46          35  -2444.012    
           1          46          51  -4583.480    
           1          46          52  -1349.648    
           1          46          53  -9913.020    
           1          47          30  -4826.428    
           1          47          31  -6794.476    
           1          47          32   1316.579    
           1          47          35  -2358.839    
           1          47          50  -3791.950    
           1          47          51  -4035.258    
           1          48          32  -4495.901    
           1          48          33   2309.182    
           1          48          35  -678.0213    
           1          48          36  -3911.211    
           1          48          49  -3676.806    
           1          48          50  -1941.880    
           1          49          33  -13349.85    
           1          49          34  -546.0091    
           1          49          35  -188.2068    
           1          49          36  -157.5459    
           1          49          37  -2962.299    
           1          49          38  -4300.278    
           1          49          41  -23370.70    
           1          49          42  -16104.38    
           1          49          49  -1563.393    
           1          50          34  -377.8805    
           1          50          35   897.3493    
           1          50          36   292.4838    
           1          50          37  -1147.942    
           1          50          38  -189.5239    
           1          50          39  -1162.424    
           1          50          40  -993.1768    
           1          50          41  -395.7832    
           1          50          42  -8332.365    
           1          50          43  -12325.44    
           1          50          49  -2108.322    
           1          51          43  -14140.29    
           1          51          48  -2628.247    
           1          51          49  -2041.486    
           1          52          43  -3123.208    
           1          52          48  -1455.306    
           1          52          49  -353.5802    
           1          52          50  -4765.883    
           1          53          43  -222.1197    
           1          53          44  -1159.649    
           1          53          47  -1881.699    
           1          53          48  -334.2963    
           1          53          50  -406.4330    
           1          53          51  -761.8358    
           1          54          44  -4407.101    
           1          54          45  -6714.409    
           1          54          46  -598.2067    
           1          54          47  -631.2157    
           1          54          51  -543.4745    
           1          54          52  -665.0349    
           1          55          52  -574.9276    
           1          56          52  -1094.041    
           1          56          53  -471.9837    
           1          56          54  -9412.889    
           1          57          53  -1093.363    
           1          57          54  -503.2923    
           1          58          53  -1151.716    
           1          59          53  -1106.530    
           1          60          53  -1222.121    
           1          61          53  -1210.074    
           1          61          54  -532.3864    
           1          61          55  -5665.416    
           1          61          56   1296.076    
           1          62          56  -23060.75    
           1          63          56  -481.5060    
           1          63          57  -8794.979    
           1          64          56  -229.0659    
           1          64          57  -2576.911    
           1          65          56  -640.1831    
           1          66          56  -536.0513    
           1          67          56  -644.0434    
           1          68          56  -629.3698    
           1          68          57  -188.6619    
           1          69          57  -265.0813    
           1          70          57  -184.3024    
           1          70          58   142.1062    
           1          71          58  -23.02498    
           1          72          58   109.4278    
           1          73          54  -772.8146    
           1          73          55  -349.6742    
           1          73          56  -87.05692    
           1          73          57   68.64515    
           1          73          58   174.7430    
           1          74          54  -101.7159    
           1          75          54  -34.86650    
           1          75          55   66.81952    
           1          76          54   41.68880    
           1          76          55   185.9163    
           1          77          53   667.0498    
           1          77          54  -50.14242    
           1          78          53   423.3009    
           1          78          54  -1.125730    
           1          78          55   41.21592    
           1          79          55   42.91348    
           1          79          56   157.3082    
           1          80          56   123.0172    
           1          81          56   110.3211    
           1          82          56   98.02335    
           1          83          56   77.14114    
           1          84          53   222.3592    
           1          84          54   74.86573    
           1          84          55  -114.1596    
           1          84          56   252.3286    
           1          85          53  -3.002538    
           1          85          54  -172.1944    
           1          85          55   244.5352    
           1          86          53   197.4033    
           1          86          54  -16.62854    
           1          87          54   7.988638    
           1          87          55   109.1876    
           1          88          55  -50.00959    
           1          88          56   63.04816    
           1          88          57   131.1330    
           1          89          57   3.755371    
           1          90          56  -121.1605    
           1          90          57   422.8419    
           1          91          54  -27.79879    
           1          91          55   8.994561    
           1          91          56   50.11395    
           1          92          54   92.90810    
           1          93          54   195.6975    
           1          93          55   53.57706    
           1          93          56   3.225314    
           1          93          57   100.1728    
           1          94          57  -269.1914    
           1          94          58   748.8884    
           1          95          56   36.70795    
           1          95          57   118.6197    
           1          96          56  -20.51859    
           1          96          57   97.72847    
           1          97          54   1877.277    
           1          97          55  0.7603419    
           1          97          57  -137.9218    
           1          97          58   277.1968    
           1          98          54  -2307.286    
           1          98          55  -39.39834    
           1          98          56  -3.120735    
           1          98          57   121.6053    
           1          98          58   255.8197    
           1          99          54  -222.3823    
           1          99          55  -148.3775    
           1         100          54  -7.568952    
           1         100          55  -397.7690    
           1         101          55   1185.380    
           1         101          56  -97.25583    
           1         101          57  -67.75814    
           1         102          57  -10.78409    
           1         102          58  -162.9522    
           1         103          58   166.0795    
           1         103          59   130.5389    
           1         104          58  -256.1157    
 
